batch,interactions,recall_existing,precision_existing,ndcg_existing,hr_existing,mrr_existing,recall_new_content,precision_new_content,ndcg_new_content,hr_new_content,mrr_new_content,recall_overall_content,precision_overall_content,ndcg_overall_content,hr_overall_content,mrr_overall_content,n_new_users,pct_new_users,n_users_trained,id_resolution_emissions_mg,recovered_history_seed_emissions_mg,expand_embeddings_emissions_mg,gt_split_emissions_mg,scoring_emissions_mg,history_update_emissions_mg,apply_content_seeds_emissions_mg,batch_emissions_mg,update_emissions_mg,updated
1,1000,0.029757217847769028,0.004133858267716535,0.015606667803340453,0.04133858267716536,0.013160854893138356,0.009335624284077892,0.002061855670103093,0.006353497187920807,0.020618556701030927,0.00781786941580756,0.024113643558088,0.0035612535612535613,0.013049523787113371,0.03561253561253561,0.011684303350970019,194,0.27635327635327633,65679,11.7508706720833,47.37372930054034,150.42791845422616,12.12298945890884,20.631040004787366,11.667455755443513,12.737124942109038,266.7111285880986,514.7070007293252,True
2,2000,0.014603960396039605,0.0017821782178217822,0.008074136433824127,0.01782178217821782,0.006449002043061449,0.03424657534246575,0.005022831050228311,0.024739474724812353,0.0410958904109589,0.023610205117054434,0.020545580110497237,0.0027624309392265192,0.013115171082617526,0.024861878453038673,0.011640028939752696,205,0.28314917127071826,65679,12.04460721074491,49.132051557783996,156.61239347335305,12.117518734473201,14.77072431660658,11.678881392639639,13.868491660298409,270.2246683458998,512.2847365637011,True
3,3000,0.030243612596553768,0.00411764705882353,0.017929774423539713,0.0392156862745098,0.016448023653906005,0.023206751054852322,0.0025316455696202536,0.010935302294443444,0.02531645569620253,0.008825597749648383,0.028011034035130417,0.0036144578313253013,0.015710644711898727,0.03480589022757698,0.014029663628057201,207,0.27710843373493976,65679,11.739359641334701,41.658268293712304,159.72216283451556,11.779233466760203,15.22466283727323,11.725571093849918,12.949498926312105,264.798757093758,548.3950255588863,True
4,4000,0.014482284141726864,0.002549019607843137,0.006791056802665433,0.025490196078431372,0.0069195455960161835,0.024608843537414965,0.005238095238095239,0.014489485942712259,0.0380952380952381,0.014569160997732426,0.017435863965469228,0.003333333333333334,0.009036431968512424,0.029166666666666667,0.009150683421516754,179,0.24861111111111112,65679,11.730837703636219,39.86359386118311,150.9850882950611,11.838159099515373,14.764145787101151,11.740361834397614,12.96142065026172,253.88360723115628,552.2108626720307,True
5,5000,0.02262142381902861,0.002594810379241517,0.012803321480461939,0.02594810379241517,0.01002914805310015,0.03271585166204,0.005381165919282512,0.02195196258598705,0.053811659192825115,0.02362979571499751,0.025730619135315266,0.003453038674033149,0.01562120403092064,0.034530386740331494,0.014218297816364115,178,0.24585635359116023,65679,11.738230035737272,36.558220772174316,152.36190859247617,11.66570251053857,14.761862881762857,11.69150531166131,13.05332214836816,251.83075225271864,532.1759926121077,True
6,6000,0.029586834733893556,0.004201680672268907,0.015305026942515303,0.03991596638655462,0.012845971722022143,0.015330188679245283,0.0028301886792452833,0.009154538065992165,0.02358490566037736,0.009321653189577717,0.025193798449612403,0.0037790697674418604,0.013409818160795964,0.03488372093023256,0.011759989848652638,169,0.24563953488372092,65679,11.770860067033574,35.44047298343917,158.57748489117066,11.704339788492883,14.748461531336778,11.72127645818026,13.115051186064242,257.07794690571757,515.8843643804064,True
7,7000,0.021875,0.002916666666666667,0.010490244624605733,0.029166666666666667,0.007997685185185184,0.023727015558698727,0.004455445544554456,0.013871372465820962,0.039603960396039604,0.014823982398239824,0.022423544197737743,0.003372434017595308,0.01149169304678385,0.03225806451612903,0.010019550342130989,147,0.2155425219941349,65679,11.88762947672544,31.186586757406438,157.64504821116128,11.681115434507804,14.747945941444817,11.841656648315865,13.080323760399082,252.07030622996075,525.3349571408932,True
8,8000,0.034075573549257755,0.005060728744939271,0.018584126129458138,0.0465587044534413,0.018105359552727976,0.025396825396825397,0.0028571428571428576,0.01870083537251279,0.02857142857142857,0.017063492063492062,0.031486742424242424,0.004403409090909091,0.01861893996616478,0.041193181818181816,0.017794575216450215,151,0.21448863636363635,65679,11.773632743573327,31.915520326890498,171.92536219892955,11.838490972470272,15.839352425508178,11.87759946367009,13.08500601265427,268.25496414369616,525.1471669005681,True
9,9000,0.03624107850911974,0.004329896907216495,0.01753380929666511,0.04329896907216495,0.01254131893307151,0.022166034555415087,0.005752212389380531,0.01859999837973368,0.048672566371681415,0.02456278971765697,0.03176715455196468,0.004781997187060479,0.01787271046793585,0.0450070323488045,0.016362489674725963,160,0.2250351617440225,65679,11.798985035070368,36.24811740796357,154.54134760036538,11.66786566854719,14.855023025811542,11.686146981347568,13.19910463230909,253.9965903514147,535.9445737864733,True
10,10000,0.01922043010752688,0.00282258064516129,0.010354179720955497,0.02620967741935484,0.010307059651817716,0.02791461412151067,0.003448275862068966,0.01486120025624704,0.034482758620689655,0.012129564469465946,0.021745350500715306,0.0030042918454935624,0.011663085541648176,0.02861230329041488,0.01083634216681427,151,0.21602288984263232,65679,11.776560800214227,31.69223662446725,158.7192057752769,11.893985533379531,14.7323739999013,11.697485821768847,12.903296969441966,253.41514552445,543.1950502381251,True
11,11000,0.032327503363444164,0.004862579281183932,0.017338545292875422,0.048625792811839326,0.016465317628108326,0.024689542483660128,0.004583333333333333,0.013244433616682415,0.04583333333333333,0.014947089947089947,0.029756520739112932,0.004768583450210379,0.01596044318588198,0.047685834502103785,0.015954273247400876,152,0.2131837307152875,65679,11.716984843890623,32.80987723499815,150.76379717424842,11.664818380472536,14.84518589662566,11.675897980113065,12.86993007495671,246.34649158530513,571.1921217287814,True
12,12000,0.03407294286740927,0.0047430830039525695,0.017611425298997067,0.045454545454545456,0.01684704184704185,0.016188524590163934,0.003278688524590164,0.009113911990405503,0.03278688524590164,0.010535389018995575,0.02825454545454545,0.004266666666666667,0.01484690096926861,0.04133333333333333,0.014793650793650793,158,0.21066666666666667,65679,11.776618737156797,32.81746952130994,162.71833270084872,11.708757762542849,15.182359232316506,11.707515117928905,12.665400897957438,258.57645397006115,603.1159103212884,True
13,13000,0.033369252873563224,0.004741379310344828,0.018105966481089742,0.04525862068965517,0.016651272577996715,0.03303964757709251,0.004845814977973569,0.016898769332570483,0.039647577092511016,0.015859030837004403,0.033260974433188616,0.004775687409551375,0.017709390862111637,0.04341534008683068,0.016391013713734408,141,0.2040520984081042,65679,12.949514420523487,31.814563880492447,168.05706902978113,11.900726210834975,15.241684356169863,11.766830737613976,13.559166510343502,265.2895551457594,553.3800164047864,True
14,14000,0.031275720164609055,0.0049382716049382715,0.019529329823438846,0.047325102880658436,0.01900679338950944,0.03308333333333333,0.0055000000000000005,0.020305978527176992,0.05,0.020652777777777777,0.031802721088435376,0.00510204081632653,0.01975575801694851,0.048104956268221574,0.01948667221990837,122,0.17784256559766765,65679,11.82582928857881,27.324937144326128,153.56130845450497,11.70588479115775,14.786887296849848,11.762329530883713,13.999541693482387,244.9667181997836,544.8518642639337,True
15,15000,0.02661764705882353,0.004,0.013949508697227234,0.04,0.013698412698412698,0.030568720379146916,0.005687203791469194,0.015178705417507429,0.052132701421800945,0.012480252764612954,0.02792845911949686,0.004559748427672957,0.014357308238074908,0.0440251572327044,0.013294274732953977,124,0.1949685534591195,65679,11.734088461411163,27.006105156084786,153.00751075091566,11.733683138595921,14.431419557489958,11.755235340020487,13.05980233342989,242.72784473794786,611.3738083605731,True
16,16000,0.022579453067257945,0.0037694013303769406,0.011991162858386651,0.03547671840354767,0.010199556541019955,0.02814167879670063,0.0034934497816593887,0.015393066085556323,0.034934497816593885,0.012341443127469327,0.02445261437908497,0.003676470588235294,0.013136803798124675,0.03529411764705882,0.010920868347338936,138,0.20294117647058824,65679,11.783014559414024,29.754418270295027,157.82108581144198,11.67130023385643,14.73179744540011,11.695500657209202,12.410022954928781,249.86713993254557,548.4702582181592,True
17,17000,0.01837899543378995,0.003424657534246575,0.011659073057460246,0.0273972602739726,0.011976335435239543,0.031879578754578745,0.006153846153846154,0.02389469198799976,0.05384615384615385,0.029684065934065935,0.023407866011734207,0.0044412607449856745,0.016216753461386135,0.03724928366762178,0.018572338199845363,165,0.23638968481375358,65679,11.807675148852587,41.460265204693385,149.73219400874447,11.68686957112898,14.611885085875562,11.684362829120568,13.128398425571453,254.111650273987,581.4172563983564,True
18,18000,0.031046431046431046,0.004573804573804574,0.01894535829361272,0.04573804573804574,0.019093819093819093,0.033585552865213884,0.005084745762711865,0.019218668249579664,0.05084745762711865,0.01875,0.03188218104536096,0.004741980474198048,0.019035318055967247,0.04741980474198047,0.018980651302827035,125,0.17433751743375175,65679,11.888731384320991,29.763405779386147,164.86354967483115,11.78642221380012,14.704102513540123,11.700590785049258,12.525960067765949,257.2327624186937,547.1349755073462,True
19,19000,0.035298398835516734,0.00480349344978166,0.01981758774788925,0.048034934497816595,0.016201393221043876,0.046370967741935484,0.00564516129032258,0.021167350674710907,0.056451612903225805,0.0174555171530978,0.039187913125590175,0.0050991501416430595,0.020291725433231704,0.05099150141643059,0.01664193533881919,149,0.21104815864022664,65679,11.81299295651382,39.93844485081915,171.59127110997693,12.196115144276835,15.96737120855736,15.914811019424047,13.806063013205652,281.22706930277377,570.9918813733284,True
20,20000,0.027617994100294987,0.003539823008849558,0.013489028558015065,0.033185840707964605,0.011276162382357072,0.03175582990397805,0.006995884773662552,0.020285336214790648,0.05761316872427984,0.023056698673982624,0.02906474820143885,0.004748201438848921,0.015865291522902066,0.041726618705035974,0.015395112481443417,135,0.19424460431654678,65679,11.7471509377097,29.671879488431944,153.0824998665671,11.726353833292624,15.211642352359888,12.273225935707789,12.866760860825998,246.57951327489505,567.1802449305624,True
21,21000,0.038074398249452954,0.005032822757111597,0.021109931573305776,0.05032822757111598,0.018181897120627972,0.023008849557522124,0.003097345132743363,0.010569654067143984,0.030973451327433628,0.00933417614833544,0.03308931185944363,0.004392386530014641,0.017622226278441115,0.043923865300146414,0.015254247135652701,128,0.18740849194729137,65679,11.721126209042476,28.30059937015614,152.31428796463885,11.806538510048675,14.642071091783976,11.68227056029189,13.147229659879468,243.61412336584146,572.6057968072732,True
22,22000,0.018741355463347164,0.002904564315352697,0.010969391392206188,0.026970954356846474,0.011205789369689786,0.022424242424242426,0.0036363636363636364,0.014985161938697493,0.03636363636363636,0.017575757575757578,0.019895536562203227,0.003133903133903134,0.012227894982274688,0.029914529914529916,0.013202075702075702,125,0.17806267806267806,65679,11.767888896310058,26.848021525228972,152.62398852216447,11.724370854095111,14.770548917991677,11.687333742214228,12.413670812481264,241.83582327048578,575.1199699816286,True
23,23000,0.015822784810126583,0.0025316455696202536,0.009820799563813962,0.023206751054852322,0.010360156720916214,0.03138075313807531,0.0033472803347280337,0.015234648869612158,0.03347280334728033,0.011720462243474795,0.021037868162692847,0.002805049088359046,0.011635540074453188,0.02664796633941094,0.01081613571094637,144,0.20196353436185133,65679,12.372671026696091,33.28304415013,166.30266137749803,11.850338060941102,15.333831157860606,11.814650608493043,13.261082409947445,264.2182787915663,537.4043181514166,True
24,24000,0.022883597883597884,0.003373015873015873,0.011209324709657504,0.03373015873015873,0.009941893424036282,0.021994535519125686,0.0028688524590163933,0.008542297499832006,0.028688524590163935,0.005532786885245902,0.022593582887700532,0.0032085561497326204,0.010339331876505872,0.03208556149732621,0.00850362872421696,139,0.1858288770053476,65679,11.940004061995745,33.77611272566833,152.9402665464072,11.719690950550559,15.119218187378824,11.725864596998786,13.022677791806741,250.24383486080617,575.8308808000156,True
25,25000,0.0213953488372093,0.0030232558139534887,0.01278558606052378,0.030232558139534883,0.012272978959025472,0.035440613026819924,0.005363984674329502,0.017679208969366297,0.05363984674329502,0.016680350301039957,0.026700434153400867,0.003907380607814761,0.01463397329526748,0.03907380607814761,0.01393770243263731,156,0.22575976845151954,65679,11.777658386412371,38.30985329667316,160.92408980473982,11.696374825474754,15.016049016422507,11.73567020629207,12.81189099351307,262.2715865295277,596.7072604223072,True
26,26000,0.03900039354584809,0.005371900826446282,0.023049917212319276,0.05165289256198347,0.0215007215007215,0.0134004884004884,0.0029914529914529912,0.005793329350955927,0.029914529914529916,0.007336182336182336,0.030657248972012198,0.004596100278551532,0.017425903898170215,0.04456824512534819,0.016884423221470574,137,0.19080779944289694,65679,11.823609461558693,32.61648924055352,152.0288772060424,11.675453993095775,15.008470243198929,11.692234551507335,13.364104493686357,248.20923918964303,550.9318913899733,True
27,27000,0.02450491759702286,0.0035087719298245615,0.012214180568769897,0.03508771929824561,0.010354880256196047,0.028536089760579558,0.00489795918367347,0.014982772217038656,0.044897959183673466,0.013150307742144476,0.02591381514348704,0.003994293865905849,0.013181805324584227,0.03851640513552068,0.011331884156420533,114,0.16262482168330955,65679,11.952335171091372,27.314485223497304,158.30259948670934,11.782767885003958,15.010724473591559,11.821675259121589,13.463466054693118,249.64805355370822,551.8771174378192,True
28,28000,0.03665987780040733,0.004887983706720978,0.017745760558385643,0.04684317718940937,0.01437704070086962,0.044444444444444446,0.005485232067510549,0.026912852448590537,0.05485232067510549,0.024097515236755743,0.039194139194139194,0.005082417582417582,0.020730102286378168,0.04945054945054945,0.017541535845107273,129,0.1771978021978022,65679,11.73631247693152,35.71017905806828,151.478733784384,11.721319093539046,15.230029173349259,11.735945642726147,13.293822050678555,250.9063412796768,523.724218887054,True
29,29000,0.019131161236424395,0.0029473684210526317,0.011915052538827423,0.029473684210526315,0.01272765246449457,0.0257847533632287,0.004484304932735426,0.013056488073894871,0.04484304932735426,0.010799701046337817,0.021256879064901986,0.00343839541547278,0.01227972320404238,0.034383954154727794,0.012111702369582027,121,0.17335243553008595,65679,11.821067138012564,34.42907248452087,149.74924447885493,11.671101815522583,15.10215671396073,11.690321175140268,13.425884783545976,247.88884858955794,549.4854386132973,True
30,30000,0.02071969696969697,0.0031818181818181815,0.012001355700174469,0.031818181818181815,0.010410353535353536,0.024241077041906915,0.006224066390041495,0.014430970645314987,0.058091286307053944,0.01807778436409142,0.021965882868966568,0.004258443465491923,0.01286117537973227,0.041116005873715125,0.013123790877094841,116,0.17033773861967694,65679,11.804392229638333,32.5154656162889,165.02334920586932,12.007923565982015,20.645380256600205,11.78364084014269,14.052710733340746,267.8328624478622,554.0782833611881,True
31,31000,0.018611290670114196,0.003393665158371041,0.013301520107625262,0.03167420814479638,0.014472455648926234,0.02921985815602837,0.006808510638297873,0.01554993221966452,0.05106382978723404,0.014775413711583925,0.022293732855032704,0.004579025110782866,0.014081988122882609,0.03840472673559823,0.014577618344235776,120,0.17725258493353027,65679,11.801589395045442,34.19566528686108,160.83389478188312,11.691726138667729,15.008382148847671,11.675996781819464,13.703786001528078,258.91104053465256,531.3024363002676,True
32,32000,0.036156862745098044,0.004941176470588234,0.018326812643357275,0.047058823529411764,0.015738562091503268,0.03247316919191919,0.00546875,0.014884158288784456,0.05078125,0.01496310763888889,0.03477209688663434,0.005139500734214391,0.017032657702431224,0.048458149779735685,0.015447054984499917,133,0.19530102790014683,65679,12.148883982269348,38.00207885756856,161.8133034861323,11.817198765928099,15.047269381823074,11.812038526577695,13.403352027579334,264.0441250278784,568.53710192609,True
33,33000,0.0287381473377097,0.003938730853391685,0.01234488536158134,0.0350109409190372,0.009667083463582369,0.03806228373702422,0.005190311418685121,0.019099475354739874,0.04844290657439446,0.016165485802164002,0.032350312779267205,0.004423592493297587,0.014961609903166884,0.040214477211796246,0.012184561045150855,157,0.21045576407506703,65679,11.732725818038025,40.72473238166466,155.6110608507792,11.6781913566677,15.214569488448959,11.690482026253946,13.352537182903523,260.004299104756,562.0913887933905,True
34,34000,0.022138228941684664,0.004319654427645789,0.010608650351889006,0.03455723542116631,0.010350886214817102,0.028872001654259717,0.004032258064516129,0.013526288838940645,0.04032258064516129,0.013770481310803889,0.02448699917054347,0.004219409282700422,0.011626335787597596,0.03656821378340366,0.011543656374880003,121,0.170182841068917,65679,11.819969011776788,30.576976700138342,152.1537139703537,12.338790488588408,15.228432149901744,11.764129749184532,12.665490530146261,246.54750260008976,546.1379275806845,True
35,35000,0.022103766879886282,0.0027718550106609805,0.011098716216618197,0.02771855010660981,0.009579652756625038,0.018732782369146005,0.002892561983471074,0.009163470308592166,0.028925619834710745,0.010697887970615244,0.020956399437412097,0.0028129395218002813,0.010440024923028465,0.02812939521800281,0.009960261648025362,104,0.14627285513361463,65679,11.905452856543485,31.807244712953043,165.36930110331443,11.732045128293873,14.993892094247036,11.726544209500478,13.385470246082832,260.91995035093515,542.5370646994637,True
36,36000,0.030163385002094676,0.004377880184331798,0.014313994973248208,0.041474654377880185,0.011872759856630824,0.036731150793650795,0.006696428571428571,0.020109913815052245,0.06696428571428571,0.02128507653061224,0.032399220165177614,0.005167173252279636,0.0162870737279049,0.05015197568389058,0.015076952766922372,106,0.16109422492401215,65679,11.781071261027233,29.81922755650526,160.92181917464268,11.794832887788987,14.803901077973386,11.884160951190076,12.848651885794677,253.8536647949223,562.3748444439046,True
37,37000,0.02215363511659808,0.003497942386831276,0.014217728058700946,0.030864197530864196,0.01477153961721863,0.02092050209205021,0.003765690376569038,0.013372326739606593,0.03765690376569038,0.016543800225808595,0.02174712643678161,0.003586206896551724,0.01393903714109605,0.03310344827586207,0.01535577449370553,122,0.16827586206896553,65679,11.725046473728268,30.02895963902588,155.76892262800234,11.672877559015804,14.91736175627395,11.706639480548592,13.111184154025041,248.9309916906199,604.9781353154835,True
38,38000,0.024400954411615394,0.003837953091684435,0.013502190833006418,0.03837953091684435,0.012408197109689647,0.029868287740628167,0.005531914893617021,0.019022294492541957,0.0425531914893617,0.016950354609929077,0.02622598755411255,0.0044034090909090915,0.015344839071629786,0.03977272727272727,0.013924400252525252,103,0.14630681818181818,65679,11.744218554647635,27.72159100034033,159.65512272756234,11.694293963041002,15.038055851054889,11.774092820156929,12.765622165566981,250.3929970823701,551.009089531436,True
39,39000,0.022716406400616927,0.0032967032967032967,0.012359319374351951,0.03296703296703297,0.011284667713239141,0.03471690080885483,0.00574712643678161,0.01927415572544088,0.05363984674329502,0.018146019582801192,0.02709088830082656,0.004189944134078213,0.014879951060991912,0.040502793296089384,0.013785802961780615,111,0.15502793296089384,65679,11.756051638632526,28.02588295743383,164.61151978432522,11.73950134255447,15.585321670563701,11.734526049314574,13.281798337858032,256.73460178068234,551.4729763850257,True
40,40000,0.028927192318121044,0.005183585313174947,0.016002407137922472,0.04967602591792657,0.0165989577976619,0.032723577235772364,0.007317073170731709,0.01964068034531545,0.06504065040650407,0.022464188927603563,0.030244414729605134,0.005923836389280677,0.017264769915099724,0.05500705218617771,0.018634002731322902,113,0.15937940761636107,65679,11.756958710577859,29.24274003326954,165.05262526688574,11.753843240945583,15.363909607782333,11.822092018665131,12.456126529607204,257.4482954077334,587.3809460834461,True
41,41000,0.02986832986832987,0.0037422037422037424,0.013914225813616954,0.035343035343035345,0.009763884763884763,0.016564454064454063,0.002777777777777778,0.008961540007169503,0.027777777777777776,0.007242063492063492,0.025294555376410763,0.0034106412005457027,0.012211528919722336,0.03274215552523874,0.008896901188852075,120,0.16371077762619374,65679,11.724206672454606,29.208879251237107,160.37722119744552,11.718689414776106,14.960461064167374,11.719064022086556,13.669215648291766,253.37773727045902,580.5618218869338,True
42,42000,0.02072892938496583,0.002961275626423691,0.008141477955843539,0.02733485193621868,0.006317568789094985,0.02681297709923664,0.0038167938931297717,0.016432038289018788,0.03816793893129771,0.014084272385799103,0.023002853067047076,0.0032810271041369475,0.011240089663820592,0.03138373751783167,0.009220388107691959,124,0.1768901569186876,65679,11.752149924701417,32.362466262828015,171.3550368254643,11.716115672695537,15.059044594013804,11.768858955277238,12.93051654099181,266.9441887759721,547.7695580258443,True
43,43000,0.03248337028824833,0.004434589800443459,0.019846018657262796,0.04434589800443459,0.01910569105691057,0.021776406035665292,0.004938271604938272,0.013891316871920778,0.04526748971193416,0.02179273629890914,0.02873439000960614,0.004610951008645533,0.017761015006199237,0.0446685878962536,0.020046544073921597,100,0.1440922190201729,65679,11.745299375115481,27.38608405127019,166.59539384098616,11.874479852985731,15.00759876115615,11.702034076195577,13.238945618790353,257.5498355764996,535.3132498712929,True
44,44000,0.032563025210084036,0.004621848739495798,0.01965437470036947,0.046218487394957986,0.021731192476990794,0.027032520325203254,0.004878048780487806,0.015233959095320406,0.04878048780487805,0.01655374887082204,0.0306786703601108,0.004709141274238228,0.018148249715823666,0.04709141274238227,0.019967132744141053,110,0.1523545706371191,65679,11.801107487531548,29.495039450364025,154.9054025504759,16.088520991226762,14.90398466551246,11.686971186662676,12.790890072507388,251.67191640428078,630.5018328373116,True
45,45000,0.03853914447134786,0.0058111380145278455,0.02086840797591298,0.05811138014527845,0.02132960528844306,0.043013017879328035,0.006198347107438017,0.020334533254511747,0.06198347107438017,0.01885904499540863,0.04019208701292222,0.005954198473282444,0.02067115960556321,0.059541984732824425,0.02041681812674179,111,0.16946564885496182,65679,12.050092654466994,28.232075141833292,164.90516216995792,11.699043363976037,14.862198657872305,11.704453367018807,12.637872023851804,256.09089737897716,577.1356384920712,True
46,46000,0.03289637952559301,0.0056179775280898875,0.018276517397464526,0.05393258426966292,0.017423756019261636,0.04050464807436918,0.00597609561752988,0.019864273451818522,0.055776892430278883,0.017744893442104597,0.03564016602809706,0.005747126436781609,0.01884911333085943,0.05459770114942529,0.017539568509396097,112,0.16091954022988506,65679,12.117816092699352,32.90292946966922,187.54619061105842,11.773652768373722,15.130449231334776,11.69463233818141,13.632317259724969,284.79798777104185,616.9949215268853,True
47,47000,0.04264475743348983,0.005164319248826292,0.02187324252013471,0.051643192488262914,0.017963335568969372,0.03474903474903475,0.005405405405405405,0.016316723783780983,0.05019305019305019,0.012788809217380645,0.03965936739659367,0.005255474452554745,0.01977231061836009,0.051094890510948905,0.016006835824354075,108,0.15766423357664233,65679,11.785897707401737,31.1308589887177,167.02711733396907,11.738551673967645,14.946582515988627,11.85735905953611,13.668045518659689,262.1544127982406,565.4628252783344,True
48,48000,0.023953974895397488,0.0033472803347280337,0.012273521202374241,0.03347280334728033,0.011048847712027628,0.03128991060025542,0.005363984674329502,0.01679911031931317,0.04980842911877394,0.016803503010399564,0.026544880469102392,0.0040595399188092015,0.013871868644216002,0.03924221921515562,0.013081276714564941,104,0.14073071718538566,65679,11.810818345232843,30.991041599391643,168.07643701702983,11.677862245165759,15.212392746884184,11.677420529702943,12.6984828780069,262.1444553614141,586.3370601262296,True
49,49000,0.019293614881850177,0.0029411764705882357,0.01203775753518703,0.029411764705882353,0.013165266106442579,0.017295597484276733,0.0033962264150943396,0.010087474322283012,0.03018867924528302,0.01359538784067086,0.018544711614018543,0.003111739745403112,0.011306746147040544,0.0297029702970297,0.013326485709795468,113,0.15983026874115983,65679,11.821011743837207,30.091627075061467,171.8059901440888,11.86878912737277,15.141572423389704,11.70163901816762,13.874523739208778,266.30515327112636,574.3448463307807,True
50,50000,0.021983193277310922,0.0032941176470588237,0.012037042249906203,0.03294117647058824,0.011320261437908498,0.03474310776942356,0.006015037593984963,0.017548302561842328,0.05639097744360902,0.01601324740422485,0.026895114051409274,0.004341534008683068,0.014158598317887404,0.041968162083936326,0.013126823329428248,106,0.15340086830680175,65679,11.812491184856611,31.82622428150178,173.02502652660758,11.728490430587545,15.258765498661619,11.691740387217987,13.315254201395899,268.65799251082905,566.8268741647955,True
51,51000,0.021601382488479263,0.0034562211981566822,0.010141070443479413,0.03456221198156682,0.009072123473045132,0.035675787728026535,0.006716417910447761,0.018514502488830853,0.055970149253731345,0.014498933901918977,0.02697451725229503,0.0047008547008547015,0.013337765298399909,0.042735042735042736,0.011143897255008365,112,0.15954415954415954,65679,11.805515267325484,32.65180998153483,167.62483067751106,11.745516480934914,15.049823988130818,12.159453111802721,13.654636708444745,264.6915862156846,592.7152642027297,True
52,52000,0.04161447459986082,0.00605427974947808,0.019940941735534623,0.05845511482254697,0.01621847764854028,0.019262295081967213,0.0028688524590163933,0.013690032005941141,0.028688524590163935,0.01677400468384075,0.03407100046104195,0.0049792531120331955,0.017831367774233362,0.048409405255878286,0.016405958418406554,101,0.1396957123098202,65679,11.788290800174295,28.56290032593467,150.60052794229478,11.66638314086671,15.138081856318209,11.679874302200632,12.438774277055698,241.87483264484501,619.585529303586,True
53,53000,0.030881226053639847,0.003908045977011495,0.01599113191396737,0.03908045977011494,0.012332603539500091,0.040218178526163315,0.006844106463878327,0.02660773536511366,0.06463878326996197,0.029012010380831676,0.034399304134261156,0.00501432664756447,0.019991370750144268,0.04871060171919771,0.01861725110292445,111,0.15902578796561603,65679,11.798700930383543,33.322690135048624,154.93772525837502,11.700449416437998,15.224802692316574,11.681570167718093,12.593430447939424,251.2593690482193,586.4943162885855,True
54,54000,0.023662830060934323,0.0042654028436018955,0.013382633096063246,0.04265402843601896,0.014859324456480855,0.04090501792114695,0.0072580645161290334,0.02547351791904616,0.07258064516129033,0.02979710701484895,0.030045013030087657,0.0053731343283582094,0.017858065090241997,0.05373134328358209,0.02038853352286188,94,0.14029850746268657,65679,11.967037434917893,28.548147527666934,171.43511883699335,11.706046943116277,15.30555627397845,11.752140589064986,13.668899494077847,264.3829470998158,567.9051391477146,True
55,55000,0.023940058479532164,0.0035087719298245615,0.013745166306154947,0.03508771929824561,0.01209708298524088,0.020191878625613568,0.0036144578313253017,0.00882645789444317,0.0321285140562249,0.007563587684069612,0.022616233254531125,0.0035460992907801418,0.012007920356486533,0.03404255319148936,0.01049589102780592,88,0.12482269503546099,65679,11.823890504650269,24.04125807985158,157.42823781449837,11.723554738954366,15.337974267844167,11.710358588344628,13.170731763219312,245.2360057573627,544.3903011520465,True
56,56000,0.02368421052631579,0.003157894736842105,0.014483284161657216,0.031578947368421054,0.01404344193817878,0.05125482625482625,0.008108108108108109,0.03307192179692959,0.0694980694980695,0.03241557884415027,0.03341280653950954,0.004904632152588556,0.02104249008473016,0.04495912806539509,0.02052625318974093,101,0.13760217983651227,65679,11.8125470455685,30.45031795791131,161.58469217848747,12.082253241854634,15.268972887325095,11.773517688752621,12.729751132457833,255.7020521323575,661.0253979847936,True
57,57000,0.022738876732312178,0.003719912472647703,0.014016114849869574,0.037199124726477024,0.016046681254558715,0.02586206896551724,0.0034482758620689655,0.013653212337153104,0.03103448275862069,0.011718664477285166,0.02395136099955377,0.0036144578313253013,0.013875229001559299,0.03480589022757698,0.014366460551199505,109,0.1459170013386881,65679,11.84746447404489,33.74557636620645,168.81928116480037,11.674474828894665,15.1896653561856,11.685887198527311,13.014490236135101,265.97683962479437,540.9709191341872,True
58,58000,0.02915681639085894,0.003782505910165485,0.019193674758960607,0.037825059101654845,0.01848568426582611,0.029522065236350953,0.005128205128205128,0.018144305868622212,0.047619047619047616,0.0214997964997965,0.02930008210180624,0.004310344827586208,0.01878206885800891,0.041666666666666664,0.019667943805874843,110,0.15804597701149425,65679,11.7322552427232,31.365306201659727,161.86944230722756,11.71075162056251,15.71184310784901,11.6926470088638,13.365160714859382,257.4474062037452,595.9472591703096,True
59,59000,0.027393617021276597,0.0038297872340425534,0.017494391636447674,0.036170212765957444,0.01806399864910503,0.026423324150596877,0.004545454545454546,0.014213208711316727,0.04132231404958678,0.013349403122130395,0.027063826466916355,0.0040730337078651695,0.01637915811414193,0.037921348314606744,0.01646156589976815,73,0.10252808988764045,65679,11.762622588555594,25.728204320604743,157.82283229381216,11.75458298249138,15.194684661830326,11.795318253619847,13.456372228638768,247.5146173295528,611.3639198319296,True
60,60000,0.02967836257309941,0.004605263157894737,0.01714796852811922,0.046052631578947366,0.017221003898635477,0.017948717948717947,0.0026923076923076926,0.011952731206600247,0.023076923076923078,0.01233974358974359,0.02541899441340782,0.003910614525139665,0.015261429835947528,0.03770949720670391,0.015448479205462445,119,0.16620111731843576,65679,11.764006281285432,35.28118212239861,165.08523625915345,11.700341572759566,15.872254849218226,11.744361245243084,13.072190262024275,264.5195725920826,701.8468260008709,True
61,61000,0.03409090909090909,0.004090909090909091,0.017563756830716613,0.04090909090909091,0.01367063492063492,0.03289473684210526,0.005263157894736843,0.01359431077359769,0.05263157894736842,0.010160818713450292,0.03364022662889518,0.00453257790368272,0.016068186503246876,0.0453257790368272,0.012348239579117765,89,0.12606232294617564,65679,11.919060909033885,31.7403605997052,190.63800146353753,11.903607751856393,15.253641540036167,11.69540244388978,13.39518747776186,286.54526218582083,526.1786670745574,True
62,62000,0.03371369294605809,0.003734439834024897,0.016664728204763897,0.03734439834024896,0.012698412698412697,0.02453531598513011,0.0055762081784386614,0.01574155394760814,0.040892193308550186,0.01896353336873783,0.030426098535286286,0.004394141145139813,0.016334057265782673,0.03861517976031957,0.014942510515080422,85,0.11318242343541944,65679,11.780648968021112,28.030324937332317,159.61147587637697,11.75147287437589,16.2883718168097,11.716576065724793,12.81658530418589,251.99545584282663,614.9411369719485,True
63,63000,0.02468522200132538,0.0031809145129224653,0.015190961081139636,0.02982107355864811,0.014399318375461517,0.01751207729468599,0.002173913043478261,0.007967168750930054,0.021739130434782608,0.005986887508626639,0.022143774069319642,0.00282413350449294,0.012631568676598115,0.026957637997432605,0.01141879087963812,105,0.13478818998716302,65679,11.860637342264724,31.91720831655781,159.98938876535945,11.842368071002252,15.708573191851317,11.68658247258092,13.104306602763904,256.1090647623804,660.7037713792022,True
64,64000,0.02496556473829201,0.003512396694214876,0.013162969517135205,0.03305785123966942,0.011558769513314967,0.02697841726618705,0.005035971223021583,0.01208667656289062,0.04316546762589928,0.01026036313806098,0.025699912510936132,0.004068241469816274,0.012770306208368807,0.03674540682414698,0.011085072699245926,90,0.11811023622047244,65679,11.83200119447142,30.023877702768655,157.04325969993772,11.746570029967652,15.210574612775641,11.699646457689894,11.902455965578929,249.4583856631899,584.6190031485593,True
65,65000,0.03930765854728988,0.00576036866359447,0.02277411592684213,0.0576036866359447,0.023163082437275984,0.025597269624573378,0.00477815699658703,0.016818600113919228,0.04778156996587031,0.019410585622189717,0.03378201349315517,0.0053645116918844575,0.020373887408016256,0.05364511691884457,0.02165072815004039,97,0.13342503438789546,65679,11.725381707121397,30.24657536730008,163.46417374279304,11.735511608289285,15.040831503061735,11.78353671603405,13.311910666537196,257.30792131113674,563.0064819163726,True
66,66000,0.04193093727977449,0.004862579281183933,0.02040938721245235,0.046511627906976744,0.01429662069196953,0.05310770540655598,0.0072796934865900385,0.027487345559868627,0.07279693486590039,0.02248677248677249,0.04590523766273085,0.005722070844686649,0.022926208913645333,0.055858310626702996,0.01720892262445396,99,0.13487738419618528,65679,11.7526220174205,30.339173601894032,156.11546463140112,12.052179424806852,15.361130811714085,11.815465431830319,13.766529299408248,251.20256521847517,592.8972816294508,True
67,67000,0.02485609628466771,0.0037362637362637367,0.011976545858546817,0.035164835164835165,0.009257805686377114,0.028697251258226867,0.004878048780487806,0.014671812388558327,0.044715447154471545,0.013604981287908118,0.026204062224033695,0.004136947218259629,0.012922388321289799,0.03851640513552068,0.010783348051536353,64,0.0912981455064194,65679,11.79583957483521,22.398147792271338,159.26311558231433,11.741309494495145,15.37882288388942,11.738691597450169,13.46736953768829,245.78329646294387,591.9255563109834,True
68,68000,0.032534246575342464,0.0045662100456621,0.014424477922022644,0.04337899543378995,0.012188338044502426,0.03807378807378807,0.006177606177606178,0.02270444420304483,0.05405405405405406,0.02308022308022308,0.03459269886816515,0.005164992826398852,0.017501251618987843,0.047345767575322814,0.01623568126437567,82,0.11764705882352941,65679,11.870764506052844,27.089944769596862,173.30757206463628,11.873459207806247,15.44859273055338,11.705888375193595,14.281675271038408,265.57789692487756,612.8836282800129,True
69,69000,0.030217810862972153,0.004218362282878412,0.017732164451271987,0.04218362282878412,0.017358895584702036,0.027729885057471263,0.00413793103448276,0.012267584122915457,0.041379310344827586,0.010611658456486043,0.029176687510020838,0.004184704184704185,0.015445399234499413,0.04184704184704185,0.014535376440138345,98,0.1414141414141414,65679,11.937109097984177,30.627667070341758,169.81584566938545,12.296961490305957,15.12037800376065,11.833560969835844,12.540970660862572,264.1724929624764,602.2794261589179,True
70,70000,0.035778321108394455,0.004889975550122249,0.0204874615783398,0.0488997555012225,0.020035316490084217,0.03788927335640138,0.00657439446366782,0.02307558590039755,0.06228373702422145,0.02610534409842368,0.0366523400191022,0.005587392550143267,0.02155904886927775,0.054441260744985676,0.02254855141674626,93,0.1332378223495702,65679,11.77055349693007,27.82419426682059,162.39007657168486,11.663759050685451,15.012965473827633,11.798449328290218,13.660161039409646,254.12015922764846,663.2723039388388,True
71,71000,0.032519068233353945,0.004081632653061225,0.015188435142911377,0.03854875283446712,0.011238887089227224,0.03717348927875244,0.006666666666666667,0.0188685841762246,0.056140350877192984,0.01586605402394876,0.03434621699084509,0.00509641873278237,0.016633121746897975,0.045454545454545456,0.013055336918973282,95,0.13085399449035812,65679,12.070748100667661,30.188147989641813,179.23006383242097,11.861130412203769,15.752099256388652,11.844842959622682,13.498894136002026,274.4459266869476,563.5134930980779,True
72,72000,0.039760348583877995,0.004793028322440087,0.018599005543411155,0.04793028322440087,0.014387730400802297,0.020755885997521685,0.0026022304832713757,0.00922870842371915,0.026022304832713755,0.006033516256564584,0.03273809523809524,0.003983516483516484,0.015136629272535949,0.03983516483516483,0.011300802372230944,86,0.11813186813186813,65679,11.759073882969261,27.003625596488945,169.0677720125877,16.788751043744774,14.979034498131815,11.673948148813174,12.703459242625891,263.9756644253616,583.0163335405897,True
73,73000,0.03430316091954023,0.004525862068965518,0.0189952208143178,0.04525862068965517,0.016576012588943624,0.01434108527131783,0.0031007751937984496,0.01012833810951652,0.027131782945736434,0.01218776916451335,0.02716989843028624,0.004016620498614959,0.0158267225624636,0.038781163434903045,0.01500791452314998,75,0.1038781163434903,65679,11.780807395785075,24.969432759536225,158.31021582135563,11.70614570345646,15.119710921406016,11.704458618491675,12.648401569094469,246.23917278912555,570.0315229127118,True
74,74000,0.033030990173847315,0.004761904761904762,0.019051974545752984,0.045351473922902494,0.01588471367382932,0.025896414342629483,0.0051792828685258965,0.020469597097195282,0.043824701195219126,0.025940681717574146,0.03044315992292871,0.004913294797687861,0.01956617000877613,0.044797687861271675,0.019532181851546017,80,0.11560693641618497,65679,11.765107594624569,26.015752020942806,148.30354026925536,11.711485045244608,14.95555782620589,11.782710848354249,13.733777397904879,238.26793100253238,612.8973301169974,True
75,75000,0.03757575757575758,0.005454545454545455,0.02155560644780006,0.05454545454545454,0.019200036075036075,0.01958333333333333,0.0032142857142857142,0.009735349034164375,0.02857142857142857,0.00794642857142857,0.0305787037037037,0.004583333333333333,0.016958839675830624,0.044444444444444446,0.014823633156966491,92,0.12777777777777777,65679,11.986307830190446,30.784076743367585,170.21773811786574,11.756153785284774,15.125352651801371,11.850959303442988,14.160353559264372,265.88094199121724,563.0399311812862,True
76,76000,0.03297258297258297,0.004761904761904762,0.019369789036317593,0.045454545454545456,0.02051982409125266,0.01406926406926407,0.0021645021645021645,0.008350874163631483,0.021645021645021644,0.007215007215007214,0.026671476671476672,0.0038961038961038965,0.01569681741208889,0.03751803751803752,0.01608488513250418,68,0.09812409812409813,65679,11.828819349024577,23.290300134690135,162.3571649039257,11.70974943766334,15.09042892600121,11.850362589799213,14.164568809982292,250.29139415108645,542.4352981159286,True
77,77000,0.031462585034013606,0.003991596638655463,0.018448042753574066,0.03991596638655462,0.016499933306655994,0.025,0.0038461538461538464,0.013726160959823664,0.03076923076923077,0.01275030525030525,0.029179606625258796,0.0039402173913043485,0.016779986685129634,0.036684782608695655,0.015175336438923395,95,0.12907608695652173,65679,11.764461157817706,29.575179855120815,159.7584979433908,11.688090446021482,15.220829970338801,11.689380569918084,13.539846912324904,253.2362868549326,622.6482460161969,True
78,78000,0.026588209654571204,0.004347826086956522,0.01358227375388902,0.041189931350114416,0.01326867894373615,0.030717761557177613,0.004744525547445256,0.021473952732395205,0.043795620437956206,0.02275808133472367,0.0281796262808921,0.00450070323488045,0.01662351150369309,0.04219409282700422,0.01692563570200701,87,0.12236286919831224,65679,11.747651105148416,26.782830291727233,158.96176789224893,11.679353361188083,14.807079219802954,11.76884946686718,13.534550044116965,249.28208138109974,599.368149867649,True
79,79000,0.026554746066941186,0.0033259423503325942,0.01459810822533856,0.03325942350332594,0.01204994192799071,0.03615916955017301,0.00657439446366782,0.021055840455265748,0.058823529411764705,0.021384632284286265,0.0303056628056628,0.004594594594594595,0.017120114461080395,0.043243243243243246,0.015695516945516946,82,0.11081081081081082,65679,11.92002910838097,25.24972956188809,164.47230986775529,11.680040366515708,15.213121902613036,11.775577582279206,12.780753388522136,253.0915617779544,580.1802159534215,True
80,80000,0.026487407896183875,0.004157043879907622,0.0156320465654323,0.03926096997690531,0.016958099637083467,0.0341726618705036,0.004676258992805756,0.01282475538673812,0.04316546762589928,0.008367591640972935,0.02949233139106557,0.004360056258790436,0.014534399662933028,0.040787623066104076,0.01359922309289398,79,0.1111111111111111,65679,11.814729204917551,25.896144553158585,175.2447209499991,11.898495337031578,15.280833545558426,12.255977443170751,13.088245390854848,265.4791464246909,588.4693973756544,True
81,81000,0.03055555555555555,0.00488888888888889,0.018629496070155703,0.044444444444444446,0.020409171075837743,0.036036036036036036,0.004391891891891893,0.01625893045240086,0.04054054054054054,0.011171439296439297,0.032730116175156386,0.004691689008042895,0.01768889630761491,0.04289544235924933,0.016743797608408866,86,0.11528150134048257,65679,11.745384929762182,27.14943805985637,158.28218474676913,11.723353319198493,14.884670394219036,11.679083716353844,13.484566338525795,248.94868150468483,569.299476449514,True
82,82000,0.03443287037037037,0.005092592592592593,0.018344078730370663,0.05092592592592592,0.015887713109935333,0.041502129307007356,0.006097560975609756,0.019327269202477442,0.06097560975609756,0.01427603561749903,0.036997822727911224,0.005457227138643068,0.0187008115565333,0.05457227138643068,0.015302945170201806,74,0.10914454277286136,65679,11.791143948544637,23.8080593183837,169.23599665226442,11.74315706677087,15.271027698535168,11.721945374923436,14.11036225335005,257.68169231277227,564.2514493475054,True
83,83000,0.027843601895734597,0.004265402843601896,0.017065902964204065,0.04028436018957346,0.018187203791469195,0.025126940728444486,0.004887218045112782,0.019746911089886104,0.04887218045112782,0.023182957393483708,0.026793264874660227,0.0045058139534883725,0.018102455524424157,0.0436046511627907,0.0201187015503876,72,0.10465116279069768,65679,11.953592087651788,21.84323497982088,163.18293981336384,11.760599192514597,16.050413343196567,11.835106486335345,13.033057792169455,249.65894369505247,549.965983391687,True
84,84000,0.025555555555555557,0.0037777777777777775,0.013488282952186336,0.035555555555555556,0.011746031746031746,0.03633252818035427,0.005072463768115942,0.01809503965494999,0.050724637681159424,0.015835633770416378,0.02965258647076829,0.004269972451790634,0.01523961194662541,0.04132231404958678,0.013300756482574663,84,0.11570247933884298,65679,11.806617890200432,27.915799068883864,152.1103406704333,11.698498416423675,14.861512721842107,11.696278142153682,12.717373544232636,242.80642045416965,600.0329799439457,True
85,85000,0.03131760901081744,0.00468384074941452,0.017449925437678353,0.0468384074941452,0.015934351882829635,0.03926423770781747,0.0066147859922179,0.019207878349558668,0.0622568093385214,0.019739361373602618,0.03430340371129845,0.005409356725146199,0.01811044283293163,0.05263157894736842,0.017364011881555744,65,0.09502923976608187,65679,11.810652479557483,24.200237966329198,166.34074427497592,11.696834746346973,15.138609041467909,11.735782099550619,12.885763090067503,253.8086236982956,539.8424694116333,True
86,86000,0.01784439685938615,0.002355460385438972,0.009353630798685134,0.023554603854389723,0.007639951055368614,0.02322880371660859,0.0031358885017421603,0.012686028800575155,0.0313588850174216,0.010394889663182347,0.01989389920424403,0.002652519893899204,0.010622063459881996,0.026525198938992044,0.00868858153340912,90,0.11936339522546419,65679,11.9212975939198,29.91952099822004,181.60291874599886,11.823139150560213,15.740660113353066,11.758483202201075,13.33538180421645,276.10140160846953,548.2493988221288,True
87,87000,0.03222865722865722,0.00427927927927928,0.018744117412664206,0.04279279279279279,0.016369047619047616,0.035362853628536285,0.005166051660516605,0.015230126857414658,0.04059040590405904,0.009397879693082645,0.03341658341658341,0.004615384615384616,0.01741224127214305,0.04195804195804196,0.013726828726828727,77,0.1076923076923077,65679,11.820908751875026,29.409129353716313,195.85222633908273,13.603998550604235,15.817649587523963,15.273300980847559,13.359683431052316,295.13689699470217,653.9087770936064,True
88,88000,0.021676011213456144,0.003964757709251102,0.011658885984561227,0.037444933920704845,0.011664394098314804,0.031757575757575755,0.005090909090909091,0.021009762169631515,0.04727272727272727,0.021363636363636362,0.025479070540798936,0.0043895747599451305,0.015186308413771553,0.0411522633744856,0.015323230343806477,82,0.11248285322359397,65679,11.804638326520788,27.14324796768142,161.29257547750632,11.694505764284212,15.165466287714313,11.694694115924055,13.624449855531573,252.41957779516264,617.5567902307333,True
89,89000,0.034375,0.00576923076923077,0.018068702375421054,0.04807692307692308,0.01575091575091575,0.0410171102661597,0.0076045627376425855,0.024618177268956723,0.06463878326996197,0.023546985334057576,0.036947717231222386,0.006480117820324006,0.020605538748027657,0.054491899852724596,0.01877060102391472,65,0.09572901325478646,65679,11.77234923613324,23.655495844182582,154.19921147762082,11.663730699107422,14.770465048011271,11.682748309010949,13.152349382428152,240.89634999649442,602.6740008619053,True
90,90000,0.03267165636186137,0.0052391799544419144,0.020480861670836764,0.04783599088838269,0.022632606573381064,0.04429824561403509,0.006015037593984963,0.025976015636790483,0.06015037593984962,0.02412579066714405,0.037058426207362376,0.005531914893617021,0.02255421054309732,0.0524822695035461,0.02319599234492851,71,0.10070921985815603,65679,11.969642271070224,25.45619126081977,174.63717978355442,11.741826730984894,15.247604924564783,11.695265531158627,13.59517768487195,264.3428881870247,563.8830100090919,True
91,91000,0.03395248162690023,0.004651162790697675,0.017733457548910456,0.046511627906976744,0.01685375348166046,0.059185606060606064,0.0071969696969696965,0.028502232000253997,0.07196969696969698,0.022573953823953823,0.04299121276733217,0.005563093622795115,0.021590928994167844,0.05563093622795115,0.01890278046994465,55,0.07462686567164178,65679,11.97182297391075,22.822922911946986,167.47237410910665,11.724466466883632,15.075846792764192,11.830383250616139,12.54830828040232,253.44612478563067,634.7894693592149,True
92,92000,0.03727336122733612,0.005230125523012552,0.01716772051157773,0.05230125523012552,0.012915089327223217,0.017193308550185873,0.004089219330855019,0.00891908967631595,0.03717472118959108,0.009246474302236385,0.03004239178937974,0.004819277108433735,0.014197330023377704,0.04685408299866131,0.011593995027729967,86,0.11512717536813923,65679,11.914554864850269,27.26170512111492,181.95626546557708,11.779952556967288,15.52176267607952,11.90676203809138,13.366049800497827,273.7070525231783,595.9772787086093,True
93,93000,0.033649789029535866,0.004641350210970465,0.020737077931314265,0.04430379746835443,0.018138436809322887,0.02895981087470449,0.0039007092198581565,0.01772833304324046,0.03900709219858156,0.015059664527749634,0.03190035273368606,0.004365079365079365,0.01961476833020737,0.042328042328042326,0.01699000587889477,72,0.09523809523809523,65679,11.880465561900365,25.531138100401417,176.83499188761442,11.677151995487245,15.357058403206448,11.714783370989078,12.719929152235633,265.71551847183457,567.1794793299379,True
94,94000,0.022681992337164752,0.0032183908045977008,0.010081993141608096,0.03218390804597701,0.007297938332421092,0.057158836689038026,0.007382550335570471,0.031150046320677794,0.0738255033557047,0.025525993395120912,0.03669849931787176,0.0049113233287858115,0.018647177107996595,0.04911323328785812,0.014708525520258127,86,0.11732605729877217,65679,11.781048258385773,26.801506462198475,172.6392284899514,11.715453371113904,15.233928123525864,11.789482652208028,13.125286060691742,263.0859334180752,564.0168755570579,True
95,95000,0.023750932140193887,0.003355704697986577,0.013830739712649158,0.03131991051454139,0.011285110613969675,0.03862068965517241,0.004482758620689656,0.02115342228292327,0.04482758620689655,0.018192391899288448,0.029601990049751243,0.0037991858887381274,0.016712120913978185,0.036635006784260515,0.014003036764230793,81,0.10990502035278155,65679,11.758648467141697,26.603350474926902,168.74498379150504,11.676848446967591,15.318398840238888,11.715794669103774,13.330107403439207,259.1481320933231,564.9343920700184,True
96,96000,0.025434173669467788,0.0035294117647058825,0.01324369107321129,0.03529411764705882,0.012162464985994399,0.046948356807511735,0.006690140845070423,0.02830150758718291,0.05985915492957746,0.02530320813771518,0.03405198468668144,0.004795486600846263,0.01927531292083885,0.045133991537376586,0.017426175924060268,56,0.07898448519040903,65679,11.745598764309474,21.66756597327124,161.79993458030617,11.68855283908976,15.083520993192101,11.6924537883617,12.968378701530558,246.646005640061,560.0507132104276,True
97,97000,0.028707782672540382,0.004185022026431718,0.01607864427493479,0.04185022026431718,0.015565345080763583,0.03682930918846412,0.006338028169014085,0.017062498071958934,0.05985915492957746,0.014145987033310976,0.03183313975996902,0.005013550135501355,0.016457254679209662,0.04878048780487805,0.015019142254914613,69,0.09349593495934959,65679,11.825366448517393,26.96533613781582,183.43505362859725,11.946005139942816,15.949437843776337,12.002349442027938,13.726008813150226,275.8495574538278,607.4129550450031,True
98,98000,0.038757206918641894,0.005381165919282512,0.024255571240424923,0.04932735426008968,0.02221866325005338,0.016293532338308457,0.0033582089552238806,0.008853693874996873,0.033582089552238806,0.009950248756218905,0.03032546351874083,0.004621848739495798,0.018474474414185826,0.04341736694677871,0.017613712151527277,75,0.10504201680672269,65679,11.754822253212671,25.031227092880968,161.15924231960287,11.673426625502525,14.926023387845655,11.688213374494438,12.918921526702821,249.15187658024195,595.6591784755799,True
99,99000,0.025657427149964464,0.003837953091684435,0.01563539741346766,0.03411513859275053,0.017133719159305515,0.02270011947431302,0.0032258064516129032,0.010257892870890345,0.03225806451612903,0.008376002730841442,0.024554367201426026,0.003609625668449198,0.013629616975795107,0.03342245989304813,0.013867137764196586,76,0.10160427807486631,65679,11.776479501082736,25.497476550756517,171.01042119485598,11.774253150798053,15.293042643596543,11.720530322056888,12.835723895113226,259.9079272582599,577.0260785003395,True
100,100000,0.024634334103156273,0.003464203233256351,0.013673590132942509,0.03464203233256351,0.013999780050588365,0.03379748186086214,0.005633802816901409,0.020148334153730497,0.0528169014084507,0.019835680751173708,0.028263809644562782,0.004323570432357044,0.016238202827368993,0.04184100418410042,0.01631135020256359,80,0.11157601115760112,65679,11.937754857527239,26.26273307443361,162.11371805693875,11.681977379038312,15.077531276733168,11.698646893959497,13.25232677915067,252.02468831778125,584.586099853665,True
101,101000,0.019482496194824967,0.0025114155251141556,0.009576840951461135,0.02511415525114155,0.007199934768427919,0.024166666666666666,0.003870967741935484,0.015681915963898174,0.03870967741935484,0.015716845878136203,0.02142379679144385,0.003074866310160428,0.012107019098326755,0.03074866310160428,0.010729670656141244,82,0.10962566844919786,65679,11.87152813526826,24.7231616027771,180.33237638934162,11.771570658708486,15.784285461922787,11.78888396141664,13.568902198460297,269.8407084078952,584.7315717979612,True
102,102000,0.028012048192771085,0.003855421686746988,0.010699257351462111,0.03855421686746988,0.006542359915853891,0.03700361010830325,0.006137184115523466,0.021459905230836445,0.061371841155234655,0.02685949229270529,0.03161127167630058,0.00476878612716763,0.015006626517049816,0.0476878612716763,0.014675084870171579,83,0.1199421965317919,65679,11.80595164772258,26.09128778011116,163.6579002288474,11.767469044896007,14.886181913711937,11.717168896321905,12.963593208834002,252.889552720445,597.0598669231969,True
103,103000,0.032969063456868335,0.004434589800443459,0.016467213346473396,0.04212860310421286,0.013089958821666138,0.03350225225225225,0.0057432432432432436,0.015155651579714675,0.05405405405405406,0.013845988845988845,0.03318034040925607,0.0049531459170013385,0.015947504801680112,0.04685408299866131,0.013389536983914494,74,0.09906291834002677,65679,11.884592385005831,24.8379511202379,163.591140916422,11.665107490357872,15.180732555505895,11.698203785548422,13.61426182318326,252.47199007626122,581.6162997337032,True
104,104000,0.04271548436308161,0.005491990846681922,0.023459042851390215,0.05491990846681922,0.020152736914750644,0.03857323232323232,0.00643939393939394,0.02298543111147343,0.06060606060606061,0.02318272005772006,0.041155492154065616,0.005848787446504992,0.02328067837301927,0.05706134094151213,0.021293843262459526,64,0.0912981455064194,65679,12.009647043439987,22.20192766654028,184.94607448731048,11.671909836336036,15.18306797884672,11.778123012257113,12.984289285172812,270.77503930990343,608.327272312345,True
105,105000,0.02197881828316611,0.003043478260869565,0.012638716664917327,0.030434782608695653,0.013251380262249828,0.0344880174291939,0.0058823529411764705,0.015121925369727812,0.054901960784313725,0.01228602552131964,0.02644014105552567,0.0040559440559440555,0.013524336552646943,0.039160839160839164,0.012907092907092906,68,0.0951048951048951,65679,12.00944436928475,24.29001388899732,184.11960741800127,11.761684443653554,15.366688967108356,11.77427015339183,12.641442612454368,271.96315185289143,574.1012247323235,True
106,106000,0.023306559571619815,0.003855421686746988,0.0139030102407332,0.03855421686746988,0.015591891375023906,0.01679340937896071,0.0026615969581749053,0.011466016597276073,0.026615969581749048,0.01102661596958175,0.020780072107505737,0.003392330383480826,0.012957686747769745,0.03392330383480826,0.0138209954581636,74,0.10914454277286136,65679,11.730683332183967,23.4521625474271,161.78287241970511,11.659853437581692,15.027322546490307,11.741150745994688,13.425204929543021,248.81924995892584,605.0461383196315,True
107,107000,0.03645833333333333,0.004464285714285714,0.020908632404017986,0.044642857142857144,0.0180546697845805,0.03164924506387921,0.004878048780487805,0.01763438255089977,0.04878048780487805,0.017373209446380176,0.03458049886621315,0.004625850340136055,0.019630115794705156,0.04625850340136054,0.01778857574775942,69,0.09387755102040816,65679,12.058775932660692,25.341366407805044,173.02500474358771,11.74115613319926,15.263711148336135,11.933732332283785,12.496912600704068,261.8606592985767,545.4392027945814,True
108,108000,0.027466367713004484,0.0033632286995515697,0.019026520348081825,0.033632286995515695,0.018510214250124567,0.04343681917211329,0.006535947712418301,0.023731880730030828,0.06209150326797386,0.019648044402946364,0.03396498226950354,0.004654255319148936,0.02094120156733235,0.04521276595744681,0.018973214285714284,83,0.11037234042553191,65679,11.92396034536969,26.397436339989365,163.5777075325029,11.762558236289022,15.486013271698296,11.732627224259051,12.826846593039232,253.70714954314752,602.662540916482,True
109,109000,0.042427701674277014,0.005707762557077625,0.021297888872893998,0.05251141552511415,0.016583315213452198,0.02831050228310502,0.005821917808219178,0.014827142222636277,0.05136986301369863,0.015154109589041096,0.03678082191780822,0.005753424657534247,0.018709590212790908,0.052054794520547946,0.01601163296368776,61,0.08356164383561644,65679,11.912868542643395,21.734863331637765,167.90990144736895,11.717286277204696,15.303912613839898,11.699303364323676,12.692974656808298,252.97111023382666,580.5327519898817,True
110,110000,0.011032308904649329,0.0016548463356973995,0.005577394123705417,0.016548463356973995,0.005383879320049532,0.02767749699157641,0.004693140794223827,0.017319102313471335,0.04693140794223827,0.018630737493553373,0.017619047619047618,0.002857142857142857,0.010223755793084216,0.02857142857142857,0.010625850340136054,71,0.10142857142857142,65679,11.765263851742924,23.718491348995173,156.68897233547807,11.6698771385898,14.9707496868573,11.681127899579312,12.587785965703645,243.0822682269462,632.6063706430102,True
111,111000,0.03954475308641975,0.004861111111111111,0.019851755506047133,0.04398148148148148,0.014609053497942384,0.03558441558441558,0.005818181818181819,0.021160919771442164,0.05090909090909091,0.020503607503607503,0.03800431063514515,0.005233380480905233,0.020360977815783533,0.04667609618104668,0.016901843245549046,68,0.09618104667609619,65679,11.789302155867931,23.578902449347684,191.5086910534991,11.837537258543861,15.265696059918454,11.793647958779907,13.231267573673989,279.0050445096309,566.5567287716361,True
112,112000,0.023670411985018725,0.0038202247191011234,0.013568616484812765,0.035955056179775284,0.013463527733190653,0.026181102362204726,0.0047244094488188984,0.015043701689376526,0.047244094488188976,0.013848268966379203,0.024582737243681454,0.004148783977110158,0.014104627417515477,0.04005722460658083,0.013603333560415104,67,0.09585121602288985,65679,11.820693650160807,24.203069891190477,167.49175556850238,11.689532366798705,15.385342614582243,11.707690888526635,12.517441739273716,254.81552671903498,616.106099433647,True
113,113000,0.03531073446327683,0.004358353510895884,0.020162436914294212,0.043583535108958835,0.01681367462239133,0.03765156032597893,0.006589147286821705,0.021702736957898244,0.05426356589147287,0.021953057708871657,0.03621078375176736,0.005216095380029807,0.02075468342882452,0.04769001490312966,0.01878977124878764,55,0.08196721311475409,65679,11.767760449352128,19.87189686680768,156.9317410171911,11.673386619365234,14.72986374709273,11.678215510485535,12.748960198080695,239.4018244083751,641.1511609647341,True
114,114000,0.031966590736522395,0.004555808656036446,0.016124274986893852,0.04555808656036447,0.014695194706584227,0.035897435897435895,0.005944055944055945,0.018378542949323198,0.055944055944055944,0.018152680652680653,0.03351724137931034,0.005103448275862069,0.01701354483138322,0.0496551724137931,0.01605911330049261,67,0.09241379310344827,65679,11.79833098656491,23.338698202535202,166.60475974333843,11.68886350377818,14.990896593472524,11.696342425537853,12.907800586811625,253.0256920420387,580.9586416631041,True
115,115000,0.03222222222222222,0.00425,0.014779996650209397,0.04,0.010572420634920636,0.01778131634819533,0.002547770700636943,0.009203422771299492,0.025477707006369428,0.008505206753614396,0.025871459694989107,0.0035014005602240898,0.012327553795898878,0.03361344537815126,0.009663309768351785,83,0.11624649859943978,65679,11.969114244267388,27.32628636795131,174.83709367600852,11.80427634765724,15.255293535229587,11.748021121193997,12.682303341296496,265.62238863360454,623.7462598638472,True
116,116000,0.03288084464555053,0.004751131221719458,0.01935774809827967,0.04524886877828054,0.017907419378007612,0.04359430604982206,0.006405693950177936,0.026059444883277272,0.060498220640569395,0.023480483533864317,0.037044721069617335,0.005394190871369295,0.021962418632974448,0.051175656984785614,0.020073437397088847,54,0.07468879668049792,65679,12.21771180928699,22.648111025175275,166.45111285899793,11.787409997146558,15.92876178689584,11.705071742279527,12.213949482614561,252.95212870239672,631.637473177335,True
117,117000,0.01957843743558029,0.004329004329004329,0.011665335463012476,0.03896103896103896,0.015220229505943792,0.043098384728340676,0.00748898678414097,0.031421109676830136,0.05726872246696035,0.03352213131948815,0.027327389591540532,0.0053701015965166915,0.0181741319021077,0.04499274310595065,0.02125002879719861,47,0.06821480406386067,65679,11.784333776132527,20.096573943154116,169.66355380178265,11.744746244851667,14.890993459748536,11.696245365080959,13.157791994788948,253.03423858553938,552.68947568822,True
118,118000,0.018910913647755753,0.003349282296650718,0.009251626674217531,0.02631578947368421,0.006943495101389838,0.031122448979591832,0.00510204081632653,0.020267591197219836,0.05102040816326531,0.025655976676384838,0.023953317281968967,0.0040730337078651695,0.013800353598041515,0.03651685393258427,0.014670278223649011,67,0.09410112359550561,65679,11.804020437919394,24.026828663537003,170.06591654056268,11.816631444339087,15.383827781115244,11.73384137206912,12.655212302356556,257.4862785418991,596.0397987343491,True
119,119000,0.03300340921588035,0.006466512702078522,0.01872270158811428,0.05542725173210162,0.019940247076505737,0.04209876543209877,0.006296296296296297,0.021165696565957764,0.05925925925925926,0.017051734273956495,0.03649664702296281,0.006401137980085348,0.01966097846438418,0.05689900426742532,0.018830860936124093,62,0.08819345661450925,65679,11.800959043795078,22.40449769701225,180.50579202748273,11.846988528824154,15.521263706630428,11.832242150233707,14.123186403480759,268.0349295574591,625.2025245098991,True
120,120000,0.045333758503401364,0.005133928571428572,0.022606613884199954,0.05133928571428571,0.016454967403628118,0.029243404678944748,0.004181184668989548,0.016691606267399746,0.03832752613240418,0.017286101432442896,0.03905085843861354,0.004761904761904762,0.02029694424335416,0.04625850340136054,0.016779505452974842,65,0.08843537414965986,65679,11.733863323246108,23.91695641429381,171.1013699788738,11.694048968641235,15.1704475710307,11.855093645471438,13.62048587805198,259.0922657796091,667.3718500305876,True
121,121000,0.027841342486651415,0.003890160183066362,0.014398600283934597,0.038901601830663615,0.013052558933565798,0.034010524499654936,0.005434782608695652,0.017634601775877973,0.050724637681159424,0.014865136876006442,0.03022941294329794,0.004488078541374474,0.015651246022751385,0.043478260869565216,0.013754202008058948,80,0.11220196353436185,65679,11.738366809649348,25.61370731059276,164.99591425081505,11.878419001645767,15.051152392905887,11.703294046622181,13.967060850411661,254.94791466264266,640.4906856633946,True
122,122000,0.03169129720853859,0.005911330049261083,0.019132470288605173,0.04926108374384237,0.02035049652044726,0.026118568232662193,0.004362416107382551,0.01410410486576713,0.0436241610738255,0.013024661766272504,0.029332386363636363,0.005255681818181818,0.017003986061324295,0.046875,0.01724950396825397,76,0.10795454545454546,65679,11.839418174036664,25.52650922671429,186.9767075637213,11.763432985173461,17.214956395061876,11.784126539307604,12.778205554203614,277.8833564382188,569.9472241572217,True
123,123000,0.024637681159420288,0.0030434782608695656,0.013334747564153218,0.030434782608695653,0.010271739130434781,0.04514954742227469,0.007851239669421486,0.027271500173207012,0.07024793388429752,0.026933293978748524,0.03170872337539004,0.0047008547008547015,0.01813915515872732,0.04415954415954416,0.016015466015466016,47,0.06695156695156695,65679,12.078033381879294,19.13171897383048,189.74609001881637,11.850184301748223,16.512478109950713,12.224885229034088,13.630646896231614,275.17403691149076,602.5110544492507,True
124,124000,0.03536184210526316,0.0041666666666666675,0.018021382540502357,0.039473684210526314,0.013144841269841268,0.009738186462324393,0.002681992337164751,0.004419223082276939,0.022988505747126436,0.003627683512740984,0.026034402603440258,0.0036262203626220356,0.013069968846503984,0.03347280334728033,0.009680436563281752,55,0.07670850767085077,65679,11.745844228999713,20.60374296068701,173.18592517504007,11.773877995516212,15.118554204524015,11.761249707267773,12.84847024281277,257.03766451484756,665.1023254855559,True
125,125000,0.03540587219343696,0.004922279792746114,0.01867419786386824,0.04922279792746114,0.0178962085697837,0.03348606537255501,0.007046979865771812,0.021211762580941155,0.053691275167785234,0.02224885479919037,0.03456946512819892,0.005847953216374269,0.01977974506516609,0.05116959064327485,0.019792536897800056,66,0.09649122807017543,65679,11.76771887735628,22.629137843663273,165.53552224843338,11.712612856734639,15.192265686553297,11.724473025373495,13.158566615226185,251.72029715334057,607.0529305649691,True
126,126000,0.03567632850241546,0.005217391304347826,0.021252778840149627,0.05217391304347826,0.021196514837819185,0.017348203221809168,0.0037174721189591076,0.010167160201113327,0.03717472118959108,0.013143919277748273,0.028913275415333027,0.004663923182441702,0.017162200768955162,0.04663923182441701,0.018225118122237465,63,0.08641975308641975,65679,12.082597187407229,23.77430975787631,170.13598720642952,11.71031818487933,15.276776432482375,11.739392441173502,12.462888908229552,257.1822701184778,598.2008732368371,True
127,127000,0.030751708428246014,0.0036446469248291574,0.015790006467286812,0.03644646924829157,0.01249050873196659,0.03327683615819209,0.005423728813559322,0.017383668168415484,0.05084745762711865,0.018030669895076675,0.03176657584014532,0.004359673024523161,0.016430510829457057,0.04223433242506812,0.01471714026209939,61,0.08310626702997276,65679,11.722220541646177,22.880284286333485,166.3921201006391,11.665534491486774,15.16502849109591,11.706715356510355,13.067045837075742,252.59894910478752,682.8315637945059,True
128,128000,0.021495327102803736,0.002803738317757009,0.010498911926437551,0.028037383177570093,0.007556371458240617,0.05548098434004474,0.007046979865771812,0.027372440713194807,0.07046979865771812,0.020878608714179184,0.03544536271808999,0.004545454545454545,0.01742496093257207,0.045454545454545456,0.01302472779745507,61,0.08402203856749312,65679,11.773100135170633,19.608873979115593,168.6698520390051,11.685532270017118,14.952928824654709,11.711208795520122,13.525632311994773,251.92712835547806,568.2871167139725,True
129,129000,0.03657817109144542,0.00508849557522124,0.018708765457140855,0.048672566371681415,0.014812473662031183,0.03433583959899749,0.00456140350877193,0.016743460986283567,0.03859649122807018,0.01188526872737399,0.035711055114040186,0.004884667571234735,0.01794877661834258,0.04477611940298507,0.013680515173052486,49,0.06648575305291723,65679,11.838483832821156,19.99025426033252,179.45100913388524,11.72911381060182,15.21696455968058,11.69957427407664,12.31292896015923,262.23832883155717,617.6522264657868,True
130,130000,0.0365530303030303,0.005454545454545454,0.021495282927184774,0.05454545454545454,0.02259650072150072,0.04182041820418204,0.006273062730627307,0.020781680584905288,0.055350553505535055,0.016865811515258004,0.03856071261134553,0.0057665260196905765,0.021223291035823676,0.05485232067510549,0.020412229589444778,67,0.09423347398030943,65679,11.744241226158136,21.204085435808096,183.33901051018066,11.702606669813932,15.363947805963063,11.70536489196461,12.922733224493555,267.9819897643821,625.2414148581187,True
131,131000,0.044343938448741946,0.005676855895196508,0.023806505851699907,0.056768558951965066,0.021377451999722737,0.018949527376493667,0.004119850187265918,0.015252906618739619,0.03745318352059925,0.02153558052434457,0.03499178981937603,0.005103448275862069,0.020656421720389014,0.0496551724137931,0.02143568691844554,54,0.07448275862068965,65679,11.779122327387759,19.676032184029467,169.61519235153543,11.689185256957835,15.399728622703112,11.770942137279139,12.931933392273942,252.8621362721667,643.8213042906926,True
132,132000,0.03462235005859166,0.004921700223713647,0.01654815715222686,0.0447427293064877,0.014305244842157595,0.026497395833333333,0.005078125,0.01408543844123188,0.046875,0.012721664186507936,0.031663618505723766,0.004978662873399716,0.01565134920057008,0.04551920341394026,0.013728578202262412,54,0.07681365576102418,65679,11.774830033187133,19.58283385319892,164.15091335522658,11.668726036195842,15.16463285619607,11.684852065707574,13.235918034690265,247.2627062344024,577.3192937907068,True
133,133000,0.03959259259259259,0.005111111111111111,0.024663750854175524,0.051111111111111114,0.023187830687830688,0.04869614512471656,0.006802721088435374,0.03186950945462706,0.06462585034013606,0.03220899470899471,0.043189964157706096,0.005779569892473119,0.027511187720482992,0.056451612903225805,0.0267526455026455,64,0.08602150537634409,65679,11.862252339608915,19.99102296865174,167.73007782881766,11.73285183299344,15.238312523771501,11.726770951833721,13.25974125060414,251.54102969628113,570.3057055743144,True
134,134000,0.024498886414253896,0.00311804008908686,0.013197190936915888,0.031180400890868598,0.01163343585392583,0.032330246913580246,0.004861111111111111,0.01560931450869698,0.04861111111111111,0.013993606701940034,0.027559173827830543,0.003799185888738128,0.014139784680027087,0.037991858887381276,0.012555727854235319,61,0.08276797829036635,65679,11.789739305489988,19.775567644805815,164.43846184273357,11.705037145495755,15.222730819830499,11.797017568815349,12.615961803144614,247.34451613031558,618.7521299516052,True
135,135000,0.03047504025764895,0.0050724637681159425,0.019625843718317135,0.04589371980676329,0.019390767579173372,0.034328358208955224,0.005597014925373134,0.017442779089244274,0.055970149253731345,0.017769782042170102,0.03198924731182796,0.00527859237536657,0.018767982544429265,0.04985337243401759,0.018753782060233672,59,0.08651026392961877,65679,11.996705158320854,21.824367793951694,191.64876440654066,12.76010008546824,15.675264974340797,11.865015352288676,13.339549417332176,279.1097671882431,586.2096492167401,True
136,136000,0.03536776212832551,0.004460093896713616,0.01655857813425509,0.04225352112676056,0.012848386615992248,0.03939665471923537,0.007526881720430108,0.021807456320554565,0.07168458781362007,0.021283495477043866,0.03696217494089834,0.005673758865248227,0.018635793756918286,0.05390070921985816,0.0161865360801531,67,0.0950354609929078,65679,11.819373681831724,20.710370557494585,170.5735898541866,11.673358854255579,14.883203248661214,11.688234584167345,12.93510092573169,254.2832317063287,608.8320582603724,True
137,137000,0.025269742883379246,0.004090909090909091,0.011674610049896613,0.038636363636363635,0.010883838383838386,0.0321256038647343,0.005072463768115942,0.017123331090273364,0.043478260869565216,0.015322348746261791,0.027912504937644602,0.00446927374301676,0.013774955031941283,0.040502793296089384,0.012594772545889863,61,0.08519553072625698,65679,11.805926718871929,22.067532945230226,183.49722883898022,11.815979837265234,16.124913684995022,12.179949315710425,12.85918004910458,270.35071139015764,602.9004311874226,True
138,138000,0.020618153364632238,0.0030516431924882625,0.009873278594404174,0.03051643192488263,0.007968179447052687,0.03371628371628371,0.004895104895104895,0.02116107340794041,0.045454545454545456,0.019826007326007325,0.025879481005885503,0.0037921348314606746,0.014407420893099909,0.03651685393258427,0.01273129570180132,59,0.08286516853932584,65679,11.737605647113568,19.092683238908226,167.16327582634582,11.729968873067097,15.24121696665215,11.68347526889213,12.689058831297228,249.33728465227622,609.7544404025796,True
139,139000,0.03157216494845361,0.003865979381443299,0.014405988555714658,0.03865979381443299,0.010689739813451152,0.029907566228320942,0.005974842767295597,0.01686279589746919,0.05345911949685535,0.01943446141559349,0.030822388187827277,0.00481586402266289,0.015512595828629589,0.0453257790368272,0.014628580421781555,67,0.09490084985835694,65679,11.805307677775767,20.469498684144718,185.34323826148446,11.790852378346095,15.767690828810688,12.215108711854938,13.33918649142063,270.7308830338373,621.2907558656722,True
140,140000,0.032081377151799685,0.004460093896713615,0.017220543952318236,0.04460093896713615,0.01576309710112527,0.02892781316348195,0.004140127388535032,0.01676849666895453,0.041401273885350316,0.01597664543524416,0.030743243243243245,0.004324324324324324,0.017028729294242286,0.043243243243243246,0.015853710853710852,54,0.07297297297297298,65679,12.20864611851946,19.12827390775085,184.30143022046818,11.901543117975866,15.287980046560513,11.786979895775374,12.263704144865883,266.87855745191615,580.7797283940707,True
141,141000,0.02633333333333333,0.004,0.011725229944564076,0.04,0.009863095238095237,0.03448303979125897,0.005479452054794521,0.018770141943081922,0.04794520547945205,0.01812214611872146,0.029772226809799063,0.004624277456647399,0.014697938475730567,0.04335260115606936,0.013348128268648498,56,0.08092485549132948,65679,11.77893956889886,18.517852403879264,168.45456114446267,11.749392900009536,15.155234078106927,11.810116110982927,13.495062678184343,250.96115888452454,633.4670311808483,True
142,142000,0.034375712007290955,0.005023923444976076,0.016725448356294786,0.045454545454545456,0.013493012835118098,0.030204572803850784,0.004332129963898918,0.02432160406164822,0.04332129963898917,0.02597272362615323,0.03271325796505652,0.004748201438848921,0.0197529809179968,0.04460431654676259,0.018466940733127782,60,0.08633093525179857,65679,11.754396470331496,17.968395959355732,166.12448678601788,11.772780561358775,15.120353844363944,11.707265347368768,13.1622782170715,247.6099571858681,660.3017779372999,True
143,143000,0.023208333333333334,0.004,0.013611321938374674,0.04,0.014065476190476189,0.04017165005537099,0.005980066445182724,0.01915661528072725,0.053156146179401995,0.015397089068185413,0.03049215406562054,0.004850213980028531,0.015992396540440473,0.0456490727532097,0.014637252904014674,63,0.0898716119828816,65679,11.925204138035772,20.697560333890475,195.19651416956273,11.671337365681822,15.285834970735213,11.73086544280222,12.845483859949546,279.35280028065773,571.2591170139586,True
144,144000,0.032375,0.0045000000000000005,0.017794264497242297,0.0425,0.015217261904761905,0.02503330003330003,0.005944055944055944,0.01499002528454935,0.055944055944055944,0.018074980574980574,0.02931417464945162,0.005102040816326531,0.016625150189909666,0.048104956268221574,0.0164086723124624,59,0.08600583090379009,65679,11.766965431758702,19.096370609150704,173.4595507184994,11.686676294059284,15.354727634878106,11.749358353990713,13.198120087043463,256.3117691293804,581.0945812599888,True
145,145000,0.028396524486571883,0.0042654028436018955,0.014459141104043194,0.04028436018957346,0.014596027984653578,0.0372454448017149,0.006109324758842444,0.02510471312241771,0.05466237942122187,0.023410146480886032,0.032150977717144154,0.00504774897680764,0.01897588448428122,0.04638472032742155,0.018335715368457524,58,0.0791268758526603,65679,11.928302782501788,19.41289188710227,163.7435890261968,11.674061751426601,15.059844001213962,11.699441310922264,12.617156426503184,246.13528718586684,606.6352160298688,True
146,146000,0.038284753363228695,0.004932735426008969,0.017501806999998083,0.04484304932735426,0.013209125204640898,0.021655701754385963,0.003947368421052633,0.010314663658200548,0.03618421052631579,0.009314954051796156,0.031544444444444444,0.004533333333333334,0.014588618232122817,0.04133333333333333,0.011630687830687828,57,0.076,65679,11.878886158542269,19.665827502027277,167.18551314433284,11.670232611643572,15.277901862204013,11.70518928117481,12.316172060530818,249.69972262045562,578.0197679580157,True
147,147000,0.028503562945368172,0.003087885985748219,0.014345237392338908,0.030878859857482184,0.010955585718056026,0.024281609195402298,0.004482758620689655,0.015362914585814172,0.03793103448275862,0.019434865900383142,0.02678152836380684,0.0036568213783403658,0.014760323730043304,0.03375527426160337,0.014414082557542474,63,0.08860759493670886,65679,11.920235344520247,20.47104102308184,190.82490389579766,11.978441221749403,16.831107710196804,11.838577223588498,13.083750799780525,276.948057218715,627.1238398258549,True
148,148000,0.012058823529411764,0.002352941176470588,0.007547483972209713,0.023529411764705882,0.009068160597572362,0.02818627450980392,0.003676470588235294,0.01753988404060957,0.03676470588235294,0.016462418300653595,0.01835246293639407,0.0028694404591104736,0.011446957169634047,0.028694404591104734,0.0119537245792626,40,0.05738880918220947,65679,11.731947018187029,16.51872865862658,166.84634134792043,11.660625639925426,15.021904156031773,11.700314688764536,13.233184607427951,246.71304611688373,583.458244728649,True
149,149000,0.01945126945126945,0.002702702702702703,0.010258855738178438,0.02702702702702703,0.009223509223509223,0.01845444059976932,0.0034602076124567475,0.009222453086784125,0.03460207612456748,0.009269786345910913,0.01903735632183908,0.003017241379310345,0.00982851038436672,0.03017241379310345,0.009242724867724868,47,0.06752873563218391,65679,11.809640811821787,19.482542184451333,166.81918578298482,11.729666396287364,14.872894954526261,11.681499523075178,12.354269164543963,248.7496988176907,626.4164861063404,True
150,150000,0.0406425702811245,0.005301204819277109,0.026097000824982505,0.05060240963855422,0.024705488621151274,0.04087009803921568,0.00625,0.026174734982802168,0.0625,0.027220471521942107,0.040732654051431345,0.005676855895196506,0.02612777766767093,0.055312954876273655,0.025701231487257687,45,0.06550218340611354,65679,11.866891926365364,17.285796729493708,173.44106549804783,11.72513794955865,15.150762372601045,11.703666039503124,12.764174152912755,253.93749466848246,582.6439658551396,True
151,151000,0.03537735849056604,0.004009433962264152,0.01880527838382449,0.04009433962264151,0.014654462413896377,0.04182658813097726,0.006137184115523466,0.019659751504775655,0.061371841155234655,0.016554925219185147,0.03792577020296819,0.004850213980028531,0.019142923254728158,0.04850213980028531,0.015405429884745149,54,0.07703281027104136,65679,11.909393199810436,17.82878594402959,173.02082421549736,11.66994044002334,15.133943704698227,11.705193665279001,13.109876856876035,254.377958026214,634.3508034216128,True
152,152000,0.03691756272401433,0.004301075268817204,0.015886306106644706,0.04086021505376344,0.010005120327700972,0.051552570278399705,0.00865051903114187,0.031223718991533336,0.0726643598615917,0.03148239688032076,0.04252700195905064,0.005968169761273209,0.02176496966597205,0.05305039787798409,0.01823712685781651,38,0.050397877984084884,65679,11.820877469592705,17.173255987240623,177.70839671329975,11.840102748322812,15.762606601382734,11.718707317226462,12.71919528800236,258.74314212506744,576.807823130826,True
153,153000,0.030994152046783626,0.0040100250626566416,0.016641143441858887,0.040100250626566414,0.01565322035246847,0.03511011011011011,0.006606606606606607,0.019745362799134376,0.05105105105105105,0.018209876543209876,0.03286657559198543,0.005191256830601094,0.018053308805209622,0.045081967213114756,0.016816289357272966,52,0.07103825136612021,65679,11.73902281834116,18.51519413612057,177.03440944430437,11.693392171802097,15.148823101385211,11.760990204001676,12.35588773343399,258.24771960938904,579.2422200782966,True
154,154000,0.020671834625323,0.002325581395348837,0.009818953293404386,0.023255813953488372,0.0069429063615110125,0.028016462557719335,0.005119453924914676,0.01568849675352584,0.051194539249146756,0.01805352402622027,0.02383650519031142,0.003529411764705883,0.012348035990192014,0.03529411764705882,0.011730275443510737,60,0.08823529411764706,65679,11.793610460580917,19.20266819252503,179.07348120044242,11.795400234687614,15.447057325729263,11.84595591446902,13.092248887014435,262.2504222154487,625.7275947174624,True
155,155000,0.025046076882569775,0.004976303317535545,0.01428080774017309,0.04976303317535545,0.01837715338900173,0.0191358024691358,0.004074074074074075,0.011198373803831138,0.03333333333333333,0.012685185185185186,0.022740044958253047,0.004624277456647399,0.0130781239788836,0.04335260115606936,0.016156298743003946,57,0.08236994219653179,65679,11.749253248538594,19.39042998888585,161.17950283209282,12.770387065597077,15.16027378273277,11.727243772241547,12.911348054589489,244.88843874467813,635.1967586092355,True
156,156000,0.024588235294117647,0.0035294117647058825,0.0115363624088493,0.03529411764705882,0.011021475256769374,0.03913673071567808,0.007017543859649123,0.019124723392001147,0.06666666666666667,0.016790587580061262,0.03042812430136374,0.004929577464788733,0.014582394634480675,0.04788732394366197,0.013337245696400627,35,0.04929577464788732,65679,11.774552958282447,16.33799804529046,171.48618300799612,11.700872881242885,14.997552700679595,11.692270323798715,12.706963109954117,250.6963930272443,626.2202246703763,True
157,157000,0.019544846050870146,0.003373493975903615,0.01065667844252503,0.02891566265060241,0.010080321285140564,0.041076103068722995,0.006273062730627307,0.023396346321516354,0.05904059040590406,0.022585368710829962,0.02805063417308315,0.004518950437317785,0.0156894043830595,0.04081632653061224,0.015020361886251098,55,0.08017492711370262,65679,11.881226954391089,18.39939023084991,183.17073914927983,11.713297152160518,14.983140378344029,11.730414303523506,13.016004200061548,264.8942123686104,581.3387157291016,True
158,158000,0.029002320185614848,0.004408352668213458,0.016214964080898262,0.03944315545243619,0.01629562111000626,0.04865414710485133,0.008098591549295776,0.02458774073280252,0.07394366197183098,0.020669852448021463,0.03680808080808081,0.005874125874125874,0.019540654387388903,0.05314685314685315,0.01803307803307803,57,0.07972027972027972,65679,11.753401679304165,19.535421775906947,166.4194190298396,11.670862819723737,15.008233189173215,11.706963004148863,12.237688589322726,248.33199008741923,632.892405188823,True
159,159000,0.028565865598575876,0.004205607476635514,0.015473359617878468,0.0397196261682243,0.014455384957721406,0.03239069394304051,0.004332129963898918,0.013211416666920849,0.039711191335740074,0.009154203197524496,0.030068670494202407,0.00425531914893617,0.014584624586083773,0.03971631205673759,0.012372509287402906,55,0.07801418439716312,65679,11.786089298665425,18.603562324304157,174.96536671202102,11.701581066475564,15.363408070651063,11.754776138878098,12.838696966027685,257.013480577023,601.2911751392124,True
160,160000,0.041798291798291795,0.00687960687960688,0.02034831305650097,0.06142506142506143,0.018736593736593737,0.03579520302627872,0.007569721115537849,0.01677162453378857,0.07171314741035857,0.01677101119332195,0.039508359759119635,0.0071428571428571435,0.018983953148900952,0.06534954407294832,0.01798680465093839,40,0.060790273556231005,65679,11.941515711294537,17.14985958423121,185.5979322298862,11.747492052044395,15.345661029148028,12.037053579522228,12.78208280133808,266.6015969874647,588.9060136630708,True
161,161000,0.02726574500768049,0.003686635944700461,0.015458644413817111,0.03456221198156682,0.014450296247531273,0.028026265245366368,0.00599250936329588,0.019249543939024984,0.0449438202247191,0.024313358302122345,0.027555415340722048,0.00456490727532097,0.01690253909745549,0.03851640513552068,0.018206983221248557,41,0.05848787446504993,65679,11.751805471665877,16.648692538562273,171.45435392493246,11.712736703695104,15.248623494001912,11.719841183338575,13.05210757612807,251.58816089232428,620.9533820234203,True
162,162000,0.03216374269005848,0.004260651629072681,0.015087258148184674,0.042606516290726815,0.012279707204519234,0.026038500506585613,0.004964539007092198,0.01579917927814152,0.04609929078014184,0.018656422379826634,0.029627298790294382,0.004552129221732746,0.015382062492748299,0.04405286343612335,0.014920285294734633,56,0.08223201174743025,65679,11.807634671234801,18.756656039287112,174.55420837581005,11.696864827770437,15.012120230167847,11.814641202062548,12.758821022945677,256.4009463692785,622.4676435268028,True
163,163000,0.025987654320987656,0.003703703703703704,0.012986509172724058,0.037037037037037035,0.01154320987654321,0.025399543378995432,0.003767123287671233,0.014522754325978974,0.03767123287671233,0.013394216133942162,0.02574127211860354,0.0037302725968436164,0.013630101116411913,0.03730272596843615,0.012318667304320104,48,0.06886657101865136,65679,11.784965781636014,17.938462315958414,176.56566547449847,11.850529880896854,15.148454034663583,11.905025236930156,12.206640982281858,257.39974370686537,606.4440519410464,True
164,164000,0.04155119322555812,0.005773672055427253,0.024231691889594363,0.057736720554272515,0.024572931559074744,0.02528735632183908,0.0034482758620689655,0.014411416854736575,0.034482758620689655,0.013567323481116583,0.03502766251728907,0.004840940525587829,0.020292715734533843,0.048409405255878286,0.02015851061494215,53,0.07330567081604426,65679,11.78515369887334,19.675177828970547,179.46738713967014,11.811910874376386,15.467725187234826,12.025553958766588,12.32173909276879,262.5546477806606,605.5847492238975,True
165,165000,0.033333333333333326,0.004318181818181818,0.015540067671081934,0.04090909090909091,0.012587481962481962,0.03185437997724687,0.004436860068259387,0.015533900238606173,0.040955631399317405,0.010853784061975189,0.03274215552523874,0.0043656207366985,0.015537602380883574,0.040927694406548434,0.011894475843998355,49,0.06684856753069578,65679,11.77608573754707,17.159719910952997,168.2471718603973,11.666106436852841,15.18179534690245,11.684660407906833,13.039511096407663,248.75505079696714,627.7369397601761,True
166,166000,0.03092507645259939,0.004357798165137615,0.01384024887007687,0.04128440366972477,0.010916339012669288,0.0462962962962963,0.005747126436781609,0.023976838184028883,0.05747126436781609,0.020449431368971597,0.03668101386896222,0.004878048780487806,0.017636016174153592,0.047345767575322814,0.01448611965111248,44,0.06312769010043041,65679,11.85934604872041,17.470840521977003,186.60536854434028,11.904878609220182,15.444955170557106,11.827022819321797,13.395129747573176,268.50754146170993,633.729254238935,True
167,167000,0.0278681936909785,0.004303797468354431,0.014541016344625075,0.035443037974683546,0.013004822182037372,0.03905160390516039,0.005439330543933055,0.023271909237774887,0.05439330543933055,0.02480241748024175,0.0320840218316559,0.00473186119873817,0.017832315085102687,0.04258675078864353,0.017452180661959842,37,0.0583596214511041,65679,11.925487926861544,17.20398486385055,187.1211985726706,11.758786342547234,15.216950039420585,11.784321548746757,12.379298641645997,267.3900279357433,598.2340230475114,True
168,168000,0.03614916286149163,0.0043378995433789955,0.01871977712977449,0.04337899543378995,0.014411647459592666,0.029976019184652272,0.004676258992805756,0.01872280468823172,0.04316546762589928,0.020721993833504627,0.033752327746741154,0.00446927374301676,0.018720952634315145,0.04329608938547486,0.016861754012592,46,0.06424581005586592,65679,11.77712425656785,17.118217361916656,172.66904015375562,11.715285413022025,15.710071016639127,11.715971557357818,12.787876757985872,253.49358651724498,604.7097653167909,True
169,169000,0.04907161803713528,0.006631299734748012,0.027063674002568316,0.0636604774535809,0.022067491895078103,0.03258620689655172,0.004482758620689655,0.019630787287914078,0.04482758620689655,0.020239463601532563,0.04190404797601199,0.005697151424287856,0.023831984126631692,0.05547226386806597,0.02127269698484091,51,0.07646176911544228,65679,11.795570288741786,17.96928700920075,173.46765466905168,11.692030201071457,15.019889701761713,11.76234598318504,13.35997611587314,255.06675396888556,592.5188415052129,True
170,170000,0.022497249724972496,0.0037128712871287127,0.010322689709294654,0.03217821782178218,0.008835258525852586,0.014840182648401826,0.003424657534246575,0.011512147433531444,0.0273972602739726,0.013527397260273973,0.01928480204342273,0.0035919540229885066,0.010821715076359513,0.03017241379310345,0.010803799489144316,36,0.05172413793103448,65679,11.871929877727005,16.518900390366518,186.85881780031167,11.688001390425251,14.973201984597173,11.725878138885149,12.627014218391519,266.2637438007043,573.8528895065654,True
171,171000,0.036551724137931035,0.004827586206896552,0.01640725609723858,0.04597701149425287,0.011340996168582376,0.03083459532222783,0.0049469964664310955,0.023668873960497692,0.04946996466431095,0.0269434628975265,0.03429831542644913,0.004874651810584959,0.01926942581214433,0.04735376044568245,0.01749071494893222,51,0.07103064066852367,65679,11.78910838753322,19.013705379572478,175.55133623131658,11.80057849012317,15.290739664636233,11.706063869215688,13.052674480595883,258.20420650299326,638.5751331675071,True
172,172000,0.014602446483180428,0.002522935779816514,0.008210098710209397,0.02522935779816514,0.008641874180865006,0.030054644808743175,0.0036065573770491808,0.012609674377547373,0.036065573770491806,0.007877959927140256,0.020962663067926227,0.002968960863697706,0.010020990179221652,0.029689608636977057,0.008327442537968854,44,0.059379217273954114,65679,11.759841613806499,18.023125137017757,168.21192268440254,11.739290786738632,15.380766132305768,11.734437977944934,12.226740081416887,249.07612441363304,597.9620020002685,True
173,173000,0.029649454240134338,0.0042821158690176326,0.015562720733511112,0.04030226700251889,0.014864459637759385,0.0383297878143239,0.006529209621993127,0.016861551290707984,0.058419243986254296,0.014548900889107076,0.03332093253968254,0.005232558139534883,0.016112080751162695,0.04796511627906977,0.014730989294942782,45,0.06540697674418605,65679,11.805250855312366,16.540556077193624,166.91105661895133,11.661655921008096,15.031976865587104,11.708718922226469,12.945252957585751,246.60446821786473,656.9206706029951,True
174,174000,0.04814814814814815,0.0059259259259259265,0.02247010360264434,0.056790123456790124,0.017125220458553792,0.014122137404580154,0.002290076335877863,0.005075261171455798,0.022900763358778626,0.0036471586089906697,0.03478260869565218,0.004497751124437781,0.015637346905535796,0.043478260869565216,0.011830989267271125,46,0.06896551724137931,65679,12.203796827564561,20.973126289014488,190.77225764241314,11.925005550333934,15.28463566310978,12.039420540510548,12.849140153398109,276.0473826663445,566.5575520951982,True
175,175000,0.03117782909930716,0.003926096997690531,0.013354047386347066,0.03926096997690531,0.008864877744785365,0.036317567567567564,0.00472972972972973,0.013656882555555677,0.04391891891891892,0.0075075075075075074,0.03326474622770919,0.004252400548696845,0.013477009265751386,0.0411522633744856,0.00831373701744072,44,0.06035665294924554,65679,11.759247349363289,18.13573940648294,164.71035427978453,11.665639564562014,14.929335679508826,11.690767859062756,12.158898221648062,245.0499823604124,611.4100596937288,True
176,176000,0.033989367718583866,0.004513064133016627,0.01584393065904675,0.04513064133016627,0.011624816197262753,0.009574468085106383,0.002127659574468085,0.008116718611785116,0.02127659574468085,0.010173927727119217,0.024195624195624196,0.0035561877667140826,0.012744252426717046,0.03556187766714083,0.011042809727020254,48,0.06827880512091039,65679,11.766512782562799,21.217237445081416,165.3415772169542,11.679187801316715,15.037718636534692,11.673221552072066,12.322550240695396,249.03800567521728,592.131358894521,True
177,177000,0.01796042617960426,0.0025114155251141556,0.010089552700427535,0.02511415525114155,0.00955370732767993,0.03904506916555109,0.006827309236947792,0.025724283325426985,0.0642570281124498,0.03043124880474278,0.025602458353550055,0.0040756914119359534,0.01575628912782908,0.039301310043668124,0.017120676509322797,31,0.04512372634643377,65679,11.731493765015921,15.674250314484661,168.77454580174756,11.665886066464237,14.875469646180584,11.694214259949653,12.068165270329168,246.48402512417178,601.437003371591,True
178,178000,0.02400242504409171,0.003935185185185186,0.016192735696364226,0.034722222222222224,0.016553681657848325,0.04013822434875066,0.0071969696969696965,0.021093422163138323,0.056818181818181816,0.018891293891293893,0.03012290064241062,0.005172413793103448,0.018051616769968193,0.04310344827586207,0.017440362160189748,42,0.0603448275862069,65679,11.903832764642575,19.347928274987545,170.97057914713943,11.711313713691496,15.183027094911594,11.791412001666002,12.564919459973067,253.4730124570117,623.2651946392332,True
179,179000,0.027554064131245337,0.004026845637583893,0.015080086284242844,0.03803131991051454,0.014947977699655552,0.01384083044982699,0.0017301038062283738,0.00793433239011886,0.01730103806228374,0.006343713956170704,0.022169384057971014,0.003125,0.012274212812229483,0.029891304347826088,0.01156940131124914,43,0.058423913043478264,65679,11.81408036982079,17.135855610000974,166.7254865283241,11.685711390235776,15.229800948063366,11.688984802221691,13.82153175963352,248.10145140830022,619.557951973132,True
180,180000,0.02794117647058823,0.004524886877828055,0.016332782107495298,0.042986425339366516,0.01675105939811822,0.047454844006568145,0.007758620689655172,0.02453083988074928,0.06896551724137931,0.02214354132457581,0.03465804719513918,0.005637982195845699,0.019154665495321594,0.05192878338278932,0.018607225283783148,34,0.050445103857566766,65679,11.782708750879278,15.310560222275837,164.35819025725772,11.662744217488807,14.883675475696467,11.680191817853292,12.36611833391188,242.04418907536328,625.8901207684409,True
181,181000,0.029853951890034362,0.0038659793814432995,0.013557919756663914,0.03865979381443299,0.009234372443135328,0.033958916900093374,0.0058823529411764705,0.021169588730223916,0.058823529411764705,0.02832244008714597,0.03148189291268606,0.004665629860031105,0.01657654431071959,0.04665629860031104,0.016804290404601446,41,0.06376360808709176,65679,11.75744062406614,16.818886150543612,174.89832227665647,11.740192941839256,15.28811338233349,11.846980889851366,14.616109322490578,256.9660455877809,607.9487536028716,True
182,182000,0.020783373301358914,0.0035971223021582736,0.01078611706549536,0.03357314148681055,0.010371702637889687,0.039999999999999994,0.006666666666666667,0.019809703555447127,0.06666666666666667,0.02041005291005291,0.02833575934012615,0.004803493449781659,0.014332504768969854,0.046579330422125184,0.014316905801621958,41,0.05967976710334789,65679,11.780412120659944,17.507466821720108,165.9004258815211,11.769630761077066,15.327081265559261,11.707797399840292,12.919237989350574,246.91205223972833,593.3682793094197,True
183,183000,0.025311526479750775,0.0035046728971962616,0.014438500301754403,0.035046728971962614,0.015023735350838155,0.03353105469830208,0.00662020905923345,0.016619084687374358,0.059233449477351915,0.014657651678557601,0.02861083361083361,0.004755244755244756,0.015313783824373881,0.044755244755244755,0.014876789876789878,38,0.05314685314685315,65679,11.775080061948717,16.968513273568632,166.27364306878724,11.66510775749141,15.64167620871082,11.68111722510412,11.989180944027567,245.99431853963847,669.2121266570483,True
184,184000,0.020569867291178767,0.00351288056206089,0.012321757787689036,0.03278688524590164,0.011715177874428457,0.034129692832764506,0.007508532423208192,0.02305099692567939,0.05802047781569966,0.02707893168644022,0.02608796296296296,0.00513888888888889,0.016687962048010114,0.043055555555555555,0.0179673721340388,41,0.05694444444444444,65679,11.77953681938404,17.294765501024713,172.48274375333827,11.673543296203404,15.07728353619675,11.678512238932903,12.196080087817363,252.18246523289744,621.2553106983431,True
185,185000,0.027258193445243807,0.0035971223021582736,0.012904338768128742,0.03357314148681055,0.009881618514712039,0.021980676328502414,0.003985507246376812,0.013033811483791298,0.036231884057971016,0.013967966413618587,0.02515632515632515,0.003751803751803752,0.012955903659215126,0.03463203463203463,0.011509081747176986,38,0.05483405483405483,65679,11.748211536377617,16.41463863807924,171.31869419970135,11.719231259893492,15.089440275561916,11.754971036725959,12.899041961139668,250.94422890747921,573.0461799367537,True
186,186000,0.03192721257237386,0.003970223325062035,0.019844663786085813,0.03970223325062035,0.018592697624955686,0.040413533834586464,0.0067669172932330835,0.022652897539650007,0.06390977443609022,0.02398108366153479,0.03530144494270055,0.00508221225710015,0.02096124103339235,0.04932735426008968,0.02073516501767623,58,0.08669656203288491,65679,11.817567106386928,22.65776571461209,166.90977150149445,11.716348523704845,14.92213425785538,11.983694318040694,13.120900257290735,253.12818167938516,567.6600282009115,True
187,187000,0.028146328146328146,0.003931203931203931,0.014008960515835757,0.03931203931203931,0.012327912327912327,0.04748201438848921,0.007553956834532374,0.025962982473006546,0.0683453237410072,0.02348549731643257,0.035993511759935114,0.005401459854014599,0.01886037380648317,0.051094890510948905,0.016856100104275285,37,0.05401459854014599,65679,11.797673259011932,16.20898562598727,161.17660430689517,11.658154812105304,15.014508760013978,11.678635526202186,12.226494282813194,239.76105657302904,538.6960938283391,True
188,188000,0.025428687290001157,0.004866180048661801,0.016664263358953817,0.04866180048661801,0.02243463484339397,0.02194656488549618,0.0030534351145038168,0.012562631033364989,0.030534351145038167,0.012351569126378284,0.024073091346494022,0.004160475482912333,0.015067491190596798,0.041604754829123326,0.01850928087926602,36,0.05349182763744428,65679,11.739707104052588,16.859407911046233,162.8198292978611,11.681452328438091,14.846159647891044,11.673160922709425,11.941146538491099,241.5608637504896,612.6137166320156,True
189,189000,0.02762231367169639,0.0049382716049382715,0.013527585121538056,0.044444444444444446,0.012481873407799335,0.014926872388299584,0.0028688524590163933,0.00969250561227226,0.028688524590163935,0.01134367681498829,0.022849297226166618,0.004160246533127889,0.012085737047176184,0.03852080123266564,0.01205395357937731,27,0.04160246533127889,65679,11.784757944582891,15.024035666000302,166.5431057175648,11.78933315071351,14.885757428889645,11.754763154958603,12.930728976678907,244.71248203938865,606.4495296632111,True
190,190000,0.0345959595959596,0.004978354978354978,0.01869275713715551,0.04329004329004329,0.01653696832268261,0.05201342281879195,0.006711409395973154,0.03145432195752852,0.06040268456375839,0.028234526472781508,0.041425438596491226,0.005657894736842105,0.023696633869354403,0.05,0.021123642439431912,43,0.056578947368421055,65679,11.717838123426194,17.012642775399158,162.33672928767095,11.661615190089458,15.152154432290788,11.6811302642017,12.246306006019614,241.80841607909787,522.7254882650411,True
191,191000,0.01593915343915344,0.003333333333333333,0.010170122873419726,0.030952380952380953,0.012321428571428572,0.023681257014590347,0.003367003367003367,0.011663931832486044,0.03367003367003367,0.01025065469509914,0.019146133581280023,0.003347280334728034,0.010788897295794478,0.03207810320781032,0.0114636603130327,45,0.06276150627615062,65679,11.808883995073627,17.322827187915557,175.84467264156189,11.754626222271192,15.083485204070435,11.676806575627863,13.25192816040155,256.74322998692213,545.0970559216229,True
192,192000,0.040817535545023695,0.006872037914691944,0.02360749633505094,0.06635071090047394,0.02198337470849319,0.036702127659574466,0.006028368794326242,0.02594193758499741,0.04964539007092199,0.027141731397050547,0.03916903409090909,0.006534090909090909,0.024542599222103365,0.05965909090909091,0.02404964826839827,46,0.06534090909090909,65679,11.784700115480273,16.63797197981598,159.82021282320846,11.691554318404851,15.444589592239488,11.677728685294264,13.025313661735316,240.08207117617863,553.2431951812133,True
193,193000,0.02878103837471783,0.003837471783295711,0.013135391730638985,0.03611738148984198,0.01217886703214017,0.04087864460204886,0.006028368794326242,0.022827992511787337,0.06028368794326241,0.02086710570753124,0.033486590038314175,0.004689655172413793,0.01690547920689255,0.04551724137931035,0.015558292282430214,28,0.038620689655172416,65679,11.715316133392717,14.727435192929406,159.15492029391908,11.669237700268065,14.971247355860529,11.6892870587193,12.346664183399136,236.27410791848823,613.3339824180294,True
194,194000,0.039450686641697874,0.005393258426966293,0.02136534310766601,0.051685393258426963,0.021035313001605136,0.048600000000000004,0.0076,0.02587520676520547,0.072,0.02469365079365079,0.04274180655475619,0.006187050359712231,0.022987596221888836,0.058992805755395686,0.022351261847664727,34,0.04892086330935252,65679,11.729602679227957,16.204212907322546,165.55895457964763,11.660091191689759,14.95707046839101,11.679619040610989,12.367256348760902,244.1568072156508,534.8066182898903,True
195,195000,0.020368317319536828,0.0037694013303769406,0.0126245582041855,0.03547671840354767,0.013125153978812514,0.04609929078014184,0.005673758865248227,0.019214930931933095,0.05673758865248227,0.012965777327479455,0.03026754585417614,0.004502046384720328,0.015160008557834644,0.04365620736698499,0.01306383854132831,51,0.06957708049113233,65679,11.806248013168652,18.456097520352934,177.1161864049242,11.669696544786001,15.267842864014058,11.685923890780714,13.301674819027332,259.3036700570539,549.2985418459328,True
196,196000,0.025235326688815056,0.003953488372093024,0.015571896461528251,0.03953488372093023,0.017974344776670356,0.03250883392226149,0.004240282685512368,0.018252157668351247,0.04240282685512368,0.015654271131302935,0.028122286782875844,0.004067321178120617,0.01663573085357721,0.04067321178120617,0.01705347403103364,49,0.06872370266479663,65679,11.79541879464674,17.32976799351249,172.2782141324597,11.74433201417413,15.512512068716067,11.744043601574772,13.092034543554787,253.49632314863865,606.8764250532488,True
197,197000,0.031955965181771635,0.004731182795698925,0.01739599461411279,0.047311827956989246,0.018803550093872676,0.02918533266965323,0.005574912891986063,0.021529422145014947,0.05574912891986063,0.03006470881035341,0.03089855623100304,0.0050531914893617025,0.01897351283401827,0.05053191489361702,0.023101359338061463,41,0.05452127659574468,65679,11.780981296088955,17.164297275995555,159.03635757966163,11.674143656353886,16.598703649867154,11.6946490897607,12.076409242028907,240.0255417897568,580.6166253608247,True
198,198000,0.02535943713673906,0.0036402569593147758,0.011086207039131475,0.03640256959314775,0.009965670779375276,0.014213836477987421,0.002641509433962264,0.0069315680277406535,0.022641509433962263,0.006540880503144654,0.02132448607858444,0.0032786885245901644,0.009582136905226328,0.031420765027322405,0.008725821840575939,35,0.04781420765027322,65679,11.723075634240132,16.730124809127833,164.21899180552035,11.666152788386563,15.090454873994963,11.676962104495425,12.68028586307035,243.7860478788356,594.565562847399,True
199,199000,0.03460169114374722,0.004906542056074766,0.018578372450006358,0.04906542056074766,0.01578308114523068,0.02590420332355816,0.004032258064516129,0.011323803189359442,0.04032258064516129,0.011245519713261648,0.03141089679551218,0.004585798816568048,0.01591693283959151,0.04585798816568047,0.014118413637644404,39,0.057692307692307696,65679,11.878994085834371,17.098197309162178,176.98742219804387,11.65544058992496,15.083178435543187,11.670255884971281,12.293099472898694,256.66658797637854,527.5032112776745,True
200,200000,0.026673101673101673,0.0045045045045045045,0.014721197767260916,0.04504504504504504,0.01365919490919491,0.022290809327846363,0.005349794238683128,0.014191056804142265,0.037037037037037035,0.015089163237311385,0.025123033201635822,0.004803493449781659,0.01453368065803554,0.042212518195050945,0.014164991566738292,40,0.05822416302765648,65679,11.787738372848189,16.64559254779818,164.29333938877687,11.65926208371304,14.896264051267316,11.709998891967777,13.224036225084612,244.21623156145597,605.3054026173565,True
201,201000,0.023862788963460106,0.003131991051454139,0.011608872053847577,0.03131991051454139,0.010162991371045062,0.049460955710955705,0.007342657342657344,0.02287577193235897,0.06993006993006994,0.018606393606393604,0.0338506139154161,0.0047748976807639835,0.01600496122881928,0.04638472032742155,0.0134574157084389,39,0.05320600272851296,65679,11.77038296804045,17.766653115564026,167.34414451441415,11.756104721705185,15.817338753026933,11.782340254729018,12.023651786374767,248.26061611385452,618.8400602727684,True
202,202000,0.030746998252853052,0.0053864168618266975,0.016738557129000336,0.053864168618266976,0.01537117579272146,0.03175797712221553,0.003642384105960265,0.02049464090755268,0.03642384105960265,0.01944444444444444,0.03116581254441337,0.004663923182441702,0.018294575374710634,0.04663923182441701,0.017058592984518908,34,0.04663923182441701,65679,11.735891977615598,16.85000111387169,173.15267693115976,11.662067246925867,15.095585527591382,11.683289838304578,12.013788007414483,252.19330064288337,567.2823877636569,True
203,203000,0.028590785907859077,0.004434589800443459,0.015929725185569694,0.04212860310421286,0.014417696125013197,0.040302491103202845,0.0071174377224199285,0.02519287980102413,0.06761565836298933,0.031020166073546865,0.033086672738312076,0.00546448087431694,0.019485662954617095,0.05191256830601093,0.02079104865990112,36,0.04918032786885246,65679,11.737308341475128,15.806008334617871,169.73664389738352,11.660923773637588,15.21081620739495,11.687524514608638,12.695919324567928,248.5351443936856,598.3510458713038,True
204,204000,0.022458628841607566,0.0035460992907801418,0.012520148842246509,0.03546099290780142,0.013277233667304588,0.05086206896551724,0.006551724137931034,0.029104301617752022,0.06551724137931035,0.026631089217296115,0.034011220196353435,0.004768583450210378,0.019265456422746643,0.047685834502103785,0.018708675616108995,42,0.05890603085553997,65679,11.989730567540935,17.806005613046906,172.61244018920706,11.664148629103588,15.048178835214143,11.70024980334805,12.005080946925206,252.8258345843859,635.6086054634113,True
205,205000,0.03194444444444445,0.004285714285714285,0.01537002792347891,0.04285714285714286,0.012607709750566893,0.01852540272614622,0.004089219330855019,0.009799624307430137,0.02973977695167286,0.00859149111937216,0.026705370101596515,0.00420899854862119,0.01319522593114637,0.03773584905660377,0.011039694058561983,37,0.05370101596516691,65679,11.756835050225067,17.244988337050682,160.0364156945644,11.680408793540709,14.985693123942267,11.687672384408376,13.470889639544126,240.86290302327563,584.8418199580763,True
206,206000,0.02916666666666667,0.004750000000000001,0.01768739721539589,0.04,0.020590277777777777,0.03972688670140899,0.006687898089171975,0.02490389235470304,0.05732484076433121,0.027715852795470633,0.03381079704609116,0.0056022408963585435,0.020861037934923124,0.047619047619047616,0.023723934018051666,48,0.06722689075630252,65679,11.723113345324387,16.99360469861744,168.41848572449192,11.71529915061642,15.407294746500044,11.698413671046293,13.621934698976323,249.57814603557284,578.5102763823658,True
207,207000,0.024265208475734792,0.0035885167464114833,0.01396806514911368,0.03588516746411483,0.013536682615629984,0.027777777777777773,0.003666666666666667,0.01780577696367191,0.03666666666666667,0.01808730158730159,0.025732855816421273,0.0036211699164345407,0.01557156590728564,0.036211699164345405,0.015438055445019232,48,0.06685236768802229,65679,11.76778933445477,18.068643358015724,169.42631520447392,11.66631843402266,15.122929400562812,11.673992688310264,12.859342512855365,250.58533093269548,572.4814288461666,True
208,208000,0.02219730941704036,0.0033632286995515697,0.012056990432346416,0.03139013452914798,0.011136023916292976,0.03176528073916134,0.005970149253731343,0.01737608501531737,0.05970149253731343,0.017044243070362473,0.025788648792850474,0.004341736694677872,0.014053513329035794,0.04201680672268908,0.013353674803254636,36,0.05042016806722689,65679,11.729783520597614,17.345951147218486,163.9984142719486,11.661668442436435,15.363578195648486,11.708044749147994,12.24958858858649,244.0570289155841,577.9751765327135,True
209,209000,0.026457131489954246,0.0030634573304157554,0.014282294926984516,0.030634573304157548,0.010803723385780277,0.05327868852459016,0.0072131147540983615,0.027605446942999576,0.07213114754098361,0.023486859224564144,0.03719279408255786,0.0047244094488188984,0.019615052623683456,0.047244094488188976,0.015880306628338125,36,0.047244094488188976,65679,11.735934046575025,18.275335162049046,170.58763882166207,11.703718749755954,15.239946716094632,11.682978470817229,12.419060580526331,251.64461254748028,575.5632608183403,True
210,210000,0.023864511162432638,0.0027713625866050812,0.014566021671858904,0.02771362586605081,0.012117379669342718,0.0234282325029656,0.0035587188612099642,0.015731244807501637,0.03558718861209965,0.015361803084223013,0.023692810457516342,0.003081232492997199,0.015024603886306534,0.03081232492997199,0.013394246587523898,37,0.05182072829131653,65679,11.722854638185343,17.03367621797014,165.7915560764889,11.65927902932462,14.935213360017796,11.668217265115022,12.147351311608823,244.95814789871062,552.9710680095279,True
211,211000,0.019929817657090385,0.00367965367965368,0.0148139960999781,0.032467532467532464,0.01458891637463066,0.027569169960474312,0.004782608695652175,0.01597538153167497,0.043478260869565216,0.013954451345755695,0.02246890874058504,0.004046242774566474,0.015200005708779083,0.036127167630057806,0.014378039269657767,23,0.033236994219653176,65679,11.746709635496178,15.24789544721239,164.3178810124546,11.686712241637531,15.311555481872796,11.7185781089435,12.9235517145887,242.9528836422057,617.2635684049133,True
212,212000,0.040376106194690266,0.004646017699115044,0.022375483692724275,0.046460176991150445,0.01736637870487428,0.024404761904761905,0.004365079365079365,0.014941863829642132,0.04365079365079365,0.017162698412698414,0.03465909090909091,0.004545454545454546,0.019714585673552828,0.045454545454545456,0.017293470418470416,36,0.05113636363636364,65679,11.787055578360572,16.4441868632792,161.97431343026315,11.688903621048796,15.47713094438019,11.699206675819251,12.874441457755292,241.94523857090647,658.0377404663828,True
213,213000,0.029484386347131446,0.004139433551198257,0.013794160492783258,0.04139433551198257,0.011173358232181763,0.01790012033694344,0.0028880866425992783,0.008934465275699561,0.02888086642599278,0.008945046129161653,0.025124547101449277,0.0036684782608695653,0.01196517193961453,0.036684782608695655,0.01033471359558316,42,0.057065217391304345,65679,11.765978581268488,17.24165817371115,161.84402592331338,11.65973752390026,15.123054144000614,11.697946331573617,12.365421670490484,241.69782234825797,592.7558925012677,True
214,214000,0.023594615993665875,0.003800475059382423,0.014250727678823747,0.03800475059382423,0.016293405723334462,0.03356401384083045,0.004498269896193772,0.02005941740495805,0.04498269896193772,0.017358708189158016,0.027652582159624413,0.004084507042253521,0.01661510983495447,0.04084507042253521,0.016727028839704897,40,0.056338028169014086,65679,11.766913670108181,17.723947201842005,175.63454414115665,11.665445622144333,15.090355610536399,11.681726346579602,12.126421978925217,255.68935457129237,593.9964084542004,True
215,215000,0.024213075060532687,0.003389830508474576,0.01322565256804981,0.03389830508474576,0.01279449632960529,0.03657407407407407,0.0059027777777777785,0.021502431051577682,0.052083333333333336,0.018893298059964727,0.029291488349976223,0.00442225392296719,0.01662609793646069,0.04136947218259629,0.0153001381246745,34,0.04850213980028531,65679,11.73715333069314,16.308523651781258,163.43479509497993,11.664467688132785,15.310683072200515,11.68940439205679,12.652311799643545,242.79733902948794,587.4376086227318,True
216,216000,0.0235191637630662,0.003170731707317074,0.013645383586918127,0.02926829268292683,0.012685830429732868,0.04622838401908169,0.007751937984496124,0.02466659013453327,0.07364341085271318,0.029311246462409252,0.032290090149371585,0.004940119760479042,0.017902077133751523,0.04640718562874251,0.01910702404714381,29,0.04341317365269461,65679,11.785343492720646,16.316907849561744,174.38441726400077,11.776375828775887,15.106933344138929,11.763887875299028,11.879454550139945,253.01332020463693,649.0587915196078,True
217,217000,0.03644812091503268,0.005637254901960785,0.021035656670538187,0.04656862745098039,0.018265639589169002,0.047496025437201904,0.006418918918918919,0.023636767171736985,0.060810810810810814,0.021447340197340195,0.04109326258912656,0.005965909090909092,0.022129305403996772,0.052556818181818184,0.01960340007215007,37,0.052556818181818184,65679,11.717726496551784,16.106848724606326,160.7525013229416,11.670202571062438,14.96489114077848,11.688799537279415,12.151992875714113,239.05296266893419,603.180919310109,True
218,218000,0.027523582348476634,0.004738154613466335,0.014044316898433315,0.04488778054862843,0.014005660452044492,0.030344202898550724,0.004710144927536232,0.018513379125075995,0.04710144927536232,0.021959109730848858,0.02867349560079635,0.004726735598227475,0.015866268411806106,0.04579025110782865,0.01724813017279782,38,0.056129985228951254,65679,11.776688001646773,16.522368817661892,162.62665291208455,11.659355290488671,15.325029825458136,11.681375667066396,12.118913908260032,241.71038442266644,615.0828562820066,True
219,219000,0.018074123588829472,0.0031862745098039224,0.010573948889794621,0.029411764705882353,0.009531590413943357,0.02938769863230295,0.006115107913669065,0.01770095590500825,0.05755395683453238,0.021197327852004108,0.022658925137059246,0.004373177842565598,0.013462152898875365,0.04081632653061224,0.014259105002545236,45,0.06559766763848396,65679,11.73500915954695,17.24732604319046,166.80772058499937,11.668146023102732,14.946575345231583,11.673507679416106,12.946910802807965,247.02519563829517,583.6577584071023,True
220,220000,0.03847789115646258,0.004846938775510204,0.019414985812362846,0.04846938775510204,0.01669501133786848,0.02066157308694622,0.004477611940298508,0.009987044142673322,0.04477611940298507,0.009503079838900733,0.031243386243386243,0.004696969696969697,0.015586670104064677,0.04696969696969697,0.013774651274651273,39,0.05909090909090909,65679,11.741114981589362,16.5423207006965,164.02334559398324,11.675297334784451,14.736654317171194,11.678438179063555,12.34165433258716,242.73882543987548,592.2238785873168,True
221,221000,0.02135955831608005,0.003381642512077295,0.014170904648357362,0.033816425120772944,0.014565600797484856,0.04067982456140351,0.005592105263157896,0.0207501145496997,0.05592105263157895,0.01839886173767753,0.02953972675421143,0.004317548746518105,0.01695653112469172,0.04317548746518106,0.016188597072998186,39,0.054317548746518104,65679,11.768529063344024,19.76162901645706,174.33766235641633,11.846908504670184,15.475502096712335,11.72010137631685,13.033194747519294,257.94352716143607,626.676755702632,True
222,222000,0.030642152944311215,0.004796163069544364,0.01727490878127719,0.045563549160671464,0.01517072056640402,0.03725649350649351,0.005194805194805195,0.0185809824675659,0.05194805194805195,0.014911873840445272,0.03345210727969349,0.004965517241379311,0.017829764912831565,0.04827586206896552,0.015060755336617406,31,0.04275862068965517,65679,11.92439769137632,19.736705992506877,177.21062851228098,11.671468310159305,15.207356541452333,11.698903141454942,12.357905090548682,259.8073652797794,622.2787088991099,True
223,223000,0.02969348659003832,0.00413793103448276,0.014840906775173891,0.041379310344827586,0.012006020799124249,0.03910693970420932,0.006825938566552901,0.020369186786250045,0.06143344709897611,0.019533831735196922,0.033482142857142856,0.0052197802197802195,0.01706588760380756,0.04945054945054945,0.01503575789290075,37,0.050824175824175824,65679,11.770546914369184,16.517647708297332,162.18021445033037,11.662924963518062,15.151718045780527,11.682932371720467,12.882922896945148,241.84890735096107,574.0774965040663,True
224,224000,0.016524736415247362,0.00291970802919708,0.00819053543130107,0.029197080291970802,0.007957749198625111,0.035123523093447906,0.005639097744360902,0.022301875042841705,0.05263157894736842,0.021689640768588134,0.023832383765914046,0.003988183161004431,0.013735020418996503,0.03840472673559823,0.013353145295538205,48,0.07090103397341212,65679,11.74022575867184,16.862665178862812,177.90133376710537,11.672187197914186,14.867501113263737,11.696175503228545,13.426785683834375,258.1668742028809,611.1070441883749,True
225,225000,0.02628852628852629,0.0034965034965034965,0.013185483031754921,0.03496503496503497,0.011003811003811004,0.014704977756448344,0.005681818181818182,0.011172990238502526,0.045454545454545456,0.018087121212121214,0.021875745895353738,0.004329004329004329,0.012418819110515912,0.03896103896103896,0.013702214892691083,31,0.044733044733044736,65679,11.777492708003878,16.060599969530685,167.50985128508034,11.665523087456275,14.978177521635105,11.708577005359322,12.086885152723381,245.787106729789,607.4880200684918,True
226,226000,0.02385466034755134,0.0037914691943127963,0.01435510693741024,0.03317535545023697,0.01322030391935605,0.0279783393501805,0.004332129963898918,0.016556656652658954,0.036101083032490974,0.013436192768322731,0.025488793514544587,0.004005722460658083,0.015227537940448715,0.034334763948497854,0.013305856438903649,31,0.044349070100143065,65679,11.779335023054394,15.829025679287012,169.2382615014476,11.695816838880324,15.182203195296395,11.717787038401095,12.72694555731757,248.1693748336844,606.3854803981806,True
227,227000,0.023057644110275687,0.004511278195488722,0.015012408204984163,0.03508771929824561,0.016060985797827904,0.03689655172413793,0.006551724137931034,0.01670556237747148,0.05862068965517241,0.014634646962233168,0.02888243831640058,0.005370101596516691,0.015725056550443265,0.04499274310595065,0.015460639988941875,31,0.04499274310595065,65679,11.802586236064894,16.535186137478508,167.87167314477603,11.660986574235643,15.164301907899524,11.686475187039358,12.815167471674771,247.53637665916872,585.3895178189739,True
228,228000,0.03864734299516908,0.004347826086956523,0.02104342184227591,0.04106280193236715,0.016152902384786443,0.04724818276220145,0.0065420560747663555,0.03181418772321252,0.059190031152647975,0.030026455026455023,0.04240362811791383,0.005306122448979592,0.025747388982113525,0.04897959183673469,0.022211964150739658,30,0.04081632653061224,65679,11.889850387886147,17.649433726146803,172.72881059396394,11.683578884286172,16.21484413744101,11.805297296996198,12.533391094776691,254.505206121497,589.1031897765909,True
229,229000,0.030656303972366145,0.0036269430051813476,0.016675245726715297,0.03626943005181347,0.01478020396414179,0.03599574014909478,0.0060702875399361025,0.019281032210146824,0.054313099041533544,0.018981692783609717,0.03304721030042918,0.0047210300429184554,0.0178420714338885,0.044349070100143065,0.01666155732679338,33,0.04721030042918455,65679,11.796856628110142,18.923687466254613,168.99147171731133,11.662317360494612,15.079230365505625,11.717693977453258,12.721449290348241,250.8927068054778,602.4975894078077,True
230,230000,0.03131956397016638,0.004819277108433735,0.017389236804327083,0.04578313253012048,0.017341747944157583,0.0339720194647202,0.006934306569343066,0.022437477972645458,0.06569343065693431,0.025764685436218283,0.03237438661966964,0.0056603773584905665,0.01939681021524034,0.05370101596516691,0.02069136314419333,29,0.0420899854862119,65679,11.783896541522898,15.775057199046705,165.37122417814575,11.659212051678969,15.487916477679997,11.677142433191845,12.104129929468854,243.858578810735,614.9747455577448,True
231,231000,0.016104868913857675,0.0022471910112359553,0.008567469673335276,0.02247191011235955,0.00844836811128946,0.037575757575757575,0.005454545454545455,0.023236432853102177,0.05454545454545454,0.022796536796536798,0.024305555555555556,0.003472222222222222,0.014170198665607354,0.034722222222222224,0.013928571428571429,26,0.03611111111111111,65679,11.80959430410744,15.594789425116273,178.19125432927407,11.66812033293052,15.222148865567942,11.68356180097918,12.349531956890036,256.51900101486547,665.9257662384732,True
232,232000,0.017948717948717947,0.0028205128205128207,0.00902679198241256,0.028205128205128206,0.007876475376475376,0.034186575654152444,0.006143344709897611,0.02253441929565778,0.05460750853242321,0.021884988352565145,0.024914592484138604,0.0042459736456808206,0.014821425661447478,0.03953147877013177,0.013885983871342582,38,0.055636896046852125,65679,11.794093574296616,17.139980162061974,183.41786133979633,11.676129674120794,15.00069291379691,11.701769849603583,12.22868920325304,262.95921671692923,666.8818634004148,True
233,233000,0.027947754517802827,0.004106280193236715,0.01665417776286906,0.04106280193236715,0.014253124760371137,0.048648648648648644,0.006418918918918919,0.022415656831435482,0.060810810810810814,0.015755040755040757,0.036577986437141365,0.005070422535211268,0.019056146501313653,0.04929577464788732,0.014879275653923543,35,0.04929577464788732,65679,11.779181372212344,18.833319456790232,170.29203191493147,11.75817602100393,16.07218192870019,11.790950018381041,12.837305597007687,253.3631463090269,613.0905986282409,True
234,234000,0.034178891605541974,0.004400977995110024,0.016556016929347796,0.044009779951100246,0.013844258159661582,0.02701312065860561,0.004682274247491639,0.014330362655830991,0.046822742474916385,0.014904177947656206,0.031152669129364045,0.004519774011299435,0.015616086664119653,0.04519774011299435,0.014291879652049144,37,0.052259887005649715,65679,11.854587834758679,19.391013209552057,165.4782986794112,11.662595481520821,15.025823745767886,11.680750308967758,12.619471464581089,247.71254072455952,619.2847978769012,True
235,235000,0.025411948817085517,0.0037558685446009393,0.013431406443883744,0.03755868544600939,0.011794843132871302,0.03421633554083885,0.004635761589403974,0.015415995532409108,0.046357615894039736,0.01091269841269841,0.029064318034906268,0.004120879120879121,0.014254683785552235,0.04120879120879121,0.01142889848246991,37,0.050824175824175824,65679,11.774516684215364,16.89309107488768,160.4848297272754,11.668671575842948,15.092336658029115,11.707045456110787,12.251163887450067,239.8716550638114,618.8739306059455,True
236,236000,0.03307223672758921,0.004438642297650131,0.018499040092659864,0.044386422976501305,0.0181855858096067,0.037353347135955825,0.008333333333333333,0.01688717926914556,0.06159420289855073,0.015064987347596044,0.0348652359274514,0.006069802731411229,0.017823966363843556,0.051593323216995446,0.016878628031890552,24,0.036418816388467376,65679,11.802187976778233,16.731795544927543,181.68272856308732,11.689295273953348,15.032265604342232,11.721575233353265,13.655895057862466,262.3157432543044,653.7806350071229,True
237,237000,0.017400162999185002,0.0031784841075794623,0.009761114694761458,0.03178484107579462,0.010033181976947256,0.039375233819678265,0.006734006734006734,0.023876199799375566,0.06060606060606061,0.026214526214526215,0.026644633301857096,0.004674220963172805,0.01569904709712745,0.043909348441926344,0.016840348037231886,22,0.031161473087818695,65679,11.740315638386623,15.445475462033675,168.0043708177925,11.676968634244389,15.486022556382428,11.715073737372794,12.559566630460095,246.6277934766725,603.7318372295042,True
238,238000,0.022944647944647942,0.004615384615384616,0.013999951507476993,0.041025641025641026,0.017097069597069598,0.05172413793103448,0.0072796934865900385,0.029855073265603112,0.07279693486590039,0.027245636441038737,0.03448296881476605,0.0056835637480798775,0.02035661322617272,0.053763440860215055,0.021165849852485798,30,0.04608294930875576,65679,11.751154484401782,16.55119281621098,169.50803905610434,11.666173166891003,14.776051108639221,11.691361709892378,13.398575125112,249.3425474672517,624.3569537942584,True
239,239000,0.034323858742463395,0.004392764857881137,0.018146483448338826,0.04392764857881137,0.01477790082441245,0.03195732838589981,0.00487012987012987,0.015486091269223118,0.048701298701298704,0.013126159554730983,0.033275094210346,0.00460431654676259,0.01696748950421273,0.0460431654676259,0.014045906132237069,29,0.041726618705035974,65679,11.746643196225426,14.912307907483102,172.1092650753542,11.664784060755329,15.12014961854713,11.689465673148103,13.237593061293795,250.48020859280706,622.0410577105207,True
240,240000,0.02869198312236287,0.0037974683544303796,0.017661402478550192,0.035443037974683546,0.01490154711673699,0.029451345755693584,0.004347826086956522,0.013283270057552208,0.040372670807453416,0.010074682046731735,0.02903300790330079,0.00404463040446304,0.01569521190733492,0.03765690376569038,0.012733833654335745,44,0.061366806136680614,65679,11.895680237183903,19.823550914871426,195.30139233037147,11.715765484032747,15.367431721785563,11.696120171100777,13.695575971223173,279.49551683056904,666.2042340107588,True
241,241000,0.018437259430331022,0.003464203233256351,0.00953236553871795,0.02771362586605081,0.009490817112064225,0.03279355220349009,0.005279503105590062,0.01716042438633492,0.052795031055900624,0.01783988957902001,0.024560075685903498,0.00423841059602649,0.012785656861807573,0.038410596026490065,0.013051613581414906,37,0.04900662251655629,65679,11.856692078759945,20.19968431526964,176.62823450850794,11.702789436296435,15.744954263374744,11.730620979089057,12.851223151699731,260.7141987329975,670.9326849683173,True
242,242000,0.02894954507857734,0.003722084367245658,0.015157479022536351,0.03722084367245657,0.01187916026625704,0.058956386292834895,0.00778816199376947,0.031866644388216826,0.06853582554517133,0.026639222667260053,0.0422536832412523,0.0055248618784530384,0.022565824440193023,0.05110497237569061,0.01842333157940893,32,0.04419889502762431,65679,11.836454165692345,15.988201916589118,166.2141537859818,11.678924301372628,15.703820791135303,11.714401284473874,12.933269195297692,246.0692254405428,660.3530060903252,True
243,243000,0.03081058726220016,0.0047146401985111676,0.019292247717244426,0.04714640198511166,0.017572570798377252,0.0539951573849879,0.008813559322033896,0.03278411772712002,0.07796610169491526,0.031949152542372884,0.040609223632146266,0.0064469914040114614,0.024994399082449725,0.06017191977077364,0.023648633283303768,31,0.044412607449856735,65679,11.78420715500228,15.461859513288267,170.63105033468528,11.66862388976564,15.048831603109436,11.69101225714786,12.37967597161882,248.66526072461758,614.9695267765043,True
244,244000,0.03817177186742404,0.005797101449275363,0.018185967688776516,0.05314009661835749,0.013955026455026453,0.028070175438596492,0.004912280701754385,0.018284879676495506,0.0456140350877193,0.020442773600668335,0.034053095211893494,0.005436337625178828,0.018226296610807862,0.05007153075822604,0.016600245248313918,30,0.04291845493562232,65679,11.801456852922332,16.185165775839394,173.8463536306578,11.664251814480497,15.397090526780843,11.697152094786167,12.574393267600348,253.1658639630674,617.2768930264583,True
245,245000,0.03321812596006144,0.004377880184331798,0.01616999698397057,0.041474654377880185,0.013324738497549558,0.022168803418803416,0.004166666666666667,0.01398531257878927,0.038461538461538464,0.01956908831908832,0.02859696157283289,0.004289544235924933,0.015256295195208417,0.040214477211796246,0.015936316438997403,30,0.040214477211796246,65679,11.817894583820987,15.667346104336621,166.6321651722924,11.667110762308974,15.365694468555402,11.710689813537734,12.151349102929032,245.01225000778112,653.2120175094525,True
246,246000,0.0265993265993266,0.0047979797979797985,0.01602014320764106,0.045454545454545456,0.018644781144781145,0.023232323232323233,0.0033333333333333335,0.00968600373400923,0.03333333333333333,0.006310726310726311,0.025068870523415977,0.004132231404958679,0.013140988901444776,0.03994490358126722,0.013038392583847128,29,0.03994490358126722,65679,11.794190910602298,16.24514548570488,162.04251362655907,11.66194907237239,15.025432868881472,11.67435296342556,12.202938127120477,240.64652305466615,565.5610493013885,True
247,247000,0.029014417101665427,0.0044742729306487695,0.017616624603790453,0.042505592841163314,0.01762899044778239,0.030673741358015066,0.0054421768707483,0.01512724242970952,0.047619047619047616,0.013504211208292842,0.02967277247463006,0.004858299595141701,0.016628934510430408,0.044534412955465584,0.015992438360859413,33,0.044534412955465584,65679,11.77376614444614,15.604401029017945,162.75171730886774,11.665238200619932,15.168190988651409,11.692478531749595,12.218353317772213,240.874145521125,566.0934931157602,True
248,248000,0.027270210409745293,0.0037209302325581397,0.013451858107905959,0.03488372093023256,0.009976928755998522,0.013982102908277406,0.002013422818791946,0.0085913763165438,0.020134228187919462,0.007334611697027804,0.021830847723704867,0.003021978021978022,0.011462265286716504,0.028846153846153848,0.008895320948892378,26,0.03571428571428571,65679,11.722534844660348,15.136800164183839,162.98081463783643,11.678235967510497,15.406867285405745,11.690213168130681,12.187174541822277,240.80264060954983,665.2040573340568,True
249,249000,0.03540831206707984,0.005213270142180095,0.01959709184377829,0.04976303317535545,0.017189498232152257,0.034745293466223695,0.004318936877076412,0.01861398542106298,0.04318936877076412,0.01573327005220693,0.03513228357626697,0.004840940525587829,0.0191878041076271,0.04702627939142462,0.01658324002722343,26,0.035961272475795295,65679,11.76595949411996,17.24506874326015,167.00050849097204,11.65852534704137,15.151799692858514,11.6853294364061,12.047857099295456,246.55504830395358,611.2116957980862,True
250,250000,0.041340295909486506,0.006005221932114883,0.023807278298369948,0.05483028720626632,0.022296821252434835,0.04916107382550335,0.007046979865771814,0.026208685364578526,0.06711409395973154,0.021116970278044104,0.04476260401370534,0.0064610866372980915,0.024858114283289417,0.06020558002936858,0.021780528168193366,30,0.04405286343612335,65679,11.8826343923073,18.866588309268685,164.195040486953,11.662089036190704,14.962908896631877,11.679248480445104,12.310359857881092,245.55886945967774,530.1191982239051,True
251,251000,0.020338610378188213,0.002902374670184697,0.013577786229012142,0.026385224274406333,0.012269129287598943,0.03152289669861555,0.004792332268370607,0.017080992087260848,0.04472843450479233,0.01556113393174096,0.025397398843930635,0.003757225433526012,0.015162328763162206,0.03468208092485549,0.013758142948894395,28,0.04046242774566474,65679,11.801692579749279,16.62028887469691,162.14545721893182,11.662419548336134,15.12572905792986,11.694047464927415,14.215538911954706,243.26517365652612,659.408406324502,True
252,252000,0.030821917808219176,0.004109589041095891,0.013486285769548913,0.038356164383561646,0.009558599695585998,0.01669661575321953,0.0028301886792452833,0.008356132494759213,0.02830188679245283,0.00815738244983528,0.024245276441469708,0.0035139092240117128,0.011097722458592653,0.03367496339677892,0.008906202793464872,47,0.06881405563689605,65679,11.826983411900027,17.459566094030208,163.37819435305323,11.671932687112863,14.921783810323275,11.69052727303943,13.18058886715101,244.12957649661004,620.0328455404635,True
253,253000,0.02327919566898685,0.0034802784222737818,0.00971142363516251,0.03480278422273782,0.00861322874083895,0.03544303797468354,0.005063291139240506,0.014756841899140765,0.05063291139240506,0.010458107293550331,0.028424810352521198,0.004149933065595717,0.011845763891410338,0.041499330655957165,0.009393659293257688,33,0.04417670682730924,65679,11.733172575967288,15.324903461622075,162.0466732120407,11.666445107944012,15.17996076361161,11.686053991322165,12.594293461648531,240.23150257415637,557.3031937033123,True
254,254000,0.03320802005012531,0.004260651629072682,0.016122213575831892,0.042606516290726815,0.013574611131002109,0.03155479059093517,0.004819277108433735,0.01675008174856767,0.04216867469879518,0.013022327404857523,0.03245716891407726,0.004514363885088919,0.016407373949769346,0.04240766073871409,0.013323779124052724,38,0.05198358413132695,65679,11.784206073145453,15.62159812870667,168.06856528372992,11.660903310700688,14.96474955936522,11.671131914969823,12.868264923249217,246.63941919386704,554.5401384516869,True
255,255000,0.03844022169437846,0.004988123515439431,0.016959938218105302,0.0498812351543943,0.012522150586283604,0.030225988700564976,0.005423728813559322,0.017242942425441422,0.05084745762711865,0.017842345977939197,0.035055865921787714,0.005167597765363129,0.01707653911358597,0.05027932960893855,0.014714130531169638,48,0.0670391061452514,65679,11.715018656488496,16.57617237665887,162.22035794866142,11.66022665566313,15.034035510258503,11.672059939238366,13.04954347181031,241.92741455877905,612.5828102148678,True
256,256000,0.0293270960777258,0.0042821158690176326,0.013753628005380393,0.042821158690176324,0.010581344208548239,0.02522863450015768,0.004966887417218544,0.014137538374092342,0.04304635761589404,0.015658835278040576,0.027556373049935277,0.004577968526466381,0.013919494859959804,0.04291845493562232,0.012775052796512023,31,0.044349070100143065,65679,11.717669645583406,15.398010757172731,161.35884263560052,11.670303925293002,15.317883789389697,11.681004584040977,12.034777403052699,239.17849274013304,627.2910687719624,True
257,257000,0.03565179352580927,0.004461942257217849,0.01800360249576888,0.04461942257217848,0.0147700287464067,0.0403030303030303,0.006909090909090911,0.023758446953883756,0.06181818181818182,0.027362193362193362,0.03760162601626016,0.005487804878048781,0.020416075401228622,0.051829268292682924,0.02004875629113434,27,0.041158536585365856,65679,11.759927920629298,16.989316266785572,171.4557799015748,11.665285419792948,14.906502060624272,11.699476862969682,13.153169635765627,251.62945806814218,593.2918530762721,True
258,258000,0.030392988408255585,0.004325699745547073,0.013484752668380359,0.043256997455470736,0.012095601599418393,0.04175644028103045,0.005901639344262295,0.02480816254623287,0.05573770491803279,0.026142336716107207,0.035358393596215947,0.00501432664756447,0.018432660996095283,0.04871060171919771,0.01823350161459044,32,0.045845272206303724,65679,11.759161670843454,16.32951817728823,165.07675067470308,11.666405200783103,14.963416877150637,11.689615446813795,12.674302968196383,244.1591710157787,563.1903678376682,True
259,259000,0.028495260663507105,0.0042654028436018955,0.017804915353438044,0.037914691943127965,0.01657733393515384,0.02966360856269113,0.00489296636085627,0.01689659951113812,0.04892966360856269,0.017720013591573224,0.029005340453938582,0.004539385847797063,0.017408360906933273,0.042723631508678236,0.017076207430012504,30,0.04005340453938585,65679,11.73856146696739,15.35096091542787,168.84215182916273,11.66504062005691,15.192687909504343,11.69025101921406,12.376410106429425,246.85606386676275,585.48823455018,True
260,260000,0.019690576652601967,0.003037974683544304,0.010603665319743057,0.030379746835443037,0.010188868796463734,0.031059838506647022,0.00547112462006079,0.01579079704985263,0.0547112462006079,0.01906812370338206,0.024856995368045094,0.004143646408839779,0.012960801147375724,0.04143646408839779,0.01422377883013242,35,0.04834254143646409,65679,11.781131289662072,16.513433820891656,167.13946073193543,11.666324423009744,15.085566088035574,11.709310640595216,12.16997493788674,246.0652019320164,657.644082937947,True
261,261000,0.03093401885175664,0.004370179948586118,0.019918414984997898,0.04113110539845758,0.0202574774554209,0.03885448916408669,0.006811145510835914,0.028909724016978385,0.058823529411764705,0.028981768145854833,0.03452715355805243,0.0054775280898876405,0.023997337481247473,0.04915730337078652,0.024215266630996966,34,0.047752808988764044,65679,11.776712638883469,17.557263022216496,167.76681100599822,11.666370193536002,15.012665978253459,11.691732249741182,12.34949676398589,247.82105185261474,622.6819457197663,True
262,262000,0.026213991769547328,0.0034567901234567903,0.012197462052447403,0.0345679012345679,0.00966294336664707,0.06512820512820512,0.008615384615384615,0.03698308163184977,0.08307692307692308,0.03332234432234432,0.043538812785388126,0.005753424657534247,0.02323215570081147,0.056164383561643834,0.02019623831267667,34,0.04657534246575343,65679,11.8014056602056,18.26687948386363,161.57198259597604,11.66235211200184,15.104229515644496,11.690337228587033,12.90407940673921,243.00126600301783,564.1255752159013,True
263,263000,0.03329145728643216,0.004020100502512563,0.018060966845231792,0.04020100502512563,0.014312634601579324,0.04423298731257208,0.00657439446366782,0.02512029295944437,0.0657439446366782,0.0263360246059208,0.03789422610383309,0.005094614264919942,0.021030610581778277,0.050946142649199416,0.01937050899932996,33,0.048034934497816595,65679,11.709842841489682,16.953488845089517,161.62252018067647,11.660224270709785,14.882227714618779,11.67430313853135,12.615424207745862,241.11803119886144,599.7569568182704,True
264,264000,0.04358465608465609,0.005808080808080807,0.02648748442373088,0.05808080808080808,0.025836740420073754,0.02172211350293542,0.003767123287671233,0.00984332256532047,0.03767123287671233,0.008803544248749727,0.03430578626799557,0.00494186046511628,0.019423392472196228,0.04941860465116279,0.01860753506829088,24,0.03488372093023256,65679,11.853039483505912,16.199772845448823,164.06044348279968,11.661136612661771,14.998740831884128,11.690496444644038,12.60696499139069,243.07059469233505,751.2828984806707,True
265,265000,0.03740157480314961,0.005249343832020997,0.019577055326543323,0.049868766404199474,0.017850893638295215,0.024096385542168676,0.003614457831325301,0.012244653382610476,0.03313253012048193,0.00911144578313253,0.03120617110799439,0.004488078541374474,0.016162809260083708,0.04207573632538569,0.01378147331864022,36,0.05049088359046283,65679,11.833438058578283,16.10737977886245,166.2683814697974,11.688602384596347,15.449952484175578,11.71470114263995,12.876395090288817,245.9388504089388,605.9389294987839,True
266,266000,0.016666666666666666,0.002150537634408602,0.009440736498929528,0.021505376344086023,0.009274193548387098,0.0195351137487636,0.0035608308605341254,0.012451867460100461,0.03560830860534125,0.014324572558993925,0.018030089327691585,0.0028208744710860366,0.010871979283012185,0.028208744710860368,0.011674726308012626,44,0.06205923836389281,65679,11.714695823145105,18.83787653630953,160.35116167725795,11.668219669136448,15.462123536480465,11.686952023470809,12.618692032062562,242.3397212978629,644.1227020883844,True
267,267000,0.03178391959798995,0.004522613065326633,0.01550287558283352,0.04271356783919598,0.014872975991066443,0.035818713450292396,0.005555555555555556,0.01863295801040589,0.05263157894736842,0.01571057272811659,0.033648648648648645,0.005,0.016949481245306156,0.0472972972972973,0.01526008151008151,34,0.04594594594594595,65679,11.807705152078185,16.48567141518398,174.64325956656478,11.656046307290113,15.322441503151651,11.688194447051492,12.651445064987277,254.2547634563075,532.7146681380624,True
268,268000,0.027817149488167763,0.004960835509138382,0.013138564866010383,0.04960835509138381,0.014771644079738074,0.022456709956709956,0.0035714285714285718,0.010887799953650197,0.03571428571428571,0.01005849309420738,0.02542783635403028,0.004341534008683068,0.012135329564987321,0.04341534008683068,0.012670847403119474,29,0.041968162083936326,65679,11.727162988584006,16.665346389388436,175.19802584045618,11.667308710161528,15.029738660188308,11.683550354579797,12.506407388146457,254.4775403315047,562.3329028733303,True
269,269000,0.027151211361737676,0.004260651629072682,0.013448550901126288,0.03759398496240601,0.01170286828181565,0.0445736434108527,0.0079734219269103,0.025575489845789424,0.0664451827242525,0.028343352845013974,0.03464285714285714,0.005857142857142857,0.018663134647331436,0.05,0.018858276643990934,27,0.03857142857142857,65679,11.876848509673188,17.603250161257744,167.90039168190773,11.662575624571403,14.983861750250682,11.674306019560099,12.505418374358923,248.20665212157982,684.5224910416448,True
270,270000,0.02680798004987531,0.0042394014962593525,0.01266095751060331,0.03740648379052369,0.010973558168071884,0.0375,0.004794520547945206,0.02289533049130767,0.04794520547945205,0.019229723853011523,0.031313131313131314,0.004473304473304474,0.016973276284579748,0.04184704184704185,0.014452346595203738,38,0.05483405483405483,65679,11.740718878633372,18.01140632926024,173.88502856874322,11.66708019101348,15.431146511701854,11.688690977618155,12.970674331702625,255.39474578867294,623.1421246453983,True
271,271000,0.02579774177712322,0.003608247422680412,0.015266376029175138,0.03608247422680412,0.01398093601701849,0.03586021505376344,0.006774193548387097,0.02115548762349062,0.06774193548387097,0.022515360983102917,0.03026674853322418,0.00501432664756447,0.017881884043842472,0.050143266475644696,0.017771296675308135,36,0.05157593123209169,65679,11.771476126493097,16.99432960303171,170.10456661359365,11.65426055221852,15.505330736687029,11.69024436259436,12.489942000065701,250.21014999468406,631.5810373395958,True
272,272000,0.028735632183908046,0.0034482758620689655,0.01457000060900278,0.034482758620689655,0.011857325305601166,0.014733542319749214,0.0028213166144200625,0.008804599050380505,0.02821316614420063,0.009578544061302683,0.022811671087533156,0.0031830238726790454,0.012130792257277973,0.03183023872679045,0.010893225548397962,25,0.033156498673740056,65679,11.78602344986679,15.314371517805014,170.81563595505722,11.6756259668227,15.370998518171586,11.70256341001541,12.399448038491467,249.0646668562302,656.8887143804935,True
273,273000,0.024979009235936187,0.003778337531486147,0.014315912624607385,0.03526448362720403,0.013132221822398142,0.023903211216644054,0.004477611940298508,0.013292908778430928,0.03880597014925373,0.014260838663823737,0.024486669978473253,0.004098360655737705,0.013847734634895484,0.036885245901639344,0.013648733628241826,37,0.050546448087431695,65679,11.754156906518265,18.156850271677794,171.90629249683175,11.65710667536124,15.385512867754914,11.71120125764702,12.890457580072567,253.46157805586355,557.7203277374321,True
274,274000,0.03417620278085394,0.004392764857881137,0.020743897352181843,0.04392764857881137,0.02054263565891473,0.02132768361581921,0.0033898305084745766,0.00953543456413082,0.03389830508474576,0.007029638597435207,0.02803804382751751,0.003913630229419703,0.015389247113355847,0.03913630229419703,0.014087033823875928,30,0.04048582995951417,65679,11.766721602080032,14.986310765491284,160.8340861644908,11.664078018419621,15.17108476548068,11.685788019882848,12.29402418953529,238.40209352538054,653.5863762276717,True
275,275000,0.040913006029285104,0.005943152454780361,0.022781880163255257,0.056847545219638244,0.021608014437471804,0.04631360332294912,0.008099688473520252,0.02528473511833092,0.07165109034267912,0.024956732433367948,0.04336158192090396,0.006920903954802261,0.02391664914712431,0.0635593220338983,0.023126289122051835,33,0.046610169491525424,65679,11.75137156014805,15.827970062110008,164.41440482775627,11.663775293352385,14.996255298882488,11.685590244420174,12.427823287197715,242.7671905738671,622.9318469983258,True
276,276000,0.021703521703521706,0.0029484029484029483,0.011572545567923335,0.029484029484029485,0.008933933933933933,0.03888888888888888,0.0070234113712374585,0.019661287949243517,0.06354515050167224,0.017910229866751604,0.028981743783443495,0.004674220963172805,0.014998231080692079,0.043909348441926344,0.01273550969018391,25,0.03541076487252125,65679,11.769485235679777,14.407914168540481,166.2232047259793,11.671564977694393,15.128162157374003,11.696501473534848,12.20651476252499,243.1033475013278,637.1280051358508,True
277,277000,0.04541446208112874,0.005555555555555556,0.02198325185594786,0.05555555555555555,0.01661102712690014,0.028821178821178822,0.005194805194805195,0.01800830557300276,0.05194805194805195,0.01939935064935065,0.037964416535845105,0.005393586005830904,0.02019858209625822,0.05393586005830904,0.017862927483918736,33,0.048104956268221574,65679,11.800737929834604,17.38339096835073,173.70344037384578,11.660267551394377,14.839157458673702,11.67767858439861,12.720810240590685,253.78548310708848,628.3934838475502,True
278,278000,0.027955555555555553,0.004266666666666667,0.014941332837078557,0.042666666666666665,0.014117460317460315,0.02943840579710145,0.003532608695652174,0.021625156617902867,0.035326086956521736,0.01963315217391304,0.028689995513683262,0.003903095558546433,0.018251759689492213,0.039030955585464336,0.016849323847977955,41,0.05518169582772544,65679,11.881777959243944,19.016692358792,176.7204547805379,11.66698606072658,15.327806783066444,11.69668781350608,12.595340976528924,258.9057467324019,588.4784039711932,True
279,279000,0.01800898931000972,0.003316326530612245,0.00909462470488536,0.03316326530612245,0.009777899254940072,0.04027958669792481,0.006017191977077365,0.023514062726190322,0.054441260744985676,0.02276231409469232,0.028498110077057447,0.004588394062078273,0.015885965959184185,0.043184885290148446,0.015893365893365895,35,0.04723346828609987,65679,11.80829401692396,15.984102455124383,168.28032296112295,11.660807409191731,15.687684538079338,11.689315122326294,13.032486227665396,248.14301273043407,642.5306938915298,True
280,280000,0.033608490566037735,0.004009433962264152,0.01746970799246411,0.04009433962264151,0.0157747454327643,0.011979166666666666,0.0021875,0.006703510245802307,0.021875,0.007656250000000001,0.024305555555555552,0.0032258064516129037,0.01283908530572785,0.03225806451612903,0.012282919440177504,22,0.02956989247311828,65679,11.902627796711585,14.835299485649323,166.00106663611226,11.669187217761001,15.584602308632567,11.700965128508267,12.198290064963091,243.89203863833808,652.1415691166654,True
281,281000,0.009991496598639456,0.001530612244897959,0.006200677981013546,0.015306122448979591,0.006805758017492712,0.032334785766158315,0.004575163398692811,0.015394050986130675,0.0457516339869281,0.0111085174810665,0.019786692136262336,0.0028653295128939827,0.010231010559188103,0.02865329512893983,0.008692068040205576,31,0.044412607449856735,65679,11.740489472000792,15.564234925158349,175.15881726370975,11.669818221010653,15.062036022750469,11.71863258092598,13.4395246582375,254.35355314379348,653.9740963917573,True
282,282000,0.02003609367950453,0.00310077519379845,0.012407688815605552,0.031007751937984496,0.01306345104794717,0.06096859796550199,0.009597523219814242,0.028564249390750616,0.09287925696594428,0.023798466755123104,0.03865750055890901,0.006056338028169015,0.019757786091340556,0.059154929577464786,0.017947127207690587,31,0.04366197183098591,65679,11.8116045745853,16.125047076875898,179.90338219633918,11.664621030527123,15.063842828066942,11.685496768998327,12.77779627717468,259.0317907525675,540.9334461018711,True
283,283000,0.027657873701039167,0.0038369304556354917,0.015906788773499034,0.03836930455635491,0.014084922538159949,0.05069632844999096,0.006529209621993128,0.02877731458334106,0.06529209621993128,0.024761359297441773,0.03712706908514224,0.0049435028248587575,0.021196793025849363,0.04943502824858757,0.01847311900278002,25,0.03531073446327684,65679,11.732520942359104,14.967829604362048,164.9999768254251,11.665255791742934,14.958574882067976,11.689489591404367,12.530709831065634,242.54435746842717,636.5439094809522,True
284,284000,0.01485148514851485,0.002227722772277228,0.010830185990623506,0.019801980198019802,0.010072882288228823,0.047629289742854415,0.007255520504731862,0.02189913215262766,0.06309148264984227,0.01761053527615042,0.029262808389021986,0.004438280166435506,0.01569683777058927,0.038834951456310676,0.013386940536732492,30,0.04160887656033287,65679,11.784776266343666,15.706947733146182,165.52004760062022,11.67262072038211,15.166583824388624,11.706652080695212,12.190015386354114,243.74764361193013,584.3344528086436,True
285,285000,0.016373411534701853,0.002688172043010753,0.010094219624668872,0.024193548387096774,0.011144179894179894,0.027253879079721776,0.005056179775280899,0.01447108269886027,0.0449438202247191,0.014040485107900838,0.021694079729794015,0.003846153846153846,0.012234553765344883,0.034340659340659344,0.012560504971219256,33,0.04532967032967033,65679,11.747297408326585,15.243211033605375,165.94332551675416,11.658026038280367,15.500298639836707,11.690854694046404,12.835686113349398,244.61869944419897,576.2022715531945,True
286,286000,0.029861111111111106,0.004427083333333334,0.015252302568195814,0.0390625,0.012372891865079366,0.038945096452178606,0.007082152974504249,0.02042619836188786,0.06515580736543909,0.02024933675075318,0.0342120566001163,0.005698778833107192,0.017730437188512353,0.051560379918588875,0.01614546316038853,27,0.036635006784260515,65679,11.802677985506271,16.669180333023228,175.4928320164273,11.664754624746143,15.25753232525795,11.684886319029975,12.463952473257267,255.03581607724814,546.6866769270051,True
287,287000,0.03496649916247906,0.004773869346733668,0.017995387673850914,0.04522613065326633,0.015402408869745553,0.024685534591194967,0.005031446540880504,0.015279097628280431,0.03459119496855346,0.01528651292802236,0.030400372439478584,0.004888268156424581,0.016788990698304248,0.040502793296089384,0.015350935532499776,35,0.04888268156424581,65679,11.764415653092719,15.204820549369336,164.3491535076591,11.65661495647341,14.99256027795437,11.678104675366674,12.730116569020788,242.37578618893642,605.1597666436314,True
288,288000,0.030696833707304912,0.004712041884816754,0.017636622818318952,0.04450261780104712,0.018658065320368986,0.030633413703033956,0.006645569620253164,0.017470621045653188,0.05379746835443038,0.016063893911995177,0.03066812207213353,0.005587392550143267,0.01756147015332987,0.04871060171919771,0.017483626688497747,20,0.02865329512893983,65679,11.725835285442132,14.704170351709234,166.00048645032393,11.665764264229272,14.84654383257511,11.68237163307051,11.91207415690565,242.53724597425585,639.5272544903463,True
289,289000,0.02186088527551942,0.0035230352303523035,0.010765971210840584,0.02710027100271003,0.007484836753129436,0.027963525835866258,0.003647416413373861,0.014002966435509202,0.0364741641337386,0.011178655859506923,0.024737344794651384,0.003581661891117479,0.012291718243671491,0.03151862464183381,0.00922590621731023,32,0.045845272206303724,65679,11.79502618453565,15.605026870979533,164.2158111673786,11.66676217292939,15.02180896031935,11.684807457335022,12.304732090545611,242.29397490402314,596.0380634845163,True
290,290000,0.023618538324420676,0.003208556149732621,0.011354346451416902,0.029411764705882353,0.008566760037348272,0.02804313214647561,0.005167173252279636,0.018249784394213136,0.04559270516717325,0.01855791962174941,0.025689223057644112,0.004125177809388337,0.01458137217429025,0.03698435277382646,0.013242565874144822,20,0.02844950213371266,65679,11.770119567960924,14.987711345421095,175.44927328191906,11.669203114655913,15.16308327326188,11.703734427964685,12.105652295868463,252.84877730705202,627.2105099733583,True
291,291000,0.031292925824175824,0.004567307692307692,0.014240846424930561,0.04567307692307692,0.012399839743589743,0.024230111206159106,0.003892215568862275,0.015959341475687706,0.038922155688622756,0.01859614105123087,0.028147619047619046,0.004266666666666667,0.015006149554201077,0.042666666666666665,0.015159259259259258,24,0.032,65679,11.707969823332443,14.501686456003249,171.4341916429496,11.669773147260365,15.37584618394039,11.689435230166634,11.971020227208307,248.34992271086097,611.5439551965807,True
292,292000,0.016890681003584228,0.002688172043010753,0.00836096848119094,0.026881720430107527,0.006976446492575524,0.025782688766114177,0.0038674033149171273,0.013323653618761208,0.03867403314917127,0.011777602385337194,0.021276112624886465,0.003269754768392371,0.010808505292908157,0.0326975476839237,0.00934431901734354,30,0.04087193460490463,65679,11.774901209904431,16.187882732887626,165.9449332621077,11.665155327550414,15.043448940821325,11.697718095782239,12.118425300161606,244.43246486921538,594.297523098114,True
293,293000,0.028985507246376812,0.0036231884057971015,0.015026198030264159,0.033816425120772944,0.011818495514147686,0.029850746268656716,0.003880597014925374,0.014424542215881365,0.03582089552238806,0.010630182421227197,0.029372496662216287,0.0037383177570093455,0.014757099635313242,0.03471295060080107,0.011287007014643862,27,0.036048064085447265,65679,11.706009304668363,14.138385730777525,163.28776162949364,11.661071289859049,15.115816663247017,11.67433905510662,12.091578096978806,239.67496177013103,575.2818825293659,True
294,294000,0.045970695970695974,0.0056410256410256415,0.024172121606906904,0.05384615384615385,0.01930809930809931,0.02649325626204239,0.004046242774566475,0.015689396348403377,0.04046242774566474,0.01786173043398477,0.036814182194616976,0.004891304347826087,0.020184318700056058,0.04755434782608696,0.018628148723257416,31,0.042119565217391304,65679,11.790518223031565,16.138470402826677,166.73668816430398,11.66384052705971,15.026731941453209,11.674471879441484,11.951252994163442,244.98197413228007,595.8157892472782,True
295,295000,0.027447089947089946,0.004232804232804233,0.021012425341278326,0.042328042328042326,0.023868312757201644,0.036619953286619954,0.006306306306306307,0.01710531200435005,0.06006006006006006,0.013583821917155249,0.031743241131426785,0.00520393811533052,0.01918251149993217,0.05063291139240506,0.019051525908065994,21,0.029535864978902954,65679,11.79633088249643,14.424622050035474,166.12117442710294,11.666682974198483,15.080203002615367,11.696959431428677,12.438520015478627,243.224492783356,614.6124878224634,True
296,296000,0.022423510466988726,0.0033816425120772944,0.010694698058803223,0.033816425120772944,0.008668813741277509,0.027688460164344408,0.003858520900321544,0.014314335845259638,0.03536977491961415,0.012383249119583524,0.024681992337164754,0.003586206896551725,0.012247397854096943,0.034482758620689655,0.010262178434592227,29,0.04,65679,11.799060346318058,16.834984667812858,171.29988094694016,11.663430547925735,15.08090660196082,11.676418829931201,13.011980397326095,251.36666233821492,562.8025871772802,True
297,297000,0.021662245800176835,0.0031830238726790454,0.012277545856340139,0.03183023872679045,0.010686918445539133,0.04071696094168004,0.0064606741573033704,0.027751265046071286,0.06179775280898876,0.03028468878187979,0.030916650425518093,0.0047748976807639835,0.019792749173590193,0.04638472032742155,0.020205071569328048,38,0.05184174624829468,65679,11.72726956322201,16.034632028205653,167.1932292879319,11.657494044581274,15.10311279961929,11.675989549930765,12.803797040106257,246.19552431359713,610.9419358867884,True
298,298000,0.02564102564102564,0.003333333333333334,0.015274968694673405,0.03333333333333333,0.013853276353276356,0.032248520710059174,0.0038461538461538455,0.01849165601991568,0.03550295857988166,0.017011834319526627,0.028708791208791207,0.0035714285714285718,0.016768430667107318,0.034340659340659344,0.015319749694749696,39,0.05357142857142857,65679,11.758514322002256,16.570491915224306,164.36962069732442,11.686172510017023,15.25632827636958,11.692847885047541,12.80171635825722,244.13569196424234,629.2457650036165,True
299,299000,0.01968174204355109,0.002512562814070352,0.010785137134694285,0.02512562814070352,0.00921871261067241,0.03189033189033189,0.0049586776859504135,0.017632252481847757,0.049586776859504134,0.01694980104071013,0.025505287528940615,0.003679369250985545,0.014051238147856849,0.03679369250985545,0.012906472269152952,23,0.030223390275952694,65679,11.77441356925435,14.7896493553068,167.81092348627791,11.663833129227363,15.682648604853355,11.687307474916864,12.483332665236269,245.89210828507288,641.8683297489403,True
300,300000,0.03697404887881078,0.004497354497354498,0.021138735989219722,0.04497354497354497,0.01921243806164441,0.04032604032604033,0.006006006006006008,0.02234116171532984,0.05105105105105105,0.018651985318651986,0.03854396892371576,0.005203938115330521,0.02170189740524598,0.04781997187060478,0.018949947536445428,29,0.040787623066104076,65679,11.771568449725489,16.61951475034895,169.92940640109256,11.663067145395445,14.941903685117275,11.670048457312898,12.417175606072028,249.01268449506463,569.2726214827637,True
301,301000,0.02195121951219512,0.003658536585365854,0.010425914161211714,0.03414634146341464,0.00894308943089431,0.04749733759318424,0.00670926517571885,0.026152125515088297,0.06389776357827476,0.023902074141690755,0.03301060396496081,0.0049792531120331955,0.017234080348989544,0.04702627939142462,0.015419109091308263,30,0.04149377593360996,65679,11.732347751425287,15.412720291763105,164.84394980792462,11.663387890492594,15.10523840769773,11.675713518566333,12.565734730463074,242.99909239833275,648.1168972481966,True
302,302000,0.030098280098280097,0.0041769041769041775,0.013293615291999301,0.04176904176904177,0.010012285012285013,0.029042904290429047,0.0046204620462046205,0.015069316302789277,0.0462046204620462,0.015835035884540834,0.029647887323943658,0.0043661971830985915,0.014051414455758965,0.04366197183098591,0.012497205454951935,29,0.04084507042253521,65679,11.853488124435874,16.689698537131203,174.48194858848964,11.687245499658605,15.135392950060833,11.704272389889692,12.494305054566723,254.0463511442326,682.6331576033629,True
303,303000,0.025694444444444443,0.003888888888888889,0.01317826073619437,0.03611111111111111,0.012059082892416225,0.03728070175438596,0.005882352941176471,0.01969373408014598,0.05572755417956656,0.017903828197945847,0.03117374328940947,0.004831625183016105,0.01625951679782888,0.04538799414348463,0.014823142531780893,30,0.043923865300146414,65679,11.788545386415272,16.099269922187354,166.13733852161027,11.67412358232811,14.929881916536658,11.700263907177266,12.983918844355902,245.31334208061085,554.9927789297859,True
304,304000,0.025474956822107077,0.0031088082901554407,0.01400274215597092,0.031088082901554404,0.01262130931820051,0.022391669134340143,0.004234527687296416,0.013362292387083493,0.04234527687296417,0.014584302776485189,0.024109055927237746,0.0036075036075036075,0.01371902198418385,0.03607503607503607,0.013490918252823015,33,0.047619047619047616,65679,11.743364863536776,15.051523783560228,167.8981640417798,11.663722662480502,15.154731473565608,11.682992347605836,12.757833613374903,245.95233278590368,598.2156912238689,True
305,305000,0.036586452762923355,0.005080213903743316,0.020667128510217618,0.0481283422459893,0.019045496986673457,0.03388278388278388,0.004945054945054945,0.01819286262127778,0.04395604395604396,0.01583049886621315,0.03525293586269196,0.005013550135501355,0.019446758884778457,0.04607046070460705,0.017459779756527724,22,0.02981029810298103,65679,11.89281251873231,15.217768495334738,168.47120201718414,11.663576269804743,15.22429688088911,11.701964125920838,12.445735541433134,246.61735584929897,638.6014588098399,True
306,306000,0.04526226734348562,0.006091370558375635,0.02562553567069268,0.0583756345177665,0.02210035452421239,0.02771956087824351,0.005089820359281438,0.014945211865838104,0.05089820359281437,0.013190286094477713,0.03721382783882784,0.005631868131868132,0.02072549700198193,0.054945054945054944,0.018012493458922033,22,0.03021978021978022,65679,11.718054956810775,14.580708152522881,165.9237798910529,11.662012638691266,15.032258863068026,11.699079133842272,12.177582383254837,242.79347601924297,649.3607530840274,True
307,307000,0.029021712311867752,0.004145077720207254,0.016264776072607495,0.038860103626943004,0.01712003454231433,0.029940119760479042,0.004491017964071856,0.016432177170600124,0.04491017964071856,0.01627459366980325,0.029447751322751323,0.0043055555555555555,0.016342431581954076,0.041666666666666664,0.016727843915343914,25,0.034722222222222224,65679,11.810698145542364,16.268515233064385,171.9404735706642,11.662964820968735,15.024673318375648,11.690493840421645,12.896655079641661,251.29447400867866,567.2705136857692,True
308,308000,0.03876769996172981,0.005970149253731343,0.0219171930372029,0.050746268656716415,0.019834162520729684,0.0364868360151379,0.0056603773584905665,0.016292575789160532,0.05345911949685535,0.011935958869921133,0.03765695764164371,0.005819295558958653,0.019178099185935712,0.05206738131699847,0.0159878703906269,24,0.036753445635528334,65679,11.732212467474579,14.30986154971059,166.81246077315802,11.65629657429168,14.734418201933774,11.681114413297777,12.580957074515009,243.50732105438144,582.5539511755129,True
309,309000,0.030643738977072312,0.0037037037037037034,0.01346239161465035,0.037037037037037035,0.008920173007474596,0.02742616033755274,0.005063291139240506,0.01817593362020769,0.05063291139240506,0.022428169580068314,0.029178674351585013,0.004322766570605188,0.0156086153520511,0.043227665706051875,0.015070788161566259,26,0.037463976945244955,65679,11.760445726594071,14.663934580771976,164.39599545026164,11.672181293609363,15.394961010328778,11.682047713124089,12.459653592866715,242.02921936755664,651.5545867206707,True
310,310000,0.02203856749311295,0.0033057851239669425,0.01386733936497907,0.03305785123966942,0.015289256198347109,0.02976190476190476,0.004285714285714286,0.01636883962612681,0.04285714285714286,0.013942176870748299,0.02582982702197288,0.0037868162692847127,0.015095284794714987,0.037868162692847124,0.014627997061377143,33,0.04628330995792426,65679,11.759180448434048,17.166693423609214,167.3920373698179,11.665080871248179,15.097517951867534,11.672881879531971,13.239362372297059,247.9927543168059,647.5408189507981,True
311,311000,0.022764227642276424,0.0035230352303523035,0.010245539744355006,0.03523035230352303,0.008133307523551426,0.02565850011502185,0.004464285714285714,0.012446407973062285,0.044642857142857144,0.01191657218442933,0.024143625586733823,0.003971631205673759,0.011294464176760178,0.03971631205673759,0.009936395361927277,28,0.03971631205673759,65679,11.720068906040382,14.54923405125319,164.79450708695165,11.660554914416643,15.100207865215154,11.685158529839423,12.726382190242358,242.2361135439588,590.7689320165944,True
312,312000,0.045315476190476184,0.00625,0.028795662818048306,0.0575,0.026975198412698412,0.04128352490421456,0.00603448275862069,0.02011604591706568,0.05747126436781609,0.016530970625798214,0.04343964858670741,0.006149732620320855,0.024757552281227512,0.05748663101604278,0.022116119174942703,24,0.03208556149732621,65679,11.735631030018734,15.853245886487954,170.30885409330398,11.672783009508692,15.356082857742592,11.686836857260907,12.691383802998502,249.30481753732136,621.440572936116,True
313,313000,0.03648867313915857,0.004368932038834952,0.018968307255325525,0.043689320388349516,0.014322314686392355,0.015542128230949982,0.0030211480362537764,0.010244774224144217,0.030211480362537766,0.012210473313192345,0.027157170629579782,0.003768506056527591,0.015082049606172076,0.03768506056527591,0.01338150782969087,18,0.024226110363391656,65679,11.826621213684163,14.723849412257017,171.60870381843773,11.679531387975839,15.63450882829942,11.690368272421203,12.170297173819122,249.33388010689453,668.3787625739179,True
314,314000,0.022065727699530517,0.003098591549295775,0.013708390006658498,0.028169014084507043,0.012589984350547732,0.03156410256410256,0.005538461538461539,0.015224924426015194,0.055384615384615386,0.013058608058608057,0.026605392156862744,0.004264705882352941,0.014433204251203978,0.041176470588235294,0.012813958916900094,28,0.041176470588235294,65679,11.847892684435646,16.241786365500666,168.68022287863658,11.669163709537855,14.888314374017497,11.712287842302604,12.497219879503696,247.53688773393452,674.8591362231715,True
315,315000,0.029874213836477984,0.003504043126684637,0.0173372282079769,0.03504043126684636,0.014150943396226415,0.016129032258064516,0.0020527859237536657,0.006882357945800541,0.020527859237536656,0.004651352231997394,0.023291198501872657,0.0028089887640449437,0.012330050175108728,0.028089887640449437,0.009601279650436953,24,0.033707865168539325,65679,11.83993009240547,16.162689323639956,170.6503206038157,11.66589650331007,15.504173723812631,11.68258291694979,12.558564932485528,250.06415809641916,599.5401072174111,True
316,316000,0.03077268643306379,0.004043126684636119,0.01657466093837876,0.03773584905660377,0.01490180978051598,0.03293532338308458,0.0053731343283582094,0.015153967611033058,0.050746268656716415,0.012813314380478561,0.031798866855524084,0.004674220963172804,0.01590053591761274,0.043909348441926344,0.013910809838571878,24,0.0339943342776204,65679,11.760907558611144,17.296024073687466,175.67604112278534,11.66916823314157,15.818302275816265,11.699840411605322,13.000053219025531,256.92033689467263,586.700459897338,True
317,317000,0.017539484621778886,0.0022443890274314216,0.008605517114859698,0.022443890274314215,0.006309622768475636,0.04029850746268657,0.006567164179104478,0.02160037124995872,0.0626865671641791,0.019096185737976782,0.027898550724637677,0.004211956521739131,0.01452029447254743,0.04076086956521739,0.012129593685300205,29,0.03940217391304348,65679,11.74016575306025,16.953049189416536,168.55096913170885,11.666289459144608,15.21261156467446,11.685339516731563,14.942878128088033,250.7513027428243,635.7481122377106,True
318,318000,0.018096514745308313,0.0024128686327077754,0.008607986142721926,0.021447721179624665,0.006080045959402528,0.03465772273821809,0.005263157894736843,0.02466761828421185,0.05263157894736842,0.02591036414565826,0.025782247765006382,0.003735632183908046,0.016060947610683485,0.035919540229885055,0.01528290914066776,28,0.040229885057471264,65679,11.75665343999821,17.984442786944665,166.71333226431219,11.6755878704633,15.00586035807494,11.699898830541677,12.315061154899443,247.15083670523444,676.1379381554633,True
319,319000,0.03217777777777778,0.004266666666666667,0.013841837113950387,0.04,0.010354497354497354,0.04371693121693122,0.006349206349206349,0.023360216629388832,0.06349206349206349,0.02149281934996221,0.03744565217391304,0.0052173913043478265,0.01818718428404185,0.050724637681159424,0.015439383482861745,24,0.034782608695652174,65679,11.730877770288473,15.766085724067125,169.67679730600648,11.665464387189406,14.945230432383827,11.688497710271584,12.850895504845639,248.3238488350525,680.5902652630703,True
320,320000,0.022496570644718793,0.003209876543209877,0.013658488901121292,0.03209876543209877,0.013058005095042131,0.022364217252396165,0.0025559105431309905,0.009545220608099501,0.025559105431309903,0.0062908869618134786,0.022438873413803774,0.002924791086350975,0.011865378907088114,0.02924791086350975,0.010107993986824071,18,0.025069637883008356,65679,11.806216980714268,15.617705635850854,170.7316426414196,11.666417978117849,15.586421352020707,11.688482589533589,12.008847896260999,249.10573507391786,575.4589653243492,True
321,321000,0.021778350515463916,0.003350515463917525,0.010550734268796448,0.028350515463917526,0.007828096874488627,0.024615384615384615,0.0036923076923076927,0.012509918766322977,0.033846153846153845,0.009538461538461539,0.023071528751753154,0.0035063113604488078,0.011443770680712468,0.030855539971949508,0.008607716111222423,33,0.04628330995792426,65679,11.748236865505302,16.1149880177347,169.86463476531543,11.66032265759176,15.47182944328096,11.675021276080777,12.624548728412677,249.1595817539216,665.985778630751,True
322,322000,0.016230366492146597,0.002879581151832461,0.009709862129344353,0.02617801047120419,0.008259577827640655,0.04142441860465116,0.006395348837209303,0.020536350812784362,0.06395348837209303,0.01931063122923588,0.028168044077134986,0.004545454545454546,0.014839768612957799,0.0440771349862259,0.013495889632253268,21,0.028925619834710745,65679,11.837461660613169,16.3908648251887,169.08194851367188,11.672332802359353,15.2339919579636,11.695224911567603,12.440883481179554,248.35270815254387,624.8536000876825,True
323,323000,0.033085194375516956,0.00446650124069479,0.01726434818424768,0.04218362282878412,0.013370948048367403,0.04234952262349523,0.005479452054794521,0.021620617141040428,0.0547945205479452,0.016429658621439445,0.037488162878787874,0.004947916666666667,0.019334710383765066,0.048177083333333336,0.014824632109788358,16,0.020833333333333332,65679,11.806287625648615,15.07028270752997,180.37154284694657,11.669493969301836,15.455091044946911,11.696287790963211,12.009908741061892,258.078894726399,680.2770513480993,True
324,324000,0.02921401515151515,0.003693181818181818,0.012465264340837607,0.036931818181818184,0.008893623737373737,0.032326283987915407,0.0054380664652567984,0.019302065374562593,0.0513595166163142,0.020709250467558622,0.030722303562713514,0.004538799414348463,0.015778560303008865,0.043923865300146414,0.014619791303539475,32,0.04685212298682284,65679,11.77319173029101,18.700467318499836,174.76451088960232,11.658127744895719,15.023194507413073,11.689724272512247,13.342589523901438,256.9518059871157,609.3666712783663,True
325,325000,0.03577127659574468,0.00425531914893617,0.019478014958028377,0.0425531914893617,0.0157685325903411,0.056435472739820566,0.008405797101449276,0.030094985702790268,0.0782608695652174,0.024699792960662527,0.04565913744138431,0.0062413314840499305,0.024558257547408202,0.059639389736477116,0.020042159258525417,27,0.03744798890429958,65679,11.80514724119508,15.81688859264574,168.47097833105894,11.656643924939925,15.57546472968907,11.675077035311343,12.839243234641362,247.83944308948145,666.0069777668087,True
326,326000,0.016666666666666666,0.002,0.007225921609388941,0.02,0.005006944444444444,0.024919093851132685,0.004207119741100324,0.01187620374118963,0.042071197411003236,0.012184722864334514,0.02026328161730136,0.0029619181946403386,0.009252631311400807,0.029619181946403384,0.00813520048357848,14,0.019746121297602257,65679,11.898279459077177,15.831574573743623,171.49010804096145,11.661676782070973,15.133143373591285,11.711469257880136,12.70109617662607,250.4273476639507,707.3059322674213,True
327,327000,0.031871016122984624,0.004461942257217849,0.013411700026913184,0.04461942257217848,0.010917385326834146,0.04100997331085827,0.006784660766961652,0.022795677301786024,0.061946902654867256,0.021488270824554012,0.036173941798941796,0.005555555555555556,0.01782998932716581,0.05277777777777778,0.015894510582010583,26,0.03611111111111111,65679,11.806064632358115,17.08202647054957,174.7756544729362,11.663477485712725,15.553358448772148,11.711548619453005,12.80071199727395,255.3928421270557,700.6967100613438,True
328,328000,0.030291345329905742,0.004113110539845759,0.013756756839253014,0.04113110539845758,0.010571469376096626,0.04056801784074511,0.005509641873278237,0.02682072877869047,0.05509641873278237,0.027589750317023043,0.03525202634245187,0.0047872340425531915,0.02006290286852934,0.047872340425531915,0.018786410840932116,30,0.0398936170212766,65679,11.874803009570556,15.452560607753796,169.7428514747523,11.663190027155768,15.471073944450797,11.679096280636792,12.265160613589288,248.1487359579093,565.3314732890768,True
329,329000,0.043937680613142356,0.00633245382585752,0.024227361078559044,0.06068601583113457,0.02254052016584998,0.03645224171539961,0.005263157894736842,0.018271364615314638,0.05263157894736842,0.013635941706117146,0.04038702859784691,0.005825242718446602,0.021402186611943805,0.056865464632454926,0.018316711797987804,26,0.036061026352288486,65679,11.733483556708446,16.051767000369033,173.5214909411864,11.663915464588115,15.08026481900071,11.693995512429556,12.899263322319054,252.64418061660135,668.8835148281336,True
330,330000,0.024791666666666667,0.0030000000000000005,0.011590977116341241,0.03,0.00858234126984127,0.032389532389532384,0.005405405405405407,0.019280784003430414,0.04804804804804805,0.018250393250393248,0.02824335737023322,0.004092769440654843,0.015084436452494982,0.03819918144611187,0.01297451222417116,21,0.0286493860845839,65679,11.83433790702404,14.387581961761153,172.77515894792427,11.678601439302216,15.16875389828698,11.703446947952667,12.093729306494883,249.6416104087462,688.7961055851988,True
331,331000,0.014492753623188406,0.002898550724637681,0.009491095958062093,0.028985507246376812,0.0121256038647343,0.037960889685027616,0.006583072100313481,0.02167817074541984,0.05642633228840126,0.021381300691645518,0.02576735513482501,0.004668674698795181,0.015346030983916192,0.04216867469879518,0.01657224134633773,29,0.043674698795180725,65679,11.738159753471589,16.16334997739388,173.49132107119524,11.677120554554055,14.845376484717843,11.690517926266075,12.746128454810268,252.35197422240893,639.2993298856564,True
332,332000,0.01741996233521657,0.002824858757062147,0.00883626285590815,0.025423728813559324,0.008262711864406781,0.020259609868043604,0.003614457831325301,0.011511348120134442,0.03614457831325301,0.012290829986613119,0.018794252394835485,0.003206997084548105,0.01013091053480484,0.030612244897959183,0.010212180110139295,21,0.030612244897959183,65679,11.779525955157855,16.895422609464195,177.30306956520448,11.667726160347058,15.099884737190816,11.69199894957007,12.562675075766805,257.00030305270127,606.3228564905932,True
333,333000,0.027793296089385473,0.0036312849162011183,0.013929311845798173,0.036312849162011177,0.013364591646714552,0.027312138728323696,0.004046242774566474,0.0136558228316248,0.04046242774566474,0.011081291861638682,0.02755681818181818,0.003835227272727273,0.013794898210991374,0.03835227272727273,0.012242401695526695,20,0.028409090909090908,65679,11.744595297180638,16.081026114000974,169.30675614529324,11.657139534104743,15.059820384411005,11.678522636282551,12.215117670300035,247.74297778157316,632.8038476655639,True
334,334000,0.02655181313717899,0.004336043360433604,0.011413281386124487,0.04065040650406504,0.009741041854862994,0.030643168696266043,0.005014749262536874,0.017500316920749274,0.05014749262536873,0.019095612679683474,0.02851080965487745,0.004661016949152543,0.01432783653617788,0.04519774011299435,0.014220137207425343,30,0.0423728813559322,65679,11.817911236111645,17.763877656895577,168.11279853745643,11.66762184068304,15.406646097726462,11.689661278735386,12.554905483075363,249.0134221306839,656.2744949349386,True
335,335000,0.043843624406284254,0.005882352941176471,0.026991824635501486,0.056265984654731455,0.025191815856777492,0.02465483234714004,0.0038461538461538464,0.013583917067770372,0.038461538461538464,0.014464168310322158,0.03494676334182507,0.0049382716049382715,0.020775263925085687,0.04801097393689986,0.020217954580094497,20,0.027434842249657063,65679,11.755516186928716,15.522603887763164,170.3569177790021,11.660570125804348,15.243006198040199,11.694858189859048,12.22074087176006,248.45421323915764,612.2786279986192,True
336,336000,0.023135669362084457,0.00431266846361186,0.012168800596899412,0.03773584905660377,0.01164484661789244,0.026938569989929505,0.004531722054380665,0.014319155215647639,0.04229607250755287,0.01514650170239294,0.02492877492877493,0.0044159544159544165,0.013182714241921724,0.039886039886039885,0.013295911907023018,17,0.024216524216524215,65679,11.765426686571878,14.871787977766004,166.38814761776865,11.662309471083265,15.050435686558838,11.676453419817712,11.996436561523272,243.4109974210896,623.427006022248,True
337,337000,0.0353988603988604,0.0044444444444444444,0.01927715663452981,0.044444444444444446,0.015617283950617282,0.017080745341614908,0.0034161490683229817,0.01156955267780503,0.034161490683229816,0.011730996746524697,0.026750131588841267,0.003958944281524927,0.015638082625636294,0.039589442815249266,0.013782409346925477,17,0.024926686217008796,65679,11.811487923618635,17.46352512199678,174.66873185872922,11.663856624766211,15.191368079925383,11.69754513691279,12.497004188982697,254.99351893493173,672.5541320691253,True
338,338000,0.03698868581375109,0.004438642297650131,0.01871625225195155,0.044386422976501305,0.014047411828090679,0.03309859154929577,0.004788732394366198,0.0202098238988223,0.04507042253521127,0.02138050525374469,0.03511743450767841,0.004607046070460705,0.019434704737912412,0.044715447154471545,0.017574848367531294,22,0.02981029810298103,65679,11.75101098305209,16.068808720570704,170.57884730947714,11.663084461210893,15.26807948626363,11.710880332471696,13.170704736942263,250.2114160299884,652.2357118868838,True
339,339000,0.015731292517006803,0.0027472527472527475,0.008037644631356082,0.027472527472527472,0.008443441479155765,0.031179138321995464,0.00625,0.01915103974615471,0.05357142857142857,0.018154761904761903,0.02314625850340136,0.004428571428571428,0.013372074286459422,0.04,0.01310487528344671,14,0.02,65679,11.732940080499965,13.391139062790547,175.1752750511204,11.664925562704376,15.130411498809337,11.698875637622397,12.211307666543103,251.00487456009012,632.2795121460612,True
340,340000,0.026537082988695893,0.00347394540942928,0.013492839453260928,0.034739454094292806,0.011272598369372562,0.03843340234644582,0.00608695652173913,0.018908717660449683,0.06086956521739131,0.018262019783758913,0.03202402172990408,0.004679144385026738,0.015990804669143443,0.04679144385026738,0.014496328834564129,21,0.02807486631016043,65679,11.768505426168474,14.458529457861413,174.77896094025834,11.658725583507668,15.385071572504572,11.692209902935957,12.148068522288558,251.890071405525,606.3236913411707,True
341,341000,0.03234501347708895,0.0035040431266846364,0.018092638954285,0.03504043126684636,0.014726393702134943,0.053328143246399375,0.006539509536784742,0.03057483145329121,0.0653950953678474,0.025970978763894297,0.042779713511420826,0.005013550135501355,0.024299908123845002,0.05013550135501355,0.02031821310276595,26,0.03523035230352303,65679,11.718217229950145,15.885925257752564,169.26612458956214,11.666374819641057,15.373355090997354,11.690272375575184,12.518147772477839,248.1184171359563,678.1213954492049,True
342,342000,0.017958333333333333,0.003,0.009165650902128475,0.025,0.007494047619047619,0.037335359675785204,0.005167173252279636,0.018167900742419266,0.05167173252279635,0.017071935157041543,0.026703246456332878,0.003978052126200275,0.013228394657211697,0.037037037037037035,0.01181657848324515,24,0.03292181069958848,65679,11.765874115388097,15.361081732667703,170.13871920718015,11.669961450966326,15.213482487619334,11.697804043420135,12.620953189823592,248.4678762270653,657.3997130641662,True
343,343000,0.02215873015873016,0.0032000000000000006,0.011823963554702329,0.032,0.011022222222222221,0.02788259958071279,0.00440251572327044,0.019706069403096462,0.0440251572327044,0.02288983727662973,0.0247852676424105,0.0037518037518037527,0.015440860610675393,0.03751803751803752,0.016467967658443848,22,0.031746031746031744,65679,11.885146340984143,17.69792615907706,175.3728058126458,11.67612033581289,16.081197577344497,11.704900319375877,13.116065294360713,257.534161839601,609.4563369486993,True
344,344000,0.01403061224489796,0.0020408163265306124,0.00650993959331448,0.02040816326530612,0.005870383867832848,0.03689708141321044,0.0070967741935483875,0.017699601209235187,0.05806451612903226,0.015478750640040962,0.02412834079500746,0.004273504273504274,0.011451243155900546,0.037037037037037035,0.010113394835617058,28,0.039886039886039885,65679,11.752784426999341,15.380330195602365,175.82955536016297,11.671056567075233,15.675560713357406,11.70997462085488,12.925695366983181,254.94495725103536,700.5323611796177,True
345,345000,0.0212719298245614,0.002631578947368421,0.010757995013172832,0.02631578947368421,0.007904135338345865,0.012801932367149757,0.0020289855072463765,0.0094160043831264,0.020289855072463767,0.010466988727858293,0.017241379310344827,0.0023448275862068967,0.010119392575426598,0.023448275862068966,0.009123700054734538,30,0.041379310344827586,65679,11.818882754643933,17.77995071555738,181.4743693842047,11.672412796814857,15.240811154837441,11.70536885042317,12.26713293950299,261.95892859598445,666.7917851359007,True
346,346000,0.03529285099052541,0.005943152454780361,0.021067740177995432,0.05426356589147287,0.023219925351708297,0.03606334509112287,0.005555555555555556,0.020446483847921464,0.05555555555555555,0.019078238291201255,0.03564396222624071,0.0057665260196905765,0.020784636027581977,0.05485232067510549,0.021332574286160786,18,0.02531645569620253,65679,11.923442212902202,17.408949703257015,174.17931146768152,11.674670304717694,15.444720936064193,11.702692334802922,12.152456917324805,254.48624387675034,683.5339618544434,True
347,347000,0.035555555555555556,0.0048000000000000004,0.01784554471302726,0.04533333333333334,0.01401058201058201,0.033124831853645405,0.005367231638418079,0.021926040347616818,0.05084745762711865,0.024074074074074074,0.034375204128290544,0.005075445816186557,0.019827019959453466,0.04801097393689986,0.018897380625775687,27,0.037037037037037035,65679,11.805040762258301,16.036077724101983,172.8459500909829,11.668679783638503,15.865893842392786,11.70294461616539,12.127468500267025,252.05205531980687,639.9943946556741,True
348,348000,0.032325776658270355,0.004534005037783375,0.020071996792745246,0.04030226700251889,0.019430450601735236,0.015563229340319123,0.0030959752321981426,0.010650955622635546,0.02786377708978328,0.01146739397513391,0.024805911680911678,0.003888888888888889,0.015845613045598807,0.034722222222222224,0.015858134920634922,23,0.03194444444444444,65679,11.801348458961858,14.656716782468493,174.20442109467027,11.66443658623395,15.115247008035126,11.684050558624648,12.373306147950291,251.49952663694464,649.0514772364287,True
349,349000,0.016179934055581723,0.0028497409326424875,0.008465630331956039,0.025906735751295335,0.006813882720618472,0.04268483709273183,0.0059210526315789476,0.025100754004784075,0.05921052631578947,0.024467418546365916,0.027857456553108725,0.004202898550724638,0.015794728297955637,0.04057971014492753,0.014591672417759374,14,0.020289855072463767,65679,11.747040412624088,13.573365322261388,174.2115445441117,11.66482573672356,15.696171377255208,11.69877551021603,12.215520977187921,250.80724388037987,662.2122878361947,True
350,350000,0.02192513368983957,0.0029411764705882357,0.010158110966958386,0.029411764705882353,0.008343943638061286,0.02166156982670744,0.0030581039755351682,0.009124061867369592,0.03058103975535168,0.007614921605747294,0.021802187351402758,0.0029957203994293866,0.009675751401244355,0.029957203994293864,0.008003872019563889,26,0.037089871611982884,65679,11.773298459305526,14.449911746705624,170.08732121542857,11.667652082991697,15.267207625513368,11.69785038251936,12.740092797280944,247.6833343097451,624.3287633178606,True
351,351000,0.029614325068870524,0.0038567493112947656,0.018784575342337025,0.03856749311294766,0.018587389041934497,0.03352999016715831,0.005309734513274337,0.016582064012498628,0.05309734513274336,0.015329868427213558,0.03150522317188984,0.004558404558404559,0.01772096944373985,0.045584045584045586,0.017014312847646183,24,0.03418803418803419,65679,11.773691367067407,14.414060546308338,171.44397590712623,11.663822831797788,15.092285569562325,11.6948213975121,12.207190002944124,248.28984762231832,646.2362311955849,True
352,352000,0.02719298245614035,0.0034210526315789475,0.015888572267778237,0.034210526315789476,0.01307748538011696,0.02457865168539326,0.0033707865168539327,0.01739308185479328,0.033707865168539325,0.017938514357053684,0.025928442028985504,0.0033967391304347825,0.016616297013671382,0.033967391304347824,0.015428743961352657,22,0.029891304347826088,65679,11.777457209927178,14.334938267301922,172.21089685742763,11.666779775265645,15.365077213058687,11.692244029137822,12.445219669143803,249.49261302126268,647.8847246032537,True
353,353000,0.030808080808080805,0.0047979797979797985,0.016946129853219697,0.045454545454545456,0.018127705627705628,0.03032345013477089,0.004043126684636119,0.019180054753645433,0.04043126684636118,0.020013477088948788,0.030573663624511083,0.004432855280312908,0.018026685443908026,0.04302477183833116,0.019039858446638108,31,0.04041720990873533,65679,11.77588772932614,14.703907903146352,171.01271656255744,11.668195893099753,15.909831263094532,11.689802804470961,12.570479870188667,249.33082202588386,654.7806339627926,True
354,354000,0.02605703048180924,0.0029498525073746312,0.013515248761856032,0.029498525073746312,0.010065786393220021,0.0486343537414966,0.007142857142857143,0.027924305595334705,0.07142857142857142,0.02582086167800454,0.037525917478747665,0.0050798258345428155,0.0208347986772661,0.05079825834542816,0.01806909023890156,28,0.040638606676342524,65679,11.751123328962443,14.062504699707823,173.37843552434063,11.662536242795785,15.056901878973683,11.68704428899936,12.59107736456544,250.18962332834516,650.8804837210836,True
355,355000,0.021666666666666667,0.0030136986301369864,0.01097964365648185,0.030136986301369864,0.008919330289193303,0.03574950690335305,0.005029585798816568,0.01778373238531959,0.047337278106508875,0.014620315581854042,0.02843764817449028,0.003982930298719772,0.014251026288554616,0.03840682788051209,0.011660344555081399,19,0.02702702702702703,65679,11.778045419741368,13.802288401032481,171.52652331697826,11.66757562237608,15.151708156468935,11.688274664467535,12.088075405924936,247.70249098698963,642.40908737484,True
356,356000,0.028076923076923076,0.0041025641025641026,0.012948833195081768,0.041025641025641026,0.011228123728123728,0.04085163007318696,0.005988023952095809,0.023350051120194695,0.05688622754491018,0.021119665431042677,0.03397022713321055,0.004972375690607735,0.017747185110810658,0.04834254143646409,0.015791348767868103,23,0.031767955801104975,65679,11.750577394054051,14.330225803493857,173.597335731579,11.66460566209837,15.16450640182132,11.688290811218138,11.939359825352547,250.13490162961727,630.8917506475664,True
357,357000,0.025129533678756474,0.003367875647668394,0.012403574924423778,0.03367875647668394,0.010847931573320174,0.020960112793923683,0.00343839541547278,0.011236474523811973,0.03151862464183381,0.009944512666575703,0.023149767843645395,0.003401360544217687,0.011849400720595859,0.0326530612244898,0.010418961235287766,25,0.034013605442176874,65679,11.735320064265586,14.365634844415442,171.7345995913555,11.665254434134464,15.19713034636716,11.690222080307233,12.26165980872107,248.64982116956645,657.4279960065433,True
358,358000,0.027567567567567567,0.0035135135135135136,0.014670892816380227,0.032432432432432434,0.01240990990990991,0.033697047496790755,0.005487804878048781,0.021680605676816563,0.051829268292682924,0.023606271777003484,0.030447896244910264,0.004441260744985674,0.01796485530667123,0.04154727793696275,0.017671237549461045,28,0.04011461318051576,65679,11.78040427063376,15.677848115736026,172.01351227597027,11.667418964078635,15.169976537332541,11.68688238045723,12.406656946017947,250.40269949022638,646.4840357424117,True
359,359000,0.02248062015503876,0.0031007751937984496,0.012136045634881984,0.031007751937984496,0.010643533899347852,0.03022452504317789,0.0036269430051813468,0.01676345683034342,0.03626943005181347,0.013773747841105353,0.026347563605002157,0.003363518758085381,0.014446758081774758,0.03363518758085381,0.012206616152282386,19,0.02457956015523933,65679,11.748891645624315,13.408280290394536,170.51510761956212,11.666888131256492,15.975445730953552,11.688196532411155,12.233126526095539,247.2359364762977,650.4588631540687,True
360,360000,0.01903553299492386,0.002791878172588833,0.011600598856048479,0.025380710659898477,0.011541173152848281,0.04632936507936508,0.006547619047619048,0.019991632334105076,0.06547619047619048,0.015065192743764172,0.03159817351598174,0.00452054794520548,0.015462773169236168,0.043835616438356165,0.01316318764948902,16,0.021917808219178082,65679,11.73799708453771,13.599903756600362,173.16501130865137,11.667015495930855,15.63659522230143,11.686149582912364,11.90413558493919,249.39680803587328,640.2597112018516,True
361,361000,0.032663316582914576,0.003517587939698492,0.01747359472815325,0.035175879396984924,0.013456169737576774,0.024537037037037034,0.004629629629629629,0.013972661411467819,0.046296296296296294,0.01411914560062708,0.029016620498614958,0.004016620498614959,0.015902538779945383,0.04016620498614958,0.013753682451743394,19,0.02631578947368421,65679,11.741282281207965,13.561016202701115,174.32252409749216,11.668268857123465,15.568408294641678,11.686613297867687,12.05353201794157,250.60164504897563,629.6854312116684,True
362,362000,0.0192495126705653,0.0023391812865497076,0.012633712094418471,0.023391812865497075,0.01133853151397011,0.043479033404406536,0.005970149253731343,0.02208631074396275,0.056716417910447764,0.01855484482350154,0.031239009636350845,0.00413589364844904,0.017311142740795624,0.03988183161004431,0.014909380788258191,29,0.04283604135893648,65679,11.75526527791293,15.563532352158571,172.11546251438835,11.667168279216877,15.55266116398668,11.686874105965028,12.30720566447463,250.64816935810305,650.9492799372518,True
363,363000,0.03808089500860585,0.004216867469879518,0.019765285349844952,0.04216867469879518,0.01636546184738956,0.028000992063492065,0.004761904761904762,0.015266215216150094,0.044642857142857144,0.012642904383975811,0.033010764185913886,0.004491017964071856,0.01750228001313616,0.04341317365269461,0.014493037734055698,17,0.025449101796407185,65679,11.742847027373937,13.49450450460754,173.57520635646884,11.662820265823104,15.443297891437613,11.688204692550386,12.273740605306394,249.88062134356784,653.6568170809054,True
364,364000,0.02258771929824561,0.002631578947368421,0.010107119291787292,0.02631578947368421,0.006604010025062656,0.035558542413381126,0.005107526881720431,0.02464177669590168,0.051075268817204304,0.025189878818911077,0.029004137115839244,0.0038563829787234046,0.017297135986375792,0.03856382978723404,0.01579808341776427,26,0.034574468085106384,65679,11.754689233367532,15.09579168612607,171.38809501276998,11.668369451156568,15.812891254796124,11.687079827460423,12.05953611160826,249.46645257728494,632.4703699112089,True
365,365000,0.04357341822522881,0.005292479108635098,0.02184779230455244,0.052924791086350974,0.017826192686916917,0.03078703703703704,0.0044444444444444444,0.01585621191797764,0.044444444444444446,0.012961860670194003,0.037171335850056296,0.0048678720445062594,0.018847835504598436,0.048678720445062586,0.015390643972006974,24,0.03337969401947149,65679,11.737261460587067,14.11376474186321,171.03474929019978,11.666046051350687,15.220065009147188,11.6858164573852,12.572986371750527,248.03068938228364,646.2025445198583,True
366,366000,0.04315049722026465,0.006976744186046512,0.023495388253024885,0.06201550387596899,0.02330913416184734,0.040958049886621314,0.00625,0.024243174576247875,0.05952380952380952,0.02676917989417989,0.04213160053409016,0.006639004149377594,0.023842907208215653,0.06085753803596127,0.024917122220026785,13,0.017980636237897647,65679,11.737446493964576,13.213843513881773,172.90848839052185,11.663257671268301,15.47906613552641,11.670768743865523,11.929367307261796,248.60223825629024,634.285877724572,True
367,367000,0.02481684981684982,0.0041025641025641026,0.010915129318988042,0.038461538461538464,0.00845950345950346,0.024801587301587297,0.004166666666666667,0.01731731005035258,0.041666666666666664,0.0199239417989418,0.024809786173422534,0.004132231404958678,0.013878122054165018,0.03994490358126722,0.013765359219904674,17,0.023415977961432508,65679,11.766061677243034,13.540039147164062,171.9133853934074,11.66776641120526,15.262190838916112,11.686382749176438,12.119045754321878,247.95487197143422,638.6290551244622,True
368,368000,0.030988274706867668,0.004271356783919598,0.014582078563945564,0.04020100502512563,0.011327470686767168,0.02955426356589147,0.00436046511627907,0.015799661571385876,0.0436046511627907,0.013065245478036176,0.03032345013477089,0.00431266846361186,0.015146564486532444,0.04177897574123989,0.012133123689727462,14,0.018867924528301886,65679,11.756983280375444,13.246706393910124,171.61668807569308,11.661928015049838,15.245750056291918,11.674545557560645,11.869911130835131,247.07251250971615,647.8307747380119,True
369,369000,0.024911816578483244,0.0031746031746031746,0.014582558685804655,0.031746031746031744,0.013293650793650795,0.03446327683615819,0.005367231638418079,0.015829193670716588,0.05367231638418079,0.015095058739126534,0.02953096539162113,0.004234972677595629,0.015185439539163707,0.04234972677595628,0.014164823488593981,16,0.02185792349726776,65679,11.734486818570922,12.976281166587889,172.643183149801,11.665192693244286,15.259552216817518,11.685120640592128,12.308622152845672,248.27243883845938,639.9570972909773,True
370,370000,0.01648599819331527,0.002168021680216802,0.008779903048435539,0.02168021680216802,0.008411838086634834,0.04566854990583803,0.0062146892655367235,0.024592967966921793,0.059322033898305086,0.020208949869966818,0.030774550484094054,0.004149377593360996,0.01652239956454084,0.040110650069156296,0.014188017300050492,22,0.030428769017980636,65679,11.740983664632054,13.652637408267942,172.42111151377637,11.665870853494464,15.5607653154477,11.684643621057145,12.422861967953391,249.14887434462906,643.4592679082085,True
371,371000,0.011239782016348773,0.0013623978201634877,0.005246354045684746,0.013623978201634877,0.0035876475930971844,0.03688799463447351,0.005633802816901409,0.022622506472793368,0.05070422535211268,0.02111446456516879,0.02385074528426329,0.0034626038781163434,0.013790030100565023,0.03185595567867036,0.012205403860528513,27,0.037396121883656507,65679,11.772711397128877,15.104410261923551,172.0594864118019,11.667772281009903,15.713635316660923,11.687128673776304,12.066164004231883,250.07130834653333,653.3494179422062,True
372,372000,0.03195521102497846,0.0041343669250646,0.017838340623309794,0.03875968992248062,0.014857881136950902,0.02820411911321002,0.00440771349862259,0.014692405955675234,0.03305785123966942,0.012744326380690018,0.03013968253968254,0.004266666666666667,0.01631570824417467,0.036,0.013834920634920636,30,0.04,65679,11.746382195365612,15.004991294254033,171.33893625409513,11.665375956648738,15.4032521704206,11.685514261339236,12.242268883244645,249.086721015368,633.8013612887106,True
373,373000,0.02359882005899705,0.002359882005899705,0.009569021915421874,0.02359882005899705,0.0053986983190523015,0.01847079037800687,0.002577319587628866,0.007194613618549643,0.02577319587628866,0.004506218294878088,0.020861989912884,0.0024759284731774417,0.008301799880777548,0.024759284731774415,0.004922381607388485,26,0.03576341127922971,65679,11.735638907717227,14.495373302447767,170.3551319470753,11.666635668539094,15.671017012330868,11.685359463664557,12.05591151748342,247.66506781925827,639.7212953198616,True
374,374000,0.028265107212475632,0.003508771929824562,0.015922711295928635,0.03508771929824561,0.013579086605402396,0.037707535121328226,0.006321839080459771,0.020713333034550554,0.05747126436781609,0.019674785623061485,0.03302737520128825,0.0049275362318840586,0.018338850955407514,0.0463768115942029,0.016653439153439153,22,0.03188405797101449,65679,11.736288093644465,14.129974325927108,170.58535331082592,11.665140109806682,15.110960978170773,11.682980788074726,12.258383016550134,247.16908062299981,634.5893570582906,True
375,375000,0.026778950216450215,0.004261363636363636,0.01259010544333406,0.03977272727272727,0.010321969696969698,0.03148148148148148,0.00463768115942029,0.017398175211657877,0.043478260869565216,0.013727858293075683,0.029106601990389648,0.004447632711621233,0.014969996505129925,0.04160688665710186,0.012007811254583133,22,0.03156384505021521,65679,11.735290384340402,13.568975053224186,172.07192601043087,11.666493903383923,15.49909875603328,11.683669110917894,12.524511133427119,248.74996435175768,635.3006080358492,True
376,376000,0.019047619047619046,0.003174603174603175,0.010262149054856451,0.031746031746031744,0.008846686822877299,0.020428726558910745,0.004034582132564841,0.012473972513224777,0.0345821325648415,0.01590617995517131,0.019708645677161418,0.003586206896551725,0.011320773523896188,0.03310344827586207,0.012225506294471812,23,0.031724137931034485,65679,11.755110010669423,13.792370832488299,170.9947504452969,11.66690215326227,15.270592739702327,11.687250961067708,12.354812538972748,247.52178968145967,633.4406816821403,True
377,377000,0.03138252756573367,0.003816793893129771,0.018792280572018576,0.035623409669211195,0.016887798376347993,0.02153954802259887,0.002824858757062147,0.009060822744838007,0.02824858757062147,0.0065050219711236664,0.026717983043284245,0.0033467202141900937,0.014180585698093646,0.0321285140562249,0.011967446505599116,19,0.025435073627844713,65679,11.768566030356808,13.71380359865837,170.60720162415112,11.664750943551905,15.302289075758146,11.682819466229954,12.142003112447508,246.8814338511538,646.751510320287,True
378,378000,0.018355855855855856,0.002702702702702703,0.009167350664950634,0.02702702702702703,0.007034534534534535,0.03912835249042146,0.0054597701149425295,0.022803209088230744,0.05459770114942529,0.022292920999817552,0.028423862581244193,0.00403899721448468,0.01577637396759893,0.0403899721448468,0.014429964186231596,16,0.022284122562674095,65679,11.73658374975517,13.567381813406332,172.09274231905215,11.664894458973674,15.15377409960772,11.682141242919108,11.8722092382062,247.76972692192035,635.4081751114293,True
379,379000,0.04140946502057613,0.0052469135802469145,0.025946592403934068,0.05246913580246913,0.024595825984714877,0.04109536576024512,0.005898123324396784,0.026385647715961347,0.05630026809651475,0.027151155368313546,0.041241374598619936,0.005595408895265424,0.026181553137630157,0.054519368723098996,0.02596331215412995,18,0.02582496413199426,65679,11.737933892919106,12.75000205502863,178.2244747470241,11.664338838368593,15.536931713966418,11.67752292496882,12.478609572930122,254.06981374520578,654.584026865579,True
380,380000,0.022063037249283667,0.0028653295128939827,0.01124654776932413,0.02865329512893983,0.010565334061036068,0.02430735930735931,0.003714285714285714,0.014204001115651229,0.03428571428571429,0.013880952380952381,0.02318680365890666,0.0032904148783977107,0.012727389931290488,0.031473533619456366,0.012225514907918341,14,0.020028612303290415,65679,11.735386141464854,13.469430188484122,170.68046337292975,11.668035966860835,15.114318087539047,11.67845931121514,11.858631274896947,246.2047243433907,657.8003106140761,True
381,381000,0.026201201201201202,0.0032432432432432435,0.013013422220595048,0.032432432432432434,0.009958172458172458,0.028212806861875182,0.005900621118012423,0.01921319227699212,0.055900621118012424,0.028735334713595583,0.027137237361225797,0.004479768786127168,0.015898286321982123,0.04335260115606936,0.018695522525002294,14,0.02023121387283237,65679,11.736511546567296,13.769081099290759,171.96508187172776,11.665079870881723,15.5254064803656,11.680555513093882,11.861971668580829,248.20368805050785,640.025465579952,True
382,382000,0.03698703657831723,0.005177111716621254,0.019233202160658172,0.04904632152588556,0.018354526188313652,0.039735772357723576,0.006097560975609756,0.017609880291246556,0.057926829268292686,0.01403043941153697,0.03828428166557663,0.005611510791366907,0.01846708766689269,0.053237410071942444,0.01631380609797876,12,0.017266187050359712,65679,11.754719749013098,13.016065591786585,171.63746885617837,11.665434271890263,15.484020463307768,11.686957055279112,12.029491730569664,247.27415771802487,648.1250747542578,True
383,383000,0.023415977961432508,0.0035812672176308543,0.013582362015233003,0.03581267217630854,0.012098255280073461,0.03173652694610779,0.004790419161676647,0.016054432963657755,0.041916167664670656,0.015484507176123942,0.027403156384505023,0.004160688665710187,0.014766969901565669,0.03873744619799139,0.013720935528683018,26,0.03730272596843615,65679,11.742721645557896,14.69256398223262,174.7982742574261,11.665981527408942,14.99720448544517,11.684381125753873,12.18102861949566,251.76215564332026,648.8280723415673,True
384,384000,0.022782084409991386,0.003359173126614987,0.013905414060721398,0.028423772609819122,0.013113695090439274,0.04980563654033041,0.0058309037900874635,0.01936372002749489,0.05830903790087463,0.012106066916562542,0.035479452054794525,0.00452054794520548,0.016470070151958806,0.04246575342465753,0.012640247879973908,17,0.023287671232876714,65679,11.760272474348188,13.540391608557467,171.8630207591665,11.667247498015065,15.11944551141342,11.685289921403719,12.137651562993401,247.77331933589775,648.5104303214362,True
385,385000,0.012054794520547946,0.0019178082191780822,0.004794497881372709,0.01643835616438356,0.003595346814524897,0.03728825522303784,0.006211180124223602,0.02235428681052188,0.055900621118012424,0.023752834467120183,0.023881831414582506,0.003930131004366812,0.01302485018877596,0.034934497816593885,0.013043252235391973,16,0.023289665211062592,65679,11.737220419527628,13.229693544114518,172.50251938694117,11.663322877275561,14.923348998718833,11.6801347313511,12.142206299192715,247.87844625712154,660.2796681304812,True
386,386000,0.0246415770609319,0.0034946236559139786,0.019715326965355103,0.03225806451612903,0.021841397849462367,0.04841040462427745,0.006647398843930635,0.02298814922437199,0.06647398843930635,0.02082415817964951,0.03609563602599814,0.0050139275766016705,0.0212924808673326,0.04874651810584958,0.021351196003006587,17,0.023676880222841225,65679,11.734497868287619,13.142181786940377,171.64516687978582,11.666057865789004,15.617690561409159,11.682576913918385,12.112006856357382,247.60017873248773,640.0837733210874,True
387,387000,0.03398510242085661,0.004189944134078212,0.015374374312087992,0.04189944134078212,0.010368449055599895,0.04884189325276938,0.008761329305135951,0.02641076795348957,0.08459214501510574,0.027798158538339807,0.04112239961296565,0.006386066763425255,0.020676328296563934,0.062409288824383166,0.01874179279839657,21,0.030478955007256895,65679,11.734671800767149,13.799865818175938,172.81322009282673,11.665197900745383,15.522243210497333,11.684728285166202,12.212285636026277,249.43221274420503,652.4723362724138,True
388,388000,0.029715762273901807,0.003617571059431525,0.017333690880965397,0.031007751937984496,0.01419342930970838,0.03483568075117371,0.004788732394366198,0.018858290877339798,0.04788732394366197,0.018634026380505254,0.03216531895777179,0.0041778975741239895,0.018063115407532665,0.03908355795148248,0.01631797373037265,20,0.026954177897574125,65679,11.733978073302787,13.643765768733829,173.16135670852884,11.661821941566508,15.200603966813997,11.673972560188872,12.512222125449224,249.58772114458404,651.8355487111771,True
389,389000,0.03492669332363989,0.0053435114503816794,0.016742280617749766,0.05343511450381679,0.014679510481037198,0.02327380952380952,0.003714285714285715,0.01094290043464117,0.03428571428571429,0.009558956916099773,0.029437447926680762,0.004576043068640646,0.01401040569973091,0.04441453566621804,0.01226740584075712,14,0.018842530282637954,65679,11.756594961664923,13.05594709077873,172.62542915646995,11.66853666634271,15.216019954966686,11.68676333745955,12.017148206144856,248.02643937382743,641.8435344301976,True
390,390000,0.03595178719866999,0.004987531172069825,0.018126118295517003,0.04987531172069826,0.014836915647389462,0.031988472622478385,0.00489913544668588,0.01636176381274904,0.040345821325648415,0.013072366314441244,0.03411319073083779,0.004946524064171123,0.017307627646425447,0.045454545454545456,0.0140183346065699,17,0.022727272727272728,65679,11.759235974961868,13.910647528592168,173.29862013409914,11.665207168554126,15.21107188806603,11.684080833795907,12.03292237828002,249.56178590634931,647.0617923443612,True
391,391000,0.021959042684431284,0.0025906735751295338,0.010594951273977278,0.025906735751295335,0.007731926967678262,0.018928901200369344,0.0030470914127423824,0.00947411846975982,0.030470914127423823,0.00994921514312096,0.020494677121183146,0.002811244979919679,0.010053290440881558,0.028112449799196786,0.008803467839612418,20,0.02677376171352075,65679,11.761960489409251,13.927150120329745,171.7257305031139,11.663359515023952,15.678814118513795,11.701882382919582,11.957660371042511,248.41655750035278,662.7748032230762,True
392,392000,0.022767462422634832,0.002917771883289125,0.011800119687846637,0.029177718832891247,0.010639552018862363,0.03305004721435316,0.00453257790368272,0.018189639518454252,0.0453257790368272,0.015749359233778498,0.02773972602739726,0.0036986301369863017,0.014889846400455526,0.036986301369863014,0.013110458795390302,25,0.03424657534246575,65679,11.742705774697715,13.375335655485543,172.7462764817278,11.666443227920098,15.301317064397857,11.686994741577639,12.46989473041582,248.9889676762225,652.6427923443933,True
393,393000,0.020440251572327043,0.002964959568733154,0.012218774244405593,0.029649595687331536,0.0116608907714029,0.024952086097596936,0.0046439628482972135,0.013267730008408637,0.043343653250773995,0.014326256818516878,0.022540139975298475,0.003746397694524496,0.012706976999121707,0.03602305475504323,0.012901399752984766,15,0.021613832853025938,65679,11.744039136452056,13.387517499963142,178.22679835322043,11.665319442355493,15.466974889466467,11.685324213583925,12.099776883545132,254.27575041858665,681.0575888965276,True
394,394000,0.02627811860940695,0.0033742331288343563,0.012912830372229653,0.03374233128834356,0.011503067484662576,0.03785780240073869,0.004986149584487535,0.021793218147405837,0.04986149584487535,0.01927406234885459,0.03236293061620572,0.004221251819505095,0.017579235011004914,0.042212518195050945,0.015586516023197244,12,0.017467248908296942,65679,11.761634719720249,13.212829389708247,174.0410136475967,11.662936919842881,15.471979593340013,11.685272528982882,12.041362895121033,249.87702969431206,664.8760725253001,True
395,395000,0.026522859856193185,0.004273504273504274,0.01260965189452681,0.042735042735042736,0.013311174422285535,0.021768707482993196,0.003316326530612245,0.01164253227173692,0.03316326530612245,0.011638524457402006,0.0240146125745049,0.0037685060565275912,0.01209940843270496,0.03768506056527591,0.012428699609049541,20,0.026917900403768506,65679,11.725845006249624,13.967524749691762,173.20121209196682,11.664506510855599,15.156500433599618,11.673849149407278,12.174056673863731,249.56349461563443,662.5844940865155,True
396,396000,0.02952380952380952,0.003714285714285715,0.013514780465832677,0.037142857142857144,0.010793650793650795,0.03138218037931505,0.005157593123209169,0.013056587638377566,0.04297994269340974,0.009856960931459498,0.03045166564479869,0.004434907010014306,0.013286011800908737,0.04005722460658083,0.0103259758839158,22,0.031473533619456366,65679,11.771689869766178,14.10326912282267,181.07302374248403,11.663351599244809,14.974314990090498,11.67662556134097,13.338045742883331,258.60032062863246,679.8570890341748,True
397,397000,0.029809141135107985,0.0038674033149171273,0.01395039982332563,0.03867403314917127,0.01087652372182759,0.03184523809523809,0.004761904761904762,0.01907545488318853,0.047619047619047616,0.019795209750566894,0.03078926803855171,0.004297994269340974,0.016417475038388574,0.04297994269340974,0.015169759403283757,16,0.022922636103151862,65679,11.826595862851619,16.02464101785328,189.04797916458048,11.669671859670938,15.33797284541949,11.719886247540945,12.299234897872324,267.9259818957891,724.1187052796083,True
398,398000,0.024956158100634025,0.0033994334277620396,0.013399752667558364,0.0339943342776204,0.012074508745896847,0.02311991869918699,0.004573170731707317,0.014429209675476345,0.04573170731707317,0.014942653890824623,0.02407174323473883,0.003964757709251102,0.013895585117774367,0.039647577092511016,0.013455935482367202,20,0.02936857562408223,65679,11.861859729289659,17.0850292017799,184.92063175395978,11.660972844829143,14.969168470935212,11.681546572051005,13.51330656268468,265.6925151355294,717.8296785169125,True
399,399000,0.020394736842105264,0.002631578947368421,0.009605918489074251,0.02631578947368421,0.006848370927318296,0.03693693693693694,0.004864864864864865,0.018464967681364824,0.04864864864864865,0.01686078936078936,0.028555555555555553,0.0037333333333333333,0.013976382757270932,0.037333333333333336,0.011787830687830689,13,0.017333333333333333,65679,11.803491465178784,13.710890553852995,176.67627207168525,11.667239965929,15.443517271840346,11.682990903427726,11.969150186696975,252.95355241861108,664.6470802820214,True
400,400000,0.0252906976744186,0.0029069767441860465,0.012206927974290675,0.029069767441860465,0.008914728682170543,0.027777777777777773,0.004438642297650131,0.013899029043926628,0.04177545691906005,0.014271208918728502,0.02660094757756381,0.0037138927097661624,0.013098364988968212,0.03576341127922971,0.011736643304731337,15,0.02063273727647868,65679,11.74624966260307,13.504053487822798,174.02864086057957,11.669758597288027,15.17065535194817,11.6954278394088,12.013826564905017,249.82861236455545,690.2250943848776,True
401,401000,0.021541950113378682,0.0029100529100529104,0.012950989048317558,0.026455026455026454,0.010545267489711933,0.022599424385138667,0.003296703296703297,0.013321532229473737,0.03296703296703297,0.011698717948717947,0.02206071107688358,0.0030997304582210247,0.013132764948507382,0.029649595687331536,0.01111111111111111,21,0.02830188679245283,65679,11.790761545726891,14.827287672547484,174.10617924346062,11.669903362376832,15.288092248932905,11.70159507218882,12.414943331429118,251.79876247666266,761.9753750493508,True
402,402000,0.04057142857142857,0.004571428571428572,0.022098500935047217,0.045714285714285714,0.0179421768707483,0.04114189756507137,0.0060453400503778345,0.02150447788296358,0.05793450881612091,0.019755307664627565,0.04087460954930834,0.00535475234270415,0.021782801936818027,0.05220883534136546,0.018905781857589087,16,0.0214190093708166,65679,11.76936197999634,14.615416954688598,183.6328371582763,11.666739522686598,15.52193743770136,11.695500227892897,12.33631668279278,261.23810996403483,707.0668663495261,True
403,403000,0.022996357012750455,0.003278688524590164,0.012061934673808788,0.03278688524590164,0.011164238008500301,0.023080660835762875,0.003206997084548105,0.012919728396447724,0.03206997084548105,0.013508260447035956,0.0230371415138693,0.003244005641748942,0.012476918096749768,0.03244005641748942,0.01229822911769315,15,0.021156558533145273,65679,11.790937930244993,13.600435464666827,176.77146046168878,11.664215258111454,15.22903578626833,11.700131598069152,12.919542995426525,253.67575949447607,730.1239199143383,True
404,404000,0.03133903133903134,0.004558404558404559,0.017299102431654504,0.042735042735042736,0.015929543707321484,0.053422619047619045,0.008035714285714287,0.030310139799688003,0.07738095238095238,0.028058862433862432,0.04213973799126638,0.006259097525473072,0.023662579223007133,0.05967976710334789,0.02186178692728911,17,0.024745269286754003,65679,11.810616040275335,15.091712989245831,185.25699256655147,11.669021238835953,15.090995056588064,11.70310384474016,12.736711685779056,263.3591534220159,721.4664465535758,True
405,405000,0.02484381507705123,0.003790087463556852,0.0142771114534015,0.037900874635568516,0.014033504558285899,0.030070673802662276,0.004610951008645533,0.016404531321269917,0.043227665706051875,0.017902886418736563,0.027472394755003453,0.004202898550724638,0.01534698782173533,0.04057971014492753,0.01597941108810674,16,0.02318840579710145,65679,11.876989351344847,14.86196424416164,183.2486689156698,11.666837156198984,15.213975866901208,11.695688150847872,12.183339515026148,260.7474632001505,772.1400909956877,True
406,406000,0.029085872576177285,0.0038781163434903044,0.01502925501179145,0.038781163434903045,0.012661038561315568,0.024108338114362207,0.00391566265060241,0.013298881500570856,0.0391566265060241,0.01383868808567604,0.02670125289172908,0.0038961038961038965,0.014200273762548685,0.03896103896103896,0.013225222749032272,19,0.027417027417027416,65679,11.81487432361239,16.511627089654812,180.16627556355357,11.669699505501008,15.195132392398225,11.6986982769407,12.609694542420335,259.66600169408105,676.9211449166868,True
407,407000,0.019047619047619046,0.003773584905660377,0.00929897581981719,0.03234501347708895,0.008557951482479785,0.026981852913085004,0.0037249283667621777,0.016354670645391846,0.03724928366762178,0.013896848137535816,0.02289351851851852,0.0037500000000000003,0.01271902789499157,0.034722222222222224,0.011145833333333334,21,0.029166666666666667,65679,11.759285664880714,14.402138116487162,184.35214859086057,11.666434279411497,15.116877425780384,11.678194028863498,12.405553904304423,261.3806320105883,668.0122591661841,True
408,408000,0.02282016348773842,0.0035422343324250675,0.010864122707944172,0.035422343324250684,0.01139872842870118,0.0338855421686747,0.005421686746987952,0.01676255089781538,0.04819277108433735,0.015671017402945117,0.0280758226037196,0.004434907010014307,0.013665665138612613,0.04148783977110158,0.013427912891432204,16,0.022889842632331903,65679,11.789337196810301,13.07921733290085,174.60533459773276,11.665823300088807,15.15717770583791,11.67956827791139,12.137922837329729,250.11438124861178,697.7912650738549,True
409,409000,0.0220125786163522,0.0032345013477088954,0.014882351703275773,0.03234501347708895,0.01622812647071407,0.03984450923226434,0.0061224489795918356,0.021329259935590823,0.061224489795918366,0.020633763709565458,0.03057889822595705,0.004621848739495798,0.017979395854093787,0.046218487394957986,0.01834456004624072,18,0.025210084033613446,65679,11.788487260411262,13.949130636847773,176.58979051848877,11.667781899704632,15.64532601505686,11.691580296901982,12.599525765655262,253.93162239306656,696.7206656508517,True
410,410000,0.020921052631578948,0.003157894736842105,0.009213779760112185,0.031578947368421054,0.007108395989974936,0.04199810606060606,0.00681818181818182,0.025713087263865973,0.06534090909090909,0.026017992424242423,0.031056466302367945,0.004918032786885246,0.017147872985961002,0.04781420765027322,0.01620153525891231,15,0.020491803278688523,65679,11.805382024332456,14.514899090267708,190.71697467448746,11.671457405826313,16.159801743909075,11.688555518085675,12.941535151300698,269.49860560820935,684.5217610197963,True
411,411000,0.01794807579931547,0.0033057851239669425,0.009304914845463181,0.030303030303030304,0.009475709475709476,0.062,0.008285714285714287,0.03323582090909387,0.08,0.03251700680272109,0.03957244251774406,0.005750350631136046,0.021052203937007,0.0546984572230014,0.020786304236514615,10,0.014025245441795231,65679,11.884657696914491,14.601531832358905,180.7383347514624,11.66665258400812,15.391801304553976,11.70268882239034,12.133336308339793,258.119003300028,707.8805864254579,True
412,412000,0.02290448343079922,0.0029239766081871343,0.010482142530972915,0.029239766081871343,0.007394644017451035,0.02633014099494546,0.004189944134078212,0.012215079561143323,0.04189944134078212,0.009700053205639797,0.024656462585034015,0.0035714285714285713,0.011368416040688637,0.03571428571428571,0.008573696145124717,19,0.027142857142857142,65679,11.81684035400643,17.29636851482974,179.53405502285636,11.665378562342177,15.204222823861357,11.690423867616317,12.971880299028626,260.179169444541,731.5396470261581,True
413,413000,0.04699738903394256,0.005744125326370758,0.026396757249840915,0.057441253263707574,0.02178291682208131,0.029655493482309125,0.0036312849162011174,0.016942601557604058,0.036312849162011177,0.013927684667908133,0.03861898335582546,0.004723346828609987,0.021829162461958606,0.04723346828609987,0.01798781140886404,17,0.022941970310391364,65679,11.812709920233644,14.731611741813921,187.95419603667708,11.669240189970953,15.254803361230973,11.69145803719962,12.503849684319945,265.61786897144617,778.0883712229514,True
414,414000,0.01412037037037037,0.0022222222222222222,0.007554313053688253,0.022222222222222223,0.006164021164021164,0.02300925925925926,0.0036111111111111114,0.012721609496939078,0.03611111111111111,0.012222222222222223,0.018564814814814815,0.002916666666666667,0.010137961275313665,0.029166666666666667,0.009193121693121694,14,0.019444444444444445,65679,11.77330103002694,14.519622501207863,186.43911188137574,11.661313121302808,15.725363276819504,11.707850583908552,12.617300642892015,264.44386303753345,697.2895167058902,True
415,415000,0.02302452316076294,0.0035422343324250684,0.01279529732876898,0.035422343324250684,0.012707062843302626,0.02533436213991769,0.004320987654320988,0.018006420185246688,0.043209876543209874,0.021707818930041152,0.02410757356488181,0.003907380607814761,0.015238718176089931,0.03907380607814761,0.01692738841798176,15,0.02170767004341534,65679,11.877872574395099,14.696386642532033,181.1910721996046,11.667530071646226,15.368952096639354,11.695084235763265,15.858811450331078,262.3557092709117,722.2088272587634,True
416,416000,0.014498050682261208,0.0023391812865497076,0.006824109239812216,0.023391812865497075,0.0057539682539682535,0.0342304060434372,0.00396600566572238,0.018265126643837924,0.039660056657223795,0.014221637663564008,0.02452038369304556,0.0031654676258992807,0.012635158367324553,0.031654676258992806,0.010054813292223363,14,0.02014388489208633,65679,11.802828335683024,14.551796046313736,191.30340944789603,11.665776290803453,15.124270983546406,11.706593513238772,12.565406616149577,268.720081233631,742.2219504916727,True
417,417000,0.018352059925093634,0.0028089887640449437,0.007998688981326583,0.025280898876404494,0.005648073836276083,0.02565217391304348,0.004347826086956522,0.012292114207127188,0.043478260869565216,0.01345180584311019,0.02194484070375654,0.003566333808844508,0.010111715661642146,0.034236804564907276,0.009488712270452641,14,0.019971469329529243,65679,11.91377439579977,16.32835070208838,185.3457989520746,11.670992811740888,15.142234830567425,11.753986249862791,12.75371046177698,264.9088484039108,618.6860851833397,True
418,418000,0.018831822759315203,0.003625377643504532,0.013382791212634648,0.03323262839879154,0.014677744209466263,0.01669877970456005,0.002890173410404624,0.008044383855092731,0.02601156069364162,0.008995091292779154,0.01774167076973576,0.003249630723781389,0.010654447127391659,0.029542097488921712,0.011773463693700031,19,0.028064992614475627,65679,11.73893662048675,14.165959329071054,174.64449939358363,11.656937738024897,15.065910434319818,11.67907966481696,12.2585205478698,251.20984372817293,716.8630712373058,True
419,419000,0.025684608120868743,0.0036827195467422098,0.014022901666322493,0.036827195467422094,0.011310085885156708,0.030786576469027722,0.005013927576601671,0.01552317194275252,0.04735376044568245,0.014054693372242119,0.028257089352594973,0.004353932584269663,0.014779358168061791,0.042134831460674156,0.012693953986088817,17,0.023876404494382022,65679,11.81958354640189,15.384628372583364,187.88033766159452,11.673504449860594,15.214069803426433,11.705098301451056,12.135291009129912,265.8125131444478,720.1215351173573,True
420,420000,0.031018518518518518,0.003888888888888889,0.018574670011579655,0.03611111111111111,0.016003086419753086,0.022317188983855648,0.003133903133903134,0.011124726245892827,0.03133903133903134,0.008510830733052956,0.026722925457102673,0.0035161744022503515,0.014896849671557045,0.03375527426160337,0.012304377916192263,14,0.01969057665260197,65679,11.926349210045206,16.845167363721547,180.1432968982497,11.666980237967639,15.166259468790688,11.707503625557614,12.446630902107625,259.90218770644003,730.0366576685757,True
421,421000,0.03485714285714286,0.004857142857142858,0.02055808866735568,0.04857142857142857,0.020368480725623583,0.021382783882783883,0.003296703296703297,0.010853328137077367,0.03296703296703297,0.009974053724053723,0.027987861811391224,0.004061624649859944,0.015610563691135363,0.04061624649859944,0.015069361077764439,19,0.02661064425770308,65679,11.803300120460936,15.004415576169716,187.21225312551272,11.669384548940176,15.16160999082139,11.699629057559946,12.710386492753578,265.26097891221843,724.6865823642978,True
422,422000,0.022408963585434174,0.0022408963585434176,0.011791001595993167,0.022408963585434174,0.008640122715752967,0.01952523524379812,0.0035928143712574854,0.010828971992673967,0.03592814371257485,0.012585543199315655,0.021015091999173043,0.002894356005788712,0.01132599741725422,0.02894356005788712,0.010547171111570533,19,0.027496382054992764,65679,11.823534797172908,15.99683469077906,184.2164881992181,11.667071162124731,15.109913007016473,11.694815452822915,12.472839499899635,262.98149680903384,733.4231145088577,True
423,423000,0.01955684007707129,0.002890173410404624,0.007723569941309026,0.028901734104046242,0.00594779337553904,0.023771830631988945,0.00395778364116095,0.013205808603617086,0.0395778364116095,0.012872220128156803,0.021760262725779966,0.0034482758620689655,0.010589457462708687,0.034482758620689655,0.00956759715380405,14,0.019310344827586208,65679,11.874256550636897,17.19642863390325,186.04921645870576,11.691729804308437,15.888387720930375,11.71404595529113,12.831111080580104,267.24517620435597,704.1408508902114,True
424,424000,0.009273840769903762,0.0015748031496062992,0.005536397505127606,0.015748031496062992,0.004833770778652669,0.017320736434108527,0.002616279069767442,0.010657768532415608,0.023255813953488372,0.011652131782945736,0.013091954022988506,0.0020689655172413794,0.007966399758075293,0.019310344827586208,0.008068965517241379,12,0.016551724137931035,65679,11.775028075200478,13.072871827057853,176.56086219630663,11.6716911436332,15.22690911931468,11.70526174409936,12.567714137268204,252.5803382428804,687.2598451381218,True
425,425000,0.03068996415770609,0.00456989247311828,0.017451474064550308,0.0456989247311828,0.016293309438470727,0.0348948060486522,0.004733727810650888,0.018610090564644556,0.047337278106508875,0.017778482201559125,0.032691705790297336,0.0046478873239436625,0.01800304079276419,0.04647887323943662,0.01700033534540577,12,0.016901408450704224,65679,11.812735835448063,14.101041621639165,188.27220757772213,11.664654603060765,15.061931673276963,11.68914637300622,12.313973623112595,264.91569130726594,717.4559274212844,True
426,426000,0.027113429641519526,0.0044943820224719105,0.016288060476793258,0.042134831460674156,0.01627207062600321,0.044269446909198464,0.007453416149068324,0.02114987111509271,0.062111801242236024,0.020793897269052546,0.03526127265065318,0.0058997050147492625,0.018597061989377953,0.051622418879056046,0.018419604813410123,18,0.02654867256637168,65679,11.910948700177837,16.504010761586585,192.663174291674,11.673727098593378,15.155528042987143,11.703017793018855,12.673197715418194,272.283604403456,706.7596533814058,True
427,427000,0.03398100172711572,0.004404145077720208,0.01744743711987042,0.04145077720207254,0.014410107739123282,0.025226586102719033,0.003625377643504532,0.012762263168896509,0.03323262839879154,0.009377547595070253,0.0299395629939563,0.004044630404463041,0.015284546495362239,0.03765690376569038,0.012086847756303823,10,0.01394700139470014,65679,11.803105909813372,14.314987912877886,180.2137341346266,11.668722582791613,15.741237034072597,11.701881330372643,12.546698096416176,257.9903670009709,739.221631954945,True
428,428000,0.031767955801104975,0.0033149171270718237,0.014834198850274254,0.03314917127071823,0.00979457160396387,0.028901734104046242,0.004913294797687861,0.015791973401982733,0.04335260115606936,0.016164327002477292,0.03036723163841808,0.004096045197740114,0.015302263814809754,0.038135593220338986,0.012907474665949244,19,0.026836158192090395,65679,11.847203913839532,14.953226555869392,182.1072255205891,11.678505059065092,15.098462498142062,11.696003470007543,12.772966402729846,260.15359342024254,677.6323028347408,True
429,429000,0.020390070921985814,0.002393617021276596,0.011711638757099291,0.023936170212765957,0.009493203309692671,0.04381151902101623,0.006424581005586593,0.024824821592097063,0.06424581005586592,0.023641039283497384,0.0318136110029843,0.004359673024523161,0.01810744182920992,0.043596730245231606,0.016393646468578348,14,0.01907356948228883,65679,11.819079874519911,14.744084722462247,190.30649358897645,11.666381333264031,15.24864465285436,11.681611470581998,12.591322491040113,268.0576181336991,756.3841077276589,True
430,430000,0.014204545454545454,0.001704545454545455,0.0076518948215413855,0.017045454545454544,0.005973800505050505,0.026801801801801806,0.004054054054054054,0.014644623133528607,0.04054054054054054,0.01583976833976834,0.020660203139427517,0.002908587257617728,0.01123542595095312,0.029085872576177285,0.011029767400958537,11,0.015235457063711912,65679,11.79537819623322,13.919571047349422,182.10858234385395,11.662172002324667,15.569514258129136,11.686157380397244,12.582910869585184,259.32428609787286,707.2657688853567,True
431,431000,0.023840365161608687,0.0038860103626943004,0.012279913672487461,0.03626943005181347,0.010531293691915456,0.03642322097378277,0.005898876404494382,0.016444439908756103,0.05898876404494382,0.014046058498305689,0.02987742266718008,0.004851752021563343,0.01427798825484816,0.04716981132075472,0.01221762289821589,11,0.014824797843665768,65679,11.782494866885429,14.697772258043251,182.87712400211208,11.66675789665561,15.671971761277437,11.682038106308745,12.46445342406588,260.84261231534845,692.4251187199748,True
432,432000,0.03602423217807833,0.0053254437869822485,0.021123231964345013,0.05325443786982249,0.021510754203061894,0.03781356292517007,0.006547619047619048,0.020401966519610498,0.05952380952380952,0.022391109221466365,0.03691624275823088,0.005934718100890208,0.02076366936875036,0.05637982195845697,0.021949625547548392,15,0.02225519287833828,65679,11.798297453458062,15.026912108861978,187.49633683307064,11.667580999352722,14.976541584998948,11.680928469481877,12.572053892101476,265.21865134132565,731.5436870355408,True
433,433000,0.033574879227053135,0.0052173913043478265,0.017114733185458645,0.05217391304347826,0.014319070623418449,0.038888888888888896,0.00603448275862069,0.02114033129678317,0.05747126436781609,0.021011220580186098,0.036243386243386244,0.005627705627705628,0.019136245656946285,0.05483405483405483,0.01767963077486887,12,0.017316017316017316,65679,11.791502180114044,13.989681226067585,187.41467505967168,11.66583440892488,15.063665468495469,11.70538393285847,12.379658158034879,264.010400434167,729.5388619438237,True
434,434000,0.02096774193548387,0.0035190615835777126,0.012626452863217093,0.03519061583577713,0.016063864450961224,0.012017804154302673,0.002967359050445104,0.011986921139077584,0.026706231454005934,0.01904055390702275,0.016519174041297935,0.003244837758112095,0.012308573525407339,0.030973451327433628,0.01754342838413635,19,0.028023598820058997,65679,11.765344407665967,14.458695738739369,185.42309143287918,11.665787143344541,15.278883265190668,11.709283865624087,15.697241552703467,265.99832740614727,690.3822728642762,True
435,435000,0.024305555555555552,0.0031249999999999997,0.014177722365051026,0.03125,0.013837218915343915,0.024563953488372092,0.004360465116279071,0.011905098687436104,0.040697674418604654,0.011501015134736066,0.024427655677655674,0.003708791208791209,0.013103845242661557,0.03571428571428571,0.012733298447584161,19,0.0260989010989011,65679,11.78855688505065,13.694852150192283,178.22149207641357,11.675609174477408,24.142072768795764,11.685284414308938,12.571724866239364,263.779592335478,737.2557736001206,True
436,436000,0.019390581717451522,0.002770083102493075,0.00891026403501829,0.027700831024930747,0.006259068724442686,0.03594771241830065,0.004761904761904762,0.01948327665597864,0.04481792717086835,0.016918989818149485,0.027623026926648094,0.0037604456824512538,0.014167319056860694,0.036211699164345405,0.011559335897776008,13,0.018105849582172703,65679,11.797322068185512,14.464442987360826,194.24525376232626,11.67179581773592,15.436650825151332,11.710566216849294,15.597521588250896,274.92355326586005,684.7894622551976,True
437,437000,0.02403138008325328,0.0034582132564841502,0.013856705292863062,0.0345821325648415,0.012142628425049175,0.03428571428571429,0.0051428571428571435,0.020412202044016583,0.04857142857142857,0.02357482993197279,0.02918061533556512,0.004304160688665711,0.01714856162414532,0.04160688665710186,0.017883332194666486,16,0.02295552367288379,65679,11.867661183828648,13.867853324078805,175.26965857095345,11.66599950330749,15.113911158326498,11.690502043026907,12.43142443707601,251.90701022059778,729.6828389448673,True
438,438000,0.037453183520599245,0.0044943820224719105,0.018318828771300307,0.0449438202247191,0.014282370251471376,0.046892303433001103,0.006976744186046512,0.028497027682405682,0.061046511627906974,0.028524132521225543,0.042091836734693876,0.005714285714285714,0.02332068652190066,0.05285714285714286,0.021281179138321997,19,0.027142857142857142,65679,11.804089178890642,16.26859782227763,196.87729709477742,11.669627834498542,15.65394878727533,11.70297399649689,12.50280773301693,276.4793424472334,738.1642887943074,True
439,439000,0.03493013972055888,0.005089820359281438,0.019545613255254373,0.05089820359281437,0.01864604125083167,0.0241529304029304,0.003296703296703297,0.013891554660951499,0.03296703296703297,0.01172815279958137,0.029309933142311364,0.004154727793696276,0.016597078400918775,0.04154727793696275,0.015038431800609452,18,0.025787965616045846,65679,11.874964027547286,16.22494946712516,184.44333339739939,11.664495599139624,15.159457365132578,11.68718735167218,12.826007078470258,263.8803942864865,693.805366386524,True
440,440000,0.028037383177570093,0.0034267912772585674,0.014210519169343168,0.03115264797507788,0.011464668941304455,0.03983420593368237,0.006544502617801047,0.023426253675728557,0.06282722513089005,0.02362773207014045,0.03444760550023708,0.005120910384068279,0.019218215586753153,0.04836415362731152,0.018073900968637813,11,0.015647226173541962,65679,11.789764001568503,13.967154140204219,183.85182420810332,11.665882628464352,15.166773334907013,11.698531712178717,12.973440396191194,261.11337042161733,712.2176675171677,True
441,441000,0.013314447592067988,0.00198300283286119,0.008238140797723914,0.019830028328611898,0.008419892980799497,0.048524480214621066,0.00619718309859155,0.026353783573459,0.061971830985915494,0.022335121842164095,0.030969195587839657,0.004096045197740114,0.01732154925165888,0.04096045197740113,0.01539716168953457,11,0.015536723163841809,65679,11.790302206604597,14.662687621735948,193.422249448405,11.669952086457158,15.649262185557511,11.711447055307023,12.178143981633749,271.084044585701,752.6776804777091,True
442,442000,0.028282828282828278,0.0033333333333333335,0.01632573480249603,0.03333333333333333,0.014557479557479557,0.031435185185185184,0.005833333333333334,0.020315152319632258,0.05555555555555555,0.02408068783068783,0.029927536231884055,0.00463768115942029,0.018407170028827975,0.04492753623188406,0.01952610996089257,10,0.014492753623188406,65679,11.829331706458834,16.276593996333855,188.7121335071851,11.663979667508872,15.318860740354268,11.70738858369269,12.530253289289028,268.03854149082264,704.7939408511006,True
443,443000,0.02703703703703704,0.0038888888888888888,0.016011933528401454,0.03888888888888889,0.01482473544973545,0.02136402753872633,0.004518072289156626,0.01558000454318651,0.045180722891566265,0.02215528781793842,0.024315304156344617,0.004190751445086706,0.015804707483471743,0.04190751445086705,0.018341705661069824,11,0.015895953757225433,65679,11.749892406043294,12.562748494315823,178.99904281026835,11.656940544779726,15.009468727011921,11.685323622334653,12.084841219783815,253.7482578245376,699.0809830306199,True
444,444000,0.02025440313111546,0.0027397260273972603,0.011642240280170982,0.0273972602739726,0.009851054577081974,0.032889426957223564,0.0039548022598870055,0.01567284153669213,0.03954802259887006,0.012341942426688188,0.026475263262467713,0.0033379694019471493,0.013626708770864289,0.03337969401947149,0.011077444422367928,11,0.015299026425591099,65679,11.802441136965491,14.029957653260983,189.87191828406802,11.671409667124433,15.4679889161069,11.71895634211051,15.618673213424472,270.1813452130608,731.1986221895661,True
445,445000,0.04396163632804854,0.006106870229007634,0.020190989052625462,0.061068702290076333,0.016149682943576073,0.03328343313373253,0.004491017964071856,0.01712378974072479,0.04491017964071856,0.014814418781484649,0.039055831834373785,0.005364511691884457,0.01878184934124331,0.05364511691884457,0.015536232833344252,20,0.027510316368638238,65679,11.883483890917645,14.291838996705053,186.50513775481105,11.66630474658259,15.811221407202591,11.715586784810661,13.326971717964042,265.20054529899363,744.0216443596048,True
446,446000,0.03288409703504043,0.004582210242587602,0.01587067204685433,0.0431266846361186,0.013288837547597656,0.023382173382173382,0.0033333333333333335,0.015047382132645837,0.03333333333333333,0.013485958485958486,0.028014517239221572,0.003942181340341656,0.015448749488981383,0.03810775295663601,0.013389858790647228,8,0.010512483574244415,65679,11.849849953282643,15.992795800112702,185.2783090742771,11.666091452255944,15.384679705465754,11.70089326335555,12.007701279848071,263.88032052859774,685.9633356665063,True
447,447000,0.019981834695731154,0.0021798365122615805,0.011800331328500216,0.021798365122615803,0.009362700575234634,0.04191362715298885,0.006382978723404255,0.025809796819083096,0.06382978723404255,0.024430091185410334,0.031080561430494133,0.0043068640646029615,0.018889912788068404,0.04306864064602961,0.016987651947275098,12,0.016150740242261104,65679,11.843590365434586,13.983311676124544,180.07334731529045,11.657456326752413,15.827358565645433,11.69235585407602,11.865327160520689,256.9427472638441,689.6814626913273,True
448,448000,0.01589089089089089,0.0024024024024024027,0.008977244596785203,0.024024024024024024,0.010093426760093427,0.029281767955801105,0.004972375690607735,0.014137509946723685,0.04696132596685083,0.011723888450407786,0.022865707434052758,0.003741007194244605,0.011665037484091288,0.03597122302158273,0.010942674431883063,11,0.015827338129496403,65679,11.769649468140742,13.70447170906397,185.66077056297868,11.662240358034648,15.43633835521252,11.689718363960822,12.218203315372822,262.1413921327642,713.4603348972202,True
449,449000,0.023461891643709824,0.0035812672176308547,0.010564825989177743,0.03581267217630854,0.011022563295290569,0.01837301587301587,0.004571428571428572,0.009868879190813853,0.04,0.009043083900226756,0.02096384603397226,0.004067321178120618,0.010223197126025763,0.037868162692847124,0.010050869342594448,14,0.019635343618513323,65679,11.814191524017748,15.134614366751897,190.20868672531276,11.668884172644223,15.162673730140241,11.700377595791345,12.09853632294644,267.7879644376046,727.7418469401886,True
450,450000,0.020668425681618294,0.002902374670184697,0.01106595000616524,0.026385224274406333,0.008795074758135443,0.027510574430345203,0.0040114613180515755,0.0124860647302672,0.03724928366762178,0.0109360076408787,0.02394852171637886,0.003434065934065934,0.011746746762637195,0.03159340659340659,0.009821428571428571,13,0.017857142857142856,65679,11.851517733363348,14.351782269050872,187.87886870424987,11.669474668962732,15.272108978725552,11.698930000358931,12.477399949195611,265.20008230390687,715.7308876490354,True
451,451000,0.019346049046321524,0.002452316076294278,0.010632566974328196,0.02452316076294278,0.00849227974568574,0.02961948249619482,0.004657534246575343,0.013995618340147734,0.04657534246575343,0.013996520982822351,0.024468731026108075,0.003551912568306011,0.012309498324770999,0.03551912568306011,0.011236880909012056,12,0.01639344262295082,65679,11.846950122684774,14.275200532709587,192.1302589895646,11.670434821975384,15.390445105012418,11.707718685860513,12.29986085710122,269.32086911490853,733.3984134241244,True
452,452000,0.01910159529806885,0.0025188916876574307,0.012098496694211631,0.02518891687657431,0.011369997201231458,0.022629107981220656,0.0036619718309859163,0.009540008668578797,0.036619718309859155,0.007549742901855579,0.020766843971631206,0.003058510638297873,0.010890699820408897,0.030585106382978722,0.009566552684903749,10,0.013297872340425532,65679,11.821648459919842,14.838057955546269,184.80072547644167,11.66702699106903,15.376524425125826,11.702226731580279,12.07658640262066,262.2827964423036,725.7214379425836,True
453,453000,0.02801801801801802,0.004594594594594595,0.012092088174123687,0.04594594594594595,0.008854568854568855,0.03062015503875969,0.004651162790697674,0.018686138780821777,0.0436046511627907,0.01931063122923588,0.029271708683473386,0.004621848739495798,0.01526905373253285,0.04481792717086835,0.0138922235560891,13,0.018207282913165267,65679,11.74888074978453,12.822125288303177,182.79861611408822,11.661940330143228,15.254644266715633,11.68285863473173,12.440577872085967,258.40964325585253,672.0296380666734,True
454,454000,0.015201465201465201,0.0019230769230769232,0.010366373111920749,0.019230769230769232,0.011111111111111112,0.0374461246256118,0.006552706552706553,0.019920527930751657,0.06552706552706553,0.019264685931352596,0.026121570736955348,0.004195804195804196,0.01505659456843774,0.04195804195804196,0.015113775113775112,9,0.012587412587412588,65679,11.792726082093807,13.663875258806968,180.65566206537653,11.669684431003802,15.261722614012818,11.701156685139935,11.705485812085747,256.4503129485196,716.074982792414,True
455,455000,0.025023607176581676,0.00311614730878187,0.014300919788602937,0.031161473087818695,0.012633211924996628,0.02314311594202898,0.003532608695652174,0.01568859072447836,0.035326086956521736,0.018417874396135268,0.024063800277392508,0.0033287101248266303,0.01500919011370995,0.033287101248266296,0.015585716487242145,13,0.018030513176144243,65679,11.848667931968482,14.625514292987418,195.20159337987897,11.67533452572922,15.538145304416773,11.720997796227373,16.04342626299049,276.65367949419874,727.4910625582054,True
456,456000,0.027111111111111114,0.003466666666666667,0.013598051934407315,0.034666666666666665,0.01294074074074074,0.028862282376077273,0.005014749262536874,0.014791804434028577,0.04424778761061947,0.015899939130027626,0.02794254956884715,0.004201680672268908,0.014164833583387158,0.0392156862745098,0.014345738295318128,8,0.011204481792717087,65679,11.87220123971544,12.961680545486853,179.4371000587991,11.67223422054997,15.346421685769052,11.687946407379357,12.3588776170247,255.33646177472446,681.109504953814,True
457,457000,0.03099730458221024,0.004043126684636119,0.01328837206128014,0.04043126684636118,0.0090285799854533,0.018104841672176915,0.004297994269340974,0.01101169698685848,0.03151862464183381,0.01272683858643744,0.02474804131054131,0.004166666666666667,0.01218481705992853,0.03611111111111111,0.01082120811287478,13,0.018055555555555554,65679,11.811404744377363,14.73363584986176,193.3366602543396,11.668766075723092,15.375281958829312,11.700211259679794,12.322317101742808,270.94827724455365,716.4645375999368,True
458,458000,0.03411172161172161,0.004395604395604396,0.013632511137564121,0.04395604395604396,0.008725798011512296,0.031100717555115825,0.005504587155963304,0.015818624901806046,0.04892966360856269,0.018054948788893747,0.032686832571909616,0.004920405209840811,0.014667039648283527,0.04630969609261939,0.013140605977074863,8,0.011577424023154847,65679,11.909683701738505,16.150848317464384,189.47312201644806,11.672704108733889,15.6323764516908,11.699867651981943,11.940187185477402,268.4787894335349,697.6922019407695,True
459,459000,0.038774635818337615,0.004627249357326478,0.015402389811784696,0.04627249357326478,0.009043334557473373,0.03498003992015968,0.005389221556886228,0.015000899303200036,0.05089820359281437,0.011846545005227641,0.03702166897187644,0.0049792531120331955,0.015216915634928158,0.048409405255878286,0.010338316977321125,4,0.005532503457814661,65679,11.799629273834267,12.792377641845931,181.9409979621489,11.668021109190185,15.736670461008462,11.698931640269361,12.252324108230628,257.8889521965278,753.5123213862072,True
460,460000,0.021318879855465222,0.0032520325203252037,0.010699717603691887,0.032520325203252036,0.009766851636770334,0.04997848537005163,0.006626506024096386,0.030800200477491102,0.06626506024096386,0.030002151462994835,0.03489233068405679,0.004850213980028531,0.02021948980640421,0.04850213980028531,0.01935047437900505,11,0.015691868758915834,65679,11.810846821558307,14.580024965904492,194.0213321545703,11.670144077713385,15.545902406322032,11.70663682437123,12.149790761528667,271.4846780119684,721.3674286795646,True
461,461000,0.015873015873015872,0.0029100529100529104,0.008908235123847755,0.021164021164021163,0.007741244646006552,0.05915637860082304,0.007098765432098765,0.0339683813895478,0.07098765432098765,0.030842151675485013,0.03584995251661918,0.004843304843304844,0.020474456477247775,0.04415954415954416,0.018403201736535073,12,0.017094017094017096,65679,11.94521991482178,17.07908269260594,185.86086555333335,11.665610400168891,15.811593317760497,11.700235538980586,12.07920632961823,266.1418137472893,696.6037856860896,True
462,462000,0.01761168384879725,0.0023195876288659794,0.00865109282679721,0.023195876288659795,0.00849799541809851,0.027190605239385726,0.004878048780487805,0.015604737979396387,0.04878048780487805,0.018562610229276896,0.022280933509467197,0.0035667107001321,0.012040650371459159,0.035667107001321,0.013403996561196034,11,0.01453104359313078,65679,11.805879377047024,13.524565549094536,182.91711327794724,11.664418066326121,15.350817943460271,11.701004800690473,12.009060068041144,258.9728590826068,704.7237478043367,True
463,463000,0.020034816833181954,0.0035422343324250684,0.009175510617831754,0.035422343324250684,0.00845443536179231,0.035534915720674236,0.005882352941176471,0.019946896176352147,0.05572755417956656,0.020573492554916705,0.027290660225442836,0.00463768115942029,0.014217767915515938,0.04492753623188406,0.014127559236254889,10,0.014492753623188406,65679,11.78289242920183,13.540847817794521,181.02816997239702,11.663914985859947,15.503098744873434,11.698689312722443,11.915436531173551,257.1330497940227,717.3083258358859,True
464,464000,0.018329070758738276,0.0025575447570332483,0.008407726104004922,0.02557544757033248,0.007303211139528274,0.024919093851132685,0.0038834951456310687,0.01443184473094839,0.038834951456310676,0.013227513227513227,0.02123809523809524,0.003142857142857143,0.011066944183612825,0.03142857142857143,0.009918367346938775,6,0.008571428571428572,65679,11.759304184788544,13.345507283490932,181.5284523147276,11.665956227091545,15.193166707172523,11.69896274721971,11.719906588714135,256.91125605320497,724.6005096755437,True
465,465000,0.027131782945736434,0.0041343669250646,0.012444539849198584,0.03875968992248062,0.010299003322259137,0.029296985066215833,0.004733727810650888,0.015817630306166584,0.04437869822485207,0.013675213675213673,0.028141215106732346,0.004413793103448276,0.01401709788292987,0.041379310344827586,0.011873015873015872,8,0.011034482758620689,65679,11.782507875646164,13.007353000193955,183.28477146245524,11.665169486196891,15.169862385810973,11.694438826259645,12.286299706343318,258.8904027429062,706.682358206756,True
466,466000,0.026927437641723354,0.004232804232804233,0.016436593259767037,0.037037037037037035,0.015196942974720752,0.03480113636363636,0.004261363636363637,0.016264933181708498,0.04261363636363636,0.011548520923520923,0.030724070450097844,0.0042465753424657535,0.016353820181031962,0.03972602739726028,0.013437703848662753,10,0.0136986301369863,65679,11.807336283642389,13.641848745915564,192.09965976602072,11.661440513621724,15.74993351488585,11.684616933183012,12.420205064145318,269.0650408214146,710.8448898892616,True
467,467000,0.025720164609053495,0.00345679012345679,0.012066797459132285,0.0345679012345679,0.008886929257299626,0.02637258869553487,0.0036827195467422098,0.00999364458507621,0.0339943342776204,0.006101893070731597,0.026023997989697196,0.003562005277044855,0.011101331806702476,0.03430079155672823,0.007589940109729028,15,0.01978891820580475,65679,11.922649685025544,15.185379603488425,194.016807328945,11.669638884159728,15.824720763613076,11.704048127059163,12.117801771405201,272.4410461636961,724.4872435004379,True
468,468000,0.017123287671232876,0.0021917808219178085,0.012011892411023874,0.021917808219178082,0.011669928245270711,0.038704819277108435,0.005722891566265061,0.023827728312053955,0.0572289156626506,0.02323340982979537,0.027403156384505023,0.0038737446197991392,0.017640095451399752,0.03873744619799139,0.017177928081801828,11,0.015781922525107604,65679,11.833754012757769,15.898837275984956,187.38209095919834,11.67382795680405,15.099773035875952,11.703434936172208,12.22499098840757,265.81670916520085,756.9077837409899,True
469,469000,0.020172910662824207,0.0023054755043227667,0.010850450854723147,0.023054755043227664,0.008293307716938841,0.021364653243847873,0.003355704697986577,0.01121306519238319,0.03355704697986577,0.010490572067753274,0.020723514211886306,0.002790697674418605,0.011017984300649803,0.027906976744186046,0.009308477913129077,10,0.015503875968992248,65679,11.744588587769833,13.201546927299468,178.32493510000492,11.66141023051237,14.751723157624408,11.681919485140302,12.167012789110476,253.53313627746178,714.787540404549,True
470,470000,0.025629220380601597,0.003867403314917127,0.012234935207547657,0.03591160220994475,0.009759493115846708,0.033077905491698596,0.005172413793103448,0.0183436181512175,0.04597701149425287,0.01680122240467068,0.029280125195618158,0.004507042253521127,0.01522905022782527,0.04084507042253521,0.013210932260228035,7,0.009859154929577466,65679,11.751372768042945,12.360266357425154,178.58121014485695,11.660254581769003,15.61073924477574,11.693870299367415,12.119004015542778,253.77671741177997,698.3235126304943,True
471,471000,0.02049910873440285,0.0029411764705882357,0.011744262279160657,0.029411764705882353,0.010898905016552074,0.019527116402116403,0.004464285714285714,0.01534218320936989,0.03869047619047619,0.018662603930461073,0.020039123630672926,0.0036619718309859155,0.013446940353175167,0.03380281690140845,0.014572993516655489,11,0.015492957746478873,65679,11.78572057758398,13.345141923581938,180.43646456117335,11.668073582160599,15.296249230078995,11.70028297797776,12.114685051300977,256.3466179038576,712.0166698149633,True
472,472000,0.018308080808080808,0.0022727272727272726,0.00814078606186784,0.022727272727272728,0.005818101651434984,0.03797348484848485,0.0051136363636363645,0.01953216598958407,0.05113636363636364,0.01734420093795094,0.027562388591800355,0.003609625668449198,0.013501435439616656,0.03609625668449198,0.011242148374501318,14,0.01871657754010695,65679,11.810558631697443,15.634862163937946,197.5763721100421,11.671408858993093,15.905714188746423,11.708361398798939,11.887681561517649,276.19495891373356,762.87379139095,True
473,473000,0.03144239226033421,0.004221635883905013,0.015365938029144712,0.0395778364116095,0.012594756460191817,0.036994340809054706,0.004359673024523161,0.021028766876208863,0.043596730245231606,0.01786903680636651,0.034173712793015745,0.004289544235924933,0.018151806912351874,0.04155495978552279,0.015189476147921188,10,0.013404825737265416,65679,11.924306837274301,16.77862256083129,190.5933283305461,11.678032439010888,15.541866907109458,11.706266229760676,12.439055183333103,270.6614784878658,702.0364986498606,True
474,474000,0.04282646048109966,0.005670103092783506,0.021656949436013928,0.05154639175257732,0.01816498936344297,0.04107142857142857,0.005625000000000001,0.021358460772708546,0.05625,0.01712549603174603,0.0420332257196664,0.005649717514124294,0.02152203930570641,0.05367231638418079,0.017695161868890683,13,0.018361581920903956,65679,11.816555586241506,14.84628419168299,181.76161463290265,11.6578435376824,15.570789249963468,11.697490738593608,12.248684201465743,259.59926213853237,719.1332747920609,True
475,475000,0.036758563074352546,0.004260651629072682,0.02113365013652455,0.042606516290726815,0.01811373672275928,0.038624338624338624,0.006031746031746031,0.019110794778997287,0.05396825396825397,0.017081128747795413,0.03758169934640522,0.00504201680672269,0.020241213949380173,0.047619047619047616,0.017658174380863458,10,0.014005602240896359,65679,11.901216662613123,16.505060688898343,192.9697143551734,11.668978266266006,15.149261885227805,11.702538960212117,12.12890346241613,272.025674280807,716.3892044102505,True
476,476000,0.014214308028741017,0.00231958762886598,0.006472830569856007,0.020618556701030927,0.006446367206676484,0.028636363636363633,0.00393939393939394,0.01642524277554965,0.03939393939393939,0.01494949494949495,0.020842829408289017,0.0030640668523676884,0.011047059020940829,0.02924791086350975,0.010354489985409205,4,0.005571030640668524,65679,11.828419710202542,12.827032382367598,187.93635299102496,11.659718860745905,15.122413826507142,11.684927589017402,12.196322989044273,263.2551883489098,727.9499230306019,True
477,477000,0.037606837606837605,0.004615384615384616,0.019542226929879447,0.046153846153846156,0.015064102564102564,0.026821572002294895,0.004216867469879518,0.014499006560408602,0.04216867469879518,0.01601764199655766,0.03264740799366838,0.00443213296398892,0.017223183768294514,0.0443213296398892,0.015502572220023743,10,0.013850415512465374,65679,11.791753448286979,14.278075373685972,186.74115921923917,11.665120718762356,15.184313242544434,11.685391618665442,12.544150332916004,263.8899639541003,709.9050470179003,True
478,478000,0.021491228070175436,0.0031578947368421056,0.011275053309393273,0.031578947368421054,0.009012113617376775,0.037347560975609755,0.005792682926829269,0.01935231586455666,0.054878048780487805,0.019092382888114597,0.02883709981167608,0.004378531073446328,0.015017061950768401,0.0423728813559322,0.013682068872746839,12,0.01694915254237288,65679,11.839181970840773,15.161502335880872,198.42211091164464,11.671597199947037,16.32646904475843,11.721468875014462,15.376316374771104,280.5186467128573,737.7846820031953,True
479,479000,0.018659881255301103,0.0027989821882951657,0.01036453377207514,0.027989821882951654,0.008445413788925238,0.03241644483880509,0.004968944099378882,0.014203608513318288,0.046583850931677016,0.012172187715665975,0.024855144855144857,0.0037762237762237767,0.012093459739460166,0.03636363636363636,0.010123765123765123,12,0.016783216783216783,65679,11.854825719526119,13.13210332459791,182.19606080610572,11.678122003144775,15.682166316921542,11.70366641128906,12.530343582561887,258.777288164147,751.671026464007,True
480,480000,0.029487179487179487,0.0033333333333333327,0.011365654501363565,0.03333333333333333,0.0063960113960113965,0.029202898550724634,0.00463768115942029,0.01613513224886153,0.0463768115942029,0.015591212330342765,0.02935374149659864,0.003945578231292517,0.01360438895427077,0.03945578231292517,0.010712126120289385,13,0.017687074829931974,65679,11.814989149039334,15.588728916438033,198.61112689750772,11.659927176110862,15.325578035019216,11.703250391625897,11.77889536402299,276.48249592976407,749.86553607298,True
481,481000,0.022831050228310498,0.003287671232876713,0.011756395006161817,0.03287671232876712,0.0095075016307893,0.029043789097408398,0.004557640750670242,0.01848511366840401,0.045576407506702415,0.01825290437890974,0.025971093044263774,0.003929539295392954,0.015157224357132465,0.03929539295392954,0.013927603561749904,6,0.008130081300813009,65679,11.87557240567294,15.839502620296209,186.07389937214114,11.66566223065324,15.795522492922931,11.699883605720274,12.621099063192531,265.5711417905993,721.9828680929962,True
482,482000,0.028583765112262523,0.0036269430051813476,0.013035942066658507,0.03626943005181347,0.009103339090385722,0.028851963746223567,0.00513595166163142,0.018182056383704993,0.04833836858006042,0.020337601304368676,0.02870757787075779,0.004323570432357044,0.015411623850399628,0.04184100418410042,0.014289588452768369,11,0.015341701534170154,65679,11.810752440277739,14.551373064830564,205.59359663080423,11.672176536081658,15.818679386825352,11.712284274434381,15.9204149645098,287.0792772977638,715.6339738772499,True
483,483000,0.023514851485148515,0.003465346534653466,0.01028873575273133,0.0297029702970297,0.006826575514694327,0.031547619047619054,0.005590062111801243,0.01877772525398911,0.049689440993788817,0.019953416149068322,0.027077594123048672,0.00440771349862259,0.014053824760176241,0.03856749311294766,0.012648672875945604,9,0.012396694214876033,65679,11.861133171753302,13.545277361415309,184.5863268315484,11.6673605581874,15.232116638730364,11.695109394083136,11.87798801832729,260.4653119740452,719.7914180102626,True
484,484000,0.027645502645502643,0.0034391534391534392,0.01122847952637556,0.03439153439153439,0.006939195431258922,0.03666666666666667,0.006031746031746032,0.02270668615200609,0.05714285714285714,0.02365079365079365,0.031746031746031744,0.004617604617604618,0.016445846174389437,0.044733044733044736,0.014535376440138345,5,0.007215007215007215,65679,11.822135011330115,13.629617396149207,196.4421850583209,11.672268895146498,15.435782675710108,11.716458339638969,15.566218684648359,276.2846660609441,702.7411574621611,True
485,485000,0.017333333333333333,0.0029333333333333334,0.008124678838998362,0.029333333333333333,0.008302645502645502,0.028319938767699962,0.0056716417910447755,0.016687375007390485,0.050746268656716415,0.017963752665245202,0.02251715420729505,0.004225352112676056,0.01216482421422563,0.03943661971830986,0.01286105522021015,8,0.011267605633802818,65679,11.796291324250863,13.094411904113201,186.13525606803182,11.66750643488701,15.189111479019246,11.704530503808819,12.529643688086178,262.11675140219717,740.3930898635114,True
486,486000,0.009655751469353484,0.002267002518891688,0.007096807256801227,0.022670025188916875,0.009627763783935067,0.0252465483234714,0.004142011834319527,0.01367430570944534,0.038461538461538464,0.013000140884756269,0.016825396825396827,0.0031292517006802725,0.01012156164726886,0.029931972789115645,0.011178598423496383,7,0.009523809523809525,65679,11.815637830314696,14.080028601926031,196.56701509540574,11.666161290224686,15.279793042666245,11.702652310818795,12.013239916175422,273.12452808753164,711.1078375813262,True
487,487000,0.018867924528301886,0.0032345013477088954,0.010393418201714768,0.029649595687331536,0.012469516108330126,0.0319047619047619,0.004285714285714286,0.015362999510513604,0.04,0.011134920634920635,0.025196486361534903,0.0037447988904299586,0.012805836312782166,0.03467406380027739,0.011821654228034256,9,0.012482662968099861,65679,11.830872027884798,16.11247618604761,192.41240812500894,11.673098853082209,15.206762201125379,11.713129165036307,12.038955276738594,270.9877018349238,730.2515689081024,True
488,488000,0.030056920727474665,0.0037900874635568515,0.014206715978007114,0.037900874635568516,0.009912536443148687,0.017664670658682637,0.003592814371257485,0.011334763479006834,0.03592814371257485,0.012104362703165098,0.023943166631497502,0.003692762186115214,0.012789829516166504,0.03692762186115214,0.010993880565520153,9,0.013293943870014771,65679,11.794343139637231,13.24804093438825,182.8030964470817,11.664609785522195,15.056855449113726,11.701095630145542,12.446544310373842,258.71458569626253,744.2432274737398,True
489,489000,0.029015544041450774,0.004145077720207254,0.01641966304547473,0.03626943005181347,0.014086273542232089,0.017010236765787994,0.004966887417218543,0.013650542646378943,0.04304635761589404,0.019150110375275937,0.02374577253381973,0.0045058139534883725,0.015204147986569315,0.03924418604651163,0.016309062384643778,8,0.011627906976744186,65679,11.811051009558149,13.977665404507622,194.5446495276726,11.668482502114053,15.545574940489804,11.704842685089645,11.897256092463504,271.1495221618954,735.2539054590878,True
490,490000,0.03192982456140351,0.004210526315789474,0.01639361507816401,0.042105263157894736,0.01621971595655806,0.02529069767441861,0.0037790697674418613,0.01807553511526506,0.0377906976744186,0.018320874861572536,0.028775322283609576,0.004005524861878454,0.0171927594051844,0.04005524861878453,0.01721805665175831,7,0.009668508287292817,65679,11.911371503914303,16.27776770829481,188.8868320992221,11.669242326484142,15.830377185499511,11.703173938837352,11.997106632355425,268.27587139460763,727.3425959816726,True
491,491000,0.02694585448392555,0.0035532994923857864,0.014450709240020917,0.03553299492385787,0.013334944807026024,0.030864197530864196,0.004558404558404559,0.016915010770034787,0.045584045584045586,0.016785375118708454,0.028791946308724833,0.004026845637583893,0.01561174257832275,0.040268456375838924,0.014960583786087141,12,0.016107382550335572,65679,11.79515591759328,14.173297940678342,183.6961672689319,16.67298740437584,15.781382616375517,11.682811731916765,11.843857098126076,265.6456599779977,709.4547680523978,True
492,492000,0.04336219336219336,0.005454545454545456,0.020817202730040892,0.05454545454545454,0.020192743764172336,0.03926038500506585,0.005471124620060791,0.020401414643518453,0.0486322188449848,0.018016355478361556,0.04147214441332088,0.00546218487394958,0.020625614101937417,0.05182072829131653,0.01918989818149482,6,0.008403361344537815,65679,11.711119468293951,12.558363571057996,181.2409266281345,11.663978398190888,15.164217926799672,11.675642761055371,11.857058711650659,255.87130746518304,696.5741861681973,True
493,493000,0.013284978049246039,0.0027295285359801493,0.00736545838860975,0.022332506203473945,0.00610992949702627,0.01833333333333333,0.002857142857142857,0.010488449002043583,0.02857142857142857,0.01176530612244898,0.015631491129499096,0.0027888446215139444,0.008817047651161996,0.025232403718459494,0.00873859061110057,7,0.009296148738379814,65679,11.761908288332457,13.321115269415706,184.36147262496095,11.660059602458528,15.937659806564142,11.682537189583453,11.770040719727426,260.49479350104264,695.1053258502649,True
494,494000,0.025885558583106268,0.0038147138964577656,0.014559817888852787,0.03814713896457766,0.013407724579386706,0.037178184281842816,0.004573170731707317,0.017423808428459718,0.04573170731707317,0.014807152535811073,0.031215027977617903,0.004172661870503597,0.015911456589559368,0.041726618705035974,0.01406817403220281,1,0.0014388489208633094,65679,11.73409644611434,12.317984706855523,181.98936437097134,11.664686135781643,14.970543697978567,11.68051941147219,11.696290303842005,256.0534850730156,713.3829042714201,True
495,495000,0.018904109589041096,0.0030136986301369864,0.014080402719180407,0.030136986301369864,0.01656012176560122,0.027898105478750643,0.004838709677419355,0.01481935383487192,0.04838709677419355,0.019842549923195084,0.023034685479129926,0.003851851851851852,0.014419772861201694,0.03851851851851852,0.01806760728982951,5,0.007407407407407408,65679,11.745929711426406,12.51159719911632,194.0456244690081,11.662103737264395,15.009425644085805,11.693938623491551,12.534530707875025,269.2031500922676,755.9827413743392,True
496,496000,0.017676767676767676,0.0024064171122994654,0.009431368213955965,0.02406417112299465,0.009569433834139716,0.023562378167641326,0.004093567251461989,0.01556965809167053,0.038011695906432746,0.017571707045391256,0.020488050900062074,0.0032122905027932957,0.012363344663925772,0.030726256983240222,0.013391748692028022,7,0.009776536312849162,65679,11.845180443392778,14.397636317442508,195.4203965860435,11.673175266346814,15.16472250556733,11.705647378235096,11.876735752980316,272.08349425000836,753.9724631214773,True
497,497000,0.008431359591153405,0.002577319587628866,0.005674155114867975,0.023195876288659795,0.008164580265095728,0.05172413793103448,0.006583072100313479,0.028996012335117217,0.06269592476489028,0.02396253172115241,0.027965159153277967,0.004384724186704386,0.016197029871953556,0.04101838755304102,0.015292651714151007,3,0.004243281471004243,65679,11.907817914547092,15.867978301609131,190.69027948287464,11.670316930056934,15.244102194778009,11.706316893511648,11.720598727560372,268.8074104449378,718.6915413329165,True
498,498000,0.020153061224489798,0.0035714285714285713,0.013227393008045823,0.03571428571428571,0.014791869128603821,0.02219221922192219,0.0046204620462046205,0.013700253190838578,0.036303630363036306,0.012466603803237466,0.02104207543056464,0.004028776978417266,0.013433546440256192,0.03597122302158273,0.013778120360854174,9,0.012949640287769784,65679,11.819465181472921,14.111644599523743,200.18806160376766,11.67491734316295,15.345349891615623,11.705872151768215,15.27344453045032,280.11875530176144,752.5443129736132,True
499,499000,0.03213969938107869,0.004244031830238727,0.014854245195291946,0.042440318302387266,0.012150014736221633,0.028508771929824567,0.005263157894736842,0.01535927333320859,0.049342105263157895,0.013810568086883877,0.030518844836025454,0.004698972099853157,0.015079690942614502,0.04552129221732746,0.01289128965340419,6,0.00881057268722467,65679,11.86975905353993,13.267110257786374,185.55727662988852,11.667756118494133,15.600365663726024,11.69480692214675,12.15149741079502,261.80857205637676,697.9684609522697,True
500,500000,0.02821869488536155,0.004232804232804233,0.015779276630526085,0.03968253968253968,0.01396867388930881,0.018784334573808258,0.0029239766081871343,0.010421579878997717,0.029239766081871343,0.010143414090782512,0.023737373737373738,0.0036111111111111114,0.013234370673550109,0.034722222222222224,0.012151675485008817,10,0.013888888888888888,65679,11.800127206085254,14.599464971065679,183.72590400844712,11.665950668759972,15.222786824364842,11.68286827318843,11.840388291495252,260.5374902434065,706.4445213436632,True
501,501000,0.032136752136752135,0.00435897435897436,0.014952603934955391,0.04358974358974359,0.011263736263736265,0.03948717948717948,0.0052307692307692315,0.01808435952424546,0.04923076923076923,0.015275946275946275,0.03547785547785548,0.004755244755244756,0.016376129202814515,0.046153846153846156,0.013087468087468088,6,0.008391608391608392,65679,11.845687004741201,16.055501112222093,196.1864812687897,11.673374558263117,15.191242237366787,11.703918669003777,11.826986034302323,274.48319088468895,733.670182006263,True
502,502000,0.013517475955899598,0.0024630541871921183,0.00875147917317064,0.024630541871921183,0.008743842364532019,0.03804930332261522,0.005466237942122187,0.02184136176977648,0.05144694533762058,0.01893533404787424,0.02415819884439131,0.003765690376569038,0.014429238570024776,0.03626220362622036,0.013164419649775298,4,0.005578800557880056,65679,11.848219815868699,12.891825246719169,187.4662609244182,11.67247967032159,15.14544866898504,11.69840618442386,11.70851258552874,262.43115309626535,756.7335149787358,True
503,503000,0.02141597379692618,0.0029478458049886627,0.012587427580079587,0.02947845804988662,0.012871180218118995,0.03177083333333333,0.004062499999999999,0.01709167101770484,0.0375,0.014317956349206351,0.025770185428529713,0.0034165571616294353,0.014481458986176936,0.0328515111695138,0.013479548630665585,3,0.003942181340341655,65679,11.808671529722758,13.295505560728671,200.68074657453306,11.674751582479992,15.830303370212295,11.708777623464783,11.85269971948344,276.851455960625,763.7239616912761,True
504,504000,0.014581026208933184,0.002325581395348837,0.008566213187785821,0.023255813953488372,0.009018292933021615,0.03539576365663322,0.004347826086956522,0.016390559989888275,0.043478260869565216,0.011653925784360565,0.023653338886575035,0.003206997084548105,0.011976533441180333,0.03206997084548105,0.010167060021287427,5,0.007288629737609329,65679,11.867919220753809,15.726689733097654,186.0829264673236,11.674481881107646,15.091387772392384,11.696702952923577,12.588268229307698,264.72837625690636,694.2944510416881,True
