batch,interactions,recall_existing,precision_existing,ndcg_existing,recall_new_user,precision_new_user,ndcg_new_user,recall_overall,precision_overall,ndcg_overall,pct_new_user,n_new_users,n_new_user_interactions,n_first_time_new_user_interactions,n_untrained_users_active,pct_untrained_users,n_unique_users,window_unique_users,window_unique_untrained_users,n_users_trained
1,1000,0.019811320754716984,0.0028301886792452833,0.01035768285442438,0.002555366269165247,0.0003407155025553663,0.0016513703234641917,0.007133917396745933,0.0010012515644555696,0.003961430719663892,0.7346683354192741,587,691,691,587,0.7346683354192741,799,799,587,65679
2,2000,0.0282312925170068,0.004081632653061225,0.011352708480432046,0.007456140350877193,0.0010526315789473686,0.00398252181404838,0.013701431492842536,0.00196319018404908,0.006198099400875372,0.6858895705521473,559,667,653,570,0.6993865030674846,815,1596,1146,65679
3,3000,0.029733009708737865,0.003398058252427185,0.018021418798844578,0.0,0.0,0.0,0.007352941176470588,0.0008403361344537816,0.004456677398033593,0.7334933973589436,611,722,699,627,0.7527010804321729,833,2399,1757,65679
4,4000,0.0011574074074074073,0.000462962962962963,0.0005440560405390145,0.0055005500550055,0.0006600660066006601,0.0024775636083881323,0.004359286293592862,0.0006082725060827251,0.001969488627055517,0.708029197080292,582,726,694,606,0.7372262773722628,822,3173,2339,65679
5,5000,0.018518518518518517,0.001851851851851852,0.010337915485645464,0.007525998905309251,0.001149425287356322,0.0031763280265800897,0.010404040404040405,0.0013333333333333335,0.005051361834044478,0.713939393939394,589,706,683,609,0.7381818181818182,825,3943,2928,65679
6,6000,0.022123893805309734,0.0022123893805309734,0.011350737138563077,0.0,0.0,0.0,0.005827505827505828,0.0005827505827505828,0.0029898212043301346,0.7027972027972028,603,716,676,632,0.7365967365967366,858,4739,3531,65679
7,7000,0.041463414634146344,0.005365853658536586,0.025528993856364778,0.007462686567164179,0.0009950248756218907,0.003578644831853617,0.01608910891089109,0.002103960396039604,0.009147730908616968,0.698019801980198,564,724,674,603,0.7462871287128713,808,5467,4095,65679
8,8000,0.0175,0.0025,0.008076261274264807,0.006369426751592357,0.0006369426751592357,0.0029299190442335843,0.009057971014492754,0.0010869565217391304,0.004172996877574459,0.7137681159420289,591,737,689,628,0.7584541062801933,828,6211,4686,65679
9,9000,0.010162601626016258,0.0019512195121951222,0.008047935478013586,0.006870229007633588,0.0007633587786259542,0.0050771932320328285,0.007655038759689922,0.0010465116279069768,0.005785335279039869,0.713953488372093,614,744,687,655,0.7616279069767442,860,6989,5300,65679
10,10000,0.008438818565400843,0.0012658227848101268,0.003299481656900812,0.009734513274336283,0.0010619469026548673,0.004100785977556923,0.009351620947630923,0.0011221945137157108,0.003863991558609917,0.6471321695760599,519,664,599,565,0.7044887780548629,802,7685,5819,65679
11,11000,0.025117681671079726,0.0038834951456310682,0.011035198749603691,0.004878048780487805,0.00048780487804878054,0.002694694606133339,0.009956446314546192,0.0013398294762484776,0.004787439860158786,0.7003654080389768,575,728,679,615,0.7490864799025578,821,8417,6394,65679
12,12000,0.014893617021276596,0.0017021276595744683,0.006750219404567016,0.011220580186097426,0.0013136288998357964,0.007685648497098302,0.012243285939968403,0.0014218009478672987,0.007425191344557008,0.6658767772511849,562,690,632,609,0.7215639810426541,844,9155,6956,65679
13,13000,0.024928774928774933,0.0029914529914529912,0.019139813287813223,0.010667091227511543,0.001576182136602452,0.007481528752007456,0.014812723508375682,0.001987577639751553,0.010870396554962176,0.6546583850931676,527,700,634,571,0.7093167701863354,805,9846,7483,65679
14,14000,0.018433179723502304,0.002304147465437788,0.007032190621618159,0.003418803418803419,0.0003418803418803419,0.001270188024517203,0.007481296758104738,0.0008728179551122194,0.002829233615004619,0.6608478802992519,530,701,614,585,0.729426433915212,802,10535,8013,65679
15,15000,0.02083333333333333,0.0030000000000000005,0.013396222030805429,0.00641025641025641,0.0008361204013377926,0.004105164452519765,0.010025062656641603,0.0013784461152882206,0.00643375031173923,0.6904761904761905,551,744,664,598,0.7493734335839599,798,11217,8564,65679
16,16000,0.03172782874617737,0.0045871559633027525,0.017399021297932676,0.006944444444444444,0.0006944444444444445,0.004121509979017398,0.013748950461796808,0.0017632241813602017,0.007766972784462651,0.6473551637279596,514,698,615,576,0.72544080604534,794,11864,9078,65679
17,17000,0.01600985221674877,0.001970443349753695,0.00899969942073546,0.005517241379310345,0.0008620689655172414,0.002933879703229941,0.008237547892720307,0.001149425287356322,0.0045064996299906315,0.6513409961685823,510,701,592,580,0.7407407407407407,783,12510,9588,65679
18,18000,0.008112094395280236,0.0013274336283185843,0.0031554826270774545,0.006047197640117994,0.0010619469026548673,0.003669864828761613,0.00663716814159292,0.0011378002528445006,0.0035228984854232823,0.6257901390644753,495,691,591,565,0.7142857142857143,791,13145,10083,65679
19,19000,0.01246279761904762,0.002232142857142857,0.006432773921472879,0.008524397413286302,0.0012345679012345679,0.003940384553042179,0.009639696586599241,0.0015170670037926678,0.004646193931712819,0.6460176991150443,511,682,607,567,0.7168141592920354,791,13793,10594,65679
20,20000,0.01051051051051051,0.0018018018018018018,0.006481936317138989,0.011776982707215266,0.0014311270125223615,0.006517140904617414,0.011416986769099444,0.001536491677336748,0.006507133966819448,0.6389244558258643,499,695,620,559,0.7157490396927016,781,14433,11093,65679
21,21000,0.026016260162601626,0.004878048780487805,0.01348602930170758,0.007401315789473684,0.0008223684210526315,0.005205266557854195,0.012095120951209511,0.0018450184501845018,0.007293281763868886,0.6703567035670357,545,716,630,608,0.7478474784747847,813,813,608,65679
22,22000,0.039189189189189184,0.0049549549549549555,0.019766660899939125,0.012285375962107756,0.0015985790408525756,0.005590701122693279,0.01989384288747346,0.0025477707006369425,0.009599698664793379,0.6343949044585987,498,704,612,563,0.7171974522292993,785,1578,1163,65679
23,23000,0.02112395376644081,0.0031088082901554407,0.007495309990469439,0.005119453924914676,0.0008532423208191126,0.0040642008265742895,0.009084625259208057,0.00141206675224647,0.004914270234317247,0.6662387676508345,519,703,613,586,0.7522464698331194,779,2313,1730,65679
24,24000,0.024154589371980676,0.0024154589371980675,0.014664980760162335,0.0044342507645259936,0.0007645259938837921,0.0020179221308099346,0.009175377468060394,0.0011614401858304297,0.005058504170619397,0.662020905923345,570,751,645,654,0.759581881533101,861,3118,2354,65679
25,25000,0.003968253968253968,0.0009523809523809524,0.0025471131557974966,0.010559360730593607,0.00136986301369863,0.004846671626836363,0.008816120906801008,0.0012594458438287153,0.004238476061448249,0.6435768261964736,511,718,619,584,0.7355163727959698,794,3851,2906,65679
26,26000,0.007686084142394822,0.0014563106796116507,0.0036317064313478235,0.005349099099099099,0.0008445945945945946,0.003131952832530462,0.005952380952380952,0.0010025062656641604,0.0032609619069118865,0.6591478696741855,526,724,629,592,0.7418546365914787,798,4583,3473,65679
27,27000,0.024024024024024024,0.003153153153153153,0.01365351330377063,0.0047619047619047615,0.0006722689075630252,0.0016754103494830666,0.009995920032639738,0.001346389228886169,0.004930170270966346,0.6560587515299877,536,708,627,595,0.7282741738066095,817,5327,4032,65679
28,28000,0.014673913043478261,0.002173913043478261,0.007763686296432613,0.009408602150537635,0.0011290322580645162,0.006971570061272096,0.010613598673300166,0.0013681592039800996,0.007152850393696891,0.6791044776119403,546,745,648,620,0.7711442786069652,804,6051,4614,65679
29,29000,0.02103174603174603,0.003333333333333333,0.00959619605676139,0.00315955766192733,0.00031595576619273305,0.0016078713440853068,0.007611704230921312,0.0010676156583629892,0.0035978454717982104,0.6595492289442467,556,729,625,633,0.7508896797153025,843,6796,5198,65679
30,30000,0.024676375404530743,0.003398058252427185,0.008669301667724207,0.008241758241758242,0.001309328968903437,0.004567858780470575,0.012385615200792678,0.0018359853121175031,0.005602004722666717,0.6548347613219094,535,740,641,611,0.7478580171358629,817,7527,5763,65679
31,31000,0.0374074074074074,0.005333333333333334,0.019116963318333624,0.0032948929159802307,0.0006589785831960462,0.002413267989841214,0.01252003205128205,0.0019230769230769232,0.006930493289012839,0.6286057692307693,523,705,595,607,0.7295673076923077,832,8273,6323,65679
32,32000,0.004651162790697674,0.00046511627906976747,0.0015503875968992248,0.005998956703182055,0.000782472613458529,0.0023054246762317424,0.005659640905542544,0.0007025761124121781,0.0021153392288588016,0.6428571428571429,549,740,630,639,0.7482435597189696,854,9013,6906,65679
33,33000,0.04028730703259005,0.0056603773584905665,0.024741862253592727,0.0008169934640522876,0.00016339869281045753,0.0003160562150609,0.01097197705207414,0.0015776699029126217,0.006600365535654041,0.6237864077669902,514,717,597,612,0.7427184466019418,824,9717,7457,65679
34,34000,0.021359223300970877,0.003398058252427185,0.011625363752292051,0.012085441259134345,0.0015177065767284991,0.007418108583807387,0.014476428869420108,0.0020025031289111392,0.008502832694830967,0.6220275344180225,497,711,591,593,0.7421777221526908,799,10399,7986,65679
35,35000,0.029238505747126435,0.0038793103448275866,0.01388680256386963,0.010582010582010581,0.0010582010582010583,0.004749361904983433,0.01599916562369629,0.0018773466833541927,0.007402536163884057,0.5957446808510638,476,671,561,567,0.7096370463078848,799,11062,8490,65679
36,36000,0.02102803738317757,0.0028037383177570096,0.008000622265737334,0.006390328151986183,0.0010362694300518136,0.0036935473284200864,0.010340479192938208,0.0015132408575031528,0.004855860111000024,0.6116015132408575,485,694,572,579,0.7301387137452712,793,11720,8998,65679
37,37000,0.039060785604564406,0.005529953917050692,0.024964646832045904,0.014536557282671272,0.0018998272884283248,0.009404883922581665,0.02122218234027279,0.002889447236180905,0.013646678585086362,0.6369346733668342,507,719,632,579,0.7273869346733668,796,12393,9518,65679
38,38000,0.031938325991189426,0.003964757709251102,0.01384434787864455,0.005119453924914676,0.0005119453924914677,0.0018368486820407798,0.012607626076260762,0.0014760147601476014,0.00518949605919829,0.6223862238622386,506,681,567,586,0.7207872078720787,813,13080,10049,65679
39,39000,0.026570048309178744,0.0028985507246376816,0.011844477287747072,0.007355516637478109,0.001050788091068301,0.0034875037291085325,0.012467866323907454,0.0015424164524421597,0.005711017259491795,0.6298200514138818,490,720,607,571,0.7339331619537275,778,13719,10565,65679
40,40000,0.027814716312056734,0.003723404255319149,0.010737813766257029,0.005707762557077626,0.0006849315068493151,0.0029427934191583443,0.011091321243523316,0.0014248704663212437,0.004841062622855951,0.6308290155440415,487,702,560,584,0.7564766839378239,772,14347,11070,65679
41,41000,0.006228956228956229,0.0030303030303030307,0.0045731051647284054,0.002294893861158921,0.0005163511187607574,0.0009824970566085765,0.0032948224219084294,0.0011553273427471118,0.0018951291559766463,0.6290115532734275,490,702,579,581,0.7458279845956355,779,779,581,65679
42,42000,0.01060090702947846,0.002380952380952381,0.007777015227504077,0.006129597197898424,0.0007005253940455342,0.0020779163812080746,0.007331870007926346,0.0011523687580025609,0.003610324521697397,0.5992317541613317,468,698,557,571,0.7311139564660691,781,1529,1134,65679
43,43000,0.014772727272727272,0.0018181818181818182,0.00655150663570533,0.0017421602787456446,0.00017421602787456446,0.0006205700123833139,0.0053526448362720405,0.0006297229219143577,0.002263902578039288,0.5957178841309824,473,699,553,574,0.7229219143576826,794,2286,1688,65679
44,44000,0.019183168316831683,0.0029702970297029708,0.0076861364406717765,0.0023961661341853034,0.0003194888178913738,0.0019239335424736201,0.006491545893719807,0.0009661835748792271,0.003329688355802156,0.6400966183574879,530,736,606,626,0.7560386473429952,828,3055,2280,65679
45,45000,0.018883792048929662,0.003211009174311927,0.012147472847508962,0.005018248175182482,0.0007299270072992701,0.002320600833043605,0.00896431679721497,0.0014360313315926894,0.005117282424627741,0.5939947780678851,455,682,565,548,0.7154046997389034,766,3763,2800,65679
46,46000,0.0020833333333333333,0.0010416666666666667,0.0013180285531769283,0.006299212598425197,0.0006299212598425198,0.002352585441003084,0.00532043530834341,0.0007255139056831922,0.002112398110334859,0.656590084643289,543,753,629,635,0.7678355501813785,827,4525,3411,65679
47,47000,0.01977547495682211,0.004145077720207254,0.013008058126102583,0.006019261637239166,0.0009630818619582666,0.0028517856036075822,0.009272875816993464,0.001715686274509804,0.00525394319777613,0.6433823529411765,525,730,596,623,0.7634803921568627,816,5264,3992,65679
48,48000,0.03155339805825243,0.0033980582524271844,0.015998907891186482,0.010863586358635864,0.0014851485148514854,0.006695400042379982,0.016112479474548438,0.001970443349753695,0.009055649570525473,0.6231527093596059,506,733,600,606,0.7463054187192119,812,5986,4552,65679
49,49000,0.029850746268656716,0.0034825870646766175,0.022476530153263678,0.005384615384615384,0.0006153846153846154,0.0018613842651185048,0.011163337250293772,0.001292596944770858,0.006730531531296154,0.6298472385428907,536,740,601,650,0.763807285546416,851,6735,5143,65679
50,50000,0.005319148936170213,0.0005319148936170213,0.00189471908036182,0.004815409309791332,0.0004815409309791333,0.002646408209273606,0.004932182490752158,0.0004932182490752158,0.002472157215148556,0.6362515413070283,516,741,603,623,0.7681874229346486,811,7461,5719,65679
51,51000,0.037037037037037035,0.004830917874396135,0.01756644820139,0.005546311702717692,0.0006655574043261231,0.0030955995502478816,0.013613861386138614,0.001732673267326733,0.0068028590437954305,0.6460396039603961,522,719,609,601,0.7438118811881188,808,8173,6272,65679
52,52000,0.01895943562610229,0.0026455026455026454,0.008780490050484402,0.00508130081300813,0.0006097560975609756,0.0025109722638798743,0.008185404339250493,0.0010650887573964497,0.003913266774729881,0.6437869822485207,544,758,600,656,0.7763313609467456,845,8920,6877,65679
53,53000,0.021043771043771045,0.0025252525252525255,0.012872443678575431,0.005785123966942148,0.0009917355371900829,0.0032847089165952185,0.0095475300954753,0.0013698630136986301,0.005648807899001298,0.6189290161892902,497,726,582,605,0.7534246575342466,803,9607,7419,65679
54,54000,0.026475694444444444,0.003645833333333334,0.011325568434962801,0.0013706140350877192,0.0003289473684210526,0.0006341577167506028,0.007395833333333332,0.0011250000000000001,0.0032000962891215305,0.63375,507,744,591,608,0.76,800,10293,7963,65679
55,55000,0.024839743589743588,0.0033653846153846156,0.013908691875411874,0.003908431044109435,0.0006700167504187605,0.0026087527353120805,0.009316770186335402,0.0013664596273291927,0.005528488562816126,0.6074534161490683,489,702,571,597,0.7416149068322981,805,10973,8494,65679
56,56000,0.034626436781609204,0.004310344827586207,0.019149200667509955,0.0026086956521739132,0.00034782608695652176,0.0020945780827625847,0.011813300289136722,0.001486988847583643,0.006997517908860962,0.5824039653035935,470,699,559,575,0.7125154894671624,807,11641,8999,65679
57,57000,0.021493212669683258,0.002714932126696833,0.012160998875484162,0.003703703703703704,0.0005555555555555557,0.0017729330617355023,0.008869908015768726,0.001182654402102497,0.004789703817107978,0.5663600525624178,431,693,518,540,0.709592641261498,761,12263,9473,65679
58,58000,0.01507537688442211,0.0015075376884422112,0.0052550136057757674,0.006873977086743045,0.0008183306055646482,0.0038366049140764326,0.008888888888888889,0.0009876543209876543,0.004185078160555652,0.6259259259259259,507,723,583,611,0.754320987654321,810,12938,10010,65679
59,59000,0.018608414239482198,0.0029126213592233015,0.010762147365324035,0.010016025641025642,0.0011217948717948717,0.003964885531251277,0.01214859437751004,0.001566265060240964,0.0056519167816356,0.6132530120481928,509,742,604,624,0.7518072289156627,830,13619,10554,65679
60,60000,0.013888888888888888,0.0027777777777777783,0.011842054644360086,0.0057273768613974796,0.0006872852233676976,0.004388338938489251,0.007936507936507938,0.0012531328320802004,0.006405886046845266,0.6090225563909775,486,687,565,582,0.7293233082706767,798,14271,11072,65679
61,61000,0.0025,0.0005,0.0009228784838978409,0.004511677282377919,0.0006369426751592357,0.002337882883169082,0.004025764895330112,0.0006038647342995169,0.001996094380929652,0.6376811594202898,528,744,608,628,0.7584541062801933,828,828,628,65679
62,62000,0.008090614886731391,0.0014563106796116507,0.006258776351178454,0.004458945078847199,0.0008156606851549756,0.0018490904861393014,0.005372405372405373,0.0009768009768009768,0.0029582422421808954,0.6007326007326007,492,740,587,613,0.7484737484737485,819,1628,1232,65679
63,63000,0.01015228426395939,0.0010152284263959391,0.0066774866841915175,0.009351432880844645,0.0010558069381598795,0.005596719374806114,0.009534883720930231,0.0010465116279069768,0.005844290491025794,0.6441860465116279,554,758,631,663,0.7709302325581395,860,2460,1881,65679
64,64000,0.029687500000000002,0.003645833333333334,0.018358695201089223,0.00380517503805175,0.00045662100456621014,0.0027633264084490497,0.009658421672555947,0.001177856301531213,0.006290194262615025,0.6360424028268551,540,762,608,657,0.773851590106007,849,3262,2515,65679
65,65000,0.00851063829787234,0.0012765957446808512,0.0030269592924688183,0.0,0.0,0.0,0.0024783147459727386,0.00037174721189591083,0.0008814565473731998,0.5861214374225526,473,692,567,572,0.7087980173482032,807,3996,3056,65679
66,66000,0.0,0.0,0.0,0.005787037037037037,0.0007716049382716049,0.0035145959818183416,0.004512635379061372,0.0006016847172081829,0.002740623581490115,0.6654632972322503,553,756,646,648,0.779783393501805,831,4762,3670,65679
67,67000,0.010106382978723403,0.002127659574468085,0.0051617332784641215,0.0030721966205837174,0.00030721966205837174,0.001188487887049283,0.004648390941597139,0.0007151370679380214,0.002078797938999211,0.6436233611442194,540,755,610,651,0.7759237187127532,839,5524,4283,65679
68,68000,0.029411764705882353,0.003431372549019608,0.015966104586582347,0.002702702702702703,0.0005067567567567568,0.0015785140338365586,0.009547738693467336,0.001256281407035176,0.0052657859845402525,0.6067839195979899,483,719,562,592,0.7437185929648241,796,6227,4824,65679
69,69000,0.03880070546737214,0.004232804232804233,0.02433165993878875,0.003110419906687403,0.0003110419906687403,0.0010221418083545932,0.011217948717948716,0.001201923076923077,0.006317212633657544,0.6442307692307693,536,755,607,643,0.7728365384615384,832,6988,5434,65679
70,70000,0.02144144144144144,0.004324324324324324,0.010270980000741333,0.006403179509825569,0.0007727975270479134,0.0022526314917613015,0.009747023809523811,0.0015625,0.004035557542435948,0.6622596153846154,551,739,628,647,0.7776442307692307,832,7730,6043,65679
71,71000,0.028594771241830064,0.0034313725490196082,0.011622264970954671,0.008581979940408746,0.0011456628477905073,0.0037191730129917475,0.013591316658801322,0.0017177914110429449,0.005697370263819277,0.5901840490797546,481,727,553,611,0.7496932515337423,815,8441,6603,65679
72,72000,0.012238325281803542,0.0019323671497584543,0.01001487929652188,0.005537974683544304,0.0006329113924050633,0.003285432480499837,0.007191100516487883,0.0009535160905840286,0.004945736998874763,0.5971394517282479,501,741,568,632,0.7532777115613826,839,9173,7180,65679
73,73000,0.014430014430014428,0.0017316017316017316,0.006642071918153524,0.009523809523809523,0.0011764705882352942,0.004742883155573789,0.010895883777239709,0.001331719128329298,0.00527401221629524,0.5811138014527845,480,695,538,595,0.7203389830508474,826,9875,7716,65679
74,74000,0.035398230088495575,0.005309734513274337,0.023334725111078886,0.009461805555555557,0.0012152777777777778,0.0046697124766139995,0.016770573566084787,0.002369077306733167,0.009929429253907097,0.5635910224438903,452,704,551,576,0.7182044887780549,802,10564,8236,65679
75,75000,0.021604938271604937,0.0027777777777777783,0.007895202850918989,0.0,0.0,0.0,0.0055821371610845286,0.0007177033492822966,0.0020399088705723703,0.6172248803827751,516,710,579,620,0.7416267942583732,836,11275,8795,65679
76,76000,0.02959501557632399,0.0032710280373831778,0.01826731892982202,0.012290167865707434,0.0014388489208633094,0.006829752247083633,0.0170995670995671,0.001948051948051948,0.010008504545922612,0.5883116883116883,453,714,560,556,0.7220779220779221,770,11919,9292,65679
77,77000,0.024444444444444446,0.0031111111111111114,0.013618199611554091,0.00387263339070568,0.0005163511187607574,0.0025284893777228184,0.009615384615384616,0.0012406947890818859,0.005624252160119887,0.6054590570719603,488,700,576,581,0.7208436724565757,806,12597,9817,65679
78,78000,0.004518872939925572,0.0014354066985645935,0.0028164495840626983,0.0038251366120218575,0.0004918032786885247,0.002388084999418947,0.0040021706688373355,0.0007326007326007326,0.0024973990387236406,0.6031746031746031,494,720,568,610,0.7448107448107448,819,13284,10363,65679
79,79000,0.0,0.0,0.0,0.005907990314769975,0.0010169491525423731,0.0028553415645688252,0.004434750999636496,0.0007633587786259543,0.002143322548467693,0.5966921119592875,469,739,555,590,0.7506361323155216,786,13936,10884,65679
80,80000,0.01935483870967742,0.002304147465437788,0.008308584207416723,0.009322033898305085,0.0010169491525423731,0.005262524389129456,0.01201982651796778,0.0013630731102850064,0.006081601192807694,0.5848822800495663,472,711,563,590,0.7311028500619579,807,14597,11402,65679
81,81000,0.018421052631578946,0.002631578947368421,0.010262261991527183,0.0009888529306005035,0.00032362459546925567,0.001232110717371533,0.005088008800880088,0.0008663366336633662,0.003355537378373481,0.6150990099009901,497,753,595,618,0.7648514851485149,808,808,618,65679
82,82000,0.004317789291882556,0.0010362694300518134,0.0039439800427377774,0.005911680911680911,0.0010256410256410259,0.003333381327403735,0.005516281062553556,0.0010282776349614397,0.003484853759356782,0.5809768637532133,452,736,554,585,0.7519280205655527,778,1563,1186,65679
83,83000,0.018282312925170068,0.004591836734693878,0.011247637256334814,0.005754614549402823,0.0008143322475570033,0.002522690993858365,0.008786008230452676,0.001728395061728395,0.004633912558605753,0.6135802469135803,497,733,587,614,0.7580246913580246,810,2335,1775,65679
84,84000,0.01912568306010929,0.002185792349726776,0.01030580584062065,0.008735440931780365,0.0009983361064891847,0.004668281115533838,0.011160714285714286,0.0012755102040816326,0.005984182932741602,0.6033163265306123,473,739,556,601,0.7665816326530612,784,3068,2339,65679
85,85000,0.024074074074074074,0.003888888888888889,0.01129614859690584,0.006836158192090395,0.0010169491525423731,0.005053656881420001,0.010865800865800867,0.0016883116883116887,0.006512940659066042,0.6246753246753247,481,737,572,590,0.7662337662337663,770,3793,2897,65679
86,86000,0.023076923076923078,0.0030769230769230774,0.010672667761199479,0.008227848101265823,0.0011075949367088608,0.004549014499119088,0.011729141475211608,0.001571946795646917,0.005992923067566097,0.592503022974607,490,751,566,632,0.7642079806529625,827,4549,3490,65679
87,87000,0.017068273092369475,0.0024096385542168677,0.009858523101443872,0.008168442415017758,0.0013698630136986304,0.0035336797942115044,0.009963547995139732,0.0015795868772782503,0.0048094076058768425,0.6281895504252734,517,792,621,657,0.7982989064398542,823,5298,4101,65679
88,88000,0.010447761194029851,0.0024875621890547263,0.005932957157586817,0.007611548556430447,0.0011023622047244095,0.005177606158846791,0.008293460925039872,0.0014354066985645933,0.005359215669309405,0.5873205741626795,491,738,561,635,0.7595693779904307,836,6047,4683,65679
89,89000,0.00718562874251497,0.0011976047904191617,0.0026746703850183866,0.007107843137254903,0.0008823529411764707,0.0025737693887807594,0.007123179850452578,0.0009445100354191264,0.002593663682017694,0.6694214876033058,567,781,640,680,0.8028335301062574,847,6826,5322,65679
90,90000,0.013513513513513514,0.0016216216216216218,0.009288688847665752,0.0014925373134328358,0.00014925373134328358,0.00043144003928042966,0.004093567251461989,0.00046783625730994154,0.0023479207755977218,0.6549707602339181,560,762,629,670,0.783625730994152,855,7603,5954,65679
91,91000,0.011994949494949494,0.0035353535353535356,0.009648762123998397,0.0036115569823434992,0.0004815409309791333,0.0023307377430044724,0.005633373934226553,0.001218026796589525,0.0040956206022453945,0.6199756394640682,509,727,601,623,0.758830694275274,821,8350,6539,65679
92,92000,0.014184397163120567,0.0026595744680851063,0.006077936592089799,0.0027602523659305996,0.0004731861198738171,0.001125663727818552,0.005373073803730737,0.00097323600973236,0.002258300343977913,0.6180048661800487,508,739,590,634,0.7712895377128953,822,9088,7138,65679
93,93000,0.02556818181818182,0.002840909090909091,0.015834566733985315,0.008888888888888889,0.000888888888888889,0.00505144690519886,0.012338425381903642,0.001292596944770858,0.0072815633445248475,0.618096357226792,526,795,592,675,0.7931844888366627,851,9829,7741,65679
94,94000,0.015384615384615385,0.0019230769230769232,0.008930110122766014,0.004331683168316832,0.0006600660066006601,0.002034984174718675,0.007156019656019657,0.0009828009828009828,0.0037968836798708207,0.597051597051597,486,704,549,606,0.7444717444717445,814,10534,8297,65679
95,95000,0.020689655172413793,0.0024630541871921183,0.009966328456008314,0.0,0.0,0.0,0.005236907730673317,0.0006234413965087282,0.002522649222655471,0.5835411471321695,468,719,548,599,0.7468827930174564,802,11225,8836,65679
96,96000,0.019861830742659757,0.0025906735751295338,0.011629900179463479,0.004746835443037975,0.0006329113924050633,0.0051048961796375265,0.008282828282828282,0.001090909090909091,0.006631351660808932,0.6012121212121212,496,742,560,632,0.7660606060606061,825,11935,9403,65679
97,97000,0.02861834388927985,0.004433497536945813,0.016446582407362003,0.005136986301369863,0.0005136986301369864,0.0018198123986078274,0.011193804078175109,0.0015247776365946632,0.005592664128947215,0.5628970775095299,443,724,525,584,0.7420584498094028,787,12575,9904,65679
98,98000,0.023259303721488593,0.004591836734693878,0.010962285510593823,0.003928170594837261,0.0005050505050505052,0.002914374129908538,0.008724249193348224,0.001518987341772152,0.004911071130686152,0.5936708860759494,469,701,541,594,0.7518987341772152,790,13228,10433,65679
99,99000,0.023809523809523808,0.0029556650246305425,0.016836147019222408,0.007481940144478844,0.00108359133126935,0.0029043135231619005,0.01138594424813506,0.001531213191990577,0.006235482191831256,0.6101295641931684,518,744,589,646,0.7608951707891637,849,13937,11008,65679
100,100000,0.03490878938640132,0.00646766169154229,0.017613665285220344,0.011149228130360206,0.0015437392795883361,0.004242966863447821,0.0172406462585034,0.002806122448979592,0.007670913780254298,0.5905612244897959,463,719,547,583,0.7436224489795918,784,14597,11532,65679
101,101000,0.02219430485762144,0.0030150753768844224,0.0073524452110783406,0.0047694753577106515,0.00047694753577106523,0.002819881740014441,0.0089573268921095,0.0010869565217391304,0.003909229724002021,0.607487922705314,503,734,582,629,0.7596618357487923,828,828,629,65679
102,102000,0.023646723646723645,0.0030769230769230774,0.010273664657675263,0.004533745492014426,0.0009273570324574961,0.002417400344630953,0.008960147796252309,0.0014251781472684087,0.004236843980074707,0.6033254156769596,508,748,581,647,0.7684085510688836,842,1647,1264,65679
103,103000,0.023739837398373986,0.0039024390243902443,0.017456247690015293,0.003278688524590164,0.0003278688524590164,0.0022232904706688886,0.008425357873210635,0.001226993865030675,0.006054893206823506,0.561963190184049,458,721,526,610,0.7484662576687117,815,2437,1859,65679
104,104000,0.0048543689320388345,0.00048543689320388353,0.0015313828970181008,0.00526592943654555,0.0009478672985781992,0.002640449982587255,0.005164878823996822,0.0008343265792610249,0.0023681403048432196,0.5899880810488677,495,735,566,633,0.7544696066746126,839,3223,2464,65679
105,105000,0.012777362253802046,0.002617801047120419,0.01020465865634756,0.006309148264984227,0.0006309148264984228,0.002741275554217467,0.007806637806637807,0.001090909090909091,0.0044691618239227375,0.6024242424242424,497,721,555,634,0.7684848484848484,825,3980,3060,65679
106,106000,0.037547619047619045,0.0055000000000000005,0.016639583774300616,0.009615384615384616,0.0009615384615384617,0.005498305764809433,0.01639505316689783,0.002063106796116505,0.008202499456433506,0.6043689320388349,498,738,578,624,0.7572815533980582,824,4726,3644,65679
107,107000,0.017582417582417582,0.003296703296703297,0.00820298269627546,0.006069802731411229,0.0009104704097116845,0.004354797612296451,0.008561236623067776,0.0014268727705112963,0.005187579639982753,0.6183115338882283,520,776,605,659,0.7835909631391201,841,5496,4270,65679
108,108000,0.008285984848484848,0.001704545454545455,0.003681567241092428,0.004531722054380665,0.0007552870090634441,0.0023329342414853253,0.005320206841686555,0.0009546539379474941,0.002616179358347915,0.6241050119331742,523,765,598,662,0.7899761336515513,838,6251,4887,65679
109,109000,0.036156462585034015,0.005238095238095239,0.015393769069277028,0.005008347245409015,0.000667779632721202,0.0025409298321010104,0.013093766554829597,0.001854140914709518,0.00587726634607748,0.5587144622991347,452,705,531,599,0.7404202719406675,809,6959,5439,65679
110,110000,0.015306122448979591,0.0020408163265306124,0.007259131808197197,0.0023006134969325155,0.00030674846625766873,0.0018304085945050166,0.005306603773584905,0.0007075471698113208,0.003085160658047077,0.6379716981132075,541,761,617,652,0.7688679245283019,848,7728,6049,65679
111,111000,0.041019417475728154,0.0048543689320388345,0.019914818064106606,0.001584786053882726,0.0003169572107765452,0.0006304418402626892,0.01129032258064516,0.0014336917562724014,0.00537665629917768,0.5961768219832736,499,735,567,631,0.7538829151732378,837,8473,6631,65679
112,112000,0.01171171171171171,0.002162162162162162,0.0059367639005078205,0.008759783263094522,0.0013245033112582781,0.006221935241164303,0.009451933786534547,0.0015209125475285172,0.006155069971175141,0.5906210392902408,466,751,565,604,0.7655259822560203,789,9157,7180,65679
113,113000,0.0260707635009311,0.003910614525139665,0.010700922327156677,0.005873715124816446,0.0005873715124816446,0.002480843795447504,0.010077519379844963,0.0012790697674418606,0.004191767117745111,0.6302325581395349,542,783,601,681,0.791860465116279,860,9911,7805,65679
114,114000,0.00558659217877095,0.000558659217877095,0.0017623736133280936,0.001564945226917058,0.0003129890453834116,0.0007129971042057283,0.0024449877750611247,0.0003667481662591688,0.0009426283940992532,0.6124694376528117,501,756,587,639,0.7811735941320294,818,10614,8382,65679
115,115000,0.005,0.0005,0.0015773243839286438,0.0077668128654970765,0.0011513157894736843,0.0036793216147967545,0.007081958195819582,0.0009900990099009901,0.0031590252705224696,0.5878712871287128,475,737,551,608,0.7524752475247525,808,11302,8924,65679
116,116000,0.019662921348314606,0.0028089887640449437,0.015486361147568555,0.0031645569620253164,0.00031645569620253165,0.0031645569620253164,0.006790123456790123,0.0008641975308641975,0.005872311462058275,0.6098765432098765,494,775,582,632,0.7802469135802469,810,12000,9488,65679
117,117000,0.01674454828660436,0.002336448598130841,0.009045622528206966,0.005042016806722689,0.0010084033613445378,0.004233521050584874,0.008137618459002884,0.0013597033374536465,0.005506437881500977,0.5611866501854141,454,702,535,595,0.7354758961681088,809,12695,10017,65679
118,118000,0.0269485903814262,0.0034825870646766175,0.016235468062029197,0.007216543630512965,0.0011925042589437818,0.003483996344299593,0.012249717992103778,0.0017766497461928932,0.0067365925565631085,0.5774111675126904,455,713,539,587,0.7449238578680203,788,13355,10542,65679
119,119000,0.029411764705882353,0.0036199095022624436,0.019120331141558526,0.0033112582781456954,0.0004966887417218544,0.002634495372223556,0.010303030303030303,0.0013333333333333335,0.007050701075281772,0.5745454545454546,474,713,557,604,0.7321212121212122,825,14060,11093,65679
120,120000,0.03328947368421053,0.004210526315789474,0.013599155931511592,0.004378980891719745,0.0006369426751592357,0.0030519786450307097,0.011094132029339853,0.0014669926650366751,0.005501812000081282,0.5904645476772616,483,739,569,628,0.7677261613691931,818,14741,11649,65679
121,121000,0.020602023192696765,0.004145077720207254,0.013591179755436798,0.012417218543046357,0.0016556291390728477,0.006960999915879046,0.014399235227340622,0.002258469259723965,0.008566551621066808,0.5834378920953576,465,734,559,604,0.7578419071518193,797,797,604,65679
122,122000,0.012048192771084336,0.0030120481927710845,0.00885426184574267,0.00804953560371517,0.0009287925696594429,0.004186715726420125,0.008866995073891626,0.0013546798029556652,0.005140918504508232,0.6145320197044335,499,762,585,646,0.7955665024630542,812,1593,1240,65679
123,123000,0.03655913978494623,0.004516129032258064,0.018596557785025017,0.000380517503805175,0.00015220700152207003,0.0001980619228777786,0.007286535303776682,0.0009852216748768474,0.0037100900739034217,0.6145320197044335,499,797,566,657,0.8091133004926109,812,2371,1878,65679
124,124000,0.03411633109619686,0.005369127516778524,0.01700496743655222,0.00678513731825525,0.0009693053311793217,0.0030321889430309644,0.012087673611111112,0.0018229166666666665,0.005743053520550063,0.62109375,477,788,553,619,0.8059895833333334,768,3078,2459,65679
125,125000,0.02852233676975945,0.005154639175257732,0.020005957374828538,0.011202185792349727,0.001475409836065574,0.005484036182641682,0.015381426202321725,0.00236318407960199,0.008988081843442988,0.572139303482587,460,732,535,610,0.7587064676616916,804,3818,3028,65679
126,126000,0.013157894736842105,0.0015789473684210528,0.008125388162309745,0.014705882352941176,0.0017973856209150328,0.007612230674019063,0.014339152119700748,0.0017456359102244387,0.007733801650048026,0.5561097256857855,446,746,537,612,0.7630922693266833,802,4541,3583,65679
127,127000,0.022988505747126436,0.0022988505747126436,0.013081619350559584,0.006276709401709401,0.001121794871794872,0.003559415763671639,0.00992063492063492,0.0013784461152882206,0.005635685718707357,0.5939849624060151,474,772,576,624,0.7819548872180451,798,5258,4157,65679
128,128000,0.02976190476190476,0.0035714285714285718,0.016575365377346957,0.008654797230464886,0.0011869436201780417,0.005199619981478454,0.012866191607284243,0.00166270783847981,0.007469364906069794,0.6009501187648456,506,796,577,674,0.8004750593824228,842,6011,4771,65679
129,129000,0.024484536082474227,0.0030927835051546395,0.00826850587786823,0.014870435806831568,0.0019434628975265019,0.008056878024532706,0.01732456140350877,0.002236842105263158,0.008110898818673617,0.5736842105263158,436,740,553,566,0.7447368421052631,760,6675,5283,65679
130,130000,0.024607329842931937,0.003141361256544503,0.010563421593075788,0.004098360655737705,0.0005961251862891207,0.0029602559901456766,0.008642691415313226,0.001160092807424594,0.00464494813650258,0.6032482598607889,520,763,585,671,0.7784222737819025,862,7433,5894,65679
131,131000,0.010128913443830571,0.0016574585635359118,0.004587170086806603,0.0,0.0,0.0,0.002100038182512409,0.0003436426116838488,0.0009510627556838434,0.5922107674684994,517,759,568,692,0.7926689576174112,873,8204,6519,65679
132,132000,0.03038674033149171,0.0033149171270718237,0.017551480623936546,0.00701058201058201,0.0012698412698412698,0.0033429179900590538,0.012227702424989724,0.0017262638717632553,0.006514002868889913,0.5980271270036991,485,774,585,630,0.7768187422934648,811,8921,7095,65679
133,133000,0.01639344262295082,0.0016393442622950822,0.007915077152346406,0.00612353567625133,0.0007987220447284345,0.0041306935655555325,0.008446641944787803,0.000988875154511743,0.004986740779872875,0.5834363411619283,472,732,532,626,0.7737948084054388,809,9621,7664,65679
134,134000,0.005076142131979695,0.0010152284263959391,0.002377921422137447,0.002093144950287807,0.00047095761381475676,0.0011479631852194532,0.0027977617905675456,0.0005995203836930455,0.001438492888664111,0.592326139088729,494,736,560,637,0.7637889688249401,834,10340,8245,65679
135,135000,0.0101010101010101,0.002272727272727273,0.008936391303110686,0.006521739130434783,0.0007763975155279503,0.0026667632342334104,0.0072899728997289975,0.0010975609756097562,0.004012439502675362,0.6,492,750,564,644,0.7853658536585366,820,11066,8831,65679
136,136000,0.009014588494357281,0.002890173410404624,0.004724205462514396,0.003824476650563607,0.0005434782608695653,0.0012468380744616126,0.005062944718117132,0.001103448275862069,0.0020766098787831735,0.5655172413793104,410,742,521,552,0.7613793103448275,725,11676,9321,65679
137,137000,0.03155339805825243,0.0038834951456310682,0.015161168714408603,0.0029866666666666665,0.0008,0.0025971567805291025,0.010068190934616928,0.001564380264741276,0.00571170125511295,0.5535499398315282,460,743,540,625,0.7521058965102286,831,12366,9866,65679
138,138000,0.03333333333333333,0.004210526315789474,0.02153586174585618,0.00916030534351145,0.0010687022900763357,0.0039076970963002056,0.014595660749506904,0.0017751479289940832,0.007871426425786164,0.5562130177514792,470,766,540,655,0.7751479289940828,845,13076,10433,65679
139,139000,0.008928571428571428,0.0011904761904761906,0.0032841712509017705,0.01170940170940171,0.0018803418803418806,0.007836950824997758,0.011088977423638778,0.0017264276228419655,0.006821191238745267,0.5644090305444888,425,766,523,585,0.7768924302788844,753,13695,10941,65679
140,140000,0.008974358974358974,0.0015384615384615387,0.006127401892649521,0.006514657980456026,0.0006514657980456026,0.002635287775652992,0.007107540173053152,0.0008652657601977751,0.0034770210918635275,0.588380716934487,476,711,548,614,0.7589616810877626,809,14372,11487,65679
141,141000,0.018726591760299623,0.0022471910112359553,0.010977776405323693,0.0069767441860465115,0.0007751937984496124,0.0044234026542107644,0.009518023491292021,0.0010935601458080197,0.005840995032944787,0.5808019441069259,478,768,552,645,0.7837181044957473,823,823,645,65679
142,142000,0.025996810207336525,0.0043062200956937805,0.016294337295059576,0.005162738496071829,0.0011784511784511784,0.0034934580021110835,0.010585305105853052,0.00199252801992528,0.0068251937084949366,0.5603985056039851,450,727,533,594,0.7397260273972602,803,1601,1223,65679
143,143000,0.016666666666666666,0.0022222222222222222,0.009175112766938397,0.0040192926045016075,0.0006430868167202572,0.0014848238290025035,0.007378984651711925,0.0010625737898465172,0.003527698694451826,0.564344746162928,478,724,552,622,0.7343565525383707,847,2418,1832,65679
144,144000,0.029209621993127145,0.004123711340206186,0.020201888525915805,0.005591054313099041,0.0006389776357827476,0.002033552650020052,0.011178861788617886,0.0014634146341463415,0.006331915040170999,0.5634146341463414,462,732,534,626,0.7634146341463415,820,3182,2420,65679
145,145000,0.006508875739644971,0.001183431952662722,0.0035194577773346196,0.005636070853462158,0.0006441223832528181,0.002497601013208387,0.005822784810126582,0.000759493670886076,0.0027162007513569105,0.5936708860759494,469,766,558,621,0.7860759493670886,790,3906,3002,65679
146,146000,0.022666666666666665,0.004,0.015044950701784479,0.007419183889772124,0.0009538950715421305,0.0048619303260935024,0.011097708082026538,0.001688781664656212,0.007318630054848865,0.5657418576598311,469,730,529,629,0.758745476477684,829,4663,3590,65679
147,147000,0.009392265193370166,0.0016574585635359118,0.0035718225174029947,0.0036008230452674894,0.00046296296296296303,0.002288002055172733,0.00486529955770004,0.0007237635705669481,0.0025683054371554563,0.5802171290711701,481,752,531,648,0.781664656212304,829,5412,4191,65679
148,148000,0.019071310116086235,0.0029850746268656717,0.012188002218851208,0.001469723691945914,0.0003527336860670194,0.0013762039642533697,0.006076388888888889,0.0010416666666666667,0.0042058542886988974,0.5403645833333334,415,727,513,567,0.73828125,768,6088,4712,65679
149,149000,0.021505376344086023,0.002688172043010753,0.010658470749412662,0.004896115627822945,0.0011382113821138211,0.0024013861538614107,0.008752947704258565,0.0014981273408239703,0.004318761603015633,0.5717852684144819,458,740,544,615,0.7677902621722846,801,6797,5269,65679
150,150000,0.01907216494845361,0.0030927835051546395,0.009207925161024817,0.00546875,0.00078125,0.003565002764402519,0.008633093525179856,0.0013189448441247003,0.004877625000547274,0.5683453237410072,474,759,544,640,0.7673860911270983,834,7531,5850,65679
151,151000,0.02028985507246377,0.0028985507246376816,0.011788299535391714,0.00825082508250825,0.0008250825082508251,0.004394479495432193,0.01131611316113161,0.0013530135301353015,0.006277038841399746,0.5350553505535055,435,716,498,606,0.7453874538745388,813,8221,6383,65679
152,152000,0.019166666666666665,0.0025,0.006651428197470322,0.0057333333333333325,0.0009600000000000001,0.003890208796022198,0.008989898989898989,0.0013333333333333335,0.004559595317585379,0.583030303030303,481,752,553,625,0.7575757575757576,825,8954,6962,65679
153,153000,0.016853932584269662,0.0016853932584269665,0.010118146043056074,0.006656804733727811,0.0007396449704142012,0.003984763601121936,0.008782201405152224,0.000936768149882904,0.005263150105412658,0.6007025761124122,513,775,576,676,0.7915690866510539,854,9704,7581,65679
154,154000,0.019060283687943262,0.003191489361702128,0.01065632930767175,0.006402116402116402,0.0009523809523809525,0.003485570354609752,0.009311328443357783,0.0014669926650366751,0.005133617644555543,0.5831295843520783,477,738,546,630,0.7701711491442543,818,10411,8154,65679
155,155000,0.02702702702702703,0.002702702702702703,0.015415969346620456,0.005988023952095809,0.0007485029940119761,0.004255176582068866,0.010550996483001172,0.0011723329425556857,0.006675747111309245,0.6107854630715123,521,767,580,668,0.7831184056271981,853,11152,8753,65679
156,156000,0.023242630385487528,0.004166666666666667,0.015853179503242346,0.005494505494505495,0.0007849293563579278,0.0024064300395209384,0.00919846199349305,0.0014906832298136644,0.005212708188471493,0.5838509316770186,470,743,537,637,0.7913043478260869,805,11861,9335,65679
157,157000,0.008287292817679558,0.0011049723756906078,0.004516736824905717,0.0114598903836572,0.0016442451420029896,0.007392382021987678,0.010784313725490196,0.0015294117647058827,0.006780038750609048,0.5835294117647059,496,785,571,669,0.7870588235294118,850,12570,9916,65679
158,158000,0.022664835164835164,0.003296703296703297,0.01457326271571412,0.005555555555555556,0.0006349206349206349,0.004135333720718581,0.009390394088669951,0.0012315270935960591,0.006474869529941718,0.5972906403940886,485,763,585,630,0.7758620689655172,812,13261,10481,65679
159,159000,0.03211805555555555,0.004166666666666667,0.019961990311904026,0.005182760501909437,0.0009819967266775777,0.0026053055658485018,0.0116230801162308,0.0017434620174346202,0.006755347248591541,0.5529265255292652,444,743,519,611,0.7608966376089664,803,13925,11018,65679
160,160000,0.014991181657848324,0.0021164021164021165,0.011126490836541677,0.0088008800880088,0.0009900990099009903,0.003412216719859883,0.010272536687631027,0.0012578616352201257,0.005246176226844612,0.5522012578616352,439,729,524,606,0.7622641509433963,795,14585,11549,65679
161,161000,0.015713101160862355,0.002985074626865672,0.009176050655607865,0.01010608598548297,0.001507537688442211,0.007074583933657962,0.011518379281537176,0.001879699248120301,0.007603900739562637,0.531328320802005,424,729,496,597,0.7481203007518797,798,798,597,65679
162,162000,0.0176027676027676,0.0037037037037037034,0.013737860626899941,0.003450106157112526,0.0006369426751592357,0.0015221223701654921,0.006724100053353418,0.001346389228886169,0.004348039788186068,0.5507955936352509,450,726,503,628,0.7686658506731946,817,1599,1218,65679
163,163000,0.018285714285714287,0.0034285714285714293,0.010424288022159892,0.007128045619491964,0.0010886469673405908,0.0036993507964646188,0.009515077424612876,0.0015892420537897312,0.00513805986064148,0.5696821515892421,466,761,553,643,0.7860635696821516,818,2383,1835,65679
164,164000,0.027976190476190477,0.004285714285714286,0.015429118168530244,0.00697934115019542,0.0011725293132328308,0.004720555511302269,0.012443205287071457,0.001982651796778191,0.007507170329168284,0.5464684014869888,441,706,524,597,0.7397769516728625,807,3138,2406,65679
165,165000,0.014336917562724014,0.002688172043010753,0.007807817614674824,0.0036119711042311656,0.00046439628482972144,0.002169099806901231,0.006009615384615385,0.0009615384615384616,0.0034296785475813854,0.5793269230769231,482,755,559,646,0.7764423076923077,832,3906,3020,65679
166,166000,0.015482695810564662,0.002185792349726776,0.01149911301467014,0.001607717041800643,0.0003215434083601286,0.0009505389145064754,0.0047619047619047615,0.0007453416149068324,0.003348537747214488,0.5813664596273292,468,729,534,622,0.7726708074534161,805,4636,3598,65679
167,167000,0.03897180762852404,0.004975124378109453,0.018337921793073784,0.005420054200542005,0.0006504065040650406,0.003079603523176255,0.013684640522875817,0.0017156862745098041,0.0068380863323054255,0.5661764705882353,462,737,539,615,0.7536764705882353,816,5368,4167,65679
168,168000,0.029761904761904764,0.004487179487179487,0.011757939974148122,0.005742725880551302,0.0007656967840735069,0.0037095544935881845,0.010374359879922301,0.0014833127317676145,0.0052615299385416455,0.5908529048207664,478,801,568,653,0.8071693448702101,809,6089,4763,65679
169,169000,0.016216216216216217,0.0016216216216216218,0.006218475364673913,0.012192056309703367,0.0015082956259426848,0.005699363723703203,0.013069968553459118,0.0015330188679245284,0.005812613315188559,0.5801886792452831,492,786,562,663,0.7818396226415094,848,6857,5383,65679
170,170000,0.017766497461928935,0.0020304568527918783,0.007672552023318572,0.003305785123966942,0.0004958677685950414,0.0023646679609695322,0.00685785536159601,0.0008728179551122196,0.003668474893990431,0.543640897755611,436,741,513,605,0.7543640897755611,802,7553,5929,65679
171,171000,0.03314917127071823,0.0033149171270718237,0.017229609729126606,0.002038735983690112,0.00030581039755351685,0.0017846490137097893,0.008782435129740519,0.0009580838323353294,0.0051325985819618185,0.577245508982036,482,780,557,654,0.7832335329341318,835,8294,6522,65679
172,172000,0.025045537340619307,0.0038251366120218575,0.015361223630094192,0.009217737917289486,0.001195814648729447,0.004908089077657107,0.01261737089201878,0.0017605633802816902,0.007153304597722819,0.5786384976525821,493,772,564,669,0.7852112676056338,852,9043,7128,65679
173,173000,0.02268760907504363,0.002617801047120419,0.013837776326904257,0.006172839506172839,0.0006172839506172839,0.004147967288423647,0.009932459276916963,0.0010727056019070322,0.006353871372273225,0.5709177592371871,479,745,548,648,0.7723480333730631,839,9760,7710,65679
174,174000,0.010471204188481676,0.0010471204188481676,0.006811675369968488,0.0037369207772795215,0.00044843049327354266,0.001315844590644119,0.005232558139534884,0.0005813953488372093,0.0025364302637266244,0.5976744186046512,514,771,577,669,0.7779069767441861,860,10520,8321,65679
175,175000,0.02040816326530612,0.002551020408163265,0.009359453302982155,0.0015625,0.00015625,0.0006044575113039713,0.005980861244019139,0.0007177033492822966,0.0026570641801663204,0.55622009569378,465,761,530,640,0.7655502392344498,836,11234,8897,65679
176,176000,0.017582417582417582,0.0035897435897435893,0.008703503502518507,0.0,0.0,0.0,0.004101161995898838,0.0008373205741626793,0.002030123424630513,0.5514354066985646,461,738,525,641,0.7667464114832536,836,11955,9470,65679
177,177000,0.01598173515981735,0.0018264840182648403,0.009128354619173686,0.0023148148148148147,0.00030864197530864197,0.0013107055407247249,0.0057670126874279125,0.0006920415224913496,0.003285405826976539,0.5259515570934256,456,737,508,648,0.7474048442906575,867,12699,10046,65679
178,178000,0.02717391304347826,0.002717391304347826,0.012070785736702862,0.007575757575757575,0.0010432190760059613,0.004712757963457626,0.011793372319688107,0.0014035087719298245,0.006296239963781747,0.560233918128655,479,774,542,671,0.7847953216374269,855,13439,10660,65679
179,179000,0.04357021996615905,0.006091370558375635,0.024808735890789482,0.0,0.0,0.0,0.010837542087542087,0.0015151515151515154,0.006170859811219101,0.5303030303030303,420,744,511,595,0.7512626262626263,792,14090,11176,65679
180,180000,0.025815217391304348,0.003260869565217391,0.014420039775591741,0.0013102725366876309,0.0003144654088050315,0.0011968367110823757,0.006808943089430894,0.0009756097560975611,0.004163994471899112,0.5451219512195122,447,759,524,636,0.775609756097561,820,14757,11728,65679
181,181000,0.028688524590163935,0.0032786885245901644,0.010424849888645322,0.003894080996884735,0.0004672897196261683,0.003067530186718817,0.009393939393939394,0.0010909090909090912,0.0046995174660552416,0.5648484848484848,466,749,530,642,0.7781818181818182,825,825,642,65679
182,182000,0.011168384879725084,0.0015463917525773197,0.00804639342259672,0.004830917874396135,0.0008051529790660225,0.002928343085057593,0.006339468302658486,0.00098159509202454,0.0041466274598828574,0.5803680981595092,473,744,556,621,0.7619631901840491,815,1620,1251,65679
183,183000,0.020439225918677972,0.0027397260273972607,0.007683383934440907,0.006621773288439955,0.0011784511784511784,0.0033260006166546,0.010343817723891525,0.0015990159901599018,0.004499760698567517,0.5215252152521526,424,707,491,594,0.7306273062730627,813,2411,1833,65679
184,184000,0.01980676328502415,0.0024154589371980675,0.008824174842318856,0.011293260473588342,0.0018032786885245904,0.0052677089515705735,0.013450292397660818,0.0019583843329253367,0.0061687963926781554,0.5275397796817626,431,735,501,610,0.7466340269277846,817,3178,2409,65679
185,185000,0.016571969696969696,0.002840909090909091,0.00692675958867684,0.008986928104575163,0.0009803921568627453,0.003381418624782144,0.010681049069373942,0.0013959390862944164,0.004173271428900756,0.5190355329949239,409,746,496,612,0.7766497461928934,788,3907,2985,65679
186,186000,0.02010387488328665,0.005392156862745099,0.009415107477475095,0.007276221856123009,0.0014827018121911038,0.005221402743426229,0.01050290646468205,0.002466091245376079,0.006276292713519903,0.5561035758323057,451,719,521,607,0.7484586929716399,811,4637,3552,65679
187,187000,0.018939393939393936,0.002840909090909091,0.011377685262080373,0.006192220477934764,0.0009419152276295135,0.0030436127982124777,0.00895175618422851,0.0013530135301353015,0.004847790846971087,0.5817958179581796,473,772,561,637,0.7835178351783518,813,5378,4145,65679
188,188000,0.0,0.0,0.0,0.006685575364667747,0.0012965964343598054,0.004555765062209051,0.005067567567567568,0.0009828009828009828,0.003453202755998753,0.538083538083538,438,727,500,617,0.757985257985258,814,6105,4712,65679
189,189000,0.006517690875232775,0.00111731843575419,0.004483812365915159,0.006749740394600207,0.000778816199376947,0.0038469817327592072,0.006699147381242387,0.0008526187576126676,0.003985827875676278,0.5773447015834349,474,761,547,642,0.781973203410475,821,6843,5308,65679
190,190000,0.00615530303030303,0.001704545454545455,0.0032954896935599057,0.0043522785458269325,0.0007680491551459293,0.0018622931343362306,0.004735993550987505,0.0009673518742442564,0.002167302317435828,0.5634824667472793,466,761,532,651,0.7871825876662636,827,7565,5898,65679
191,191000,0.03614457831325301,0.003614457831325301,0.019510886363610397,0.005702436495593571,0.0009331259720062208,0.002986571996532127,0.011948908117016892,0.0014833127317676143,0.006377222410543244,0.5747836835599506,465,799,542,643,0.7948084054388134,809,8271,6484,65679
192,192000,0.014792899408284023,0.0017751479289940832,0.00965047191462401,0.009356235162686775,0.001228878648233487,0.005097697483524189,0.01047671840354767,0.0013414634146341464,0.006036013189445981,0.5841463414634146,479,801,559,651,0.7939024390243903,820,8982,7071,65679
193,193000,0.015625,0.0025,0.008381736074712461,0.007859703020993343,0.001228878648233487,0.004369444240045108,0.009391697492807235,0.0014796547472256476,0.005161018461434474,0.5709001233045623,463,777,536,651,0.8027127003699137,811,9704,7665,65679
194,194000,0.017137476459510356,0.0033898305084745766,0.010075397117150936,0.005494505494505495,0.0007849293563579278,0.0032832283755313773,0.008026208026208025,0.0013513513513513514,0.004760149588389685,0.5503685503685504,448,765,525,637,0.7825552825552825,814,10407,8241,65679
195,195000,0.017638158942506768,0.0027472527472527475,0.007253593262786268,0.0037821482602118004,0.0004538577912254161,0.00235936735722034,0.0067736001512885315,0.0009489916963226571,0.003416009249050706,0.5895610913404508,497,752,554,661,0.7841043890865955,843,11134,8836,65679
196,196000,0.015151515151515152,0.0018181818181818184,0.00984304825267069,0.000741839762611276,0.00014836795252225521,0.0002629663008665397,0.003575685339690107,0.0004767580452920143,0.002147011023211814,0.5733015494636472,481,789,562,674,0.8033373063170441,839,11859,9440,65679
197,197000,0.0234375,0.0031249999999999997,0.008927257501876923,0.008823529411764706,0.001176470588235294,0.0038352037962078914,0.01238881829733164,0.0016518424396442185,0.005077483734566791,0.5285895806861499,416,723,484,595,0.7560355781448539,787,12516,9959,65679
198,198000,0.021105527638190957,0.0030150753768844224,0.010346452551951647,0.0015267175572519084,0.00015267175572519084,0.0005906149728771628,0.006088992974238876,0.000819672131147541,0.002863930755354706,0.5585480093676815,477,740,533,655,0.7669789227166276,854,13251,10551,65679
199,199000,0.024585635359116023,0.0033149171270718237,0.012062629697222695,0.0030257186081694403,0.00030257186081694405,0.0020981131728207893,0.007660332541567696,0.0009501187648456057,0.004240129195287232,0.5546318289786223,467,776,520,661,0.7850356294536817,842,13960,11126,65679
200,200000,0.03225806451612903,0.003763440860215054,0.014201607513365232,0.005335365853658537,0.0006097560975609756,0.0027440353895978545,0.011282660332541567,0.001306413301662708,0.005275043008387323,0.5475059382422803,461,763,525,656,0.7790973871733967,842,14664,11703,65679
201,201000,0.021683673469387755,0.0030612244897959186,0.013691259491348242,0.010133333333333333,0.00128,0.00490555774057953,0.012890783597239138,0.0017052375152253351,0.00700299689179837,0.510353227771011,419,750,499,625,0.761266747868453,821,821,625,65679
202,202000,0.012681159420289856,0.001630434782608696,0.009796804670413531,0.0015600624024961,0.00015600624024960998,0.0004921448935814801,0.00404040404040404,0.0004848484848484849,0.0025673659832022044,0.536969696969697,443,762,515,641,0.776969696969697,825,1626,1253,65679
203,203000,0.015706806282722512,0.0020942408376963353,0.005829347188283835,0.004118616144975288,0.0004942339373970346,0.0014055693701936543,0.006892230576441102,0.0008771929824561403,0.0024643933842979464,0.5325814536340853,425,754,506,607,0.7606516290726817,798,2373,1826,65679
204,204000,0.019230769230769232,0.0019230769230769232,0.008309004703420756,0.0038461538461538464,0.0006837606837606838,0.0016714020135253152,0.007881462799495587,0.001008827238335435,0.003412412555137234,0.5233291298865069,415,718,484,585,0.7377049180327869,793,3110,2379,65679
205,205000,0.0365079365079365,0.005238095238095239,0.025755078574972876,0.008143322475570033,0.0008143322475570033,0.004043785150971078,0.015372168284789644,0.0019417475728155341,0.009577003135243381,0.5424757281553398,447,731,506,614,0.7451456310679612,824,3877,2962,65679
206,206000,0.017322097378277154,0.0028089887640449437,0.009618183533420208,0.002909647779479326,0.0006125574272588055,0.002303643113746474,0.005996791014841557,0.0010830324909747292,0.0038704159112217143,0.5583634175691937,464,771,531,653,0.7858002406738869,831,4653,3579,65679
207,207000,0.038978494623655914,0.004838709677419355,0.02236221122649128,0.0038503850385038507,0.0006600660066006601,0.0016160546039656058,0.01210016835016835,0.0016414141414141416,0.0064882580531951195,0.5290404040404041,419,743,497,606,0.7651515151515151,792,5370,4138,65679
208,208000,0.007317073170731707,0.0018292682926829272,0.005758661276380012,0.0025925925925925925,0.0004444444444444445,0.0014612322509448131,0.003516090584028606,0.0007151370679380215,0.0023012541343433502,0.5816448152562574,488,783,549,675,0.8045292014302742,839,6142,4773,65679
209,209000,0.016574585635359115,0.0022099447513812156,0.013463065600200708,0.0024509803921568627,0.00032679738562091506,0.0015173399829267764,0.005674653215636823,0.0007566204287515763,0.004243917961144408,0.5510718789407314,437,763,543,612,0.7717528373266078,793,6850,5331,65679
210,210000,0.01911764705882353,0.0029411764705882357,0.009280870091091766,0.00819672131147541,0.000819672131147541,0.002683040202891915,0.010933660933660935,0.0013513513513513514,0.004336550396003426,0.5085995085995086,414,728,472,610,0.7493857493857494,814,7557,5874,65679
211,211000,0.022388059701492536,0.0024875621890547263,0.012909194449252013,0.005103668261562998,0.0006379585326953748,0.0018513711748298694,0.009299516908212561,0.0010869565217391302,0.0045356978392729255,0.5374396135265701,445,725,496,627,0.7572463768115942,828,8276,6445,65679
212,212000,0.016483516483516484,0.0016483516483516486,0.006846930960764406,0.004035874439461884,0.0007473841554559044,0.002060506353738414,0.006698002350176264,0.0009400705052878967,0.00308416002997664,0.5605170387779084,477,773,537,669,0.7861339600470035,851,9023,7051,65679
213,213000,0.02443940539178634,0.004232804232804233,0.012830582801887275,0.002864583333333333,0.0004687500000000001,0.002666369435612582,0.0077833304612556714,0.0013268998793727383,0.004983662953376052,0.5633293124246079,467,738,534,640,0.7720144752714113,829,9735,7630,65679
214,214000,0.025120772946859903,0.003381642512077295,0.015882028049626632,0.001567398119122257,0.00015673981191222572,0.0004944590545230859,0.0073372781065088755,0.0009467455621301774,0.004263958204802889,0.5254437869822485,444,754,507,638,0.7550295857988165,845,10473,8210,65679
215,215000,0.01582867783985102,0.00335195530726257,0.012678518919049404,0.004225352112676057,0.0006259780907668232,0.0026499727896865176,0.006764466177669111,0.0012224938875305623,0.004844483495256147,0.5244498777506112,429,740,479,639,0.7811735941320294,818,11150,8757,65679
216,216000,0.017730496453900707,0.002127659574468085,0.007037728237629002,0.003937007874015748,0.0004724409448818898,0.0014795518059678215,0.007087889833940866,0.000850546780072904,0.002749220298254944,0.5249088699878494,432,753,509,635,0.7715674362089915,823,11848,9323,65679
217,217000,0.03089887640449438,0.003370786516853933,0.012079882298902203,0.004457652303120356,0.0005943536404160476,0.00200501896575768,0.0099882491186839,0.0011750881316098707,0.004112334680563467,0.5675675675675675,483,763,531,673,0.790834312573443,851,12576,9926,65679
218,218000,0.020351157222665603,0.002793296089385475,0.011689214104085027,0.003429878048780488,0.0004573170731707318,0.0015081743644562405,0.007057313943541488,0.0009580838323353294,0.0036906966559455247,0.5437125748502994,454,760,505,656,0.7856287425149701,835,13293,10515,65679
219,219000,0.007853403141361256,0.0010471204188481676,0.0031811706389880128,0.0074850299401197605,0.0007485029940119761,0.005355276023845275,0.007566938300349243,0.0008149010477299185,0.004871860274709376,0.5320139697322468,457,770,517,668,0.7776484284051223,859,14011,11103,65679
220,220000,0.011627906976744186,0.0011627906976744186,0.005502294362541781,0.00858034321372855,0.0009360374414976601,0.004653299564237623,0.00922509225092251,0.000984009840098401,0.004832914699918208,0.5522755227552275,449,744,505,641,0.7884378843788438,813,14704,11675,65679
221,221000,0.02976190476190476,0.004301075268817204,0.01805529750229798,0.005497251374312844,0.0007496251874062968,0.0022483951776560026,0.010788254340423157,0.0015240328253223916,0.005695152308234441,0.5439624853458382,464,770,525,667,0.7819460726846424,853,853,667,65679
222,222000,0.012432432432432432,0.002162162162162162,0.007539197187571908,0.0029239766081871343,0.00047846889952153117,0.0010870532154747202,0.005090311986863711,0.0008620689655172414,0.002557061386457454,0.5258620689655172,427,739,479,627,0.7721674876847291,812,1648,1284,65679
223,223000,0.025543478260869567,0.004347826086956522,0.011971057129606636,0.0023809523809523807,0.00046583850931677023,0.0014573591846097059,0.007528180354267311,0.0013285024154589373,0.0037937365057201353,0.5108695652173914,423,761,492,644,0.7777777777777778,828,2436,1899,65679
224,224000,0.02357723577235772,0.004390243902439025,0.013317975681626189,0.0,0.0,0.0,0.005706414797323888,0.0010625737898465172,0.0032233589312082277,0.5159386068476978,437,751,496,642,0.7579693034238488,847,3223,2504,65679
225,225000,0.00992063492063492,0.0019047619047619048,0.00783636135643237,0.002577319587628866,0.0003436426116838488,0.001595553384108569,0.004524410774410774,0.0007575757575757577,0.0032503130737398796,0.494949494949495,392,711,474,582,0.7348484848484849,792,3952,3050,65679
226,226000,0.027210884353741496,0.004081632653061225,0.014297001025198916,0.0005611672278338944,0.00016835016835016836,0.0004984543955654296,0.007172995780590717,0.001139240506329114,0.003921891280892219,0.5518987341772152,436,734,526,594,0.7518987341772152,790,4691,3619,65679
227,227000,0.008287292817679558,0.0011049723756906078,0.0031521052270863507,0.006027253668763102,0.0009433962264150945,0.0022842246512731006,0.006527947776417789,0.0009791921664626683,0.0024764968473835022,0.543451652386781,444,753,529,636,0.7784577723378213,817,5426,4212,65679
228,228000,0.017825311942959002,0.00267379679144385,0.00727099695554381,0.0065264293419633225,0.0011326860841423948,0.004676629692103469,0.009151138716356108,0.0014906832298136649,0.005279296373175944,0.5055900621118012,407,741,477,618,0.7677018633540372,805,6137,4771,65679
229,229000,0.030081300813008128,0.004390243902439025,0.017417539663993183,0.0065252854812398045,0.0008156606851549756,0.0037742105064358785,0.012428687856560717,0.0017114914425427875,0.007193382239075546,0.5464547677261614,447,722,519,613,0.7493887530562348,818,6886,5347,65679
230,230000,0.009195402298850575,0.0022988505747126436,0.009280204845680467,0.003134796238244514,0.00031347962382445143,0.001059432027511645,0.004433497536945812,0.0007389162561576354,0.0028210262028335355,0.5431034482758621,441,764,518,638,0.7857142857142857,812,7605,5932,65679
231,231000,0.01111111111111111,0.0019047619047619048,0.009682718190673074,0.0037562604340567614,0.0005008347245409016,0.002532520017638134,0.0056654305727235265,0.0008652657601977751,0.00438856651496488,0.5142150803461063,416,715,479,599,0.7404202719406675,809,8290,6455,65679
232,232000,0.017045454545454544,0.001704545454545455,0.006494834842553621,0.0020449897750511245,0.0004601226993865031,0.0015155144001841746,0.005233494363929147,0.0007246376811594204,0.0025739206777892743,0.5507246376811594,456,763,525,652,0.7874396135265701,828,9019,7044,65679
233,233000,0.0055248618784530384,0.0005524861878453039,0.0023794284976430555,0.007296466973886329,0.0009216589861751152,0.0029342605791017598,0.006911057692307692,0.0008413461538461538,0.002813557926765191,0.5661057692307693,471,772,547,651,0.7824519230769231,832,9753,7644,65679
234,234000,0.018416206261510127,0.0027624309392265192,0.009041590171008218,0.0022598870056497176,0.00033898305084745765,0.0007935431366613279,0.006052745352356247,0.000907911802853437,0.002729855086358847,0.5239948119325551,404,760,478,590,0.7652399481193255,771,10392,8166,65679
235,235000,0.019553072625698324,0.002793296089385475,0.008561690582009309,0.004651162790697674,0.00062015503875969,0.0037562633091575972,0.007888349514563107,0.0010922330097087381,0.004800160738575627,0.5449029126213593,449,753,518,645,0.7827669902912622,824,11103,8751,65679
236,236000,0.0304093567251462,0.0035087719298245615,0.020625982503930638,0.008454106280193236,0.0010144927536231882,0.0029997383147006896,0.012814556716995742,0.0015098722415795587,0.0065004209585547215,0.5632984901277585,485,775,539,690,0.8013937282229965,861,11830,9357,65679
237,237000,0.0,0.0,0.0,0.003961965134706815,0.0006339144215530904,0.001579061859706895,0.0030084235860409147,0.00048134777376654636,0.0011990229043021068,0.5258724428399518,437,727,486,631,0.7593261131167268,831,12527,9917,65679
238,238000,0.021956087824351298,0.0029940119760479044,0.00983489366617198,0.005538922155688623,0.0007485029940119761,0.002553069740254577,0.008822355289421158,0.0011976047904191617,0.004009434525438058,0.578443113772455,483,789,561,668,0.8,835,13246,10524,65679
239,239000,0.02898550724637681,0.003260869565217392,0.014247115855959286,0.002902757619738752,0.00043541364296081285,0.0011419902808339467,0.008400152730049636,0.0010309278350515466,0.003904124422670215,0.5532646048109966,483,770,536,689,0.7892325315005727,873,13983,11133,65679
240,240000,0.03366174055829228,0.004433497536945813,0.018147153132105923,0.011111111111111112,0.0011965811965811968,0.006209246075393828,0.01692047377326565,0.0020304568527918783,0.009284620609039203,0.5317258883248731,419,719,503,585,0.7423857868020305,788,14633,11637,65679
241,241000,0.013888888888888888,0.001666666666666667,0.00794820310040774,0.006880733944954129,0.0009174311926605506,0.0032598380508588754,0.008393285371702638,0.001079136690647482,0.004271715399682372,0.5491606714628298,458,752,519,654,0.7841726618705036,834,834,654,65679
242,242000,0.007490636704119849,0.0011235955056179776,0.004338183856355543,0.0,0.0,0.0,0.0015891934843067143,0.00023837902264600716,0.0009203775046856813,0.533969010727056,448,777,506,661,0.7878426698450537,839,1651,1305,65679
243,243000,0.009259259259259259,0.0012345679012345679,0.003411497466389043,0.0066765578635014835,0.0010385756676557863,0.0031007535374565037,0.007177033492822967,0.001076555023923445,0.00316096946626879,0.569377990430622,476,800,550,674,0.80622009569378,836,2452,1954,65679
244,244000,0.03388888888888889,0.004761904761904762,0.018076615077739902,0.011761331038439472,0.001549053356282272,0.005697218181080708,0.01763590391908976,0.002402022756005057,0.008983783728866334,0.4993678887484197,395,699,451,581,0.7345132743362832,791,3200,2514,65679
245,245000,0.011968085106382979,0.001595744680851064,0.005570916938322933,0.008688783570300158,0.000947867298578199,0.0031188698179141277,0.009439707673568819,0.0010962241169305725,0.0036803617285558515,0.5018270401948843,412,759,475,633,0.7710109622411693,821,3961,3109,65679
246,246000,0.014619883040935672,0.001754385964912281,0.009793880142750346,0.006829268292682927,0.0009756097560975611,0.006088377675248456,0.008524173027989822,0.0011450381679389316,0.00689453660901795,0.5254452926208651,413,757,495,615,0.7824427480916031,786,4663,3676,65679
247,247000,0.015572390572390571,0.0035353535353535356,0.01078750358804893,0.012798138452588714,0.0013961605584642235,0.006756481514628049,0.013510592304366622,0.0019455252918287938,0.007791685626868431,0.4682230869001297,361,718,445,573,0.7431906614785992,771,5363,4207,65679
248,248000,0.03590425531914894,0.0047872340425531915,0.020994552170900866,0.0030257186081694403,0.0004538577912254161,0.0011935529242372068,0.010306242638398116,0.001413427561837456,0.005578226491225155,0.5665488810365136,481,773,567,661,0.7785630153121319,849,6134,4823,65679
249,249000,0.007532956685499058,0.0022598870056497176,0.005236553590003318,0.0032679738562091504,0.00032679738562091506,0.0021786492374727667,0.004224757076468103,0.0007604562737642586,0.002864642989561369,0.5399239543726235,426,746,506,612,0.7756653992395437,789,6825,5379,65679
250,250000,0.024456521739130436,0.002717391304347826,0.013659779781340562,0.002768987341772152,0.00047468354430379756,0.0015433161003426162,0.007659313725490196,0.000980392156862745,0.004275459871548035,0.5159313725490197,421,728,473,632,0.7745098039215687,816,7557,5958,65679
251,251000,0.009708737864077669,0.0019417475728155341,0.005244697461272419,0.00550314465408805,0.000628930817610063,0.0035846129865284983,0.006532066508313539,0.0009501187648456057,0.003990761919779386,0.5415676959619953,456,731,510,636,0.7553444180522565,842,8293,6539,65679
252,252000,0.010346546995761655,0.0020942408376963353,0.004210839693976323,0.00264797507788162,0.0004672897196261683,0.0014525936217304276,0.004413193848968159,0.0008403361344537815,0.0020850365986799665,0.5090036014405762,424,748,479,642,0.7707082833133253,833,9011,7118,65679
253,253000,0.02925531914893617,0.003723404255319149,0.015897495922847664,0.00509683995922528,0.0006116207951070337,0.003721011946372397,0.010490894695170228,0.001306413301662708,0.006439751836606778,0.5463182897862233,460,766,531,654,0.7767220902612827,842,9753,7713,65679
254,254000,0.014619883040935672,0.001754385964912281,0.00923703508396678,0.005943536404160475,0.0005943536404160476,0.0024497954151225213,0.007701421800947867,0.0008293838862559243,0.0038249352058480762,0.5734597156398105,484,787,550,673,0.79739336492891,844,10489,8328,65679
255,255000,0.024768518518518516,0.0038888888888888888,0.011284156666521368,0.009230769230769232,0.0010769230769230769,0.005846587833296542,0.012600401606425702,0.0016867469879518072,0.007025819628453734,0.5108433734939759,424,758,483,650,0.7831325301204819,830,11196,8903,65679
256,256000,0.025245098039215687,0.004117647058823529,0.009884405581543994,0.009095378564405112,0.0011799410029498525,0.004700304616870661,0.012332940251572326,0.001768867924528302,0.005739570140449042,0.5766509433962265,489,779,563,678,0.7995283018867925,848,11944,9520,65679
257,257000,0.025824652777777776,0.0046875,0.013489521432326743,0.0029333333333333334,0.00048000000000000007,0.001804835709817831,0.008312933496532027,0.0014687882496940026,0.00455080836431197,0.5226438188494492,427,741,500,625,0.7649938800489596,817,12622,10070,65679
258,258000,0.01139896373056995,0.0015544041450777204,0.004658390059561339,0.004580152671755725,0.0006106870229007634,0.0017275156994502137,0.006132075471698114,0.0008254716981132075,0.002394566113956637,0.5436320754716981,461,748,523,655,0.7724056603773585,848,13329,10651,65679
259,259000,0.015789473684210527,0.0015789473684210528,0.013846998703007672,0.004992867332382311,0.0005706134094151213,0.0016785657849559897,0.007295173961840628,0.0007856341189674523,0.004273405576684182,0.5622895622895623,501,766,538,701,0.7867564534231201,891,14094,11277,65679
260,260000,0.01912568306010929,0.00273224043715847,0.008089296996066577,0.0019125683060109292,0.0003278688524590164,0.0008260908202827954,0.0058848255569567045,0.0008827238335435056,0.002502215322386745,0.5157629255989912,409,728,474,610,0.7692307692307693,793,14758,11817,65679
261,261000,0.024288107202680067,0.0035175879396984926,0.01901081769046483,0.008634222919937205,0.0009419152276295133,0.0057439480381708576,0.012360446570972886,0.0015550239234449763,0.008901970838178633,0.5358851674641149,448,732,511,637,0.7619617224880383,836,836,637,65679
262,262000,0.005847953216374269,0.0005847953216374269,0.0025185763630022986,0.004398826979472141,0.0005865102639296188,0.003069522194613692,0.004689331770222743,0.0005861664712778429,0.002959074671512228,0.5334114888628371,455,778,511,682,0.7995310668229777,853,1659,1300,65679
263,263000,0.03233082706766917,0.0036842105263157894,0.016992889183893925,0.0015479876160990713,0.00015479876160990713,0.0004883357225785275,0.008544087491455911,0.0009569377990430622,0.004239370600150208,0.5239234449760766,438,761,505,646,0.7727272727272727,836,2454,1919,65679
264,264000,0.00980392156862745,0.0016042780748663104,0.005691251566757406,0.0064,0.00064,0.00217794013493617,0.007183908045977011,0.0008620689655172415,0.0029870401814270217,0.5258620689655172,427,750,508,625,0.7697044334975369,812,3211,2511,65679
265,265000,0.010869565217391304,0.0010869565217391304,0.005240560254917342,0.005110062893081761,0.000628930817610063,0.0021884579410786694,0.0064024390243902435,0.0007317073170731707,0.0028733199236961274,0.49878048780487805,409,763,491,636,0.775609756097561,820,3962,3104,65679
266,266000,0.016487455197132614,0.002150537634408602,0.007699287791643059,0.006104033970276008,0.0007961783439490446,0.004272189041720394,0.008476658476658476,0.0011056511056511057,0.005055285316272747,0.4926289926289926,401,740,458,628,0.7714987714987716,814,4694,3672,65679
267,267000,0.023166023166023165,0.004324324324324324,0.0110612351234127,0.009459459459459458,0.0013513513513513514,0.004664292002146875,0.012722927008641294,0.0020592020592020595,0.006187373697686356,0.5135135135135135,399,740,470,592,0.7619047619047619,777,5397,4215,65679
268,268000,0.007389162561576354,0.0014778325123152713,0.006123013914678009,0.003076923076923077,0.0004615384615384616,0.0019307388824235316,0.004103165298944901,0.0007033997655334116,0.002928431533710353,0.5334114888628371,455,733,503,650,0.7620164126611958,853,6181,4822,65679
269,269000,0.020441988950276244,0.0027624309392265192,0.009049204825188792,0.004406428201140487,0.0006220839813374806,0.0015690324585367265,0.007928802588996763,0.0010922330097087377,0.0032121285730561727,0.5169902912621359,426,761,486,643,0.7803398058252428,824,6913,5405,65679
270,270000,0.013681592039800995,0.002985074626865672,0.008790027269158458,0.006046267087276552,0.0007886435331230284,0.002691473918199766,0.007884231536926148,0.001317365269461078,0.004159508916454492,0.5137724550898204,429,731,494,634,0.7592814371257485,835,7649,5986,65679
271,271000,0.017204301075268817,0.002150537634408602,0.011172194081065295,0.004739336492890996,0.0006319115323854661,0.0018710385524473973,0.00757020757020757,0.0009768009768009768,0.003983388892280034,0.5274725274725275,432,749,493,633,0.7728937728937729,819,8372,6566,65679
272,272000,0.03316326530612245,0.0035714285714285713,0.019596457090596233,0.0011942675159235668,0.00031847133757961787,0.0006861116011469716,0.008798543689320388,0.0010922330097087377,0.0051842034894140285,0.5182038834951457,427,750,508,628,0.7621359223300971,824,9076,7119,65679
273,273000,0.026508859357696566,0.004651162790697674,0.01922851934301523,0.0007160759040458288,0.00030075187969924816,0.000605140739843752,0.006016385048643113,0.0011947431302270011,0.004432167167257723,0.5340501792114696,447,758,495,665,0.7945041816009558,837,9800,7712,65679
274,274000,0.024957264957264955,0.00358974358974359,0.011822833703052541,0.005443234836702955,0.0006220839813374806,0.0019092665687463874,0.009984089101034209,0.0013126491646778043,0.004216122882815242,0.5310262529832935,445,753,519,643,0.7673031026252983,838,10528,8299,65679
275,275000,0.01994949494949495,0.00404040404040404,0.011674794112858827,0.006134969325153374,0.0006134969325153375,0.0022323226511635095,0.009352941176470588,0.0014117647058823533,0.004431863062240772,0.5211764705882352,443,750,504,652,0.7670588235294118,850,11257,8885,65679
276,276000,0.0029069767441860465,0.0005813953488372093,0.0015352797823987843,0.0046423296054019835,0.0007385524372230429,0.0024386578551873336,0.004290762241292276,0.000706713780918728,0.002255641331607086,0.5429917550058893,461,794,526,677,0.7974087161366313,849,11999,9498,65679
277,277000,0.0231729055258467,0.003208556149732621,0.009397668559569848,0.005766062602965404,0.0006589785831960462,0.0021108528876043514,0.009865659109991603,0.0012594458438287153,0.0038270172838984922,0.5314861460957179,422,767,503,607,0.7644836272040302,794,12677,10045,65679
278,278000,0.020484171322160148,0.00446927374301676,0.01379870208412867,0.0015432098765432098,0.00015432098765432098,0.000549702449240775,0.005642885933091496,0.0010882708585247885,0.003417381934905749,0.5501813784764208,455,765,528,648,0.7835550181378477,827,13372,10619,65679
279,279000,0.0,0.0,0.0,0.001455604075691412,0.0001455604075691412,0.0005631045229032629,0.0011534025374855825,0.00011534025374855825,0.0004461970094977412,0.5536332179930796,480,784,538,687,0.7923875432525952,867,14117,11241,65679
280,280000,0.006903353057199212,0.001183431952662722,0.003102095855102178,0.005979073243647235,0.0005979073243647235,0.0021435339876795883,0.006165473349244233,0.0007159904534606206,0.0023368477771717336,0.5477326968973747,459,772,530,669,0.7983293556085919,838,14829,11841,65679
281,281000,0.02155887230514096,0.0024875621890547263,0.00801907466422775,0.005480718436344427,0.0009508716323296356,0.003036068390509068,0.009364983974358974,0.0013221153846153847,0.004239895627308894,0.5456730769230769,454,745,519,631,0.7584134615384616,832,832,631,65679
282,282000,0.01282051282051282,0.0015384615384615387,0.007783500311825637,0.004901960784313725,0.0006033182503770739,0.0019320247659199254,0.006701631701631702,0.000815850815850816,0.0032619055718075872,0.5093240093240093,437,775,492,663,0.7727272727272727,858,1662,1273,65679
283,283000,0.006188118811881188,0.0009900990099009901,0.002205898812457571,0.0057283142389525366,0.0006546644844517185,0.0034859456654289783,0.005842558425584256,0.0007380073800738008,0.0031679020439034865,0.5202952029520295,423,718,474,611,0.7515375153751538,813,2446,1864,65679
284,284000,0.0036982248520710057,0.001183431952662722,0.0021518879535687855,0.00912106135986733,0.0009950248756218907,0.0057953718139561045,0.007933937823834197,0.0010362694300518134,0.004997769777161472,0.5142487046632125,397,735,468,603,0.7810880829015544,772,3167,2440,65679
285,285000,0.02894736842105263,0.0031578947368421056,0.01077620355431074,0.009585889570552147,0.001226993865030675,0.006084179994383233,0.013954869358669833,0.0016627078384798101,0.007142950156362124,0.5249406175771971,442,762,498,652,0.7743467933491687,842,3938,3046,65679
286,286000,0.002577319587628866,0.0005154639175257732,0.001053517513342712,0.006153023006955591,0.0009630818619582664,0.005623984192470592,0.0053039575683394525,0.0008567931456548349,0.004538708138920031,0.5214198286413708,426,743,495,623,0.762545899632803,817,4695,3636,65679
287,287000,0.011428571428571429,0.002,0.004505464864192092,0.00489247311827957,0.0008064516129032258,0.002284368333554178,0.00648664343786295,0.0010975609756097562,0.002826099194685376,0.5231707317073171,429,745,508,620,0.7560975609756098,820,5440,4217,65679
288,288000,0.03298611111111111,0.004166666666666667,0.018748197984265417,0.006069802731411229,0.0006069802731411229,0.002255113791631453,0.012142577359968662,0.0014101057579318451,0.005976232669405509,0.5276145710928319,449,761,503,659,0.7743830787309048,851,6214,4828,65679
289,289000,0.025343642611683845,0.003608247422680412,0.016689409066074155,0.002688172043010753,0.00035842293906810036,0.0009887827422069848,0.008532801418439715,0.0011968085106382976,0.005039210277885483,0.4946808510638298,372,709,451,558,0.7420212765957447,752,6865,5329,65679
290,290000,0.017666666666666667,0.003,0.01227752339588297,0.001694915254237288,0.00033898305084745765,0.001025864820428315,0.005738396624472574,0.0010126582278481013,0.0038743859787712656,0.5063291139240507,400,713,468,590,0.7468354430379747,790,7570,5868,65679
291,291000,0.01904761904761905,0.0019047619047619048,0.009776546274879117,0.005859375,0.00078125,0.00248174164527037,0.009117647058823529,0.0010588235294117648,0.0042839874949384136,0.508235294117647,432,738,478,640,0.7529411764705882,850,8313,6457,65679
292,292000,0.019969278033794162,0.002764976958525346,0.010470530919148473,0.005698924731182796,0.000967741935483871,0.0037284929431834614,0.009398645957785742,0.0014336917562724016,0.0054764287147299456,0.4886499402628435,409,731,460,620,0.7407407407407407,837,9036,7014,65679
293,293000,0.0111731843575419,0.001675977653631285,0.004606048192713021,0.005906522855675398,0.0007704160246533128,0.0036481282071353705,0.007045088566827698,0.0009661835748792271,0.003855214774065805,0.5434782608695652,450,774,531,649,0.783816425120773,828,9764,7614,65679
294,294000,0.012452107279693486,0.003448275862068966,0.011848935664244315,0.001669449081803005,0.0001669449081803005,0.0005946697614491189,0.004096593359206555,0.000905562742561449,0.003127971529995515,0.51875808538163,401,715,461,599,0.7749029754204398,773,10416,8144,65679
295,295000,0.00582437275985663,0.0016129032258064518,0.007918311660109228,0.0055989583333333325,0.0009375000000000002,0.002598189566525479,0.005649717514124293,0.0010895883777239709,0.0037961831614486967,0.5145278450363197,425,749,494,640,0.774818401937046,826,11118,8716,65679
296,296000,0.032588454376163874,0.003910614525139665,0.02178219275982324,0.002032520325203252,0.0003048780487804878,0.0006791022383010265,0.008582834331337325,0.0010778443113772455,0.005202998290220161,0.518562874251497,433,778,505,656,0.7856287425149701,835,11833,9298,65679
297,297000,0.012254901960784314,0.0014705882352941178,0.010708704395978274,0.001579778830963665,0.00015797788309636652,0.00045665849339318783,0.004181600955794504,0.0004778972520908005,0.002955365021621811,0.5149342891278376,431,738,482,633,0.7562724014336918,837,12523,9854,65679
298,298000,0.010767790262172283,0.0022471910112359553,0.006826967285714189,0.0030303030303030303,0.00030303030303030303,0.0015420947890999988,0.004673826571201273,0.0007159904534606206,0.002664657204848598,0.5369928400954654,450,758,508,660,0.7875894988066826,838,13240,10443,65679
299,299000,0.0273224043715847,0.00273224043715847,0.011214081025957308,0.004511278195488722,0.00045112781954887224,0.0016186365829712738,0.009433962264150943,0.0009433962264150943,0.003689351598379816,0.5530660377358491,469,766,533,665,0.7841981132075472,848,13978,11042,65679
300,300000,0.02929292929292929,0.003636363636363637,0.021516684694341082,0.01003584229390681,0.001382488479262673,0.005179657704089993,0.013929738562091504,0.001838235294117647,0.008483100661677529,0.5465686274509803,446,779,531,651,0.7977941176470589,816,14659,11623,65679
301,301000,0.016074450084602367,0.0025380710659898475,0.006377756969348386,0.0030911901081916537,0.0003091190108191654,0.0011484698521523396,0.0061216429699842015,0.0008293838862559242,0.002369049902019189,0.509478672985782,430,743,477,647,0.7665876777251185,844,844,647,65679
302,302000,0.029891304347826088,0.003260869565217392,0.016891325283123756,0.006015037593984963,0.0006015037593984963,0.0028475105705586534,0.011189634864546525,0.001177856301531213,0.005891164171397262,0.5241460541813898,445,759,493,665,0.7832744405182568,849,1668,1297,65679
303,303000,0.006793478260869565,0.001630434782608696,0.00307574096454823,0.005608974358974359,0.000641025641025641,0.0035646388677063713,0.005878712871287129,0.0008663366336633665,0.0034533056818386765,0.504950495049505,408,770,484,624,0.7722772277227723,808,2436,1900,65679
304,304000,0.021621621621621623,0.002162162162162162,0.007091560432932846,0.006933744221879815,0.0009244992295839755,0.003760612219214166,0.010191846522781775,0.001199040767386091,0.004499491619139772,0.5035971223021583,420,775,479,649,0.7781774580335732,834,3209,2513,65679
305,305000,0.007662835249042145,0.0011494252873563218,0.004612712984805113,0.0015698587127158557,0.0003139717425431711,0.0012662065877279893,0.0028771064529387585,0.0004932182490752158,0.001984199328901133,0.5388409371146733,437,770,509,637,0.7854500616522812,811,3952,3099,65679
306,306000,0.0017094017094017094,0.0005128205128205128,0.0012032787846737345,0.005513784461152882,0.0007017543859649123,0.0032445555708294624,0.004544039838157485,0.00065359477124183,0.0027242301155348653,0.4849673202614379,371,705,451,570,0.7450980392156863,765,4645,3629,65679
307,307000,0.026035502958579884,0.004733727810650888,0.012388049235704942,0.007658477403700333,0.0011146496815286626,0.004243752226902314,0.011555236900280813,0.0018820577164366374,0.0059707110656572,0.5144291091593476,410,784,505,628,0.7879548306148055,797,5352,4193,65679
308,308000,0.0223463687150838,0.0033519553072625698,0.013507339239099903,0.003236245954692557,0.0004854368932038836,0.0017906058522197937,0.0075282308657465494,0.0011292346298619822,0.004422093024430006,0.5181932245922208,413,755,493,618,0.7754077791718946,797,6069,4761,65679
309,309000,0.011627906976744186,0.0011627906976744186,0.005410910221356937,0.002012882447665056,0.0004830917874396136,0.00082544134215504,0.004098360655737705,0.0006305170239596469,0.0018200197119188815,0.5296343001261034,420,756,510,621,0.7831021437578815,793,6779,5332,65679
310,310000,0.012820512820512818,0.0016483516483516486,0.005014158150635028,0.007276151343947954,0.0010785824345146378,0.004397306093202648,0.008490439898382137,0.0012033694344163659,0.004532404859090365,0.542719614921781,451,765,509,649,0.7809867629362214,831,7532,5936,65679
311,311000,0.019359145527369823,0.0032710280373831778,0.010058932341928544,0.0,0.0,0.0,0.005114638447971781,0.0008641975308641976,0.0026575450878675412,0.4839506172839506,392,696,443,596,0.7358024691358025,810,8247,6482,65679
312,312000,0.013821138211382112,0.0019512195121951222,0.005526483695291494,0.009577922077922078,0.0012987012987012987,0.004758002972110797,0.010637434023548517,0.0014616321559074302,0.004949889145377597,0.5006090133982948,411,708,452,616,0.7503045066991474,821,8957,7037,65679
313,313000,0.029395604395604395,0.003846153846153846,0.016169051384452432,0.007210205213533,0.0013311148086522463,0.005846461230215885,0.012366964665815241,0.0019157088122605363,0.008245837230306629,0.508301404853129,398,730,473,601,0.7675606641123882,783,9633,7579,65679
314,314000,0.023952095808383235,0.0029940119760479044,0.012161268694629065,0.010448521916411824,0.0012232415902140674,0.007804080480028494,0.01319529029638652,0.0015834348355663825,0.008690378204557477,0.5261875761266748,432,762,489,654,0.7965895249695494,821,10352,8170,65679
315,315000,0.015414258188824663,0.0023121387283236996,0.007415850582672516,0.005136106831022085,0.0006163328197226503,0.0038321437393355248,0.0072992700729927005,0.0009732360097323601,0.004586378877896717,0.5316301703163017,437,750,492,649,0.7895377128953771,822,11065,8754,65679
316,316000,0.021535580524344566,0.0028089887640449437,0.01430282213988972,0.007246376811594202,0.0010869565217391304,0.003263229467536257,0.010340632603406326,0.0014598540145985403,0.005653798197072651,0.5352798053527981,440,741,491,644,0.7834549878345499,822,11774,9338,65679
317,317000,0.01551418439716312,0.003191489361702128,0.010027144462136959,0.00231839258114374,0.0003091190108191654,0.0011131161368900693,0.00528942115768463,0.0009580838323353294,0.0031201069454486505,0.49820359281437127,416,753,461,647,0.7748502994011977,835,12495,9924,65679
318,318000,0.011530398322851153,0.001886792452830189,0.007332223372886363,0.00562897699461576,0.0008810572687224671,0.0038680861805282115,0.0067460317460317455,0.0010714285714285715,0.0045237978633674335,0.5452380952380952,458,789,523,681,0.8107142857142857,840,13213,10524,65679
319,319000,0.03065134099616858,0.004022988505747126,0.02011628369425549,0.006294058408862034,0.000906344410876133,0.004474321371556588,0.011363636363636364,0.001555023923444976,0.007729945108577651,0.5358851674641149,448,770,507,662,0.7918660287081339,836,13920,11122,65679
320,320000,0.019662921348314606,0.0022471910112359553,0.0088235027403902,0.007772795216741405,0.0008968609865470853,0.0027882875380959623,0.010271546635182998,0.0011806375442739079,0.00405660903279298,0.5076741440377804,430,748,470,669,0.7898465171192444,847,14618,11708,65679
321,321000,0.01366120218579235,0.0016393442622950822,0.005143438132190023,0.004518072289156626,0.0004518072289156627,0.002115414710904429,0.006493506493506494,0.0007083825265643449,0.0027696393698126505,0.5159386068476978,437,751,483,664,0.7839433293978748,847,847,664,65679
322,322000,0.026666666666666665,0.004,0.01729658006750344,0.0018867924528301887,0.0003144654088050315,0.0007140638931333766,0.007814992025518342,0.0011961722488038277,0.004681173025757794,0.49760765550239233,416,742,474,636,0.7607655502392344,836,1663,1286,65679
323,323000,0.010922330097087379,0.0019417475728155341,0.006021187860190357,0.0032258064516129032,0.0003225806451612903,0.002630531860599125,0.005145278450363196,0.0007263922518159806,0.0034761434052913696,0.4830508474576271,399,713,447,620,0.7506053268765133,826,2444,1883,65679
324,324000,0.01568348732527837,0.0034825870646766166,0.008628275797344005,0.007407407407407407,0.0010256410256410259,0.0037186204182299933,0.009523809523809525,0.001653944020356234,0.004974142977011057,0.49236641221374045,387,722,455,585,0.7442748091603053,786,3188,2443,65679
325,325000,0.020315091210613596,0.0034825870646766166,0.00966428526926088,0.005564387917329093,0.000794912559618442,0.0026296755640597465,0.009136546184738956,0.0014457831325301205,0.0043332376733915875,0.5036144578313253,418,719,466,629,0.7578313253012048,830,3960,3041,65679
326,326000,0.025510204081632654,0.0035714285714285718,0.014441142379409804,0.012135922330097087,0.0012944983818770227,0.005953503743101426,0.015356265356265357,0.0018427518427518428,0.007997210343490175,0.5208845208845209,424,747,504,618,0.7592137592137592,814,4712,3622,65679
327,327000,0.017857142857142856,0.0044444444444444444,0.012073332184186455,0.0023584905660377358,0.0003144654088050315,0.0008689663357783412,0.005777310924369747,0.0012254901960784314,0.003340517625868366,0.5355392156862745,437,742,491,636,0.7794117647058824,816,5479,4226,65679
328,328000,0.007022471910112359,0.0011235955056179776,0.00315599587374415,0.006975585450921774,0.0008968609865470852,0.003803894653953952,0.0069854388036206215,0.0009445100354191264,0.003667736468738669,0.5430932703659976,460,779,513,669,0.7898465171192444,847,6266,4859,65679
329,329000,0.006578947368421052,0.0010526315789473684,0.003563047088495385,0.003115264797507788,0.00031152647975077883,0.0011574143214058625,0.00390625,0.0004807692307692308,0.001706777573505633,0.5,416,746,470,642,0.7716346153846154,832,7007,5449,65679
330,330000,0.018206521739130434,0.004347826086956522,0.010831826563434397,0.0106544901065449,0.0010654490106544903,0.003705160543265355,0.012306777645659928,0.0017835909631391202,0.005264383548867142,0.5374554102259215,452,754,495,657,0.7812128418549346,841,7768,6066,65679
331,331000,0.04049625468164794,0.006179775280898877,0.01962773326011775,0.0051440329218107,0.0006172839506172839,0.001808897920051368,0.01276230831315577,0.0018159806295399517,0.0056487922185160366,0.5254237288135594,434,735,472,648,0.784503631961259,826,8500,6657,65679
332,332000,0.002702702702702703,0.0005405405405405405,0.0009580501988326904,0.009985096870342772,0.0011922503725782414,0.005612634812123977,0.008411214953271028,0.0010514018691588783,0.00460667902537294,0.5257009345794392,450,756,497,671,0.7838785046728972,856,9263,7280,65679
333,333000,0.024393806602395558,0.004294478527607362,0.010098251476636658,0.0036919831223628688,0.00047468354430379756,0.002323086156060417,0.007936507936507936,0.0012578616352201257,0.003917239548832652,0.5056603773584906,402,765,473,632,0.7949685534591195,795,9949,7845,65679
334,334000,0.024271844660194174,0.0024271844660194173,0.015767989919326833,0.001579778830963665,0.00015797788309636652,0.001579778830963665,0.007151370679380214,0.0007151370679380214,0.005063415880073096,0.49106078665077474,412,735,453,633,0.7544696066746126,839,10651,8404,65679
335,335000,0.018726591760299623,0.0028089887640449437,0.015387234913744519,0.004985754985754986,0.0005698005698005699,0.001982703994959581,0.007765151515151515,0.0010227272727272726,0.004694075021713807,0.5431818181818182,478,784,521,702,0.7977272727272727,880,11421,9043,65679
336,336000,0.02368421052631579,0.003157894736842105,0.015176481938436421,0.007097791798107256,0.0007886435331230284,0.0037301905667067995,0.010922330097087379,0.0013349514563106798,0.006369505324751251,0.5145631067961165,424,751,489,634,0.7694174757281553,824,12137,9626,65679
337,337000,0.013368983957219251,0.0016042780748663104,0.00633188610942212,0.0031645569620253164,0.00031645569620253165,0.000914762108600911,0.005494505494505495,0.0006105006105006105,0.0021516390172133235,0.5103785103785103,418,746,479,632,0.7716727716727717,819,12831,10199,65679
338,338000,0.023668639053254437,0.0029585798816568047,0.009049609621493922,0.007177615571776155,0.001021897810218978,0.004777575359906365,0.010441061670569867,0.001405152224824356,0.005622977924553083,0.5175644028103045,442,802,493,685,0.8021077283372365,854,13536,10785,65679
339,339000,0.014578558696205755,0.003208556149732621,0.01004979095908667,0.004597701149425287,0.0008620689655172414,0.0027214762235900705,0.007031104488731607,0.0014341590612777055,0.004508170950497325,0.4667535853976532,358,730,439,580,0.7561929595827901,767,14147,11274,65679
340,340000,0.016487455197132617,0.0032258064516129037,0.008922731776984119,0.0032733224222585926,0.0003273322422258593,0.0011787007210603516,0.006357172731074864,0.0010037641154328734,0.0029859651832960113,0.5119196988707654,408,742,469,611,0.766624843161857,797,14789,11797,65679
341,341000,0.01256281407035176,0.0015075376884422112,0.004728326258191175,0.00667779632721202,0.0008347245409015025,0.002491074498919106,0.008145363408521303,0.0010025062656641604,0.003048985651920537,0.4649122807017544,371,708,428,599,0.7506265664160401,798,798,599,65679
342,342000,0.011061946902654867,0.001769911504424779,0.006081553726300254,0.007222222222222222,0.0008333333333333334,0.004286326371677905,0.008272800645682001,0.001089588377723971,0.00477751448565448,0.45278450363196127,374,695,429,600,0.7263922518159807,826,1592,1181,65679
343,343000,0.017921146953405017,0.002150537634408602,0.010632792243838398,0.0036982248520710057,0.000591715976331361,0.0033790281776688844,0.006767208043310131,0.0009280742459396752,0.0049442255283736756,0.5417633410672854,467,769,521,676,0.7842227378190255,862,2419,1833,65679
344,344000,0.01292517006802721,0.0020408163265306124,0.008153904618294384,0.0038461538461538464,0.0004615384615384616,0.0013543077402167931,0.00594956658786446,0.0008274231678486998,0.0029296280571236583,0.5047281323877069,427,754,488,650,0.7683215130023641,846,3210,2456,65679
345,345000,0.01765536723163842,0.0022598870056497176,0.007204912776852489,0.006859756097560976,0.0009146341463414636,0.0036576284225282515,0.009153661464585834,0.0012004801920768306,0.0044113731172646135,0.5126050420168067,427,769,474,656,0.787515006002401,833,3982,3071,65679
346,346000,0.017341040462427744,0.0023121387283236996,0.007928738234793647,0.003134796238244514,0.00031347962382445143,0.003134796238244514,0.006165228113440197,0.0007398273736128236,0.004157425048852406,0.4808877928483354,390,775,451,638,0.7866831072749692,811,4713,3655,65679
347,347000,0.01675977653631285,0.002793296089385475,0.009159621232347837,0.0031496062992125984,0.0004724409448818898,0.0014560134459155293,0.006142506142506142,0.0009828009828009828,0.003150050047600275,0.5171990171990172,421,772,492,635,0.7800982800982801,814,5451,4247,65679
348,348000,0.003205128205128205,0.000641025641025641,0.0015204981587775398,0.0029806259314456036,0.00029806259314456036,0.0020211731551535352,0.003022974607013301,0.0003627569528415962,0.001926729020407882,0.5332527206771464,441,796,497,671,0.81136638452237,827,6194,4863,65679
349,349000,0.024860335195530728,0.00335195530726257,0.012158112506826713,0.006113769271664008,0.0007974481658692185,0.0027560592634204677,0.010277088502894955,0.0013647642679900747,0.0048441083087923265,0.5049627791563276,407,759,486,627,0.7779156327543424,806,6902,5436,65679
350,350000,0.003246753246753247,0.001098901098901099,0.001727627916140254,0.004299443601416287,0.0006069802731411229,0.0014426125653495328,0.004071631895650921,0.000713436385255648,0.0015042924629047186,0.49108204518430437,413,757,456,659,0.7835909631391201,841,7662,6051,65679
351,351000,0.018883415435139574,0.0029556650246305425,0.00997281457430682,0.0040926225094238015,0.0008077544426494346,0.002229595194259181,0.007745336577453365,0.0013381995133819953,0.004141850101983841,0.5024330900243309,413,742,490,619,0.7530413625304136,822,8365,6607,65679
352,352000,0.0028089887640449437,0.0005617977528089888,0.0009957263302474593,0.0014992503748125937,0.0001499250374812594,0.00047296083476121254,0.0017751479289940828,0.0002366863905325444,0.0005830818503784337,0.5384615384615384,455,766,506,667,0.7893491124260354,845,9126,7226,65679
353,353000,0.021621621621621623,0.002162162162162162,0.010617174006287488,0.0007692307692307692,0.00015384615384615385,0.00028396261043010486,0.005389221556886228,0.0005988023952095808,0.0025733567520272497,0.474251497005988,396,764,439,650,0.7784431137724551,835,9859,7815,65679
354,354000,0.03804347826086957,0.004347826086956522,0.0195133846051594,0.003236245954692557,0.0004854368932038836,0.0012661804706096337,0.011221945137157107,0.001371571072319202,0.005452571444122299,0.4975062344139651,399,742,459,618,0.770573566084788,802,10533,8359,65679
355,355000,0.011627906976744186,0.0011627906976744186,0.00500786695434178,0.004124211547792333,0.0005822416302765648,0.0032975782981649864,0.005626697710516103,0.0006984866123399303,0.0036400342339768703,0.5110593713620489,439,769,467,687,0.79976717112922,859,11277,8974,65679
356,356000,0.015306122448979591,0.0015306122448979593,0.00666758870981575,0.0,0.0,0.0,0.003444316877152698,0.00034443168771526985,0.0015003988371112365,0.49827784156142363,434,747,467,675,0.7749712973593571,871,12017,9572,65679
357,357000,0.01321138211382114,0.0018292682926829272,0.00472924255692854,0.0061068702290076335,0.0006106870229007634,0.0040219287465607855,0.00752950752950753,0.0008547008547008548,0.004163564234839555,0.5201465201465202,426,764,475,655,0.7997557997557998,819,12717,10156,65679
358,358000,0.01936026936026936,0.0025252525252525255,0.009328453427878138,0.005529225908372828,0.0006319115323854661,0.0019105278158680875,0.008824709185720016,0.0010830324909747292,0.003677975795624995,0.48014440433212996,399,737,463,633,0.7617328519855595,831,13406,10713,65679
359,359000,0.005166666666666666,0.0015000000000000002,0.004014732092348084,0.005393743257820928,0.0006472491909385113,0.001978602856983814,0.005338223308883455,0.0008557457212713937,0.0024764339658748338,0.46943765281173594,384,733,435,618,0.7555012224938875,818,14089,11254,65679
360,360000,0.021739130434782608,0.0033816425120772944,0.013516620464620694,0.005136986301369863,0.0006849315068493151,0.004034601347787709,0.009481668773704172,0.001390644753476612,0.00651598940996777,0.4829329962073325,382,718,461,584,0.7383059418457648,791,14738,11761,65679
361,361000,0.006329113924050632,0.0018987341772151902,0.004832737979786699,0.006262781186094069,0.0009202453987730062,0.0033420418633280887,0.006275720164609053,0.0011111111111111113,0.0036328196243163116,0.519753086419753,421,772,501,652,0.8049382716049382,810,810,652,65679
362,362000,0.02469604863221884,0.003191489361702128,0.011418505211999939,0.00966183574879227,0.0012882447665056361,0.004986200507652439,0.013155571251986579,0.00173053152039555,0.0064809758901213255,0.48331273176761436,391,740,459,621,0.7676143386897404,809,1604,1265,65679
363,363000,0.03942115768463074,0.005389221556886228,0.024983659870023895,0.004491017964071856,0.0007485029940119761,0.002359617672887681,0.01147704590818363,0.0016766467065868263,0.006884426112314924,0.5101796407185629,426,781,492,668,0.8,835,2406,1912,65679
364,364000,0.019047619047619046,0.002285714285714286,0.01848365350292216,0.006568778979907265,0.0007727975270479134,0.002316243146327644,0.009225466342254664,0.0010948905109489052,0.0057582100713933874,0.5267639902676399,433,761,493,647,0.7871046228710462,822,3179,2533,65679
365,365000,0.013364779874213835,0.0018867924528301887,0.006433882938253912,0.008700380641653072,0.0009787928221859708,0.0030867150695840736,0.009898989898989899,0.0012121212121212121,0.003946835782502868,0.4727272727272727,390,714,448,613,0.743030303030303,825,3947,3117,65679
366,366000,0.025,0.002777777777777778,0.013550548855149794,0.008283132530120483,0.0010542168674698795,0.003713484298772144,0.011848341232227487,0.0014218009478672987,0.005811436455345575,0.5082938388625592,429,767,489,664,0.7867298578199052,844,4712,3738,65679
367,367000,0.013266998341625206,0.0019900497512437814,0.007525163061019321,0.001669449081803005,0.0001669449081803005,0.0006458310638306204,0.004583333333333333,0.000625,0.0023742632281242813,0.46625,373,725,429,599,0.74875,800,5438,4301,65679
368,368000,0.01977401129943503,0.002824858757062147,0.009406375912329113,0.0015060240963855422,0.00015060240963855423,0.0005364566070903948,0.00535077288941736,0.000713436385255648,0.0024032529412488413,0.5338882282996433,449,773,510,664,0.7895362663495838,841,6195,4922,65679
369,369000,0.017587939698492462,0.0020100502512562816,0.007465355238409796,0.010795155344918378,0.001263823064770932,0.004632029617008507,0.012419871794871794,0.0014423076923076922,0.005309712067319632,0.4951923076923077,412,761,480,633,0.7608173076923077,832,6928,5500,65679
370,370000,0.03333333333333333,0.004,0.016392503528146335,0.00420375865479723,0.0005934718100890209,0.0016782698509238772,0.010208087946603847,0.0012956419316843344,0.004711239101234749,0.5241460541813898,445,773,497,674,0.7938751472320377,849,7676,6115,65679
371,371000,0.02094972067039106,0.002793296089385475,0.008724481540964401,0.001443001443001443,0.0001443001443001443,0.001443001443001443,0.005447247706422019,0.0006880733944954128,0.0029377089401750323,0.5206422018348624,454,769,489,693,0.7947247706422018,872,8463,6762,65679
372,372000,0.00985663082437276,0.0016129032258064518,0.003954590432218374,0.005233494363929146,0.0006441223832528181,0.00234943898762668,0.006299049979347377,0.0008674101610904586,0.0027193995436292262,0.48203221809169766,389,750,441,621,0.7695167286245354,807,9157,7311,65679
373,373000,0.011711711711711714,0.0016216216216216218,0.003829477938087278,0.0014792899408284023,0.00014792899408284024,0.00046666401891379993,0.0036778939217963613,0.0004645760743321719,0.0011892198552054297,0.5168408826945412,445,757,491,676,0.7851335656213705,861,9908,7923,65679
374,374000,0.009075907590759075,0.0014851485148514854,0.004334727278832598,0.005311077389984826,0.0006069802731411229,0.0023585894919797078,0.006194347657762292,0.0008130081300813009,0.002822212991334276,0.4959349593495935,427,761,493,659,0.7653890824622532,861,10669,8530,65679
375,375000,0.014272559852670348,0.0033149171270718237,0.007253238764677998,0.007023230686115614,0.0008103727714748784,0.005624970208841557,0.00866750208855472,0.0013784461152882206,0.0059942892672455615,0.46616541353383456,372,743,445,617,0.7731829573934837,798,11349,9077,65679
376,376000,0.039272030651340994,0.005172413793103448,0.01753497668841352,0.004702194357366771,0.0004702194357366772,0.004702194357366771,0.012110016420361247,0.0014778325123152708,0.0074520762854482165,0.4852216748768473,394,753,446,638,0.7857142857142857,812,12029,9639,65679
377,377000,0.0165016501650165,0.0019801980198019802,0.008835364370339036,0.0004139072847682119,0.00016556291390728477,0.0006463245860796386,0.0044458229942100904,0.0006203473945409429,0.002698664581638445,0.47270471464019853,381,730,444,604,0.749379652605459,806,12697,10177,65679
378,378000,0.011518324607329844,0.0015706806282722516,0.004564909877785751,0.00358495670995671,0.0008116883116883117,0.0013617919816238952,0.005462618752581578,0.0009913258983890955,0.0021199029087204434,0.5055762081784386,408,739,465,616,0.7633209417596035,807,13375,10722,65679
379,379000,0.021739130434782608,0.002173913043478261,0.010818318022311613,0.010117145899893503,0.0011182108626198084,0.004906362963349089,0.012757201646090533,0.0013580246913580249,0.006249325594026995,0.508641975308642,412,763,506,626,0.7728395061728395,810,14054,11283,65679
380,380000,0.0025252525252525255,0.000505050505050505,0.0011030678627180009,0.004739336492890996,0.0004739336492890996,0.0017488766947905475,0.00421179302045728,0.00048134777376654636,0.001595001666210085,0.5030084235860409,418,751,492,633,0.7617328519855595,831,14726,11829,65679
381,381000,0.015151515151515152,0.0021390374331550803,0.006800699099653026,0.003852080123266564,0.00046224961479198774,0.0019862323980244807,0.006379585326953749,0.0008373205741626793,0.003063152581283497,0.4784688995215311,400,764,455,649,0.7763157894736842,836,836,649,65679
382,382000,0.02564102564102564,0.002564102564102564,0.009760915987851925,0.0064,0.00064,0.0032856311582419332,0.01097560975609756,0.001097560975609756,0.004825485477478455,0.4902439024390244,402,748,464,625,0.7621951219512195,820,1626,1260,65679
383,383000,0.0,0.0,0.0,0.002976190476190476,0.00029761904761904765,0.0011057440392002436,0.002317497103128621,0.0002317497103128621,0.0008610196921698305,0.5144843568945539,444,770,501,672,0.7786790266512167,863,2442,1901,65679
384,384000,0.019162210338680926,0.00267379679144385,0.011441912269572078,0.006430868167202572,0.0006430868167202572,0.003730659604522207,0.009373712402142562,0.0011124845488257107,0.005513112321907036,0.5055624227441285,409,770,485,622,0.7688504326328801,809,3200,2492,65679
385,385000,0.008503401360544217,0.0020408163265306124,0.003831068805302468,0.0021231422505307855,0.00031847133757961787,0.0008162952692923688,0.0036407766990291263,0.0007281553398058254,0.001533401595819043,0.49029126213592233,404,737,451,628,0.7621359223300971,824,3976,3094,65679
386,386000,0.013333333333333334,0.0013333333333333335,0.013333333333333334,0.0033582089552238806,0.0005970149253731343,0.0014192067406063557,0.005182926829268293,0.0007317073170731708,0.0035986201417149495,0.4768292682926829,391,808,448,670,0.8170731707317073,820,4720,3716,65679
387,387000,0.03663911845730028,0.0048484848484848485,0.02544834288478054,0.005850234009360374,0.0009360374414976601,0.00346334477990147,0.012153169411233927,0.0017369727047146404,0.007963995756706739,0.5260545905707196,424,775,493,641,0.7952853598014888,806,5452,4320,65679
388,388000,0.005747126436781609,0.0011494252873563218,0.003985209216191212,0.004997501249375313,0.0007496251874062968,0.002076745745190586,0.005152596115735236,0.0008323424494649227,0.0024716002564320948,0.4946492271105826,416,788,475,667,0.7931034482758621,841,6222,4942,65679
389,389000,0.005747126436781609,0.0011494252873563218,0.005747126436781609,0.0045871559633027525,0.0004587155963302753,0.0019294487876802982,0.004830917874396135,0.0006038647342995169,0.002731714380607385,0.5,414,760,470,654,0.7898550724637681,828,6953,5541,65679
390,390000,0.017045454545454544,0.002272727272727273,0.006799852746031377,0.001214771622934888,0.0002915451895043732,0.0008285635565187964,0.004447022428460943,0.0006960556844547564,0.0020477594931246133,0.525522041763341,453,763,490,686,0.7958236658932715,862,7727,6179,65679
391,391000,0.013134057971014494,0.002173913043478261,0.006397881486384369,0.003894080996884735,0.0004672897196261683,0.003455463297224554,0.005952380952380953,0.000847457627118644,0.004110917227981704,0.5024213075060533,415,755,476,642,0.7772397094430993,826,8444,6756,65679
392,392000,0.012359550561797755,0.0016853932584269665,0.005216394823278656,0.0036401456058242332,0.00046801872074883003,0.001250699306448511,0.005535205535205535,0.0007326007326007327,0.002112596500582535,0.49572649572649574,406,764,472,641,0.7826617826617827,819,9139,7329,65679
393,393000,0.01329243353783231,0.0018404907975460125,0.004428435847231428,0.0005709624796084829,0.0003262642740619902,0.00032036036995936306,0.0032431271477663228,0.0006443298969072165,0.0011832679766543973,0.49097938144329895,381,768,459,613,0.7899484536082474,776,9814,7874,65679
394,394000,0.013227513227513227,0.0015873015873015875,0.01173760548581039,0.0023961661341853034,0.0003194888178913738,0.0009968858147026164,0.0049079754601227,0.0006134969325153375,0.0034876784746282227,0.4920245398773006,401,734,452,626,0.7680981595092025,815,10502,8423,65679
395,395000,0.03954802259887006,0.004519774011299435,0.02236748112569537,0.011471518987341773,0.0015822784810126582,0.005730348304007519,0.01761433868974042,0.002224969097651422,0.009370363766848988,0.49938195302843014,404,759,470,632,0.7812113720642769,809,11184,8983,65679
396,396000,0.03460837887067395,0.004918032786885246,0.014292973016526779,0.0019199999999999998,0.00032,0.0007142187761459285,0.009323432343234322,0.0013613861386138615,0.0037896049469252555,0.4876237623762376,394,755,469,625,0.7735148514851485,808,11863,9538,65679
397,397000,0.01098901098901099,0.001098901098901099,0.006213899744898118,0.009722222222222222,0.0014705882352941178,0.003532805127580429,0.010012594458438287,0.001385390428211587,0.004147363339610429,0.48614609571788414,386,765,482,612,0.7707808564231738,794,12519,10063,65679
398,398000,0.029375000000000002,0.0037500000000000007,0.012780956397888451,0.00228310502283105,0.00030441400304414006,0.0009498485844807274,0.007588739290085679,0.0009791921664626683,0.0032668342027735494,0.5312117503059975,434,791,513,657,0.8041615667074663,817,13206,10641,65679
399,399000,0.01644736842105263,0.0019736842105263163,0.008178026278569499,0.006351626016260162,0.0009146341463414634,0.0035245429467366906,0.00825082508250825,0.001113861386138614,0.004399950702229992,0.5037128712871287,407,797,460,656,0.8118811881188119,808,13882,11211,65679
400,400000,0.02247191011235955,0.0022471910112359553,0.008961757530765441,0.004173187271778821,0.0006259780907668232,0.0019103031265192204,0.008159934720522235,0.0009791921664626683,0.0034466053100636845,0.4810281517747858,393,769,453,639,0.7821297429620563,817,14558,11774,65679
401,401000,0.01098901098901099,0.001098901098901099,0.003321591775294597,0.003658536585365854,0.0008130081300813008,0.0017680489052116684,0.00533249686323714,0.000878293601003764,0.0021228102632481717,0.47051442910915936,375,764,437,615,0.7716436637390214,797,797,615,65679
402,402000,0.03195211786372007,0.004972375690607735,0.017226346263463314,0.011559139784946236,0.0017741935483870969,0.004899318291940263,0.01616729088639201,0.0024968789013732834,0.007684826485255709,0.46691635455680397,374,758,446,620,0.7740324594257179,801,1579,1221,65679
403,403000,0.007267441860465116,0.0011627906976744186,0.004476662401640891,0.006184012066365007,0.0010558069381598793,0.003308425312421042,0.006407185628742515,0.0010778443113772457,0.0035490681619369867,0.4994011976047904,417,771,474,663,0.7940119760479042,835,2368,1855,65679
404,404000,0.037037037037037035,0.0037037037037037043,0.015045505663221583,0.0012345679012345679,0.0002962962962962963,0.0009817853772444848,0.008164078056551175,0.000955794504181601,0.0037037957551755364,0.4778972520908005,400,797,464,675,0.8064516129032258,837,3163,2503,65679
405,405000,0.00934065934065934,0.0016483516483516486,0.004501354443885898,0.0058997050147492625,0.0005899705014749262,0.003919228883144548,0.006627906976744187,0.0008139534883720931,0.004042422897161903,0.5058139534883721,435,766,481,678,0.7883720930232558,860,3969,3150,65679
406,406000,0.005988023952095809,0.0005988023952095808,0.0018025748243352168,0.004261363636363636,0.0004261363636363637,0.0015614590645604914,0.004592422502870264,0.0004592422502870264,0.0016076890667216614,0.5281285878300803,460,792,514,704,0.8082663605051664,871,4775,3810,65679
407,407000,0.04739336492890995,0.004739336492890996,0.02157984683610425,0.005681818181818182,0.000974025974025974,0.002856009170770343,0.016324062877871828,0.0019347037484885128,0.007633191452977664,0.4752116082224909,393,726,460,616,0.7448609431680774,827,5520,4381,65679
408,408000,0.010164835164835165,0.0027472527472527475,0.009512515752716276,0.00684931506849315,0.00076103500761035,0.0027319965764093447,0.007568533969010726,0.0011918951132300357,0.00420286009260465,0.5065554231227652,425,749,471,657,0.7830750893921334,839,6277,4993,65679
409,409000,0.019662921348314606,0.0022471910112359553,0.012754968401895852,0.00473186119873817,0.0004731861198738171,0.0016053352694100932,0.008004926108374385,0.0008620689655172414,0.00404946667037372,0.48645320197044334,395,767,453,634,0.7807881773399015,812,7008,5581,65679
410,410000,0.024725274725274724,0.0027472527472527475,0.014632167990285215,0.007103825136612021,0.0009836065573770494,0.004109184260772585,0.011153198653198651,0.001388888888888889,0.006527344663261598,0.4797979797979798,380,757,464,610,0.7702020202020202,792,7700,6132,65679
411,411000,0.011627906976744186,0.001744186046511628,0.0076600557578717695,0.004580152671755725,0.0006106870229007634,0.002555257019203588,0.006045949214026602,0.0008464328899637244,0.00361695639411402,0.4800483675937122,397,775,470,655,0.7920193470374849,827,8428,6725,65679
412,412000,0.029513888888888885,0.0046875,0.017807279989007944,0.010942760942760943,0.0011784511784511786,0.0050313403050730844,0.01547921967769296,0.002035623409669211,0.008152180533209845,0.48091603053435117,378,735,444,594,0.7557251908396947,786,9099,7253,65679
413,413000,0.01009009009009009,0.002162162162162162,0.004339712883980446,0.006624605678233439,0.0007886435331230284,0.003870755110869435,0.007407407407407407,0.001098901098901099,0.0039766857433792486,0.4945054945054945,405,759,475,634,0.7741147741147741,819,9804,7829,65679
414,414000,0.015384615384615385,0.0015384615384615387,0.005810226882531607,0.006279434850863423,0.0009419152276295135,0.0033787784440402722,0.008413461538461538,0.0010817307692307693,0.003948649171811679,0.4735576923076923,394,746,450,637,0.765625,832,10508,8397,65679
415,415000,0.013806706114398423,0.002366863905325444,0.008333586630019794,0.00708397733127254,0.0009273570324574961,0.003486495440703497,0.008476307189542483,0.0012254901960784314,0.004490366042412387,0.4803921568627451,392,753,420,647,0.7928921568627451,816,11196,8966,65679
416,416000,0.0,0.0,0.0,0.006880733944954129,0.0007645259938837921,0.004458331819924567,0.005402160864345739,0.0006002400960384153,0.00350029893184954,0.5090036014405762,424,750,463,654,0.7851140456182473,833,11918,9562,65679
417,417000,0.01675977653631285,0.002793296089385475,0.011082354160517553,0.0040128410914927765,0.0004815409309791333,0.0031610824717070315,0.00685785536159601,0.0009975062344139652,0.004929047100506388,0.49625935162094764,398,754,471,623,0.7768079800498753,802,12589,10112,65679
418,418000,0.04277108433734939,0.006626506024096386,0.022616304793312385,0.008188976377952756,0.0011023622047244095,0.005143011878334902,0.015355805243445694,0.002247191011235955,0.008764193680939473,0.4968789013732834,398,770,471,635,0.7927590511860175,801,13264,10675,65679
419,419000,0.011904761904761904,0.0011904761904761906,0.004683831816556043,0.006006006006006006,0.0006006006006006007,0.0021050373793654654,0.007194244604316547,0.0007194244604316548,0.002624506762396661,0.5035971223021583,420,791,473,666,0.7985611510791367,834,13948,11244,65679
420,420000,0.030555555555555555,0.003333333333333334,0.01598372882461433,0.005200208008320333,0.0006240249609984399,0.002045951004858749,0.01075923670320747,0.001218026796589525,0.005101736641345966,0.5115712545676004,420,774,481,641,0.7807551766138855,821,14624,11806,65679
421,421000,0.02531645569620253,0.002531645569620253,0.012242638226226569,0.0029717682020802376,0.0002971768202080238,0.0009980268408525275,0.007220216606498195,0.0007220216606498196,0.0031359914604543308,0.51985559566787,432,809,519,673,0.8098676293622142,831,831,673,65679
422,422000,0.014035087719298244,0.002105263157894737,0.00943976879438798,0.006987577639751553,0.0007763975155279503,0.0024133963567820123,0.00859312549960032,0.0010791366906474822,0.004014128686692245,0.5107913669064749,426,761,482,644,0.7721822541966427,834,1645,1303,65679
423,423000,0.008960573476702509,0.0016129032258064518,0.008054780954120499,0.004511278195488722,0.00045112781954887224,0.0016069497162767919,0.005483744614179396,0.0007050528789659225,0.0030162289292485073,0.4794359576968273,408,768,460,665,0.781433607520564,851,2462,1946,65679
424,424000,0.02512562814070352,0.002512562814070352,0.012652173672391957,0.007000538502961766,0.0011308562197092083,0.005266018102701555,0.011409942950285247,0.0014669926650366751,0.007062894579924525,0.4963325183374083,406,747,480,619,0.7567237163814181,818,3231,2538,65679
425,425000,0.009700176366843033,0.0015873015873015875,0.0041756557044161915,0.00529500756429652,0.0006051437216338881,0.002781692007629623,0.006274509803921568,0.0008235294117647058,0.003091643935503342,0.4764705882352941,405,767,461,661,0.7776470588235294,850,4026,3159,65679
426,426000,0.02713178294573643,0.0034883720930232558,0.011608163332718873,0.011390532544378698,0.0013313609467455621,0.0038278263628492813,0.014583333333333334,0.001768867924528302,0.005405913578436038,0.49410377358490565,419,782,469,676,0.7971698113207547,848,4787,3788,65679
427,427000,0.02476190476190476,0.002857142857142857,0.010319769937373378,0.003194888178913738,0.0006389776357827476,0.0015748650216732489,0.007906783187682063,0.0011235955056179776,0.0034854247722943756,0.46441947565543074,372,760,452,626,0.7815230961298377,801,5505,4359,65679
428,428000,0.01321138211382114,0.0018292682926829272,0.006224768603997662,0.0037650602409638554,0.0006024096385542169,0.0021460233877423807,0.0056360708534621586,0.0008454106280193237,0.002953890797725311,0.4867149758454106,403,780,453,664,0.8019323671497585,828,6246,4973,65679
429,429000,0.016467065868263474,0.0023952095808383233,0.007899958004112063,0.0024311183144246355,0.0003241491085899514,0.0016207455429497568,0.005420918367346939,0.0007653061224489796,0.002958281870773871,0.46683673469387754,366,767,434,617,0.7869897959183674,784,6915,5522,65679
430,430000,0.013135593220338984,0.0022598870056497176,0.004870552959063342,0.00641025641025641,0.0008547008547008547,0.003149642833413239,0.00797244094488189,0.0011811023622047244,0.0035493817996075537,0.5091863517060368,388,707,462,585,0.7677165354330708,762,7577,6050,65679
431,431000,0.03611111111111111,0.003888888888888889,0.01385396243348921,0.006220839813374806,0.0007776049766718507,0.0024422278835050217,0.01275820170109356,0.0014580801944106925,0.004938111503185646,0.4848116646415553,399,754,455,643,0.7812879708383961,823,8294,6631,65679
432,432000,0.028253119429590016,0.0053475935828877,0.013241917201968035,0.011268781302170284,0.001335559265442404,0.0038892106397352844,0.015309584393553859,0.0022900763358778627,0.00611434566153875,0.45674300254452926,359,722,418,599,0.7620865139949109,786,8977,7166,65679
433,433000,0.012612612612612614,0.002162162162162162,0.006728838623175656,0.003205128205128205,0.0003205128205128205,0.0022225205244143296,0.005356407086938608,0.0007416563658838071,0.003253013538346153,0.4746600741656366,384,748,454,624,0.7713226205191595,809,9689,7736,65679
434,434000,0.009550561797752809,0.0016853932584269665,0.004825884717122646,0.005417956656346749,0.0006191950464396285,0.0022330222435802166,0.006310679611650486,0.0008495145631067962,0.0027931308847095274,0.4963592233009709,409,770,476,646,0.7839805825242718,824,10402,8318,65679
435,435000,0.00510204081632653,0.0015306122448979593,0.0046999099954614515,0.008628279626694841,0.001109350237717908,0.0035425611236744627,0.007792556764745397,0.0012091898428053204,0.003816854205742479,0.4788391777509069,396,721,440,631,0.7629987908101572,827,11102,8881,65679
436,436000,0.02562111801242236,0.003726708074534162,0.013265985907358249,0.003288490284005979,0.0005979073243647235,0.0019505857323980694,0.007620481927710843,0.0012048192771084338,0.004145500706095165,0.519277108433735,431,788,497,669,0.8060240963855422,830,11833,9494,65679
437,437000,0.021442495126705652,0.0029239766081871343,0.013111800060165964,0.006124661246612466,0.0009756097560975611,0.0022553636251597276,0.009457167090754877,0.0013994910941475828,0.004617260101477879,0.46055979643765904,362,743,417,615,0.7824427480916031,786,12485,10036,65679
438,438000,0.013819095477386936,0.0020100502512562816,0.0067539958282590296,0.004702194357366771,0.0004702194357366772,0.0020416956386602016,0.006869772998805257,0.0008363201911589009,0.0031620633061992297,0.46833930704898447,392,739,437,638,0.7622461170848268,837,13196,10613,65679
439,439000,0.015151515151515152,0.0018181818181818184,0.007444431572590192,0.002898550724637681,0.0002898550724637681,0.0010768985425254546,0.005263157894736842,0.0005847953216374269,0.0023057207062221583,0.4783625730994152,409,788,453,690,0.8070175438596491,855,13918,11223,65679
440,440000,0.007799671592775041,0.001970443349753695,0.005656044516902706,0.007429048414023373,0.0010016694490818032,0.0042200530212564424,0.007522859517871986,0.0012468827930174563,0.004583527177885111,0.4713216957605985,378,710,426,599,0.7468827930174564,802,14586,11754,65679
441,441000,0.015765765765765764,0.002027027027027027,0.008191477840306218,0.0,0.0,0.0,0.002831715210355987,0.0003640776699029127,0.0014712848548122817,0.5279126213592233,435,807,490,676,0.8203883495145631,824,824,676,65679
442,442000,0.014237855946398658,0.0020100502512562816,0.008486551956635795,0.003634475597092419,0.0006230529595015577,0.0018355382670394707,0.006143479984145857,0.0009512485136741974,0.003409321530094962,0.469678953626635,395,738,441,642,0.7633769322235434,841,1645,1302,65679
443,443000,0.01894789329344303,0.004188481675392671,0.010821747726611155,0.005038344925985375,0.0011235955056179774,0.0028481918767163383,0.008302133302133302,0.0018427518427518428,0.004719136799726056,0.47911547911547914,390,743,461,623,0.7653562653562653,814,2405,1890,65679
444,444000,0.031791907514450865,0.0034682080924855496,0.015920394639322336,0.007621951219512195,0.0009146341463414634,0.004080228239543883,0.012665862484921592,0.0014475271411338961,0.006551095292814899,0.5078407720144753,421,763,472,656,0.7913148371531966,829,3183,2513,65679
445,445000,0.012089810017271156,0.002072538860103627,0.005710289340728473,0.00855481727574751,0.00132890365448505,0.007540869095933725,0.00941299790356394,0.001509433962264151,0.007096464199387042,0.48050314465408805,382,741,467,602,0.7572327044025158,795,3915,3075,65679
446,446000,0.015255203877958368,0.004191616766467066,0.008368518240437006,0.0032102728731942215,0.0004815409309791333,0.001985871128040604,0.005756479807112718,0.0012658227848101266,0.0033351142518003494,0.4670886075949367,369,750,404,623,0.7886075949367088,790,4623,3647,65679
447,447000,0.017795138888888888,0.0031250000000000006,0.010337582333871076,0.003844041735310269,0.0004942339373970346,0.0016742472018677762,0.0071964956195244055,0.0011264080100125157,0.0037560498869048647,0.490613266583229,392,739,473,607,0.7596996245306633,799,5343,4217,65679
448,448000,0.012755102040816327,0.0015306122448979593,0.0060970502428063615,0.0037761348278877492,0.0011686143572621035,0.002682812995141993,0.005989817310572026,0.0012578616352201257,0.0035245620524277997,0.48427672955974843,385,739,459,599,0.7534591194968554,795,6076,4781,65679
449,449000,0.014184397163120567,0.0026595744680851063,0.010014257013267611,0.00819252432155658,0.001075268817204301,0.00410102468257449,0.009535160905840286,0.0014302741358760429,0.005426039793623723,0.4731823599523242,397,758,449,651,0.7759237187127532,839,6830,5381,65679
450,450000,0.018421052631578946,0.002105263157894737,0.008892318528638712,0.008842443729903537,0.00112540192926045,0.005175065681997794,0.011083743842364532,0.0013546798029556652,0.006044866224931013,0.45197044334975367,367,753,429,622,0.7660098522167488,812,7551,5945,65679
451,451000,0.023195876288659795,0.002577319587628866,0.013449357803339885,0.004006410256410256,0.00048076923076923085,0.002251018218013687,0.008557457212713936,0.00097799511002445,0.004906859146562932,0.4315403422982885,353,721,395,624,0.7628361858190709,818,8255,6498,65679
452,452000,0.017921146953405017,0.002150537634408602,0.007870789535717541,0.0022259321090706734,0.000333889816360601,0.0018367420360504408,0.005944798301486199,0.0007643312101910828,0.0032664653926594614,0.46496815286624205,365,741,436,599,0.7630573248407644,785,8932,7034,65679
453,453000,0.018137254901960786,0.0024509803921568627,0.00951037832453159,0.00482315112540193,0.000482315112540193,0.002258256218714696,0.00811138014527845,0.0009685230024213075,0.004049337223056883,0.4721549636803874,390,736,441,622,0.7530266343825666,826,9653,7595,65679
454,454000,0.018633540372670808,0.002484472049689441,0.009094801782017334,0.006681910569105691,0.0009146341463414636,0.002918742588053693,0.009037127702978376,0.0012239902080783353,0.004135811780499404,0.5067319461444308,414,782,461,656,0.802937576499388,817,10344,8173,65679
455,455000,0.02267441860465116,0.004069767441860465,0.013152667861265609,0.002347417840375587,0.0003129890453834116,0.000928646165692204,0.006658446362515414,0.0011097410604192356,0.0035211637139519153,0.45745992601726265,371,739,423,639,0.7879161528976573,811,11034,8739,65679
456,456000,0.013821138211382112,0.0019512195121951222,0.009798443623820862,0.0030555555555555553,0.0005000000000000001,0.001880037197726907,0.0057971014492753615,0.0008695652173913044,0.003896525790707355,0.4472049689440994,360,723,430,600,0.7453416149068323,805,11704,9271,65679
457,457000,0.018213058419243987,0.002577319587628866,0.00946366255691828,0.0007836990595611285,0.00015673981191222572,0.0003423314056711037,0.00484775641025641,0.0007211538461538461,0.0024691802558417194,0.4951923076923077,412,750,476,638,0.7668269230769231,832,12417,9843,65679
458,458000,0.012195121951219513,0.0012195121951219512,0.003686156726241565,0.006493506493506494,0.0007215007215007215,0.003599724680830493,0.007584597432905484,0.0008168028004667446,0.0036162647688671506,0.49474912485414235,424,790,473,693,0.808634772462077,857,13149,10468,65679
459,459000,0.03608247422680412,0.004639175257731959,0.018311897645058344,0.002956989247311828,0.00048387096774193554,0.0018562841490497308,0.01085176085176085,0.0014742014742014742,0.005778137979793799,0.47297297297297297,385,743,453,620,0.7616707616707616,814,13835,11021,65679
460,460000,0.021621621621621623,0.002702702702702703,0.011157473878831817,0.002152152152152152,0.0004504504504504505,0.0018519739916225094,0.006384645515080298,0.0009400705052878965,0.0038749087497114898,0.4688601645123384,399,760,431,666,0.782608695652174,851,14539,11614,65679
461,461000,0.028963414634146343,0.0036585365853658543,0.014871213582453262,0.002932551319648094,0.0002932551319648094,0.0010110564815855652,0.007978723404255319,0.0009456264775413712,0.0036978954467655916,0.4940898345153664,418,793,472,682,0.806146572104019,846,846,682,65679
462,462000,0.010362694300518135,0.0010362694300518134,0.0036389517306749763,0.005862646566164154,0.0006700167504187605,0.0031149009588283373,0.006962025316455696,0.000759493670886076,0.003242928552456693,0.4481012658227848,354,732,429,597,0.7556962025316456,790,1609,1262,65679
463,463000,0.012834224598930482,0.0021390374331550803,0.008735190451674172,0.009538950715421303,0.0012718600953895071,0.00651622808896515,0.010294117647058823,0.0014705882352941178,0.007024740297085968,0.49264705882352944,402,755,459,629,0.7708333333333334,816,2394,1872,65679
464,464000,0.01921921921921922,0.003243243243243243,0.006589726099107771,0.006921824104234527,0.000977198697068404,0.0043576543964286155,0.009769155889306077,0.0015018773466833543,0.004874466993419408,0.48936170212765956,391,730,434,614,0.7684605757196495,799,3136,2449,65679
465,465000,0.03358944720201265,0.005235602094240838,0.019042455552784783,0.0017985611510791368,0.00035971223021582735,0.0007942088315787451,0.009927154505467758,0.0016064257028112448,0.005460092531378415,0.44176706827309237,330,687,399,556,0.7443105756358769,747,3820,2968,65679
466,466000,0.01694915254237288,0.0022598870056497176,0.007887591944182511,0.0061068702290076335,0.0007633587786259542,0.0032985624758833966,0.008413461538461538,0.0010817307692307693,0.004274834369980684,0.5204326923076923,433,779,500,655,0.7872596153846154,832,4595,3591,65679
467,467000,0.023936170212765957,0.0026595744680851063,0.012034560780982495,0.00974025974025974,0.0009740259740259741,0.0034450341480929784,0.013059701492537313,0.0013681592039800996,0.005453530425435303,0.47388059701492535,381,743,445,616,0.7661691542288557,804,5323,4160,65679
468,468000,0.014981273408239699,0.0022471910112359553,0.008011295368923112,0.010333863275039745,0.0012718600953895071,0.00586159774049951,0.011358942585708385,0.0014869888475836433,0.006335756573039041,0.46096654275092935,372,740,430,629,0.7794299876084263,807,6050,4735,65679
469,469000,0.01912568306010929,0.002185792349726776,0.011743628387385558,0.004186046511627906,0.000930232558139535,0.002614890555951187,0.007487922705314009,0.0012077294685990338,0.004632473917246464,0.4553140096618358,377,778,432,645,0.7789855072463768,828,6800,5330,65679
470,470000,0.02435897435897436,0.0030769230769230774,0.01730895475453815,0.0024154589371980675,0.00032206119162640903,0.000974654177218528,0.007659313725490196,0.000980392156862745,0.004878071594592702,0.4522058823529412,369,734,431,621,0.7610294117647058,816,7527,5899,65679
471,471000,0.02108433734939759,0.0036144578313253017,0.013669776282177568,0.0008791208791208791,0.0003076923076923077,0.0004668491326518235,0.004989495798319327,0.000980392156862745,0.0031527387243445604,0.4791666666666667,391,785,450,650,0.7965686274509803,816,8238,6487,65679
472,472000,0.0016042780748663102,0.0016042780748663102,0.0020381516263209627,0.005923991218108865,0.0011128775834658188,0.005420994463432069,0.0049340569561157795,0.0012254901960784314,0.004645759646594107,0.4803921568627451,392,731,438,629,0.7708333333333334,816,8928,7051,65679
473,473000,0.011510416666666665,0.003125,0.006888227907702597,0.004398826979472141,0.00043988269794721413,0.001611828711804378,0.005750197941409343,0.0009501187648456057,0.0026144698891722106,0.4821852731591449,406,768,452,682,0.8099762470308789,842,9661,7667,65679
474,474000,0.015414258188824663,0.0023121387283236996,0.006725089237778539,0.0026288117770767614,0.0004731861198738171,0.001765824819763599,0.005369681949607599,0.0008674101610904585,0.0028289632885573845,0.48203221809169766,389,770,446,634,0.7856257744733581,807,10342,8233,65679
475,475000,0.007936507936507936,0.0010582010582010583,0.0025693422880611076,0.0,0.0,0.0,0.0018159806295399517,0.00024213075060532688,0.0005879003540478806,0.46731234866828086,386,746,438,637,0.7711864406779662,826,11047,8797,65679
476,476000,0.012902367650971002,0.00223463687150838,0.004697489805830137,0.0029455081001472753,0.0002945508100147276,0.0010343412135791906,0.005022755022755022,0.0006993006993006994,0.001798564521286556,0.48834498834498835,419,776,468,679,0.7913752913752914,858,11793,9411,65679
477,477000,0.01329243353783231,0.00245398773006135,0.005450159573108942,0.004746835443037975,0.00047468354430379756,0.0016035512181645972,0.006498951781970649,0.0008805031446540881,0.002392226893455073,0.5069182389937107,403,760,470,632,0.7949685534591195,795,12481,9984,65679
478,478000,0.00949367088607595,0.0012658227848101266,0.005877291579437893,0.009036144578313253,0.0009036144578313254,0.003534174408843002,0.009124087591240875,0.0009732360097323601,0.00398455459491842,0.48661800486618007,400,779,458,664,0.8077858880778589,822,13176,10573,65679
479,479000,0.00872093023255814,0.0011627906976744186,0.003195544132123796,0.0007072135785007072,0.00014144271570014146,0.00027358755815738446,0.0022753128555176336,0.0003412969283276451,0.0008453469787742477,0.502844141069397,442,788,479,707,0.8043230944254836,879,13904,11191,65679
480,480000,0.00798611111111111,0.0015625000000000003,0.004214064994103184,0.010229132569558102,0.0013093289689034369,0.00545133885484493,0.009692818596928186,0.0013698630136986301,0.005155502514543044,0.46824408468244083,376,748,444,611,0.7608966376089664,803,14559,11723,65679
481,481000,0.005459770114942529,0.001724137931034483,0.0022996039503870827,0.0031201248049922,0.00046801872074883003,0.0016015233653255373,0.003619631901840491,0.0007361963190184048,0.0017505614288846894,0.4687116564417178,382,763,433,641,0.7865030674846626,815,815,641,65679
482,482000,0.014187116564417178,0.003067484662576687,0.007599490041668338,0.005635975320360702,0.0011627906976744188,0.0034585717332076536,0.0074579831932773104,0.001568627450980392,0.00434088504599078,0.4549019607843137,348,743,423,602,0.7869281045751634,765,1564,1233,65679
483,483000,0.014991181657848325,0.0021164021164021165,0.009466377696211973,0.008116883116883116,0.0011363636363636363,0.004123843471293608,0.009730848861283645,0.0013664596273291927,0.005378177593665746,0.4795031055900621,386,738,439,616,0.7652173913043478,805,2344,1834,65679
484,484000,0.020588235294117647,0.0023529411764705885,0.009048706765412374,0.003763440860215053,0.0008064516129032258,0.0021966424379948244,0.007383966244725738,0.001139240506329114,0.003671137293261892,0.49746835443037973,393,763,463,620,0.7848101265822784,790,3082,2421,65679
485,485000,0.023217247097844115,0.0034825870646766166,0.009606814093243784,0.006004686584651435,0.0008787346221441124,0.0021870624329999953,0.010497835497835499,0.0015584415584415584,0.00412390669755714,0.44025974025974024,339,705,413,569,0.7389610389610389,770,3795,2953,65679
486,486000,0.01764705882352941,0.0017647058823529415,0.0077380286869748755,0.005124450951683748,0.0005856515373352855,0.0027081323733739327,0.0076201641266119575,0.0008206330597889801,0.003710573608206477,0.4947245017584994,422,781,479,683,0.8007033997655334,853,4598,3604,65679
487,487000,0.011111111111111112,0.001666666666666667,0.00447139448033434,0.00696594427244582,0.00108359133126935,0.003143559770579975,0.007869249394673124,0.0012106537530266344,0.003432918424037343,0.4721549636803874,390,770,446,646,0.7820823244552058,826,5350,4208,65679
488,488000,0.008287292817679558,0.0011049723756906078,0.004274616654525322,0.009620384815392615,0.0015600624024961,0.00534755446574711,0.00932684509326845,0.00145985401459854,0.005111299302935499,0.4635036496350365,381,758,442,641,0.7798053527980535,822,6091,4799,65679
489,489000,0.029143897996357013,0.003278688524590164,0.016337014642619198,0.0049261083743842365,0.0006568144499178982,0.0017846504495627133,0.01052188552188552,0.0012626262626262627,0.005147128539625008,0.47474747474747475,376,720,428,609,0.7689393939393939,792,6809,5371,65679
490,490000,0.021052631578947368,0.002631578947368421,0.009917597011858969,0.005279034690799397,0.0006033182503770739,0.00229348931307926,0.008792497069167644,0.0010550996483001172,0.003991707909524916,0.4947245017584994,422,769,466,663,0.7772567409144197,853,7569,5985,65679
491,491000,0.01912878787878788,0.002840909090909091,0.007721203280181894,0.005417956656346749,0.0006191950464396285,0.00358431095477667,0.008353609083536091,0.0010948905109489052,0.004470068922260027,0.49391727493917276,406,768,461,646,0.7858880778588808,822,8288,6574,65679
492,492000,0.01633986928104575,0.00196078431372549,0.01055605163842376,0.0032520325203252032,0.0006968641114982578,0.001865853449132343,0.006683804627249356,0.0010282776349614397,0.004144517241697188,0.4383033419023136,341,695,387,574,0.7377892030848329,778,8966,7097,65679
493,493000,0.011312217194570135,0.0022624434389140274,0.004405843469167507,0.0016155088852988692,0.00032310177705977385,0.0006830207340979811,0.004166666666666667,0.0008333333333333333,0.0016624776679674636,0.4583333333333333,385,696,412,619,0.736904761904762,840,9684,7658,65679
494,494000,0.008814102564102564,0.002403846153846154,0.005299761383236964,0.003472222222222222,0.00034722222222222224,0.0017137794109018745,0.0048894557823129245,0.0008928571428571428,0.002665162383154041,0.4489795918367347,352,691,398,576,0.7346938775510204,784,10353,8186,65679
495,495000,0.03011551155115512,0.004455445544554456,0.015514632170025007,0.0040192926045016075,0.000482315112540193,0.003215434083601286,0.010416666666666668,0.0014563106796116505,0.0062305287601274895,0.4405339805825243,363,719,410,622,0.7548543689320388,824,11057,8747,65679
496,496000,0.0,0.0,0.0,0.0015384615384615385,0.00015384615384615385,0.0005128205128205128,0.001184834123222749,0.00011848341232227489,0.00039494470774091627,0.471563981042654,398,747,459,650,0.7701421800947867,844,11790,9336,65679
497,497000,0.009327217125382262,0.001834862385321101,0.008238477614487517,0.004288164665523156,0.0005145797598627789,0.0021398122157165918,0.005659592176446109,0.0008739076154806492,0.00379962377243577,0.44818976279650435,359,702,422,583,0.7278401997503121,801,12457,9849,65679
498,498000,0.022277227722772276,0.0024752475247524753,0.009109282453070772,0.008716323296354992,0.0009508716323296356,0.0043124374110937135,0.012004801920768308,0.0013205282112845138,0.005475657937479507,0.4417767106842737,368,730,426,631,0.7575030012004802,833,13137,10403,65679
499,499000,0.002804487179487179,0.0009615384615384616,0.0017966131852026627,0.007146941109205259,0.0010291595197255575,0.004397786332070284,0.006005056890012641,0.001011378002528445,0.003713786313677787,0.4247787610619469,336,718,390,583,0.7370417193426043,791,13771,10898,65679
500,500000,0.01711618257261411,0.003319502074688797,0.014158101734101,0.010377358490566037,0.0011320754716981133,0.007734466380095446,0.01248378728923476,0.001815823605706874,0.00974237315093246,0.42153047989623865,325,649,395,530,0.6874189364461738,771,14382,11352,65679
501,501000,0.004018612521150592,0.0015228426395939088,0.0036171701609458993,0.0065386755703951025,0.0011686143572621037,0.003704116935266356,0.005914991624790619,0.001256281407035176,0.0036825987009182024,0.4434673366834171,353,731,413,599,0.7525125628140703,796,796,599,65679
502,502000,0.021535580524344566,0.0028089887640449437,0.017832633723671824,0.010313531353135313,0.0013201320132013201,0.004960864728132077,0.012861394557823128,0.0016581632653061226,0.007883281668445949,0.4528061224489796,355,748,417,606,0.7729591836734694,784,1557,1189,65679
503,503000,0.015463917525773196,0.0015463917525773197,0.0054282201944567746,0.0068846815834767644,0.0006884681583476765,0.0036131965257325056,0.00903225806451613,0.000903225806451613,0.004067537934419612,0.4670967741935484,362,738,454,581,0.7496774193548387,775,2299,1752,65679
504,504000,0.013736263736263736,0.0027472527472527475,0.007941064428413018,0.007401462457642232,0.0011235955056179776,0.004288528758184291,0.008833678398895789,0.0014906832298136644,0.005114319431453395,0.4782608695652174,385,746,440,623,0.7739130434782608,805,3048,2339,65679
505,505000,0.006122448979591836,0.0010204081632653062,0.0026825882129838277,0.010644257703081233,0.001176470588235294,0.004937982689597545,0.009523809523809523,0.0011378002528445008,0.004379123881233083,0.4424778761061947,350,726,390,595,0.7522123893805309,791,3759,2892,65679
506,506000,0.013513513513513514,0.0016216216216216218,0.004561653802436293,0.010456553755522827,0.0011782032400589103,0.0063087217005205545,0.011111111111111112,0.0012731481481481483,0.005934638875120569,0.48842592592592593,422,765,478,679,0.7858796296296297,864,4546,3530,65679
507,507000,0.03611111111111111,0.003888888888888889,0.019961442610467554,0.008550280755487492,0.001225114854517611,0.00400572025711082,0.01450580232092837,0.001800720288115246,0.007453535411497631,0.460984393757503,384,770,441,653,0.7839135654261705,833,5310,4135,65679
508,508000,0.012437810945273632,0.001492537313432836,0.007310220795390451,0.010451505016722408,0.0015050167224080267,0.007136273933090266,0.01095118898623279,0.001501877346683354,0.007180032780802826,0.4643304130162703,371,735,429,598,0.7484355444305382,799,6029,4689,65679
509,509000,0.02925531914893617,0.00425531914893617,0.020124191628112544,0.00737419033383159,0.001195814648729447,0.0028850583774120415,0.012174251264099573,0.0018669778296382731,0.006666805228207483,0.5157526254375729,442,741,481,669,0.780630105017503,857,6801,5318,65679
510,510000,0.024631675874769797,0.003867403314917127,0.01704578220070537,0.006545820745216515,0.0010574018126888218,0.0035987923770247577,0.0104290233293792,0.00166073546856465,0.006485987107850607,0.5041518386714117,425,765,485,662,0.7852906287069988,843,7530,5917,65679
511,511000,0.013513513513513514,0.002162162162162162,0.005277753174437438,0.006508422664624809,0.0007656967840735069,0.004012698524739283,0.008054892601431982,0.0010739856801909309,0.004291976699195319,0.4916467780429594,412,759,464,653,0.779236276849642,838,8266,6514,65679
512,512000,0.006377551020408163,0.0010204081632653062,0.005811511119952937,0.012220488819552781,0.00140405616224649,0.009897023411348136,0.010852250099561925,0.0013142174432497014,0.008940320413602067,0.45997610513739545,385,740,434,641,0.7658303464755077,837,8979,7091,65679
513,513000,0.021164021164021163,0.0021164021164021165,0.009875075186489586,0.008564437194127243,0.001141924959216966,0.005152560921840178,0.011533665835411471,0.001371571072319202,0.0062654726375742644,0.4837905236907731,388,747,434,613,0.7643391521197007,802,9659,7631,65679
514,514000,0.03829787234042553,0.00425531914893617,0.0180658949218794,0.0090311986863711,0.0013136288998357964,0.006864127801336366,0.015934755332496862,0.002007528230865747,0.009506451789620042,0.48557089084065247,387,742,454,609,0.7641154328732748,797,10355,8188,65679
515,515000,0.023809523809523808,0.003296703296703297,0.009151666522983957,0.005972696245733789,0.0006825938566552901,0.00240284802639317,0.010199652777777778,0.0013020833333333333,0.00400217740969984,0.4453125,342,725,416,586,0.7630208333333334,768,10999,8704,65679
516,516000,0.040515653775322284,0.004972375690607735,0.02313322124345156,0.007364975450081833,0.0008183306055646482,0.004888931163141538,0.014941077441077439,0.0017676767676767682,0.009058396446646733,0.48484848484848486,384,743,460,611,0.7714646464646465,792,11677,9249,65679
517,517000,0.028368794326241138,0.003191489361702128,0.01818628210672444,0.002380952380952381,0.00031746031746031746,0.0009419125394878069,0.008353708231458843,0.00097799511002445,0.004905166180857595,0.4669926650366748,382,730,443,630,0.7701711491442543,818,12361,9812,65679
518,518000,0.02648648648648649,0.004324324324324324,0.014167042217093643,0.006520698731754008,0.0011725293132328308,0.004694401210597347,0.011244062842528315,0.0019181585677749363,0.00693537126967895,0.45012787723785164,352,724,413,597,0.7634271099744245,782,13004,10333,65679
519,519000,0.021122685185185185,0.003645833333333334,0.008464434288587582,0.0,0.0,0.0,0.004833796848099589,0.0008343265792610251,0.0019370338300462645,0.47794994040524436,401,742,445,647,0.7711561382598331,839,13714,10910,65679
520,520000,0.01932367149758454,0.0028985507246376816,0.008657324792045487,0.010676156583629894,0.0012455516014234877,0.005813439214191205,0.013003901170351105,0.0016905071521456437,0.006578958478971227,0.42002600780234073,323,711,393,562,0.7308192457737321,769,14337,11401,65679
521,521000,0.015205627705627705,0.004545454545454546,0.009571075888237277,0.003757380568974772,0.0004830917874396136,0.0029889396670809954,0.00628547529425823,0.0013801756587202008,0.00444246033825227,0.4629861982434128,369,751,427,621,0.7791718946047679,797,797,621,65679
522,522000,0.011166666666666667,0.0034999999999999996,0.007668886317889692,0.0049504950495049506,0.0004950495049504952,0.0026041743442834584,0.006492969396195203,0.0012406947890818859,0.0038609266950542357,0.4392059553349876,354,694,399,606,0.7518610421836228,806,1582,1213,65679
523,523000,0.034229390681003585,0.004838709677419355,0.014279714308808466,0.005199550309162451,0.0008431703204047217,0.002069041745894456,0.012130937098844672,0.0017971758664955073,0.004984555348849535,0.44801026957637996,349,760,445,593,0.7612323491655969,779,2322,1787,65679
524,524000,0.00990990990990991,0.0016216216216216218,0.008900097366523266,0.008686210640608033,0.0011400651465798047,0.004711672137560038,0.008969545264914476,0.0012515644555694619,0.005681457703715478,0.43429286608260326,347,737,406,614,0.7684605757196495,799,3074,2370,65679
525,525000,0.022245762711864406,0.0029661016949152543,0.014968849086589313,0.007462686567164179,0.0008291873963515755,0.00423089392155567,0.011620977353992848,0.001430274135876043,0.00725134376535536,0.42193087008343266,354,690,392,603,0.7187127532777116,839,3839,2933,65679
526,526000,0.021056977704376548,0.004046242774566474,0.00970587732614727,0.0009592326139088728,0.00028776978417266187,0.0004357013358253958,0.004964889181479043,0.0010368663594470047,0.002283328578136092,0.4930875576036866,428,785,465,695,0.8006912442396313,868,4645,3593,65679
527,527000,0.010101010101010102,0.00101010101010101,0.005711766432179078,0.0032520325203252032,0.00048780487804878054,0.0012488471992576542,0.004920049200492005,0.0006150061500615006,0.0023357574183455287,0.42558425584255843,346,753,400,615,0.7564575645756457,813,5384,4165,65679
528,528000,0.00875,0.0015000000000000002,0.005984768231874155,0.0012214983713355048,0.0003257328990228013,0.000512544593013467,0.003071253071253071,0.0006142506142506142,0.0018570712856082307,0.4656019656019656,379,705,419,614,0.7542997542997543,814,6112,4739,65679
529,529000,0.018939393939393936,0.003409090909090909,0.013124502768128033,0.0043859649122807015,0.00043859649122807024,0.003489550887769798,0.007364341085271318,0.0010465116279069768,0.005461354993517529,0.4697674418604651,404,777,447,684,0.7953488372093023,860,6887,5369,65679
530,530000,0.02006980802792321,0.003664921465968586,0.009200655139357935,0.009724473257698542,0.0011345218800648297,0.004977459168382556,0.012169966996699668,0.001732673267326733,0.005975764156571043,0.44554455445544555,360,732,416,617,0.7636138613861386,808,7607,5942,65679
531,531000,0.030555555555555555,0.003888888888888889,0.016935257539772527,0.0038639876352395673,0.00046367851622874815,0.0020487814018261244,0.009673518742442563,0.0012091898428053204,0.005288885035236467,0.4727932285368803,391,747,438,647,0.7823458282950423,827,8341,6538,65679
532,532000,0.02133541992696922,0.004225352112676057,0.01397668135447879,0.006204173716864073,0.0008460236886632825,0.003124615081881551,0.010212824765063572,0.0017412935323383083,0.005999602788427834,0.42661691542288555,343,698,387,591,0.7350746268656716,804,9034,7072,65679
533,533000,0.02211690363349131,0.0033175355450236967,0.011869456396369956,0.0008403361344537816,0.0001680672268907563,0.0002978811542589038,0.006410256410256409,0.0009925558312655087,0.0033271644992780504,0.44168734491315137,356,715,408,595,0.7382133995037221,806,9718,7596,65679
534,534000,0.013257575757575758,0.001704545454545455,0.010414983523136393,0.007530120481927711,0.0009036144578313254,0.0050709495697987975,0.00873015873015873,0.0010714285714285715,0.006190651921926675,0.4488095238095238,377,768,417,664,0.7904761904761904,840,10418,8183,65679
535,535000,0.011820083682008369,0.0020920502092050207,0.005926843900265797,0.0023148148148148147,0.00034722222222222224,0.0014863394674605869,0.005102249488752556,0.0008588957055214723,0.0027885242029703355,0.40736196319018403,332,666,373,576,0.7067484662576687,815,11104,8702,65679
536,536000,0.05291005291005291,0.005820105820105821,0.025896219739338217,0.005477308294209703,0.0006259780907668232,0.0023638289896334517,0.016304347826086956,0.0018115942028985507,0.007735352965109541,0.4468599033816425,370,743,427,639,0.7717391304347826,828,11815,9273,65679
537,537000,0.007575757575757576,0.00101010101010101,0.006248473296814627,0.0018613974799541809,0.0005154639175257733,0.0009789675662104022,0.0033119658119658115,0.000641025641025641,0.0023166113285945514,0.46794871794871795,365,740,421,582,0.7461538461538462,780,12468,9782,65679
538,538000,0.010018214936247723,0.0016393442622950822,0.008647136168241611,0.0066975785677485826,0.0009273570324574963,0.003471501116099481,0.007429718875502007,0.0010843373493975904,0.0046126351095235885,0.4987951807228916,414,754,465,647,0.7795180722891566,830,13172,10361,65679
539,539000,0.02250514403292181,0.0032407407407407406,0.012425228112989397,0.011705685618729096,0.0011705685618729098,0.006756950526054663,0.014571389571389572,0.0017199017199017199,0.008261063497526287,0.44717444717444715,364,704,414,598,0.7346437346437347,814,13835,10881,65679
540,540000,0.01231060606060606,0.002840909090909091,0.008612121624702884,0.0032234957020057307,0.0004297994269340975,0.0015799347051692635,0.005053394355453851,0.0009153318077803204,0.0029960272656245467,0.4874141876430206,426,784,485,698,0.7986270022883295,874,14581,11510,65679
541,541000,0.024959742351046695,0.0033816425120772944,0.01589037646542397,0.009983361064891847,0.0011647254575707154,0.004428202409422718,0.013820132013201319,0.0017326732673267325,0.007364675218324028,0.45792079207920794,370,712,419,601,0.7438118811881188,808,808,601,65679
542,542000,0.013368055555555557,0.0020833333333333333,0.007242762399182903,0.00625,0.000625,0.004202407063189618,0.007892628205128205,0.0009615384615384616,0.004904027525341915,0.4579326923076923,381,728,422,640,0.7692307692307693,832,1616,1230,65679
543,543000,0.011968085106382979,0.002127659574468085,0.00792425704108849,0.0034930139720558877,0.0004491017964071857,0.0012620929468841792,0.005354361370716511,0.0008177570093457943,0.00272527851897578,0.47079439252336447,403,769,458,668,0.780373831775701,856,2433,1876,65679
544,544000,0.007772020725388601,0.0010362694300518134,0.008358275610183721,0.00473186119873817,0.0004731861198738171,0.0020612734812679606,0.005441354292623942,0.0006045949214026602,0.0035308277870487854,0.44619105199516323,369,736,420,634,0.7666263603385731,827,3220,2491,65679
545,545000,0.016585760517799353,0.0024271844660194173,0.01469085338264198,0.0031982942430703624,0.0004477611940298508,0.001509880633125536,0.006346488367036313,0.0009132420091324202,0.004609515777418216,0.4531963470319635,397,758,445,670,0.7648401826484018,876,4049,3138,65679
546,546000,0.02837209302325581,0.004651162790697674,0.012012407236255566,0.006620610247553252,0.0012089810017271159,0.0034372909973258334,0.012510495382031906,0.0021410579345088163,0.005759268316431491,0.42947103274559195,341,725,417,579,0.7292191435768262,794,4778,3684,65679
547,547000,0.02122641509433962,0.0028301886792452833,0.009732033268336167,0.004804560260586319,0.0008143322475570033,0.002432097200376575,0.009019370460048427,0.001331719128329298,0.004305688539852886,0.44188861985472155,365,715,413,614,0.7433414043583535,826,5528,4259,65679
548,548000,0.010082604470359571,0.002551020408163265,0.004571362150690385,0.0032679738562091504,0.0004901960784313727,0.0036377359240701256,0.004921027817067421,0.0009900990099009901,0.003864209612705733,0.4628712871287129,374,741,423,612,0.7574257425742574,808,6249,4825,65679
549,549000,0.015447154471544714,0.0029268292682926834,0.00790742207010086,0.0028716216216216213,0.0006756756756756757,0.0013612436893828189,0.006106231702216645,0.0012547051442910915,0.0030450160457783,0.424090338770389,338,712,404,592,0.7427854454203262,797,6959,5371,65679
550,550000,0.033623693379790945,0.004878048780487805,0.018623896746648105,0.004137115839243499,0.0005319148936170214,0.0013691431319703662,0.011997646913121555,0.0016905071521456441,0.005968914901812936,0.44733420026007803,344,709,428,564,0.7334200260078023,769,7639,5883,65679
551,551000,0.007142857142857143,0.0009523809523809524,0.003977676910285445,0.003278688524590164,0.0003278688524590164,0.0011080616943482452,0.00426829268292683,0.00048780487804878054,0.0018429631520882602,0.45365853658536587,372,718,419,610,0.7439024390243902,820,8359,6445,65679
552,552000,0.008293838862559242,0.0014218009478672987,0.0076245852455462835,0.0036051026067665,0.0006655574043261231,0.0014034214726405733,0.004823481116584565,0.0008620689655172415,0.003020004669787254,0.42857142857142855,348,703,384,601,0.7401477832512315,812,9070,7004,65679
553,553000,0.03408748114630467,0.005429864253393666,0.01635675702387307,0.0026223776223776225,0.00034965034965034965,0.0024245678448156322,0.011391340899537621,0.0017654476670870111,0.006307309091438197,0.4312736443883985,342,707,411,572,0.7213114754098361,793,9745,7537,65679
554,554000,0.021621621621621623,0.002702702702702703,0.011175222440709688,0.0044444444444444444,0.0004444444444444445,0.0034303183359788575,0.00813953488372093,0.0009302325581395349,0.005096373288740722,0.45348837209302323,390,779,429,675,0.7848837209302325,860,10484,8141,65679
555,555000,0.021604938271604937,0.003703703703703704,0.013774531084380013,0.009439050701186624,0.001132686084142395,0.007655702473959995,0.012288310615448161,0.001734820322180917,0.009088736683835315,0.42998760842627015,347,738,395,618,0.7657992565055762,807,11172,8698,65679
556,556000,0.0,0.0,0.0,0.0,0.0,0.0,0.0,0.0,0.0,0.44871794871794873,385,757,434,652,0.7599067599067599,858,11894,9267,65679
557,557000,0.017006802721088433,0.0020408163265306124,0.007156224038986104,0.008025682182985553,0.0014446227929373998,0.003519186583995126,0.010175010175010173,0.0015873015873015873,0.004389588709975872,0.42002442002442003,344,746,403,623,0.7606837606837606,819,12573,9823,65679
558,558000,0.007142857142857143,0.002285714285714286,0.003967707396356366,0.0023148148148148147,0.00030864197530864197,0.000886750962849053,0.003341433778857837,0.0007290400972053464,0.0015418753563651887,0.47023086269744835,387,754,435,648,0.787363304981774,823,13273,10410,65679
559,559000,0.017384731670445956,0.0026455026455026454,0.011439698197317043,0.003048780487804878,0.0003048780487804878,0.0010238903413014497,0.006255283178360101,0.0008284023668639052,0.0033535799090966536,0.4556213017751479,385,750,428,656,0.7763313609467456,845,13992,11002,65679
560,560000,0.00875752599890531,0.001970443349753695,0.004106780197325231,0.004846526655896607,0.00048465266558966083,0.0032597456555831976,0.005812381724790484,0.000851581508515815,0.0034689281519014858,0.451338199513382,371,725,425,619,0.7530413625304136,822,14692,11559,65679
561,561000,0.0213903743315508,0.0032085561497326204,0.012014714193894575,0.004952947003467063,0.0005943536404160476,0.0022031546744469273,0.008527131782945736,0.0011627906976744184,0.004336598430419847,0.4662790697674419,401,782,453,673,0.7825581395348837,860,860,673,65679
562,562000,0.024509803921568627,0.0032085561497326204,0.012401912911710642,0.003189792663476874,0.0003189792663476874,0.0009641622059068846,0.008087633087633087,0.0009828009828009828,0.003591753584267207,0.41277641277641275,336,741,386,627,0.7702702702702703,814,1639,1274,65679
563,563000,0.011562746645619572,0.0033149171270718237,0.01004304558600086,0.006787330316742082,0.0007541478129713424,0.004362390950960799,0.007811442112389979,0.0013033175355450237,0.005580635606105645,0.4466824644549763,377,755,416,663,0.7855450236966824,844,2446,1915,65679
564,564000,0.008289703315881325,0.0020942408376963353,0.0070844343703055125,0.0035345296356715603,0.0006525285481239804,0.0018238465938313828,0.0046641791044776115,0.0009950248756218907,0.003073563341725112,0.42661691542288555,343,737,400,613,0.7624378109452736,804,3195,2490,65679
565,565000,0.031957928802589,0.0043689320388349525,0.012906148656782187,0.005627009646302251,0.0006430868167202572,0.001830738323685344,0.01217793880837359,0.0015700483091787443,0.004586214807523447,0.43719806763285024,362,723,399,622,0.751207729468599,828,3979,3086,65679
566,566000,0.007575757575757575,0.0011363636363636365,0.00398924628693493,0.001597444089456869,0.0001597444089456869,0.000617975730406616,0.002909393183707398,0.00037406483790523696,0.0013578056779739267,0.4613466334164589,370,751,442,626,0.7805486284289277,802,4717,3673,65679
567,567000,0.020512820512820513,0.002564102564102564,0.00875919207288657,0.005162738496071829,0.0010101010101010103,0.0033526929139023045,0.008956485002112378,0.001394169835234474,0.004688899930381306,0.4385297845373891,346,746,434,594,0.752851711026616,789,5437,4228,65679
568,568000,0.014834205933682372,0.002617801047120419,0.011559337640872459,0.004685916919959472,0.0007598784194528875,0.0021704705215847622,0.006968983117393011,0.001177856301531213,0.004282689155016977,0.4534746760895171,385,766,415,658,0.7750294464075382,849,6184,4827,65679
569,569000,0.024111675126903553,0.0030456852791878176,0.013875326545280254,0.007890365448504983,0.0011627906976744188,0.0029821878722402348,0.011889862327909888,0.0016270337922403004,0.005667980511275133,0.4455569461827284,356,751,443,602,0.753441802252816,799,6890,5377,65679
570,570000,0.011235955056179775,0.0011235955056179776,0.007791307905812031,0.007776049766718507,0.0007776049766718507,0.0051640284199266145,0.008526187576126675,0.0008526187576126676,0.005733645653163647,0.43118148599269185,354,765,415,643,0.7831912302070646,821,7606,5965,65679
571,571000,0.00968013468013468,0.0025252525252525255,0.005235914894213114,0.0021715526601520083,0.0003257328990228013,0.0007255554858721065,0.0040024630541871924,0.0008620689655172414,0.001825372188891219,0.4458128078817734,362,739,424,614,0.7561576354679803,812,8305,6517,65679
572,572000,0.006060606060606061,0.0006060606060606061,0.0030303030303030303,0.0029282576866764276,0.0004392386530014642,0.0011610864725393128,0.003537735849056604,0.0004716981132075472,0.0015247901659721113,0.4693396226415094,398,803,446,683,0.8054245283018868,848,9058,7145,65679
573,573000,0.005319148936170213,0.0005319148936170213,0.0033560093275077528,0.0015360983102918587,0.00015360983102918587,0.0005942439435246415,0.0023837902264600714,0.00023837902264600716,0.0012130900605554222,0.42908224076281287,360,762,400,651,0.7759237187127532,839,9785,7737,65679
574,574000,0.02638888888888889,0.0046875,0.01287118073154781,0.0066929133858267716,0.0009448818897637796,0.003561980964275812,0.011265618702136234,0.0018137847642079807,0.005723246206496155,0.47642079806529625,394,739,455,635,0.7678355501813785,827,10498,8307,65679
575,575000,0.013888888888888888,0.00202020202020202,0.005939674223520479,0.0036745406824146977,0.0006299212598425198,0.002544350233698301,0.006102440976390556,0.0009603841536614646,0.0033514020344003314,0.45858343337334934,382,742,432,635,0.7623049219687875,833,11211,8878,65679
576,576000,0.0035897435897435893,0.0010256410256410256,0.0030934786043395226,0.0032102728731942215,0.0006420545746388443,0.002899797104948201,0.0033007334963325186,0.0007334963325183376,0.0029459681225292617,0.43643031784841074,357,740,400,623,0.7616136919315404,818,11911,9434,65679
577,577000,0.010101010101010102,0.00101010101010101,0.007225639182188854,0.0037537537537537537,0.0004504504504504505,0.0019903326831554095,0.005208333333333333,0.0005787037037037037,0.003190090422517241,0.45949074074074076,397,746,439,666,0.7708333333333334,864,12653,10031,65679
578,578000,0.005555555555555556,0.0005555555555555556,0.0023926475448521837,0.007633587786259542,0.001068702290076336,0.0032995670020296206,0.00718562874251497,0.0009580838323353294,0.0031040634064704127,0.4622754491017964,386,772,449,655,0.7844311377245509,835,13363,10614,65679
579,579000,0.005076142131979695,0.0005076142131979696,0.0015280710439796,0.010416666666666666,0.0013719512195121953,0.005855443632880071,0.009183274716686205,0.0011723329425556857,0.004856038709066012,0.4525205158264947,386,746,414,656,0.7690504103165299,853,14070,11205,65679
580,580000,0.0078125,0.0010416666666666667,0.0028165775202478663,0.004629629629629629,0.0006535947712418301,0.002361913510335741,0.00538971807628524,0.000746268656716418,0.0024704899903147557,0.4502487562189055,362,730,412,612,0.7611940298507462,804,14729,11736,65679
581,581000,0.023876404494382022,0.0028089887640449437,0.016761755129532846,0.009156050955414012,0.0011146496815286626,0.005307608927543522,0.01240694789081886,0.001488833746898263,0.007837184639645382,0.4652605459057072,375,739,437,628,0.7791563275434243,806,806,628,65679
582,582000,0.027572681125980616,0.005076142131979695,0.01518376942181155,0.009165424739195231,0.0011475409836065576,0.0037675116823706477,0.013658893770417934,0.002106567534076828,0.0065543800524696045,0.48079306071871125,388,726,448,610,0.7558859975216853,807,1582,1224,65679
583,583000,0.024761904761904763,0.0028571428571428576,0.013462736753116699,0.011166945840312673,0.001507537688442211,0.004314524815418794,0.014704667492771583,0.0018587360594795538,0.006695100412589253,0.4448574969021066,359,693,397,597,0.7397769516728625,807,2331,1785,65679
584,584000,0.002777777777777778,0.0005555555555555556,0.0009846627043558207,0.010802469135802469,0.001080246913580247,0.006651668152082939,0.009057971014492754,0.0009661835748792271,0.005419710446055304,0.49516908212560384,410,772,469,648,0.782608695652174,828,3095,2393,65679
585,585000,0.016216216216216217,0.0016216216216216218,0.0058159382243205575,0.004533333333333333,0.00064,0.0034323141753202975,0.007201646090534979,0.0008641975308641976,0.003976722137128999,0.47160493827160493,382,730,431,625,0.7716049382716049,810,3841,2981,65679
586,586000,0.013368983957219251,0.0016042780748663104,0.00910330312310305,0.009523809523809525,0.0009523809523809525,0.005358358104439755,0.01040391676866585,0.001101591187270502,0.006215524222542615,0.47368421052631576,387,750,455,630,0.7711138310893513,817,4581,3570,65679
587,587000,0.02442528735632184,0.0028735632183908046,0.012552674857342988,0.008995502248875561,0.001199400299850075,0.005903455811245049,0.012187871581450654,0.0015457788347205711,0.007279156303541174,0.5053507728894173,425,783,484,667,0.7931034482758621,841,5357,4194,65679
588,588000,0.006172839506172839,0.0006172839506172839,0.0020576131687242796,0.00873253493013972,0.0010479041916167666,0.0060891283165055545,0.00823293172690763,0.000963855421686747,0.005302254275613306,0.5120481927710844,425,786,492,668,0.8048192771084337,830,6105,4811,65679
589,589000,0.020942408376963352,0.003141361256544503,0.01159427328728803,0.012188659247482777,0.0014308426073131955,0.0061968628805500765,0.014227642276422764,0.001829268292682927,0.007454064572851234,0.4634146341463415,380,742,440,629,0.7670731707317073,820,6839,5389,65679
590,590000,0.01912878787878788,0.002840909090909091,0.010272830966282355,0.010832102412604629,0.0011816838995568687,0.004550263410856112,0.012543962485345837,0.0015240328253223916,0.0057310041960319845,0.5252051582649473,448,764,478,677,0.7936694021101993,853,7602,6018,65679
591,591000,0.012578616352201259,0.001886792452830189,0.007470200104978899,0.006155451225873761,0.0010954616588419407,0.0030871791980746056,0.007435254803675856,0.0012531328320802004,0.003960487875014183,0.4724310776942356,377,776,457,639,0.8007518796992481,798,8292,6601,65679
592,592000,0.02717391304347826,0.004347826086956522,0.017748010031943224,0.003215434083601286,0.0003215434083601286,0.001194630215984829,0.008684863523573201,0.0012406947890818859,0.004973565558585752,0.4665012406947891,376,740,426,622,0.771712158808933,806,8980,7160,65679
593,593000,0.0018518518518518517,0.0005555555555555556,0.001644899505365918,0.006134969325153374,0.0007668711656441718,0.0042494542740205005,0.005208333333333333,0.0007211538461538463,0.0036859688673404225,0.5120192307692307,426,760,497,652,0.7836538461538461,832,9711,7761,65679
594,594000,0.027950310559006212,0.003105590062111801,0.010546503383029572,0.003586800573888092,0.00043041606886657106,0.0025447713263544954,0.008158508158508158,0.0009324009324009323,0.004046261840485833,0.5,429,796,479,697,0.8123543123543123,858,10436,8382,65679
595,595000,0.009202453987730062,0.001226993865030675,0.004418319880784508,0.006738173817381739,0.0009900990099009903,0.004023675089869121,0.0072605114867793676,0.0010403120936280884,0.004107325416161979,0.46033810143042914,354,775,414,606,0.788036410923277,769,11082,8916,65679
596,596000,0.014227642276422762,0.0018292682926829272,0.007057530653125923,0.004121586810922205,0.0006182380216383308,0.003079824371092706,0.006165228113440197,0.0008631319358816277,0.0038841940754742693,0.48951911220715166,397,779,450,647,0.7977805178791615,811,11759,9484,65679
597,597000,0.0196078431372549,0.0029411764705882353,0.012918275259835918,0.00631911532385466,0.0006319115323854661,0.0024010221948312874,0.0091324200913242,0.00112079701120797,0.004627588846202131,0.45080946450809467,362,779,431,633,0.788293897882939,803,12408,10019,65679
598,598000,0.0121580547112462,0.002127659574468085,0.006269485410522042,0.008347245409015025,0.0008347245409015025,0.004465809254721206,0.00925757850789617,0.0011435832274459977,0.004896674715064989,0.44218551461245237,348,743,412,599,0.761118170266836,787,13049,10535,65679
599,599000,0.02364864864864865,0.002702702702702703,0.01326904277519052,0.001488095238095238,0.00029761904761904765,0.0006779838535527685,0.00548780487804878,0.0007317073170731707,0.002950516439409338,0.49390243902439024,405,810,481,672,0.8195121951219512,820,13727,11114,65679
600,600000,0.011726546906187624,0.0029940119760479044,0.009378956743853452,0.0032,0.00048000000000000007,0.0012447689546510184,0.004997895622895623,0.00101010101010101,0.0029599322889904203,0.4595959595959596,364,773,423,625,0.7891414141414141,792,14365,11649,65679
601,601000,0.020257826887661142,0.0033149171270718237,0.00949702189086741,0.0032258064516129032,0.0003225806451612903,0.0021217175432027887,0.0070744902205576365,0.0009987515605493133,0.003788296927631373,0.4631710362047441,371,732,424,620,0.7740324594257179,801,801,620,65679
602,602000,0.017619047619047618,0.002857142857142857,0.013347750996823426,0.003102086858432036,0.0005076142131979696,0.0017759017544408948,0.006418624891209747,0.0010443864229765013,0.004419600993888601,0.4308093994778068,330,740,395,591,0.7715404699738904,766,1541,1194,65679
603,603000,0.021280193236714977,0.005,0.00990072962013838,0.010030864197530864,0.0013468013468013469,0.003886884238288934,0.012646987229899261,0.0021963824289405686,0.005285452931742294,0.4560723514211886,353,733,424,594,0.7674418604651163,774,2277,1768,65679
604,604000,0.00872093023255814,0.0011627906976744186,0.003215889237735342,0.0030211480362537764,0.00030211480362537764,0.0024636401111351324,0.004196642685851319,0.00047961630695443646,0.0026187802187793005,0.49160671462829736,410,782,459,662,0.7937649880095923,834,3062,2396,65679
605,605000,0.009861932938856014,0.0017751479289940832,0.004393706577351683,0.007840083073727933,0.0012461059190031153,0.00430208478274881,0.008261405672009864,0.0013563501849568436,0.004321177363868275,0.46115906288532676,374,774,430,642,0.7916152897657214,811,3795,2995,65679
606,606000,0.009075907590759075,0.0019801980198019802,0.006678477183756057,0.007457627118644068,0.0010169491525423731,0.004812548424190027,0.00787037037037037,0.0012626262626262627,0.005288454496705605,0.42803030303030304,339,712,400,590,0.7449494949494949,792,4529,3551,65679
607,607000,0.017431972789115645,0.003061224489795918,0.013239432975962846,0.00596252129471891,0.0006814310051107326,0.002365131188702681,0.008833546189868029,0.001277139208173691,0.005087178634811227,0.4278416347381865,335,731,397,587,0.7496807151979565,783,5240,4099,65679
608,608000,0.014227642276422765,0.0024390243902439024,0.008914777214377011,0.0031232254400908573,0.0005110732538330494,0.0010921028393269423,0.005548158011540168,0.0009320905459387483,0.0028003832621075167,0.4380825565912117,329,761,384,587,0.7816245006657789,751,5916,4639,65679
609,609000,0.0173992673992674,0.0027472527472527475,0.007526862109836411,0.008156606851549755,0.0009787928221859706,0.004528671164111376,0.010272536687631027,0.0013836477987421384,0.005215049468667295,0.4477987421383648,356,756,419,613,0.7710691823899372,795,6610,5193,65679
610,610000,0.01748971193415638,0.0024691358024691358,0.009379374195497454,0.004065040650406504,0.0007173601147776184,0.002828375514160153,0.006596818005432673,0.0010477299185098954,0.004063837430780226,0.4959254947613504,426,792,469,697,0.8114086146682189,859,7367,5830,65679
611,611000,0.028409090909090908,0.002840909090909091,0.01790262896955266,0.0035353535353535347,0.0004545454545454546,0.0012309582854425944,0.008771929824561403,0.0009569377990430622,0.004740783692623661,0.4820574162679426,403,777,465,660,0.7894736842105263,836,8100,6434,65679
612,612000,0.018416206261510127,0.0027624309392265192,0.008492252280413629,0.007425742574257425,0.0008250825082508251,0.004807121033534201,0.009953409572215162,0.0012706480304955528,0.00565465439526886,0.4078780177890724,321,737,382,606,0.770012706480305,787,8791,6990,65679
613,613000,0.019157088122605363,0.0034482758620689655,0.009638248081898115,0.0038402457757296467,0.0006144393241167435,0.002766373286416441,0.00707070707070707,0.001212121212121212,0.004215714152372576,0.44363636363636366,366,769,418,651,0.7890909090909091,825,9520,7590,65679
614,614000,0.018018018018018018,0.002702702702702703,0.011028487455709831,0.003968253968253968,0.00047619047619047624,0.0019611830990740944,0.007157464212678937,0.00098159509202454,0.004019405560396317,0.4196319018404908,342,743,389,630,0.7730061349693251,815,10221,8145,65679
615,615000,0.013487475915221578,0.0017341040462427748,0.005866330207345005,0.005924781040700669,0.0007727975270479134,0.001963282944807588,0.007520325203252032,0.0009756097560975611,0.002786730720928287,0.4585365853658537,376,784,437,647,0.7890243902439025,820,10924,8721,65679
616,616000,0.02617801047120419,0.003141361256544503,0.01362729763957273,0.00984,0.0016,0.005938070916924079,0.01366421568627451,0.00196078431372549,0.007737877662053849,0.4362745098039216,356,758,418,625,0.7659313725490197,816,11603,9264,65679
617,617000,0.01234567901234568,0.0015873015873015875,0.005374726430461091,0.006899350649350649,0.0009740259740259741,0.003586670196233731,0.008178053830227744,0.0011180124223602484,0.004006474703400155,0.4260869565217391,343,767,425,616,0.7652173913043478,805,12254,9793,65679
618,618000,0.02694444444444444,0.003888888888888889,0.01423172706985296,0.003934794828555368,0.0006745362563237774,0.003402201282463671,0.009292798620094867,0.001423027166882277,0.005923953729721204,0.4191461836998706,324,728,392,593,0.7671410090556274,773,12887,10308,65679
619,619000,0.01582867783985102,0.00223463687150838,0.008460504858626212,0.0035656401944894655,0.00048622366288492716,0.0037911834769426517,0.006323283082077052,0.0008793969849246232,0.004841194189657924,0.4685929648241206,373,737,432,617,0.7751256281407035,796,13564,10856,65679
620,620000,0.022469458987783592,0.004188481675392671,0.011612115960937095,0.003722315280104225,0.0006700167504187605,0.002480295169698836,0.008266356457980822,0.0015228426395939088,0.004693718737118262,0.42258883248730966,333,733,410,597,0.7576142131979695,788,14217,11371,65679
621,621000,0.02857142857142857,0.003333333333333333,0.010496411173512257,0.0032679738562091504,0.0006535947712418301,0.002142801032183893,0.009732360097323601,0.0013381995133819953,0.004276935009895518,0.4221411192214112,347,733,400,612,0.7445255474452555,822,822,612,65679
622,622000,0.010309278350515464,0.002061855670103093,0.005436470371849462,0.0031545741324921135,0.0003154574132492114,0.0015209196954334239,0.004830917874396135,0.0007246376811594204,0.0024383313273473265,0.4335748792270531,359,738,395,634,0.7657004830917874,828,1629,1233,65679
623,623000,0.005389221556886228,0.0017964071856287427,0.003514907114903056,0.004132231404958678,0.0006611570247933885,0.0030041811410809003,0.004404145077720207,0.0009067357512953369,0.003114662018837766,0.44559585492227977,344,767,403,605,0.783678756476684,772,2362,1811,65679
624,624000,0.007684630738522953,0.0023952095808383233,0.007493221387723427,0.0079960019990005,0.0008995502248875563,0.003663832337417905,0.00793365307753797,0.001199040767386091,0.004430628466196109,0.4448441247002398,371,774,426,667,0.7997601918465228,834,3150,2451,65679
625,625000,0.025815217391304348,0.003260869565217392,0.017545281508972034,0.0033277870216306157,0.00033277870216306157,0.0011685818369721638,0.008598726114649681,0.0010191082802547772,0.005007196791937739,0.4318471337579618,339,751,403,601,0.7656050955414013,785,3884,3024,65679
626,626000,0.017241379310344827,0.0024630541871921183,0.008546238777550908,0.0,0.0,0.0,0.004196642685851319,0.0005995203836930455,0.00208019960652618,0.447242206235012,373,748,426,631,0.7565947242206235,834,4637,3609,65679
627,627000,0.017341040462427744,0.0017341040462427748,0.008269806694065856,0.00441025641025641,0.0007692307692307692,0.0036453328148974276,0.007128392061563386,0.0009720534629404617,0.004617427567140608,0.43013365735115433,354,789,411,650,0.7897934386391251,823,5381,4213,65679
628,628000,0.02120315581854043,0.0035502958579881664,0.01308601884978337,0.012355848434925865,0.0014827018121911038,0.006309119392202272,0.014282646048109963,0.0019329896907216498,0.007785016310154855,0.452319587628866,351,735,407,607,0.7822164948453608,776,6063,4763,65679
629,629000,0.01335855979818828,0.0035087719298245615,0.01208963523118096,0.0018740629685157421,0.0002998500749625188,0.0007604599780147338,0.0042175581449763674,0.0009546539379474941,0.0030722606561667917,0.4665871121718377,391,770,453,667,0.7959427207637232,838,6814,5374,65679
630,630000,0.011764705882352941,0.0011764705882352942,0.003951012140551476,0.005693581780538302,0.0009316770186335404,0.0032910819632190292,0.006961506961506961,0.0009828009828009828,0.00342890521892728,0.44717444717444715,364,784,446,644,0.7911547911547911,814,7555,5973,65679
631,631000,0.0223463687150838,0.002793296089385475,0.01222702045099973,0.006339144215530904,0.0006339144215530904,0.0022031703437698784,0.009876543209876543,0.0011111111111111111,0.004418317466231784,0.43580246913580245,353,775,443,631,0.7790123456790123,810,8272,6555,65679
632,632000,0.022774327122153208,0.003105590062111801,0.011901326715086218,0.0014749262536873156,0.00014749262536873156,0.000930574857775011,0.0055621771950735,0.0007151370679380214,0.0030358085276523707,0.41477949940405245,348,785,381,678,0.8081048867699643,839,9001,7156,65679
633,633000,0.020833333333333332,0.0026041666666666665,0.012221413875237841,0.01256913021618904,0.0015082956259426848,0.005747662551772385,0.014424951267056531,0.0017543859649122807,0.007201417234936557,0.4058479532163743,347,746,379,663,0.775438596491228,855,9737,7743,65679
634,634000,0.01234567901234568,0.0015873015873015875,0.005744833854351674,0.005340078695896571,0.0006745362563237774,0.0030437527757782236,0.007033248081841432,0.000895140664961637,0.0036965716042313976,0.4219948849104859,330,758,384,593,0.7583120204603581,782,10412,8277,65679
635,635000,0.019886363636363636,0.002840909090909091,0.008724736666581105,0.00782472613458529,0.000782472613458529,0.005127076317679761,0.010429447852760737,0.001226993865030675,0.005903994380755388,0.4785276073619632,390,769,442,639,0.7840490797546013,815,11111,8849,65679
636,636000,0.02390763997906855,0.004945054945054946,0.013947059731448367,0.0009116809116809116,0.0003418803418803419,0.001026468040230937,0.006368349164959334,0.0014341590612777057,0.004092371153401175,0.4002607561929596,307,726,361,585,0.7627118644067796,767,11744,9360,65679
637,637000,0.015306122448979591,0.0015306122448979593,0.005988451798040596,0.00778688524590164,0.0009836065573770492,0.004366203293286319,0.009615384615384616,0.0011166253101736973,0.004760695485509443,0.39826302729528534,321,760,383,610,0.7568238213399504,806,12414,9887,65679
638,638000,0.012222222222222223,0.001666666666666667,0.008299144108898919,0.007701421800947867,0.0012638230647709322,0.004663753412362863,0.008702337023370234,0.0013530135301353015,0.005468636961411436,0.44526445264452646,362,757,420,633,0.7785977859778598,813,13109,10454,65679
639,639000,0.002403846153846154,0.0004807692307692308,0.0008873831575940777,0.0071625344352617085,0.0009917355371900829,0.003944562366021008,0.005945059450594505,0.0008610086100861009,0.0031624058157715593,0.3948339483394834,321,729,369,605,0.7441574415744158,813,13775,10984,65679
640,640000,0.013524936601859678,0.0035502958579881664,0.006915347391914013,0.001589825119236884,0.0001589825119236884,0.0005663071337170464,0.004117436448263516,0.0008771929824561403,0.001910903378874048,0.4348370927318296,347,748,406,629,0.7882205513784462,798,14431,11532,65679
641,641000,0.0,0.0,0.0,0.007454739084132055,0.0009584664536741213,0.00307866925163695,0.005754212905877517,0.0007398273736128236,0.0023763834174164375,0.4241676942046856,344,757,398,626,0.7718865598027127,811,811,626,65679
642,642000,0.00857843137254902,0.0014705882352941176,0.0031717188351055277,0.007906626506024096,0.0010542168674698795,0.0034980249534126337,0.008020833333333333,0.0011250000000000001,0.0034425529133004255,0.49,392,788,459,664,0.83,800,1597,1282,65679
643,643000,0.006030150753768844,0.0010050251256281408,0.0037081552057222178,0.002362204724409449,0.0003149606299212599,0.000913825528900492,0.0032374100719424464,0.00047961630695443646,0.0015805780537056758,0.420863309352518,351,717,386,635,0.7613908872901679,834,2404,1898,65679
644,644000,0.034530386740331494,0.004419889502762431,0.01557683178232215,0.006656101426307449,0.000792393026941363,0.004859525328094616,0.012869458128078817,0.0016009852216748769,0.007248481569738931,0.4445812807881773,361,765,416,631,0.7770935960591133,812,3157,2488,65679
645,645000,0.023809523809523808,0.002380952380952381,0.015928081152097793,0.006666666666666667,0.000888888888888889,0.0032466182033829938,0.010083036773428233,0.0011862396204033216,0.005773884840849289,0.4697508896797153,396,785,441,675,0.800711743772242,843,3942,3125,65679
646,646000,0.014705882352941176,0.0017647058823529415,0.00651199381060245,0.0023328149300155523,0.0003110419906687403,0.0008872955615904036,0.004920049200492005,0.0006150061500615006,0.0020634317268204746,0.4575645756457565,372,766,433,643,0.7908979089790897,813,4682,3724,65679
647,647000,0.029940119760479042,0.0029940119760479044,0.012258511560018582,0.008032128514056226,0.0010542168674698795,0.004093297000272126,0.012434817488969114,0.001444043321299639,0.005734200527922737,0.47653429602888087,396,770,452,664,0.7990373044524669,831,5439,4340,65679
648,648000,0.030501089324618737,0.003921568627450981,0.01913922104027617,0.0047619047619047615,0.0005714285714285715,0.00265242996486794,0.009378663540445486,0.0011723329425556862,0.005609615233962264,0.5169988276670574,441,808,482,700,0.82063305978898,853,6212,4992,65679
649,649000,0.01642996379838485,0.0029239766081871343,0.012510835342994445,0.0039500509683995915,0.0007645259938837921,0.0015170914573320227,0.006536796536796537,0.0012121212121212121,0.0037957947354511426,0.43757575757575756,361,767,409,654,0.7927272727272727,825,6931,5581,65679
650,650000,0.017025089605734765,0.002688172043010753,0.011054550204368947,0.009990253411306042,0.0011695906432748538,0.004874093560921576,0.011494252873563218,0.0014942528735632182,0.0061954325674517035,0.4528735632183908,394,779,447,684,0.7862068965517242,870,7696,6197,65679
651,651000,0.018404907975460124,0.0018404907975460125,0.00835973194667995,0.0029154518950437317,0.0002915451895043732,0.0018965451831836461,0.005889281507656066,0.0005889281507656066,0.0031374161401328776,0.4840989399293286,411,769,447,686,0.8080094228504122,849,8454,6828,65679
652,652000,0.012527233115468408,0.0026143790849673205,0.006820852173998798,0.00883500557413601,0.0013377926421404684,0.004984172616601943,0.009587217043941412,0.0015978695073235688,0.0053583563346867895,0.47137150466045274,354,793,431,598,0.796271637816245,751,9117,7374,65679
653,653000,0.02556818181818182,0.002840909090909091,0.010678421256627777,0.006420133538777607,0.0007704160246533128,0.002623882265968229,0.010505050505050507,0.0012121212121212121,0.004342183917308932,0.4763636363636364,393,748,431,649,0.7866666666666666,825,9828,7952,65679
654,654000,0.01020408163265306,0.0010204081632653062,0.003509606137237362,0.006633499170812604,0.0008291873963515755,0.0028778326920032835,0.007509386733416771,0.0008760951188986234,0.003032810908856699,0.42428035043804757,339,742,410,603,0.7546933667083855,799,10499,8481,65679
655,655000,0.017816721431179263,0.004216867469879518,0.008634406491328163,0.01395868230039084,0.001507537688442211,0.00617911467505014,0.014798045990706539,0.0020969855832241153,0.006713293497464494,0.42463958060288337,324,753,393,597,0.7824377457404981,763,11130,8993,65679
656,656000,0.012175324675324674,0.001704545454545455,0.0061293317328650196,0.00894683026584867,0.001226993865030675,0.005475274191645054,0.009633080285254197,0.0013285024154589373,0.005614300915382632,0.4166666666666667,345,766,399,652,0.7874396135265701,828,11814,9562,65679
657,657000,0.01145912910618793,0.0016042780748663104,0.0038654093768980737,0.003076923076923077,0.0004615384615384616,0.0013644513550766747,0.004949650110940433,0.0007168458781362007,0.001923207806785876,0.4324970131421744,362,747,414,650,0.7765830346475507,837,12513,10128,65679
658,658000,0.0018939393939393938,0.0005681818181818183,0.0009497753123079675,0.0037681159420289855,0.0006956521739130435,0.0023328161004865858,0.003328894806924101,0.0006657789613848203,0.002008694690740332,0.440745672436751,331,748,429,575,0.7656458055925432,751,13152,10647,65679
659,659000,0.002857142857142857,0.0005714285714285715,0.003503698244374048,0.0035101404056162248,0.00046801872074883003,0.002399176950799293,0.0033700980392156864,0.0004901960784313725,0.0026360534537105454,0.44362745098039214,362,788,453,641,0.7855392156862745,816,13855,11227,65679
660,660000,0.020833333333333332,0.002777777777777778,0.013749891276852964,0.008375209380234505,0.001172529313232831,0.004875399316907131,0.01126126126126126,0.0015444015444015446,0.006931266180215045,0.3938223938223938,306,763,368,597,0.7683397683397684,777,14477,11740,65679
661,661000,0.02194616977225673,0.003105590062111801,0.01116119205516651,0.0015037593984962407,0.00015037593984962408,0.0005817335447135965,0.005488297013720742,0.0007263922518159806,0.002643831389971368,0.45883777239709445,379,795,438,665,0.8050847457627118,826,826,665,65679
662,662000,0.01935483870967742,0.0019354838709677422,0.015053763440860212,0.010049019607843136,0.0015479876160990713,0.005860344834340733,0.011849771119434041,0.0016229712858926346,0.00763934593797434,0.4656679151061174,373,790,456,646,0.8064918851435705,801,1610,1300,65679
663,663000,0.0074850299401197605,0.0011976047904191617,0.005252887079713698,0.006162915326902465,0.0008038585209003215,0.00369303610713399,0.006442754541613857,0.0008871989860583016,0.0040231946780095425,0.45627376425855515,360,783,449,622,0.788339670468948,789,2370,1905,65679
664,664000,0.021875,0.0025,0.011916875510054728,0.007790368271954674,0.00084985835694051,0.0041132205559263595,0.010392609699769052,0.0011547344110854503,0.005555004381169477,0.4792147806004619,415,791,461,706,0.815242494226328,866,3196,2586,65679
665,665000,0.01948051948051948,0.0019480519480519483,0.012467497272008736,0.008629572385368366,0.0010819165378670788,0.003993719752279715,0.010715771951727009,0.0012484394506866417,0.005622885467683297,0.4469413233458177,358,811,431,647,0.8077403245942572,801,3938,3196,65679
666,666000,0.019444444444444445,0.0022222222222222222,0.010912572705026616,0.008273381294964029,0.0010071942446043165,0.004828208637020361,0.010571428571428572,0.0012571428571428573,0.006079849245295933,0.4754285714285714,416,789,460,695,0.7942857142857143,875,4761,3859,65679
667,667000,0.012888888888888889,0.002666666666666667,0.010540586757924877,0.007142857142857143,0.001,0.004916448030752572,0.00815686274509804,0.0012941176470588236,0.005908943100253567,0.4764705882352941,405,792,441,700,0.8235294117647058,850,5538,4504,65679
668,668000,0.01730769230769231,0.003296703296703297,0.007075240823942914,0.004531722054380665,0.0007552870090634441,0.002792715863072929,0.007286729857819905,0.0013033175355450237,0.0037161987337818595,0.4395734597156398,371,771,430,662,0.7843601895734598,844,6323,5127,65679
669,669000,0.02490421455938697,0.003448275862068966,0.013921226937174843,0.003295668549905838,0.0004237288135593221,0.0012704607858052956,0.007558578987150416,0.0010204081632653062,0.00376619016260609,0.46598639455782315,411,790,433,708,0.8027210884353742,882,7122,5784,65679
670,670000,0.006172839506172839,0.0006172839506172839,0.0020576131687242796,0.005200208008320333,0.0006240249609984399,0.0022761748197703494,0.0053964300539643,0.0006226650062266501,0.0022320814356240684,0.44831880448318806,360,781,442,641,0.7982565379825654,803,7832,6365,65679
671,671000,0.012544802867383511,0.0016129032258064518,0.004247662274080059,0.0030816640986132513,0.00046224961479198774,0.002150457201236074,0.005189620758483033,0.0007185628742514971,0.0026176190497977283,0.43952095808383235,367,755,410,649,0.7772455089820359,835,8577,6969,65679
672,672000,0.033707865168539325,0.003370786516853933,0.015455881079135989,0.004615384615384616,0.0004615384615384616,0.002646440216258269,0.010869565217391304,0.0010869565217391307,0.005400160594992851,0.41304347826086957,342,764,388,650,0.785024154589372,828,9302,7560,65679
673,673000,0.018189509306260575,0.0030456852791878176,0.013083028629454017,0.007134703196347031,0.0010273972602739727,0.004906328228178364,0.009923175416133162,0.001536491677336748,0.006968825000331122,0.3854033290653009,301,741,359,584,0.7477592829705506,781,9951,8067,65679
674,674000,0.019230769230769232,0.002197802197802198,0.007736642546518669,0.0018838304552590266,0.0003139717425431711,0.00109162855946882,0.005738705738705739,0.0007326007326007327,0.0025682983343687862,0.43833943833943834,359,751,397,637,0.7777777777777778,819,10661,8638,65679
675,675000,0.014232508645916466,0.00335195530726257,0.007251872682075897,0.0057833859095688745,0.0009463722397476341,0.004207527848693956,0.007643647865050078,0.0014760147601476016,0.004877807953460706,0.43050430504305043,350,745,389,634,0.7798277982779828,813,11358,9200,65679
676,676000,0.026410934744268078,0.0038888888888888888,0.011692887858559962,0.012054507337526204,0.0014150943396226416,0.006404835929008967,0.015221366324307501,0.00196078431372549,0.0075713179722922755,0.4387254901960784,358,758,412,636,0.7794117647058824,816,12073,9776,65679
677,677000,0.01741996233521657,0.002824858757062147,0.013457369277814565,0.004172803141875307,0.0005891016200294552,0.0015138691810301275,0.006911993769470406,0.0010514018691588783,0.003983494785154947,0.4591121495327103,393,781,434,679,0.7932242990654206,856,12809,10385,65679
678,678000,0.01158645276292335,0.0016042780748663104,0.004394923100269477,0.005384615384615384,0.0006153846153846154,0.0024316028316258434,0.00677021107128634,0.0008363201911589008,0.0028702418880611593,0.4253285543608124,356,756,393,650,0.7765830346475507,837,13505,10960,65679
679,679000,0.009146341463414634,0.0012195121951219512,0.004984935154316675,0.003692762186115214,0.0004431314623338258,0.0014932102322575767,0.0047562425683709865,0.0005945303210463733,0.00217411735142249,0.4708680142687277,396,795,446,677,0.8049940546967895,841,14223,11562,65679
680,680000,0.016875,0.003125,0.013685704148597256,0.004887585532746823,0.0007331378299120235,0.002280821422176978,0.00716547901821061,0.0011876484560570072,0.004448020040024061,0.42755344418052255,360,800,395,682,0.8099762470308789,842,14914,12147,65679
681,681000,0.016439909297052153,0.003401360544217687,0.009824166037815461,0.001483679525222552,0.00014836795252225521,0.0005739655893687561,0.00416159155501421,0.000730816077953715,0.0022302134163135375,0.4470158343483557,367,807,431,674,0.8209500609013398,821,821,674,65679
682,682000,0.030017006802721086,0.005952380952380952,0.021171977044267237,0.004916792738275341,0.0006051437216338881,0.003618738563500175,0.010003446493193176,0.0016887816646562125,0.007175969039699049,0.45235223160434257,375,767,428,661,0.7973462002412546,829,1633,1322,65679
683,683000,0.011891891891891894,0.002162162162162162,0.007607636045144855,0.005712866368604073,0.0008941877794336812,0.002177882214473044,0.007048286604361371,0.0011682242990654205,0.0033513687316159,0.44509345794392524,381,773,428,671,0.7838785046728972,856,2450,1969,65679
684,684000,0.008571428571428572,0.001142857142857143,0.009217983958659762,0.005969836614997905,0.0007331378299120235,0.0030173682950137147,0.006501083513918986,0.0008168028004667444,0.004283538354684728,0.44807467911318555,384,788,427,682,0.7957992998833139,857,3278,2630,65679
685,685000,0.0015007215007215007,0.0012121212121212121,0.0019526615843696474,0.005293068865611767,0.00078003120124805,0.002509316994379668,0.004516719839300485,0.00086848635235732,0.0023953614824049124,0.43300248138957814,349,769,396,641,0.7952853598014888,806,4035,3241,65679
686,686000,0.015625,0.0015625000000000003,0.0064151383007154915,0.0034755134281200637,0.0004739336492890996,0.0012291445268112124,0.006303030303030303,0.0007272727272727272,0.002436066714192572,0.416969696969697,344,741,395,633,0.7672727272727272,825,4811,3845,65679
687,687000,0.01647286821705426,0.002325581395348837,0.007069782459261009,0.001443001443001443,0.0001443001443001443,0.00041712096149767373,0.00443159922928709,0.0005780346820809249,0.0017399623229026374,0.4416184971098266,382,780,418,693,0.8011560693641618,865,5602,4491,65679
688,688000,0.004830917874396135,0.00048309178743961357,0.0015239849120083516,0.0016556291390728477,0.00016556291390728477,0.0006404847801896385,0.002466091245376079,0.0002466091245376079,0.0008659897460175961,0.38224414303329224,310,709,357,604,0.7447595561035758,811,6314,5037,65679
689,689000,0.01375,0.002,0.008241972401160983,0.003076923076923077,0.0003076923076923077,0.0015658193243169218,0.005588235294117647,0.0007058823529411764,0.0031366788718096427,0.41294117647058826,351,741,386,650,0.7647058823529411,850,7067,5635,65679
690,690000,0.013719512195121951,0.0018292682926829272,0.0058487799780657145,0.009508716323296355,0.0009508716323296356,0.0037000422157300473,0.010377358490566037,0.0011320754716981133,0.004143303842174135,0.4327044025157233,344,747,380,631,0.7937106918238994,795,7750,6194,65679
691,691000,0.01020408163265306,0.0010204081632653062,0.004160535085641473,0.004819888381532217,0.00076103500761035,0.0039880896475397104,0.006057053536537709,0.0008206330597889801,0.004027713687244219,0.447831184056272,382,753,423,657,0.7702227432590856,853,8507,6796,65679
692,692000,0.0066068900424728644,0.0018404907975460125,0.004933229367605422,0.006134969325153374,0.0007668711656441718,0.0021789837954424595,0.006229353468617272,0.00098159509202454,0.002729832909875052,0.46748466257668714,381,760,418,652,0.8,815,9215,7382,65679
693,693000,0.015789473684210527,0.0023391812865497076,0.013681255868187001,0.0030581039755351682,0.00030581039755351685,0.001556242447715595,0.005696969696969697,0.0007272727272727272,0.004069427047595124,0.4315151515151515,356,753,394,654,0.7927272727272727,825,9940,7976,65679
694,694000,0.0021929824561403508,0.0006578947368421052,0.0009739536544929777,0.0056706114398422085,0.0007396449704142012,0.003033655787541685,0.00503220611916264,0.0007246376811594204,0.0026555462172235655,0.4468599033816425,370,795,419,676,0.8164251207729468,828,10655,8579,65679
695,695000,0.03067484662576687,0.0042944785276073615,0.018263386249521518,0.0024469820554649264,0.0003262642740619902,0.0012621625032122076,0.008376288659793814,0.0011597938144329895,0.004833295841676663,0.4265463917525773,331,766,396,613,0.7899484536082474,776,11308,9116,65679
696,696000,0.022083333333333333,0.003125,0.0096549609877232,0.0007530120481927711,0.00015060240963855423,0.0009234144469359313,0.004894822006472492,0.0007281553398058253,0.002618860377185886,0.44660194174757284,368,773,415,664,0.8058252427184466,824,12022,9709,65679
697,697000,0.025149700598802397,0.0029940119760479044,0.014373972279331787,0.006891271056661562,0.0007656967840735069,0.0033087685575566594,0.010609756097560975,0.0012195121951219512,0.005562291754552326,0.4060975609756098,333,783,377,653,0.7963414634146342,820,12707,10277,65679
698,698000,0.012048192771084338,0.0018072289156626509,0.004833107415698002,0.0009063444108761329,0.00030211480362537764,0.00047673109025373346,0.003140096618357488,0.0006038647342995169,0.0013501108849684055,0.4468599033816425,370,777,409,662,0.7995169082125604,828,13403,10863,65679
699,699000,0.020958083832335328,0.0029940119760479044,0.010997472973064856,0.007323232323232323,0.0009090909090909092,0.005395547894012313,0.010076582023377668,0.0013301088270858525,0.006526770975272015,0.44740024183796856,370,794,428,660,0.7980652962515115,827,14083,11440,65679
700,700000,0.011834319526627219,0.001183431952662722,0.004669022640934248,0.008670520231213872,0.0008670520231213874,0.0053904579985867675,0.009291521486643438,0.0009291521486643438,0.005248852219907006,0.462253193960511,398,778,441,692,0.8037166085946573,861,14817,12055,65679
701,701000,0.028735632183908046,0.0028735632183908046,0.010346713304950808,0.002109704641350211,0.00028129395218002813,0.0007502763345880026,0.007344632768361582,0.0007909604519774011,0.002637033433845775,0.4485875706214689,397,793,440,711,0.8033898305084746,885,885,711,65679
702,702000,0.014056224899598391,0.0024096385542168677,0.006386870551739812,0.005251905558654024,0.0007668711656441718,0.002857888357878291,0.007038601170630511,0.001100244498777506,0.003574038778637475,0.4547677261613692,372,782,431,652,0.7970660146699267,818,1683,1351,65679
703,703000,0.024691358024691357,0.0024691358024691358,0.010419029647521746,0.006226053639846743,0.0007183908045977011,0.003265847040491776,0.00971250971250971,0.001048951048951049,0.0046164479523086235,0.43123543123543123,370,802,419,696,0.8111888111888111,858,2505,2020,65679
704,704000,0.018279569892473115,0.0025806451612903226,0.008879820419098803,0.0018491124260355029,0.0002958579881656805,0.0007503355108518157,0.0049137585238668265,0.0007220216606498196,0.002266665427552517,0.44765342960288806,372,797,435,676,0.8134777376654633,831,3284,2662,65679
705,705000,0.03254437869822485,0.0035502958579881664,0.017423199964595563,0.007540301612064482,0.0009360374414976599,0.0044155070244249845,0.012757201646090533,0.0014814814814814816,0.007129457773670451,0.4469135802469136,362,785,424,641,0.7913580246913581,810,4039,3269,65679
706,706000,0.02601156069364162,0.002890173410404624,0.01420196009919409,0.0034825870646766166,0.0005970149253731343,0.0018219675801898851,0.008105970739422697,0.0010676156583629894,0.004362582889546619,0.4816132858837485,406,779,467,670,0.7947805456702254,843,4809,3891,65679
707,707000,0.005681818181818182,0.0011363636363636365,0.002260277279578164,0.006144393241167435,0.0006144393241167435,0.0030393323298913105,0.006045949214026602,0.0007255139056831924,0.0028735358500181383,0.4437726723095526,367,784,457,651,0.7871825876662636,827,5538,4482,65679
708,708000,0.012541254125412541,0.0024752475247524753,0.007008244794308004,0.015625,0.002027027027027027,0.008483402893220299,0.014840470193115029,0.0021410579345088163,0.008108110782413898,0.41309823677581864,328,732,389,592,0.7455919395465995,794,6242,5025,65679
709,709000,0.019723865877712028,0.0029585798816568047,0.013611437701635906,0.006279434850863423,0.0006279434850863422,0.002205079070707286,0.009098428453267162,0.0011166253101736973,0.00459673491267619,0.41935483870967744,338,753,395,637,0.7903225806451613,806,6964,5610,65679
710,710000,0.010242085661080074,0.001675977653631285,0.007888877531036443,0.0038819875776397515,0.00046583850931677023,0.003022485288973279,0.005265289590927501,0.0007290400972053464,0.0040809108191425456,0.4641555285540705,382,760,434,644,0.7825030376670717,823,7694,6197,65679
711,711000,0.014,0.002857142857142857,0.01163570716724022,0.007757757757757758,0.001051051051051051,0.005440519123498937,0.009056678557273087,0.0014268727705112963,0.006729648621304794,0.4399524375743163,370,764,405,666,0.7919143876337693,841,8438,6807,65679
712,712000,0.012304250559284116,0.0020134228187919465,0.005464244042749649,0.0038199634612190664,0.0007473841554559044,0.0017493013825703625,0.005365389839717468,0.00097799511002445,0.002425984092065123,0.48533007334963324,397,797,462,669,0.8178484107579462,818,9163,7420,65679
713,713000,0.038617886178861784,0.004878048780487805,0.020242399956963295,0.007931404072883173,0.00112540192926045,0.004887823679957201,0.014334181509754027,0.0019083969465648854,0.008091577508747276,0.41603053435114506,327,782,392,622,0.7913486005089059,786,9825,7963,65679
714,714000,0.0,0.0,0.0,0.003903006145158612,0.0005979073243647235,0.0019271588811611918,0.003123338649654439,0.0004784688995215311,0.0015421881477234896,0.4485645933014354,375,779,429,669,0.8002392344497608,836,10562,8578,65679
715,715000,0.01129032258064516,0.0019354838709677422,0.008040660572520838,0.006483682731791658,0.0010590015128593042,0.0030883281552759696,0.007396708683473389,0.0012254901960784314,0.004029028553159493,0.4693627450980392,383,796,423,661,0.8100490196078431,816,11266,9172,65679
716,716000,0.008714596949891067,0.0013071895424836603,0.005203149744874936,0.0056835637480798775,0.0009216589861751153,0.0022065509034012265,0.0062603648424543945,0.0009950248756218907,0.0027767991903980887,0.4253731343283582,342,800,431,651,0.8097014925373134,804,11954,9758,65679
717,717000,0.019867549668874173,0.0026490066225165563,0.016214962542552332,0.00501432664756447,0.0005730659025787966,0.0032733800238670618,0.0076560659599528855,0.0009422850412249707,0.005575122026601427,0.44051825677267376,374,803,416,698,0.8221436984687868,849,12683,10382,65679
718,718000,0.02106227106227106,0.0027472527472527475,0.011779206768092847,0.005311077389984826,0.0006069802731411229,0.0018976210280403883,0.008719778042013475,0.001070154577883472,0.004036085480703345,0.43162901307966706,363,763,399,659,0.7835909631391201,841,13413,10985,65679
719,719000,0.009834368530020704,0.001863354037267081,0.006043856259503033,0.0051094890510948905,0.0005839416058394161,0.0026786895025808378,0.006008668242710796,0.0008274231678486999,0.003319105398401729,0.4574468085106383,387,792,440,685,0.8096926713947991,846,14137,11597,65679
720,720000,0.029962546816479398,0.003370786516853933,0.014371377425837889,0.0033621517771373673,0.0004322766570605188,0.0011964553352397907,0.008792048929663608,0.0010321100917431193,0.0038858316335499527,0.44036697247706424,384,791,422,694,0.7958715596330275,872,14886,12221,65679
721,721000,0.0023483365949119373,0.0013698630136986301,0.0018400222189690907,0.00696594427244582,0.0010835913312693497,0.003374356125685444,0.006114718614718615,0.0011363636363636363,0.0030915117438917727,0.4671717171717172,370,806,453,646,0.8156565656565656,792,792,646,65679
722,722000,0.022058823529411766,0.002205882352941177,0.014117607205068716,0.004201680672268907,0.00042016806722689084,0.0033000100659776217,0.007058823529411765,0.0007058823529411764,0.005030825608232196,0.48,408,830,458,714,0.84,850,1623,1348,65679
723,723000,0.006802721088435374,0.001360544217687075,0.0025215353088525075,0.0028776978417266188,0.00028776978417266187,0.0018547695342703422,0.0035629453681710215,0.00047505938242280285,0.0019711763856522643,0.4489311163895487,378,819,423,695,0.8254156769596199,842,2420,2013,65679
724,724000,0.01948051948051948,0.0025974025974025974,0.012545080476722599,0.0022222222222222222,0.0002962962962962963,0.0013757215845202773,0.005428226779252111,0.0007237635705669483,0.003450608519863049,0.49939686369119424,414,800,484,675,0.8142340168878166,829,3205,2661,65679
725,725000,0.009861932938856014,0.0017751479289940832,0.008471798132534396,0.009405940594059406,0.0011551155115511551,0.004003168228159732,0.009505376344086023,0.0012903225806451613,0.004977617846016917,0.43483870967741933,337,773,403,606,0.7819354838709678,775,3918,3225,65679
726,726000,0.029116465863453813,0.004216867469879518,0.013555096519302689,0.0060738581146744415,0.0008746355685131196,0.002952439815690141,0.01056338028169014,0.0015258215962441314,0.005018215652309487,0.4495305164319249,383,796,424,686,0.8051643192488263,852,4692,3857,65679
727,727000,0.022075055187637967,0.0026490066225165563,0.010312532893166576,0.010307998012916045,0.0013412816691505216,0.005586603190482568,0.012469586374695864,0.0015815085158150852,0.00645474842783693,0.45255474452554745,372,801,440,671,0.816301703163017,822,5440,4482,65679
728,728000,0.0,0.0,0.0,0.0061823802163833074,0.0006182380216383308,0.004135885059586444,0.0048367593712212815,0.0004836759371221282,0.003235692422675247,0.40870616686819833,338,770,398,647,0.7823458282950423,827,6171,5067,65679
729,729000,0.03107344632768361,0.004519774011299435,0.015926326865181587,0.0033485540334855404,0.0006088280060882801,0.0022266058115014546,0.009232613908872901,0.0014388489208633096,0.0051341005674983165,0.4580335731414868,382,773,434,657,0.7877697841726619,834,6920,5671,65679
730,730000,0.00558659217877095,0.000558659217877095,0.00558659217877095,0.004105090311986864,0.0004926108374384237,0.0015427182213293377,0.004441624365482234,0.0005076142131979696,0.002461313955316709,0.4022842639593909,317,763,360,609,0.7728426395939086,788,7600,6211,65679
731,731000,0.006944444444444444,0.0006944444444444445,0.0020073946272075546,0.006891271056661562,0.0007656967840735069,0.0033371276064774933,0.006900878293601004,0.0007528230865746551,0.0030968747218917073,0.49560853199498117,395,801,466,653,0.8193224592220828,797,8307,6804,65679
732,732000,0.039240506329113925,0.004430379746835442,0.029231782485918158,0.0078086871644704745,0.0008784773060029284,0.005769935679993098,0.013713832738803012,0.0015457788347205707,0.010177749943175213,0.4351961950059453,366,794,412,683,0.812128418549346,841,9051,7428,65679
733,733000,0.026737967914438502,0.003208556149732621,0.012551549781419147,0.0020096463022508037,0.0003215434083601286,0.0007787024944712838,0.0077255871446229914,0.000988875154511743,0.003499991051528454,0.41656365883807167,337,752,384,622,0.7688504326328801,809,9746,7983,65679
734,734000,0.01650793650793651,0.004000000000000001,0.012674357586262064,0.0053397703167288426,0.0007680491551459293,0.0019977166291719967,0.007431187206468105,0.001373283395755306,0.0039970875949192014,0.4519350811485643,362,784,430,651,0.8127340823970037,801,10448,8573,65679
735,735000,0.012738853503184714,0.0012738853503184715,0.009554140127388535,0.003663003663003663,0.000591715976331361,0.0014185226073980442,0.0053735780026296235,0.0007202881152460985,0.0029518862936387487,0.4489795918367347,374,808,447,676,0.8115246098439376,833,11182,9188,65679
736,736000,0.03449512335054504,0.004819277108433735,0.01999749238380363,0.008215846318740208,0.001446945337620579,0.0038918455658675435,0.013751836150313307,0.0021573604060913707,0.007284659489442912,0.4403553299492386,347,787,417,622,0.7893401015228426,788,11831,9723,65679
737,737000,0.01741573033707865,0.003370786516853933,0.010746164586348483,0.0052773686794305346,0.0007363770250368188,0.0029785397671389883,0.00779852197588487,0.0012835472578763129,0.004591885412202338,0.4515752625437573,387,783,430,679,0.7922987164527421,857,12556,10324,65679
738,738000,0.020689655172413793,0.00206896551724138,0.0071181022114513905,0.006908602150537634,0.0011290322580645162,0.003023007208407958,0.009520697167755991,0.00130718954248366,0.0037992016861090007,0.44836601307189544,343,791,430,620,0.8104575163398693,765,13190,10862,65679
739,739000,0.012698412698412698,0.00272108843537415,0.006328525048043341,0.0004816955684007707,0.00014450867052023122,0.0002260494826699212,0.002622169249106079,0.0005959475566150178,0.00129525557100114,0.4731823599523242,397,796,448,692,0.8247914183551848,839,13918,11485,65679
740,740000,0.03164556962025317,0.0031645569620253164,0.014877665430143914,0.00046490004649000463,0.0001394700139470014,0.0004129454825186405,0.0060952380952380945,0.0006857142857142857,0.003024860627346976,0.45257142857142857,396,812,444,717,0.8194285714285714,875,14690,12138,65679
741,741000,0.008830022075055188,0.0013245033112582781,0.003196194250012788,0.011904761904761904,0.0012987012987012987,0.006407341170935861,0.011354660347551341,0.0013033175355450237,0.005832835027500573,0.4537914691943128,383,811,431,693,0.8210900473933649,844,844,693,65679
742,742000,0.014240506329113924,0.0018987341772151902,0.006509641508413823,0.0014992503748125937,0.0001499250374812594,0.000534043758782642,0.00393939393939394,0.0004848484848484849,0.001678461267196856,0.4618181818181818,381,798,429,667,0.8084848484848485,825,1651,1352,65679
743,743000,0.0076754385964912285,0.0013157894736842105,0.0028210116212026358,0.003867791842475387,0.0005625879043600563,0.0018582304655784952,0.004538431826960216,0.0006952491309385865,0.0020278048985505337,0.4704519119351101,406,815,447,711,0.8238702201622248,863,2477,2038,65679
744,744000,0.02277432712215321,0.003105590062111801,0.012867127237594457,0.001902587519025875,0.00030441400304414006,0.0008186794908102692,0.006010594947025265,0.0008557457212713937,0.003190073240482952,0.4474327628361858,366,791,409,657,0.8031784841075794,818,3249,2665,65679
745,745000,0.020348837209302327,0.002325581395348837,0.00907934235587295,0.004234527687296417,0.0008143322475570033,0.002655477131385678,0.007760814249363868,0.0011450381679389316,0.00406120845277475,0.37786259541984735,297,764,357,614,0.7811704834605598,786,3967,3235,65679
746,746000,0.013414634146341465,0.0024390243902439024,0.004639538201578988,0.008832565284178187,0.001075268817204301,0.004437494598701212,0.009754601226993865,0.0013496932515337425,0.0044781512255379664,0.41595092024539876,339,783,386,651,0.7987730061349694,815,4700,3829,65679
747,747000,0.031175059952038366,0.0035971223021582736,0.015430956405166982,0.007164404223227752,0.0009049773755656108,0.003932248216338041,0.011325852036575226,0.001371571072319202,0.005925166468516623,0.4339152119700748,348,813,416,663,0.8266832917705735,802,5407,4423,65679
748,748000,0.021492921492921493,0.0032432432432432435,0.00928767857354887,0.007234726688102894,0.000964630225080386,0.003893629931623219,0.010503333923408274,0.0014869888475836433,0.0051301838334277365,0.43370508054522927,350,747,402,622,0.7707558859975217,807,6153,5015,65679
749,749000,0.01727642276422764,0.003048780487804878,0.013511112243817697,0.0015313935681470138,0.00030627871362940275,0.0013022127190425031,0.004691962464300285,0.0008567931456548347,0.003752958768079384,0.4602203182374541,376,777,446,653,0.799265605875153,817,6882,5614,65679
750,750000,0.03125,0.00340909090909091,0.01855675402973487,0.004830917874396135,0.0004830917874396136,0.0037286068869335407,0.01066499372647428,0.0011292346298619827,0.007003078527000083,0.4228356336260979,337,767,404,621,0.7791718946047679,797,7599,6191,65679
751,751000,0.017598343685300204,0.002484472049689441,0.010876580182617059,0.0034982508745627183,0.00044977511244377816,0.001351915941686998,0.006239935587761674,0.0008454106280193237,0.00320393398853451,0.4227053140096618,350,790,392,667,0.8055555555555556,828,8322,6790,65679
752,752000,0.02023121387283237,0.0023121387283236996,0.01088958370122181,0.005098343685300207,0.0009316770186335405,0.002355330703971131,0.008302733578131374,0.0012239902080783353,0.004162461387599488,0.43451652386780903,355,772,404,644,0.7882496940024479,817,9047,7378,65679
753,753000,0.01875,0.0018750000000000004,0.006870419884066161,0.0030349013657056147,0.00030349013657056146,0.0021044807393543878,0.006105006105006105,0.0006105006105006105,0.0030355555417400826,0.42735042735042733,350,796,402,659,0.8046398046398047,819,9774,7987,65679
754,754000,0.02077922077922078,0.0025974025974025974,0.013485356544909736,0.0017830609212481426,0.0002971768202080238,0.001105472741945512,0.00532043530834341,0.0007255139056831922,0.0034107957233922965,0.4437726723095526,367,795,425,673,0.8137847642079806,827,10496,8603,65679
755,755000,0.006802721088435374,0.0006802721088435375,0.002631651749894841,0.0034773969200198704,0.0005961251862891207,0.0017247841188360645,0.004074979625101874,0.0006112469437652812,0.0018877542187940599,0.4669926650366748,382,816,449,671,0.8202933985330073,818,11201,9196,65679
756,756000,0.023092369477911646,0.0030120481927710845,0.0107260795403509,0.0029673590504451035,0.000741839762611276,0.002381691756754756,0.006944444444444444,0.0011904761904761906,0.004030701723513042,0.45,378,780,439,674,0.8023809523809524,840,11938,9810,65679
757,757000,0.013580246913580249,0.0018518518518518521,0.006950888583055748,0.00048590864917395527,0.0001457725947521866,0.0002436741326037934,0.002987421383647799,0.0004716981132075472,0.0015250051950722093,0.4540094339622642,385,810,453,686,0.8089622641509434,848,12659,10422,65679
758,758000,0.0058823529411764705,0.0005882352941176471,0.002533391518078783,0.004335260115606936,0.0004335260115606937,0.0023775607130432225,0.004640371229698376,0.0004640371229698376,0.002408293006379702,0.43155452436194897,372,778,410,692,0.802784222737819,862,13384,11033,65679
759,759000,0.013446567586694975,0.0019108280254777072,0.005841135333328196,0.0021296296296296293,0.00041666666666666675,0.00179804888096559,0.004155580894463448,0.000684150513112885,0.0025218397281958397,0.46864310148232613,411,801,445,720,0.8209806157354618,877,14147,11682,65679
760,760000,0.021511627906976746,0.0029069767441860465,0.010309870997137227,0.0070291327913279125,0.0009146341463414636,0.00480951239223145,0.010037573805689749,0.0013285024154589373,0.00595209896233265,0.46859903381642515,388,772,455,656,0.7922705314009661,828,14850,12268,65679
761,761000,0.02097902097902098,0.0020979020979020983,0.008613332543618001,0.005579399141630901,0.0012875536480686698,0.005360619102861446,0.00819477434679335,0.0014251781472684087,0.005913039556576634,0.46080760095011875,388,825,443,699,0.830166270783848,842,842,699,65679
762,762000,0.01206140350877193,0.0019736842105263163,0.009245625627844867,0.006181645268663813,0.000855920114122682,0.00380014052088964,0.007229386479093395,0.0010550996483001172,0.0047704966009097976,0.44196951934349354,377,810,415,701,0.8218053927315357,853,1672,1385,65679
763,763000,0.020134228187919462,0.0020134228187919465,0.016313265490425454,0.0049770290964777945,0.0009188361408882082,0.003061173874057995,0.007793017456359103,0.0011221945137157108,0.005523220820240977,0.42144638403990026,338,784,407,653,0.814214463840399,802,2441,2017,65679
764,764000,0.004115226337448559,0.0012345679012345679,0.002282152120787475,0.0015015015015015015,0.00015015015015015017,0.0006466614986086983,0.002012882447665056,0.0003623188405797102,0.0009666487942523721,0.4227053140096618,350,787,394,666,0.8043478260869565,828,3222,2654,65679
765,765000,0.014705882352941176,0.0017647058823529415,0.009593704432773279,0.001999000499750125,0.00044977511244377816,0.000912654520725614,0.004579848665870171,0.0007168458781362008,0.002675830727473646,0.4074074074074074,341,778,391,667,0.7968936678614098,837,3993,3278,65679
766,766000,0.028787878787878786,0.00340909090909091,0.011856642196398764,0.006966773847802786,0.0009646302250803858,0.004861006419940846,0.011779448621553883,0.001503759398496241,0.0064039035335456,0.39849624060150374,318,725,361,622,0.7794486215538847,798,4711,3847,65679
767,767000,0.023809523809523808,0.0027472527472527475,0.0107875507953301,0.0016129032258064516,0.00016129032258064516,0.0006239561407008736,0.0066500415627597665,0.0007481296758104738,0.0029304077954920445,0.4251870324189526,341,757,419,620,0.773067331670823,802,5443,4425,65679
768,768000,0.017123287671232876,0.0020547945205479454,0.005864710689543281,0.009726224783861672,0.0012968299711815562,0.003801487397368938,0.011011904761904763,0.0014285714285714288,0.004160095255294479,0.4357142857142857,366,829,420,694,0.8261904761904761,840,6199,5065,65679
769,769000,0.014450867052023121,0.0017341040462427748,0.00608475485291922,0.00369783412572636,0.000792393026941363,0.00202661165807208,0.006011608623548922,0.0009950248756218907,0.0028998190868140643,0.4465174129353234,359,774,416,631,0.7848258706467661,804,6899,5631,65679
770,770000,0.012172284644194755,0.0022471910112359553,0.007983419561689166,0.005208333333333333,0.0005952380952380953,0.0029025652268565593,0.006666666666666666,0.0009411764705882353,0.003966555899327388,0.42470588235294116,361,785,407,672,0.7905882352941176,850,7652,6239,65679
771,771000,0.01639344262295082,0.002185792349726776,0.009752249226449718,0.0053676865271068165,0.0008051529790660225,0.0021562684745859914,0.007877280265339966,0.001119402985074627,0.0038852043919878104,0.4079601990049751,328,755,380,621,0.7723880597014925,804,8343,6789,65679
772,772000,0.0030120481927710845,0.0006024096385542169,0.0023304385977984433,0.004807692307692307,0.0008012820512820513,0.0024418458582389723,0.004430379746835442,0.000759493670886076,0.002418436231361595,0.4253164556962025,336,782,401,624,0.789873417721519,790,9027,7351,65679
773,773000,0.010648148148148148,0.0020833333333333337,0.004265686114395069,0.0067883895131086135,0.0008426966292134833,0.0032504969404212377,0.0074376947040498435,0.0010514018691588788,0.0034212764276317885,0.4380841121495327,375,826,417,712,0.8317757009345794,856,9777,7996,65679
774,774000,0.034899328859060406,0.004026845637583893,0.01898035573044376,0.004582730342498794,0.000723589001447178,0.002667456136520122,0.009960317460317461,0.0013095238095238097,0.005561053802585148,0.45,378,797,425,691,0.8226190476190476,840,10493,8611,65679
775,775000,0.013245033112582781,0.0013245033112582781,0.005518763796909492,0.0060038424591738705,0.0007204610951008645,0.0034058695693065934,0.007297830374753452,0.0008284023668639052,0.003783440017079419,0.44733727810650886,378,815,418,694,0.821301775147929,845,11216,9226,65679
776,776000,0.0021367521367521365,0.000641025641025641,0.0018979609677299053,0.0025562372188139056,0.0004601226993865031,0.0009781703586218449,0.0024752475247524753,0.0004950495049504951,0.001155753694043698,0.400990099009901,324,792,389,652,0.806930693069307,808,11897,9791,65679
777,777000,0.0009099181073703366,0.0006369426751592357,0.001750804668243891,0.00556361877116594,0.000725689404934688,0.0034604222831743046,0.004699988742541934,0.0007092198581560285,0.003143152820356249,0.425531914893617,360,806,401,689,0.8144208037825059,846,12622,10405,65679
778,778000,0.025157232704402517,0.0031446540880503146,0.01238759855732477,0.005043227665706052,0.0005763688760806917,0.002767001846003763,0.008792497069167644,0.0010550996483001172,0.00456029009582796,0.4630715123094959,395,802,454,694,0.813599062133646,853,13359,11025,65679
779,779000,0.0037593984962406013,0.0007518796992481203,0.004610129268913221,0.007122507122507123,0.0008547008547008548,0.004370458472695955,0.006586826347305389,0.0008383233532934133,0.004408633581554513,0.4538922155688623,379,837,435,702,0.8407185628742515,835,14066,11646,65679
780,780000,0.016559829059829057,0.002564102564102564,0.008724273518252194,0.0029411764705882353,0.00044117647058823536,0.0010674701469914945,0.005482456140350877,0.0008373205741626793,0.002496251637322438,0.46172248803827753,386,790,432,680,0.8133971291866029,836,14765,12241,65679
781,781000,0.012121212121212121,0.0018181818181818184,0.007325973427067124,0.0014285714285714286,0.00014285714285714287,0.0005526468674779166,0.003468208092485549,0.0004624277456647399,0.0018446686967637192,0.4682080924855491,405,790,440,700,0.8092485549132948,865,865,700,65679
782,782000,0.011111111111111112,0.0011111111111111111,0.004926960040191898,0.005287009063444109,0.0006042296072507553,0.002861518233188208,0.006532066508313539,0.0007125890736342043,0.003303061612357643,0.4014251781472684,338,786,389,662,0.7862232779097387,842,1677,1344,65679
783,783000,0.012121212121212121,0.0012121212121212121,0.004503393905106447,0.003924646781789639,0.00047095761381475676,0.001870517014549397,0.005610972568578554,0.0006234413965087282,0.002412193681559264,0.4376558603491272,351,761,408,637,0.7942643391521197,802,2442,1957,65679
784,784000,0.0019267822736030828,0.0005780346820809249,0.0010493745233372987,0.006220839813374806,0.0006220839813374806,0.002095784910491727,0.00531045751633987,0.0006127450980392157,0.0018739356494896237,0.41299019607843135,337,786,383,643,0.7879901960784313,816,3191,2562,65679
785,785000,0.013245033112582781,0.0013245033112582781,0.00400350796757362,0.006363636363636364,0.0010606060606060605,0.0026886201746089008,0.0076448828606658446,0.0011097410604192356,0.002933438986862504,0.41800246609124536,339,814,387,660,0.813810110974106,811,3939,3170,65679
786,786000,0.020018198362147407,0.0031847133757961785,0.010981054212120315,0.004531722054380665,0.0004531722054380665,0.0036055178357017243,0.007500436071864643,0.0009768009768009768,0.005019387446321649,0.45665445665445664,374,792,435,662,0.8083028083028083,819,4715,3802,65679
787,787000,0.007692307692307692,0.001282051282051282,0.002538833068494562,0.005797101449275362,0.0007246376811594203,0.002172729220409489,0.006146572104018913,0.0008274231678486999,0.002240237731403899,0.4574468085106383,387,801,428,690,0.8156028368794326,846,5485,4434,65679
788,788000,0.0,0.0,0.0,0.0033232628398791545,0.0006042296072507553,0.0012744687891745351,0.0026506024096385546,0.0004819277108433735,0.001016504022209087,0.45542168674698796,378,768,422,662,0.7975903614457831,830,6233,5044,65679
789,789000,0.012658227848101266,0.0018987341772151902,0.006167391564717838,0.0030507385998715477,0.0004335260115606937,0.0020730573751149093,0.004836601307189542,0.0007058823529411766,0.0028341218480058064,0.45529411764705885,387,795,429,692,0.8141176470588235,850,6984,5665,65679
790,790000,0.029651162790697672,0.004651162790697674,0.012952281717842731,0.0035300050428643463,0.0004538577912254161,0.0016026831286000387,0.008923569427771108,0.0013205282112845138,0.0039461776752383855,0.4297719087635054,358,774,404,661,0.7935174069627852,833,7726,6270,65679
791,791000,0.015353535353535354,0.0024242424242424242,0.010599272893648495,0.006352765321375187,0.0007473841554559044,0.0023329540795770337,0.008133493205435651,0.001079136690647482,0.003968376866533618,0.46882494004796166,391,790,445,669,0.802158273381295,834,8472,6898,65679
792,792000,0.01517241379310345,0.0027586206896551726,0.0072719691330918185,0.006531204644412192,0.000725689404934688,0.004144070256923416,0.00803357314148681,0.001079136690647482,0.0046878896058975385,0.43884892086330934,366,811,413,689,0.8261390887290168,834,9197,7508,65679
793,793000,0.012048192771084338,0.0012048192771084338,0.004924875694626113,0.006069802731411229,0.0006069802731411229,0.0029715738671259252,0.007272727272727273,0.0007272727272727273,0.0033646018712047508,0.40606060606060607,335,791,380,659,0.7987878787878788,825,9904,8084,65679
794,794000,0.0032258064516129032,0.0006451612903225806,0.001318596113474104,0.0028328611898017,0.000424929178470255,0.0010072402271783863,0.0029036004645760743,0.0004645760743321719,0.0010632915191363843,0.47619047619047616,410,816,467,706,0.8199767711962834,861,10655,8729,65679
795,795000,0.019230769230769232,0.002307692307692308,0.008646542461567984,0.00460431654676259,0.0005755395683453237,0.0024974601159941847,0.006909090909090909,0.0008484848484848486,0.003466406424993692,0.44606060606060605,368,832,414,695,0.8424242424242424,825,11370,9346,65679
796,796000,0.011387163561076604,0.001863354037267081,0.012934322476945434,0.002158273381294964,0.00028776978417266187,0.0013947545034150798,0.0038940809968847348,0.0005841121495327102,0.0035651639003057194,0.4357476635514019,373,804,421,695,0.8119158878504673,856,12090,9953,65679
797,797000,0.020915032679738564,0.0026143790849673205,0.011300451237926893,0.0035561877667140826,0.00042674253200568996,0.0012721551498870466,0.006658878504672897,0.0008177570093457944,0.0030645959226324867,0.4614485981308411,395,809,457,703,0.8212616822429907,856,12832,10583,65679
798,798000,0.021739130434782608,0.0021739130434782613,0.00872740704740925,0.0018596001859600185,0.00041841004184100427,0.0010157882375658926,0.005068226120857699,0.0007017543859649123,0.002260470571786224,0.4619883040935672,395,837,447,717,0.8385964912280702,855,13554,11211,65679
799,799000,0.007894736842105263,0.0019736842105263163,0.0049862767248315554,0.002741067058247675,0.0005873715124816446,0.0020972904731380426,0.003681472589035614,0.0008403361344537815,0.0026244524302297756,0.4429771908763505,369,807,416,681,0.8175270108043218,833,14251,11807,65679
800,800000,0.016344086021505375,0.0032258064516129032,0.00993943888095612,0.004583921015514809,0.0007052186177715092,0.0026335778462646463,0.006693672839506172,0.0011574074074074073,0.00394423578651601,0.46296296296296297,400,808,435,709,0.8206018518518519,864,14981,12428,65679
801,801000,0.022494887525562373,0.003067484662576687,0.009150050087048358,0.005094614264919942,0.0005822416302765648,0.003002577060825285,0.008431372549019607,0.0010588235294117648,0.004181445417618651,0.4541176470588235,386,779,438,687,0.808235294117647,850,850,687,65679
802,802000,0.02903225806451613,0.0032258064516129032,0.020475719693006173,0.002002002002002002,0.00030030030030030034,0.0007245822645665673,0.007105156313438895,0.0008526187576126675,0.004453481535465641,0.438489646772229,360,779,402,666,0.8112058465286236,821,1648,1338,65679
803,803000,0.0016129032258064516,0.0006451612903225806,0.0025185809676909784,0.0030721966205837174,0.00030721966205837174,0.0015634140718986161,0.002791563275434243,0.0003722084367245658,0.0017471000133971475,0.43796526054590573,353,782,406,651,0.8076923076923077,806,2429,1972,65679
804,804000,0.014084507042253521,0.0014084507042253522,0.006065867015118212,0.005844477464091134,0.0008915304606240714,0.002232276316208439,0.007280163599182004,0.00098159509202454,0.0029002148183497733,0.44171779141104295,360,816,418,673,0.8257668711656442,815,3201,2611,65679
805,805000,0.006097560975609756,0.0006097560975609756,0.0038471326437283996,0.007936507936507936,0.0010256410256410259,0.003177359795723984,0.007533854663360671,0.0009345794392523364,0.0033240123285313596,0.411214953271028,308,754,368,585,0.7810413885180241,749,3908,3165,65679
806,806000,0.0025167785234899327,0.001342281879194631,0.0033511177356366282,0.0014727540500736377,0.0001472754050073638,0.0005697390386370275,0.0016606280193236715,0.0003623188405797102,0.0010702528379763275,0.42995169082125606,356,788,394,679,0.8200483091787439,828,4685,3813,65679
807,807000,0.008032128514056224,0.0012048192771084338,0.0028427175830922544,0.00717741935483871,0.0011290322580645162,0.004033204572897317,0.007357930449533503,0.0011450381679389313,0.0037817785674168583,0.42366412213740456,333,772,399,620,0.7888040712468194,786,5386,4384,65679
808,808000,0.02850877192982456,0.003947368421052632,0.011540192797495347,0.009466865969108122,0.001046337817638266,0.004561911911640275,0.012992285830288268,0.0015834348355663825,0.00585387134483147,0.4445797807551766,365,799,426,669,0.8148599269183922,821,6139,5003,65679
809,809000,0.007518796992481203,0.0007518796992481203,0.0021734197467510367,0.00382716049382716,0.0005925925925925926,0.0018888912180743682,0.004434818481848185,0.0006188118811881188,0.001935725740740206,0.4344059405940594,351,822,432,675,0.8353960396039604,808,6868,5627,65679
810,810000,0.004246284501061571,0.0012738853503184715,0.0026071866432936233,0.0022865853658536584,0.0003048780487804878,0.0013753231998221741,0.0026650266502665026,0.0004920049200492005,0.0016132107282662302,0.43665436654366546,355,803,399,656,0.8068880688806888,813,7593,6227,65679
811,811000,0.026422764227642274,0.0036585365853658543,0.017467078720933626,0.0032290114257327368,0.0005961251862891207,0.0014903292084764304,0.007784431137724551,0.0011976047904191617,0.004628277615713532,0.444311377245509,371,784,421,671,0.8035928143712575,835,8337,6837,65679
812,812000,0.024691358024691357,0.003703703703703704,0.013596087919928898,0.005925925925925926,0.0007407407407407407,0.0030605702271042394,0.00905349794238683,0.0012345679012345679,0.004816489842575016,0.44938271604938274,364,823,419,675,0.8333333333333334,810,9058,7448,65679
813,813000,0.011695906432748537,0.0011695906432748538,0.004345380083874642,0.0034930139720558877,0.0005988023952095808,0.002830916370616199,0.005164878823996822,0.0007151370679380215,0.0031395853753446775,0.44576877234803336,374,777,424,668,0.7961859356376639,839,9796,8048,65679
814,814000,0.006762468300929839,0.001183431952662722,0.002551753009960362,0.0020773638968481375,0.0004297994269340975,0.001782306903812718,0.0029906080079090463,0.0005767012687427913,0.001932291208240575,0.4371395617070358,379,793,409,698,0.8050749711649365,867,10539,8661,65679
815,815000,0.02252252252252252,0.0033783783783783786,0.011385403920864255,0.003054740957966764,0.0005865102639296188,0.0019784656133094085,0.006526104417670682,0.0010843373493975902,0.0036558473838131647,0.43614457831325304,362,805,407,682,0.8216867469879519,830,11256,9277,65679
816,816000,0.003205128205128205,0.000641025641025641,0.001965215361427751,0.0048030739673390966,0.0005763688760806917,0.0021004950425572337,0.004509803921568627,0.000588235294117647,0.002075667242255823,0.43411764705882355,369,781,409,694,0.8164705882352942,850,11982,9890,65679
817,817000,0.009523809523809523,0.002142857142857143,0.006357286534609823,0.0032420749279538905,0.0005763688760806917,0.0029940302857699606,0.00429656274980016,0.0008393285371702639,0.0035586056752634626,0.4244604316546763,354,818,402,694,0.8321342925659473,834,12686,10503,65679
818,818000,0.013245033112582781,0.0013245033112582781,0.003907912728356749,0.006892230576441102,0.0010526315789473684,0.0024811443535134683,0.008067810457516339,0.0011029411764705884,0.0027451664424856933,0.4325980392156863,353,790,402,665,0.8149509803921569,816,13373,11082,65679
819,819000,0.01764705882352941,0.0017647058823529415,0.009698307731632098,0.007751937984496124,0.000872093023255814,0.003823265392262559,0.00971250971250971,0.001048951048951049,0.004987318070226221,0.44988344988344986,386,789,433,688,0.8018648018648019,858,14122,11700,65679
820,820000,0.014861995753715499,0.0019108280254777072,0.009443132408925694,0.002158273381294964,0.00028776978417266187,0.0012491042681161925,0.004499217527386541,0.0005868544600938967,0.0027590366837348447,0.4295774647887324,366,792,404,695,0.8157276995305164,852,14834,12300,65679
821,821000,0.022727272727272728,0.0025974025974025974,0.008488000573773722,0.004457652303120356,0.0004457652303120357,0.001517408820552535,0.007859733978234583,0.0008464328899637243,0.002815439207488524,0.43047158403869407,356,797,414,673,0.8137847642079806,827,827,673,65679
822,822000,0.019520851818988466,0.003105590062111801,0.008541284547373866,0.0037764350453172208,0.0004531722054380665,0.002161142836968872,0.0068564485332407565,0.0009720534629404616,0.0034092629042534453,0.4131227217496962,340,798,390,662,0.804374240583232,823,1630,1323,65679
823,823000,0.021396396396396396,0.0033783783783783786,0.010770311650168564,0.0034414945919370695,0.0005899705014749262,0.0018219194402882897,0.006658595641646489,0.0010895883777239709,0.003425263322930276,0.42857142857142855,354,811,419,678,0.8208232445520581,826,2424,1978,65679
824,824000,0.005660377358490566,0.001886792452830189,0.003290502353290373,0.003692762186115214,0.0004431314623338258,0.0011558523636990574,0.004066985645933014,0.0007177033492822968,0.0015618444071739605,0.4246411483253589,355,802,399,677,0.8098086124401914,836,3207,2621,65679
825,825000,0.021645021645021644,0.0025974025974025974,0.016434318426413033,0.006191183754333829,0.0007429420505200594,0.003512144845614822,0.009068923821039904,0.0010882708585247885,0.005918450445908564,0.45102781136638453,373,816,443,673,0.8137847642079806,827,3973,3250,65679
826,826000,0.010885885885885887,0.002027027027027027,0.007257760914088342,0.00641025641025641,0.0007396449704142012,0.004591186471923182,0.007214131607335491,0.0009708737864077671,0.005070134308622749,0.46116504854368934,380,801,434,676,0.8203883495145631,824,4750,3896,65679
827,827000,0.008620689655172414,0.0013793103448275863,0.0034583508248582813,0.0029585798816568047,0.0002958579881656805,0.0009998781561426473,0.003958587088915956,0.00048721071863581,0.0014340785665735447,0.45554202192448234,374,802,419,676,0.8233861144945189,821,5497,4522,65679
828,828000,0.023770491803278688,0.004098360655737705,0.012005822696812518,0.006122448979591836,0.0006802721088435374,0.003973775674610115,0.008634772462077013,0.0011668611435239206,0.005117194270536245,0.4632438739789965,397,840,438,735,0.8576429404900817,857,6286,5202,65679
829,829000,0.02199074074074074,0.002777777777777778,0.01207443686177756,0.002976190476190476,0.00029761904761904765,0.0010451156012206404,0.006331699346405229,0.0007352941176470588,0.002991466411907156,0.4522058823529412,369,795,426,672,0.8235294117647058,816,7001,5806,65679
830,830000,0.01744186046511628,0.001744186046511628,0.00684196507518904,0.0021341463414634144,0.0007621951219512195,0.0019327466869325698,0.005314009661835749,0.0009661835748792271,0.0029525360139616916,0.4396135265700483,364,765,404,656,0.7922705314009661,828,7743,6411,65679
831,831000,0.012244897959183673,0.002285714285714286,0.005421683644869896,0.002861230329041488,0.0002861230329041488,0.00106303289605517,0.004740111147433801,0.0006864988558352403,0.001935760448735464,0.4267734553775744,373,791,408,699,0.799771167048055,874,8517,7050,65679
832,832000,0.013071895424836602,0.0019607843137254906,0.007988006264016244,0.006015037593984963,0.0009022556390977445,0.00519639872118415,0.007334963325183374,0.001100244498777506,0.005718545364281107,0.4511002444987775,369,804,436,665,0.812958435207824,818,9233,7648,65679
833,833000,0.018867924528301886,0.001886792452830189,0.010706400528429375,0.002824858757062147,0.0002824858757062147,0.0010172120629489759,0.0057670126874279125,0.0005767012687427913,0.0027941220583484953,0.4405997693194925,382,813,427,708,0.8166089965397924,867,10015,8305,65679
834,834000,0.020161290322580645,0.002419354838709678,0.014056935438246482,0.0,0.0,0.0,0.00311332503113325,0.0003735990037359901,0.0021706849244614744,0.42963885429638854,345,847,380,679,0.8455790784557908,803,10710,8907,65679
835,835000,0.01851851851851852,0.0032679738562091504,0.013040273885815183,0.0022123893805309734,0.0002949852507374631,0.0008475141945813958,0.005214600882470919,0.000842358604091456,0.00309239052762444,0.45126353790613716,375,796,422,678,0.8158844765342961,831,11422,9513,65679
836,836000,0.009615384615384616,0.001282051282051282,0.008890082097657319,0.007097405775819872,0.0010279001468428781,0.004966500996897899,0.007566706491437675,0.001075268817204301,0.005697777761197145,0.43847072879330945,367,805,441,681,0.8136200716845878,837,12148,10127,65679
837,837000,0.015527950310559006,0.001863354037267081,0.006685672842707435,0.0007194244604316547,0.00014388489208633093,0.0008822261766409473,0.0035046728971962616,0.00046728971962616824,0.001973762290235228,0.4264018691588785,365,805,408,695,0.8119158878504673,856,12890,10740,65679
838,838000,0.016317016317016316,0.0020979020979020983,0.005321370245532882,0.005376344086021505,0.0007012622720897616,0.002927416624182039,0.00720404984423676,0.0009345794392523365,0.0033273411193376124,0.4182242990654206,358,819,399,713,0.8329439252336449,856,13607,11356,65679
839,839000,0.0,0.0,0.0,0.0021216407355021216,0.00028288543140028293,0.0008362591298769841,0.0017709563164108619,0.0002361275088547816,0.0006980344803105404,0.40613931523022434,344,835,400,707,0.8347107438016529,847,14303,11962,65679
840,840000,0.02922077922077922,0.003246753246753247,0.0174845581880384,0.002890173410404624,0.00028901734104046245,0.0015341131671168361,0.0076832151300236405,0.0008274231678486998,0.004437622071634472,0.44799054373522457,379,817,442,692,0.817966903073286,846,15005,12550,65679
841,841000,0.0,0.0,0.0,0.003115264797507788,0.00031152647975077883,0.0010714685403403782,0.0024390243902439024,0.00024390243902439027,0.0008388814669494181,0.4195121951219512,344,768,400,642,0.7829268292682927,820,820,642,65679
842,842000,0.023474178403755867,0.0028169014084507044,0.010722377609249018,0.004322766570605188,0.0007204610951008645,0.0033420373187166654,0.007575757575757575,0.0010765550239234451,0.004595635789118094,0.4246411483253589,355,827,416,694,0.8301435406698564,836,1637,1324,65679
843,843000,0.023972602739726026,0.0027397260273972603,0.01106290422405427,0.006986027944111775,0.0011976047904191617,0.003827570866796139,0.010032760032760032,0.0014742014742014744,0.005125308790825239,0.4275184275184275,348,813,395,668,0.8206388206388207,814,2416,1968,65679
844,844000,0.019759450171821305,0.002577319587628866,0.01138731789651352,0.009772847332276808,0.0012678288431061807,0.004626781157552397,0.012121212121212121,0.0015757575757575758,0.006216531614956588,0.41333333333333333,341,751,389,631,0.7648484848484849,825,3197,2570,65679
845,845000,0.020958083832335328,0.0023952095808383233,0.012029289104209579,0.004843517138599106,0.0007451564828614009,0.003504988794564575,0.008054892601431982,0.0010739856801909309,0.005203745538849438,0.41766109785202865,350,767,389,671,0.8007159904534606,838,3971,3198,65679
846,846000,0.01751207729468599,0.0036231884057971015,0.009779643124855786,0.005530417295123177,0.000904977375565611,0.002993603950805774,0.007594673325010404,0.001373283395755306,0.00416273429539866,0.44069912609238454,353,802,423,663,0.8277153558052435,801,4712,3815,65679
847,847000,0.011976047904191617,0.0011976047904191617,0.008121001120407319,0.004819277108433735,0.0009036144578313254,0.0037423073690751483,0.006257521058965102,0.0009626955475330927,0.004622261468320001,0.3983152827918171,331,792,391,664,0.7990373044524669,831,5469,4433,65679
848,848000,0.015432098765432098,0.0018518518518518521,0.007104090732353506,0.00396235760277365,0.0005943536404160476,0.00377384862744147,0.0061876247504990016,0.0008383233532934133,0.004419955478933386,0.4155688622754491,347,796,389,673,0.8059880239520958,835,6234,5057,65679
849,849000,0.009259259259259259,0.001388888888888889,0.004633058715043071,0.006352765321375187,0.0008968609865470853,0.003348924574570353,0.006867568675686757,0.000984009840098401,0.003576372688012015,0.43665436654366546,355,806,424,669,0.8228782287822878,813,6977,5679,65679
850,850000,0.00949367088607595,0.0012658227848101266,0.003610955987991326,0.004769076305220883,0.0007530120481927711,0.0019514884655017057,0.005677210056772099,0.000851581508515815,0.002270461541600684,0.4367396593673966,359,811,420,664,0.8077858880778589,822,7713,6292,65679
851,851000,0.017031630170316298,0.0029197080291970805,0.010518544240348173,0.0093603744149766,0.00109204368174727,0.005700476826224647,0.01071122536418166,0.0014138817480719794,0.006548902579097299,0.40488431876606684,315,813,393,641,0.8239074550128535,778,8376,6858,65679
852,852000,0.01160337552742616,0.0018987341772151902,0.004558819011751146,0.0062592047128129605,0.0008836524300441827,0.003505641211022605,0.007268020708880924,0.001075268817204301,0.00370444896791043,0.43130227001194743,361,784,427,679,0.8112305854241338,837,9100,7467,65679
853,853000,0.0036919831223628688,0.0012658227848101266,0.001928436625998213,0.004930966469428007,0.000591715976331361,0.0023464159180146354,0.004696243005595523,0.0007194244604316548,0.002267230392668599,0.4028776978417266,336,776,374,676,0.8105515587529976,834,9813,8067,65679
854,854000,0.006060606060606061,0.0006060606060606061,0.0030303030303030303,0.0057777777777777775,0.0009599999999999999,0.004504690708452125,0.0058368495077355835,0.0008860759493670886,0.004196748978205794,0.44050632911392407,348,757,422,625,0.7911392405063291,790,10494,8624,65679
855,855000,0.011184625078764965,0.0021739130434782613,0.004819746253338686,0.0028694404591104736,0.00028694404591104734,0.0009101339010004513,0.004243686539963551,0.0005988023952095808,0.0015562734274946744,0.43832335329341315,366,796,404,697,0.8347305389221557,835,11222,9252,65679
856,856000,0.03821656050955414,0.005095541401273886,0.01733246428702825,0.0035561877667140826,0.00042674253200568996,0.002283442736917078,0.009883720930232558,0.0012790697674418606,0.005030764112925745,0.4174418604651163,359,815,396,703,0.8174418604651162,860,11956,9875,65679
857,857000,0.013333333333333334,0.0013333333333333335,0.008673533304426542,0.002911208151382824,0.0002911208151382824,0.001036993266690021,0.0047789725209080045,0.0004778972520908005,0.0024055488290083936,0.43608124253285546,365,808,410,687,0.8207885304659498,837,12676,10487,65679
858,858000,0.021739130434782608,0.0021739130434782613,0.007400116929216349,0.0020689655172413794,0.00027586206896551725,0.0013054903808259195,0.005214368482039398,0.0005793742757821553,0.002280065657393566,0.4542294322132097,392,835,433,725,0.8400926998841252,863,13426,11142,65679
859,859000,0.016129032258064516,0.0019354838709677422,0.006624256367423252,0.004297994269340974,0.0005730659025787966,0.003442669245842023,0.006447831184056272,0.0008206330597889802,0.0040208005516393155,0.46893317702227433,400,812,443,698,0.8182883939038686,853,14166,11771,65679
860,860000,0.04697986577181208,0.005369127516778524,0.020372925823219954,0.0026123301985370947,0.0004702194357366772,0.0010249222601495871,0.011012282930961455,0.0013977128335451081,0.004688013150743595,0.42820838627700125,337,806,411,638,0.8106734434561627,787,14816,12322,65679
861,861000,0.005780346820809248,0.0005780346820809249,0.005780346820809248,0.008283132530120483,0.0009036144578313254,0.0029014453557255292,0.007765830346475508,0.0008363201911589009,0.0034964871161311246,0.4217443249701314,353,772,391,664,0.7933094384707288,837,837,664,65679
862,862000,0.03223270440251572,0.003773584905660378,0.017220866928314666,0.005368098159509203,0.0006134969325153375,0.0024062556529908176,0.01063501849568434,0.0012330456226880395,0.005310723214984025,0.4475955610357583,363,795,436,652,0.8039457459926017,811,1626,1302,65679
863,863000,0.026217228464419474,0.003932584269662922,0.016464592019303014,0.0052826201796090854,0.0009508716323296356,0.0037478779120235697,0.009888751545117428,0.0016069221260815825,0.006545869396690741,0.42027194066749074,340,770,402,631,0.7799752781211372,809,2411,1916,65679
864,864000,0.013986013986013986,0.0020979020979020983,0.007498161978518155,0.006437768240343348,0.0008583690987124465,0.002794441645757255,0.007719714964370546,0.0010688836104513065,0.003593292011059878,0.44655581947743467,376,825,426,699,0.830166270783848,842,3204,2580,65679
865,865000,0.02631578947368421,0.0037593984962406013,0.013930607261770516,0.006913303437967115,0.0008968609865470852,0.0030922352098828264,0.010130922693266833,0.001371571072319202,0.004889621098786895,0.428927680798005,344,821,402,669,0.8341645885286783,802,3931,3192,65679
866,866000,0.019230769230769232,0.002564102564102564,0.00817614014672692,0.0014727540500736377,0.00044182621502209137,0.0008461874723896656,0.004790419161676647,0.0008383233532934133,0.002215615756457464,0.4287425149700599,358,797,401,679,0.8131736526946107,835,4697,3827,65679
867,867000,0.017031630170316298,0.0021897810218978104,0.00586817483349324,0.008142201834862386,0.0013761467889908258,0.003710723036860664,0.009681837336704593,0.0015170670037926678,0.004084390415038493,0.44879898862199746,355,806,418,654,0.8268015170670038,791,5404,4426,65679
868,868000,0.01875,0.0018750000000000004,0.010474485209702684,0.0045385779122541605,0.0006051437216338881,0.0023198887653435247,0.007308160779537149,0.0008526187576126676,0.003909091482880023,0.4007308160779537,329,791,396,661,0.805115712545676,821,6145,5037,65679
869,869000,0.0,0.0,0.0,0.004651162790697674,0.00062015503875969,0.0029030364336094434,0.0037128712871287127,0.0004950495049504951,0.002317399133264964,0.4282178217821782,346,782,429,645,0.7982673267326733,808,6873,5637,65679
870,870000,0.006369426751592357,0.0006369426751592357,0.0021231422505307855,0.001949317738791423,0.00029239766081871346,0.0006776401056559376,0.002774474831549742,0.0003567181926278241,0.0009474900898953563,0.4530321046373365,381,807,445,684,0.8133174791914387,841,7626,6265,65679
871,871000,0.006666666666666667,0.0006666666666666668,0.0023747145807201477,0.0021961932650073207,0.00029282576866764275,0.0008413098446942699,0.003001200480192077,0.00036014405762304925,0.0011174331464996502,0.4381752701080432,365,805,423,683,0.8199279711884754,833,8353,6884,65679
872,872000,0.02112676056338028,0.0021126760563380284,0.00998460210389347,0.004310344827586207,0.00043103448275862074,0.0018508145637118692,0.007159904534606206,0.0007159904534606205,0.0032290935979669855,0.4152744630071599,348,817,399,696,0.8305489260143198,838,9087,7508,65679
873,873000,0.009259259259259259,0.0018518518518518521,0.005525587346318234,0.005891016200294551,0.0007363770250368188,0.002624896398777899,0.006539833531510107,0.0009512485136741974,0.0031836501841542774,0.4423305588585018,372,773,420,679,0.807372175980975,841,9823,8130,65679
874,874000,0.020833333333333332,0.0020833333333333337,0.007380350283242855,0.0014285714285714286,0.00028571428571428574,0.0014285714285714286,0.004739336492890996,0.0005924170616113745,0.0024440408066196337,0.4549763033175355,384,825,431,700,0.8293838862559242,844,10563,8753,65679
875,875000,0.014964788732394365,0.0021126760563380284,0.005178676211818858,0.00290084388185654,0.00047468354430379756,0.0016606929380926722,0.005114125753660637,0.0007751937984496125,0.002306111058078613,0.3992248062015504,309,807,372,632,0.8165374677002584,774,11226,9319,65679
876,876000,0.024844720496894408,0.003105590062111801,0.012213576438464978,0.007619047619047619,0.001,0.006264777027423922,0.010840108401084009,0.001393728222996516,0.007377154153065745,0.4250871080139373,366,799,402,700,0.8130081300813008,861,11957,9932,65679
877,877000,0.01841216216216216,0.0033783783783783786,0.01007901562218926,0.0025821596244131454,0.0004225352112676057,0.0010592575192112424,0.005312742812742813,0.0009324009324009324,0.0026151132292820426,0.4405594405594406,378,806,415,710,0.8275058275058275,858,12704,10567,65679
878,878000,0.024891774891774892,0.003246753246753247,0.013450598440901232,0.005402650356778797,0.0007645259938837921,0.00256778609517741,0.009117161716171617,0.0012376237623762376,0.004641985477902,0.4467821782178218,361,806,406,654,0.8094059405940595,808,13379,11137,65679
879,879000,0.005917159763313609,0.001183431952662722,0.0021932881088835418,0.001549508692365835,0.00047619047619047624,0.000982977896292922,0.0024733297574348885,0.0006257822277847309,0.0012389759262401243,0.4292866082603254,343,784,413,630,0.7884856070087609,799,14043,11689,65679
880,880000,0.013333333333333334,0.0013333333333333335,0.005245891634542768,0.004225352112676056,0.0004225352112676057,0.002559900514518218,0.005813953488372093,0.0005813953488372093,0.003028387337778314,0.40813953488372096,351,817,386,710,0.8255813953488372,860,14753,12296,65679
881,881000,0.04310344827586207,0.005172413793103449,0.01810268664865893,0.00666163901458019,0.0010558069381598793,0.002654776219623072,0.014237355635205097,0.0019115890083632023,0.00586616978551583,0.43847072879330945,367,758,395,663,0.7921146953405018,837,837,663,65679
882,882000,0.01461038961038961,0.0019480519480519483,0.005514432847362347,0.005255255255255256,0.0006006006006006007,0.0020245048624553596,0.00701219512195122,0.000853658536585366,0.0026799303620598427,0.43414634146341463,356,806,399,666,0.8121951219512196,820,1635,1313,65679
883,883000,0.015452538631346576,0.0026490066225165563,0.0076948947487297005,0.0030120481927710845,0.00030120481927710846,0.0014522034441337211,0.0053169734151329254,0.0007361963190184048,0.002608824777868682,0.4441717791411043,362,808,420,664,0.8147239263803681,815,2406,1941,65679
884,884000,0.009375,0.0018750000000000004,0.007252287394214593,0.0027216174183514776,0.0004665629860031105,0.0010714535128624214,0.004047322540473225,0.0007471980074719802,0.002303001982372194,0.44084682440846823,354,778,400,643,0.800747198007472,803,3155,2548,65679
885,885000,0.010485651214128035,0.0019867549668874177,0.003707371346226737,0.005053449951409135,0.0008746355685131196,0.0030987368726244943,0.006033452807646356,0.001075268817204301,0.0032085383129039913,0.41935483870967744,351,807,397,686,0.8195937873357229,837,3912,3179,65679
886,886000,0.01730769230769231,0.002564102564102564,0.011397938197135363,0.006429277942631058,0.000741839762611276,0.0035539304041787103,0.008473895582329317,0.0010843373493975906,0.005028225844782612,0.43012048192771085,357,797,406,674,0.8120481927710843,830,4666,3803,65679
887,887000,0.014957264957264956,0.0019230769230769234,0.0076986235882059665,0.0004975124378109452,0.00014925373134328358,0.0002709578993094816,0.003228410008071025,0.00048426150121065375,0.0016737615887378733,0.4515738498789346,373,776,418,670,0.8111380145278451,826,5419,4423,65679
888,888000,0.021897810218978103,0.0029197080291970805,0.010973636885033201,0.004712301587301587,0.000744047619047619,0.0019358582997838557,0.007622579316028017,0.001112484548825711,0.003466359741290852,0.45982694684796044,372,831,454,672,0.830655129789864,809,6154,5043,65679
889,889000,0.006060606060606061,0.0006060606060606061,0.00202020202020202,0.009774436090225564,0.0010526315789473684,0.004461852658776472,0.009036144578313253,0.000963855421686747,0.0039764642788189,0.3927710843373494,326,792,380,665,0.8012048192771084,830,6876,5637,65679
890,890000,0.01282051282051282,0.0020979020979020983,0.007872591761406056,0.004936530324400564,0.0007052186177715092,0.0034899794436369425,0.006259780907668231,0.0009389671361502348,0.004225558741102886,0.4295774647887324,366,814,404,709,0.8321596244131455,852,7637,6278,65679
891,891000,0.008771929824561403,0.0013157894736842105,0.003235915529871513,0.01016260162601626,0.0013719512195121953,0.0056103364032826526,0.009900990099009901,0.0013613861386138615,0.005163663169670657,0.42574257425742573,344,797,392,656,0.8118811881188119,808,8339,6867,65679
892,892000,0.008064516129032258,0.0012903225806451613,0.0030476742764136058,0.005400448339107397,0.0008559201141226818,0.003049989728947873,0.005882843791722297,0.0009345794392523365,0.0030495704589212237,0.4427570093457944,379,814,433,701,0.8189252336448598,856,9086,7492,65679
893,893000,0.0189873417721519,0.0018987341772151902,0.010230980205377911,0.0026078710289236602,0.00042674253200568996,0.0010982809039641116,0.005613627564847077,0.000696864111498258,0.0027742001718193735,0.45993031358885017,396,807,449,703,0.8164924506387921,861,9855,8140,65679
894,894000,0.006993006993006993,0.0006993006993006993,0.00301172418233142,0.003978958726733207,0.000741839762611276,0.0021384371883562416,0.004506509402470235,0.0007343941248470012,0.002291289134670135,0.41003671970624234,335,819,399,674,0.824969400244798,817,10548,8734,65679
895,895000,0.009070294784580499,0.001360544217687075,0.0031070193853439303,0.005966469428007889,0.0008875739644970414,0.002543685304284468,0.006520858647225598,0.0009720534629404617,0.002644305121922063,0.4398541919805589,362,816,430,676,0.8213851761846902,823,11283,9357,65679
896,896000,0.008741258741258742,0.0013986013986013986,0.0034700700745456782,0.004728132387706856,0.0005673758865248227,0.0030992099514499318,0.005404874213836478,0.0007075471698113207,0.003161748863717257,0.45754716981132076,388,821,428,705,0.8313679245283019,848,12012,9980,65679
897,897000,0.021875,0.0025,0.00877448013201743,0.005701078582434515,0.0007704160246533128,0.003721962300384458,0.008899876390605686,0.001112484548825711,0.004721224170670336,0.41409147095179233,335,781,386,649,0.8022249690976514,809,12686,10545,65679
898,898000,0.026620370370370367,0.003472222222222222,0.015080530625298797,0.004406428201140487,0.0006220839813374806,0.003207906105598872,0.008470986869970352,0.0011435832274459977,0.005380279588237741,0.4383735705209657,345,793,413,643,0.8170266836086404,787,13340,11110,65679
899,899000,0.009937888198757764,0.002484472049689441,0.004916704940388699,0.007260596546310832,0.001098901098901099,0.004139219395976946,0.007800751879699247,0.0013784461152882206,0.0042960805145863335,0.4197994987468672,335,782,393,637,0.7982456140350878,798,14005,11664,65679
900,900000,0.0,0.0,0.0,0.005142405063291139,0.0006329113924050633,0.002692949290646532,0.004124365482233503,0.0005076142131979696,0.00215982734985864,0.41624365482233505,328,784,421,632,0.8020304568527918,788,14649,12211,65679
901,901000,0.015053763440860212,0.0019354838709677422,0.005601465135811662,0.002641690682036503,0.0004322766570605188,0.0019762865310586288,0.004907734589713388,0.000706713780918728,0.002638127147945225,0.4216725559481743,358,796,407,694,0.817432273262662,849,849,694,65679
902,902000,0.010429447852760737,0.00245398773006135,0.0073095277402135846,0.002527216174183515,0.0004665629860031105,0.002086980623595764,0.004125310173697271,0.00086848635235732,0.003143153303507309,0.40074441687344914,323,772,386,643,0.7977667493796526,806,1630,1323,65679
903,903000,0.008771929824561403,0.0011695906432748538,0.005482475730726238,0.002242152466367713,0.00029895366218236175,0.0008247246190605344,0.0035714285714285713,0.0004761904761904762,0.001772909666792481,0.43214285714285716,363,791,426,669,0.7964285714285714,840,2433,1972,65679
904,904000,0.012738095238095238,0.002857142857142857,0.005281335995795249,0.007142857142857143,0.0009022556390977445,0.002989029572241295,0.008115942028985508,0.0012422360248447205,0.0033876915589463306,0.4583850931677019,369,817,441,665,0.8260869565217391,805,3194,2607,65679
905,905000,0.012424698795180723,0.0018072289156626509,0.006603498974606473,0.002426672293732855,0.0004431314623338258,0.0009118912227948495,0.004395441450601593,0.000711743772241993,0.002032658585547791,0.4151838671411625,350,785,399,677,0.8030842230130486,843,3983,3249,65679
906,906000,0.0,0.0,0.0,0.0014727540500736377,0.0001472754050073638,0.0005246055774786778,0.0011904761904761906,0.00011904761904761905,0.00042405617512859784,0.4511904761904762,379,808,445,679,0.8083333333333333,840,4755,3879,65679
907,907000,0.017123287671232876,0.0027397260273972603,0.008295562835296148,0.007273175542406312,0.0010355029585798817,0.0028659987160329172,0.009022708840227088,0.0013381995133819953,0.003830373851571155,0.4367396593673966,359,800,410,676,0.8223844282238443,822,5500,4506,65679
908,908000,0.020958083832335328,0.0029940119760479044,0.01239870351969734,0.0019550342130987292,0.0002932551319648094,0.0008123361615846685,0.0056929721240675316,0.0008244994110718493,0.003091397820954298,0.3910482921083628,332,789,385,682,0.8032979976442874,849,6260,5137,65679
909,909000,0.0,0.0,0.0,0.0015258215962441314,0.0004225352112676057,0.0009761541432556613,0.0012835703001579778,0.0003554502369668247,0.0008211723243027483,0.4561611374407583,385,842,440,710,0.8412322274881516,844,7013,5787,65679
910,910000,0.01079136690647482,0.0021582733812949644,0.008017359914441333,0.0010822510822510823,0.0002886002886002886,0.00042917869859812906,0.002704326923076923,0.0006009615384615385,0.0016969157046103954,0.4411057692307692,367,821,418,693,0.8329326923076923,832,7760,6423,65679
911,911000,0.016129032258064516,0.0019354838709677422,0.00588946021091389,0.0006811989100817438,0.00013623978201634878,0.0002635237106502327,0.003374578177727784,0.00044994375703037124,0.0012444237753756172,0.4544431946006749,404,817,445,734,0.8256467941507312,889,8549,7087,65679
912,912000,0.03580246913580247,0.004444444444444445,0.013730174391954569,0.004936530324400564,0.0005641748942172074,0.002795550984077278,0.009873617693522905,0.001184834123222749,0.0045445725007401145,0.42890995260663506,362,825,398,709,0.840047393364929,844,9303,7734,65679
913,913000,0.02832244008714597,0.003921568627450981,0.01167080976038905,0.0009456264775413711,0.00028368794326241134,0.000447094199218631,0.005827505827505828,0.0009324009324009324,0.002448525995091678,0.42773892773892774,367,806,405,705,0.8216783216783217,858,10071,8381,65679
914,914000,0.016556291390728478,0.0019867549668874177,0.011214744394816362,0.0036443148688046646,0.0004373177842565598,0.001543039170740951,0.005973715651135006,0.0007168458781362008,0.0032878748802217003,0.41935483870967744,351,813,397,686,0.8195937873357229,837,10821,9007,65679
915,915000,0.008,0.0008,0.0028496574968641776,0.00725925925925926,0.001037037037037037,0.0038129949116360354,0.0073750000000000005,0.001,0.0036624734405779325,0.415,332,841,413,675,0.84375,800,11500,9598,65679
916,916000,0.0031446540880503146,0.000628930817610063,0.0014918095142723033,0.005451713395638629,0.0006230529595015577,0.003993912919032071,0.004993757802746567,0.0006242197253433209,0.0034972407076003563,0.41947565543071164,336,777,398,642,0.8014981273408239,801,12173,10164,65679
917,917000,0.0035714285714285713,0.0007142857142857143,0.0043796228054675595,0.008093070308548306,0.0009104704097116845,0.003166998484092137,0.007300792657488527,0.0008760951188986232,0.0033794733338950896,0.4305381727158949,344,813,393,659,0.8247809762202754,799,12854,10746,65679
918,918000,0.03164556962025317,0.0031645569620253164,0.012251151615825805,0.004283489096573208,0.0006230529595015577,0.00323459066889329,0.0096875,0.0011250000000000001,0.005015361455912462,0.41625,333,804,408,642,0.8025,800,13528,11306,65679
919,919000,0.015267175572519083,0.002290076335877863,0.011125912413663067,0.004002911208151383,0.0005822416302765648,0.002475484322319258,0.005806845965770171,0.0008557457212713936,0.00386082182839021,0.43765281173594134,358,831,414,687,0.8398533007334963,818,14225,11909,65679
920,920000,0.0013513513513513514,0.0006756756756756757,0.0007229265700490796,0.003067484662576687,0.0004601226993865031,0.001101260997962635,0.0027500000000000003,0.0005,0.0010312691287986272,0.42125,337,805,396,652,0.815,800,14885,12470,65679
921,921000,0.008683473389355743,0.0017647058823529415,0.00476179111967399,0.0,0.0,0.0,0.001778542742398164,0.0003614457831325302,0.0009753066148729859,0.39036144578313253,324,776,358,660,0.7951807228915663,830,830,660,65679
922,922000,0.01592356687898089,0.0019108280254777072,0.009724584311787287,0.0007309941520467836,0.00014619883040935673,0.0003193091181552108,0.0035671819262782403,0.0004756242568370987,0.0020751096002006755,0.4173602853745541,351,793,407,684,0.8133174791914387,841,1657,1338,65679
923,923000,0.0031847133757961785,0.0006369426751592357,0.0011756413807615807,0.0030441400304414,0.00030441400304414006,0.0008799538091868733,0.003071253071253071,0.0003685503685503686,0.0009369844587412088,0.40294840294840295,328,799,395,657,0.8071253071253072,814,2442,1978,65679
924,924000,0.04202524383247275,0.006024096385542169,0.02193362918574382,0.003409090909090909,0.0004545454545454546,0.0025846135254209554,0.011169722126138591,0.0015738498789346247,0.006473156624226761,0.3801452784503632,314,794,354,660,0.7990314769975787,826,3230,2614,65679
925,925000,0.013513513513513514,0.0013513513513513514,0.005316782062036589,0.002170767004341534,0.0002894356005788712,0.0007726082686018711,0.004171632896305125,0.0004767580452920143,0.0015742026922351707,0.4362336114421931,366,805,421,691,0.8235995232419547,839,4017,3268,65679
926,926000,0.009554140127388535,0.0012738853503184715,0.0030168186184551344,0.0018365472910927456,0.0004132231404958678,0.0014015225351252851,0.0032087580218950543,0.0005662514156285391,0.0016887269349925402,0.4292185730464326,379,813,415,726,0.8221970554926388,883,4836,3952,65679
927,927000,0.012269938650306749,0.0018404907975460125,0.008320289491460258,0.003676470588235294,0.00044117647058823536,0.0017668541171677748,0.005338078291814947,0.000711743772241993,0.0030340071017581362,0.41874258600237246,353,795,394,680,0.8066429418742586,843,5590,4576,65679
928,928000,0.007142857142857143,0.0014285714285714286,0.005526468674779166,0.007713884992987377,0.000841514726507714,0.0036442137466518895,0.0076201641266119575,0.0009378663540445487,0.003953141870846284,0.4349355216881594,371,822,415,713,0.835873388042204,853,6352,5230,65679
929,929000,0.012396694214876033,0.0016528925619834713,0.007019315623054725,0.001375515818431912,0.0001375515818431912,0.0004585052728106373,0.00294811320754717,0.0003537735849056604,0.001394658636465749,0.4658018867924528,395,842,450,727,0.8573113207547169,848,7123,5904,65679
930,930000,0.0,0.0,0.0,0.005162241887905605,0.0005899705014749262,0.0018465358034595327,0.004326328800988875,0.0004944375772558715,0.0015475293878189904,0.43139678615574784,349,810,397,678,0.8380716934487021,809,7835,6520,65679
931,931000,0.03254437869822485,0.0035502958579881664,0.012338962177981637,0.00291970802919708,0.00029197080291970805,0.0023809193482795,0.008782201405152224,0.000936768149882904,0.004351539065164349,0.3770491803278688,322,794,365,685,0.8021077283372365,854,8591,7141,65679
932,932000,0.022431865828092243,0.00440251572327044,0.012903520511535989,0.008645533141210375,0.0008645533141210376,0.0032455764023750023,0.011215318483782728,0.0015240328253223916,0.00504582624218344,0.4138335287221571,353,801,404,694,0.813599062133646,853,9346,7775,65679
933,933000,0.007407407407407407,0.0011111111111111111,0.004327615050302168,0.005636070853462158,0.0006441223832528181,0.004236601857602992,0.006034124011652101,0.0007490636704119852,0.004257054260456739,0.3782771535580524,303,755,347,621,0.7752808988764045,801,10029,8323,65679
934,934000,0.0,0.0,0.0,0.001955307262569832,0.0004189944134078213,0.0008459544633594872,0.0016431924882629107,0.0003521126760563381,0.0007109194785978788,0.431924882629108,368,831,403,716,0.8403755868544601,852,10791,8986,65679
935,935000,0.007532956685499058,0.0011299435028248588,0.0043626933696682855,0.0030864197530864196,0.00030864197530864197,0.0010838235864510345,0.00404040404040404,0.0004848484848484849,0.0017872901944867355,0.4024242424242424,332,779,387,648,0.7854545454545454,825,11492,9566,65679
936,936000,0.001342281879194631,0.0006711409395973155,0.0011381214942067655,0.004880429477794045,0.0005856515373352855,0.0026075021769522075,0.0042467948717948715,0.0006009615384615385,0.0023443558767970744,0.44591346153846156,371,801,407,683,0.8209134615384616,832,12191,10152,65679
937,937000,0.018243243243243244,0.002702702702702703,0.008917393858053964,0.004392386530014641,0.0005856515373352855,0.001893328033603556,0.0068592057761732855,0.0009626955475330927,0.0031443048591374436,0.43441636582430804,361,796,406,683,0.8219013237063778,831,12899,10753,65679
938,938000,0.012304250559284116,0.0020134228187919465,0.005599393418786192,0.004084720121028744,0.0006051437216338881,0.0015995426636298468,0.005596707818930041,0.0008641975308641975,0.002335317679084533,0.3950617283950617,320,801,363,661,0.8160493827160494,810,13559,11319,65679
939,939000,0.00684931506849315,0.0006849315068493151,0.0021607183341488274,0.0021398002853067048,0.0002853067047075606,0.001152880228752504,0.0029515938606847697,0.00035419126328217244,0.0013266043885964982,0.40613931523022434,344,815,384,701,0.8276269185360094,847,14277,11941,65679
940,940000,0.01282051282051282,0.002797202797202797,0.009468946924829455,0.0031496062992125984,0.0004724409448818898,0.001232282725727171,0.004927163667523564,0.0008997429305912596,0.002746219718621293,0.42930591259640105,334,789,407,635,0.8161953727506427,778,14913,12485,65679
941,941000,0.006802721088435374,0.0006802721088435375,0.0029297725039006332,0.0069547938400397425,0.0010432190760059613,0.0037345165207678887,0.006927465362673187,0.00097799511002445,0.0035898987084457784,0.42665036674816625,349,812,402,671,0.8202933985330073,818,818,671,65679
942,942000,0.020161290322580645,0.002419354838709678,0.010608587716013942,0.0048371647509578555,0.0008620689655172415,0.0037272176641894735,0.007154471544715448,0.0010975609756097562,0.00476781508666049,0.46219512195121953,379,831,441,696,0.848780487804878,820,1620,1356,65679
943,943000,0.005175983436853002,0.0012422360248447205,0.0022340025445838083,0.009782070331847451,0.001337295690936107,0.005083156045327534,0.008892885691446842,0.0013189448441247003,0.004533139602138398,0.4292565947242206,358,803,409,673,0.8069544364508393,834,2417,2009,65679
944,944000,0.012,0.0016,0.003947577791250992,0.004082612872238232,0.0005763688760806917,0.0015773157620447816,0.005291005291005291,0.0007326007326007327,0.0019390773660139832,0.41025641025641024,336,829,383,694,0.8473748473748474,819,3195,2673,65679
945,945000,0.014720558882235528,0.0023952095808383233,0.007152591855343536,0.0,0.0,0.0,0.00302006552006552,0.0004914004914004914,0.0014674236361699885,0.4213759213759214,343,782,421,647,0.7948402948402948,814,3950,3286,65679
946,946000,0.0004901960784313725,0.0007352941176470588,0.0016183218110152953,0.004291845493562232,0.00042918454935622326,0.0034146678215086434,0.0036726546906187623,0.0004790419161676647,0.0031220893096199063,0.42634730538922155,356,812,403,699,0.837125748502994,835,4713,3933,65679
947,947000,0.016791044776119403,0.0029850746268656717,0.008028338925411034,0.0034925112499160456,0.0005641748942172074,0.0013180540723518935,0.005606394396429984,0.0009489916963226572,0.002384694843775292,0.398576512455516,336,827,381,709,0.8410438908659549,843,5494,4603,65679
948,948000,0.0032175032175032173,0.0013513513513513514,0.0017754251556609145,0.006656804733727811,0.0008875739644970416,0.0041316894389709325,0.006039066111881646,0.0009708737864077671,0.003708476922065735,0.4381067961165049,361,787,401,676,0.8203883495145631,824,6247,5227,65679
949,949000,0.024390243902439025,0.002439024390243903,0.018389101684088742,0.0040595399188092015,0.0005412719891745603,0.002125094926063632,0.0069605568445475635,0.0008120649651972158,0.004445829069030092,0.4234338747099768,365,849,399,739,0.857308584686775,862,7040,5920,65679
950,950000,0.018867924528301886,0.001886792452830189,0.010706400528429375,0.005934718100890208,0.0005934718100890209,0.0025215894879755552,0.008403361344537815,0.0008403361344537816,0.0040838763492386495,0.40936374549819926,341,808,396,674,0.8091236494597839,833,7793,6542,65679
951,951000,0.012195121951219513,0.0012195121951219512,0.0044616253276669165,0.0048277375466315555,0.0007680491551459293,0.0028718505441560254,0.006310254163014899,0.0008588957055214724,0.003191756144764352,0.42208588957055215,344,795,402,651,0.7987730061349694,815,8535,7152,65679
952,952000,0.04045893719806763,0.0050724637681159425,0.0289322682471632,0.005722460658082976,0.0005722460658082976,0.0028244261535893553,0.011449621664675426,0.0013142174432497014,0.007128944921705473,0.42054958183990443,352,824,393,699,0.8351254480286738,837,9277,7789,65679
953,953000,0.006944444444444444,0.0006944444444444445,0.0024736610215834874,0.004332313965341488,0.0007645259938837921,0.0026937102233337788,0.004803675856307435,0.0007518796992481205,0.0026540020967021475,0.43609022556390975,348,817,401,654,0.8195488721804511,798,9981,8377,65679
954,954000,0.03164556962025317,0.0037974683544303805,0.01702396223885513,0.0056634304207119745,0.0008090614886731392,0.0022321254861180106,0.01095360824742268,0.0014175257731958765,0.005243865443505207,0.39948453608247425,310,770,375,618,0.7963917525773195,776,10639,8916,65679
955,955000,0.003205128205128205,0.000641025641025641,0.001239912843700454,0.005813953488372093,0.0005813953488372093,0.002849908270656452,0.00533175355450237,0.0005924170616113745,0.002552326177522405,0.4075829383886256,344,796,379,688,0.8151658767772512,844,11355,9517,65679
956,956000,0.023178807947019868,0.0026490066225165563,0.01706894224947185,0.0022344900105152467,0.0006309148264984228,0.0011877851346140918,0.006263269639065817,0.0010191082802547772,0.004242631917217303,0.4152866242038217,326,805,387,634,0.8076433121019109,785,12031,10082,65679
957,957000,0.016233766233766232,0.0019480519480519483,0.013271582797654878,0.0033865505563618775,0.00043541364296081285,0.0021142697382373846,0.005733491498616054,0.000711743772241993,0.004152497746719347,0.4151838671411625,350,812,387,689,0.8173190984578885,843,12780,10711,65679
958,958000,0.026143790849673203,0.0026143790849673205,0.010112231572046425,0.00345679012345679,0.0005925925925925926,0.0027493059277539735,0.0076489533011272134,0.0009661835748792269,0.0041098465359384485,0.392512077294686,325,797,361,675,0.8152173913043478,828,13496,11318,65679
959,959000,0.024305555555555556,0.003472222222222222,0.00896501264146552,0.0031073446327683617,0.0004237288135593221,0.002068557077465643,0.006690140845070423,0.0009389671361502348,0.0032341552009585795,0.426056338028169,363,826,409,708,0.8309859154929577,852,14212,11942,65679
960,960000,0.015250544662309367,0.0026143790849673205,0.00882256631127357,0.007436260623229462,0.00113314447592068,0.003376655767195011,0.008828094683740784,0.0013969732246798604,0.004346649146990145,0.41327124563445866,355,793,387,706,0.8218859138533178,859,14937,12558,65679
961,961000,0.003968253968253968,0.0007936507936507937,0.004866247561630622,0.005193236714975845,0.0007246376811594203,0.002419524883235337,0.005004084967320261,0.0007352941176470589,0.002797327649752256,0.4338235294117647,354,804,408,690,0.8455882352941176,816,816,690,65679
962,962000,0.008169934640522876,0.0013071895424836603,0.007386448910658174,0.0029455081001472753,0.00044182621502209137,0.00129537109102256,0.00390625,0.0006009615384615385,0.0024154851612199746,0.44711538461538464,372,796,410,679,0.8161057692307693,832,1620,1346,65679
963,963000,0.014184397163120567,0.0014184397163120568,0.005291783225951218,0.004316546762589928,0.0004316546762589929,0.0016257738152188567,0.005980861244019139,0.0005980861244019139,0.00224408401487587,0.4043062200956938,338,820,387,695,0.8313397129186603,836,2415,2012,65679
964,964000,0.030785562632696394,0.003821656050955414,0.01658110827596827,0.0058997050147492625,0.0005899705014749262,0.0044510067268525065,0.010578842315369262,0.0011976047904191619,0.0067317563594407395,0.4179640718562874,349,788,404,678,0.8119760479041916,835,3196,2655,65679
965,965000,0.012903225806451613,0.0012903225806451613,0.007296320990783597,0.0006373937677053824,0.00028328611898017,0.0003375742315239679,0.002845528455284553,0.0004645760743321719,0.0015903102915532856,0.43902439024390244,378,798,416,706,0.8199767711962834,861,4008,3324,65679
966,966000,0.028481012658227847,0.0031645569620253164,0.01578412503187948,0.0,0.0,0.0,0.005357142857142857,0.0005952380952380953,0.0029689187559963784,0.3964285714285714,333,814,388,682,0.8119047619047619,840,4779,3964,65679
967,967000,0.012903225806451613,0.0012903225806451613,0.004643492802524393,0.001851851851851852,0.0002962962962962963,0.0006733645278466732,0.00391566265060241,0.0004819277108433735,0.0014147740249250429,0.38795180722891565,322,795,363,675,0.8132530120481928,830,5547,4599,65679
968,968000,0.008275862068965517,0.0013793103448275863,0.007729733122065477,0.004414125200642055,0.0005617977528089888,0.0018387440274713089,0.005067511251875313,0.0007001166861143525,0.002835469136825048,0.4200700116686114,360,818,403,712,0.8308051341890315,857,6324,5261,65679
969,969000,0.009259259259259259,0.001388888888888889,0.003218790501865704,0.006448412698412698,0.000744047619047619,0.004715295733953619,0.006944444444444444,0.0008578431372549021,0.004451206575349869,0.42892156862745096,350,819,398,672,0.8235294117647058,816,7071,5892,65679
970,970000,0.018518518518518517,0.0018518518518518521,0.008831336778230822,0.0017467248908296944,0.0002911208151382824,0.0006279077425978026,0.0049469964664310955,0.0005889281507656066,0.0021932263571708874,0.4216725559481743,358,788,401,687,0.8091872791519434,849,7816,6515,65679
971,971000,0.015625,0.003125,0.006766505577800674,0.0045662100456621,0.0006088280060882801,0.0022064280791803848,0.006731946144430845,0.001101591187270502,0.0030994665122027177,0.40024479804161567,327,784,379,657,0.8041615667074663,817,8530,7111,65679
972,972000,0.005780346820809248,0.0017341040462427748,0.0051343683982519985,0.005184033177812337,0.0006220839813374806,0.0019519127578310248,0.005310457516339869,0.0008578431372549021,0.0026266245541457654,0.3909313725490196,319,782,374,643,0.7879901960784313,816,9247,7688,65679
973,973000,0.008179959100204498,0.001226993865030675,0.00289503753860929,0.0015772870662460567,0.0001577287066246057,0.0009951573400180718,0.002927645336679213,0.00037641154328732756,0.0013837150217876687,0.4015056461731493,320,790,383,634,0.795483061480552,797,9943,8262,65679
974,974000,0.007469654528478057,0.0013071895424836603,0.0036858899296220837,0.003125,0.000744047619047619,0.00250063741197548,0.0039307359307359305,0.0008484848484848484,0.002720447878884487,0.4036363636363636,333,795,369,672,0.8145454545454546,825,10661,8860,65679
975,975000,0.01827956989247312,0.0025806451612903226,0.007222583209315587,0.008056394763343404,0.000906344410876133,0.0030262915290229907,0.009995920032639738,0.0012239902080783353,0.0038224056176953927,0.4283965728274174,350,794,400,662,0.8102815177478581,817,11363,9445,65679
976,976000,0.00510204081632653,0.001360544217687075,0.002282961326580771,0.0058309037900874635,0.0005830903790087463,0.0020859224449578523,0.005702280912364946,0.0007202881152460985,0.0021206940123030733,0.44417767106842737,370,822,429,686,0.8235294117647058,833,12066,10050,65679
977,977000,0.025477707006369428,0.0031847133757961785,0.016797634717937385,0.005817099567099567,0.0008116883116883117,0.0027203511330260066,0.009810263044415696,0.00129366106080207,0.0055795148106858854,0.39715394566623546,307,760,361,616,0.796895213454075,773,12734,10592,65679
978,978000,0.006756756756756757,0.0006756756756756757,0.0021315194377414105,0.009198813056379823,0.001335311572700297,0.005013689432265791,0.008759124087591242,0.0012165450121654502,0.0044947585816701606,0.41849148418491483,344,803,392,674,0.8199513381995134,822,13435,11187,65679
979,979000,0.0,0.0,0.0,0.008857808857808857,0.000979020979020979,0.006196556979524122,0.007442224833529181,0.0008225616921269096,0.005206272902890419,0.4406580493537015,375,839,437,715,0.8401880141010576,851,14159,11825,65679
980,980000,0.005847953216374269,0.0005847953216374269,0.005847953216374269,0.005810882197569994,0.0009508716323296354,0.0027951131449606495,0.005818786367414796,0.0008728179551122194,0.0034460304170451004,0.39900249376558605,320,784,374,631,0.786783042394015,802,14808,12370,65679
981,981000,0.015873015873015872,0.0015873015873015873,0.006140520749754629,0.0027624309392265192,0.00041436464088397796,0.0016635115988791244,0.004705882352941176,0.000588235294117647,0.002327162367126552,0.45176470588235296,384,853,442,724,0.851764705882353,850,850,724,65679
982,982000,0.015250544662309367,0.0019607843137254906,0.0054270588408916,0.006797583081570997,0.0007552870090634441,0.00484221205060067,0.00838445807770961,0.00098159509202454,0.004952005374422158,0.4,326,793,374,662,0.8122699386503067,815,1647,1376,65679
983,983000,0.009212920837124659,0.003821656050955414,0.008753160184458783,0.0015408320493066256,0.00015408320493066256,0.0005960752037512197,0.0030352711804324706,0.0008684863523573202,0.0021849862980081523,0.41811414392059554,337,782,390,649,0.8052109181141439,806,2427,2008,65679
984,984000,0.001886792452830189,0.001257861635220126,0.001355343218738891,0.0021929824561403508,0.0005847953216374269,0.0010417719679287826,0.002135231316725979,0.000711743772241993,0.0011009152999321126,0.4128113879003559,348,794,388,684,0.8113879003558719,843,3229,2661,65679
985,985000,0.019230769230769232,0.002797202797202797,0.009291783700557322,0.006882989183874139,0.0010324483775811211,0.004369088294912997,0.009033698741372309,0.0013398294762484776,0.005226512707832776,0.43727161997563946,359,809,400,678,0.8258221680876979,821,4009,3307,65679
986,986000,0.03146853146853147,0.0034965034965034965,0.01635453438491735,0.0014326647564469914,0.00014326647564469916,0.0005103254829627825,0.006539833531510107,0.000713436385255648,0.0032044061880513713,0.44589774078478,375,809,424,698,0.8299643281807372,841,4785,3958,65679
987,987000,0.021739130434782608,0.0021739130434782613,0.010376519921995933,0.0017730496453900709,0.00028368794326241134,0.0006072638380548419,0.0050415183867141165,0.0005931198102016608,0.002206501488806764,0.44483985765124556,375,837,415,705,0.8362989323843416,843,5573,4627,65679
988,988000,0.02112676056338028,0.0028169014084507044,0.00923896706269268,0.009868421052631578,0.0013157894736842107,0.005362585455712226,0.011803874092009685,0.0015738498789346247,0.006028985199285136,0.43341404358353514,358,812,408,684,0.8280871670702179,826,6323,5259,65679
989,989000,0.024817518248175185,0.0036496350364963502,0.016891800052349488,0.00362844702467344,0.00043541364296081285,0.0013363209300993246,0.0071428571428571435,0.0009685230024213075,0.003916345917688031,0.4297820823244552,355,803,397,689,0.8341404358353511,826,7050,5882,65679
990,990000,0.014880952380952384,0.002380952380952381,0.006354364575919019,0.0012437810945273632,0.00029850746268656717,0.0005969391482918162,0.003977724741447891,0.0007159904534606206,0.001751172408245718,0.4116945107398568,345,797,397,670,0.7995226730310262,838,7782,6492,65679
991,991000,0.01594202898550725,0.0021739130434782613,0.00751934558290331,0.002751572327044025,0.000628930817610063,0.0014249841759696171,0.0051033591731266155,0.0009043927648578812,0.002511575744647717,0.4043927648578811,313,806,374,636,0.8217054263565892,774,8453,7065,65679
992,992000,0.00784313725490196,0.0011764705882352942,0.0045312277746278684,0.0029985007496251873,0.0002998500749625188,0.0011140329750263325,0.00398247710075667,0.0004778972520908005,0.0018080868769764654,0.43727598566308246,366,790,426,667,0.7968936678614098,837,9175,7661,65679
993,993000,0.008283730158730159,0.0020833333333333337,0.003586037335589737,0.004719004719004719,0.0006006006006006007,0.0026965123145219,0.005352733686067019,0.0008641975308641976,0.002854650096045071,0.40617283950617283,329,787,369,666,0.8222222222222222,810,9868,8243,65679
994,994000,0.015432098765432098,0.0018518518518518521,0.005545873157838922,0.008,0.0008,0.004260887318771054,0.009529860228716646,0.0010165184243964421,0.004525395204322509,0.39390088945362134,310,765,361,625,0.7941550190597204,787,10545,8800,65679
995,995000,0.014705882352941176,0.0014705882352941176,0.004938765175689345,0.004985754985754986,0.0005698005698005699,0.002610242953341232,0.0065632458233890216,0.0007159904534606206,0.0029881415478989204,0.418854415274463,351,828,402,702,0.837708830548926,838,11277,9434,65679
996,996000,0.014381591562799617,0.002684563758389262,0.009678005312257343,0.008811681772406847,0.0012084592145015106,0.00575765801659347,0.009835006752392695,0.0014796547472256472,0.00647791911037142,0.4278668310727497,347,799,412,662,0.8162762022194822,811,11964,10016,65679
997,997000,0.01901565995525727,0.003355704697986577,0.011428326847604022,0.0061068702290076335,0.0006106870229007634,0.002492227410847923,0.008499170812603648,0.0011194029850746267,0.004148295590047747,0.42661691542288555,343,803,410,655,0.8146766169154229,804,12644,10589,65679
998,998000,0.010648148148148148,0.0020833333333333337,0.006130436726665571,0.0037369207772795215,0.0008968609865470853,0.0021586520731881336,0.0049610496104961046,0.0011070110701107013,0.002862141605907384,0.4317343173431734,351,817,412,669,0.8228782287822878,813,13346,11189,65679
999,999000,0.006802721088435374,0.0006802721088435375,0.002631651749894841,0.003505188783395893,0.0006182380216383308,0.003336551451705418,0.004115689096797409,0.0006297229219143577,0.003206047350740488,0.40554156171284633,322,804,392,647,0.8148614609571788,794,14006,11751,65679
1000,1000000,0.012387387387387387,0.002027027027027027,0.005637227158102316,0.004322766570605188,0.0004322766570605188,0.001567599050209505,0.005740300870942201,0.0007125890736342043,0.002282925605991139,0.44536817102137766,375,801,427,694,0.8242280285035629,842,14712,12363,65679
1001,1001000,0.03,0.0033333333333333335,0.012417845872494192,0.004782400765184122,0.0005738880918220947,0.0022145000530660445,0.009248327430145612,0.001062573789846517,0.004021468025810108,0.42502951593860683,360,821,409,697,0.8229043683589138,847,847,697,65679
1002,1002000,0.019015659955257273,0.002684563758389262,0.007880834740693166,0.0051928783382789315,0.0005934718100890209,0.0020004751311502515,0.007695423248278656,0.0009720534629404617,0.0030650845865839026,0.402187120291616,331,802,361,674,0.818955042527339,823,1645,1358,65679
1003,1003000,0.02287581699346405,0.0032679738562091504,0.014537714023058812,0.005433287482806052,0.0008253094910591473,0.0024244790999235536,0.008465909090909092,0.00125,0.004530530171786842,0.4068181818181818,358,813,386,727,0.8261363636363637,880,2487,2059,65679
1004,1004000,0.013793103448275862,0.00206896551724138,0.006191784835901772,0.0028735632183908046,0.00028735632183908046,0.001462331265525861,0.0047562425683709865,0.0005945303210463733,0.002277754294901018,0.3912009512485137,329,820,373,696,0.8275862068965517,841,3285,2726,65679
1005,1005000,0.020072992700729927,0.0029197080291970805,0.006703311875866585,0.0014184397163120568,0.00028368794326241134,0.0006108143494844922,0.004453681710213777,0.0007125890736342042,0.0016021114529457113,0.4251781472684085,358,809,415,705,0.83729216152019,842,4070,3388,65679
1006,1006000,0.0,0.0,0.0,0.005338904363974001,0.0008356545961002785,0.0026996112297611183,0.0043560606060606055,0.0006818181818181819,0.002202637344282367,0.4034090909090909,355,802,401,718,0.8159090909090909,880,4882,4063,65679
1007,1007000,0.01985294117647059,0.0029411764705882353,0.008042749721627369,0.0029069767441860465,0.000436046511627907,0.0011096805986286053,0.005703883495145631,0.0008495145631067962,0.002253973560676945,0.4344660194174757,358,815,407,688,0.8349514563106796,824,5645,4709,65679
1008,1008000,0.014864864864864866,0.002027027027027027,0.006166487141752512,0.005873715124816446,0.0007342143906020558,0.004031079708481757,0.007478890229191798,0.0009650180940892643,0.0044123104685831705,0.43063932448733416,357,816,422,681,0.8214716525934861,829,6387,5326,65679
1009,1009000,0.013071895424836602,0.0013071895424836603,0.00478239577606127,0.0046439628482972135,0.0006191950464396285,0.0027755759454246914,0.006257822277847309,0.0007509386733416772,0.0031598605938444615,0.4005006257822278,320,794,393,646,0.8085106382978723,799,7094,5917,65679
1010,1010000,0.006578947368421052,0.0006578947368421052,0.002833398408377586,0.003676470588235294,0.0005882352941176471,0.0023156097410679207,0.004206730769230769,0.0006009615384615385,0.0024102057475956485,0.41346153846153844,344,809,390,680,0.8173076923076923,832,7820,6527,65679
1011,1011000,0.009523809523809525,0.0021276595744680856,0.005463875630900122,0.004545454545454545,0.0006060606060606061,0.001838838431021589,0.00542179418583913,0.0008739076154806492,0.002476953593547024,0.4344569288389513,348,800,404,660,0.8239700374531835,801,8536,7123,65679
1012,1012000,0.02142857142857143,0.002142857142857143,0.013095238095238096,0.011029411764705883,0.001764705882352941,0.005806124339204034,0.012804878048780487,0.001829268292682927,0.007050607175600092,0.4060975609756098,333,807,377,680,0.8292682926829268,820,9269,7745,65679
1013,1013000,0.011655011655011654,0.0020979020979020983,0.005495395009138349,0.0030257186081694403,0.00030257186081694405,0.0010431777918931248,0.004560530679933665,0.0006218905472636816,0.0018350522471991787,0.4154228855721393,334,797,385,661,0.822139303482587,804,9965,8333,65679
1014,1014000,0.0021929824561403508,0.0006578947368421052,0.0013296535953983392,0.0028368794326241137,0.00028368794326241134,0.0009780716602005044,0.0027226760015558143,0.00035005834305717624,0.0010404292496404937,0.4224037339556593,362,820,400,705,0.822637106184364,857,10711,8963,65679
1015,1015000,0.020703933747412008,0.002484472049689441,0.007520567678695054,0.003076923076923077,0.0003076923076923077,0.0011431692220654826,0.006576243321002878,0.0007398273736128236,0.0024092125654900953,0.3970406905055487,322,784,364,650,0.8014796547472256,811,11398,9538,65679
1016,1016000,0.011258278145695364,0.0019867549668874177,0.0053007916290366535,0.004366812227074236,0.000727802037845706,0.0017959754513675492,0.005608591885441527,0.0009546539379474941,0.0024275115406611467,0.3926014319809069,329,825,377,687,0.8198090692124105,838,12128,10155,65679
1017,1017000,0.006289308176100629,0.000628930817610063,0.0027086575979458683,0.008547008547008548,0.0008547008547008548,0.005235070859797724,0.008130081300813009,0.0008130081300813009,0.004768520675553305,0.42857142857142855,369,799,405,702,0.8153310104529616,861,12848,10770,65679
1018,1018000,0.0041707717569786544,0.00206896551724138,0.002118486830980253,0.004050073637702504,0.0005891016200294552,0.0020581375341710514,0.004071312991215904,0.0008495145631067962,0.0020687572526629622,0.4186893203883495,345,798,391,679,0.8240291262135923,824,13553,11377,65679
1019,1019000,0.031007751937984496,0.003875968992248062,0.012734868101567372,0.0024154589371980675,0.00043478260869565224,0.0010216078762486625,0.006919006919006918,0.0009768009768009768,0.002866553626024137,0.4078144078144078,334,818,368,690,0.8424908424908425,819,14248,11973,65679
1020,1020000,0.006944444444444444,0.0006944444444444445,0.0020904860809998695,0.005124450951683748,0.0005856515373352855,0.0027780752962692865,0.005441354292623942,0.0006045949214026602,0.0026583499673711055,0.4546553808948005,376,811,427,683,0.8258766626360339,827,14934,12572,65679
1021,1021000,0.0033582089552238806,0.002238805970149254,0.002480202407294369,0.005094614264919942,0.000727802037845706,0.0029793891621695606,0.004811205846528624,0.00097442143727162,0.002897914101081527,0.4238733252131547,348,818,390,687,0.8367844092570037,821,821,687,65679
1022,1022000,0.0,0.0,0.0,0.004814305364511692,0.0008253094910591471,0.0021906019903018,0.004046242774566474,0.0006936416184971099,0.0018411186669935358,0.44971098265895953,389,834,420,727,0.8404624277456647,865,1670,1403,65679
1023,1023000,0.014792899408284023,0.0017751479289940832,0.005401575933086703,0.0051928783382789315,0.000741839762611276,0.0025229918611462477,0.0071174377224199285,0.0009489916963226572,0.0031000745517250575,0.3879003558718861,327,783,366,674,0.7995255041518387,843,2482,2056,65679
1024,1024000,0.01773049645390071,0.0021276595744680856,0.011316584558160404,0.004120879120879121,0.00041208791208791214,0.001855317497201564,0.006329113924050633,0.0006904487917146145,0.003390459793628718,0.45109321058688145,392,827,432,728,0.8377445339470656,869,3313,2757,65679
1025,1025000,0.007874015748031496,0.0007874015748031497,0.004967950815523287,0.005928853754940711,0.0006587615283267457,0.003449363233532197,0.006207674943566591,0.0006772009029345372,0.003667038880160717,0.4322799097065463,383,842,419,759,0.8566591422121896,886,4153,3486,65679
1026,1026000,0.02674897119341564,0.0030864197530864196,0.013410508638569928,0.007751937984496124,0.0007751937984496124,0.004527123379673404,0.011565468814539447,0.0012391573729863693,0.006310405178857093,0.40396530359355637,326,780,366,645,0.7992565055762082,807,4876,4075,65679
1027,1027000,0.01875,0.0025,0.012164966439732413,0.0053391053391053395,0.0007215007215007215,0.004311504357360855,0.007854630715123096,0.0010550996483001172,0.005784603927325039,0.40211019929660025,343,802,384,693,0.8124267291910903,853,5649,4713,65679
1028,1028000,0.012903225806451613,0.0012903225806451613,0.004092666638692352,0.0014577259475218659,0.0001457725947521866,0.0005639253749774659,0.0035671819262782403,0.0003567181926278241,0.0012142879146633248,0.40309155766944116,339,812,386,686,0.8156956004756243,841,6397,5325,65679
1029,1029000,0.0,0.0,0.0,0.009217171717171718,0.0013636363636363637,0.006007435654020277,0.0075195714874330445,0.0011124845488257107,0.004900998184985641,0.4004944375772559,324,816,379,660,0.8158220024721878,809,7114,5921,65679
1030,1030000,0.013071895424836602,0.0013071895424836603,0.004217464140038627,0.003536067892503536,0.00042432814710042436,0.0027855083166527304,0.005232558139534884,0.0005813953488372093,0.0030402632480225475,0.44534883720930235,383,812,433,707,0.8220930232558139,860,7889,6572,65679
1031,1031000,0.025219298245614037,0.003289473684210526,0.013643819319572098,0.002881844380403458,0.00028818443804034583,0.0014223875225929101,0.006895193065405831,0.0008274231678486999,0.003618200327723922,0.4515366430260047,382,803,435,694,0.8203309692671394,846,8637,7202,65679
1032,1032000,0.0,0.0,0.0,0.006143220647037441,0.001068702290076336,0.0028677201635610217,0.00515212487043473,0.0008962868117797696,0.0024050662063155813,0.41613316261203587,325,839,424,655,0.8386683738796414,781,9332,7799,65679
1033,1033000,0.0,0.0,0.0,0.0032543003254300326,0.0005578800557880056,0.0013732738892431114,0.002751572327044025,0.0004716981132075472,0.0011611289841831497,0.4528301886792453,384,840,444,717,0.8455188679245284,848,10085,8449,65679
1034,1034000,0.004699248120300752,0.0015037593984962407,0.0031853924789284754,0.00610632183908046,0.0010057471264367816,0.003906807106993619,0.005880579010856453,0.0010856453558504221,0.0037910674863269557,0.451145958986731,374,830,426,696,0.8395657418576599,829,10814,9076,65679
1035,1035000,0.0038095238095238095,0.0016,0.003004280027910296,0.00018463810930576072,0.00014771048744460858,0.0001445370674079179,0.0007496140600878755,0.00037406483790523696,0.0005902576036458197,0.42643391521197005,342,823,410,677,0.844139650872818,802,11510,9683,65679
1036,1036000,0.0,0.0,0.0,0.002161383285302594,0.00028818443804034583,0.000899208242080458,0.001851851851851852,0.0002469135802469136,0.0007704327407454789,0.43333333333333335,351,853,401,694,0.8567901234567902,810,12215,10307,65679
1037,1037000,0.015873015873015872,0.0015873015873015873,0.00533073066582342,0.007386363636363636,0.0008522727272727274,0.004376345720957073,0.008674698795180723,0.000963855421686747,0.004521228254756061,0.4566265060240964,379,846,426,704,0.8481927710843373,830,12941,10937,65679
1038,1038000,0.011194029850746268,0.0014925373134328358,0.0038102434337117987,0.005007153075822604,0.0005722460658082976,0.0028142088956886325,0.006002400960384154,0.0007202881152460985,0.0029744353399804744,0.44057623049219685,367,816,405,699,0.8391356542617047,833,13669,11567,65679
1039,1039000,0.011111111111111112,0.0014814814814814816,0.003901923977411882,0.010924796747967478,0.0013719512195121953,0.004946017144905069,0.010956595027391486,0.001390644753476612,0.004767821724410024,0.41466498103666244,328,813,378,656,0.8293299620733249,791,14346,12150,65679
1040,1040000,0.030303030303030304,0.0030303030303030303,0.017334598002601977,0.006830601092896175,0.0008196721311475411,0.003426546572000625,0.010416666666666666,0.0011574074074074073,0.005551387762786943,0.4375,378,839,410,732,0.8472222222222222,864,15095,12803,65679
1041,1041000,0.01948051948051948,0.0019480519480519483,0.007906235735420833,0.004160887656033287,0.0005547850208044383,0.002126832834801761,0.006857142857142857,0.0008,0.003144007745310718,0.416,364,821,405,721,0.824,875,875,721,65679
1042,1042000,0.01171875,0.0015625,0.005290931928000373,0.004971590909090909,0.0007102272727272727,0.002099032306435791,0.006009615384615385,0.0008413461538461538,0.002590093786676496,0.41346153846153844,344,853,411,704,0.8461538461538461,832,1688,1413,65679
1043,1043000,0.009070294784580499,0.001360544217687075,0.003642453604312115,0.0,0.0,0.0,0.001568627450980392,0.00023529411764705883,0.0006299302115692717,0.3976470588235294,338,813,374,703,0.8270588235294117,850,2494,2086,65679
1044,1044000,0.007194244604316547,0.0007194244604316547,0.00309839250412513,0.00273224043715847,0.000273224043715847,0.0017238517857143649,0.003444316877152698,0.00034443168771526985,0.0019432101782047165,0.4431687715269805,386,838,425,732,0.8404133180252583,871,3321,2788,65679
1045,1045000,0.0031645569620253164,0.0006329113924050633,0.0011682006125289125,0.0046801872074883,0.00046801872074883003,0.003100057629765179,0.004380475594493116,0.0005006257822277848,0.002718038344754753,0.4142678347934919,331,804,376,641,0.8022528160200251,799,4061,3391,65679
1046,1046000,0.023489932885906045,0.004026845637583892,0.016229838876593024,0.0036231884057971015,0.00043478260869565224,0.001420663343640377,0.007151370679380214,0.0010727056019070322,0.004050659951995495,0.41120381406436235,345,791,383,690,0.8224076281287247,839,4842,4043,65679
1047,1047000,0.048329779673063254,0.005970149253731343,0.022201270017999025,0.006097560975609756,0.0006097560975609756,0.0029540595067636434,0.013261000602772752,0.001518987341772152,0.00621877622639091,0.41012658227848103,324,804,383,656,0.830379746835443,790,5563,4649,65679
1048,1048000,0.005714285714285714,0.001142857142857143,0.0023682114260191083,0.0024630541871921183,0.0003284072249589491,0.0009708295645698321,0.0031887755102040817,0.0005102040816326531,0.0012827451586433312,0.39540816326530615,310,755,363,609,0.7767857142857143,784,6282,5215,65679
1049,1049000,0.012557077625570776,0.0020547945205479454,0.004764072400047408,0.004103967168262654,0.00041039671682626544,0.0031675306111979876,0.005511212466742683,0.000684150513112885,0.003433317499649544,0.44013683010262256,386,826,420,731,0.8335233751425314,877,7076,5886,65679
1050,1050000,0.02062937062937063,0.0034965034965034965,0.008672204121133776,0.003703703703703704,0.0004444444444444445,0.0018313925890728344,0.006662591687041565,0.00097799511002445,0.0030272801796409447,0.4388753056234719,359,806,405,675,0.8251833740831296,818,7814,6509,65679
1051,1051000,0.007692307692307693,0.0007692307692307692,0.002223575587060676,0.006540697674418605,0.000872093023255814,0.002823825843716169,0.006723716381418093,0.0008557457212713937,0.00272843154864867,0.4156479217603912,340,841,397,688,0.8410757946210269,818,8527,7115,65679
1052,1052000,0.019753086419753086,0.003703703703703704,0.011163739788076128,0.005007153075822604,0.0005722460658082976,0.0023049892141392236,0.007394084732214228,0.0010791366906474822,0.003738959630783687,0.420863309352518,351,822,395,699,0.8381294964028777,834,9277,7759,65679
1053,1053000,0.008948545861297539,0.001342281879194631,0.0037470774067689247,0.009681372549019608,0.0013235294117647058,0.005139531061372081,0.009549658222758342,0.0013268998793727383,0.004889258932860778,0.39324487334137515,326,807,371,680,0.8202653799758746,829,10012,8375,65679
1054,1054000,0.00625,0.00125,0.003015472246192219,0.0049504950495049506,0.0005657708628005659,0.0026399930777767145,0.005190311418685121,0.0006920415224913496,0.0027092856578764613,0.4348327566320646,377,806,429,707,0.8154555940023068,867,10767,9012,65679
1055,1055000,0.0,0.0,0.0,0.0,0.0,0.0,0.0,0.0,0.0,0.45529411764705885,387,840,440,727,0.8552941176470589,850,11509,9670,65679
1056,1056000,0.01603053435114504,0.002290076335877863,0.0130997929100235,0.0,0.0,0.0,0.0025089605734767025,0.0003584229390681004,0.002050266273850751,0.4336917562724014,363,823,414,706,0.8434886499402628,837,12238,10303,65679
1057,1057000,0.0037313432835820895,0.0007462686567164179,0.001377430572981852,0.0028328611898017,0.00028328611898017,0.0009947842549862186,0.002976190476190476,0.0003571428571428572,0.0010558254533331412,0.4154761904761905,349,836,400,706,0.8404761904761905,840,12969,10932,65679
1058,1058000,0.013793103448275862,0.0013793103448275863,0.008972620659751594,0.007688492063492062,0.0010416666666666669,0.0039276651167677685,0.008771929824561403,0.001101591187270502,0.004823036663564163,0.40636474908200737,332,813,399,672,0.8225214198286414,817,13659,11520,65679
1059,1059000,0.013513513513513514,0.0013513513513513514,0.005316782062036589,0.003962703962703962,0.0005594405594405594,0.0015986142988784345,0.005600617999227501,0.0006952491309385863,0.002236260682363263,0.42294322132097334,365,820,391,715,0.828505214368482,863,14394,12152,65679
1060,1060000,0.00909090909090909,0.0009090909090909091,0.0027366363242180107,0.005201560468140442,0.0005201560468140442,0.0030871128061300667,0.005688282138794084,0.0005688282138794084,0.0030432534056632566,0.4379977246871445,385,860,419,769,0.8748577929465301,879,15142,12822,65679
1061,1061000,0.017361111111111112,0.0020833333333333337,0.008663267512241479,0.006540697674418605,0.000872093023255814,0.0038219632795123692,0.008413461538461538,0.0010817307692307693,0.004659881319792407,0.40625,338,826,392,688,0.8269230769230769,832,832,688,65679
1062,1062000,0.0,0.0,0.0,0.0033647375504710633,0.00040376850605652767,0.00261975844697011,0.002910360884749709,0.00034924330616996514,0.002265984314433983,0.44935972060535506,386,843,423,743,0.8649592549476135,859,1677,1421,65679
1063,1063000,0.02097902097902098,0.0020979020979020983,0.009074100840826042,0.004087193460490463,0.0004087193460490464,0.0017238325375596348,0.0068415051311288486,0.000684150513112885,0.0029223369473282733,0.4218928164196123,370,824,402,734,0.8369441277080958,877,2526,2138,65679
1064,1064000,0.013333333333333334,0.0013333333333333335,0.010872865023809717,0.0015698587127158557,0.00015698587127158556,0.00045379093613483185,0.0038119440914866584,0.00038119440914866586,0.0024396373314985328,0.41296060991105465,325,795,403,637,0.8094027954256671,787,3277,2754,65679
1065,1065000,0.009324009324009324,0.0013986013986013986,0.0030566837888169264,0.005306319343945971,0.0008683068017366137,0.0022633689903479317,0.005995203836930456,0.0009592326139088729,0.0023993929905650373,0.39448441247002397,329,799,360,691,0.8285371702637889,834,4048,3400,65679
1066,1066000,0.016556291390728478,0.0019867549668874177,0.012831148012941634,0.0043541364296081275,0.00043541364296081285,0.001916502574764605,0.006547619047619048,0.0007142857142857144,0.0038785400285321426,0.39880952380952384,335,806,375,689,0.8202380952380952,840,4826,4044,65679
1067,1067000,0.007279344858962693,0.0012738853503184715,0.007046730452421846,0.01075268817204301,0.0016129032258064518,0.005331261985783005,0.010102730007378399,0.0015494636471990464,0.005652273367502072,0.4088200238379023,343,802,383,682,0.8128724672228844,839,5586,4670,65679
1068,1068000,0.02992957746478873,0.0035211267605633804,0.017943240718898402,0.0028011204481792717,0.00042016806722689084,0.0020386626744922413,0.0073014018691588784,0.0009345794392523364,0.00467703893886803,0.44042056074766356,377,812,420,714,0.8341121495327103,856,6364,5327,65679
1069,1069000,0.008849557522123894,0.0008849557522123895,0.004424778761061947,0.006382978723404255,0.0008510638297872341,0.002554240096554119,0.006723716381418093,0.0008557457212713936,0.0028126396920179144,0.4058679706601467,332,865,386,705,0.8618581907090465,818,7086,5960,65679
1070,1070000,0.007194244604316547,0.0007194244604316547,0.002398081534772182,0.009782608695652175,0.0011594202898550724,0.007248648566196259,0.009348612786489748,0.0010856453558504224,0.006435344805800667,0.41737032569360677,346,820,398,690,0.8323281061519904,829,7819,6584,65679
1071,1071000,0.014666666666666668,0.0020000000000000005,0.009754668796501905,0.001981178801386825,0.0002971768202080238,0.0007277259663312315,0.00429323612798704,0.0006075334143377885,0.0023729767859249147,0.39611178614823817,326,818,392,673,0.8177399756986634,823,8555,7196,65679
1072,1072000,0.015503875968992248,0.0015503875968992248,0.009992750591611534,0.004859086491739552,0.0007288629737609329,0.001791572079952906,0.006543967280163598,0.0008588957055214723,0.0030896727278105296,0.46134969325153374,376,832,434,686,0.841717791411043,815,9257,7799,65679
1073,1073000,0.0033783783783783786,0.0006756756756756757,0.0016026872484411906,0.00680786686838124,0.0007564296520423601,0.002994326765456471,0.006180469715698393,0.0007416563658838072,0.002739737583110041,0.41656365883807167,337,818,394,661,0.8170580964153276,809,9960,8395,65679
1074,1074000,0.008547008547008548,0.0008547008547008547,0.002696280998168622,0.0036664170618742544,0.0007072135785007072,0.0016095642167413037,0.004359413668379973,0.0007281553398058254,0.0017638674490556194,0.4223300970873786,348,847,414,707,0.8580097087378641,824,10651,9005,65679
1075,1075000,0.012471655328798185,0.0020408163265306124,0.006611493316105446,0.0014858841010401188,0.0004457652303120357,0.0012728805071884966,0.003455284552845528,0.0007317073170731708,0.002229924510738242,0.38414634146341464,315,809,359,673,0.8207317073170731,820,11335,9584,65679
1076,1076000,0.01893939393939394,0.0030303030303030303,0.008331186691923924,0.004751461988304093,0.0005847953216374269,0.001794463371204243,0.0070465686274509805,0.000980392156862745,0.002851874496614779,0.42769607843137253,349,823,395,684,0.8382352941176471,816,12028,10182,65679
1077,1077000,0.01984126984126984,0.002380952380952381,0.007780239276180048,0.009193776520509194,0.0009900990099009901,0.004956241325515269,0.010804321728691477,0.0012004801920768306,0.005383400679397337,0.4117647058823529,343,834,393,707,0.8487394957983193,833,12759,10824,65679
1078,1078000,0.03237410071942446,0.0035971223021582736,0.01982905125938774,0.002936857562408223,0.00044052863436123355,0.0018152569715479637,0.007926829268292683,0.0009756097560975611,0.004868814783754951,0.4219512195121951,346,810,401,681,0.8304878048780487,820,13459,11422,65679
1079,1079000,0.03356481481481481,0.0041666666666666675,0.016624654077811565,0.005304101838755304,0.0007072135785007072,0.004018916355772342,0.010086173129651389,0.001292596944770858,0.006151967157151482,0.4383078730904818,373,826,416,707,0.8307873090481787,851,14172,12031,65679
1080,1080000,0.01746031746031746,0.002380952380952381,0.005647006630721273,0.0031601123595505617,0.00042134831460674164,0.0012892899615652821,0.005310262529832936,0.0007159904534606205,0.0019445075037056818,0.4331742243436754,363,833,405,712,0.8496420047732697,838,14892,12660,65679
1081,1081000,0.0017482517482517483,0.0006993006993006993,0.0027299304195251865,0.0033865505563618766,0.0005805515239477504,0.0013368229316499658,0.0031049679487179485,0.0006009615384615385,0.0015762632811285192,0.42908653846153844,357,815,417,689,0.828125,832,832,689,65679
1082,1082000,0.021978021978021976,0.0034965034965034965,0.00874003240221128,0.0007022471910112359,0.0001404494382022472,0.000543332594430536,0.004260651629072682,0.0007017543859649122,0.0019142426207611166,0.4105263157894737,351,823,394,712,0.8327485380116959,855,1661,1380,65679
1083,1083000,0.026490066225165563,0.0026490066225165563,0.0106426420384266,0.0034674063800277394,0.0004160887656033288,0.0017878846412175977,0.007454128440366973,0.0008027522935779816,0.00332121992444989,0.4059633027522936,354,816,390,721,0.8268348623853211,872,2498,2075,65679
1084,1084000,0.009655172413793102,0.00206896551724138,0.004957590265730008,0.006526104417670682,0.0007530120481927711,0.003730265837380118,0.007086938607334156,0.000988875154511743,0.003950243639741964,0.3720642768850433,301,812,367,664,0.8207663782447466,809,3252,2698,65679
1085,1085000,0.011538461538461539,0.0015384615384615385,0.004463686237321634,0.0028129395218002813,0.00028129395218002813,0.0017747672393008652,0.004161712247324614,0.0004756242568370987,0.00219041464684272,0.4149821640903686,349,828,410,711,0.845422116527943,841,4035,3366,65679
1086,1086000,0.003289473684210526,0.0006578947368421052,0.0012143137946024221,0.00267639902676399,0.00043795620437956214,0.0010234055015621829,0.002787733970529669,0.0004778972520908005,0.0010580746300473875,0.3942652329749104,330,795,376,685,0.8183990442054958,837,4801,4005,65679
1087,1087000,0.01425438596491228,0.002631578947368421,0.007468609944859149,0.011369509043927648,0.0015503875968992248,0.006814260049323967,0.01191969887076537,0.001756587202007528,0.006939054508698306,0.40401505646173147,322,799,381,645,0.8092848180677541,797,5531,4605,65679
1088,1088000,0.034552845528455285,0.0040650406504065045,0.02185346723764411,0.008130081300813007,0.0010043041606886656,0.004051776216972835,0.01209349593495935,0.0014634146341463417,0.006722029870073526,0.44146341463414634,362,849,424,697,0.85,820,6279,5254,65679
1089,1089000,0.014084507042253521,0.0014084507042253522,0.011485420799798998,0.0016385767790262171,0.00042134831460674164,0.0009197513908529013,0.0037080405932864947,0.000585480093676815,0.0026765722996003783,0.4274004683840749,365,828,414,712,0.8337236533957846,854,7048,5910,65679
1090,1090000,0.008695652173913044,0.0008695652173913044,0.004347826086956522,0.007449856733524355,0.001002865329512894,0.002727441696876022,0.0076260762607626075,0.000984009840098401,0.002956647360909549,0.4108241082410824,334,844,395,698,0.8585485854858549,813,7760,6537,65679
1091,1091000,0.0213963963963964,0.002702702702702703,0.008737654929757772,0.004934734161095193,0.0007163323782234957,0.002569476743111825,0.007814552140793275,0.0010638297872340426,0.003648543376236648,0.4314420803782506,365,811,404,698,0.8250591016548463,846,8512,7174,65679
1092,1092000,0.022144522144522148,0.002797202797202797,0.00924371062762512,0.010687022900763359,0.0012213740458015267,0.005301827810493284,0.012740183792815371,0.001503759398496241,0.0060082053077988645,0.41102756892230574,328,790,387,655,0.8208020050125313,798,9195,7750,65679
1093,1093000,0.01369047619047619,0.0025000000000000005,0.012702424780764058,0.0029895366218236174,0.00029895366218236175,0.0008999401963048765,0.004617055947854427,0.0006337135614702154,0.002694994885956463,0.4093789607097592,323,835,396,669,0.8479087452471483,789,9889,8348,65679
1094,1094000,0.006493506493506494,0.0006493506493506494,0.0027966010264506044,0.001969473165928114,0.00029542097488921716,0.0007730688952351912,0.0028078620136381864,0.0003610108303249098,0.0011480676295398526,0.394705174488568,328,800,373,677,0.8146811070998796,831,10609,8949,65679
1095,1095000,0.0,0.0,0.0,0.0030303030303030303,0.00030303030303030303,0.0010911911220725377,0.0025284450063211127,0.00025284450063211124,0.000910475525370259,0.38179519595448796,302,835,356,660,0.8343868520859671,791,11276,9516,65679
1096,1096000,0.016339869281045753,0.0019607843137254906,0.010309871108955877,0.003720238095238095,0.00044642857142857147,0.0013766079102199688,0.006060606060606061,0.0007272727272727273,0.003033322176167355,0.41333333333333333,341,771,378,672,0.8145454545454546,825,11972,10102,65679
1097,1097000,0.026211015262110154,0.0036496350364963502,0.010312954295873915,0.003770739064856712,0.0006033182503770739,0.0023336633337992106,0.007613636363636363,0.001125,0.0037001169110545034,0.41625,333,819,395,663,0.82875,800,12647,10677,65679
1098,1098000,0.019230769230769232,0.002307692307692308,0.014225670695304782,0.0052238805970149255,0.0005970149253731343,0.003220432075406062,0.0075,0.0008749999999999999,0.005008783351139604,0.43125,345,814,392,670,0.8375,800,13319,11257,65679
1099,1099000,0.011450381679389313,0.0015267175572519084,0.009496770582724549,0.005729877216916781,0.0006821282401091405,0.003384696971734359,0.006597222222222222,0.0008101851851851852,0.004311411836363658,0.45023148148148145,389,830,429,733,0.8483796296296297,864,14065,11908,65679
1100,1100000,0.012304250559284116,0.0020134228187919465,0.007685881607887154,0.0026265520534861507,0.0004297994269340975,0.0009540830739195332,0.004329004329004329,0.0007083825265643447,0.0021383073732833763,0.42266824085005905,358,811,388,698,0.8240850059031877,847,14781,12514,65679
1101,1101000,0.02142857142857143,0.002142857142857143,0.006553749057954937,0.00939306358381503,0.0010115606936416184,0.004407820928762597,0.01141826923076923,0.001201923076923077,0.004768914604347847,0.42908653846153844,357,819,423,692,0.8317307692307693,832,832,692,65679
1102,1102000,0.0,0.0,0.0,0.0039912917271407835,0.0005805515239477504,0.0018819597818705207,0.003357753357753358,0.0004884004884004884,0.001583236006970438,0.4297924297924298,352,832,403,689,0.8412698412698413,819,1624,1360,65679
1103,1103000,0.022222222222222223,0.0029629629629629632,0.018578852362292644,0.007342143906020558,0.0007342143906020558,0.0026904999788507724,0.00980392156862745,0.0011029411764705882,0.00531908768934667,0.41544117647058826,339,808,395,681,0.8345588235294118,816,2405,2019,65679
1104,1104000,0.020149253731343283,0.0029850746268656717,0.009121214120834574,0.005722460658082976,0.0005722460658082976,0.002907188584635839,0.008043217286914766,0.0009603841536614646,0.003906803736917509,0.43577430972388953,363,821,418,699,0.8391356542617047,833,3195,2685,65679
1105,1105000,0.0038369304556354917,0.0014388489208633094,0.002555778687729184,0.010781476121562952,0.0013024602026049205,0.0051307094299470335,0.00961847389558233,0.0013253012048192773,0.004699486088780429,0.3927710843373494,326,823,384,691,0.8325301204819278,830,3968,3332,65679
1106,1106000,0.002207505518763797,0.0006622516556291391,0.003107806132601036,0.001966568338249754,0.0002949852507374631,0.001262730875010764,0.002010454362685967,0.00036188178528347414,0.0015988061028709946,0.41254523522316044,342,798,392,678,0.8178528347406514,829,4731,3964,65679
1107,1107000,0.02846715328467153,0.00437956204379562,0.017305187868136278,0.008020050125313283,0.0009022556390977445,0.006085117458573534,0.011512884455527849,0.0014962593516209476,0.008001762902601085,0.4339152119700748,348,793,410,665,0.8291770573566085,802,5478,4590,65679
1108,1108000,0.018115942028985508,0.0021739130434782613,0.007310806379731882,0.0032139577594123047,0.0004132231404958678,0.0012313445823049546,0.005594135802469136,0.0006944444444444446,0.0022023697305050887,0.4351851851851852,376,838,410,726,0.8402777777777778,864,6279,5277,65679
1109,1109000,0.0035460992907801418,0.0007092198581560284,0.00274363693074143,0.004812951214176329,0.0006125574272588055,0.0016810401092930906,0.004587981288233177,0.0006297229219143577,0.0018697380335049494,0.4168765743073048,331,804,381,653,0.8224181360201511,794,6994,5876,65679
1110,1110000,0.0,0.0,0.0,0.008022030651340996,0.0011494252873563218,0.0034858218489109078,0.0068423202614379085,0.000980392156862745,0.0029732009887769506,0.44362745098039214,362,842,431,696,0.8529411764705882,816,7722,6515,65679
1111,1111000,0.007407407407407408,0.0007407407407407408,0.007407407407407408,0.0,0.0,0.0,0.001226993865030675,0.0001226993865030675,0.001226993865030675,0.44539877300613495,363,831,428,680,0.8343558282208589,815,8450,7141,65679
1112,1112000,0.021739130434782608,0.0021739130434782613,0.010610602079020223,0.00436046511627907,0.0005813953488372093,0.0031595011300319283,0.007263922518159807,0.000847457627118644,0.004404358189306002,0.41041162227602906,339,817,382,688,0.8329297820823245,826,9182,7771,65679
1113,1113000,0.0017123287671232876,0.0006849315068493151,0.0026738359588500114,0.01582125603864734,0.002028985507246377,0.0065197073967487255,0.01335725677830941,0.0017942583732057417,0.005848059992522395,0.43779904306220097,366,807,433,690,0.8253588516746412,836,9923,8398,65679
1114,1114000,0.01881720430107527,0.002419354838709678,0.00709473797758312,0.005007153075822604,0.0005722460658082976,0.00230188521549217,0.007087889833940868,0.000850546780072904,0.003024016129829081,0.41919805589307413,345,837,384,699,0.8493317132442284,823,10630,9007,65679
1115,1115000,0.010638297872340425,0.0014184397163120568,0.006398666802009548,0.005364271457085828,0.0007485029940119761,0.004644362158679683,0.006283477544293367,0.0008652657601977751,0.0049501185921895854,0.4103831891223733,332,799,387,668,0.8257107540173053,809,11340,9611,65679
1116,1116000,0.008,0.0008,0.0034454124645871445,0.005722460658082976,0.0008583690987124465,0.0028560629949571543,0.006067961165048544,0.0008495145631067961,0.0029454667373160722,0.41140776699029125,339,846,390,699,0.8483009708737864,824,12040,10220,65679
1117,1117000,0.006561679790026246,0.0015748031496062994,0.002951446289966533,0.0028776978417266188,0.00028776978417266187,0.0010362390511767985,0.003446877534468775,0.00048661800486618007,0.0013321408995056261,0.44282238442822386,364,831,415,695,0.8454987834549879,822,12739,10826,65679
1118,1118000,0.025735294117647058,0.003676470588235294,0.01445871916612398,0.004335260115606936,0.0004335260115606937,0.0023186845420572495,0.00785024154589372,0.0009661835748792271,0.0043126998909377755,0.4142512077294686,343,819,398,692,0.8357487922705314,828,13445,11435,65679
1119,1119000,0.017241379310344827,0.00206896551724138,0.008285936549476462,0.0,0.0,0.0,0.0028735632183908046,0.0003448275862068966,0.0013809894249127437,0.4068965517241379,354,828,383,725,0.8333333333333334,870,14200,12084,65679
1120,1120000,0.015037593984962405,0.0015037593984962407,0.010427464716049184,0.007436260623229462,0.000991501416430595,0.0032071764946257127,0.00864123957091776,0.0010727056019070324,0.004351751385506906,0.432657926102503,363,813,398,706,0.8414779499404053,839,14926,12713,65679
1121,1121000,0.008561643835616438,0.0013698630136986301,0.005212715321247658,0.0030727630285152406,0.0005899705014749262,0.002233074300391444,0.0040453074433656954,0.0007281553398058254,0.0027610204036014043,0.3871359223300971,319,812,375,678,0.8228155339805825,824,824,678,65679
1122,1122000,0.013986013986013986,0.0013986013986013986,0.005827505827505827,0.0007385524372230429,0.00014771048744460858,0.0009056827071867923,0.003048780487804878,0.0003658536585365854,0.0017640006415838923,0.39146341463414636,321,826,361,677,0.8256097560975609,820,1625,1341,65679
1123,1123000,0.021052631578947368,0.002631578947368421,0.013698817102738027,0.004888268156424581,0.000558659217877095,0.0033584292849728227,0.00771889400921659,0.0009216589861751152,0.005169188442000831,0.39746543778801846,345,827,392,716,0.8248847926267281,868,2465,2034,65679
1124,1124000,0.003703703703703704,0.0007407407407407408,0.0016178328653197347,0.004307077389566536,0.000723589001447178,0.001953414759905963,0.004208463046235443,0.0007263922518159807,0.0018985678400886012,0.40556900726392253,335,810,383,691,0.8365617433414043,826,3236,2687,65679
1125,1125000,0.018518518518518517,0.0026143790849673205,0.013351688910894662,0.00072992700729927,0.00014598540145985403,0.00034627403323984847,0.003977724741447891,0.0005966587112171838,0.002720771021642219,0.40572792362768495,340,804,378,685,0.8174224343675418,838,4024,3340,65679
1126,1126000,0.013157894736842105,0.0013157894736842105,0.004094724734547507,0.006924198250728863,0.0010204081632653062,0.002702249947978425,0.008054892601431982,0.0010739856801909309,0.0029548229402916715,0.3997613365155131,335,801,381,686,0.8186157517899761,838,4791,3980,65679
1127,1127000,0.025,0.0025,0.008861334367205456,0.007383966244725739,0.0009493670886075951,0.004194127678892442,0.010942760942760942,0.0012626262626262627,0.0051369977169354744,0.41414141414141414,328,781,375,632,0.797979797979798,792,5523,4566,65679
1128,1128000,0.007751937984496124,0.0007751937984496124,0.0025839793281653744,0.005319148936170213,0.0007092198581560284,0.0028208660858513074,0.005695443645083933,0.0007194244604316548,0.002784225328367512,0.44004796163069543,367,838,421,705,0.8453237410071942,834,6288,5226,65679
1129,1129000,0.03305785123966942,0.0033057851239669425,0.015867723800738393,0.0054869684499314125,0.0006858710562414266,0.002462169754047928,0.009411764705882352,0.0010588235294117648,0.0043704898006944526,0.40588235294117647,345,856,400,729,0.8576470588235294,850,7047,5883,65679
1130,1130000,0.013157894736842105,0.0013157894736842105,0.008771929824561403,0.0028694404591104736,0.00043041606886657106,0.0010855597492847081,0.004711425206124852,0.0005889281507656066,0.0024616825425026793,0.3957597173144876,336,804,381,697,0.8209658421672555,849,7803,6517,65679
1131,1131000,0.0,0.0,0.0,0.006607929515418502,0.0007342143906020558,0.0033435129338420804,0.005541871921182266,0.0006157635467980296,0.002804103827520267,0.4248768472906404,345,843,424,681,0.8386699507389163,812,8537,7142,65679
1132,1132000,0.0,0.0,0.0,0.00443007662835249,0.0007183908045977011,0.001749405775033785,0.0036402990948445494,0.0005903187721369539,0.0014375282401694386,0.3837072018890201,325,805,374,696,0.8217237308146399,847,9269,7754,65679
1133,1133000,0.0,0.0,0.0,0.003900709219858156,0.0005673758865248227,0.0013610263938395777,0.003254437869822485,0.0004733727810650888,0.0011355308966353873,0.4,338,828,391,705,0.834319526627219,845,10005,8378,65679
1134,1134000,0.016304347826086956,0.0021739130434782613,0.010669489223508036,0.005514157973174367,0.0008941877794336812,0.0023342966196282055,0.007354758961681088,0.001112484548825711,0.003756121810401279,0.3943139678615575,319,805,368,671,0.8294190358467244,809,10694,8965,65679
1135,1135000,0.010948905109489052,0.0014598540145985403,0.003704177103182862,0.0,0.0,0.0,0.0018226002430133657,0.00024301336573511544,0.0006166127134095409,0.4131227217496962,340,818,389,686,0.8335358444714459,823,11415,9584,65679
1136,1136000,0.01338199513381995,0.0021897810218978104,0.008128549461852555,0.00930004894762604,0.0010279001468428781,0.003700602699289669,0.009983700081499593,0.0012224938875305623,0.004442202584951179,0.3960880195599022,324,833,367,681,0.8325183374083129,818,12098,10171,65679
1137,1137000,0.003125,0.001388888888888889,0.004065712458432959,0.004651162790697674,0.0007751937984496124,0.0022049411418717728,0.004372623574144487,0.0008871989860583016,0.002544549595084461,0.4005069708491762,316,799,353,645,0.8174904942965779,789,12768,10745,65679
1138,1138000,0.008403361344537815,0.0008403361344537816,0.003250863926340686,0.002136150234741784,0.0005633802816901409,0.0019542718383962314,0.00303578608765581,0.0006031363088057901,0.0021403930186922387,0.39806996381182147,330,853,367,710,0.856453558504222,829,13473,11368,65679
1139,1139000,0.007633587786259542,0.0007633587786259542,0.0027191388328856657,0.003550821127385708,0.0005326231691078563,0.0014802578548788565,0.0041572184429327285,0.0005668934240362812,0.0016642639865329294,0.4308390022675737,380,836,405,751,0.8514739229024944,882,14243,12037,65679
1140,1140000,0.0020161290322580645,0.0008064516129032258,0.0009100414624914134,0.0041488857278330965,0.0007112375533428165,0.0021804767107626417,0.0038291011688835145,0.0007255139056831924,0.001989988233391865,0.43047158403869407,356,845,410,703,0.8500604594921403,827,14943,12648,65679
1141,1141000,0.007462686567164179,0.0007462686567164179,0.004708430996801922,0.0056022408963585435,0.0007002801120448179,0.002061680744086987,0.00589622641509434,0.0007075471698113208,0.0024799172226999604,0.42924528301886794,364,831,400,714,0.8419811320754716,848,848,714,65679
1142,1142000,0.015873015873015872,0.0020408163265306124,0.011084457444212235,0.0013831258644536654,0.00013831258644536652,0.0005350661234226025,0.003831417624521073,0.00045977011494252877,0.0023175494845215404,0.39655172413793105,345,828,388,723,0.8310344827586207,870,1699,1422,65679
1143,1143000,0.0,0.0,0.0,0.002238805970149254,0.00029850746268656717,0.001267667448342719,0.0018610421836228288,0.00024813895781637717,0.0010537682262898532,0.4218362282878412,340,837,392,670,0.8312655086848635,806,2476,2072,65679
1144,1144000,0.018442622950819672,0.002459016393442623,0.007141030809800657,0.002881844380403458,0.00028818443804034583,0.0018182413647592436,0.005208333333333333,0.0006127450980392157,0.00261405057100318,0.4166666666666667,340,838,405,694,0.8504901960784313,816,3242,2727,65679
1145,1145000,0.020833333333333332,0.002976190476190476,0.008990555340848026,0.007342143906020558,0.0007342143906020558,0.003381070772684161,0.010011778563015312,0.001177856301531213,0.0044910747861724165,0.35335689045936397,300,793,346,681,0.8021201413427562,849,4017,3360,65679
1146,1146000,0.015452538631346576,0.0019867549668874177,0.007365684441130766,0.0018666666666666669,0.00032,0.001739954742562253,0.004510309278350515,0.0006443298969072165,0.002834652145247621,0.3595360824742268,279,795,329,625,0.8054123711340206,776,4717,3932,65679
1147,1147000,0.0110062893081761,0.001886792452830189,0.004406652386373145,0.001999000499750125,0.0002998500749625188,0.0012835555221248846,0.003732849071832123,0.0006053268765133172,0.001884732763547976,0.4188861985472155,346,786,394,667,0.8075060532687651,826,5471,4546,65679
1148,1148000,0.008547008547008548,0.0008547008547008547,0.0030445058727181385,0.008673230192217532,0.0011251758087201125,0.005140132149823931,0.008655394524959743,0.0010869565217391307,0.004844011045450286,0.44082125603864736,365,843,402,711,0.8586956521739131,828,6220,5190,65679
1149,1149000,0.0037313432835820895,0.0007462686567164179,0.001970657631138738,0.005104645227156712,0.0006125574272588055,0.0019550433698657488,0.004870817450232952,0.0006353240152477764,0.0019577019607305273,0.4434561626429479,349,802,405,653,0.829733163913596,787,6919,5781,65679
1150,1150000,0.01199040767386091,0.0021582733812949644,0.00459710813099942,0.002136752136752137,0.00028490028490028494,0.0008185393503222027,0.0037653586999603643,0.0005945303210463733,0.0014430590417777714,0.42568370986920334,358,830,411,702,0.8347205707491082,841,7657,6413,65679
1151,1151000,0.02331002331002331,0.002797202797202797,0.014110345161918681,0.0034113060428849896,0.0007309941520467836,0.0027570166812429194,0.006852075775896815,0.0010882708585247885,0.0047201677970066845,0.4135429262394196,342,828,395,684,0.8270858524788391,827,8394,7034,65679
1152,1152000,0.006993006993006993,0.0006993006993006993,0.0020214323518733418,0.009776536312849162,0.00111731843575419,0.004571073710267641,0.009313154831199068,0.0010477299185098952,0.004146628175633898,0.41559953434225844,357,817,395,716,0.8335273573923166,859,9163,7689,65679
1153,1153000,0.010273972602739725,0.0013698630136986301,0.005049658592165222,0.0068171133051245884,0.0008462623413258111,0.0034969507782882463,0.007407407407407407,0.0009356725146198831,0.0037620915277923844,0.41403508771929826,354,828,391,709,0.8292397660818713,855,9904,8320,65679
1154,1154000,0.0,0.0,0.0,0.010279001468428781,0.0010279001468428781,0.0035144455286278387,0.008641975308641974,0.0008641975308641976,0.0029547375370315527,0.4111111111111111,333,826,384,681,0.8407407407407408,810,10599,8921,65679
1155,1155000,0.015804597701149423,0.0025862068965517245,0.007089505656734144,0.006711409395973154,0.0009395973154362416,0.004292649335567921,0.007936507936507936,0.0011614401858304297,0.004669461569313892,0.4367015098722416,376,864,438,745,0.8652729384436701,861,11343,9574,65679
1156,1156000,0.008333333333333333,0.0008333333333333334,0.008333333333333333,0.007211538461538462,0.0008241758241758243,0.004259288363007202,0.007370283018867925,0.0008254716981132075,0.004835804160694862,0.41391509433962265,351,861,392,728,0.8584905660377359,848,12069,10212,65679
1157,1157000,0.035037878787878785,0.004545454545454545,0.02329680604052392,0.007320644216691069,0.0007320644216691069,0.002973977936582759,0.011809815950920245,0.0013496932515337425,0.00626552800985912,0.403680981595092,329,815,374,683,0.838036809815951,815,12758,10808,65679
1158,1158000,0.009523809523809525,0.0009523809523809524,0.004101681505460886,0.0024741340530814214,0.0005398110661268556,0.001972188633346834,0.003349093774625689,0.000591016548463357,0.0022364873940702093,0.41843971631205673,354,867,399,741,0.875886524822695,846,13477,11452,65679
1159,1159000,0.002754820936639118,0.0008264462809917356,0.0011210906895243618,0.0027063599458728013,0.00040595399188092025,0.0014738436958793128,0.002713178294573643,0.00046511627906976747,0.001424212168241,0.4,344,839,382,739,0.8593023255813953,860,14202,12086,65679
1160,1160000,0.001838235294117647,0.0007352941176470588,0.0014352207720297857,0.004970760233918128,0.001023391812865497,0.0026562715234948043,0.004451219512195122,0.0009756097560975611,0.0024537557891054843,0.4146341463414634,340,830,413,684,0.8341463414634146,820,14890,12674,65679
1161,1161000,0.007246376811594203,0.0007246376811594203,0.0024154589371980675,0.006895745675549321,0.001262272089761571,0.002877432795011924,0.006952604778691735,0.0011750881316098707,0.0028025181153664342,0.43478260869565216,370,837,409,713,0.8378378378378378,851,851,713,65679
1162,1162000,0.0228310502283105,0.0027397260273972603,0.01826822229428906,0.006402877697841727,0.0010071942446043167,0.0030646910014504028,0.009254855330955212,0.0013079667063020215,0.005704067420896829,0.3912009512485137,329,824,379,695,0.8263971462544589,841,1671,1392,65679
1163,1163000,0.01937984496124031,0.0023255813953488376,0.00959108646865211,0.0026595744680851063,0.0004559270516717326,0.0014885469205476022,0.0054002541296060995,0.0007623888182973317,0.0028166633140742623,0.3735705209656925,294,814,352,658,0.8360864040660737,787,2421,2021,65679
1164,1164000,0.015384615384615385,0.0015384615384615385,0.007076881383764195,0.002717391304347826,0.0002717391304347826,0.0013828567402255423,0.004618937644341801,0.0004618937644341802,0.0022376179453756865,0.42032332563510394,364,846,401,736,0.8498845265588915,866,3238,2716,65679
1165,1165000,0.01893939393939394,0.002272727272727273,0.010409013241772888,0.005753685211602472,0.000855920114122682,0.0033162801937662335,0.00784313725490196,0.0010804321728691477,0.0044402186839665675,0.368547418967587,307,839,367,701,0.8415366146458584,833,3994,3357,65679
1166,1166000,0.007042253521126761,0.0007042253521126761,0.003032933507559106,0.0033964095099466274,0.00043668122270742364,0.001064573209376562,0.004020908725371934,0.00048250904704463213,0.0014017350457359362,0.390832328106152,324,811,370,687,0.8287092882991556,829,4762,3998,65679
1167,1167000,0.004166666666666667,0.0008333333333333334,0.0015381308064964015,0.0035472972972972975,0.0005405405405405405,0.0016271448183522493,0.003633720930232558,0.0005813953488372093,0.00161472425855841,0.42093023255813955,362,861,404,740,0.8604651162790697,860,5559,4688,65679
1168,1168000,0.018087855297157625,0.0023255813953488376,0.01379047061282473,0.001483679525222552,0.00029673590504451043,0.0005978978243289798,0.004151100041511,0.0006226650062266501,0.0027172526060424934,0.41469489414694893,333,846,406,674,0.8393524283935243,803,6273,5294,65679
1169,1169000,0.009022556390977442,0.0015037593984962407,0.007293909465000554,0.0039912917271407835,0.0005805515239477504,0.0024806859310044734,0.004805352798053528,0.0007299270072992701,0.0032594678410062723,0.4172749391727494,343,824,385,689,0.8381995133819952,822,6998,5910,65679
1170,1170000,0.036885245901639344,0.004098360655737705,0.01734865119684432,0.0036231884057971015,0.0005797101449275362,0.0020061119117951417,0.008620689655172414,0.0011083743842364533,0.0043112717551153385,0.39901477832512317,324,846,375,690,0.8497536945812808,812,7714,6532,65679
1171,1171000,0.002697841726618705,0.0014388489208633094,0.0016124924940411163,0.004329004329004329,0.00043290043290043295,0.002334872574676677,0.004056490384615385,0.0006009615384615385,0.0022141864794743417,0.41346153846153844,344,821,394,693,0.8329326923076923,832,8450,7162,65679
1172,1172000,0.0,0.0,0.0,0.00236318407960199,0.0004477611940298508,0.0010101569539644037,0.001971772519717725,0.0003735990037359901,0.0008428457772803866,0.41718555417185554,335,827,396,670,0.8343711083437111,803,9146,7765,65679
1173,1173000,0.025325296593953314,0.004477611940298508,0.011008587431202976,0.0029411764705882353,0.00044117647058823536,0.001238908760032356,0.006626031626031625,0.0011056511056511057,0.002847185101478134,0.42997542997543,350,816,400,680,0.8353808353808354,814,9859,8381,65679
1174,1174000,0.0070921985815602835,0.0007092198581560284,0.0070921985815602835,0.0014684287812041115,0.00014684287812041116,0.0005230648856211779,0.0024330900243309003,0.00024330900243309004,0.0016498870889391996,0.42944038929440387,353,802,394,681,0.8284671532846716,822,10585,9002,65679
1175,1175000,0.016923076923076926,0.002307692307692308,0.01414738619441243,0.0,0.0,0.0,0.0025670945157526257,0.00035005834305717624,0.0021460445802492603,0.44457409568261375,381,837,428,727,0.8483080513418904,857,11330,9641,65679
1176,1176000,0.03755868544600939,0.004929577464788732,0.019501550175182743,0.0034775888717156105,0.00046367851622874815,0.0027218801188595948,0.009611322348964935,0.0012674271229404308,0.005741795388818894,0.40430925221799746,319,802,393,647,0.8200253485424588,789,11987,10201,65679
1177,1177000,0.01654135338345865,0.0030075187969924814,0.007988299659730094,0.007102272727272727,0.0007102272727272727,0.0029201115085277646,0.008602150537634409,0.0010752688172043013,0.003725450844381898,0.43130227001194743,361,832,414,704,0.8410991636798089,837,12726,10840,65679
1178,1178000,0.010714285714285714,0.0014285714285714286,0.0048374234770289124,0.005633802816901409,0.0007042253521126761,0.0021392547830213515,0.006470588235294118,0.0008235294117647058,0.0025836590385049504,0.39294117647058824,334,825,372,710,0.8352941176470589,850,13448,11458,65679
1179,1179000,0.012903225806451613,0.0012903225806451613,0.003807063367624962,0.0011829652996845426,0.0003154574132492114,0.0012053104274341697,0.003485424588086185,0.0005069708491761724,0.0017164279251902822,0.4144486692015209,327,791,404,634,0.8035487959442332,789,14097,11994,65679
1180,1180000,0.003968253968253968,0.004761904761904762,0.0059085469944446176,0.003968253968253968,0.0003968253968253969,0.0014945936528797691,0.003968253968253968,0.0009291521486643438,0.002032880645753531,0.45760743321718933,394,849,437,756,0.8780487804878049,861,14849,12670,65679
1181,1181000,0.007246376811594203,0.0007246376811594203,0.0022859773680125274,0.0011622501162250115,0.0002789400278940028,0.000563958392936539,0.0021442495126705653,0.00035087719298245617,0.0008418982976856459,0.4304093567251462,368,815,412,717,0.8385964912280702,855,855,717,65679
1182,1182000,0.012738853503184714,0.0012738853503184715,0.0049280612386565815,0.008784773060029283,0.0008784773060029284,0.003964923066197484,0.009523809523809525,0.0009523809523809524,0.004144938177002338,0.3892857142857143,327,786,366,683,0.8130952380952381,840,1674,1390,65679
1183,1183000,0.014598540145985401,0.0014598540145985403,0.004499962572625619,0.004335260115606936,0.0005780346820809249,0.0020711352378285056,0.006031363088057901,0.0007237635705669483,0.0024725216610700066,0.4221954161640531,350,818,400,692,0.8347406513872135,829,2459,2055,65679
1184,1184000,0.0034965034965034965,0.0006993006993006993,0.002705264386255536,0.00463768115942029,0.0005797101449275362,0.0017692811014141609,0.004441776710684274,0.0006002400960384153,0.0019299601046942527,0.4129651860744298,344,813,385,690,0.8283313325330132,833,3235,2701,65679
1185,1185000,0.015503875968992248,0.0015503875968992248,0.007751937984496124,0.006289308176100629,0.0007861635220125787,0.0032766342270327113,0.00784313725490196,0.0009150326797385622,0.004031293292016737,0.3908496732026144,299,817,381,636,0.8313725490196079,765,3943,3296,65679
1186,1186000,0.012658227848101266,0.0012658227848101266,0.004994081179227138,0.005154639175257732,0.0005891016200294552,0.002418016319307566,0.006571087216248507,0.0007168458781362008,0.002904298574824044,0.4229390681003584,354,808,413,679,0.8112305854241338,837,4723,3941,65679
1187,1187000,0.007122507122507122,0.0017094017094017094,0.005588499340190809,0.0036496350364963502,0.00043795620437956214,0.0017599187992666336,0.004156275976724854,0.0006234413965087282,0.0023184523694513323,0.4002493765586035,321,841,377,685,0.8541147132169576,802,5450,4574,65679
1188,1188000,0.030660377358490566,0.004402515723270441,0.011850130126341353,0.004228855721393035,0.0005970149253731343,0.00261686746199349,0.009298351427422597,0.0013268998793727383,0.004387782737785179,0.4101326899879373,340,786,374,670,0.8082026537997588,829,6214,5196,65679
1189,1189000,0.007142857142857143,0.0007142857142857143,0.0020647487594134847,0.006220657276995304,0.0011267605633802818,0.002640705610411874,0.006372549019607842,0.0010588235294117648,0.0025458421290709622,0.42,357,823,390,710,0.8352941176470589,850,6976,5843,65679
1190,1190000,0.012589928057553957,0.0021582733812949644,0.008395503202944002,0.004470938897168405,0.0005961251862891207,0.0031997310080020135,0.005864197530864198,0.0008641975308641976,0.004091351174788355,0.41728395061728396,338,816,404,671,0.828395061728395,810,7691,6454,65679
1191,1191000,0.011666666666666667,0.0020000000000000005,0.004246356914923817,0.005073529411764706,0.0010294117647058824,0.0027065801307841466,0.006265060240963854,0.0012048192771084338,0.002984853043580473,0.3891566265060241,323,805,361,680,0.8192771084337349,830,8429,7074,65679
1192,1192000,0.013934426229508197,0.002459016393442623,0.010748979753735654,0.0073848238482384825,0.0009485094850948508,0.0027233057212753026,0.008313953488372093,0.0011627906976744186,0.0038618315723917716,0.40813953488372096,351,850,394,738,0.858139534883721,860,9178,7733,65679
1193,1193000,0.014705882352941176,0.002205882352941177,0.010454216246682826,0.005279034690799397,0.0006033182503770739,0.0028855435087808837,0.00688360450563204,0.0008760951188986232,0.004173828230125895,0.40801001251564456,326,814,371,663,0.8297872340425532,799,9875,8326,65679
1194,1194000,0.00228310502283105,0.0006849315068493151,0.00114493462305618,0.005689900426742532,0.0007112375533428165,0.0022560510055690043,0.005104043973301923,0.000706713780918728,0.002064975632368919,0.4381625441696113,372,826,421,703,0.8280329799764429,849,10630,8966,65679
1195,1195000,0.007751937984496124,0.0007751937984496124,0.00224081260711541,0.000362844702467344,0.0001451378809869376,0.00016378104695055916,0.001528117359413203,0.0002444987775061125,0.0004913324788102972,0.4278728606356968,350,832,420,689,0.8422982885085575,818,11354,9587,65679
1196,1196000,0.015503875968992248,0.0015503875968992248,0.010335917312661497,0.003714710252600297,0.0004457652303120357,0.0014286291696296108,0.005610972568578554,0.0006234413965087282,0.0028613475866509494,0.4002493765586035,321,831,365,673,0.8391521197007481,802,12041,10180,65679
1197,1197000,0.0078125,0.00078125,0.00390625,0.005186721991701245,0.0006915629322268327,0.0023624545895724095,0.005581668625146886,0.0007050528789659226,0.002594658834619097,0.4289071680376028,365,840,415,723,0.8495887191539365,851,12781,10824,65679
1198,1198000,0.0,0.0,0.0,0.0028089887640449437,0.0002808988764044944,0.001086665188861072,0.0023923444976076554,0.00023923444976076556,0.0009254851847716307,0.39952153110047844,334,842,386,712,0.8516746411483254,836,13498,11451,65679
1199,1199000,0.015089163237311387,0.0024691358024691358,0.005797026369277298,0.008409785932721712,0.0009174311926605506,0.004683135230561118,0.009735838779956428,0.0012254901960784314,0.00490427538310036,0.38357843137254904,313,775,362,654,0.8014705882352942,816,14189,12023,65679
1200,1200000,0.016666666666666666,0.0022222222222222227,0.006166254572970155,0.0,0.0,0.0,0.0025802752293577983,0.0003440366972477065,0.0009546380359529484,0.39793577981651373,347,828,388,737,0.8451834862385321,872,14928,12674,65679
1201,1201000,0.022469135802469134,0.003703703703703704,0.009115351121933981,0.006793478260869565,0.0008152173913043478,0.0028415492292633605,0.009223115193264447,0.0012629161882893227,0.0038139525076910687,0.417910447761194,364,838,409,736,0.8450057405281286,871,871,736,65679
1202,1202000,0.009408602150537635,0.0016129032258064516,0.004412323010378685,0.0040662650602409645,0.0006024096385542169,0.0018365365006242948,0.004906937394247039,0.0007614213197969543,0.0022418633118039197,0.4137055837563452,326,820,401,664,0.8426395939086294,788,1634,1384,65679
1203,1203000,0.0016233766233766235,0.0006493506493506494,0.0007996830803270454,0.006666666666666666,0.0008571428571428571,0.0032562551451604574,0.005757220921155347,0.000819672131147541,0.002813266740026564,0.4016393442622951,343,800,378,700,0.819672131147541,854,2446,2054,65679
1204,1204000,0.011111111111111112,0.0014814814814814816,0.008840195582350155,0.0066469719350073855,0.0007385524372230429,0.002691343057529326,0.007389162561576354,0.0008620689655172414,0.003713627652173183,0.39039408866995073,317,816,383,677,0.833743842364532,812,3212,2704,65679
1205,1205000,0.015527950310559006,0.001863354037267081,0.010409426295356706,0.00367047308319739,0.0011419249592169657,0.00214019602073741,0.006136950904392765,0.0012919896640826874,0.003860281387938581,0.41472868217054265,321,770,377,613,0.7919896640826873,774,3938,3284,65679
1206,1206000,0.0203448275862069,0.00413793103448276,0.008902772388704136,0.006363191385217817,0.0008810572687224671,0.002689136370761634,0.008817594834543988,0.0014527845036319612,0.003779907826695851,0.4128329297820823,341,813,386,681,0.8244552058111381,826,4712,3934,65679
1207,1207000,0.0018248175182481751,0.0007299270072992701,0.0014247447080003711,0.001512933138116154,0.0004392386530014642,0.001288439595476205,0.001565040650406504,0.00048780487804878054,0.0013112125228125595,0.42317073170731706,347,830,406,683,0.8329268292682926,820,5450,4560,65679
1208,1208000,0.018518518518518517,0.0022222222222222227,0.008511733295493016,0.006381934216985763,0.0010309278350515464,0.0049256134027474635,0.008394758394758395,0.0012285012285012285,0.0055203630164091955,0.41277641277641275,336,814,405,679,0.8341523341523341,814,6199,5193,65679
1209,1209000,0.012605042016806723,0.0016806722689075631,0.0040190696004036046,0.004195804195804196,0.00041958041958041963,0.0014435312177069255,0.00539568345323741,0.0005995203836930455,0.0018110241044466196,0.43285371702637887,361,845,412,715,0.8573141486810552,834,6948,5853,65679
1210,1210000,0.005597014925373134,0.002238805970149254,0.0035111813623648143,0.004373177842565598,0.0004373177842565598,0.0014439803441768757,0.004573170731707317,0.0007317073170731708,0.0017817912422710023,0.4036585365853659,331,814,376,686,0.8365853658536585,820,7681,6478,65679
1211,1211000,0.009337068160597572,0.0016806722689075631,0.009390947686615485,0.009246088193456615,0.0011379800853485065,0.00713331597866043,0.009259259259259259,0.0012165450121654502,0.007460150739301125,0.4221411192214112,347,842,392,703,0.8552311435523114,822,8420,7126,65679
1212,1212000,0.00966183574879227,0.0014492753623188406,0.006521415102146011,0.0020804438280166435,0.00027739251040221914,0.0013869625520110957,0.0032984090027163367,0.00046565774155995343,0.002211822216642782,0.4086146682188591,351,822,385,721,0.8393480791618161,859,9190,7783,65679
1213,1213000,0.011811023622047244,0.0015748031496062994,0.0050004642178100725,0.0014814814814814814,0.00014814814814814815,0.0009347107460317889,0.003117206982543641,0.00037406483790523696,0.0015785395376974273,0.39526184538653364,317,840,381,675,0.8416458852867831,802,9889,8385,65679
1214,1214000,0.015027322404371584,0.002459016393442623,0.006073050962993062,0.005007153075822604,0.0005722460658082976,0.002245383878336905,0.006496142915144133,0.0008526187576126675,0.002814172409796164,0.4177831912302071,343,854,378,699,0.8514007308160779,821,10611,9012,65679
1215,1215000,0.004419191919191919,0.0015151515151515152,0.0040276289609994746,0.008189655172413794,0.0010057471264367818,0.0033935027908850463,0.007588566827697262,0.0010869565217391304,0.0034945953687293757,0.392512077294686,325,822,358,696,0.8405797101449275,828,11312,9624,65679
1216,1216000,0.012295081967213115,0.001639344262295082,0.005683822980469433,0.010130246020260492,0.0011577424023154848,0.003980137674461172,0.010455104551045511,0.0012300123001230013,0.004235795248056506,0.4046740467404674,329,839,378,691,0.8499384993849939,813,12012,10237,65679
1217,1217000,0.030732860520094562,0.0035460992907801418,0.013486940860965047,0.0018544274455261937,0.0002781641168289291,0.0009498396637001486,0.0065891472868217045,0.0008139534883720931,0.003005341139065673,0.4011627906976744,345,822,385,719,0.836046511627907,860,12761,10884,65679
1218,1218000,0.0101010101010101,0.002272727272727273,0.006039730115589894,0.005023703389230878,0.0007429420505200594,0.003248545055768331,0.0058562555456965395,0.0009937888198757764,0.0037062300593664007,0.39751552795031053,320,817,364,673,0.8360248447204969,805,13456,11482,65679
1219,1219000,0.017699115044247787,0.003539823008849558,0.010916546693854662,0.00847457627118644,0.000847457627118644,0.004768030516662494,0.0097442143727162,0.001218026796589525,0.005614294009991015,0.415347137637028,341,852,388,708,0.8623629719853837,821,14171,12109,65679
1220,1220000,0.0,0.0,0.0,0.0066071428571428574,0.0008571428571428573,0.003931408945510117,0.005492874109263658,0.0007125890736342043,0.0032683922349846578,0.3919239904988123,330,822,374,700,0.831353919239905,842,14880,12724,65679
1221,1221000,0.024,0.0032,0.013284467373628999,0.004098360655737705,0.00040983606557377055,0.0015123482893475637,0.007001166861143524,0.0008168028004667446,0.003229401831395614,0.3920653442240373,336,852,378,732,0.8541423570595099,857,857,732,65679
1222,1222000,0.0,0.0,0.0,0.0034364261168384875,0.0005891016200294552,0.0019652442057515864,0.0028351559335763462,0.0004860267314702309,0.001621386167321175,0.38153098420413123,314,808,350,679,0.8250303766707169,823,1667,1400,65679
1223,1223000,0.019230769230769232,0.002307692307692308,0.007349013896167626,0.002,0.0004137931034482759,0.0015896756980357254,0.004619883040935672,0.0007017543859649123,0.002465364546874494,0.41403508771929826,354,838,395,725,0.847953216374269,855,2488,2100,65679
1224,1224000,0.023148148148148147,0.002777777777777778,0.01804053481277497,0.0014749262536873156,0.0002949852507374631,0.0008319942389654711,0.0052716950527169504,0.0007299270072992701,0.00384662908401239,0.4099756690997567,337,811,375,678,0.8248175182481752,822,3265,2747,65679
1225,1225000,0.0,0.0,0.0,0.005891016200294551,0.0005891016200294552,0.00291399903793703,0.0047789725209080045,0.0004778972520908005,0.0023639251454710196,0.3823178016726404,320,803,368,679,0.8112305854241338,837,4065,3399,65679
1226,1226000,0.020134228187919462,0.002684563758389262,0.010195307636474579,0.005043227665706052,0.0008645533141210376,0.002960544446571142,0.00771055753262159,0.0011862396204033216,0.004239286694845889,0.37841043890865955,319,799,357,694,0.8232502965599051,843,4837,4041,65679
1227,1227000,0.004032258064516129,0.0008064516129032258,0.0016482451418426299,0.005193236714975845,0.0007246376811594203,0.0023616681764715773,0.005016380016380017,0.0007371007371007372,0.002252989483235718,0.4090909090909091,333,843,383,690,0.8476658476658476,814,5585,4686,65679
1228,1228000,0.002207505518763797,0.0006622516556291391,0.000935542866621384,0.0037177541729893782,0.0006069802731411229,0.0024586953066672223,0.003436213991769547,0.0006172839506172839,0.002174749604880899,0.39753086419753086,322,808,378,659,0.8135802469135802,810,6318,5288,65679
1229,1229000,0.0,0.0,0.0,0.0062134502923976605,0.0008771929824561405,0.0036467886385210613,0.005145278450363196,0.0007263922518159807,0.0030198588725767624,0.39588377723970947,327,819,374,684,0.8280871670702179,826,7074,5930,65679
1230,1230000,0.01680672268907563,0.0016806722689075631,0.008295268409071258,0.0030864197530864196,0.0005698005698005699,0.001629258659524181,0.005075111652456353,0.0007308160779537151,0.0025954647011759494,0.4104750304506699,337,846,391,702,0.8550548112058465,821,7807,6565,65679
1231,1231000,0.014184397163120567,0.0014184397163120568,0.005107703124594858,0.004710144927536232,0.0005797101449275362,0.0019169503136472856,0.00631768953068592,0.0007220216606498196,0.0024583415848188953,0.41155234657039713,342,824,393,690,0.8303249097472925,831,8543,7185,65679
1232,1232000,0.013838199513381994,0.0029197080291970805,0.006029771974471647,0.0042796005706134095,0.0005706134094151213,0.003051939703070816,0.005842283214001591,0.0009546539379474941,0.003538769083956155,0.3914081145584726,328,809,361,701,0.8365155131264916,838,9253,7795,65679
1233,1233000,0.018018018018018018,0.0018018018018018018,0.008687054836980098,0.002785515320334262,0.0002785515320334262,0.0013180983709710115,0.0048250904704463205,0.00048250904704463213,0.0023047740859613716,0.40048250904704463,332,850,389,718,0.8661037394451147,829,9969,8424,65679
1234,1234000,0.01293103448275862,0.001724137931034483,0.0095960964893574,0.0026560424966799467,0.0002656042496679947,0.001351636866940238,0.004027617951668585,0.0004602991944764097,0.0024521631226368905,0.428078250863061,372,851,420,753,0.8665132336018412,869,10739,9104,65679
1235,1235000,0.0,0.0,0.0,0.00685131195335277,0.0008746355685131196,0.0033338010243223015,0.00565583634175692,0.0007220216606498196,0.0027520908576234636,0.41034897713598073,341,824,365,686,0.825511432009627,831,11460,9719,65679
1236,1236000,0.02480916030534351,0.0030534351145038168,0.01366813508337663,0.00436241610738255,0.0006711409395973154,0.001852792459442079,0.007420091324200913,0.0010273972602739727,0.003619698719414027,0.4029680365296804,353,837,390,745,0.8504566210045662,876,12226,10393,65679
1237,1237000,0.0,0.0,0.0,0.007522331922896097,0.0009873060648801129,0.00450295687937543,0.006259780907668231,0.0008215962441314554,0.0037471789054896476,0.39436619718309857,336,813,370,709,0.8321596244131455,852,12961,11023,65679
1238,1238000,0.0072992700729927005,0.0007299270072992701,0.0036496350364963502,0.008041395706593945,0.0010279001468428781,0.004276094074106979,0.007917103271626499,0.00097799511002445,0.004171173672942363,0.4070904645476773,333,823,400,681,0.8325183374083129,818,13663,11617,65679
1239,1239000,0.015873015873015872,0.0015873015873015873,0.00493966793373985,0.0028776978417266188,0.00028776978417266187,0.0019954716650856714,0.0048721071863581,0.00048721071863581,0.0024473215187402714,0.38367844092570036,315,827,363,695,0.8465286236297198,821,14351,12222,65679
1240,1240000,0.01264367816091954,0.00206896551724138,0.013167097267112576,0.0014367816091954023,0.00014367816091954023,0.0004532541333128287,0.0033690051525961154,0.0004756242568370987,0.0026452960529334745,0.4149821640903686,349,800,386,696,0.8275862068965517,841,15064,12833,65679
1241,1241000,0.01644736842105263,0.0019736842105263163,0.0057398585505137574,0.0015313935681470138,0.00015313935681470137,0.0004426720158007471,0.004347826086956522,0.0004968944099378882,0.0014428861192496633,0.3838509316770186,309,799,369,653,0.8111801242236025,805,805,653,65679
1242,1242000,0.006535947712418301,0.0006535947712418301,0.0032679738562091504,0.0018910741301059002,0.00030257186081694405,0.0011648803828778111,0.002764127764127764,0.0003685503685503686,0.0015601792789708025,0.40417690417690416,329,782,380,661,0.812039312039312,814,1592,1298,65679
1243,1243000,0.011194029850746268,0.0014925373134328358,0.004628920221497112,0.009000163639338896,0.0011782032400589103,0.004183982571291207,0.00936176028426951,0.0012300123001230013,0.004257317928151713,0.35424354243542433,288,815,340,679,0.8351783517835178,813,2362,1945,65679
1244,1244000,0.000992063492063492,0.0006944444444444445,0.0006799508704858875,0.004243827160493827,0.0006172839506172839,0.0016156226159494303,0.0036525974025974025,0.0006313131313131314,0.0014455004804106047,0.38636363636363635,306,806,363,648,0.8181818181818182,792,3107,2561,65679
1245,1245000,0.027950310559006212,0.0037267080745341614,0.014124859405757483,0.004437869822485207,0.0004437869822485208,0.0016714686413862505,0.008960573476702509,0.0010752688172043013,0.004066923734652402,0.4014336917562724,336,793,387,676,0.8076463560334528,837,3905,3209,65679
1246,1246000,0.0202991452991453,0.002564102564102564,0.013700740362411033,0.009554380664652569,0.0013595166163141996,0.0050441498199946646,0.011603504482477588,0.0015892420537897312,0.00669503994788825,0.36674816625916873,300,799,355,662,0.8092909535452323,818,4640,3814,65679
1247,1247000,0.0228310502283105,0.0027397260273972603,0.011438846978629359,0.004329004329004329,0.00043290043290043295,0.0016304658031415663,0.007548669050456893,0.0008343265792610249,0.003337287795538727,0.3706793802145411,311,810,341,693,0.8259833134684148,839,5400,4454,65679
1248,1248000,0.017123287671232876,0.0020547945205479454,0.010175381455092803,0.0062402496099844,0.0006240249609984399,0.0021276137854149024,0.008259212198221092,0.000889453621346887,0.003620592285761756,0.3710292249047014,292,796,349,641,0.8144853875476493,787,6112,5040,65679
1249,1249000,0.009950248756218905,0.0014925373134328358,0.005955897078639252,0.0047723935389133625,0.0005873715124816446,0.0025572627667128254,0.005623721881390592,0.0007361963190184051,0.0031160566290418332,0.39631901840490796,323,832,373,681,0.8355828220858895,815,6841,5664,65679
1250,1250000,0.0,0.0,0.0,0.007790368271954674,0.00084985835694051,0.004048078628991361,0.006402793946449359,0.0006984866123399303,0.0033270588033386503,0.3981373690337602,342,812,380,706,0.8218859138533178,859,7606,6310,65679
1251,1251000,0.016908212560386472,0.0021739130434782613,0.006036500725159457,0.0038046146293568978,0.0005891016200294552,0.0016620416470056497,0.006017951856385148,0.0008567931456548349,0.002400934367673,0.39167686658506734,320,826,394,679,0.8310893512851897,817,8327,6923,65679
1252,1252000,0.0,0.0,0.0,0.004445342493433016,0.0005657708628005659,0.0016718715739121727,0.003706199460916442,0.0004716981132075472,0.0013938834938159266,0.3761792452830189,319,824,359,707,0.8337264150943396,848,9079,7558,65679
1253,1253000,0.02544529262086514,0.003816793893129771,0.01138133817426005,0.0,0.0,0.0,0.004084967320261437,0.0006127450980392157,0.0018271511039559638,0.3860294117647059,315,825,356,685,0.8394607843137255,816,9788,8172,65679
1254,1254000,0.0,0.0,0.0,0.0046882325363338025,0.0008438818565400845,0.002516432878579597,0.00395882818685669,0.0007125890736342043,0.0021249213499644815,0.3990498812351544,336,843,376,711,0.8444180522565321,842,10512,8810,65679
1255,1255000,0.009174311926605505,0.0009174311926605505,0.005788346363040895,0.0013333333333333333,0.00013333333333333334,0.0005158037429793888,0.002328288707799767,0.00023282887077997672,0.0011848458216600689,0.3958090803259604,340,870,379,750,0.8731082654249127,859,11263,9482,65679
1256,1256000,0.007462686567164179,0.0007462686567164179,0.0028869612480189673,0.0014684287812041115,0.00014684287812041116,0.0009264754090623459,0.00245398773006135,0.000245398773006135,0.0012488129580441707,0.39386503067484663,321,815,367,681,0.8355828220858895,815,11975,10093,65679
1257,1257000,0.006802721088435374,0.0006802721088435375,0.002146019569970944,0.0055709876543209875,0.0009722222222222223,0.003258441931586938,0.005779828271177752,0.000922722029988466,0.00306983052771433,0.4463667820069204,387,824,430,720,0.8304498269896193,867,12726,10737,65679
1258,1258000,0.011477411477411478,0.0025641025641025645,0.0051561956070193295,0.004143646408839779,0.00041436464088397796,0.0016029812454469957,0.005163920502802786,0.0007134363852556481,0.0020973047654279267,0.4054696789536266,341,849,380,724,0.8608799048751486,841,13453,11374,65679
1259,1259000,0.02287581699346405,0.0026143790849673205,0.009502397996687832,0.006271104679208875,0.000723589001447178,0.0041672573504808194,0.009281200631911532,0.0010663507109004739,0.005134409624023087,0.38270142180094785,323,814,376,691,0.8187203791469194,844,14138,11970,65679
1260,1260000,0.020161290322580645,0.002419354838709678,0.014304077536040995,0.014388489208633094,0.0017266187050359715,0.005224371563132814,0.015262515262515262,0.0018315018315018315,0.006599076740960182,0.4175824175824176,342,836,405,695,0.8485958485958486,819,14827,12578,65679
1261,1261000,0.003816793893129771,0.0007633587786259542,0.0029530748643858138,0.0,0.0,0.0,0.0005995203836930455,0.00011990407673860912,0.0004638522868519684,0.4052757793764988,338,834,387,703,0.842925659472422,834,834,703,65679
1262,1262000,0.0096,0.0016,0.009049640620098736,0.014026915113871635,0.002018633540372671,0.006441655010775007,0.013307325530992632,0.0019505851755526658,0.006865579849741802,0.4213263979193758,324,827,397,644,0.8374512353706112,769,1582,1327,65679
1263,1263000,0.025653923541247483,0.004225352112676056,0.016461782373500027,0.011574074074074073,0.0012345679012345679,0.0053443830851370895,0.014104882459312839,0.0017721518987341772,0.007342700425577009,0.4050632911392405,320,806,376,648,0.8202531645569621,790,2335,1952,65679
1264,1264000,0.006830601092896175,0.001639344262295082,0.00262481696895095,0.0023328149300155523,0.0006220839813374806,0.0010321534210492773,0.003050108932461873,0.0007843137254901962,0.00128614682345974,0.39477124183006534,302,832,369,643,0.8405228758169935,765,3046,2550,65679
1265,1265000,0.026255707762557076,0.003424657534246575,0.0123702310562522,0.009386098427194319,0.00121765601217656,0.004088606152202837,0.012453300124533,0.0016189290161892902,0.005594356134757267,0.40473225404732255,325,803,387,657,0.8181818181818182,803,3799,3173,65679
1266,1266000,0.02754237288135593,0.0033898305084745766,0.014516716828830932,0.00861266294227188,0.00111731843575419,0.004495470501995505,0.011290967226219023,0.0014388489208633096,0.005913344682530972,0.44244604316546765,369,852,412,716,0.8585131894484412,834,4563,3839,65679
1267,1267000,0.01600877192982456,0.003947368421052633,0.01133686353634885,0.010401188707280832,0.0011887072808320952,0.00577911382254474,0.011434343434343434,0.0016969696969696972,0.006803087103148649,0.39151515151515154,323,790,364,673,0.8157575757575758,825,5311,4457,65679
1268,1268000,0.02302112898139388,0.0033112582781456954,0.009181411116398712,0.007374631268436578,0.0008849557522123895,0.003457576195533499,0.010224596473088633,0.0013268998793727383,0.004500156500781566,0.39203860072376356,325,799,379,678,0.8178528347406514,829,6061,5078,65679
1269,1269000,0.010869565217391304,0.0014492753623188406,0.004328996057289306,0.0119533527696793,0.0016034985422740526,0.005420201440912685,0.011771844660194174,0.0015776699029126215,0.0052374510247233325,0.4016990291262136,331,808,381,686,0.8325242718446602,824,6796,5698,65679
1270,1270000,0.008064516129032258,0.0008064516129032258,0.0028726386057098562,0.00460431654676259,0.0005755395683453237,0.002157868528024807,0.005128205128205128,0.0006105006105006105,0.0022660876850857914,0.3992673992673993,327,848,372,695,0.8485958485958486,819,7527,6324,65679
1271,1271000,0.01968503937007874,0.0023622047244094492,0.014763832282743097,0.004768392370572207,0.0005449591280653951,0.0019042999107260505,0.006968641114982578,0.0008130081300813008,0.0038011182745427345,0.3995354239256678,344,845,386,734,0.8524970963995354,861,8297,6988,65679
1272,1272000,0.01056338028169014,0.0014084507042253522,0.003335496641531381,0.005177514792899409,0.000591715976331361,0.0020533438038617814,0.006112469437652812,0.0007334963325183373,0.0022759180128459904,0.3704156479217604,303,824,345,676,0.8264058679706602,818,8998,7584,65679
1273,1273000,0.0037313432835820895,0.0007462686567164179,0.0028869612480189673,0.0061643835616438354,0.0006849315068493151,0.0029596690708268833,0.005787037037037037,0.0006944444444444446,0.002948392626085841,0.4050925925925926,350,836,387,730,0.8449074074074074,864,9759,8244,65679
1274,1274000,0.015748031496062992,0.0015748031496062994,0.004900772910639536,0.008132956152758133,0.0009900990099009901,0.004985868976155342,0.009292565947242206,0.001079136690647482,0.004972910702389745,0.40167865707434053,335,839,376,707,0.8477218225419664,834,10507,8888,65679
1275,1275000,0.019953051643192485,0.0028169014084507044,0.012599615384394811,0.006712626995645864,0.0008708272859216257,0.0031556530077083565,0.00897513036502206,0.0012033694344163659,0.0047694227519796874,0.39229843561973526,326,812,375,689,0.8291215403128761,831,11229,9502,65679
1276,1276000,0.007462686567164179,0.0007462686567164179,0.007462686567164179,0.007749165474487362,0.0010014306151645209,0.004389049709676086,0.007703081232492998,0.0009603841536614646,0.004883488291793019,0.37214885954381755,310,831,352,699,0.8391356542617047,833,11961,10127,65679
1277,1277000,0.0,0.0,0.0,0.002161383285302594,0.00028818443804034583,0.0008279749624296633,0.0018050541516245488,0.00024067388688327318,0.0006914736750014276,0.3850782190132371,320,829,366,694,0.8351383874849578,831,12678,10752,65679
1278,1278000,0.024832214765100672,0.003355704697986577,0.020512972549472146,0.012126683216730608,0.001579778830963665,0.006592888388538226,0.014547558153696261,0.0019181585677749361,0.009245180639150955,0.35421994884910485,277,806,329,633,0.809462915601023,782,13321,11295,65679
1279,1279000,0.009822361546499478,0.00206896551724138,0.004467550777892518,0.012405446293494705,0.0015128593040847202,0.005849027148310306,0.011940747424618392,0.0016129032258064516,0.005600498520877824,0.3970223325062035,320,804,362,661,0.8200992555831266,806,13997,11867,65679
1280,1280000,0.0228310502283105,0.0027397260273972603,0.01362322665535591,0.005843495934959349,0.0007621951219512195,0.003182752402141215,0.008935993349958437,0.0011221945137157108,0.005083387365943391,0.36783042394014964,295,813,368,656,0.8179551122194514,802,14630,12400,65679
1281,1281000,0.021875,0.0025,0.017808357439935134,0.0031007751937984496,0.000310077519379845,0.0011995435883241602,0.0068322981366459624,0.0007453416149068324,0.004500674291749944,0.3826086956521739,308,772,359,645,0.8012422360248447,805,805,645,65679
1282,1282000,0.007936507936507936,0.0007936507936507937,0.003968253968253968,0.004189944134078212,0.0004189944134078213,0.001620891650424057,0.004750593824228029,0.00047505938242280285,0.0019721596457287706,0.42399049881235157,357,834,402,716,0.850356294536817,842,1630,1345,65679
1283,1283000,0.010344827586206896,0.0013793103448275863,0.007198784488543803,0.006163708086785009,0.0010355029585798817,0.002331208447258092,0.006902151847340641,0.0010962241169305727,0.00319088996490295,0.40194884287454324,330,805,394,676,0.8233861144945189,821,2410,1993,65679
1284,1284000,0.019083969465648856,0.0030534351145038168,0.011595789283571651,0.010953729933899904,0.001558073654390935,0.004822902620308242,0.01222620469932298,0.0017921146953405018,0.005882936255777187,0.38948626045400236,326,839,378,706,0.8434886499402628,837,3191,2652,65679
1285,1285000,0.00390625,0.00078125,0.0023951062217400718,0.004335260115606936,0.0005780346820809249,0.00197559322882428,0.00426829268292683,0.0006097560975609756,0.002041078183816013,0.3951219512195122,324,834,360,692,0.8439024390243902,820,3951,3299,65679
1286,1286000,0.0234375,0.0023437500000000003,0.012853687604889922,0.007879656160458453,0.0008595988538681948,0.0038688307273348635,0.010290556900726392,0.001089588377723971,0.005261157216834921,0.39588377723970947,327,826,381,698,0.8450363196125908,826,4712,3953,65679
1287,1287000,0.013671875,0.0023437500000000003,0.0095780651102687,0.010822510822510822,0.0011544011544011544,0.004986088291771553,0.011266747868453105,0.0013398294762484776,0.005702011595995225,0.3848964677222899,316,825,366,693,0.8440925700365408,821,5451,4583,65679
1288,1288000,0.016129032258064516,0.0016129032258064516,0.013152659302995626,0.013108614232209737,0.0016853932584269665,0.0069977850681027685,0.013556618819776713,0.0016746411483253587,0.007910708997680177,0.3708133971291866,310,851,363,712,0.8516746411483254,836,6201,5228,65679
1289,1289000,0.0015267175572519084,0.0007633587786259542,0.000863003066853985,0.003703703703703704,0.0004444444444444445,0.0014327881749427469,0.003349875930521092,0.0004962779156327543,0.0013401804216429606,0.3436724565756824,277,834,335,675,0.8374689826302729,806,6935,5846,65679
1290,1290000,0.013333333333333334,0.0013333333333333335,0.010872865023809717,0.005506607929515419,0.0007342143906020558,0.0028963891538464795,0.0069193742478941035,0.0008423586040914562,0.004336186242287497,0.38267148014440433,318,811,370,681,0.8194945848375451,831,7657,6455,65679
1291,1291000,0.004098360655737705,0.000819672131147541,0.0019442435472893133,0.004330175913396482,0.0005412719891745603,0.002491200870456521,0.0042973286875725904,0.0005807200929152149,0.0024136993682191236,0.389082462253194,335,849,367,739,0.8583042973286876,861,8423,7120,65679
1292,1292000,0.0070921985815602835,0.0007092198581560284,0.0035460992907801418,0.003003003003003003,0.00030030030030030034,0.0011617201418454705,0.0037174721189591076,0.00037174721189591083,0.0015783217031834986,0.3680297397769517,297,828,342,666,0.8252788104089219,807,9146,7731,65679
1293,1293000,0.0,0.0,0.0,0.002094972067039106,0.0002793296089385475,0.0013538468992646375,0.0017899761336515514,0.00023866348448687351,0.0011567474700160865,0.42720763723150357,358,836,404,716,0.8544152744630071,838,9904,8388,65679
1294,1294000,0.0,0.0,0.0,0.004261363636363636,0.0005681818181818183,0.0017293400850584605,0.0035460992907801418,0.0004728132387706856,0.001439072600332336,0.3959810874704492,335,810,374,704,0.8321513002364066,846,10646,9018,65679
1295,1295000,0.0,0.0,0.0,0.009610520991401113,0.0012139605462822458,0.0038596690989353057,0.008037225042301184,0.0010152284263959391,0.003227819715987775,0.3756345177664975,296,834,364,659,0.8362944162436549,788,11321,9600,65679
1296,1296000,0.03169014084507042,0.004225352112676057,0.01900065200969187,0.012001477104874446,0.0014771048744460858,0.0056746348523856495,0.015415140415140416,0.001953601953601954,0.007985128669647535,0.3724053724053724,305,815,355,677,0.8266178266178266,819,12012,10185,65679
1297,1297000,0.0,0.0,0.0,0.004341534008683068,0.0005788712011577424,0.004097763573927094,0.0036452004860267314,0.0004860267314702309,0.0034405281039898206,0.3888213851761847,320,818,367,691,0.8396111786148238,823,12716,10791,65679
1298,1298000,0.006024096385542169,0.0006024096385542169,0.0030120481927710845,0.00927357032457496,0.0013910355486862443,0.004893674347372447,0.008610086100861008,0.0012300123001230013,0.00450948007718324,0.40836408364083643,332,767,384,647,0.7958179581795818,813,13383,11344,65679
1299,1299000,0.021739130434782608,0.0021739130434782613,0.007270635360030808,0.008583690987124463,0.0008583690987124465,0.004319401661430516,0.010752688172043012,0.001075268817204301,0.004805984995249919,0.3811230585424134,319,832,372,699,0.8351254480286738,837,14092,11949,65679
1300,1300000,0.016548463356973995,0.0021276595744680856,0.0052944756311308835,0.013417035942885276,0.0016248153618906944,0.005064435621925127,0.01395680521597392,0.0017114914425427875,0.00510408799515008,0.38508557457212717,315,812,364,677,0.8276283618581907,818,14785,12550,65679
1301,1301000,0.008461538461538463,0.0015384615384615385,0.0029363007710778294,0.002824858757062147,0.0002824858757062147,0.001958831648636358,0.0036992840095465395,0.00047732696897374703,0.0021104676700174933,0.39498806682577564,331,814,370,708,0.8448687350835322,838,838,708,65679
1302,1302000,0.02437641723356009,0.003401360544217687,0.010814278588155896,0.0030257186081694403,0.00030257186081694405,0.0010777827143964363,0.0069100660066006596,0.0008663366336633662,0.002849150156775942,0.38985148514851486,315,806,380,661,0.818069306930693,808,1619,1350,65679
1303,1303000,0.02395833333333333,0.0037500000000000007,0.013735304854107452,0.0050578034682080926,0.0005780346820809249,0.0019425385268377353,0.008607198748043818,0.0011737089201877937,0.0041571425319588086,0.36502347417840375,311,784,344,692,0.812206572769953,852,2428,2012,65679
1304,1304000,0.018140589569160998,0.003401360544217687,0.008659939925210384,0.0032386646736422527,0.00044843049327354266,0.0013176304469261497,0.005923202614379086,0.000980392156862745,0.0026403259044111772,0.36151960784313725,295,804,350,669,0.8198529411764706,816,3187,2639,65679
1305,1305000,0.014965986394557824,0.0020408163265306124,0.006818200931637609,0.006364922206506365,0.0007072135785007072,0.0027251093882164727,0.00784543325526932,0.000936768149882904,0.0034296579325758486,0.3992974238875878,341,806,377,707,0.8278688524590164,854,3993,3314,65679
1306,1306000,0.006666666666666667,0.0006666666666666668,0.0019270988421192525,0.0029069767441860465,0.000436046511627907,0.002068008480242224,0.003579952267303103,0.00047732696897374703,0.0020427859913180646,0.34009546539379476,285,826,332,688,0.8210023866348448,838,4756,3943,65679
1307,1307000,0.014388489208633094,0.0014388489208633094,0.007322176696446037,0.014528735632183909,0.001793103448275862,0.006455965262234247,0.01450617283950617,0.001736111111111111,0.00659532103695119,0.4131944444444444,357,827,401,725,0.8391203703703703,864,5555,4626,65679
1308,1308000,0.01875,0.0025000000000000005,0.006611947819240472,0.00392156862745098,0.0005228758169934641,0.002098379403990465,0.005932203389830509,0.0007909604519774012,0.0027103886806345337,0.4214689265536723,373,861,406,765,0.864406779661017,885,6378,5350,65679
1309,1309000,0.014925373134328358,0.002238805970149254,0.005306802987969707,0.0073964497041420114,0.0007396449704142012,0.0035381247170414507,0.008641975308641974,0.0009876543209876543,0.0038307208754419274,0.3617283950617284,293,829,332,676,0.8345679012345679,810,7108,5971,65679
1310,1310000,0.010869565217391304,0.0014492753623188406,0.005205850991435973,0.0048951048951048955,0.0005594405594405594,0.002467146701268149,0.005861664712778429,0.0007033997655334116,0.0029102196110491097,0.3821805392731536,326,834,362,715,0.8382180539273154,853,7876,6628,65679
1311,1311000,0.00625,0.000625,0.0039433109598216096,0.0049382716049382715,0.0007407407407407407,0.0020108638262113896,0.005189620758483033,0.0007185628742514971,0.00238115309732233,0.362874251497006,303,781,344,675,0.8083832335329342,835,8609,7238,65679
1312,1312000,0.0,0.0,0.0,0.008429672447013488,0.0011560693641618498,0.004614438282308397,0.007122507122507122,0.0009768009768009768,0.003898890465637864,0.3724053724053724,305,829,348,692,0.8449328449328449,819,9317,7852,65679
1313,1313000,0.01126126126126126,0.002027027027027027,0.006611621939535425,0.006914119359534207,0.0008733624454148472,0.004265712306820754,0.007684630738522953,0.0010778443113772455,0.004681514253697126,0.38323353293413176,320,796,351,687,0.822754491017964,835,10031,8466,65679
1314,1314000,0.0018115942028985507,0.0007246376811594203,0.0028288409419717515,0.003714710252600297,0.0004457652303120357,0.0029981910264576515,0.0033908754623921083,0.0004932182490752158,0.0029693743659655993,0.35018495684340323,284,811,335,673,0.8298397040690506,811,10726,9057,65679
1315,1315000,0.007894736842105263,0.0013157894736842105,0.002938618120382043,0.00316301703163017,0.0005839416058394161,0.0013834119955877745,0.004022301871764237,0.0007168458781362008,0.001665838914307881,0.3727598566308244,312,804,350,685,0.8183990442054958,837,11433,9645,65679
1316,1316000,0.019867549668874173,0.0026490066225165563,0.009753265332357455,0.005279503105590062,0.0007763975155279503,0.0023609631153223313,0.008050314465408805,0.0011320754716981135,0.0037650356118912667,0.36477987421383645,290,816,353,644,0.810062893081761,795,12102,10204,65679
1317,1317000,0.005474452554744526,0.0014598540145985403,0.0029165870261645033,0.0009018759018759019,0.0002886002886002886,0.000663736862450868,0.0016566265060240963,0.0004819277108433735,0.0010355928533289018,0.37349397590361444,310,815,351,693,0.8349397590361446,830,12808,10810,65679
1318,1318000,0.0018796992481203006,0.0007518796992481203,0.0009259488298523684,0.013309352517985611,0.0014388489208633094,0.007565843961069181,0.011473429951690822,0.0013285024154589373,0.006499290757624935,0.38405797101449274,318,823,370,695,0.8393719806763285,828,13479,11404,65679
1319,1319000,0.006802721088435374,0.001360544217687075,0.00556142578472071,0.005563282336578581,0.0005563282336578582,0.0028134545949578425,0.005773672055427252,0.0006928406466512703,0.003279911598300962,0.37528868360277134,325,820,366,719,0.8302540415704388,866,14212,12030,65679
1320,1320000,0.03691275167785235,0.004026845637583893,0.026006756375223986,0.013429256594724218,0.0015827338129496403,0.007021822024853921,0.017575039494470774,0.0020142180094786734,0.010373427733627783,0.3637440758293839,307,808,343,695,0.8234597156398105,844,14906,12624,65679
1321,1321000,0.002364066193853428,0.0007092198581560284,0.0014333854361740963,0.00791295746785361,0.0010385756676557863,0.00413688412063866,0.006952965235173823,0.00098159509202454,0.0036691622623447905,0.3754601226993865,306,820,355,674,0.8269938650306748,815,815,674,65679
1322,1322000,0.013953488372093023,0.0031007751937984496,0.0064195122155661696,0.010101010101010102,0.0011019283746556475,0.003988773558210303,0.010682261208576998,0.0014035087719298247,0.0043555165837061,0.3906432748538012,334,829,365,726,0.8491228070175438,855,1649,1386,65679
1323,1323000,0.016091954022988502,0.00206896551724138,0.005597031772309498,0.006226053639846744,0.0007183908045977011,0.0023454734777254875,0.007927070947284977,0.0009512485136741974,0.002906086976791696,0.3912009512485137,329,807,369,696,0.8275862068965517,841,2455,2055,65679
1324,1324000,0.025641025641025644,0.003076923076923077,0.009303853536401537,0.005068493150684932,0.0006849315068493151,0.0027489333285565026,0.008178294573643411,0.0010465116279069768,0.003739793359974938,0.4232558139534884,364,841,415,730,0.8488372093023255,860,3277,2758,65679
1325,1325000,0.0,0.0,0.0,0.008297771455666193,0.0009957325746799432,0.0036774896464494456,0.006944444444444444,0.0008333333333333334,0.0030777085969690005,0.3904761904761905,328,822,365,703,0.8369047619047619,840,4070,3424,65679
1326,1326000,0.016203703703703703,0.0020833333333333337,0.006123565335358122,0.006206896551724138,0.000689655172413793,0.002863990796794341,0.007863444572305332,0.0009205983889528194,0.003404127429191561,0.38204833141542005,332,831,373,725,0.8342922899884925,869,4882,4106,65679
1327,1327000,0.02,0.0020000000000000005,0.014206198357143051,0.0013850415512465374,0.00013850415512465375,0.00040036679545413836,0.0045871559633027525,0.00045871559633027525,0.0027752231420749376,0.39793577981651373,347,831,392,722,0.8279816513761468,872,5684,4780,65679
1328,1328000,0.0,0.0,0.0,0.015765765765765764,0.0016516516516516518,0.007496680040992494,0.012946979038224414,0.0013563501849568436,0.006156336507152899,0.37731196054254007,306,801,359,666,0.8212083847102343,811,6410,5387,65679
1329,1329000,0.006756756756756757,0.0006756756756756757,0.0021315194377414105,0.00496031746031746,0.0005952380952380953,0.0026823306006167925,0.005284552845528455,0.0006097560975609756,0.002582915902927089,0.3695121951219512,303,800,351,672,0.8195121951219512,820,7132,5993,65679
1330,1330000,0.0024691358024691358,0.0007407407407407408,0.0010048294328329466,0.01447178002894356,0.0015918958031837917,0.005619436179230155,0.01251008878127522,0.0014527845036319614,0.004865232897434002,0.3801452784503632,314,812,350,691,0.8365617433414043,826,7859,6608,65679
1331,1331000,0.01748971193415638,0.0024691358024691358,0.011122327791468923,0.004712301587301588,0.000744047619047619,0.0018292557627421755,0.007194244604316547,0.0010791366906474822,0.003634384861847371,0.3752997601918465,313,800,365,672,0.8057553956834532,834,8580,7204,65679
1332,1332000,0.007692307692307693,0.0007692307692307692,0.00242665289835176,0.005641748942172073,0.0008462623413258111,0.0023063609537683693,0.0059594755661501785,0.0008343265792610251,0.0023249997532866543,0.36471990464839094,306,845,359,709,0.8450536352800954,839,9323,7841,65679
1333,1333000,0.021604938271604937,0.0024691358024691358,0.00785487307175904,0.0062402496099844,0.0006240249609984399,0.00470792911202184,0.00933997509339975,0.00099626400996264,0.0053428044812340765,0.37608966376089664,302,803,359,641,0.7982565379825654,803,10016,8417,65679
1334,1334000,0.007042253521126761,0.0007042253521126761,0.007042253521126761,0.004922644163150493,0.0007032348804500703,0.0026177893569242394,0.005275498241500586,0.0007033997655334115,0.003354335560109184,0.36811254396248533,314,826,342,711,0.8335287221570926,853,10756,9052,65679
1335,1335000,0.004557291666666666,0.0015625,0.002322555767944553,0.005116959064327485,0.0005847953216374269,0.0020160319569032005,0.005028735632183908,0.0007389162561576356,0.0020643509813038077,0.37561576354679804,305,816,340,684,0.8423645320197044,812,11451,9655,65679
1336,1336000,0.009868421052631578,0.0013157894736842105,0.003194774292391772,0.0035816618911174787,0.0005730659025787966,0.0024160269817857065,0.004705882352941176,0.0007058823529411766,0.002555285324388203,0.36470588235294116,310,812,348,698,0.8211764705882353,850,12189,10284,65679
1337,1337000,0.01773049645390071,0.0021276595744680856,0.011895314090667006,0.00558659217877095,0.000558659217877095,0.002459277311660004,0.007584597432905484,0.0008168028004667444,0.004011764109606314,0.36406067677946324,312,832,348,716,0.8354725787631272,857,12914,10904,65679
1338,1338000,0.031914893617021274,0.0035460992907801418,0.015127906494035179,0.007852789498359119,0.0009845288326300985,0.003549812602386428,0.01183489827856025,0.0014084507042253524,0.00546590560558182,0.37910798122065725,323,824,357,711,0.8345070422535211,852,13638,11533,65679
1339,1339000,0.015410958904109588,0.0020547945205479454,0.005193303823650593,0.005043227665706052,0.0005763688760806917,0.0019098651075224505,0.006845238095238095,0.0008333333333333333,0.0024805580272304374,0.4023809523809524,338,805,365,694,0.8261904761904761,840,14355,12149,65679
1340,1340000,0.006944444444444444,0.001388888888888889,0.0037761896468890654,0.003962703962703962,0.0005594405594405594,0.0020855811033834645,0.00446255335661622,0.0006984866123399303,0.002368989287626546,0.34342258440046564,295,815,324,715,0.8323632130384168,859,15066,12762,65679
1341,1341000,0.009933774834437087,0.0013245033112582781,0.006912740071780474,0.009876543209876543,0.0013333333333333333,0.006458674925543606,0.009887005649717513,0.001331719128329298,0.006541681992228555,0.38861985472154964,321,798,356,675,0.8171912832929782,826,826,675,65679
1342,1342000,0.0,0.0,0.0,0.007969995311767463,0.0011251758087201125,0.004015072824161777,0.006604506604506604,0.0009324009324009324,0.0033271757319102836,0.3939393939393939,338,816,377,711,0.8286713286713286,858,1664,1372,65679
1343,1343000,0.006265664160401002,0.0015037593984962407,0.0029739379708106643,0.002174908424908425,0.00041208791208791214,0.0009174116249671364,0.0028068137824235383,0.0005807200929152149,0.0012350864263576003,0.4065040650406504,350,839,399,728,0.8455284552845529,861,2487,2075,65679
1344,1344000,0.019083969465648856,0.002290076335877863,0.007376367275587295,0.006872852233676975,0.0011782032400589103,0.0032528907956466983,0.008847736625514403,0.0013580246913580249,0.003919774028822277,0.408641975308642,331,831,398,679,0.8382716049382716,810,3236,2708,65679
1345,1345000,0.004079254079254079,0.0013986013986013986,0.0025020318698024,0.0029498525073746312,0.00044247787610619474,0.0020085766719227373,0.003146569224522939,0.0006090133982947625,0.0020945256284352733,0.3909866017052375,321,822,365,678,0.8258221680876979,821,3998,3345,65679
1346,1346000,0.005847953216374269,0.0005847953216374269,0.0029239766081871343,0.00933125972006221,0.001088646967340591,0.0047102424386382255,0.0085995085995086,0.0009828009828009828,0.004334994948457468,0.343980343980344,280,766,318,643,0.7899262899262899,814,4730,3939,65679
1347,1347000,0.019736842105263157,0.0030075187969924814,0.011687312956130921,0.01056156620298815,0.0012364760432766616,0.004392329730003878,0.012126068376068375,0.0015384615384615387,0.005636217895484515,0.391025641025641,305,808,361,647,0.8294871794871795,780,5451,4546,65679
1348,1348000,0.0,0.0,0.0,0.007445759368836292,0.0010355029585798817,0.004727501419867554,0.0061232765612327655,0.000851581508515815,0.003887823552105191,0.3905109489051095,321,807,369,676,0.8223844282238443,822,6202,5172,65679
1349,1349000,0.006172839506172839,0.0012345679012345679,0.002986499278807265,0.00858034321372855,0.0009360374414976599,0.005136807465004457,0.00809464508094645,0.00099626400996264,0.004702996847116604,0.40348692403486924,324,778,378,641,0.7982565379825654,803,6926,5764,65679
1350,1350000,0.026246719160104983,0.003937007874015748,0.014155209792244728,0.009708737864077669,0.000970873786407767,0.003614335783726018,0.012185534591194968,0.0014150943396226414,0.0051929808298131356,0.3915094339622642,332,849,375,721,0.8502358490566038,848,7692,6421,65679
1351,1351000,0.023809523809523808,0.003401360544217687,0.017665812831529345,0.004078483245149912,0.0006172839506172839,0.002065169327412948,0.007726864330637915,0.0011320754716981133,0.0049498166168533385,0.35471698113207545,282,789,336,648,0.8150943396226416,795,8393,7004,65679
1352,1352000,0.019639065817409766,0.0031847133757961785,0.01906392074739297,0.010896483407627538,0.0011887072808320952,0.005063952987004103,0.012550200803212851,0.001566265060240964,0.007712139659752358,0.3927710843373494,326,795,384,673,0.810843373493976,830,9130,7619,65679
1353,1353000,0.02608695652173913,0.0034782608695652175,0.009843652008724432,0.006473634651600753,0.0008474576271186442,0.0024570276835354826,0.009214256784123126,0.001215066828675577,0.0034891805357793815,0.39125151883353587,322,846,390,708,0.8602673147023087,823,9857,8258,65679
1354,1354000,0.0043981481481481476,0.0022222222222222222,0.0036847305862847853,0.0019199999999999998,0.00032,0.0017932980843191905,0.002474120082815735,0.0007453416149068324,0.0022162270909698825,0.37142857142857144,299,731,349,625,0.7763975155279503,805,10551,8817,65679
1355,1355000,0.014388489208633094,0.0014388489208633094,0.0055662274422236206,0.0014084507042253522,0.00014084507042253522,0.00040713355819420826,0.0035335689045936395,0.000353356890459364,0.001251790860762039,0.39811542991755006,338,810,388,710,0.8362779740871613,849,11282,9453,65679
1356,1356000,0.0,0.0,0.0,0.0030581039755351682,0.00030581039755351685,0.001556242447715595,0.0025220680958385876,0.00025220680958385876,0.001283458462554854,0.3745271122320303,297,814,355,654,0.8247162673392182,793,11962,10040,65679
1357,1357000,0.0,0.0,0.0,0.005509641873278237,0.0005509641873278238,0.002089208827564252,0.004672897196261682,0.00046728971962616824,0.0017719224402005223,0.41939252336448596,359,836,398,726,0.8481308411214953,856,12704,10690,65679
1358,1358000,0.005482456140350877,0.0013157894736842105,0.005577543130110767,0.005547300643883111,0.0008915304606240714,0.003010063708343465,0.005535353535353535,0.0009696969696969698,0.0034831023412024106,0.39636363636363636,327,795,374,673,0.8157575757575758,825,13407,11286,65679
1359,1359000,0.0,0.0,0.0,0.012145748987854251,0.001349527665317139,0.006669097482275444,0.010297482837528604,0.0011441647597254005,0.005654234821929181,0.38558352402745993,337,837,372,741,0.8478260869565217,874,14144,11939,65679
1360,1360000,0.011206896551724138,0.00206896551724138,0.004871397982236853,0.002894356005788712,0.0002894356005788712,0.0009954888609240563,0.004336124401913876,0.0005980861244019139,0.0016677458257450557,0.3456937799043062,289,807,330,691,0.8265550239234449,836,14831,12533,65679
1361,1361000,0.00967741935483871,0.0012903225806451613,0.007642423850190762,0.006191950464396285,0.0006191950464396285,0.003103590559575045,0.00686641697877653,0.0007490636704119852,0.003981891633289696,0.38451935081148564,308,784,355,646,0.8064918851435705,801,801,646,65679
1362,1362000,0.006535947712418301,0.0013071895424836603,0.0032679738562091504,0.007749627421758569,0.0010432190760059613,0.0033331717900565955,0.007524271844660194,0.001092233009708738,0.003321065863019388,0.36529126213592233,301,806,352,671,0.8143203883495146,824,1603,1301,65679
1363,1363000,0.00880503144654088,0.001886792452830189,0.005163392434602461,0.007120253164556962,0.0009493670886075951,0.0027512377040596566,0.007458912768647282,0.0011378002528445006,0.0032361082504013833,0.36030341340075855,285,777,324,632,0.7989886219974716,791,2342,1904,65679
1364,1364000,0.006493506493506494,0.0006493506493506494,0.0020484732258813556,0.013657056145675266,0.0016691957511380882,0.005333803799980409,0.012300123001230012,0.0014760147601476014,0.004711490259499161,0.3813038130381304,310,791,346,659,0.8105781057810578,813,3105,2531,65679
1365,1365000,0.0136986301369863,0.0013698630136986301,0.009289090322657685,0.009342301943198805,0.001195814648729447,0.003970498730651385,0.010122699386503068,0.001226993865030675,0.0049232771017347216,0.3914110429447853,319,819,357,669,0.8208588957055215,815,3867,3168,65679
1366,1366000,0.014970059880239521,0.0017964071856287427,0.004828996340817057,0.006983655274888559,0.0008915304606240714,0.0027046272565021006,0.008571428571428572,0.0010714285714285715,0.003126972062550431,0.375,315,790,341,673,0.8011904761904762,840,4642,3802,65679
1367,1367000,0.008771929824561403,0.0019736842105263163,0.004917366222486939,0.006352765321375187,0.0007473841554559044,0.0024320521924023303,0.006800649614291514,0.00097442143727162,0.0028921834135629395,0.34835566382460414,286,788,316,669,0.8148599269183922,821,5383,4420,65679
1368,1368000,0.011029411764705883,0.0014705882352941176,0.004523913638624715,0.004901960784313725,0.0005602240896358544,0.0019576416449200574,0.0058823529411764705,0.0007058823529411766,0.0023682451639128028,0.3764705882352941,320,831,359,714,0.84,850,6160,5083,65679
1369,1369000,0.022675736961451247,0.00272108843537415,0.012509064754149342,0.005657708628005658,0.0005657708628005659,0.0019806183551832634,0.008587041373926619,0.000936768149882904,0.003792891915661031,0.4016393442622951,343,812,378,707,0.8278688524590164,854,6928,5733,65679
1370,1370000,0.0036496350364963502,0.0014598540145985403,0.003921472821242275,0.0074662813102119455,0.0011560693641618498,0.004001585162770041,0.006835544833132287,0.0012062726176115801,0.003988345849393317,0.4330518697225573,359,808,412,692,0.8347406513872135,829,7662,6375,65679
1371,1371000,0.024362244897959184,0.004285714285714286,0.013002425908012524,0.007565337001375516,0.0008253094910591473,0.0032353201650228212,0.010277640467951885,0.0013840830449826991,0.004812476801722427,0.40945790080738176,355,805,383,727,0.8385236447520185,867,8430,7036,65679
1372,1372000,0.006038647342995168,0.0014492753623188406,0.0025998628936333363,0.007529976019184651,0.0011510791366906475,0.0033035167514864666,0.007282913165266107,0.0012004801920768306,0.003186945043942971,0.3709483793517407,309,812,349,695,0.8343337334933973,833,9169,7671,65679
1373,1373000,0.0,0.0,0.0,0.0072254335260115606,0.0008670520231213873,0.002769771083010995,0.00591016548463357,0.0007092198581560285,0.0022655810749924454,0.3605200945626478,305,794,349,692,0.817966903073286,846,9906,8291,65679
1374,1374000,0.006535947712418301,0.0006535947712418301,0.0032679738562091504,0.0076282940360610264,0.0008321775312066576,0.0036433599650562564,0.007437070938215103,0.0008009153318077804,0.003577645920830161,0.38672768878718533,338,804,361,721,0.8249427917620137,874,10661,8934,65679
1375,1375000,0.0,0.0,0.0,0.006993006993006993,0.0006993006993006993,0.002425793712840171,0.005827505827505828,0.0005827505827505828,0.002021494760700142,0.36946386946386944,317,826,363,715,0.8333333333333334,858,11398,9573,65679
1376,1376000,0.02228327228327228,0.003205128205128205,0.012573414357740651,0.00871160018340211,0.0009628610729023383,0.0036601276075804096,0.011109313487569434,0.001359003397508494,0.005234841914516987,0.3510758776896942,310,809,337,727,0.8233295583238958,883,12158,10217,65679
1377,1377000,0.0032679738562091504,0.0006535947712418301,0.001158426711006848,0.00463678516228748,0.0006182380216383308,0.002683547036602021,0.004375,0.000625,0.002391867774331944,0.35875,287,803,348,647,0.80875,800,12823,10775,65679
1378,1378000,0.014492753623188406,0.0014492753623188406,0.0050892585798570315,0.009704027171276079,0.001455604075691412,0.004280061457707471,0.010505050505050505,0.0014545454545454547,0.00441541806723067,0.35878787878787877,296,831,333,687,0.8327272727272728,825,13510,11372,65679
1379,1379000,0.02214912280701754,0.003947368421052633,0.016048328775954055,0.004305977710233029,0.0006079027355623101,0.001986299754109794,0.00765432098765432,0.001234567901234568,0.004625100261912669,0.3790123456790123,307,789,356,658,0.8123456790123457,810,14175,11937,65679
1380,1380000,0.0,0.0,0.0,0.009423801830910069,0.0011308562197092083,0.004432880725241854,0.007595486111111111,0.0009114583333333335,0.0035728556887040463,0.3697916666666667,284,772,343,619,0.8059895833333334,768,14785,12462,65679
1381,1381000,0.008928571428571428,0.0014285714285714286,0.0034738133602765908,0.008461538461538461,0.0009230769230769232,0.0032935632751007462,0.008544303797468355,0.0010126582278481013,0.003325506328169883,0.39746835443037976,314,792,365,650,0.8227848101265823,790,790,650,65679
1382,1382000,0.007575757575757576,0.0007575757575757576,0.00477977086038983,0.00382262996941896,0.0004587155963302753,0.0019189300819194117,0.004452926208651399,0.0005089058524173028,0.0023993766248686424,0.37786259541984735,297,809,345,654,0.8320610687022901,786,1558,1291,65679
1383,1383000,0.01592356687898089,0.002547770700636943,0.00925855479459924,0.0072254335260115606,0.0008670520231213874,0.003714516113238474,0.0088339222614841,0.001177856301531213,0.0047397388140319255,0.37809187279151946,321,801,356,692,0.8150765606595995,849,2368,1959,65679
1384,1384000,0.0035211267605633804,0.0007042253521126761,0.001439312659073846,0.006859756097560976,0.0007621951219512195,0.0036188868108445447,0.006265664160401002,0.0007518796992481205,0.00323104278885026,0.3634085213032581,290,811,340,656,0.8220551378446115,798,3120,2582,65679
1385,1385000,0.009615384615384616,0.001282051282051282,0.0034222584205377757,0.004649499284692418,0.0010014306151645209,0.00244045438154489,0.005555555555555556,0.0010526315789473686,0.002619590557080434,0.3485380116959064,298,817,327,699,0.8175438596491228,855,3900,3228,65679
1386,1386000,0.01282051282051282,0.001282051282051282,0.00652424718465384,0.001808972503617945,0.0002894356005788712,0.0009162882720336782,0.0038370720188902006,0.0004722550177095632,0.0019491590989153139,0.3447461629279811,292,820,338,691,0.8158205430932703,847,4683,3873,65679
1387,1387000,0.0024330900243309003,0.0007299270072992701,0.0011417973869166822,0.008547008547008548,0.000997150997150997,0.0042798637822711386,0.007548669050456893,0.0009535160905840286,0.00376745008004997,0.3933253873659118,330,810,358,702,0.8367103694874851,839,5470,4543,65679
1388,1388000,0.001182033096926714,0.0007092198581560284,0.0008302311570068336,0.011644832605531296,0.0011644832605531296,0.005189510610981319,0.009863123993558775,0.0010869565217391307,0.004447169544543634,0.391304347826087,324,812,374,687,0.8297101449275363,828,6209,5163,65679
1389,1389000,0.006369426751592357,0.0006369426751592357,0.0018411772376935535,0.006338028169014085,0.0007042253521126761,0.0025135337207147362,0.006343713956170703,0.0006920415224913496,0.002391780585957728,0.3863898500576701,335,805,370,710,0.8189158016147635,867,6972,5805,65679
1390,1390000,0.0035971223021582736,0.0007194244604316547,0.0014703769610682454,0.00425531914893617,0.00042553191489361707,0.001406216326720792,0.004146919431279621,0.00047393364928909954,0.0014167830662637966,0.3767772511848341,318,810,346,705,0.8353080568720379,844,7728,6453,65679
1391,1391000,0.006535947712418301,0.0006535947712418301,0.0025284497204872,0.005482456140350877,0.0007309941520467836,0.0031157444894707943,0.005675029868578256,0.0007168458781362007,0.0030083895316995995,0.3811230585424134,319,799,368,684,0.8172043010752689,837,8479,7081,65679
1392,1392000,0.008012820512820512,0.001282051282051282,0.004783989671414936,0.0,0.0,0.0,0.0014934289127837516,0.00023894862604540026,0.000891639652019988,0.3643966547192354,305,799,344,681,0.8136200716845878,837,9213,7693,65679
1393,1393000,0.017985611510791366,0.0021582733812949644,0.008901080247885771,0.006512301013024602,0.000723589001447178,0.003049260416501326,0.008433734939759036,0.000963855421686747,0.004029263978624745,0.39036144578313253,324,816,375,691,0.8325301204819278,830,9933,8308,65679
1394,1394000,0.00949367088607595,0.0012658227848101266,0.003667930375685567,0.00047348484848484844,0.00014204545454545457,0.0006665890994641426,0.0021268368136117557,0.0003480278422273782,0.0012167189389571647,0.36078886310904873,311,808,353,704,0.8167053364269141,862,10673,8926,65679
1395,1395000,0.02141203703703704,0.003472222222222222,0.009962981898715478,0.015044545301731384,0.0018154311649016643,0.006730855584024437,0.016183574879227055,0.002111801242236025,0.007309024763298363,0.36149068322981365,291,813,340,661,0.8211180124223603,805,11337,9490,65679
1396,1396000,0.017932489451476793,0.002531645569620253,0.007878790635715765,0.004297994269340974,0.0004297994269340975,0.0014958309312414686,0.0068146417445482865,0.0008177570093457944,0.0026739940542635935,0.36098130841121495,309,812,359,698,0.8154205607476636,856,12074,10110,65679
1397,1397000,0.01818181818181818,0.0018181818181818184,0.010563999965712507,0.003816793893129771,0.0004580152671755726,0.001584387384796449,0.006707317073170732,0.0007317073170731707,0.0033912606480295585,0.37317073170731707,306,787,351,655,0.7987804878048781,820,12762,10683,65679
1398,1398000,0.018888888888888886,0.0033333333333333335,0.00688430992676863,0.008077544426494346,0.0009693053311793217,0.0039505293673066785,0.010186389250108365,0.0014304291287386217,0.0045227882540677875,0.37971391417425226,292,762,371,619,0.8049414824447334,769,13389,11216,65679
1399,1399000,0.01606425702811245,0.0024096385542168677,0.008354990729429312,0.003657262277951933,0.0004702194357366772,0.0034193445024096433,0.006218905472636816,0.0008706467661691544,0.004438395837839078,0.3383084577114428,272,761,314,638,0.7935323383084577,804,14059,11768,65679
1400,1400000,0.0145413870246085,0.002684563758389262,0.007442772960955441,0.0025920165889061686,0.0004665629860031105,0.0014637167104449,0.00484006734006734,0.0008838383838383839,0.0025885644141394335,0.34974747474747475,277,793,337,643,0.8118686868686869,792,14705,12319,65679
1401,1401000,0.021739130434782608,0.002484472049689441,0.013016387718637371,0.00791295746785361,0.0008902077151335313,0.003313879609194623,0.01057884231536926,0.0011976047904191617,0.005184662609937477,0.38323353293413176,320,796,378,674,0.807185628742515,835,835,674,65679
1402,1402000,0.027777777777777776,0.0030864197530864196,0.010486657850763756,0.0027904616945712835,0.0006088280060882801,0.0026495947234626274,0.007733007733007733,0.0010989010989010991,0.004199783034357356,0.3663003663003663,300,775,339,657,0.8021978021978022,819,1638,1321,65679
1403,1403000,0.005952380952380952,0.0005952380952380953,0.005952380952380952,0.007451564828614009,0.0007451564828614009,0.0024391274571744686,0.007151370679380214,0.0007151370679380214,0.00314261564215026,0.3528009535160906,296,766,325,671,0.799761620977354,839,2433,1964,65679
1404,1404000,0.001644736842105263,0.0006578947368421052,0.0007424022457166794,0.0033476805356288854,0.00043041606886657106,0.0013265448879195359,0.0030427954456223004,0.00047114252061248533,0.001221963401918553,0.35217903415783275,299,807,332,697,0.8209658421672555,849,3233,2630,65679
1405,1405000,0.0031645569620253164,0.0006329113924050633,0.00194033921761221,0.0075528700906344415,0.0010574018126888218,0.0029083960778032714,0.006707317073170732,0.0009756097560975611,0.002721868048644506,0.3402439024390244,279,780,334,662,0.8073170731707318,820,3999,3255,65679
1406,1406000,0.02167487684729064,0.0027586206896551726,0.008288656821268888,0.004566210045662101,0.0006849315068493151,0.0020807290247772097,0.007401360544217686,0.0010285714285714286,0.0031094713453386873,0.392,343,817,368,730,0.8342857142857143,875,4810,3948,65679
1407,1407000,0.032758620689655175,0.00413793103448276,0.01775238686636894,0.0028011204481792717,0.0002801120448179272,0.002284215341136495,0.007857974388824214,0.0009313154831199068,0.004895257100343368,0.37485448195576254,322,816,364,714,0.8311990686845169,859,5593,4616,65679
1408,1408000,0.008602150537634409,0.0012903225806451613,0.005325715568585668,0.005,0.0006153846153846154,0.0023860591872241948,0.005693581780538302,0.0007453416149068324,0.0029520799811509377,0.39254658385093166,316,780,367,650,0.8074534161490683,805,6309,5213,65679
1409,1409000,0.008288125376732972,0.0018987341772151902,0.004150258843748408,0.006195596518177163,0.001075268817204301,0.002596246448198113,0.006604273353346284,0.0012360939431396785,0.002899749487131298,0.3646477132262052,295,793,336,651,0.8046971569839307,809,7016,5796,65679
1410,1410000,0.024853801169590642,0.0029239766081871343,0.00971000237420679,0.004724409448818898,0.0006299212598425198,0.0023762067407921256,0.008995037220843672,0.001116625310173697,0.003932136087335435,0.3610421836228288,291,778,326,635,0.7878411910669976,806,7711,6360,65679
1411,1411000,0.019230769230769232,0.0019230769230769234,0.011898764019923218,0.009245562130177515,0.0010355029585798817,0.004868618526417987,0.011117788461538462,0.001201923076923077,0.0061867708064502185,0.3545673076923077,295,794,328,676,0.8125,832,8458,6984,65679
1412,1412000,0.009933774834437087,0.0013245033112582781,0.005531868550728103,0.0027200791295746785,0.00044510385756676567,0.001067147660918653,0.00404040404040404,0.0006060606060606061,0.001884326878326201,0.3890909090909091,321,797,375,674,0.816969696969697,825,9185,7596,65679
1413,1413000,0.010812324929971988,0.002285714285714286,0.006673943735901975,0.0025954198473282443,0.0004580152671755726,0.0011530619809407322,0.004327899834632648,0.0008433734939759037,0.0023171033148181026,0.38072289156626504,316,774,367,655,0.7891566265060241,830,9890,8176,65679
1414,1414000,0.0015432098765432098,0.0006172839506172839,0.000803251131670991,0.007975460122699387,0.0010736196319018406,0.0040478326580888424,0.0066953316953316955,0.0009828009828009828,0.003402105130718214,0.3574938574938575,291,772,329,652,0.800982800982801,814,10582,8755,65679
1415,1415000,0.009933774834437087,0.0013245033112582781,0.005974914033664545,0.0043859649122807015,0.00043859649122807024,0.0016519193005513236,0.005389221556886228,0.0005988023952095808,0.002433682419952637,0.35449101796407184,296,804,360,684,0.8191616766467066,835,11306,9367,65679
1416,1416000,0.005747126436781609,0.0013793103448275863,0.0034393619695446145,0.001966568338249754,0.0002949852507374631,0.0007330481848423031,0.0026326447954637504,0.0004860267314702309,0.0012098592404702923,0.38031591737545567,313,811,367,678,0.8238153098420413,823,11999,9964,65679
1417,1417000,0.014925373134328358,0.0014925373134328358,0.005145824779413101,0.007112375533428165,0.0007112375533428165,0.0035039063085496995,0.008363201911589008,0.0008363201911589008,0.00376677019755292,0.3655913978494624,306,835,347,703,0.8399044205495818,837,12732,10599,65679
1418,1418000,0.012422360248447204,0.0012422360248447205,0.004282860375412146,0.008450704225352112,0.0009859154929577464,0.004377465934696724,0.009184845005740528,0.0010332950631458094,0.00435997856954768,0.3616532721010333,315,802,351,710,0.8151549942594719,871,13448,11218,65679
1419,1419000,0.01680672268907563,0.0016806722689075631,0.006852646023409486,0.006643356643356644,0.0008391608391608393,0.0025442798996338292,0.008093525179856115,0.0009592326139088729,0.003159022787798461,0.407673860911271,340,842,385,715,0.8573141486810552,834,14166,11853,65679
1420,1420000,0.021303258145363407,0.0030075187969924814,0.008136871415337388,0.004143646408839779,0.00041436464088397796,0.0015290593201690837,0.006806690003889537,0.0008168028004667446,0.002554542410784468,0.3838973162193699,329,837,373,724,0.8448074679113186,857,14884,12489,65679
1421,1421000,0.011904761904761904,0.0020408163265306124,0.010031980494243855,0.008645533141210375,0.0008645533141210376,0.003484264752046925,0.009215219976218787,0.001070154577883472,0.004628752521491573,0.3912009512485137,329,807,363,694,0.8252080856123662,841,841,694,65679
1422,1422000,0.009933774834437087,0.0013245033112582781,0.0045922278385249725,0.005988023952095809,0.0005988023952095808,0.0023164838756559378,0.006715506715506716,0.0007326007326007327,0.0027360654854156744,0.36752136752136755,301,805,364,668,0.8156288156288156,819,1637,1349,65679
1423,1423000,0.017816091954022988,0.0027586206896551726,0.009366441550701503,0.005780346820809248,0.0005780346820809249,0.0019535191721168485,0.007865392273994425,0.000955794504181601,0.003237717194691251,0.3954599761051374,331,816,390,692,0.8267622461170848,837,2433,2013,65679
1424,1424000,0.007042253521126761,0.0007042253521126761,0.0027243155439052227,0.005763688760806916,0.0007204610951008645,0.0037039352249317423,0.005980861244019139,0.0007177033492822968,0.003537540494422453,0.38636363636363635,323,806,371,694,0.8301435406698564,836,3224,2678,65679
1425,1425000,0.014957264957264956,0.0019230769230769234,0.008545109615846187,0.010822510822510822,0.0011544011544011544,0.004178544685906834,0.011582253631723594,0.0012956419316843347,0.00498088170483562,0.36395759717314485,309,819,346,693,0.8162544169611308,849,3995,3321,65679
1426,1426000,0.025529865125240844,0.004046242774566474,0.012380839276028944,0.012899896800825594,0.0015479876160990713,0.007215873326962918,0.015567765567765568,0.002075702075702076,0.008306885670294325,0.3492063492063492,286,753,313,646,0.7887667887667887,819,4733,3919,65679
1427,1427000,0.010174418604651164,0.002325581395348837,0.004165865122612438,0.011093502377179081,0.001109350237717908,0.005166126153968639,0.010896637608966376,0.0013698630136986301,0.004951873479755354,0.34869240348692404,280,774,316,631,0.7858032378580324,803,5461,4500,65679
1428,1428000,0.014577259475218658,0.00272108843537415,0.01072388292915627,0.009202453987730062,0.001226993865030675,0.004400839476684922,0.010191310566779903,0.0015018773466833543,0.005564152852796672,0.32540675844806005,260,798,297,652,0.8160200250312891,799,6157,5073,65679
1429,1429000,0.016551724137931035,0.0027586206896551726,0.007054686419139684,0.00677710843373494,0.0007530120481927711,0.0034752679639653253,0.008529048207663783,0.0011124845488257107,0.00411682009746382,0.37330037082818296,302,798,351,664,0.8207663782447466,809,6869,5667,65679
1430,1430000,0.01079136690647482,0.0014388489208633094,0.0036360603831112758,0.006891271056661562,0.0007656967840735069,0.005186604605259635,0.007575757575757576,0.0008838383838383838,0.004914476263241173,0.3838383838383838,304,810,365,653,0.8244949494949495,792,7558,6251,65679
1431,1431000,0.011247443762781187,0.0018404907975460125,0.005005700523558774,0.007631708517971442,0.00103397341211226,0.004612123872928565,0.008333333333333331,0.0011904761904761906,0.004688496484896092,0.36666666666666664,308,785,351,677,0.805952380952381,840,8301,6865,65679
1432,1432000,0.009732360097323601,0.0021897810218978104,0.004481173490492316,0.0103397341211226,0.00103397341211226,0.004170772519845692,0.010237510237510235,0.0012285012285012285,0.004223014452251819,0.3574938574938575,291,817,328,677,0.8316953316953317,814,8999,7460,65679
1433,1433000,0.012987012987012988,0.0012987012987012987,0.007343699698515958,0.00357653791130186,0.00042918454935622326,0.002221262646001466,0.005275498241500586,0.0005861664712778429,0.0031460637082373773,0.3704572098475967,316,812,355,699,0.8194607268464243,853,9734,8081,65679
1434,1434000,0.018367346938775512,0.00272108843537415,0.006812435564003832,0.006400787789266371,0.0007385524372230429,0.0021859048533840525,0.008535598705501617,0.001092233009708738,0.0030112689486038427,0.33737864077669905,278,798,312,677,0.8216019417475728,824,10436,8676,65679
1435,1435000,0.007797270955165692,0.0011695906432748538,0.002872351887827108,0.005925925925925926,0.0007407407407407407,0.0031637342193077027,0.006304176516942474,0.0008274231678486998,0.003104837790604178,0.34397163120567376,291,770,320,675,0.7978723404255319,846,11160,9283,65679
1436,1436000,0.0,0.0,0.0,0.004018912529550827,0.0005673758865248227,0.0019778145272206747,0.003260452627541235,0.0004602991944764097,0.0016045560894022732,0.35558112773302647,309,797,343,705,0.8112773302646721,869,11913,9915,65679
1437,1437000,0.007518796992481203,0.0013157894736842105,0.002795781431829585,0.008345606283750613,0.0010309278350515464,0.0046890285860487855,0.008194372815311443,0.0010830324909747292,0.004342730670956946,0.3971119133574007,330,778,370,679,0.8170878459687124,831,12630,10531,65679
1438,1438000,0.013513513513513514,0.0013513513513513514,0.00879074321394582,0.00847457627118644,0.0008474576271186442,0.003235128846441709,0.009345794392523364,0.0009345794392523365,0.004195678994094289,0.3691588785046729,316,807,351,708,0.8271028037383178,856,13361,11164,65679
1439,1439000,0.00784313725490196,0.0013071895424836603,0.002800773062376476,0.00771513353115727,0.0010385756676557865,0.0042371206907186425,0.007738814993954051,0.0010882708585247885,0.003971387695390526,0.3675937122128174,304,788,334,674,0.814993954050786,827,14034,11740,65679
1440,1440000,0.015037593984962405,0.0015037593984962407,0.0072500983977803815,0.010248901903367497,0.0010248901903367497,0.004134133229773841,0.011029411764705883,0.0011029411764705882,0.00464200500348079,0.3602941176470588,294,823,332,683,0.8370098039215687,816,14709,12327,65679
1441,1441000,0.017857142857142856,0.002142857142857143,0.013392904999345525,0.010432766615146832,0.0013910355486862443,0.004905033991696179,0.011753494282083863,0.0015247776365946634,0.006414947512751971,0.3519695044472681,277,803,315,647,0.8221092757306226,787,787,647,65679
1442,1442000,0.01673789173789174,0.002564102564102564,0.006225739486706723,0.008066239316239315,0.001121794871794872,0.00429161857563621,0.0098005698005698,0.0014102564102564104,0.0046784427578503126,0.3269230769230769,255,788,299,624,0.8,780,1546,1256,65679
1443,1443000,0.014705882352941176,0.0019607843137254906,0.006533973520153444,0.01085383502170767,0.0011577424023154848,0.00422778723133457,0.0115521327014218,0.0013033175355450237,0.004645851807388229,0.35308056872037913,298,813,345,691,0.8187203791469194,844,2347,1916,65679
1444,1444000,0.008571428571428572,0.001142857142857143,0.0037873187628042933,0.006339144215530904,0.000792393026941363,0.003493391015619097,0.006823821339950372,0.00086848635235732,0.0035572090748714658,0.3250620347394541,262,769,298,631,0.78287841191067,806,3096,2509,65679
1445,1445000,0.010344827586206896,0.0013793103448275863,0.005084122157029629,0.005865102639296188,0.0007331378299120235,0.0031630385522853984,0.006650544135429262,0.0008464328899637244,0.0034998669956806984,0.3651753325272068,302,818,325,682,0.8246674727932285,827,3847,3143,65679
1446,1446000,0.012096774193548387,0.0016129032258064518,0.0052099587551449325,0.002985884907709012,0.0006514657980456026,0.002976156428612204,0.005104166666666667,0.0008750000000000001,0.003495515469531063,0.32,256,747,291,614,0.7675,800,4555,3699,65679
1447,1447000,0.01875,0.0025,0.009238050075359808,0.004112239961296564,0.0005805515239477504,0.002084937686665672,0.006870828425598744,0.0009422850412249707,0.0034329918470791723,0.35335689045936397,300,806,333,689,0.8115429917550059,849,5325,4335,65679
1448,1448000,0.00980392156862745,0.0014705882352941176,0.003937063822307948,0.0034113060428849896,0.00043859649122807024,0.0012432143852386009,0.004471544715447155,0.0006097560975609756,0.0016899991699232731,0.4036585365853659,331,812,396,684,0.8341463414634146,820,6044,4950,65679
1449,1449000,0.009868421052631578,0.0013157894736842105,0.0036880893730033442,0.00951683748169839,0.0010248901903367497,0.0039088028284210985,0.009580838323353293,0.0010778443113772455,0.003868625049710321,0.3592814371257485,300,813,351,683,0.8179640718562874,835,6789,5575,65679
1450,1450000,0.015202702702702704,0.002027027027027027,0.005977909090793286,0.011797188755020081,0.0015060240963855422,0.0065100500267931604,0.012417898193760263,0.001600985221674877,0.006413058821709439,0.3657635467980296,297,796,348,664,0.8177339901477833,812,7492,6162,65679
1451,1451000,0.011904761904761904,0.0011904761904761906,0.006058229528607138,0.011142061281337047,0.0011142061281337048,0.007027384139008039,0.011286681715575621,0.001128668171557562,0.006843616673378974,0.32054176072234764,284,781,298,718,0.8103837471783296,886,8275,6822,65679
1452,1452000,0.014331210191082803,0.0019108280254777072,0.004619179526740939,0.010043041606886656,0.0011477761836441894,0.005089919452859616,0.010831381733021077,0.001288056206088993,0.005003378272062623,0.3594847775175644,307,808,347,697,0.8161592505854801,854,9042,7459,65679
1453,1453000,0.032407407407407406,0.0037037037037037043,0.01861034484224598,0.010997067448680353,0.0013196480938416424,0.004600923933988721,0.015106635071090047,0.0017772511848341236,0.007289936004057057,0.34360189573459715,290,797,320,682,0.8080568720379147,844,9786,8076,65679
1454,1454000,0.03586206896551724,0.00413793103448276,0.023510194752020378,0.004285714285714286,0.0007142857142857143,0.002458011491421511,0.009704142011834319,0.0013017751479289942,0.006070516311287588,0.3715976331360947,314,810,357,700,0.8284023668639053,845,10527,8706,65679
1455,1455000,0.03022222222222222,0.004000000000000001,0.0149222743600794,0.00822447992259313,0.0010159651669085633,0.004999845318735989,0.012157330154946364,0.0015494636471990464,0.00677381952159834,0.3766388557806913,316,812,360,689,0.8212157330154947,839,11247,9323,65679
1456,1456000,0.011695906432748537,0.0011695906432748538,0.004467894101793721,0.013846153846153847,0.0015384615384615385,0.00796107335272092,0.013398294762484775,0.0014616321559074302,0.007233504958191623,0.3447015834348356,283,777,330,650,0.7917174177831913,821,11928,9882,65679
1457,1457000,0.002777777777777778,0.0005555555555555556,0.0014670451254032827,0.004750898818695429,0.0007704160246533128,0.002692377892885683,0.004322476879774829,0.0007237635705669483,0.0024263225272079607,0.3594692400482509,298,789,352,649,0.7828709288299156,829,12597,10433,65679
1458,1458000,0.015499425947187138,0.0029850746268656717,0.007919210231062776,0.011834319526627219,0.0017751479289940832,0.006936358156589768,0.012440645773979107,0.0019753086419753087,0.007098953438045797,0.35802469135802467,290,819,341,676,0.8345679012345679,810,13257,11007,65679
1459,1459000,0.0030864197530864196,0.0006172839506172839,0.0018924296073007975,0.010224948875255623,0.0013803680981595093,0.005823875332779673,0.008804258804258804,0.0012285012285012285,0.005041450016406727,0.36240786240786244,295,777,341,652,0.800982800982801,814,13909,11560,65679
1460,1460000,0.021541950113378682,0.00272108843537415,0.006956614230650078,0.007956754130223518,0.0011661807580174927,0.003933112598426521,0.010354141656662664,0.001440576230492197,0.004466671709995384,0.37334933973589435,311,800,356,686,0.8235294117647058,833,14600,12160,65679
1461,1461000,0.011560693641618497,0.0011560693641618498,0.008016490215228564,0.01069078947368421,0.0011513157894736843,0.004038419714140931,0.01088348271446863,0.0011523687580025609,0.004919605625393377,0.33418693982074266,261,764,306,608,0.7784891165172856,781,781,608,65679
1462,1462000,0.010714285714285714,0.0014285714285714286,0.005888258265633774,0.007586533902323375,0.0009957325746799432,0.004804198747566823,0.008105970739422697,0.0010676156583629894,0.004984232356735712,0.3879003558718861,327,844,372,703,0.833926453143535,843,1598,1293,65679
1463,1463000,0.009259259259259259,0.0014814814814814816,0.0033813668718792466,0.0060882800608828,0.00076103500761035,0.0023396740735548913,0.006628787878787879,0.0008838383838383839,0.0025172353459965427,0.398989898989899,316,817,366,657,0.8295454545454546,792,2345,1915,65679
1464,1464000,0.008830022075055188,0.0013245033112582781,0.0028126940380816933,0.007757234726688103,0.001446945337620579,0.004000525832350672,0.007966796032772746,0.001423027166882277,0.003768491419757379,0.4282018111254851,331,790,391,622,0.8046571798188874,773,3061,2498,65679
1465,1465000,0.01994301994301994,0.0025641025641025645,0.009054474769270304,0.006802721088435374,0.0006802721088435374,0.0026495811794354286,0.008607198748043818,0.0009389671361502348,0.0035291264259268377,0.4072769953051643,347,853,383,735,0.8626760563380281,852,3846,3184,65679
1466,1466000,0.006896551724137931,0.0006896551724137932,0.0021756198399015777,0.0029634898055950682,0.0007112375533428165,0.0023350243725496793,0.0036360062893081757,0.0007075471698113208,0.002307767701283199,0.4186320754716981,355,828,396,703,0.8290094339622641,848,4605,3820,65679
1467,1467000,0.013793103448275862,0.0013793103448275863,0.004597701149425287,0.008860911270983212,0.0012949640287769786,0.0035357957059161532,0.009712301587301587,0.0013095238095238097,0.003719100812236182,0.39285714285714285,330,816,354,695,0.8273809523809523,840,5339,4440,65679
1468,1468000,0.014598540145985401,0.0014598540145985403,0.010948905109489052,0.005376344086021505,0.0008797653958944283,0.002648208926753141,0.006919006919006918,0.0009768009768009768,0.004036725870629599,0.3785103785103785,310,831,353,682,0.8327228327228328,819,6062,5051,65679
1469,1469000,0.007142857142857143,0.001142857142857143,0.004720684448957191,0.00589603055970769,0.0008968609865470853,0.002595670197131745,0.006154555028962612,0.0009478672985781991,0.0030362833417637985,0.3447867298578199,291,763,313,669,0.792654028436019,844,6795,5651,65679
1470,1470000,0.008145363408521305,0.002255639097744361,0.006892464264851455,0.004464285714285714,0.0005952380952380953,0.0019692547696344882,0.0050724637681159425,0.0008695652173913043,0.0027826545992790303,0.3950310559006211,318,812,368,672,0.8347826086956521,805,7515,6268,65679
1471,1471000,0.022885697488872092,0.003703703703703704,0.008375363415166584,0.010869565217391304,0.0016722408026755853,0.005502816786588807,0.013755269155523284,0.00216010165184244,0.0061926659769334065,0.3176620076238882,250,699,285,598,0.7598475222363406,787,8198,6801,65679
1472,1472000,0.026851851851851856,0.003333333333333333,0.013458757178773111,0.005826771653543308,0.0007874015748031496,0.0024797508962605954,0.01047034764826176,0.0013496932515337425,0.004904562099760292,0.32883435582822085,268,746,295,635,0.7791411042944786,815,8908,7374,65679
1473,1473000,0.010526315789473684,0.0010526315789473684,0.0037495493379791807,0.005989583333333333,0.00078125,0.00236849529953585,0.007028112449799197,0.0008433734939759037,0.002684640199902396,0.35180722891566263,292,754,323,640,0.7710843373493976,830,9625,7946,65679
1474,1474000,0.003125,0.000625,0.003832169954784115,0.006933744221879815,0.0012326656394453005,0.003575010401397349,0.006180469715698393,0.0011124845488257107,0.003625870140015251,0.36093943139678614,292,779,346,649,0.8022249690976514,809,10305,8513,65679
1475,1475000,0.0125,0.001704545454545455,0.008287755278151681,0.004807692307692308,0.00048076923076923085,0.0018107576948351047,0.006500000000000001,0.0007500000000000001,0.0032356971631647513,0.34875,279,762,319,624,0.78,800,10977,9061,65679
1476,1476000,0.014970059880239521,0.0017964071856287427,0.010028464098265324,0.004594180704441042,0.00045941807044410423,0.0017772717024557808,0.006707317073170732,0.0007317073170731708,0.003457697470870651,0.3475609756097561,285,785,323,653,0.7963414634146342,820,11671,9640,65679
1477,1477000,0.0020964360587002093,0.000628930817610063,0.0008531570656128792,0.0030581039755351682,0.00030581039755351685,0.0009205810264953553,0.0028700287002870026,0.0003690036900369004,0.0009073947906032107,0.33948339483394835,276,768,297,654,0.8044280442804428,813,12340,10203,65679
1478,1478000,0.024061032863849766,0.004225352112676056,0.009684632108760242,0.007288629737609329,0.0008746355685131196,0.00392712083906078,0.010165056360708535,0.0014492753623188408,0.004914520114782185,0.36835748792270534,305,823,338,686,0.8285024154589372,828,13029,10798,65679
1479,1479000,0.02027027027027027,0.002027027027027027,0.012073538818793346,0.004041916167664671,0.0005988023952095808,0.0017097431208843133,0.006985294117647059,0.000857843137254902,0.00358945116413252,0.3639705882352941,297,809,336,668,0.8186274509803921,816,13701,11374,65679
1480,1480000,0.040372670807453416,0.004347826086956522,0.022551825203912124,0.003586800573888092,0.00043041606886657106,0.0017534647896621024,0.01048951048951049,0.0011655011655011655,0.005656187431496896,0.3682983682983683,316,795,342,697,0.8123543123543123,858,14424,11990,65679
1481,1481000,0.009202453987730062,0.001226993865030675,0.0064038266922628925,0.005401234567901234,0.0007716049382716049,0.003452465606125457,0.006165228113440197,0.0008631319358816277,0.004045649153647531,0.376078914919852,305,784,351,648,0.7990135635018496,811,811,648,65679
1482,1482000,0.025547445255474453,0.0029197080291970805,0.010699504108316289,0.0045662100456621,0.0005479452054794521,0.0028593772880461557,0.00788158400615148,0.000922722029988466,0.004098243925159198,0.3679354094579008,319,828,344,730,0.8419838523644751,867,1657,1365,65679
1483,1483000,0.010691823899371069,0.001886792452830189,0.0044050190707206425,0.008778625954198474,0.0010687022900763357,0.004381901751629054,0.009152334152334152,0.0012285012285012285,0.0043864172967587375,0.33906633906633904,276,785,314,655,0.8046683046683046,814,2433,1996,65679
1484,1484000,0.0064977257959714105,0.0011695906432748538,0.0023777052691528106,0.005597014925373134,0.0007462686567164179,0.002646894788818045,0.005780155899061962,0.0008323424494649228,0.002592160653428324,0.3579072532699168,301,786,339,670,0.7966706302021404,841,3211,2619,65679
1485,1485000,0.0,0.0,0.0,0.0070202808112324495,0.0009360374414976601,0.003408174890328153,0.005681818181818182,0.0007575757575757577,0.0027583839705812453,0.3648989898989899,289,789,347,641,0.8093434343434344,792,3924,3210,65679
1486,1486000,0.014150943396226415,0.001886792452830189,0.00973165021638183,0.006253006253006254,0.0007215007215007215,0.003711105083703814,0.007726917057902973,0.0009389671361502348,0.00483465752043598,0.4072769953051643,347,798,376,693,0.8133802816901409,852,4715,3861,65679
1487,1487000,0.00720164609053498,0.0012345679012345679,0.0024205086351076497,0.007261904761904763,0.001,0.004034138199209381,0.007250580046403712,0.0010440835266821347,0.0037308806709211205,0.41067285382830626,354,796,397,700,0.8120649651972158,862,5504,4519,65679
1488,1488000,0.018072289156626505,0.0018072289156626509,0.0070892650176657525,0.0029717682020802376,0.0002971768202080238,0.002060702536752662,0.0059594755661501785,0.0005959475566150178,0.00305562669864965,0.44934445768772346,377,766,416,673,0.8021454112038141,839,6277,5149,65679
1489,1489000,0.008264462809917356,0.0008264462809917356,0.003197130638301997,0.004374158815612382,0.0005383580080753702,0.0015203566150565932,0.004918981481481482,0.0005787037037037037,0.0017551826067379516,0.48148148148148145,416,840,461,743,0.8599537037037037,864,7069,5850,65679
1490,1490000,0.01644736842105263,0.0019736842105263163,0.00799478410587777,0.006700883946392929,0.0008982035928143714,0.0032039802890080115,0.008507549361207898,0.0010975609756097562,0.00409203172823265,0.4219512195121951,346,812,389,668,0.8146341463414634,820,7803,6469,65679
1491,1491000,0.015873015873015872,0.0015873015873015873,0.006613756613756613,0.007246376811594202,0.000815217391304348,0.004240766353825361,0.008507347254447023,0.0009280742459396752,0.004587630359337355,0.4802784222737819,414,824,447,736,0.8538283062645011,862,8576,7148,65679
1492,1492000,0.006993006993006993,0.0013986013986013986,0.004232589119249691,0.010019550342130987,0.0011730205278592375,0.004286849105735487,0.009494949494949495,0.0012121212121212121,0.0042774440414112816,0.4496969696969697,371,807,423,682,0.8266666666666667,825,9320,7783,65679
1493,1493000,0.03125,0.003472222222222222,0.011558092358938598,0.002304147465437788,0.000420757363253857,0.000977399282408793,0.007167861310218369,0.0009334889148191366,0.0027552520280567415,0.49941656942823803,428,797,455,713,0.8319719953325554,857,10099,8447,65679
1494,1494000,0.0,0.0,0.0,0.005246494798733604,0.000814111261872456,0.0020286305990716985,0.004538341158059468,0.0007042253521126762,0.001754813088633617,0.4706572769953052,401,842,442,737,0.8650234741784038,852,10852,9122,65679
