batch,interactions,recall_existing,precision_existing,ndcg_existing,hr_existing,mrr_existing,recall_new_content,precision_new_content,ndcg_new_content,hr_new_content,mrr_new_content,recall_overall_content,precision_overall_content,ndcg_overall_content,hr_overall_content,mrr_overall_content,n_new_users,pct_new_users,n_users_trained,id_resolution_emissions_mg,recovered_history_seed_emissions_mg,expand_embeddings_emissions_mg,gt_split_emissions_mg,scoring_emissions_mg,history_update_emissions_mg,apply_content_seeds_emissions_mg,batch_emissions_mg
1,1000,0.06152938674419779,0.028187919463087248,0.052189438253833605,0.24161073825503357,0.0910221583040375,0.028248587570621465,0.006779661016949153,0.012467034826069433,0.06779661016949153,0.010451977401129945,0.052089160055539124,0.022115384615384613,0.040922025743073576,0.19230769230769232,0.0681681166056166,59,0.28365384615384615,59868,11.713400639181446,23.751257859636986,136.48853987388358,11.660987884249481,12.513470727193356,11.66625317756975,11.656913530836668,219.4508236925513
2,2000,0.06441638029939352,0.020379146919431282,0.04428201662370539,0.1895734597156398,0.06312156774242082,0.028089887640449437,0.006741573033707866,0.020234101357768708,0.06741573033707865,0.03083645443196005,0.05363952081057344,0.016333333333333335,0.03714780176147751,0.15333333333333332,0.05354365079365079,82,0.2733333333333333,59868,11.716543833946348,29.781510388176265,140.96347333544313,11.660633068441562,12.924717907578641,11.664879946743172,11.656102506544023,230.36786098687315
3,3000,0.06217446850466171,0.02406417112299465,0.04534530752295573,0.20855614973262032,0.0766700619641796,0.0261437908496732,0.00392156862745098,0.011136719536170816,0.0392156862745098,0.009337068160597572,0.05445360900716418,0.019747899159663865,0.03801489581150182,0.1722689075630252,0.06224156329198346,43,0.18067226890756302,59868,11.762584508704798,20.719944977450446,135.46535836217117,11.660289790522883,12.648598625036563,11.688199417142888,11.65771382634134,215.6026895073701
4,4000,0.04030785222953101,0.014232209737827716,0.027543925175725202,0.12734082397003746,0.04232952856548362,0.003508771929824561,0.0010526315789473684,0.0014279155098152398,0.010526315789473684,0.0010526315789473684,0.030650635023806945,0.010773480662983427,0.020690276230251593,0.09668508287292818,0.031497193720950625,77,0.212707182320442,59868,11.7473894209086,27.729482416397186,136.92480173924972,11.679661085381866,13.334548558970429,11.66758617262946,11.657085414756201,224.74055480829347
5,5000,0.06353667305848514,0.016778523489932886,0.05025087202087961,0.14429530201342283,0.07430888462767657,0.0536231884057971,0.008695652173913044,0.034694671803202265,0.08695652173913043,0.0377536231884058,0.060776259656404936,0.014527845036319615,0.04591924242031571,0.12832929782082325,0.06413005880318229,96,0.2324455205811138,59868,11.734193186780598,31.726721097664587,136.46187615680688,11.668180384239715,13.333339275978977,11.67062890807479,11.686697427520585,228.28163643706614
6,6000,0.03692396659456861,0.011643835616438357,0.027817106309429955,0.10273972602739725,0.04327299412915851,0.04868913857677902,0.007865168539325841,0.038201676734331655,0.07865168539325842,0.045692883895131084,0.039672261362066585,0.010761154855643044,0.030242898350942425,0.09711286089238845,0.043838270216222976,69,0.18110236220472442,59868,11.753446361970152,25.753255347769727,136.38762582425372,11.670433350328578,13.236012208812106,11.677864750020158,11.658792635138408,222.13743047829283
7,7000,0.05915138439410284,0.01326860841423948,0.03266667897341542,0.13268608414239483,0.03766373863461242,0.018726591760299623,0.0044943820224719105,0.008920918219785925,0.033707865168539325,0.006741573033707865,0.050111669458403126,0.011306532663316583,0.027356697297352545,0.11055276381909548,0.030748983010289544,68,0.1708542713567839,59868,11.76000887737191,26.282820124728413,135.926073102534,11.672634143485666,13.474477689344976,11.683637475647535,11.658473548585873,222.45812496169836
8,8000,0.06765790120422707,0.014057507987220448,0.04093064093286396,0.12779552715654952,0.04932298798113495,0.03968253968253968,0.007142857142857143,0.025188146122837634,0.05952380952380952,0.02215608465608466,0.06173868113414713,0.012594458438287154,0.03759973522998686,0.11335012594458438,0.043574827076086516,55,0.1385390428211587,59868,11.733975588466881,23.400210059467895,137.41366596669224,11.666662249346093,13.276311644538733,11.669753996548533,11.66240583533795,220.82298534039833
9,9000,0.04852695464150572,0.011403508771929825,0.025478841735518985,0.10818713450292397,0.030321173303629444,0.04259259259259259,0.0077777777777777776,0.021475433936873782,0.07777777777777778,0.01917989417989418,0.04729062921464882,0.010648148148148148,0.024644798444134565,0.10185185185185185,0.028000073486184593,67,0.1550925925925926,59868,11.728824904989715,25.690446930000476,136.85012676249417,11.66422762166261,13.646791063600446,11.677500996422168,11.658955182701925,222.91687346187152
10,10000,0.036498223998224,0.008516483516483517,0.0216316484131889,0.07967032967032966,0.02851691958834816,0.038834951456310676,0.0077669902912621365,0.01651112570415325,0.06796116504854369,0.012702265372168287,0.03701360500075704,0.00835117773019272,0.02050228259085342,0.07708779443254818,0.025028890928248528,80,0.17130620985010706,59868,11.721280994300871,22.63327358979642,133.16598503064057,11.662920245745882,13.549351915281491,11.675374383490842,11.658192293082827,216.0663784523389
11,11000,0.048399580217762035,0.010743801652892562,0.03288602929578799,0.09917355371900827,0.04361581179762998,0.02160493827160494,0.004629629629629629,0.010901194395860469,0.046296296296296294,0.010978835978835977,0.04225558588615913,0.009341825902335458,0.02784492065631416,0.0870488322717622,0.0361321740302632,89,0.18895966029723993,59868,11.778166560073075,30.02324488778855,136.6118702186606,11.659528166689439,13.65361150266987,11.674334734271262,11.659342125276694,227.06009819542948
12,12000,0.059431605050161755,0.01211340206185567,0.035653726940237725,0.1056701030927835,0.039646743577155946,0.043010752688172046,0.006451612903225807,0.019514091224214283,0.06451612903225806,0.01544205495818399,0.05625667933360241,0.01101871101871102,0.03253317367289848,0.09771309771309772,0.03496683496683497,66,0.13721413721413722,59868,11.738901435634757,24.965725628225965,139.60800920028316,11.660030154201761,13.617108062632683,11.67045924975376,11.662091431469557,224.92232516220164
13,13000,0.05334090987685759,0.01111111111111111,0.029380410069126228,0.08994708994708994,0.030753968253968252,0.03896103896103896,0.006493506493506494,0.017123817169405087,0.06493506493506493,0.013760049474335186,0.05090739326033444,0.010329670329670332,0.027306217424558035,0.08571428571428572,0.027878074306645736,59,0.12967032967032968,59868,11.738637041782892,23.76059367237976,136.21071677463954,11.666761094985233,13.497716893071283,11.667112160084534,11.672459532189109,220.21399716913237
14,14000,0.057639695444573494,0.012466124661246612,0.0365303215475876,0.10840108401084012,0.042167806598700903,0.08754208754208753,0.014141414141414142,0.05163046902594903,0.12121212121212122,0.04928250761584095,0.06396520146520147,0.01282051282051282,0.03972458351416405,0.1111111111111111,0.043672839506172845,71,0.1517094017094017,59868,11.762616439721981,27.005129334224836,128.96565215483142,11.663466418709076,13.717817284668223,11.672104312518156,11.666668917374203,216.4534548620479
15,15000,0.04527426699008468,0.011796246648793567,0.030797698586897272,0.1126005361930295,0.04126771351972424,0.047839506172839504,0.007407407407407408,0.02290778892285766,0.07407407407407407,0.017901234567901235,0.04585024585024585,0.010810810810810811,0.02902615961867216,0.10395010395010396,0.03602118602118602,76,0.158004158004158,59868,11.716452065734396,22.327524833630918,131.67355789242637,11.674469314234322,13.751183391546087,11.674728302322675,11.665125188311652,214.48304098820643
16,16000,0.05719895287958115,0.011780104712041885,0.031428612820829246,0.1099476439790576,0.03473780437131222,0.08152173913043478,0.009782608695652175,0.052620888760873646,0.09782608695652174,0.04782608695652174,0.06191983122362869,0.01139240506329114,0.03554188156868597,0.10759493670886076,0.037278146138905635,60,0.12658227848101267,59868,11.768173886742787,24.90114832744703,137.88078081055636,11.668082351895103,13.606552300927422,11.689341454954212,11.709255071700245,223.2233342042232
17,17000,0.045134285563973066,0.009895833333333333,0.029048049901742545,0.09635416666666667,0.036201016865079365,0.05555555555555555,0.009195402298850575,0.035040434362699775,0.09195402298850575,0.03459222769567597,0.04705923352420167,0.009766454352441613,0.030154923464594516,0.09554140127388536,0.03590385198665453,62,0.1316348195329087,59868,11.789036691029452,25.659265949236516,137.3676566407958,11.688456303700704,13.585747880144952,11.7048101009945,11.701453898659356,223.4964274645613
18,18000,0.04094754653130288,0.008121827411167513,0.0267786214894855,0.07868020304568528,0.0293600435097897,0.05381944444444444,0.008333333333333333,0.032121805106157274,0.08333333333333333,0.03778935185185185,0.043469387755102035,0.00816326530612245,0.02782544930009875,0.07959183673469387,0.03101149983803045,60,0.12244897959183673,59868,11.70710339138195,20.36107583776748,122.64288118357322,11.662017534185866,13.596680060528124,11.670463844778642,11.658589808202606,203.2988116604179
19,19000,0.040587219343696024,0.008031088082901556,0.0235646600318497,0.07772020725388601,0.027110576527674974,0.06862745098039216,0.00980392156862745,0.04693373457158507,0.09803921568627451,0.04498910675381263,0.046448087431693985,0.008401639344262296,0.02844917971023701,0.08196721311475409,0.03084748243559719,62,0.12704918032786885,59868,11.742160367628381,19.82446662554451,125.0174050627462,11.662575220477978,13.665254972296259,11.668913013701369,11.66357440864508,205.24434967103977
20,20000,0.04303889494729189,0.009160305343511449,0.027207804270917565,0.08142493638676845,0.030953390686215113,0.07912457912457913,0.010101010101010104,0.040589562664827425,0.10101010101010101,0.03363796697130031,0.05030003871467286,0.009349593495934958,0.029900475167253086,0.08536585365853659,0.03149357981675055,69,0.1402439024390244,59868,11.727779463237448,20.70771587085393,135.32234582285494,11.670831063168887,13.762052156448927,11.675230704825957,11.658957209597503,216.5249122909876
21,21000,0.05205332632773266,0.012137203166226912,0.03499239832993659,0.10026385224274406,0.039930686434644216,0.0825082508250825,0.009900990099009901,0.04237345865502695,0.09900990099009901,0.03895568128241396,0.05846155002405002,0.011666666666666667,0.03654549644000769,0.1,0.039725529100529094,58,0.12083333333333333,59868,11.762473955314462,20.35736209253427,131.6693169235621,11.672065505457727,13.808735937710647,11.72478800101802,11.677546147683369,212.6722885632806
22,22000,0.049801587301587305,0.009852216748768473,0.03302870248468056,0.09359605911330049,0.03801802330127453,0.06989247311827956,0.011827956989247313,0.03786132417999932,0.10752688172043011,0.03632019115890084,0.05354598085059007,0.010220440881763526,0.0339293714579564,0.09619238476953908,0.03770159366351751,65,0.13026052104208416,59868,11.754453305046383,25.390726339550273,136.09302143958914,11.705204889135915,14.004356841007016,11.669905726333953,11.659163979500786,222.27683252016348
23,23000,0.036525974025974024,0.007416267942583732,0.02608093664611227,0.06698564593301436,0.029912850307587148,0.008591065292096219,0.002061855670103093,0.007719579032968104,0.020618556701030927,0.011340206185567012,0.031264447526583444,0.006407766990291263,0.02262258385295696,0.05825242718446602,0.026414701803051315,57,0.11067961165048544,59868,11.717932386144485,19.420768003423905,124.6190024016625,11.665662773872356,13.924668442687715,11.674375160489191,11.662322982182623,204.68473215046276
24,24000,0.03860082304526749,0.007901234567901235,0.020834251895703704,0.07160493827160494,0.021566725455614347,0.0130718954248366,0.00196078431372549,0.008393446404483314,0.0196078431372549,0.011764705882352941,0.03346482577251808,0.006706114398422091,0.018331367950724455,0.0611439842209073,0.019594721517798442,72,0.14201183431952663,59868,11.755241627473684,23.65341267927378,137.18148786267312,11.66410851886901,13.79196965993392,11.674722955980384,11.665699173836128,221.38664247804
25,25000,0.0368735335325197,0.007603686635944701,0.021048697886950338,0.07142857142857142,0.02366231438812084,0.046875,0.007291666666666668,0.01905515126602989,0.07291666666666667,0.012789351851851852,0.038685119911535004,0.007547169811320755,0.020687602649953427,0.07169811320754717,0.02169287211740042,63,0.11886792452830189,59868,11.746571883138046,25.97948055628116,128.12467409338385,11.671211236930281,13.9692155337141,11.674100049635824,11.660175781890922,214.82542913497417
26,26000,0.05703124999999999,0.009598214285714285,0.030029218641089466,0.09151785714285714,0.02813297193877551,0.05625,0.00625,0.02842132018086354,0.0625,0.024166666666666666,0.05691287878787879,0.009090909090909092,0.029785597662267356,0.08712121212121213,0.027532016594516595,48,0.09090909090909091,59868,11.761293524669737,18.326637197408484,128.29190335963622,11.666466913086774,14.129930182087483,11.672902254103793,11.661222893101161,207.51035632409366
27,27000,0.047370736739895614,0.008878504672897197,0.023625120986513922,0.08644859813084112,0.023452566384809373,0.049679487179487176,0.007692307692307693,0.02493017131529736,0.07692307692307693,0.020993589743589742,0.04782207141229698,0.008646616541353383,0.02388024360717835,0.08458646616541353,0.022971864184270198,72,0.13533834586466165,59868,11.763440396168889,26.545525451203595,137.41788040546894,11.670242665231742,13.905826732859943,11.673941739624889,11.660938055557853,224.63779544611586
28,28000,0.05327313769751693,0.009706546275395033,0.03160614772814022,0.09029345372460497,0.03445035651581927,0.05246913580246913,0.007407407407407408,0.02010294683349607,0.07407407407407407,0.012235449735449735,0.05311554748941319,0.009255898366606171,0.02935143684497948,0.08711433756805807,0.030096073517126152,72,0.1306715063520871,59868,11.721455256531385,26.871629530172275,130.6628801244188,11.664912798365311,13.871250290802342,11.66503308320209,11.662083798866242,218.11924488235846
29,29000,0.04476190476190476,0.008192771084337351,0.027688656807300826,0.07710843373493977,0.03131191432396251,0.04672897196261682,0.00841121495327103,0.021776775426283902,0.06542056074766354,0.017315680166147457,0.045165115854771024,0.008237547892720307,0.026476834378624945,0.07471264367816093,0.028442954448701575,69,0.13218390804597702,59868,11.73584628536093,22.044057434471817,127.65675378000486,11.668453636407353,13.911938928579982,11.676180322095323,11.668336758624728,210.361567145545
30,30000,0.0414856429463171,0.007640449438202248,0.0259474656383394,0.07415730337078652,0.03128767611913679,0.008417508417508417,0.00202020202020202,0.003995290405230488,0.020202020202020204,0.003787878787878788,0.035467728758169934,0.00661764705882353,0.02195249257201995,0.06433823529411764,0.02628311741363212,55,0.10110294117647059,59868,11.71852621515649,20.079948244234973,134.04809144985063,11.671100587157083,14.006059369665868,11.672514359065653,11.66427629631199,214.86051652144266
31,31000,0.03825272261370916,0.006726457399103139,0.018949924627140402,0.06278026905829596,0.018145419602818704,0.05031446540880503,0.008490566037735849,0.024234651921647737,0.08490566037735849,0.022824947589098532,0.04056892684610076,0.007065217391304349,0.0199647454481871,0.06702898550724638,0.019044024614676785,73,0.1322463768115942,59868,11.816812494758535,28.186195591857302,129.13736294920506,11.65889100945578,14.001702581858607,11.668618341974247,11.663588419304899,218.1331713884144
32,32000,0.04197802197802197,0.007472527472527473,0.02658849199352523,0.07032967032967033,0.02807866736438165,0.03508771929824561,0.006315789473684211,0.016924524628848102,0.06315789473684211,0.014703425229741019,0.04078787878787878,0.007272727272727273,0.024919261266899185,0.06909090909090909,0.025768398268398263,53,0.09636363636363636,59868,11.700382876131746,19.069348105348396,132.19457941609883,11.661638141052636,13.920628283935025,11.666837554055212,11.688903005711154,211.902317382333
33,33000,0.04687765731292517,0.008035714285714287,0.022929014891338972,0.07589285714285714,0.020587974773242628,0.04824561403508772,0.007894736842105263,0.0278622451739379,0.06578947368421052,0.027647243107769424,0.04707606324972737,0.008015267175572521,0.023644521573547978,0.07442748091603053,0.021611838119471705,49,0.09351145038167939,59868,11.72177986391576,18.281831590862343,124.86097791800273,11.663747871075262,14.439952367492799,11.66573590587975,11.68613818959812,204.32016370682678
34,34000,0.03297430083144368,0.006802721088435374,0.022822281459263214,0.06349206349206349,0.03084980023755534,0.04216867469879518,0.007228915662650602,0.02650882620362385,0.060240963855421686,0.023293172690763052,0.034430661577608136,0.0068702290076335885,0.023406218890144766,0.06297709923664122,0.029652853507815338,62,0.1183206106870229,59868,11.71123675211983,20.19339507882984,123.30266866657745,11.663842335275614,13.980802504641106,11.67115575620263,11.660928932671379,204.18403002631783
35,35000,0.029087997491545163,0.004878048780487805,0.01647167585013201,0.04878048780487805,0.015162073698659064,0.054964539007092195,0.007446808510638297,0.03272090166430536,0.06382978723404255,0.025472813238770684,0.033551107404318416,0.005321100917431193,0.01927429461441145,0.05137614678899083,0.016940439784476482,62,0.11376146788990826,59868,11.7598040997903,24.785642220259003,145.42133874363705,11.678037415608147,14.215592943133542,11.702522416239328,11.689685169536181,231.25262300820356
36,36000,0.024458789775691183,0.00563380281690141,0.014548995995869755,0.051643192488262914,0.017484536850734034,0.028368794326241134,0.005319148936170213,0.02080080430840382,0.05319148936170213,0.02801418439716312,0.025165598290598293,0.005576923076923077,0.01567913057544322,0.051923076923076926,0.019387973137973136,55,0.10576923076923077,59868,11.796852542080016,24.3383075168406,131.9297251257557,11.665373582662314,14.064036299004865,11.667022746707223,11.66695476401483,217.12827257706556
37,37000,0.037406576980568006,0.007174887892376682,0.021563581179147504,0.06502242152466367,0.02191170190049114,0.03773584905660377,0.0056603773584905665,0.017997488580328274,0.05660377358490566,0.01331236897274633,0.03746980676328503,0.006884057971014494,0.020878788035171347,0.06340579710144928,0.020260380722337244,60,0.10869565217391304,59868,11.736221653856765,23.56271386379921,126.95174178697228,11.66394842787126,13.884522168973456,11.670827750045673,11.71158029676829,211.18155594828693
38,38000,0.03287671232876713,0.006164383561643836,0.020084786572751357,0.05707762557077625,0.020312386750742917,0.03888888888888889,0.006666666666666666,0.018363692047900223,0.05555555555555555,0.012451499118165786,0.03390151515151515,0.00625,0.01979141818783355,0.056818181818181816,0.01897246272246272,54,0.10227272727272728,59868,11.712807354085156,19.318994958402932,122.19912311115488,11.661294174550655,13.79767203230943,11.670849997568942,11.66411080269318,202.02485243076518
39,39000,0.030123193556029375,0.005543710021321962,0.016811230376720852,0.0511727078891258,0.018440112363353304,0.02,0.002666666666666667,0.007176369445777032,0.02666666666666667,0.004148148148148148,0.02872753267973856,0.005147058823529412,0.015482894770432642,0.04779411764705882,0.016469712885154062,54,0.09926470588235294,59868,11.690379519806172,19.070526019335233,123.92889736586449,11.664370582108175,13.984095430505384,11.672811778279044,11.660041265928317,203.67112196182683
40,40000,0.036544011544011545,0.006493506493506494,0.020786703257651206,0.06493506493506493,0.020658970658970658,0.01948051948051948,0.0038961038961038965,0.013440527302783412,0.03896103896103896,0.017027417027417027,0.034106369820655534,0.006122448979591837,0.01973724954981295,0.061224489795918366,0.020140177283034424,44,0.08163265306122448,59868,11.722049995036357,18.0910233868424,129.52387208439893,11.665067149103232,13.986464975674837,11.676230821294764,11.663097206253761,208.32780561860426
41,41000,0.04262008961133687,0.008533916849015319,0.021835335612196836,0.08533916849015317,0.025502761279566532,0.008888888888888889,0.002666666666666667,0.006368316046709573,0.02666666666666667,0.009333333333333332,0.037864751163623346,0.007706766917293232,0.01965483473360371,0.07706766917293233,0.023223236663086285,46,0.08646616541353383,59868,11.72030456651936,17.76051809553557,126.6500421149997,11.654438674946894,14.08788186782299,11.676205686072736,11.662147835701104,205.21153884159835
42,42000,0.04913669855933136,0.008083140877598153,0.024838971159158823,0.08083140877598152,0.02271252611899263,0.054964539007092195,0.007446808510638297,0.03264651856655179,0.07446808510638298,0.029888551165146913,0.05017619951206289,0.007969639468690703,0.02623158872328584,0.07969639468690702,0.02399250022589681,60,0.11385199240986717,59868,11.712162534207108,19.96977583703513,124.73785789138617,11.658966977107221,13.874053537577675,11.66230488845038,11.659652823278744,205.27477448904244
43,43000,0.045686963309914126,0.008899297423887587,0.026664208771491837,0.08430913348946135,0.030177316828370694,0.0297029702970297,0.006930693069306932,0.013672981006434964,0.06930693069306931,0.011684739902561685,0.04262941919191919,0.008522727272727272,0.024179144369463914,0.08143939393939394,0.026639911014911016,70,0.13257575757575757,59868,11.718698957345966,22.545857082591215,131.83309281651796,11.697723812280694,14.273891913857417,11.689816491786132,11.68433410919309,215.44341518357248
44,44000,0.041600385635092794,0.008459869848156183,0.02618886125177476,0.0824295010845987,0.03162896395000516,0.07228915662650602,0.012048192771084338,0.04238088805224741,0.10843373493975904,0.039056224899598396,0.046282679738562094,0.009007352941176472,0.02865933592905276,0.08639705882352941,0.03276216736694678,52,0.09558823529411764,59868,11.738508695836176,24.41739931608594,149.78802249518418,11.662808510021911,13.973562042562254,11.675070315565057,11.669007722594008,234.92437909784954
45,45000,0.026719726352079295,0.005656108597285068,0.013841773603190733,0.05656108597285068,0.01636410974646269,0.01779935275080906,0.0029126213592233015,0.01598561177482334,0.02912621359223301,0.020388349514563107,0.02503385757972914,0.005137614678899082,0.01424693934938919,0.05137614678899083,0.017124654143002765,58,0.10642201834862386,59868,11.732848613714431,24.41126484997551,128.52411282058932,11.66262993751964,13.939624825253308,11.667653432117369,11.663626239482443,213.60176071865203
46,46000,0.02982832618025751,0.006008583690987124,0.015749124155553382,0.05150214592274678,0.015470229579671639,0.06274509803921569,0.007058823529411764,0.03281833664255792,0.07058823529411765,0.024425770308123252,0.034906231094978826,0.006170598911070781,0.01838230575518203,0.0544464609800363,0.01685175582634748,52,0.09437386569872959,59868,11.757883532591967,19.505450408343826,125.72672520111405,11.666491510639935,14.01912584359996,11.678734052705114,11.66704202809274,206.02145257708762
47,47000,0.03010168126447196,0.005496828752642707,0.015696764809417545,0.052854122621564484,0.016222020873183668,0.024054982817869414,0.0030927835051546395,0.01718722118521858,0.030927835051546393,0.015463917525773196,0.029072681704260653,0.005087719298245615,0.015950403876878422,0.04912280701754386,0.01609301030353662,60,0.10526315789473684,59868,11.766695245211956,24.841525508223146,132.30859955105922,11.667229561525966,14.047704466012972,11.67147535490777,11.662310966518985,217.96554065345998
48,48000,0.03999192897497982,0.007203389830508475,0.02126357898618649,0.06779661016949153,0.022193637341942424,0.010416666666666666,0.0020833333333333333,0.007223191704346571,0.020833333333333332,0.008680555555555554,0.03499329309188464,0.006338028169014085,0.018890555783621994,0.05985915492957746,0.01990973619494746,55,0.09683098591549295,59868,11.740090614165144,19.768108417798913,124.9579690383272,11.663528322686245,14.08569248781237,11.67090825766534,11.66518656327796,205.55148370173316
49,49000,0.041069732736399404,0.006623931623931625,0.021088150682206774,0.06196581196581197,0.020358499525166194,0.044715447154471545,0.006097560975609756,0.03117602147412566,0.06097560975609756,0.03373983739837398,0.04161327561327561,0.006545454545454545,0.02259216050936559,0.06181818181818182,0.022353535353535355,50,0.09090909090909091,59868,11.705657406919576,18.37589437292224,123.1519818915821,11.661181049832727,14.005119187514985,11.689142995024298,11.661765787015014,202.25074269081094
50,50000,0.03594797318863708,0.005809128630705394,0.018238427935832104,0.05394190871369295,0.015204505038529933,0.04333333333333333,0.006000000000000001,0.02340059158699365,0.05,0.016761904761904763,0.0372169354128117,0.00584192439862543,0.019125397635344397,0.05326460481099656,0.01547209949271805,62,0.10652920962199312,59868,11.749468859352518,20.439297009691714,121.36682689791074,11.661278392142288,14.0461170141052,11.66314736327119,11.65910860143754,202.5852441379112
51,51000,0.02458677685950413,0.0043388429752066115,0.015295635453260143,0.03925619834710744,0.017371769644496916,0.01020408163265306,0.0020408163265306124,0.006033012294112528,0.02040816326530612,0.006559766763848396,0.022164948453608245,0.003951890034364262,0.013735949766668277,0.03608247422680412,0.015551191839851633,54,0.09278350515463918,59868,11.726164716315338,18.704854276492892,124.67258012598126,11.667892330098628,14.346102830775296,11.666527832254053,11.660634392516092,204.44475650443354
52,52000,0.032409381663113,0.005756929637526653,0.017140782877300947,0.053304904051172705,0.018273428774494872,0.03065134099616858,0.004597701149425287,0.015385347792380774,0.04597701149425287,0.011047254150702426,0.032134292565947235,0.005575539568345325,0.016866101488113797,0.052158273381294966,0.01714271439990864,53,0.09532374100719425,59868,11.713593881253203,19.61470108059575,122.93529372753818,11.67270294439443,13.91936808741584,11.675122316269146,11.669231800424951,203.20001383789148
53,53000,0.02872917282855171,0.0055900621118012426,0.018847037758651635,0.053830227743271224,0.02425071477866509,0.038152610441767064,0.007228915662650602,0.023735569897045124,0.07228915662650602,0.028327596098680432,0.030111055022715803,0.005830388692579506,0.019563907312514988,0.05653710247349823,0.024848561332660273,44,0.07773851590106007,59868,11.748710560872954,21.56251016131004,128.1268596091886,11.745021037975686,14.496169082840737,11.723270474914976,11.760866116834052,211.16340704393707
54,54000,0.02788354147629201,0.0061833688699360345,0.016796825029879156,0.05543710021321962,0.019611128033302873,0.01141552511415525,0.0027397260273972603,0.005539152982678062,0.0273972602739726,0.005022831050228311,0.025665524512387974,0.005719557195571956,0.015280570307654652,0.05166051660516605,0.0176462836056932,49,0.09040590405904059,59868,11.763319551511692,22.96293127329596,130.3364298382015,11.721325068388133,14.33356007776894,11.72087542973023,11.749504818303613,214.58794605720004
55,55000,0.03896098788736826,0.008588957055214725,0.022211147421682686,0.0736196319018405,0.022927419093063266,0.022727272727272728,0.00340909090909091,0.009091145685103445,0.03409090909090909,0.006547619047619047,0.03648513531529129,0.00779896013864818,0.02021017661957008,0.06759098786828423,0.0204292866771203,60,0.10398613518197573,59868,11.71618684962447,20.24996680891587,123.77608026315976,11.677313917711137,13.998967926294112,11.668582615137826,11.661128821137401,204.74822720198057
56,56000,0.02765326778484673,0.006072874493927126,0.015473032114995117,0.05668016194331984,0.01662971531392584,0.04480286738351254,0.006451612903225807,0.0169804228372109,0.053763440860215055,0.009468339307048984,0.030370325302182196,0.006132879045996594,0.015711852110167294,0.056218057921635436,0.015495119115221329,56,0.09540034071550256,59868,11.709897804681665,20.1185872040488,122.41833117382535,11.663334738055282,14.123552267479578,11.666829777131142,11.664309538849185,203.364842504071
57,57000,0.027443991853360487,0.00529531568228106,0.014606862579069001,0.048879837067209775,0.016120324572463065,0.024096385542168676,0.004819277108433735,0.018087540184842012,0.04819277108433735,0.023493975903614458,0.02695993031358885,0.005226480836236934,0.015110166135304474,0.04878048780487805,0.01718654941651457,51,0.08885017421602788,59868,11.757147843891037,18.67756719278052,123.40907596654696,11.660088656778242,14.092226847546227,11.711838441459676,11.659485480174093,202.96743042917674
58,58000,0.0344599072233267,0.005964214711729623,0.01792541440717372,0.0536779324055666,0.017998359052036984,0.014150943396226415,0.0018867924528301887,0.006252648900856144,0.018867924528301886,0.0047169811320754715,0.030925013683634373,0.005254515599343186,0.01589370152758478,0.047619047619047616,0.015686657804884405,69,0.11330049261083744,59868,11.72749023032986,20.844781385843948,123.24763684851656,11.662688132357477,14.169690370994386,11.702633056579966,11.659346851180391,205.0142668758026
59,59000,0.03443298969072166,0.005567010309278351,0.021805501902510373,0.05154639175257732,0.0245696285387007,0.031446540880503145,0.0056603773584905665,0.014769035604122073,0.05660377358490566,0.01118972746331237,0.033897349125775515,0.005583756345177666,0.020543462261851893,0.05245346869712352,0.022169849327209733,68,0.11505922165820642,59868,11.692403596337552,20.975770156663604,123.85040932121234,11.662440285309037,14.056219548266856,11.661513093671333,11.697498497423645,205.59625449888438
60,60000,0.029514563106796118,0.004854368932038835,0.01430152600268492,0.04854368932038835,0.012906457081214363,0.054982817869415807,0.007216494845360825,0.021570732102935666,0.07216494845360824,0.013127965963017508,0.033551198257080604,0.005228758169934641,0.015453671413999172,0.05228758169934641,0.012941565515094927,60,0.09803921568627451,59868,11.731119630471396,20.16094965743946,131.15262183038823,11.660197088331909,14.333827139591248,11.678604061799922,11.669670806256638,212.3869902142788
61,61000,0.031081926203877425,0.004690431519699813,0.01627993022170895,0.04690431519699812,0.01398642008398106,0.06896551724137931,0.008620689655172414,0.04618251269284085,0.06896551724137931,0.037725779967159284,0.037853107344632764,0.00539291217257319,0.021624613683421275,0.05084745762711865,0.018229510602391957,67,0.10323574730354391,59868,11.735462401964506,21.188711771612244,127.4622324921263,11.664002602208152,14.290976090774315,11.671279047456572,11.660831774770731,209.67349618091282
62,62000,0.026367187499999997,0.00546875,0.013693838221409935,0.05078125,0.015418061755952379,0.04924242424242424,0.005681818181818182,0.025200685233360522,0.056818181818181816,0.018416305916305917,0.02972222222222222,0.0055,0.015381509116496023,0.051666666666666666,0.01585780423280423,52,0.08666666666666667,59868,11.69542019098177,18.430270205458537,124.23941771145391,11.672489815551732,14.233977723170435,11.674921478214625,11.67154217105934,203.61803929589036
63,63000,0.03894324853228963,0.0062622309197651665,0.019268891372974814,0.060665362035225046,0.019177305625446523,0.012944983818770225,0.0019417475728155341,0.00645937787460943,0.019417475728155338,0.005663430420711974,0.03458197611292074,0.005537459283387623,0.01712006419002427,0.05374592833876222,0.016910320045499198,61,0.0993485342019544,59868,11.760758841714708,25.801223658248816,135.98987903237597,11.665393947334069,14.301298305765057,11.671994304983391,11.683030362830484,222.87357845325252
64,64000,0.02824635389211035,0.004981549815498155,0.017054239651368725,0.04797047970479705,0.01983614479001933,0.020467836257309944,0.0026315789473684214,0.01023332554602471,0.02631578947368421,0.008284600389863547,0.026894599303135886,0.004573170731707317,0.015868897870866868,0.04420731707317073,0.017828711769260548,67,0.10213414634146341,59868,11.732889360321908,25.46527285158563,129.47893653455188,11.667996909475036,14.253790395069368,11.668678254606393,11.671527829259023,215.93909213486924
65,65000,0.029639151380396515,0.0062256809338521405,0.017202587891823044,0.05642023346303502,0.018111141992464948,0.04128440366972477,0.0045871559633027525,0.01892489831028324,0.045871559633027525,0.012319790301441678,0.03167660322555988,0.005939004815409309,0.01750392310147339,0.05457463884430177,0.017097887844276287,67,0.10754414125200643,59868,11.711793973584115,21.164217280546584,132.94307562647552,11.680408413101972,14.31617608772459,11.692001116463471,11.708108409497555,215.21578090739382
66,66000,0.028710078408873588,0.005220883534136547,0.01351666964667436,0.04819277108433735,0.012523905144387072,0.011217948717948716,0.002884615384615385,0.00882321529092285,0.028846153846153848,0.012190934065934066,0.025688182249644042,0.004817275747508306,0.012705840322757154,0.044850498338870434,0.012466381901597849,62,0.10299003322259136,59868,11.721261072948977,20.531705398509416,142.06836624357234,11.664172821687288,14.205987986928154,11.66206400917899,11.676432061128589,223.52998959395376
67,67000,0.034384920634920636,0.006538461538461539,0.019194787801554224,0.06346153846153846,0.022537393162393164,0.04093567251461988,0.0061403508771929825,0.01713070868858841,0.06140350877192982,0.01337719298245614,0.03556281608332082,0.006466876971608832,0.018823644238655006,0.06309148264984227,0.020890290921836665,67,0.1056782334384858,59868,11.709350856224654,25.002930027349933,132.28069465992357,11.666032012915343,14.326056184257169,11.680148174047709,11.666676044566268,218.33188795928461
68,68000,0.03342445328031809,0.004771371769383698,0.017456224835752987,0.04771371769383698,0.0164804821862476,0.028225806451612902,0.0032258064516129032,0.011448301263192719,0.03225806451612903,0.007840501792114695,0.032396331738437,0.004465709728867623,0.01626805494261507,0.044657097288676235,0.014771777929672669,83,0.13237639553429026,59868,11.755237335705354,28.618856949892344,126.87745809628579,11.664127094707794,14.615957783840894,11.683688311590195,11.66544509607903,216.8807706681014
69,69000,0.024697259400892287,0.0038240917782026767,0.011960006413661932,0.03824091778202677,0.010897902819508937,0.02142857142857143,0.002142857142857143,0.008721604111095191,0.02142857142857143,0.0050793650793650785,0.024007038712921064,0.003469079939668175,0.011276180889741352,0.03469079939668175,0.00966925231631114,87,0.13122171945701358,59868,11.759965454711043,23.813831139517585,134.54255759210062,11.662165437799702,14.378488103216485,11.673125400398638,11.673803512480749,219.50393664022485
70,70000,0.027515400410677616,0.004928131416837783,0.018283657590267448,0.045174537987679675,0.01905821192268831,0.03571428571428571,0.003968253968253968,0.012661793682392447,0.03968253968253968,0.006305114638447971,0.029200652528548122,0.004730831973898859,0.01712810318179722,0.04404567699836868,0.016436857505373003,74,0.12071778140293637,59868,11.74010232176878,26.58354429460434,137.94969746114967,11.66687205645181,19.470949836215485,11.675289583089333,11.664184862668348,230.75064041594774
71,71000,0.029914773627348477,0.005588822355289421,0.01736662207475351,0.0499001996007984,0.018855938915819152,0.02266666666666667,0.0032,0.011841156907422412,0.032,0.0108,0.028467467924336933,0.005111821086261981,0.016263294365621902,0.0463258785942492,0.017247324915056546,74,0.1182108626198083,59868,11.7113304247303,25.648044033970557,129.58337996463524,11.663882475462795,14.341709736282946,11.673668419772895,11.676802580112138,216.2988176349669
72,72000,0.014591552741841759,0.0030828516377649326,0.006841494681259581,0.02697495183044316,0.006705508150594856,0.01968503937007874,0.0023622047244094492,0.008723746809901109,0.023622047244094488,0.005380577427821522,0.015592903828197946,0.0029411764705882357,0.007211534960419758,0.02631578947368421,0.006445034154012481,70,0.10835913312693499,59868,11.736001438033759,27.3855042744256,141.53752618460518,11.694624248836243,14.592513921593554,11.72075074898013,11.737676310227819,230.4045971267023
73,73000,0.014327269369286175,0.0035714285714285713,0.008651301267214737,0.031512605042016806,0.010354975323462717,0.0371900826446281,0.004958677685950413,0.015415965376832156,0.049586776859504134,0.010901219992129082,0.018961105895779262,0.0038525963149078726,0.01002236384219582,0.035175879396984924,0.010465688229507324,67,0.11222780569514237,59868,11.7559259822618,26.28105767016678,134.76596066059471,11.675786620205658,14.1878400961859,11.66714297740068,11.717549002011884,222.05126300882742
74,74000,0.019029615626969122,0.0035916824196597355,0.011129943153419244,0.034026465028355386,0.012013532571188526,0.06515151515151514,0.01,0.03581581863139735,0.08181818181818182,0.028005050505050505,0.026969222743870633,0.004694835680751174,0.015379467883587617,0.04225352112676056,0.014766376033981666,68,0.10641627543035993,59868,11.690065280820644,20.69211099087198,122.28272709769242,11.664223849097016,14.360442732407746,11.666881249525197,11.66407875327971,204.02052995369473
75,75000,0.0289463141025641,0.0052734375,0.019454137973725624,0.048828125,0.02208038814484127,0.025396825396825397,0.005714285714285715,0.012864861840128474,0.05714285714285714,0.011942554799697656,0.028342268212608573,0.005348460291734198,0.018332786281622382,0.050243111831442464,0.02035514908286383,64,0.10372771474878444,59868,11.721763346378422,21.214259270905394,125.72057813393239,11.669523942235694,14.21091207431599,11.67660215552202,11.675004059637228,207.88864298292714
76,76000,0.015956072351421186,0.003488372093023256,0.007680783591883226,0.031007751937984496,0.0071866925064599475,0.04354354354354354,0.006306306306306307,0.021760871691349323,0.06306306306306306,0.020820820820820818,0.020839978734715575,0.003987240829346092,0.010173430767386792,0.03668261562998405,0.009600389863547758,64,0.10207336523125997,59868,11.738264699776707,26.16699134734557,133.2499091738111,11.665304247971548,14.65456392549247,11.677826821775843,11.678460277161212,220.8313204933345
77,77000,0.04561567164179104,0.006716417910447761,0.023011445136033426,0.06529850746268656,0.01905502250651504,0.035398230088495575,0.004424778761061947,0.023985673092379218,0.04424778761061947,0.023893805309734516,0.043836671802773494,0.006317411402157165,0.02318107188344032,0.061633281972265024,0.019897522439895322,68,0.10477657935285054,59868,11.756588584682648,25.974092189604697,129.48913561315265,11.665625398289691,14.436517896957573,11.677094468982851,11.672383515317492,216.67143766698763
78,78000,0.026059704184704185,0.004166666666666667,0.016911856437834476,0.041666666666666664,0.01956168831168831,0.018333333333333333,0.0030000000000000005,0.0061434506858486825,0.03,0.0032500000000000003,0.02482939035486806,0.003980891719745223,0.015197142146116992,0.03980891719745223,0.016964285714285713,53,0.08439490445859872,59868,11.730968379086715,22.581641087999344,129.5873157499544,11.663528094597863,14.391569241548746,11.666444941424437,11.678465682462418,213.2999331770739
79,79000,0.02988911066755378,0.006387225548902196,0.015424721440321365,0.05189620758483034,0.015110255679117952,0.04513888888888889,0.006250000000000001,0.02169972203797495,0.0625,0.016708002645502644,0.032341336311185555,0.006365159128978225,0.016433766762557117,0.05360134003350084,0.015367179814415995,51,0.08542713567839195,59868,11.706429703738086,19.182921528939495,123.2788546744086,11.66201762337754,14.1035692253072,11.676302602601357,11.665467773539634,203.27556313191195
80,80000,0.03205128205128205,0.0057692307692307696,0.017417949255719625,0.051923076923076926,0.019871031746031748,0.05709876543209876,0.007407407407407408,0.030198044982139825,0.07407407407407407,0.02932098765432099,0.0363588110403397,0.006050955414012738,0.019615800113129467,0.05573248407643312,0.021496183399049646,70,0.11146496815286625,59868,11.775148086839993,21.562314479500742,124.48901940280422,11.665682604147797,14.393053891819523,11.668130199159881,11.664470589770048,207.2178192540422
81,81000,0.025222816399286984,0.004456327985739751,0.012422169062673556,0.0392156862745098,0.010476614888379596,0.004201680672268907,0.0008403361344537816,0.001717499139399043,0.008403361344537815,0.0012004801920768306,0.021544117647058825,0.003823529411764706,0.010548851826100516,0.033823529411764704,0.008853291316526611,65,0.09558823529411764,59868,11.717703222838965,20.670887369074464,124.90130479955383,11.664567117958269,14.953906426692226,11.667910119514403,11.671647059372653,207.2479261150048
82,82000,0.038066239316239314,0.0057692307692307696,0.01766310056972642,0.057692307692307696,0.016024114774114775,0.04044117647058824,0.004411764705882353,0.022455869282381597,0.04411764705882353,0.017667483660130722,0.03855860433604336,0.005487804878048781,0.018656723351618346,0.054878048780487805,0.016364813201703448,80,0.12195121951219512,59868,11.717013708216484,23.2002452123653,123.73773303604035,11.656381440638269,14.384818343007172,11.672385338400842,11.674503093157124,208.04308017182552
83,83000,0.01956721915285451,0.004051565377532229,0.01315990742341689,0.03867403314917127,0.015323452892513663,0.03156565656565656,0.004545454545454546,0.015701890863859036,0.045454545454545456,0.011952861952861953,0.02191358024691358,0.004148148148148148,0.013657006407325577,0.04,0.014664315108759554,62,0.09185185185185185,59868,11.692342269734034,20.700144179978953,124.4932543713606,11.667146760676456,14.683695622175891,11.677567838236369,11.671403007437743,206.58555404960003
84,84000,0.021947458933760305,0.0035225048923679062,0.014143508780024495,0.033268101761252444,0.016497375205790078,0.017094017094017096,0.0025641025641025645,0.009364430963253139,0.017094017094017096,0.009401709401709403,0.02104323489673808,0.0033439490445859883,0.013253139186772508,0.030254777070063694,0.015175411990698615,59,0.09394904458598727,59868,11.710337845926427,20.257743903743382,127.04141305424493,11.659986552694374,14.190244114999778,11.669158823741228,11.663983918684673,208.19286821403477
85,85000,0.031139549055453988,0.005667276051188301,0.018561598656794607,0.05301645338208409,0.019773802269231887,0.03333333333333333,0.003703703703703704,0.021002310563806918,0.037037037037037035,0.01814814814814815,0.031573802541544474,0.00527859237536657,0.019044730779150417,0.04985337243401759,0.019452008564911794,80,0.11730205278592376,59868,11.697638219565487,22.55896422216977,122.9804398937967,11.664589141782006,14.632513148409714,11.667579843346875,11.664206362425183,206.86593083149575
86,86000,0.026726726726726723,0.004144144144144144,0.012145252746963927,0.03963963963963964,0.00941870441870442,0.01652892561983471,0.0016528925619834713,0.00796911642070075,0.01652892561983471,0.005312868949232585,0.02490138067061144,0.0036982248520710057,0.011397749055428655,0.03550295857988166,0.008683784164553393,75,0.11094674556213018,59868,11.746260601835228,23.078185392957224,123.66596735292195,11.658530795998628,14.507816057936912,11.664495733886005,11.662476027286123,207.98373196282208
87,87000,0.03184467760738947,0.006026365348399247,0.020617323051349324,0.0583804143126177,0.02350312378560966,0.03168044077134986,0.004132231404958678,0.020523579393742778,0.04132231404958678,0.01736521054702873,0.03181419807186678,0.005674846625766871,0.020599925838818048,0.05521472392638037,0.02236403252507547,72,0.11042944785276074,59868,11.693560141797649,21.595037861414646,131.1660247462175,11.721150032093647,14.678772059534968,11.713116420883352,11.712159459782711,214.27982072172443
88,88000,0.03493254712766908,0.005628517823639776,0.01742224796834179,0.054409005628517824,0.015164239554483457,0.025547445255474453,0.0029197080291970805,0.012991342039650546,0.029197080291970802,0.011817865832464372,0.03301350390902629,0.0050746268656716425,0.016516226905310894,0.049253731343283584,0.014479981047145228,71,0.10597014925373134,59868,11.747739397199169,27.447532392841506,144.8360135185428,11.660750386346951,14.794463028090094,11.670604645571542,11.696022766388008,233.8531261349801
89,89000,0.031138676844783716,0.004770992366412214,0.016718455853348746,0.04770992366412214,0.015203562340966922,0.029411764705882353,0.003676470588235294,0.01309737362251823,0.03676470588235294,0.008823529411764706,0.030782828282828283,0.004545454545454545,0.01597229345426852,0.045454545454545456,0.013888888888888888,68,0.10303030303030303,59868,11.764261952970646,26.182740371933495,133.0244116478467,11.672432654256937,14.499789749145704,11.682252784635944,11.673852604025814,220.49974176481524
90,90000,0.034675248191149255,0.0049469964664310955,0.021076365489817464,0.04770318021201413,0.02063842615962757,0.02976190476190476,0.0035714285714285718,0.012993280419700323,0.03571428571428571,0.008333333333333333,0.033863604438825676,0.00471976401179941,0.01974110659917865,0.045722713864306784,0.018605726459708764,58,0.0855457227138643,59868,11.744635546120236,19.821650318305878,128.93115634556375,11.749594771629651,15.014033875281745,11.677227094150645,11.695341255859443,210.63363920691134
91,91000,0.027217813051146386,0.0044444444444444444,0.017381574970379465,0.044444444444444446,0.017941651969429748,0.019083969465648856,0.002290076335877863,0.006736410123627528,0.022900763358778626,0.0035623409669211198,0.025629834646228093,0.004023845007451565,0.015303308808047868,0.040238450074515646,0.015134364724528658,77,0.11475409836065574,59868,11.709149333013341,22.671322496763818,129.45535652267998,11.676794447416233,14.581042086812824,11.672808703920568,11.668096636812535,213.43457022741927
92,92000,0.024968193384223916,0.004389312977099236,0.01633584236206172,0.04007633587786259,0.01823806494608021,0.0390625,0.0046875,0.021206623657130694,0.046875,0.016741071428571428,0.027735173824130877,0.004447852760736197,0.017292069364774648,0.04141104294478527,0.01794417664816438,63,0.09662576687116564,59868,11.717119013668341,20.400277997902755,125.62399711067707,11.66131905784573,14.4457851503077,11.668725238229982,11.668272501614425,207.18549607024596
93,93000,0.03248498142931924,0.005566218809980806,0.015852705133067545,0.046065259117082535,0.012675562867501449,0.01984126984126984,0.002380952380952381,0.010858154494767888,0.023809523809523808,0.0082010582010582,0.030022682109235435,0.004945904173106646,0.01488004148480517,0.04173106646058733,0.011804175559971541,69,0.10664605873261206,59868,11.700507309562319,21.593739129816687,130.2257246214751,11.673027821079012,14.527266429704977,11.677934728813316,11.672077641612654,213.07027768206407
94,94000,0.021414499605988967,0.0039007092198581565,0.012471437239800244,0.03546099290780142,0.013053726218619836,0.011594202898550725,0.0017391304347826088,0.0051985827220834375,0.017391304347826087,0.003623188405797101,0.01975126820487645,0.0035346097201767305,0.011239657755945409,0.03240058910162003,0.011456507001426,73,0.10751104565537556,59868,11.713556007972304,21.85669583257624,123.17181740029159,11.665095157445403,14.54173727497704,11.666449101523785,11.667950287425066,206.28330106221142
95,95000,0.030382171149995644,0.004570383912248629,0.017898846967596905,0.04204753199268738,0.017217289109428054,0.03169014084507042,0.004225352112676057,0.01954796409579293,0.04225352112676056,0.01868991728146658,0.030651738198908013,0.004499274310595066,0.018238723066586505,0.0420899854862119,0.01752079157739535,73,0.10595065312046444,59868,11.706905748115615,24.736621768495226,142.18589645689437,11.669015156163393,14.635730353367016,11.68017804428767,11.68781146600531,228.3021589933286
96,96000,0.0364702154626109,0.005703422053231939,0.01994640199125687,0.051330798479087454,0.018484821051360976,0.050335570469798654,0.008053691275167784,0.031634871395271144,0.0738255033557047,0.03268882497070416,0.03953086419753086,0.006222222222222223,0.022526523385624466,0.056296296296296296,0.021620223398001175,102,0.1511111111111111,59868,11.740467962734202,32.92780663942396,126.434095275723,11.666739719168318,14.573450247933051,11.673255986100612,11.66784996159062,220.68366579267374
97,97000,0.034526176275679256,0.005367793240556661,0.019146154746324973,0.0536779324055666,0.019222758685979363,0.042483660130718956,0.0058823529411764705,0.022066518488367864,0.05228758169934641,0.016853408029878617,0.036382113821138214,0.005487804878048781,0.01982727616786851,0.053353658536585365,0.018670150987224157,88,0.13414634146341464,59868,11.713944622997879,23.64821601017614,127.2342032365148,11.660887703258267,14.467098489356205,11.684092658174189,11.664234115745659,212.07267683622314
98,98000,0.02503156565656566,0.004734848484848485,0.015369550591001062,0.041666666666666664,0.016763618326118328,0.029652351738241305,0.004294478527607362,0.017225627602364003,0.04294478527607362,0.01678352322524102,0.026121562952243126,0.004630969609261939,0.015807380624072203,0.041968162083936326,0.016768313693060435,92,0.13314037626628075,59868,11.713978456787816,24.523050525710605,127.77642572173869,11.680889262084133,14.831825177044621,11.676213456251332,11.688077238468376,213.89045983808555
99,99000,0.04491173416407061,0.007850467289719627,0.02546032083581912,0.0691588785046729,0.027668001780151313,0.018518518518518517,0.0022222222222222227,0.014286015330008794,0.022222222222222223,0.01574074074074074,0.03959369817578773,0.006716417910447761,0.023208781666737937,0.05970149253731343,0.025264747690120822,72,0.10746268656716418,59868,11.76549676023056,26.581142066654795,134.09494594050776,11.665299108270382,14.63206329781891,11.676165465348415,11.677429432740972,222.0925420715718
100,100000,0.02882077479778629,0.005555555555555556,0.015994181660954707,0.04789272030651341,0.019029374201787994,0.023333333333333334,0.002666666666666667,0.013176549978590902,0.02666666666666667,0.010555555555555556,0.027595899470899472,0.004910714285714286,0.01536524601756993,0.043154761904761904,0.017137896825396823,88,0.13095238095238096,59868,11.744855646603213,31.662165591288954,130.3392228125741,11.666943831228904,14.780794198192282,11.673863439132932,11.665851891013574,223.53369741003397
101,101000,0.026263093037584718,0.004066543438077635,0.014779488998841572,0.04066543438077634,0.013120910717953231,0.01631701631701632,0.002797202797202797,0.008362930138065851,0.027972027972027972,0.006535131535131534,0.02418372319688109,0.003801169590643275,0.01343801543584314,0.038011695906432746,0.011744059222129398,80,0.11695906432748537,59868,11.706811505359655,23.022368228396704,128.96800109012466,11.665737044912195,14.624745045360015,11.667683127037504,11.6675982540608,213.32294429525152
102,102000,0.04280024509803921,0.0062499999999999995,0.02131275669280244,0.06066176470588235,0.0174077964519141,0.018279569892473115,0.0025806451612903226,0.013073958088317909,0.025806451612903226,0.012096774193548387,0.03736289938006676,0.005436337625178827,0.019485841408546214,0.05293276108726753,0.016230101959715693,72,0.10300429184549356,59868,11.712537600450796,21.86325156459598,123.26030846642605,11.665892281711304,14.738340955396112,11.676577641176605,11.664946767585976,206.58185527734284
103,103000,0.040266927083333334,0.0060546875,0.022898487357980245,0.060546875,0.020055958581349204,0.026620370370370367,0.0041666666666666675,0.012673645424790533,0.041666666666666664,0.01107253086419753,0.03727134146341463,0.005640243902439025,0.020654009860450795,0.056402439024390245,0.018083986643437862,82,0.125,59868,11.736618157585921,23.814478180683025,127.15402036033579,11.659505049541053,14.466068914757019,11.670834873155068,11.665496034152234,212.1670215702101
104,104000,0.025462134764460347,0.0032200357781753132,0.01363912545570638,0.03041144901610018,0.010817218956753841,0.02364066193853428,0.004255319148936171,0.013984947867701924,0.0425531914893617,0.016095350669818754,0.0250952380952381,0.0034285714285714293,0.013708783970122627,0.032857142857142856,0.011880385487528344,79,0.11285714285714285,59868,11.709859511911668,22.43397901004196,128.4805605608133,11.66489950230054,14.777602389094008,11.67130413610995,11.66389255515335,212.40209766542475
105,105000,0.02126632595116411,0.004258943781942078,0.013041641014483053,0.04088586030664395,0.01544036126659636,0.03597122302158273,0.004316546762589928,0.023931083782093052,0.04316546762589928,0.02158273381294964,0.024081726354453627,0.004269972451790635,0.015126534326738965,0.04132231404958678,0.01661638025274389,76,0.1046831955922865,59868,11.824272761792876,21.692216919593637,122.84539932425065,11.66060019199,14.76215149053689,11.666656823897808,11.667156540575569,206.11845405263745
106,106000,0.03872901678657074,0.0057553956834532375,0.025674589609275537,0.05755395683453238,0.026588729016786567,0.02873563218390805,0.00413793103448276,0.01056348539446146,0.041379310344827586,0.006379310344827587,0.036661911554921545,0.005420827389443652,0.02254889758196021,0.05420827389443652,0.022408464098906324,87,0.12410841654778887,59868,11.695505918552646,23.235907945798328,125.20897555156132,11.663361739674972,14.823281177505503,11.671562563691367,11.666025859721069,209.96462075650518
107,107000,0.020039682539682538,0.003663003663003663,0.01142478348270581,0.03663003663003663,0.011380022094307806,0.044715447154471545,0.004878048780487806,0.023438249190963985,0.04878048780487805,0.01716350496838302,0.02457648231190832,0.0038863976083707034,0.013633537267632202,0.03886397608370702,0.012443353026312666,66,0.09865470852017937,59868,11.695767830648823,21.131155040397807,124.83106766794302,11.666368180712066,14.881322614571785,11.670471643663443,11.672419983458498,207.54857296139542
108,108000,0.02146451033243486,0.004150943396226415,0.012880785623609205,0.03773584905660377,0.014603923330338425,0.03863134657836644,0.004635761589403974,0.02431924785270585,0.046357615894039736,0.02044570587616945,0.025270960072722184,0.004258443465491924,0.015417067263247375,0.039647577092511016,0.015899237815537374,80,0.11747430249632893,59868,11.687787652765735,23.698309170278737,123.16886672997587,11.662128636017593,14.535469242581838,11.663015811770594,11.664553213421025,208.0801304568114
109,109000,0.04278291652392372,0.006294964028776978,0.02488249091470691,0.05935251798561151,0.02592782916523924,0.05322128851540616,0.0067226890756302525,0.024702783963847293,0.06722689075630252,0.01757703081232493,0.04462316284538507,0.006370370370370372,0.024850809244851658,0.06074074074074074,0.02445561434450323,63,0.09333333333333334,59868,11.689873416279028,20.005217090352662,131.7306483360585,11.838551170314377,15.40693366731266,11.7158672070794,11.704334291300771,214.09142517869742
110,110000,0.03661710037174721,0.0048327137546468404,0.017208155536216557,0.046468401486988845,0.014373487932967487,0.029411764705882353,0.0033613445378151263,0.0188866430400233,0.03361344537815126,0.018940909697212217,0.035312024353120246,0.0045662100456621,0.017512173820772116,0.0441400304414003,0.015200768282960062,76,0.1156773211567732,59868,11.902447714321612,29.585524857010657,150.1064234801612,11.698576208446498,14.881549900001845,11.72008766251939,11.71835801763721,241.61296784009843
111,111000,0.03840579710144927,0.005615942028985506,0.020736413463958936,0.05253623188405797,0.019815389924085578,0.01171875,0.0015625,0.009719351143257155,0.015625,0.01171875,0.03338235294117647,0.0048529411764705885,0.018662613497709188,0.045588235294117645,0.018291316526610642,70,0.10294117647058823,59868,11.73476179780475,26.641947866570813,127.87220178863204,11.671787766509567,14.932392455074133,11.672353542491187,11.675786623428774,216.20123184051124
112,112000,0.03095801124734217,0.0059674502712477396,0.01761553601130096,0.05786618444846293,0.01942435201928873,0.01984126984126984,0.002380952380952381,0.006531247142236356,0.023809523809523808,0.003108465608465608,0.02889511078023596,0.005301914580265096,0.01555865766446423,0.05154639175257732,0.0163966617574865,75,0.11045655375552282,59868,11.735453051064242,26.802725786801567,128.3214845901083,11.66029038331476,14.656774522083666,11.66731742793109,11.67064346827354,216.51468922957716
113,113000,0.030088788762258147,0.005380333951762524,0.015954466498222564,0.05009276437847866,0.016766793297405543,0.040616246498599434,0.00504201680672269,0.01626196980669998,0.05042016806722689,0.009603841536614645,0.031992690693298596,0.005319148936170213,0.016010078798691884,0.05015197568389058,0.015471365851305062,66,0.10030395136778116,59868,11.71405913685808,20.758749756270152,122.48111381801472,11.663051992353429,14.572640093617888,11.67432579518568,11.673859279248688,204.5377998715486
114,114000,0.03134920634920635,0.004945054945054946,0.01718012822057381,0.045787545787545784,0.016945752660038373,0.020161290322580645,0.002419354838709678,0.012405062164784495,0.024193548387096774,0.01057347670250896,0.02927860696517413,0.004477611940298508,0.01629638465203967,0.041791044776119404,0.015766406064913526,63,0.09402985074626866,59868,11.708940387187422,20.374124662721204,126.09852513102705,11.66580668825537,14.614480313257516,11.673837792696567,11.673219821803361,207.8089347969485
115,115000,0.03588531821045999,0.006616257088846881,0.01959140245497585,0.06049149338374291,0.023123893539772556,0.030864197530864192,0.004444444444444445,0.01890546909206966,0.044444444444444446,0.017530864197530863,0.0348644578313253,0.0061746987951807235,0.0194519431116139,0.0572289156626506,0.021986756550009562,78,0.11746987951807229,59868,11.725532217447821,22.36172801787714,124.17117935736508,11.664706798832775,14.889187533697473,11.671258592506339,11.66659213066093,208.15018464838755
116,116000,0.037599754450583174,0.005156537753222836,0.01924364136420679,0.05156537753222836,0.016612587330819373,0.016317016317016316,0.002797202797202797,0.007717810160321936,0.027972027972027972,0.006701631701631701,0.03316326530612245,0.004664723032069971,0.01684102640479639,0.04664723032069971,0.014546600953306493,90,0.13119533527696792,59868,11.716168986652953,23.92918488363163,125.30746646415014,11.661474485349931,14.68315332089562,11.67231781830716,11.667715777815419,210.63748173680287
117,117000,0.020667870036101082,0.0034296028880866423,0.011228222677662514,0.032490974729241874,0.010900521460088247,0.011029411764705883,0.0014705882352941176,0.007675174638520967,0.014705882352941176,0.009191176470588236,0.018768115942028984,0.003043478260869565,0.010527911759802732,0.028985507246376812,0.010563607085346217,73,0.10579710144927536,59868,11.715594400964896,21.814431389675924,121.38541110450277,11.660723987613059,15.01697335341834,11.663899437082403,11.66804672958141,204.9250804028388
118,118000,0.022752262539118665,0.003730017761989343,0.012606799725871764,0.035523978685612786,0.011954805604894416,0.02926208651399491,0.003816793893129771,0.019890235670585354,0.03816793893129771,0.02102265842723858,0.023981062165500205,0.0037463976945244963,0.013981626971920007,0.03602305475504323,0.013666460820639497,61,0.08789625360230548,59868,11.723511997911023,20.85382436157329,124.90505552400013,11.659468860277661,14.738702725333036,11.667150704351704,11.67132370585855,207.2190378793054
119,119000,0.03564860426929393,0.005172413793103448,0.019972303808503983,0.05,0.020291461412151067,0.02112676056338028,0.004225352112676057,0.01129134561028682,0.04225352112676056,0.011820925553319919,0.03279250758475136,0.004986149584487535,0.018264968539602546,0.04847645429362881,0.01862551114628677,76,0.10526315789473684,59868,11.713004412997746,22.484795369700354,123.81622926602512,11.664245719574668,14.840078464486982,11.666537448693642,11.671327063502574,207.8562177449811
120,120000,0.025932400932400936,0.0040209790209790215,0.016477899856746005,0.04020979020979021,0.01668747918747919,0.04292929292929293,0.006818181818181819,0.019813871580672604,0.05303030303030303,0.013918951418951418,0.02911931818181818,0.004545454545454546,0.017103394554982245,0.04261363636363636,0.01616838023088023,69,0.09801136363636363,59868,11.736786440230684,21.549465766566854,124.62594695306083,11.663321317158942,14.891569201216925,11.669466227201553,11.691179331793645,207.82773523722943
121,121000,0.028434395340870163,0.004136690647482014,0.014431262293042077,0.04136690647482014,0.012266615279205206,0.028455284552845527,0.0032520325203252032,0.01368816898222202,0.032520325203252036,0.009823848238482384,0.028438179395469523,0.003976435935198822,0.014296651870021658,0.039764359351988215,0.011824111087734063,68,0.10014727540500737,59868,11.731585153825636,25.865124000681167,133.84495102946454,11.665171362269106,14.738406749606469,11.673283889169356,11.68959238694034,221.20811457195666
122,122000,0.02463912394225983,0.0036585365853658547,0.011600492459258269,0.036585365853658534,0.009653780211271501,0.027972027972027972,0.0034965034965034965,0.011419540154501143,0.03496503496503497,0.007226107226107226,0.025303845387527394,0.0036262203626220364,0.011564402947988717,0.03626220362622036,0.009169599964579044,77,0.10739191073919108,59868,11.742004206637125,27.668904504739995,129.0063789047835,11.659420289248517,14.876349966826824,11.67320045375106,11.67819606028367,218.30445438627072
123,123000,0.028806584362139915,0.0051146384479717815,0.015437509206982161,0.04585537918871252,0.014706335208980709,0.012254901960784312,0.0029411764705882353,0.01165314686793419,0.029411764705882353,0.01759453781512605,0.025604551920341393,0.00469416785206259,0.01470539928079365,0.04267425320056899,0.015265077107182373,85,0.12091038406827881,59868,11.757094827497678,23.960393222544756,128.7138201632454,11.65794707787965,14.63051008984001,11.669627118425508,11.662079559215943,214.05147205864893
124,124000,0.019720767888307157,0.0034904013961605585,0.011497204885255893,0.029668411867364748,0.011958780021607248,0.021551724137931036,0.004310344827586207,0.009269297483473896,0.04310344827586207,0.008497536945812807,0.02002902757619739,0.00362844702467344,0.01112211452443338,0.03193033381712627,0.01137604533830949,68,0.09869375907111756,59868,11.69088189480888,21.481600121730366,123.78114492635552,11.66418809096445,15.17301018505099,11.671712467752753,11.675338939799024,207.13787662646197
125,125000,0.022161505768063146,0.003825136612021858,0.01160562635786342,0.03642987249544627,0.013354728655275105,0.016317016317016316,0.0020979020979020983,0.005966530464553172,0.02097902097902098,0.0034382284382284386,0.020953757225433522,0.0034682080924855496,0.010440321859679365,0.033236994219653176,0.011305509679787138,85,0.12283236994219653,59868,11.761990968441744,23.643252809180115,124.5588864556349,11.662831029133486,14.740540612918213,11.666034474219073,11.665915073816313,209.69945142334382
126,126000,0.028858983206809293,0.004347826086956523,0.016562598240049405,0.041666666666666664,0.01594346675868415,0.01644736842105263,0.0019736842105263163,0.006639808992669492,0.019736842105263157,0.004887218045112782,0.026179202741702743,0.003835227272727273,0.014420177834365106,0.036931818181818184,0.013556322150072152,84,0.11931818181818182,59868,11.841447838934622,24.444285418145917,129.7817250190403,11.66881775533507,14.905678447429265,11.681919159116372,11.669645334798362,215.99351897279988
127,127000,0.0256993006993007,0.0040209790209790215,0.015578950613349934,0.03671328671328671,0.015636446886446883,0.025925925925925925,0.004444444444444445,0.016331803498050627,0.037037037037037035,0.016872427983539093,0.025742574257425748,0.004101838755304101,0.015722706114671848,0.036775106082036775,0.015872454592398014,80,0.11315417256011315,59868,11.77104840109633,22.61920454432742,127.39919654111698,11.659492027710911,14.702074860865888,11.663018331904002,11.683075794736986,211.4971105017585
128,128000,0.03181356526877551,0.004753199268738574,0.016098115172855802,0.04753199268738574,0.013895418008763531,0.027131782945736434,0.003875968992248062,0.010614075980464453,0.03875968992248062,0.006361511012673803,0.030920148227840536,0.004585798816568047,0.015051604735254496,0.04585798816568047,0.012457734573119187,71,0.10502958579881656,59868,11.698479219435926,23.714832680654663,134.75435616373127,11.701895682759977,14.875879297295697,11.6865455489501,11.67543483565972,220.10742342848735
129,129000,0.03678423411993572,0.006216696269982238,0.02130477554087175,0.06039076376554174,0.0213820519326736,0.0070921985815602835,0.0007092198581560284,0.00274363693074143,0.0070921985815602835,0.0014184397163120568,0.030837391774891774,0.0051136363636363645,0.017587274768104174,0.04971590909090909,0.017383658008658008,75,0.10653409090909091,59868,11.737737600783781,23.325358909132703,128.69669235567386,11.665564607788587,14.718492280341861,11.671218133699895,11.664687756148679,213.47975164356933
130,130000,0.020601851851851854,0.003993055555555555,0.012922051066092339,0.03993055555555555,0.016306354717813047,0.008,0.0016,0.0038705030653342154,0.016,0.003466666666666667,0.0183547313361864,0.003566333808844508,0.011308008983218208,0.03566333808844508,0.01401682403822204,60,0.08559201141226819,59868,11.697542747501204,20.876997336105596,124.67355165805132,11.66698750748596,15.17336542529793,11.677074675170429,11.679600717007938,207.44512006662038
131,131000,0.03395729339988907,0.005158069883527455,0.016331872655497855,0.04658901830282862,0.013174471119562634,0.024,0.0032,0.00875569518640321,0.032,0.0048095238095238095,0.032242883379247016,0.004820936639118458,0.01502743438602564,0.0440771349862259,0.011734225370589007,68,0.09366391184573003,59868,11.715178044286596,21.845049491889256,128.69312434232728,11.668562623291107,15.26269264932878,11.674068924296538,11.667667352437128,212.5263434278567
132,132000,0.03763816172193136,0.004712041884816754,0.02123249095025577,0.04712041884816754,0.019177816560015513,0.016556291390728478,0.0026490066225165563,0.008864276645249119,0.026490066225165563,0.009197939661515822,0.033241252302025785,0.0042817679558011055,0.018652932441891125,0.04281767955801105,0.0170963781461019,88,0.12154696132596685,59868,11.740180217049284,25.69704525584582,128.88490382959722,11.682962891793046,15.24550774768471,11.719400974920246,11.714069141834093,216.68407005872442
133,133000,0.029294755877034357,0.004159132007233272,0.014568861786490453,0.039783001808318265,0.01196934469990528,0.018796992481203006,0.002255639097744361,0.008518753699952357,0.022556390977443608,0.006578947368421052,0.02725947521865889,0.0037900874635568515,0.013395881647263679,0.03644314868804665,0.010924267666250174,72,0.10495626822157435,59868,11.792586473009099,22.07991522043193,132.5510342380029,11.744298630510242,15.092717226973528,11.68315391416458,11.72170819538354,216.6654138984758
134,134000,0.027116170461179215,0.0043782837127845885,0.01331634083476383,0.03852889667250438,0.01042031523642732,0.005668934240362811,0.001360544217687075,0.0025498889716037395,0.013605442176870748,0.002105604146420473,0.022725162488393687,0.0037604456824512538,0.011112067263894007,0.033426183844011144,0.008717999734712826,78,0.10863509749303621,59868,11.716173281679094,23.21953667069193,123.36020759626948,11.664341350359209,14.936828756029197,11.675271625356809,11.669664136116504,208.2420234165022
135,135000,0.039566395663956644,0.005365853658536586,0.018177887205059053,0.05040650406504065,0.014748999870951088,0.007716049382716049,0.001851851851851852,0.0033930406694546,0.018518518518518517,0.002700617283950617,0.03480866758875057,0.004840940525587829,0.015969362411358802,0.04564315352697095,0.01294924147621243,53,0.07330567081604426,59868,11.70089368222188,19.06999062367687,123.54624206264985,11.660804266445252,15.067696712261352,11.672114984297155,11.67902627259576,204.39676860414812
136,136000,0.02753246753246753,0.0038181818181818182,0.01696101383095294,0.038181818181818185,0.01624963924963925,0.03514739229024943,0.0054421768707483,0.016174797381057066,0.05442176870748299,0.015211640211640209,0.029138484662157547,0.004160688665710187,0.016795197736068156,0.04160688665710186,0.016030721231582064,87,0.12482065997130559,59868,11.76109367365119,23.690257044208657,122.72318984092936,11.662291277154264,14.867437575838416,11.674665846936328,11.672843948526413,208.0517792072446
137,137000,0.02644464720194647,0.004379562043795621,0.014356800046472107,0.043795620437956206,0.01563115513845441,0.034013605442176874,0.006122448979591837,0.01732581109580274,0.05442176870748299,0.01452057013281503,0.02804556354916067,0.00474820143884892,0.01498477792309312,0.0460431654676259,0.015396254425031404,95,0.1366906474820144,59868,11.706843136186084,24.58770244868902,122.9210341529563,11.664049600002697,14.633949249595602,11.68679655443386,11.682986526501821,208.8833616683654
138,138000,0.03161231884057971,0.0050724637681159425,0.01736156412766794,0.04891304347826087,0.01644956291695422,0.020161290322580645,0.004032258064516129,0.012717179386883055,0.03225806451612903,0.016935483870967744,0.029511834319526625,0.004881656804733727,0.016509635565748824,0.04585798816568047,0.016538696346388656,72,0.10650887573964497,59868,11.692878030003516,21.97811334606059,124.6275751744276,11.674165710670593,14.887506429167585,11.679804216079697,11.675834267158013,208.21587717356763
139,139000,0.015382317801672638,0.0025089605734767025,0.009489888978301815,0.025089605734767026,0.009741423451100871,0.012910798122065727,0.0028169014084507044,0.009016251040363807,0.028169014084507043,0.011443661971830986,0.01488095238095238,0.0025714285714285717,0.009393808139462962,0.025714285714285714,0.010086734693877551,68,0.09714285714285714,59868,11.710783632590955,21.015838576627505,126.61945094286433,11.67060906708331,15.058922904865463,11.66973132671334,11.701861833222221,209.4471982839671
140,140000,0.019166666666666665,0.0033333333333333335,0.009600112178464681,0.03333333333333333,0.009895502645502647,0.02098765432098765,0.0029629629629629632,0.007972026397936824,0.02962962962962963,0.0049676660787771896,0.01950113378684807,0.00326530612244898,0.009301076014694258,0.0326530612244898,0.008990389806716338,78,0.10612244897959183,59868,11.7327691675842,30.827337566773778,135.47312309385856,11.681025517764482,15.116988088988148,11.680624702723602,11.692161838255249,228.20402997594803
141,141000,0.016696481812760882,0.002325581395348837,0.007872967911005726,0.023255813953488372,0.0075034784337109925,0.009933774834437087,0.0013245033112582781,0.010683093991824228,0.013245033112582781,0.013245033112582781,0.015258215962441313,0.0021126760563380284,0.008470614443686844,0.02112676056338028,0.008724569640062598,84,0.11830985915492957,59868,11.789042076097711,30.081591468358177,136.82565460791315,11.669006944901861,14.848674891758396,11.668748054194378,11.689962161245266,228.57268020446895
142,142000,0.028105677346824055,0.0038785834738617204,0.014587915955538653,0.0387858347386172,0.012901175084986215,0.016548463356973995,0.0021276595744680856,0.010327838874355249,0.02127659574468085,0.008983451536643027,0.025885558583106268,0.0035422343324250684,0.013769563273730943,0.035422343324250684,0.012148587863846719,80,0.10899182561307902,59868,11.738810472870092,29.031382098292784,128.20479209672138,11.66777836690558,15.038108607107887,11.666890251192664,11.676910359741111,219.02467225283146
143,143000,0.030380116959064327,0.0043859649122807015,0.014158328652144392,0.043859649122807015,0.011170983013088278,0.021739130434782608,0.0036231884057971015,0.00982659095360835,0.036231884057971016,0.0074361628709454786,0.028695856873822975,0.004237288135593221,0.013314006897344995,0.0423728813559322,0.010443009595551968,71,0.10028248587570622,59868,11.705651497145169,22.038207255055397,123.93952494568067,11.667313809183428,14.892314827496394,11.674282960380534,11.684801136210844,207.60209643115246
144,144000,0.020854700854700852,0.003076923076923077,0.012177600331456819,0.03076923076923077,0.012294803961470629,0.0,0.0,0.0,0.0,0.0,0.016781292984869325,0.0024759284731774413,0.009799031903579421,0.024759284731774415,0.009893342940110478,80,0.11004126547455295,59868,11.697898328548451,23.503405767281993,128.0916109145068,11.671924967156244,15.0577726133784,11.683260321464218,11.692755902036057,213.39862881437213
145,145000,0.0286281179138322,0.003741496598639456,0.013681413831651182,0.03571428571428571,0.010853309577799375,0.013605442176870748,0.001360544217687075,0.009070294784580499,0.013605442176870748,0.007774538386783284,0.025623582766439907,0.00326530612244898,0.012759190022237046,0.031292517006802724,0.010237555339596156,76,0.10340136054421768,59868,11.726081489988466,29.788296383451847,133.32600359827057,11.668998934059871,14.958633648073928,11.686960507531484,11.684966481954884,224.83994104333107
146,146000,0.019463276836158193,0.003389830508474577,0.012962494631364898,0.030508474576271188,0.014846650524616626,0.007246376811594203,0.0007246376811594203,0.004571954736025055,0.007246376811594203,0.0036231884057971015,0.0171474358974359,0.0028846153846153848,0.011371980200654873,0.0260989010989011,0.012719126111983252,84,0.11538461538461539,59868,11.755972838665974,30.098815892332098,124.50293923584044,11.666683619460105,14.958459061971407,11.681222256962332,11.672050412032952,216.33614331726534
147,147000,0.019064124783362214,0.0027729636048526864,0.009668943442222624,0.025996533795493933,0.008195097796484278,0.01927437641723356,0.003401360544217687,0.011484531464258476,0.027210884353741496,0.012309685779073534,0.01910681399631676,0.0029005524861878454,0.010037578026807251,0.026243093922651933,0.00903051828466193,74,0.10220994475138122,59868,11.7101790576557,23.049253185240815,123.20007125095344,14.907568538863325,14.99114242192734,11.67284606033714,11.733436913838325,211.2644974288161
148,148000,0.02636494252873563,0.004310344827586207,0.015595124395531425,0.04310344827586207,0.016871921182266013,0.005555555555555555,0.0013333333333333335,0.0040177033823239625,0.013333333333333334,0.005555555555555555,0.02208904109589041,0.0036986301369863017,0.013216202269529896,0.036986301369863014,0.014546640574037834,85,0.11643835616438356,59868,11.73105287257531,24.458692319428987,133.6620948834272,11.68490085615842,15.50192807445866,11.740254212244672,11.69224669794744,220.47116991624065
149,149000,0.03858024691358025,0.004545454545454546,0.017118857849854285,0.045454545454545456,0.011533322644433755,0.022135416666666668,0.003125,0.01036101803274384,0.03125,0.008072916666666666,0.03566481994459834,0.004293628808864266,0.015920792065103405,0.04293628808864266,0.010919843468319921,56,0.07756232686980609,59868,11.733358114059122,20.857369068892627,127.47360510935447,11.671942812194192,14.933251520639345,11.678509884038846,11.67055556796498,210.0185920771436
150,150000,0.014511729405346428,0.0024549918166939444,0.010227212387755284,0.024549918166939442,0.011262437326267114,0.032407407407407406,0.003703703703703704,0.020258174100912248,0.037037037037037035,0.01800411522633745,0.017199814557255447,0.002642559109874826,0.011733949334933243,0.02642559109874826,0.012275095480936927,54,0.07510431154381085,59868,11.718926428164188,19.811029379396274,123.31445054108298,11.663714509349553,14.927726667911257,11.692000376199719,11.669579786141583,204.79742768824556
151,151000,0.03266596417281349,0.0058219178082191785,0.01871900043033913,0.053082191780821915,0.019543650793650797,0.023255813953488372,0.0023255813953488376,0.008578249547486996,0.023255813953488372,0.004263565891472868,0.03096342647534793,0.005189340813464236,0.016884278321099403,0.047685834502103785,0.01677909125314455,69,0.0967741935483871,59868,11.69502709789244,21.172671270400233,126.77376639984305,11.671721280311075,14.734993725631917,11.667965397199609,11.693660484750346,209.4098056560287
152,152000,0.022550776583034646,0.003942652329749104,0.01230017341351512,0.03763440860215054,0.012170734482562439,0.02046783625730994,0.0035087719298245615,0.010661120343816248,0.03508771929824561,0.012719298245614035,0.022197420634920636,0.0038690476190476183,0.012022119767762632,0.03720238095238095,0.012263794406651549,60,0.08928571428571429,59868,11.714251820685305,20.502277886302878,124.88003129281638,11.666398557021173,14.733030897329247,11.681898499919797,11.678339707048291,206.8562286611231
153,153000,0.023935574229691874,0.004201680672268907,0.012676579653197175,0.040336134453781515,0.012589035614245698,0.015384615384615385,0.003076923076923077,0.006909614482462469,0.03076923076923077,0.0056410256410256415,0.022402298850574712,0.004,0.011642503139824057,0.038620689655172416,0.0113431855500821,81,0.11172413793103449,59868,11.749661750243279,24.58668912150297,122.71726780459235,11.657434771869536,14.815541715715309,11.665363596688461,11.67840834537942,208.8703671059913
154,154000,0.026792885829030406,0.003958691910499139,0.014645801119579303,0.039586919104991396,0.014538425812091903,0.020576131687242795,0.0024691358024691358,0.00831715654275591,0.024691358024691357,0.005246913580246914,0.025437415881561235,0.0036339165545087484,0.013265935141860068,0.03633916554508748,0.012512551005148583,76,0.10228802153432032,59868,11.71248170200867,24.910033895257644,121.73387477336372,11.666355202492873,15.12916615220572,11.665172766503474,11.678484711646897,208.495569203479
155,155000,0.028846524167148085,0.0038128249566724438,0.014867853878732884,0.036395147313691506,0.011408214354488183,0.032183908045977004,0.004827586206896552,0.01382563626772346,0.04827586206896552,0.010747126436781608,0.02951677439212065,0.004016620498614959,0.014658544247712985,0.038781163434903045,0.011275447390405839,89,0.12326869806094183,59868,11.701302867907215,23.73432289463906,126.3645945464506,11.68773040186033,14.94216743725546,11.702505919822247,11.76130222400179,211.89392629193668
156,156000,0.011862396204033213,0.0019572953736654805,0.00666055249045094,0.017793594306049824,0.006697311190193753,0.011278195488721804,0.0015037593984962407,0.006783549015664258,0.015037593984962405,0.008270676691729324,0.011750599520383691,0.0018705035971223025,0.006684089954988165,0.017266187050359712,0.006998401278976819,69,0.09928057553956834,59868,11.73041250437934,21.818451449259758,127.8010156863657,11.706263696349694,15.313560701661622,11.682484566163943,11.707938228480707,211.7601268326608
157,157000,0.01833618721461187,0.0027397260273972603,0.008251357617791912,0.025684931506849314,0.005773673624701022,0.003003003003003003,0.0009009009009009009,0.0018207869054103385,0.009009009009009009,0.0022522522522522522,0.015887290167865706,0.0024460431654676263,0.007224316827756871,0.02302158273381295,0.005211259563777549,50,0.07194244604316546,59868,11.734037705657396,19.004865190616616,122.76800397741094,11.65904605299195,14.744620587529845,11.664963995877686,11.674401600873797,203.24993911095825
158,158000,0.019938990571270108,0.0031613976705490853,0.012543101788708726,0.03161397670549085,0.012940733697805245,0.030555555555555555,0.004166666666666667,0.019487710482809395,0.03333333333333333,0.015509259259259259,0.021705963938973647,0.0033287101248266294,0.013698931252359324,0.0319001386962552,0.013368227549919646,67,0.09292649098474341,59868,11.751097766091178,20.90432216851623,121.76890956747816,11.660540968641552,14.90148226612753,11.672014320736334,11.668464508271526,204.3268315658625
159,159000,0.03285065303804656,0.004770017035775128,0.01880179851222864,0.04770017035775128,0.01739136313241935,0.015027322404371584,0.002459016393442623,0.007412771866684414,0.02459016393442623,0.005737704918032787,0.029783732957216733,0.004372355430183357,0.016842050626817644,0.04372355430183357,0.015386079208364116,61,0.08603667136812412,59868,11.695889014659567,21.297731535398214,122.53445537809688,11.657913771279116,14.770356414138542,11.673470977538457,11.67877151429103,205.30858860540184
160,160000,0.02695269526952695,0.003630363036303631,0.014320874005191718,0.036303630363036306,0.012176515270574676,0.023809523809523808,0.0028571428571428576,0.00876475505834868,0.02857142857142857,0.0044444444444444444,0.02648851383028598,0.0035161744022503515,0.013500350110088316,0.035161744022503515,0.01103464827093519,63,0.08860759493670886,59868,11.738027920697725,20.490867604597284,124.10488013359088,11.662101048158513,15.147794804076797,11.668934039484046,11.686707813297891,206.49931336390313
161,161000,0.011860068259385664,0.0020477815699658708,0.007193615906107739,0.01877133105802048,0.007496343247196489,0.03305785123966942,0.004132231404958678,0.018559275952972663,0.04132231404958678,0.014600550964187328,0.015487977369165486,0.002404526166902405,0.009138799591639076,0.02263083451202263,0.008712197750387285,52,0.07355021216407355,59868,11.718316558120833,19.44042874492402,121.68879630018725,11.665046007768021,15.068355485731155,11.671742064303658,11.676152971693,202.92883813272795
162,162000,0.02581188725490196,0.003860294117647059,0.013544830345157466,0.03860294117647059,0.011593283146591969,0.007751937984496124,0.0007751937984496124,0.0025839793281653744,0.007751937984496124,0.0011074197120708748,0.022350173353145122,0.0032689450222882616,0.011443864845615149,0.03268945022288262,0.009583362815160734,60,0.08915304606240713,59868,11.724083127197249,19.772734501731502,122.20220053080905,11.661191600169374,14.793169532296979,11.666009231074693,11.675257670075434,203.49464619335433
163,163000,0.01871936274509804,0.003125,0.009075226102505754,0.03125,0.007587097338935574,0.008547008547008548,0.0017094017094017094,0.0048840043078129045,0.017094017094017096,0.0052231718898385565,0.01691880988401412,0.0028744326777609686,0.008333360822658458,0.028744326777609682,0.007168671805585574,54,0.08169440242057488,59868,11.712442360388431,19.9835920433461,123.602953575358,11.695399424763163,15.040191399966208,11.665937397493941,11.674314481159575,205.37483068247542
164,164000,0.02988215488215488,0.004545454545454546,0.016250065806594695,0.04377104377104377,0.014341831008497676,0.00909090909090909,0.0018181818181818182,0.004545454545454545,0.01818181818181818,0.004166666666666667,0.026633522727272728,0.004119318181818182,0.014421220297041548,0.03977272727272727,0.012751961580086579,64,0.09090909090909091,59868,11.716467096078986,21.113876310874247,123.50014399463427,11.666840257003319,14.94976305683321,11.66413211639572,11.675291088669715,206.28651392048948
165,165000,0.03162788758235343,0.0045534150612959725,0.016476148877138518,0.043782837127845885,0.016244822505768218,0.004545454545454545,0.0009090909090909091,0.0018580217962589646,0.00909090909090909,0.0012987012987012987,0.02725333892734774,0.003964757709251102,0.014114924238523611,0.0381791483113069,0.013830617905507771,59,0.08663729809104258,59868,11.696243867792555,19.900438343184447,129.0657621475233,11.678020524874544,14.836234875088838,11.673554451620271,11.686339910027543,210.53659412011152
166,166000,0.02875243664717349,0.0043859649122807015,0.015212396528308681,0.043859649122807015,0.013559593428014478,0.003472222222222222,0.0006944444444444445,0.00268647782801765,0.006944444444444444,0.003472222222222222,0.023653906006847178,0.003641456582633054,0.012686160824048304,0.036414565826330535,0.011525165621804279,75,0.10504201680672269,59868,11.717484392353983,22.807416661003998,123.54943959649172,11.70445283552729,15.083896707464294,11.677351328578943,11.707325711568517,208.24736723298878
167,167000,0.024020397208803005,0.0037037037037037043,0.012692826277182108,0.033816425120772944,0.011472790941389976,0.01455026455026455,0.002380952380952381,0.01066983922024008,0.023809523809523808,0.010052910052910055,0.02242302543507363,0.003480589022757698,0.012351599544685864,0.0321285140562249,0.011233292960200593,67,0.08969210174029452,59868,11.760810453516346,26.206866411852825,139.39822789479223,11.668951113125159,15.625595687761285,11.672800443424114,11.710505684631167,228.04375768910313
168,168000,0.03008874098724348,0.0043261231281198015,0.015887699442866672,0.04326123128119801,0.015258299659297994,0.014285714285714285,0.0014285714285714286,0.0053075713881611695,0.014285714285714285,0.0026190476190476194,0.027103013945119207,0.003778677462887989,0.013888754871127439,0.037786774628879895,0.012870316817685239,66,0.08906882591093117,59868,11.75919569421785,26.968192006336654,137.86061158371083,11.690825637698799,15.292772860463211,11.765244359654424,11.71444369402197,227.05128583610372
169,169000,0.017117879300620416,0.0027072758037225042,0.009056894067014102,0.025380710659898477,0.007774017672494829,0.011627906976744186,0.0015503875968992248,0.006874827963058462,0.015503875968992248,0.006459948320413436,0.01613425925925926,0.0025000000000000005,0.008665940556722049,0.02361111111111111,0.0075385802469135794,64,0.08888888888888889,59868,11.743106861410169,26.492392022597897,140.80385427277935,11.68633498128957,15.218316331028214,11.679654721742649,11.693326114878278,229.31698530572612
170,170000,0.025141723356009067,0.003231292517006803,0.01364014639334106,0.03231292517006803,0.012636324371018248,0.03403755868544601,0.004225352112676057,0.017129648582924872,0.04225352112676056,0.012754303599374022,0.026872146118721463,0.003424657534246575,0.014318926271314897,0.03424657534246575,0.012659273755164168,82,0.11232876712328767,59868,11.731911673508455,30.452381021034427,122.95468411121362,11.672841713099292,15.167370680857495,11.673863748902502,11.705810533647886,215.35886348226367
171,171000,0.02401802528921173,0.003389830508474576,0.011714551423792295,0.03389830508474576,0.011158192090395482,0.02040816326530612,0.0020408163265306124,0.008598706744263445,0.02040816326530612,0.0049400712666018785,0.023298012103982253,0.0031207598371777476,0.011093073584049089,0.031207598371777476,0.00991794275376365,76,0.10312075983717775,59868,11.761545130425933,29.025513595973273,134.68183442510994,11.673433418249445,18.469564201810396,11.672840416518394,11.688090705688769,228.97282189377617
172,172000,0.0271324354657688,0.0047138047138047135,0.015094262304986141,0.045454545454545456,0.015406044572711238,0.009195402298850575,0.0013793103448275863,0.0055352555817661355,0.013793103448275862,0.007881773399014778,0.02361299052774019,0.0040595399188092015,0.013218679118427413,0.03924221921515562,0.013929699078548876,79,0.10690121786197564,59868,11.69876291025329,23.09802278310097,122.93257820495535,11.660157826283434,15.139211551142006,11.66612208332307,11.693503118630211,207.88835847768834
173,173000,0.0313573883161512,0.004810996563573883,0.017049662993438464,0.044673539518900345,0.016546664484808814,0.016431924882629106,0.0021126760563380284,0.0067852523399201505,0.02112676056338028,0.0041079812206572764,0.02843001841620626,0.0042817679558011055,0.015036477478521888,0.04005524861878453,0.014107033236867489,68,0.09392265193370165,59868,11.694540938342325,22.70364746531639,124.64314274645422,11.671350644129607,15.04104064433548,11.675416577282272,11.724917631211751,209.15405664707205
174,174000,0.03319291819291819,0.005811965811965813,0.02035905325907709,0.05128205128205128,0.019740198073531407,0.02112676056338028,0.0028169014084507044,0.015928588078471233,0.028169014084507043,0.017605633802816902,0.03083611711534683,0.005226960110041265,0.0194936804177483,0.04676753782668501,0.019323268050915922,78,0.10729023383768914,59868,11.765238865577011,23.23994670620777,127.19756997476433,11.667679511793983,14.829625684574522,11.66662038117744,11.720180380203615,212.08686150429867
175,175000,0.03498293515358361,0.0046075085324232086,0.01554463665485108,0.04436860068259386,0.011904084728316812,0.008130081300813007,0.0012195121951219512,0.0059102361342851005,0.012195121951219513,0.008130081300813007,0.02911111111111111,0.003866666666666667,0.01343791440768732,0.037333333333333336,0.011078835978835978,74,0.09866666666666667,59868,11.712555291573668,21.861329237198024,123.43233666903264,11.663948654157263,15.222118592013445,11.67942893996049,11.678387625731201,207.25010500966673
176,176000,0.03032832498608792,0.00333889816360601,0.01815622498905762,0.0333889816360601,0.015576887404934146,0.01079136690647482,0.0014388489208633094,0.0058026877437606416,0.014388489208633094,0.004796163069544364,0.026648599819331525,0.0029810298102981034,0.01582947474908976,0.02981029810298103,0.01354637157482686,71,0.09620596205962059,59868,11.722512491922632,21.593565877164878,122.42534036818742,11.66941834535723,14.929729906507095,11.672116980963876,11.700537476726225,205.71322144682935
177,177000,0.014605668967542956,0.002746365105008078,0.008344408521015844,0.025848142164781908,0.00882247352360438,0.014905149051490514,0.002439024390243903,0.013607001004969452,0.024390243902439025,0.017421602787456445,0.014655313240218898,0.0026954177897574125,0.009216778973207617,0.025606469002695417,0.01024793565224832,75,0.10107816711590296,59868,11.706070663815293,22.978063177095386,123.10290448672157,11.666468112424278,15.490515944030502,11.667228805585516,11.693247034816334,208.30449822448887
178,178000,0.024501661129568107,0.0034883720930232558,0.01422717879862475,0.03156146179401993,0.012786083425618308,0.01824817518248175,0.0029197080291970805,0.009160439953104347,0.029197080291970802,0.006934306569343065,0.02334235453315291,0.0033829499323410014,0.013287878092486325,0.03112313937753721,0.011701247932641708,71,0.09607577807848444,59868,11.72660092486899,22.20890429192879,123.75426001433321,11.659364980341758,15.295537633755462,11.692810710714486,11.693278326244116,208.03075688218684
179,179000,0.023525977816695857,0.0045534150612959725,0.015385385225451182,0.04553415061295972,0.018375587245990047,0.015625,0.0018750000000000004,0.009747136394516529,0.01875,0.01015625,0.021796625626994984,0.0039671682626539,0.014151295194056456,0.03967168262653899,0.0165765531018609,81,0.11080711354309165,59868,11.705131566057403,24.42293833585657,128.8301020114721,11.676357873656452,15.543227134616478,11.707189316471911,11.736449055207988,215.6213952933389
180,180000,0.028537866224433387,0.0041459369817578775,0.015042410544631544,0.03980099502487562,0.011875148069177919,0.0,0.0,0.0,0.0,0.0,0.02338088768115942,0.0033967391304347825,0.012324148856539159,0.03260869565217391,0.009729231366459628,70,0.09510869565217392,59868,11.702473858489492,22.16828003585858,126.38213272834348,11.720864447652135,14.860909267007393,11.741824721349381,11.680634592212137,210.2571196509126
181,181000,0.015589569160997732,0.002210884353741497,0.01019211201674664,0.02040816326530612,0.010856009070294785,0.025219298245614034,0.003289473684210526,0.016499152164168356,0.03289473684210526,0.017105263157894738,0.017567567567567565,0.0024324324324324323,0.011487612155135966,0.022972972972972974,0.01213963963963964,74,0.1,59868,11.707773101346518,21.742907719654593,124.9225235147658,11.674852561906201,15.255717861289986,11.68399543884785,11.699098437775724,208.68686863558665
182,182000,0.02131849315068493,0.0030821917808219177,0.012529719252967818,0.02910958904109589,0.012268292020004349,0.02066115702479339,0.0033057851239669425,0.009468510801199377,0.03305785123966942,0.0068280204643841,0.021205673758865246,0.003120567375886525,0.0120043203555721,0.029787234042553193,0.01133457165372059,59,0.08368794326241134,59868,11.780831019672643,25.427661373582378,128.55279950865773,11.671833325871406,14.879585760067815,11.670163353599827,11.680238470312965,215.66311281176476
183,183000,0.0328752642706131,0.0049833887043189366,0.01552549916921292,0.04817275747508306,0.01221984917998207,0.02962962962962963,0.003703703703703704,0.01262708287651588,0.037037037037037035,0.00791005291005291,0.0322807450351548,0.0047489823609226595,0.014994581666480083,0.04613297150610583,0.011430402102043893,70,0.09497964721845319,59868,11.766725961398494,21.825834486684236,124.69033159420717,11.662971832922253,15.121634999372413,11.67681743721033,11.678727249414544,208.42304356120943
184,184000,0.03216612377850163,0.004234527687296417,0.016718790568572207,0.04234527687296417,0.014327077193526706,0.006666666666666667,0.0006666666666666668,0.006666666666666667,0.006666666666666667,0.006666666666666667,0.027159685863874346,0.0035340314136125656,0.014745206032857769,0.03534031413612566,0.012823069891132717,72,0.09424083769633508,59868,11.710206951870417,22.031257156010508,123.15395484705644,11.66388059462703,15.485556501673713,11.67229059204078,11.67384330084259,207.39098994412143
185,185000,0.022930648769574943,0.003355704697986577,0.01673144428122598,0.031879194630872486,0.017512250985405348,0.009876543209876543,0.0022222222222222227,0.006546042411674818,0.014814814814814815,0.008888888888888889,0.02051983584131327,0.0031463748290013684,0.014850419312157023,0.028727770177838577,0.01591970121381886,75,0.10259917920656635,59868,11.702336213899322,23.220661312953194,125.63689905031178,11.660544748375024,15.072460830857503,11.66554900940142,11.67726298628019,210.63571415207844
186,186000,0.02911147902869757,0.003642384105960265,0.01446112989755573,0.03642384105960265,0.011320035740565542,0.00974025974025974,0.0012987012987012987,0.0037312637917284825,0.012987012987012988,0.0021645021645021645,0.025175901495162707,0.00316622691292876,0.012281183485553892,0.0316622691292876,0.009459940528542113,88,0.11609498680738786,59868,11.71632302175707,24.52397558148911,121.58215597555395,11.669596760160994,15.574465752496437,11.668461282539344,11.680281746112575,208.41526012010948
187,187000,0.021695402298850572,0.003103448275862069,0.011785824971858835,0.03103448275862069,0.010125889436234265,0.015981735159817354,0.0020547945205479454,0.010434024945713865,0.02054794520547945,0.009132420091324202,0.02054637281910009,0.0028925619834710746,0.011513975379824171,0.028925619834710745,0.009926100835191744,75,0.10330578512396695,59868,11.699273107491914,22.339328281065217,121.13613823093449,11.664304255441794,14.977570488530766,11.660872076574291,11.67333758611555,205.15082402615405
188,188000,0.026506854871420456,0.004258943781942078,0.01185119003636883,0.04258943781942078,0.009952407993293853,0.017204301075268817,0.0025806451612903226,0.010993848859382852,0.01935483870967742,0.009032258064516128,0.024563599024515465,0.003908355795148248,0.011672095855192516,0.03773584905660377,0.009760193385530313,91,0.12264150943396226,59868,11.697774658543658,24.363462362425594,126.3267619131675,11.669367417331545,15.287871667150899,11.704376247069492,11.697993419067243,212.74760768475596
189,189000,0.017969598262757874,0.0027687296416938115,0.009863592410639766,0.026058631921824105,0.008665529186701826,0.006802721088435374,0.0006802721088435375,0.004292039139941888,0.006802721088435374,0.003401360544217687,0.015812527376259308,0.002365308804204994,0.008787352816956995,0.022339027595269383,0.007648666124356006,80,0.10512483574244415,59868,11.70442684197276,23.509495408795267,134.62671559657386,11.674601828333408,15.5785675755582,11.7059239923209,11.76709328201686,220.56682452557126
190,190000,0.020370370370370372,0.003076923076923077,0.011127543888903944,0.02905982905982906,0.009691358024691357,0.015060240963855422,0.0018072289156626509,0.006707355322329013,0.018072289156626505,0.004367469879518072,0.019196626719928986,0.002796271637816245,0.010150511529314812,0.02663115845539281,0.008514573161710311,80,0.10652463382157124,59868,11.706948744860668,23.104919043670513,122.93009453212545,11.664581187800781,15.083677692616371,11.676406998492595,11.67333190237041,207.8399601019368
191,191000,0.028567667193259608,0.0036334913112164293,0.015428222470885001,0.036334913112164295,0.013416835928684269,0.032520325203252036,0.004878048780487805,0.013932450167431738,0.04065040650406504,0.00853658536585366,0.029210758377425042,0.0038359788359788364,0.015184862691354908,0.037037037037037035,0.012622826908541194,69,0.09126984126984126,59868,11.696553007832511,21.297277456651386,126.31351282921949,11.658440444720085,15.339669079211804,11.666504149292212,11.675657267208594,209.64761423413609
192,192000,0.02388982574480045,0.0032040472175379423,0.014052714429322327,0.03035413153456998,0.0119000776252041,0.003246753246753247,0.0006493506493506494,0.0011509044596366737,0.006493506493506494,0.0006493506493506494,0.01963409192324855,0.002677376171352075,0.011392903538650856,0.025435073627844713,0.009580650644907674,87,0.11646586345381527,59868,11.703428850463881,24.134937458522575,128.13030751264444,11.66280999818914,15.175902619381231,11.672993309203017,11.673307345166917,214.15368709357116
193,193000,0.018518518518518517,0.002819237147595357,0.010085891315989928,0.028192371475953566,0.009798231066887783,0.024444444444444442,0.004000000000000001,0.012164266112575716,0.04,0.013425925925925926,0.01969898185037627,0.003054448871181939,0.010499910199771957,0.03054448871181939,0.010520879445182235,72,0.09561752988047809,59868,11.704987912822261,21.722751111549755,123.82568332344745,11.66780689645236,15.55988946880249,11.680348863840617,11.685333830564748,207.8468014074797
194,194000,0.0200652528548124,0.003425774877650897,0.010172494529239805,0.03099510603588907,0.009451953701545873,0.010416666666666666,0.001388888888888889,0.005001292642832464,0.013888888888888888,0.004464285714285714,0.01822985468956407,0.0030383091149273444,0.009188804870530878,0.02774108322324967,0.00850317670000629,71,0.09379128137384413,59868,11.78007692801547,22.17998024053869,124.11476093526774,11.666436071262886,15.462920483204357,11.673220002075823,11.676704094430724,208.5540987547957
195,195000,0.02513227513227513,0.003527336860670194,0.01237814408373983,0.03350970017636684,0.009402032417905434,0.015250544662309367,0.0026143790849673205,0.006600365614683324,0.026143790849673203,0.004375453885257808,0.023032407407407404,0.003333333333333334,0.011150366159065324,0.03194444444444444,0.008333884479717812,78,0.10833333333333334,59868,11.720613783079703,23.409177372826772,125.09466196380936,11.662464715497812,15.04246113201435,11.664726754977151,11.683677955454108,210.27778367765924
196,196000,0.019895775172157078,0.002680067001675042,0.01136980313433123,0.02680067001675042,0.009742495546515647,0.02112676056338028,0.0021126760563380284,0.009389066461913577,0.02112676056338028,0.0058098591549295775,0.020132310930687115,0.002571041948579161,0.010989201500389002,0.02571041948579161,0.008986833344072857,74,0.10013531799729364,59868,11.716031967694274,22.07636262573781,124.32507209832188,11.667336396105343,15.450562928898126,11.675681872623523,11.686550374596926,208.59759826397791
197,197000,0.021501706484641638,0.0040955631399317415,0.01312618009715479,0.03583617747440273,0.014481418278346606,0.03333333333333333,0.005333333333333334,0.01990627290763985,0.05333333333333334,0.022230158730158732,0.023913043478260867,0.004347826086956522,0.01450799249059604,0.03940217391304348,0.016060645272601794,79,0.10733695652173914,59868,11.71822446756343,22.582103117362028,122.8121384382816,11.664125296011186,15.04348277468065,11.666955304814874,11.682225236044063,207.16925463475783
198,198000,0.023140716960941676,0.0032102728731942215,0.013072816889403663,0.03210272873194221,0.013317536752528728,0.011982570806100218,0.0019607843137254906,0.007249579449273326,0.0196078431372549,0.009648303765950826,0.020940721649484535,0.002963917525773196,0.011924678579687245,0.029639175257731958,0.012594092619865814,78,0.10051546391752578,59868,11.738987817068447,22.39955698602608,121.71578989182696,11.663440443544781,15.524564017550812,11.671926796366638,11.675566870886222,206.38983282326993
199,199000,0.015197693574958813,0.002471169686985173,0.009047807887286933,0.02471169686985173,0.00993240239533485,0.007407407407407408,0.0007407407407407408,0.0023367768650794725,0.007407407407407408,0.000925925925925926,0.01378032345013477,0.00215633423180593,0.007826798199958082,0.0215633423180593,0.008293757754674197,65,0.0876010781671159,59868,11.727382814429033,20.78648372926678,121.77962350370942,11.661695313608389,15.030755486783454,11.675425911406023,11.677765846714038,204.33913260591711
200,200000,0.0185655737704918,0.0031147540983606555,0.01100765512404773,0.03114754098360656,0.011539162112932606,0.002347417840375587,0.0007042253521126761,0.0016523898803618184,0.007042253521126761,0.002347417840375587,0.015503102836879433,0.0026595744680851063,0.009241102378564486,0.026595744680851064,0.009803486997635934,58,0.07712765957446809,59868,11.698131734093343,19.704395739325587,122.4708528911947,11.661172065573211,15.231603413101702,11.672259981929113,11.672930114677015,204.1113459398947
201,201000,0.02271841958820256,0.0038397328881469113,0.010688295010760754,0.03672787979966611,0.008851392532527758,0.004,0.0008,0.002112544980580727,0.008,0.002,0.019486648250460408,0.0033149171270718237,0.009207675185108124,0.031767955801104975,0.007668486363237743,68,0.09392265193370165,59868,11.72427670877857,21.137825450018298,124.11224275672012,11.668638204398452,15.155113062215175,11.679517013099549,11.703369655981232,207.18098285121138
202,202000,0.03845078299776286,0.0055369127516778525,0.01842977717184995,0.053691275167785234,0.016845104932353253,0.017482517482517484,0.0020979020979020983,0.010253874916796753,0.02097902097902098,0.008391608391608393,0.03439332431213351,0.004871447902571042,0.016847701363361986,0.04736129905277402,0.015209313314861351,79,0.10690121786197564,59868,11.777377578750524,30.00156701127299,133.33223116343552,11.668326817697306,15.743185083003098,11.671773159110943,11.711267277073055,225.90572809034344
203,203000,0.03528455284552846,0.005203252032520325,0.02042962195136614,0.05203252032520325,0.02046457607433217,0.003703703703703704,0.0007407407407407408,0.001367227383552357,0.007407407407407408,0.0008230452674897119,0.029599999999999998,0.0044,0.01699839092915966,0.044,0.01692910052910053,65,0.08666666666666667,59868,11.759764763294434,26.585432164154266,134.2964246338896,11.717322901665106,15.910144486826205,11.820827309480531,11.68337105776629,223.77328731707644
204,204000,0.019241652518392754,0.0035653650254668934,0.011431213467357884,0.035653650254668934,0.01287156062198507,0.0070921985815602835,0.0007092198581560284,0.00274363693074143,0.0070921985815602835,0.0014184397163120568,0.01689497716894977,0.003013698630136986,0.009753202108915528,0.030136986301369864,0.010659382474450968,65,0.08904109589041095,59868,11.70256968709149,21.216006455687662,129.17342516143015,11.672912855441309,15.12883250540803,11.673867674096005,11.685933567810725,212.2535479069654
205,205000,0.01965255157437568,0.0034201954397394137,0.010066949778809354,0.03420195439739414,0.01032327697637144,0.023076923076923078,0.003076923076923077,0.010224355698532025,0.03076923076923077,0.007264957264957265,0.02025089605734767,0.003360215053763441,0.010094453501341541,0.033602150537634407,0.00978889315582864,68,0.0913978494623656,59868,11.725195420968227,22.100614115387607,126.04768201412291,11.662251312542782,15.065465042526927,11.664991724724683,11.67865883532071,209.94485846559385
206,206000,0.03310696095076401,0.0045840407470288625,0.015172083193832274,0.042444821731748725,0.01300563236047107,0.010025062656641603,0.0015037593984962407,0.003391856016678019,0.015037593984962405,0.0016917293233082707,0.028855032317636194,0.004016620498614959,0.013002041345409124,0.037396121883656507,0.010921492327309504,70,0.09695290858725762,59868,11.71061792101108,21.306843733893967,124.44866052618852,11.668139740586557,15.045197308043157,11.675616213430162,11.679921986043617,207.53499742919706
207,207000,0.021464646464646464,0.0035353535353535347,0.014545230087633068,0.03198653198653199,0.015854978354978354,0.02112676056338028,0.0028169014084507044,0.011253956138435293,0.028169014084507043,0.009330985915492957,0.021399456521739132,0.0033967391304347825,0.013910228863738933,0.03125,0.014596273291925466,78,0.10597826086956522,59868,11.75664553122041,23.003526843229373,124.64429622043028,11.66110348584798,14.973953240918213,11.679764521557722,11.675981924197387,209.39527176740137
208,208000,0.012378453465040901,0.0023769100169779285,0.0057860557608158236,0.023769100169779286,0.005397229633222842,0.010273972602739725,0.0013698630136986301,0.004749495915186786,0.0136986301369863,0.003139269406392694,0.0119604205318491,0.0021768707482993197,0.005580154077194275,0.021768707482993196,0.004948709642587194,78,0.10612244897959183,59868,11.709015343419615,22.853777331362235,124.45235462930914,11.664960812604598,15.50172248467041,11.784584114313269,11.717845038936026,209.68425975461528
209,209000,0.021691792294807367,0.002847571189279732,0.012704195560602947,0.02847571189279732,0.01239530988274707,0.02464788732394366,0.0028169014084507044,0.016544628101335362,0.028169014084507043,0.014084507042253521,0.022259810554803788,0.002841677943166441,0.013442140649620543,0.028416779431664412,0.012719891745602166,81,0.10960757780784844,59868,11.764154377341685,24.211148233324597,129.40461846498025,11.705499561288912,15.340839969950338,11.690021686751317,11.811659169476407,215.9279414631135
210,210000,0.017035925840449263,0.0030694668820678518,0.007967710719324955,0.027463651050080775,0.006860784162884324,0.008578431372549019,0.002205882352941177,0.004026906484222599,0.022058823529411766,0.0037581699346405225,0.015512456638284452,0.0029139072847682124,0.007257843996180688,0.026490066225165563,0.006301902659518553,68,0.09006622516556291,59868,11.72820765612398,21.655534725648074,123.79032153235492,11.66586197846181,15.451196851701265,11.67210754718373,11.684570867434573,207.64780115890835
211,211000,0.018981431791349146,0.0024793388429752068,0.011526968058383928,0.024793388429752067,0.009905548996458086,0.010416666666666666,0.0020833333333333337,0.007668725596720526,0.013888888888888888,0.009259259259259259,0.01733480138019524,0.002403204272363151,0.010785196476969334,0.022696929238985315,0.009781295695848433,72,0.09612817089452604,59868,11.74151644561805,21.795130790813744,123.41864285635162,11.661938387808046,15.189576467296295,11.666068757111569,11.701974358860333,207.17484806385963
212,212000,0.03463056965595037,0.0047377326565143825,0.018505687029883824,0.043993231810490696,0.01605564955818763,0.0035460992907801418,0.0007092198581560284,0.0013090474948905543,0.0070921985815602835,0.0007880220646178092,0.02864298724954463,0.003961748633879782,0.015193219578471187,0.036885245901639344,0.013114754098360656,78,0.10655737704918032,59868,11.724664684908959,23.482543644086363,122.90689059935022,11.666617173257398,15.13262385445524,11.676342661429139,11.687491545835094,208.2771741633224
213,213000,0.015722901002506267,0.0024671052631578946,0.006161648185957704,0.024671052631578948,0.004333098370927318,0.0,0.0,0.0,0.0,0.0,0.01286611549061078,0.002018842530282638,0.005042102418657179,0.020188425302826378,0.003545792475805934,74,0.09959623149394348,59868,11.71307502872282,22.649929289811354,123.2528939218852,11.660625418463688,15.29427095168373,11.676243555483467,11.683325536471223,207.93036370252148
214,214000,0.017669491525423728,0.003389830508474576,0.010528755696525172,0.03220338983050847,0.011819343556631692,0.0,0.0,0.0,0.0,0.0,0.01441908713692946,0.0027662517289073307,0.00859193065138292,0.02627939142461964,0.00964510746668423,59,0.08160442600276625,59868,11.70320172017708,19.7922320252647,124.15264217516958,11.660573585009493,15.248679238320795,11.667330640278973,11.684606920546459,205.90926630476707
215,215000,0.018279761904761906,0.002666666666666667,0.010056523112496479,0.02666666666666667,0.009599206349206349,0.006896551724137931,0.0013793103448275863,0.0031551346633783566,0.013793103448275862,0.002586206896551724,0.016064237775647174,0.002416107382550336,0.008713299857298991,0.024161073825503355,0.008234260147011825,80,0.10738255033557047,59868,11.70787812077717,23.116671888250007,123.21648387009915,11.720798920394904,15.37486472728833,11.66992588178678,11.678205583474933,208.48482899207127
216,216000,0.031368563685636855,0.0040650406504065045,0.013349127956435645,0.04065040650406504,0.009504452187379017,0.005995203836930455,0.0014388489208633094,0.005082564307856494,0.014388489208633094,0.008633093525179856,0.026690981432360743,0.003580901856763926,0.011825185851458853,0.03580901856763926,0.009343817102437792,69,0.09151193633952255,59868,11.721945456039107,21.93649835138117,124.69376476627325,11.662679098335682,15.220293037188082,11.673641636747444,11.678617678423375,208.5874400243881
217,217000,0.022653721682847898,0.003074433656957929,0.012313705432755867,0.030744336569579287,0.011481609903940001,0.006802721088435374,0.001360544217687075,0.003947477624842262,0.013605442176870748,0.004251700680272109,0.0196078431372549,0.0027450980392156863,0.010706077344176388,0.027450980392156862,0.010092333229588132,77,0.10065359477124183,59868,11.706475668671334,24.158092184603518,122.35838600180988,11.664219251132646,15.346126709177287,11.672506423435202,11.677835337411956,208.5836415762418
218,218000,0.0125,0.0017741935483870969,0.006246288059120643,0.017741935483870968,0.00485663082437276,0.007142857142857143,0.0007142857142857143,0.0021502142547427227,0.007142857142857143,0.0007936507936507937,0.011513157894736841,0.0015789473684210526,0.005491748147787869,0.015789473684210527,0.0041081871345029245,69,0.09078947368421053,59868,11.703199379341223,21.356760637983307,123.57821741731945,11.66663894223985,15.432908139212387,11.680186423446148,11.698708014797054,207.1166189543394
219,219000,0.015708494564215955,0.0026533996683250414,0.0101165812171917,0.026533996683250415,0.010941983205664797,0.014388489208633094,0.0014388489208633094,0.010292637108441678,0.014388489208633094,0.008992805755395683,0.015461215932914045,0.002425876010781671,0.010149562037789741,0.02425876010781671,0.010576840799212768,65,0.0876010781671159,59868,11.73817646746289,26.798650652436194,133.86947315317116,11.670020695561668,15.352012756243704,11.679899550420814,11.697094612309055,222.80532788760553
220,220000,0.015021357380161367,0.0019933554817275745,0.011128530442878209,0.019933554817275746,0.010843484680693983,0.007309941520467836,0.0017543859649122807,0.004293932584062597,0.017543859649122806,0.005482456140350877,0.013793562117584465,0.0019553072625698325,0.010040340280999744,0.019553072625698324,0.009989913097454999,59,0.0824022346368715,59868,11.702025452982323,24.729795488592778,124.12261377401506,11.660919298647766,15.57317501629102,11.673082863372652,11.685134752977,211.14674664687863
221,221000,0.012627073301230606,0.001765650080256822,0.005807657689358963,0.016051364365971106,0.004926877117888353,0.014150943396226415,0.0018867924528301887,0.004511974362717254,0.018867924528301886,0.001991614255765199,0.01284865112025606,0.0017832647462277093,0.005619259290697755,0.01646090534979424,0.004500076207895138,56,0.07681755829903979,59868,11.727286561395712,19.680684928920222,124.93799020318191,11.665460622221902,15.144931120661397,11.67070873223791,11.695986137136295,206.52304830575534
222,222000,0.025018633540372672,0.004521739130434783,0.014291482158033813,0.04173913043478261,0.015496894409937886,0.0234375,0.0023437500000000003,0.013641729959836889,0.0234375,0.0107421875,0.02473074578337736,0.004125177809388337,0.014173177348120292,0.03840682788051209,0.01463117252590937,50,0.07112375533428165,59868,11.704303210798017,18.796270238104206,123.63759952421088,11.667140469413805,14.94239921826651,11.675091726760789,11.686484534555175,204.10928892210939
223,223000,0.019444444444444445,0.0030158730158730157,0.009719906866371957,0.02857142857142857,0.0081809019904258,0.0,0.0,0.0,0.0,0.0,0.01611842105263158,0.0025,0.008057291218176754,0.02368421052631579,0.006781537176274019,61,0.08026315789473684,59868,11.741654025322623,20.742441646466602,123.8327594636976,11.663210496205833,15.288514391774422,11.672225220880906,11.71131896367944,206.65212420802743
224,224000,0.018453378001116693,0.002847571189279732,0.009376621959743535,0.02847571189279732,0.00896080933769376,0.0,0.0,0.0,0.0,0.0,0.015322206768660175,0.0023643949930458974,0.007785595702318346,0.02364394993045897,0.007440338212243636,57,0.07927677329624479,59868,11.753153537491512,24.408181511906268,123.69630582818175,11.674363454408642,15.569170993642857,11.66967169360933,11.691830451319996,210.46267747056032
225,225000,0.023047538200339557,0.0037351443123938874,0.01105209606231377,0.03735144312393888,0.009917266283989545,0.011799410029498525,0.001769911504424779,0.004940836580606812,0.017699115044247787,0.0036873156342182886,0.021236942070275402,0.0034188034188034192,0.010068374806711366,0.03418803418803419,0.008914439469995025,62,0.08831908831908832,59868,11.705933978284344,21.32374942630244,123.54649471865015,11.663411463407048,14.866255548098838,11.67504052931867,11.67827247056108,206.45915813462256
226,226000,0.04235758601240834,0.005245346869712352,0.025076947417999124,0.05245346869712352,0.02293328498912255,0.03431372549019608,0.004901960784313725,0.027595281032276823,0.0392156862745098,0.027777777777777776,0.04117364117364117,0.005194805194805195,0.02544761124001402,0.050505050505050504,0.023646327217755784,49,0.0707070707070707,59868,11.723409645017501,18.83768066582303,127.17747771059246,11.65701123363727,14.928246045070592,11.667350345502536,11.676528008423837,207.66770365406722
227,227000,0.02384529771841959,0.003839732888146912,0.013318544561799695,0.038397328881469114,0.012958767257598642,0.017857142857142856,0.002678571428571429,0.0077738008071546304,0.026785714285714284,0.005654761904761905,0.02290201593999062,0.0036568213783403658,0.012445110946440697,0.03656821378340366,0.011808206639430267,57,0.08016877637130802,59868,11.699351709908157,19.462183135386667,135.79241620743227,11.686951599254591,15.278062637784362,11.69221513436236,11.70193430148625,217.31311472561467
228,228000,0.021581046211588087,0.0031198686371100163,0.012715422489474408,0.031198686371100164,0.012096332785987958,0.029166666666666667,0.0033333333333333335,0.010926996275797447,0.03333333333333333,0.0061342592592592594,0.022829708014893195,0.003155006858710563,0.012421031343190135,0.03155006858710562,0.011114921505868009,59,0.08093278463648834,59868,12.091019868723517,20.67218454592651,128.1076570602141,11.684353108068478,15.27853875844809,11.705197442923865,11.833582829759436,211.37253361406403
229,229000,0.03153221140542852,0.0041204437400950865,0.015777173550288803,0.039619651347068144,0.012602822428495962,0.008928571428571428,0.0008928571428571429,0.003845326411369581,0.008928571428571428,0.002232142857142857,0.028124933239334318,0.0036339165545087484,0.013978564021945665,0.034993270524899055,0.011039543677497918,58,0.07806191117092867,59868,11.802353019264855,20.240737150983847,131.7462026561647,11.68410250106805,15.18054952115433,11.706708191935867,11.705792417548988,214.06644545812065
230,230000,0.019284188034188035,0.002243589743589744,0.008847617009947501,0.022435897435897436,0.006383547008547008,0.028645833333333332,0.0046875,0.025216206139156143,0.03125,0.02734375,0.020877659574468084,0.0026595744680851063,0.0116337598404511,0.023936170212765957,0.009951241134751772,60,0.0797872340425532,59868,11.721398934835815,20.58158039867225,125.52638269133082,11.679994955868246,15.384090407064011,11.681698063682743,11.738420742639367,208.31356619409323
231,231000,0.026352813852813853,0.0038961038961038965,0.013360342214566171,0.03896103896103896,0.01221719748505463,0.008695652173913044,0.0017391304347826088,0.007627959263809124,0.017391304347826087,0.010869565217391304,0.0235750113999088,0.0035567715458276333,0.012458530943243243,0.03556771545827633,0.012005189672768334,60,0.08207934336525308,59868,11.712405523979507,20.35074652598223,124.79140960366952,11.662485253451093,15.14134934850475,11.666024472035962,11.68781355809223,207.0122342857153
232,232000,0.031260049081831255,0.0056105610561056115,0.017451048144786634,0.05115511551155116,0.01837052752894337,0.016181229773462782,0.0029126213592233015,0.013900328974740903,0.019417475728155338,0.014563106796116505,0.029069473075114826,0.005218617771509167,0.01693521729215658,0.0465444287729196,0.017817404347728747,49,0.0691114245416079,59868,11.724170210794526,18.85589124187709,124.49764219956555,11.680232068385365,14.9595866124827,11.668816559708139,11.685196703345447,205.0715355961588
233,233000,0.01728440517100311,0.0027491408934707906,0.0074739194252667375,0.027491408934707903,0.005841242568046691,0.004098360655737705,0.000819672131147541,0.003170924649463456,0.00819672131147541,0.004098360655737705,0.014999323593073594,0.0024147727272727276,0.006728229989687192,0.024147727272727272,0.005539209054834055,65,0.09232954545454546,59868,11.724324116169083,21.341733320537347,125.03946587820447,11.669685133976204,15.26211526387683,11.68292713272373,11.732277132879554,208.45252797836721
234,234000,0.01623931623931624,0.003076923076923077,0.009984442652792613,0.02905982905982906,0.01107312440645774,0.0032362459546925564,0.0009708737864077671,0.004556104136143267,0.009708737864077669,0.009708737864077669,0.01429263565891473,0.002761627906976744,0.009171769880677957,0.02616279069767442,0.010868863049095607,58,0.08430232558139535,59868,11.771130677226683,25.171234475034055,130.59727450977914,11.665535903350454,15.182227425164507,11.67630628558236,11.699693192077088,217.76340246821428
235,235000,0.03185333333333333,0.00448,0.015132618483680497,0.0448,0.011959365079365078,0.0,0.0,0.0,0.0,0.0,0.026794526693584564,0.0037685060565275912,0.012729322412248063,0.03768506056527591,0.010060031190583008,58,0.07806191117092867,59868,11.741101272680353,24.911205372186995,128.99442725886055,11.665368718660751,15.14744772828508,11.66534080252607,11.694618345561846,215.81950949876165
236,236000,0.03317073170731707,0.005203252032520325,0.01732198606008515,0.05203252032520325,0.01677377726158214,0.0125,0.0016666666666666668,0.005065965373812006,0.016666666666666666,0.0029166666666666664,0.029795918367346935,0.004625850340136055,0.015321003090897697,0.04625850340136054,0.014511391858330632,45,0.061224489795918366,59868,11.736281839792861,18.294001763397016,128.63061649436014,11.663539720478678,15.233466337707945,11.671308969729566,11.69460005750328,208.92381518296946
237,237000,0.02220757430488974,0.004026845637583893,0.012977765031078174,0.03859060402684564,0.015016778523489932,0.027777777777777776,0.0031746031746031746,0.012402940006245802,0.031746031746031744,0.008994708994708995,0.02317965967550455,0.0038781163434903044,0.012877449306522942,0.037396121883656507,0.013965835641735917,49,0.06786703601108034,59868,11.71182580120278,18.575607012356887,122.98540561089116,11.670494939698683,15.073466648453381,11.6748358499133,11.687280393281318,203.37891625579752
238,238000,0.028285256410256407,0.004487179487179487,0.0167113623454877,0.04326923076923077,0.018072725885225883,0.03412073490813648,0.0047244094488188984,0.013844441614541153,0.047244094488188976,0.009042619672540931,0.02927208166888593,0.004527296937416778,0.016226543526805665,0.043941411451398134,0.01654566398241498,71,0.09454061251664447,59868,11.741525226358075,21.672617875029275,121.79927860284101,11.665188580832487,15.436111228124549,11.67235379717635,11.690933282820781,205.67800859318257
239,239000,0.016319999999999998,0.00256,0.008724524300168656,0.0256,0.007706031746031746,0.0070921985815602835,0.0007092198581560284,0.002237339551671835,0.0070921985815602835,0.0008865248226950354,0.014621409921671017,0.0022193211488250653,0.007530408047508013,0.022193211488250653,0.006450743918106842,55,0.07180156657963446,59868,11.702744550208532,19.519096223594158,130.38250775659205,11.662785259297648,15.283198553615874,11.673070596213142,11.718093180769495,211.94149612029088
240,240000,0.02857142857142857,0.00380952380952381,0.013607513421522407,0.0380952380952381,0.009882212144116907,0.019607843137254898,0.0033613445378151263,0.010813513372526817,0.03361344537815126,0.012605042016806723,0.027147307521139294,0.0037383177570093455,0.013163606871681987,0.037383177570093455,0.01031481128276856,55,0.07343124165554073,59868,11.707317544518148,19.88032302367715,121.71930359576588,11.673662330874413,15.294735258651604,11.682781574422208,11.71322266627084,203.67134599418023
241,241000,0.027472527472527472,0.003525641025641026,0.013109349887615208,0.035256410256410256,0.009745751933251933,0.011904761904761904,0.0015873015873015873,0.007440502777414181,0.015873015873015872,0.006613756613756613,0.024857142857142855,0.0032000000000000006,0.012156983573101438,0.032,0.00921957671957672,63,0.084,59868,11.72975067088855,20.463154048758202,124.35598647392993,11.71903358987425,15.639664819100396,11.667775609895681,11.694146723716104,207.2695119361631
242,242000,0.03274111675126904,0.005076142131979695,0.016837223836224463,0.047377326565143825,0.014588537050465984,0.019519519519519517,0.0036036036036036037,0.010888242975918004,0.02702702702702703,0.009759759759759758,0.030650522317188983,0.004843304843304844,0.01589657301643241,0.04415954415954416,0.013825012436123546,53,0.0754985754985755,59868,11.718153054340874,19.65361325440701,124.92993299612759,11.661044650064511,15.022486899662901,11.668533613735931,11.687330916942962,206.34109538528176
243,243000,0.0247218887555022,0.0033613445378151263,0.011198599513793638,0.03361344537815126,0.009950646925436842,0.01680672268907563,0.0016806722689075631,0.00545208579931985,0.01680672268907563,0.0022509003601440575,0.023402694411097772,0.003081232492997199,0.010240847228048007,0.03081232492997199,0.008667355831221376,59,0.08263305322128851,59868,11.71392059078763,20.462903937409905,122.8262691890178,11.69938100521739,15.377982105373167,11.671537815866051,11.685309713196922,205.43730435686888
244,244000,0.02105666156202144,0.0029096477794793266,0.01053457610999307,0.02909647779479326,0.008230632732929824,0.012295081967213115,0.001639344262295082,0.004411702528141618,0.01639344262295082,0.0025500910746812386,0.01967741935483871,0.0027096774193548384,0.009570717300979036,0.027096774193548386,0.007336405529953917,63,0.08129032258064516,59868,11.700183367546746,20.385154019329775,134.26070669301376,11.674696255847827,15.447485180147824,11.677984772376359,11.702943132435584,216.8491534206979
245,245000,0.02467191601049869,0.0029921259842519685,0.014443539418733964,0.029921259842519685,0.012707786526684165,0.011811023622047244,0.003149606299212599,0.00800818722449392,0.015748031496062992,0.00984251968503937,0.02252843394575678,0.0030183727034120734,0.013370980719693957,0.027559055118110236,0.0122302420530767,68,0.08923884514435695,59868,11.747404400866412,27.252653246885583,134.8243884497502,11.665452959767897,15.302415463623598,11.67064321106609,11.68266105716631,224.14561878912605
246,246000,0.022675026123301984,0.003134796238244514,0.010429834768467691,0.03134796238244514,0.008630641389262077,0.03007518796992481,0.004511278195488722,0.013479381810561674,0.03759398496240601,0.01035923141186299,0.02395157803718115,0.0033722438391699094,0.010955891521513737,0.0324254215304799,0.008928828773186749,74,0.0959792477302205,59868,11.721783824490684,22.93330104145147,126.20678150117304,11.664914308449903,15.288702816716738,11.67006062961773,11.687077368274789,211.17262149017438
247,247000,0.028606557377049178,0.0042622950819672135,0.013025725767743995,0.040983606557377046,0.011144938849856885,0.017361111111111112,0.0020833333333333337,0.006312123892509874,0.020833333333333332,0.0032021604938271605,0.026458885941644562,0.003846153846153847,0.011743552465312015,0.03713527851458886,0.009628015662498421,66,0.08753315649867374,59868,11.771123048898158,21.62103267606269,124.95847091126278,11.666226989497098,15.203115927737986,11.668947601461976,11.688867300095607,208.5777844550163
248,248000,0.018082053668372886,0.0034201954397394137,0.010751172823281882,0.030944625407166124,0.011784550953932061,0.020491803278688523,0.002459016393442623,0.01304291151494285,0.02459016393442623,0.011007025761124122,0.01848149585921325,0.003260869565217392,0.011131053421627858,0.029891304347826088,0.011655667701863355,61,0.08288043478260869,59868,11.70832455151677,20.618713715489513,126.16969546969808,11.667740569570872,15.063848003933622,11.66692673997688,11.680731146518353,208.57598019670408
249,249000,0.03160919540229885,0.004545454545454546,0.017235491744792563,0.04075235109717868,0.015155247051798774,0.02168021680216802,0.0040650406504065045,0.010298445033127502,0.04065040650406504,0.008852755194218609,0.030004380201489267,0.004467805519053877,0.01611426080453658,0.040735873850197106,0.014136578854055861,66,0.08672798948751642,59868,11.726422268619475,21.143401932967322,124.78725086319947,14.895632758894772,15.362748811115212,11.670241985825559,11.688655561538363,211.27435418216018
250,250000,0.024141749723145072,0.0034883720930232558,0.012220705814722309,0.03322259136212625,0.010480277382270737,0.015873015873015872,0.0015873015873015873,0.00557394987317675,0.015873015873015872,0.0025793650793650793,0.02271062271062271,0.003159340659340659,0.011070305747916346,0.03021978021978022,0.00911281179138322,62,0.08516483516483517,59868,11.709411655583256,24.932141454617195,141.52505908369972,11.750791338374643,16.260631980909157,11.695511672585312,11.84487111678678,229.71841830255605
251,251000,0.014824120603015075,0.002512562814070352,0.009395333977897454,0.023450586264656615,0.009979793145622291,0.013245033112582781,0.0026490066225165563,0.006760945382419504,0.013245033112582781,0.004635761589403973,0.014505347593582888,0.0025401069518716578,0.008863525584960062,0.0213903743315508,0.008900984636278754,82,0.10962566844919786,59868,11.749922131355783,30.129937584381928,138.94013486277086,11.706916745159168,15.431697935539002,11.718023086346175,11.791226242979791,231.4678585885327
252,252000,0.0168554476806904,0.0027508090614886734,0.008530706151469355,0.02750809061488673,0.007917244567730004,0.018115942028985508,0.0021739130434782613,0.01145129862936096,0.021739130434782608,0.009601449275362318,0.017085537918871255,0.0026455026455026454,0.009063830175211474,0.026455026455026454,0.008224678760393046,66,0.0873015873015873,59868,11.745612393060378,26.850171910661192,141.2777416104627,11.704989943288336,15.567228147446432,11.683279534512037,11.79393329215489,230.62295683158592
253,253000,0.029547930283224406,0.004084967320261438,0.014746854677025033,0.0392156862745098,0.011264135283743126,0.03042328042328042,0.003968253968253968,0.014649848148470916,0.03968253968253968,0.011385109599395314,0.029697380307136402,0.0040650406504065045,0.014730292586784086,0.03929539295392954,0.011284789435195938,60,0.08130081300813008,59868,11.75671531311595,24.5542347123498,135.86495186868746,11.670670789283577,15.693627821868061,11.667912008267445,11.835926144884713,223.04403865845703
254,254000,0.020971302428256074,0.0028145695364238414,0.009011248272689985,0.028145695364238412,0.006711867970146115,0.00819672131147541,0.000819672131147541,0.003170924649463456,0.00819672131147541,0.001639344262295082,0.018824609733700644,0.0024793388429752068,0.008029816479255223,0.024793388429752067,0.00585946040491495,62,0.08539944903581267,59868,11.766671926018157,26.41703508863419,142.69244287876126,11.667401906743924,16.277109903248267,11.679999257933893,11.74626801926648,232.24692898060619
255,255000,0.020866989768443728,0.002907915993537965,0.01407500934381162,0.027463651050080775,0.014045311177782908,0.013513513513513514,0.0013513513513513514,0.005412364835567441,0.013513513513513514,0.003003003003003003,0.019448066058235552,0.002607561929595828,0.012403469073641949,0.024771838331160364,0.01191459199933776,63,0.08213820078226858,59868,11.803060003312549,26.071529328985932,127.31798520576598,11.667961731701148,15.620731936186182,11.671766644245906,11.71046497885908,215.8634998290568
256,256000,0.01818181818181818,0.003305785123966942,0.007299935431394653,0.02975206611570248,0.005029515938606848,0.003472222222222222,0.0006944444444444445,0.00268647782801765,0.006944444444444444,0.003472222222222222,0.015353805073431242,0.0028037383177570087,0.006412968949570503,0.025367156208277702,0.0047301163456036615,67,0.08945260347129506,59868,11.719432784745853,22.7184756033047,123.98740403978675,11.664346971702876,15.155392391760781,11.680942576558495,11.7079477811588,208.63394214901825
257,257000,0.012210607820363917,0.0021138211382113817,0.006377508683178554,0.02113821138211382,0.007149309588333979,0.017482517482517484,0.002797202797202797,0.00992992244297162,0.02097902097902098,0.007575757575757575,0.013205176529714788,0.0022427440633245384,0.0070476870046170875,0.021108179419525065,0.007229760857729196,71,0.09366754617414248,59868,11.717278991858759,22.240833950804006,129.9004151720448,11.660494405020538,15.513834524111259,11.676377712668828,11.710996887119574,214.42023164362772
258,258000,0.022540753232152894,0.003372681281618887,0.01301526711802282,0.03372681281618887,0.012150351990149631,0.027577937649880094,0.0035971223021582736,0.01426339828609087,0.03597122302158273,0.01113109512390088,0.023497267759562842,0.0034153005464480873,0.013252275632177818,0.03415300546448088,0.011956804579755401,76,0.10382513661202186,59868,11.728841300538695,22.56749561213578,125.87915509319065,11.664255369595033,15.304814290073576,11.676886610599569,11.724280148651955,210.54572842478527
259,259000,0.027016129032258064,0.0035483870967741938,0.015049144314664677,0.035483870967741936,0.013218125960061443,0.002564102564102564,0.0007692307692307692,0.0013964753272104051,0.007692307692307693,0.0015384615384615385,0.022777777777777775,0.0030666666666666663,0.012682681690172606,0.030666666666666665,0.011193650793650794,60,0.08,59868,11.714747961438787,20.7093944563988,123.34374511141499,11.669115771009707,15.385991208566319,11.672193096737281,11.684744613028874,206.17993221859473
260,260000,0.011945392491467578,0.0017064846416382253,0.00461849353381311,0.017064846416382253,0.0031420987052386373,0.005995203836930455,0.0014388489208633094,0.005275876608599622,0.014388489208633094,0.008992805755395683,0.010804597701149424,0.0016551724137931036,0.004744529737117006,0.016551724137931035,0.004263820470717022,74,0.10206896551724139,59868,11.705272815715206,22.24836273460179,125.74478432483133,11.66203320793896,15.662275532325742,11.668795915957542,11.716533776282013,210.40805830765254
261,261000,0.017069892473118277,0.0025806451612903226,0.007955189428543128,0.025806451612903226,0.007167818740399384,0.010335917312661497,0.0023255813953488376,0.0074325314977811896,0.023255813953488372,0.00972068413928879,0.015910102358700485,0.0025367156208277704,0.007865172241536064,0.025367156208277702,0.007607497827791553,56,0.07476635514018691,59868,11.723105315386562,20.183626781834775,128.83457151659923,11.660481905879927,15.224032953571609,11.671215918766798,11.688138786887514,210.9851731789264
262,262000,0.032296781232951446,0.00458265139116203,0.015770364130936135,0.04582651391162029,0.012990024160236925,0.008960573476702509,0.002150537634408602,0.007125861609032551,0.021505376344086023,0.012096774193548387,0.02921401515151515,0.004261363636363636,0.01462840570119603,0.04261363636363636,0.012872023809523809,43,0.061079545454545456,59868,11.700212750473394,18.09354787648404,123.47416546389101,11.660438959060215,15.102536637071061,11.665533054490417,11.686769339783186,203.38320408125335
263,263000,0.0196078431372549,0.0029411764705882353,0.009320622837969582,0.029411764705882353,0.007138966697790227,0.02032520325203252,0.002439024390243903,0.008441302033496776,0.024390243902439025,0.005645889792231256,0.019727891156462583,0.002857142857142857,0.00917347119313944,0.02857142857142857,0.006889104848288521,56,0.0761904761904762,59868,11.732980947552763,20.21480440491524,125.09018149716583,11.662576734502995,15.39723796599446,11.672899403736281,11.69080694182062,207.46148789568824
264,264000,0.02464883846569422,0.00340356564019449,0.012444309289566415,0.03403565640194489,0.011747189421419568,0.031420765027322405,0.004098360655737705,0.02110417039759392,0.040983606557377046,0.02459016393442623,0.025766801984663957,0.0035182679296346417,0.01387394806518124,0.035182679296346414,0.013867409841699421,57,0.07713125845737483,59868,11.697540801984541,19.750551338015843,123.4225337948952,11.661326441016195,15.420517206377049,11.668018327734565,11.685150156238999,205.3056380662624
265,265000,0.0189792663476874,0.002551834130781499,0.010181563258079123,0.023923444976076555,0.008808637756006177,0.028688524590163935,0.003278688524590164,0.01643681296720967,0.03278688524590164,0.012978142076502731,0.020560747663551402,0.0026702269692923898,0.011200442382930829,0.025367156208277702,0.00948778265200161,60,0.0801068090787717,59868,11.715288029498506,22.331157174676484,121.26299534347129,11.66454878348544,15.251433633060863,11.670667444875493,11.684465781598707,205.58055619066675
266,266000,0.01585297418630752,0.0025252525252525255,0.00786519006743865,0.020202020202020204,0.005675805675805676,0.017241379310344827,0.0027586206896551726,0.010435349579486249,0.020689655172413793,0.010344827586206896,0.016125394677492105,0.002571041948579161,0.008369483882387094,0.02029769959404601,0.006591919582447323,65,0.08795669824086604,59868,11.698677233579202,20.695149625965527,121.43312218336477,11.657892329493269,15.361137514560696,11.672564366564664,11.683450732928591,204.20199398645678
267,267000,0.028757122507122503,0.003685897435897436,0.014445105644565514,0.035256410256410256,0.011280270655270656,0.016025641025641024,0.002884615384615385,0.00801760471741577,0.019230769230769232,0.00641025641025641,0.026938339438339436,0.0035714285714285718,0.013526891226401262,0.03296703296703297,0.010584554334554335,46,0.06318681318681318,59868,11.693821757592648,18.173924653246132,122.71496475547983,11.668553978418094,15.132009750493115,11.675879761398333,11.69688661950552,202.75604127613366
268,268000,0.03427970557308097,0.004416403785488959,0.022096239892607516,0.04416403785488959,0.021059911872214714,0.01715686274509804,0.002205882352941177,0.008187905039142563,0.022058823529411766,0.005821078431372549,0.03125541125541126,0.004025974025974026,0.01963970282757994,0.04025974025974026,0.01836837765409194,68,0.08831168831168831,59868,11.716472266998235,21.666158590699645,122.53686446602602,11.66940350801754,15.280346266216549,11.667338974764851,11.68288870689177,206.2194727796146
269,269000,0.020425090720580612,0.003110419906687403,0.012305570882038316,0.027993779160186624,0.010283517243081785,0.022135416666666664,0.003125,0.0138979941284631,0.03125,0.012444196428571428,0.02070903588413316,0.00311284046692607,0.01256994205654204,0.028534370946822308,0.010642229221995758,58,0.07522697795071336,59868,11.728759798219912,19.865575051222773,122.85093570597178,11.664038446906888,15.326558269614099,11.668124538240232,11.689510919926649,204.79350273010232
270,270000,0.024157134256472004,0.0034768211920529805,0.0142636873124772,0.0347682119205298,0.014387548617681068,0.002398081534772182,0.0007194244604316547,0.0033761059426097584,0.007194244604316547,0.007194244604316547,0.02008646355887271,0.0029609690444145358,0.012226845037360682,0.029609690444145357,0.013041829562690935,65,0.08748317631224764,59868,11.704934615795748,21.81795729920555,128.28426831791583,11.677897788865687,15.413850789451622,11.68712878953093,11.711419811072377,212.29745741183774
271,271000,0.025429087624209576,0.003577235772357724,0.012845720493657313,0.03414634146341464,0.010882049296683441,0.012,0.0016,0.007500026799633494,0.016,0.006666666666666666,0.02316066066066066,0.0032432432432432435,0.011942731693991127,0.031081081081081083,0.01016999141999142,58,0.07837837837837838,59868,11.730442974436372,20.244538370906007,128.76198519826133,11.674356955468369,15.483279334566058,11.675414094969305,11.686321561607539,211.25633849021497
272,272000,0.02158908507223114,0.0030497592295345107,0.012810949172900172,0.030497592295345103,0.012267191520803078,0.01,0.0013333333333333335,0.004160686411271093,0.013333333333333334,0.0025,0.019340232858990943,0.0027166882276843467,0.011132372957836313,0.027166882276843468,0.010371876219224212,71,0.09184993531694696,59868,11.710605854413359,25.01980277706123,129.18776250842728,11.661644079771772,15.51921013938362,11.669977339284765,11.686384475705081,216.4553871740471
273,273000,0.020176893311221668,0.002985074626865672,0.01350959240390949,0.029850746268656716,0.014627918608018108,0.0024875621890547263,0.0007462686567164179,0.0012474660818373303,0.007462686567164179,0.0012437810945273632,0.016960651289009497,0.002578018995929444,0.011280114890805461,0.025780189959294438,0.012194439060110702,64,0.08683853459972862,59868,11.745340587322739,20.735055731128938,122.79453654599065,11.66784273090582,15.217190245025991,11.668208874472674,11.686507637102828,205.51468235194963
274,274000,0.014721772015126956,0.0022690437601296594,0.007697047233443379,0.02106969205834684,0.006872089732705615,0.010869565217391304,0.0014492753623188406,0.004094913900265015,0.014492753623188406,0.002616747181964573,0.014017660044150108,0.002119205298013245,0.007038644054663759,0.019867549668874173,0.00609429202144434,69,0.0913907284768212,59868,11.699692344144253,21.66909298927794,123.30001957700648,11.6620420942265,15.478526204655562,11.672156963633828,11.68994775114368,207.17147792408824
275,275000,0.017635971997845987,0.0030694668820678513,0.007649624122740078,0.027463651050080775,0.005337590071031104,0.01680672268907563,0.0016806722689075631,0.006244201633130788,0.01680672268907563,0.003081232492997199,0.017502258355916893,0.002845528455284553,0.007423004507206874,0.025745257452574527,0.004973760055060869,54,0.07317073170731707,59868,11.71241873130363,20.347810162087143,124.57861706054175,11.664599782544583,15.25270264914752,11.670096215790625,11.701128998155285,206.92737359957053
276,276000,0.018533549783549784,0.0025974025974025974,0.008899080382606762,0.025974025974025976,0.007610544217687075,0.03333333333333333,0.0038461538461538464,0.018023677603989475,0.038461538461538464,0.013846153846153847,0.02111260053619303,0.0028150134048257375,0.01048915764638659,0.028150134048257374,0.008697178603344822,62,0.08310991957104558,59868,11.754858389841083,20.9997566070555,133.07360168009208,11.668005991810615,15.910066992079475,11.681478124220268,11.767755942415636,216.85552372751465
277,277000,0.02175141242937853,0.002542372881355932,0.009722190950787434,0.025423728813559324,0.006492467043314501,0.017857142857142856,0.002142857142857143,0.007080472448356439,0.02142857142857143,0.003996598639455782,0.02100456621004566,0.0024657534246575346,0.009215560005115734,0.024657534246575342,0.006013807349423788,54,0.07397260273972603,59868,11.733806916817969,24.535658041086037,148.6075163227643,11.667473938131723,15.272957144062127,11.680981307209127,11.710557152148915,235.2089508222202
278,278000,0.026805688718440395,0.0036912751677852353,0.01352868951457077,0.03691275167785235,0.011780920421860018,0.01282051282051282,0.0017094017094017094,0.004723611876538675,0.017094017094017096,0.002777777777777778,0.02451078608161357,0.003366058906030856,0.012083817026983456,0.033660589060308554,0.010303546383490283,54,0.07573632538569425,59868,11.74296417619236,24.304773876361597,129.8754359066387,11.670736276780946,15.157773410233444,11.666018002474965,11.691930410957784,216.1096320596398
279,279000,0.023657386277194586,0.0036741214057507982,0.012491355155604525,0.036741214057507986,0.014019473604138142,0.01084010840108401,0.0016260162601626016,0.003550259911353081,0.016260162601626018,0.0017163504968383018,0.021552546252145713,0.0033377837116154874,0.01102305780574748,0.03337783711615487,0.0119990675397885,50,0.06675567423230974,59868,11.713464500330561,19.17757883353882,122.34422397325307,11.664076124996702,15.704032318673844,11.670679667827311,11.690046187354252,203.96410160597458
280,280000,0.026533333333333332,0.0038400000000000005,0.01417120478985974,0.0384,0.012852063492063491,0.009009009009009009,0.0009009009009009009,0.009009009009009009,0.009009009009009009,0.009009009009009009,0.023890398550724636,0.0033967391304347825,0.013392667110954264,0.033967391304347824,0.012272472394755003,58,0.07880434782608696,59868,11.700433377559438,20.161916535865743,122.66835328986897,11.662531710004975,15.280360016863003,11.668652944621382,11.676783524539047,204.81903139932257
281,281000,0.03008264462809918,0.004628099173553719,0.019056596946716287,0.04132231404958678,0.018953168044077134,0.00684931506849315,0.0006849315068493151,0.004321436668297655,0.00684931506849315,0.003424657534246575,0.0255659121171771,0.003861517976031958,0.016191971912562997,0.03462050599201065,0.015934309809143364,76,0.10119840213049268,59868,11.757723298505551,22.704613584674515,122.47705801191749,11.669626810470458,15.29831342691329,11.671496240595047,11.680942776481906,207.25977414955827
282,282000,0.0371345029239766,0.0043062200956937805,0.016714434220715557,0.0430622009569378,0.011101617680565048,0.04128440366972477,0.0045871559633027525,0.026001575856135644,0.045871559633027525,0.02487257900101937,0.03774909420289855,0.004347826086956522,0.018089839707482937,0.043478260869565216,0.0131410671152519,57,0.07744565217391304,59868,11.709376875633504,19.67161449215049,124.8216231308219,11.664822424324594,15.232619935821868,11.670788102990937,11.714608841549568,206.48545380329287
283,283000,0.012409872434830837,0.0016638935108153079,0.006766542166754053,0.016638935108153077,0.005536407574677125,0.016778523489932886,0.0020134228187919465,0.008303692311786055,0.020134228187919462,0.006152125279642057,0.013277777777777779,0.0017333333333333335,0.007071922662233743,0.017333333333333333,0.005658730158730158,76,0.10133333333333333,59868,11.726048059990113,23.013697087015395,123.70893759447443,11.666100650564726,15.298608597932862,11.6699207761764,11.697386298553658,208.7806990647076
284,284000,0.02022038567493113,0.003305785123966942,0.009209171154475823,0.03140495867768595,0.0078092614456250825,0.01968503937007874,0.0023622047244094492,0.010843756568284919,0.023622047244094488,0.010967379077615297,0.020127504553734063,0.00314207650273224,0.009492767257691336,0.030054644808743168,0.008357186226038685,62,0.08469945355191257,59868,11.710469846756833,20.64969409593803,122.10200683603067,11.664444436822185,15.64663566579888,11.670820488182688,11.685753991137748,205.129825360667
285,285000,0.013633834168057876,0.0023372287145242074,0.007892184037690625,0.021702838063439065,0.00927604208071654,0.007861635220125786,0.0018867924528301887,0.006918366496182523,0.018867924528301886,0.01179245283018868,0.01276595744680851,0.0022695035460992908,0.007745766081095081,0.02127659574468085,0.009654396037374759,60,0.0851063829787234,59868,11.694695891364958,20.33765506277707,123.63827329139183,11.663546513433765,15.159012477394818,11.6738662616217,11.69495400306364,205.86200350104778
286,286000,0.023824786324786327,0.003205128205128205,0.01357677044012532,0.030448717948717948,0.011954365079365079,0.0,0.0,0.0,0.0,0.0,0.01958717610891524,0.002635046113306983,0.011161929848008168,0.025032938076416336,0.009828094610703306,57,0.07509881422924901,59868,11.76137975916064,20.13966095678471,123.1176532285258,11.669465896452236,15.40155747676436,11.671833766442596,11.693647965271836,205.4551990494022
287,287000,0.016137566137566138,0.002380952380952381,0.009636930078629034,0.023809523809523808,0.00901612496850592,0.016548463356973995,0.0021276595744680856,0.010329189125547774,0.02127659574468085,0.01182033096926714,0.016212710765239946,0.0023346303501945525,0.009763529982151138,0.023346303501945526,0.009528956416115949,59,0.07652399481193256,59868,11.694921821597815,20.043736343219877,125.19740762582943,11.664208920479647,15.3343020857441,11.663420411922587,11.697442786721968,207.29543999551544
288,288000,0.019099574003880224,0.003189792663476874,0.010835146391017333,0.030303030303030304,0.010545302650565809,0.008064516129032258,0.0008064516129032258,0.0025440715869816835,0.008064516129032258,0.0010080645161290322,0.017277540479937282,0.002796271637816245,0.009466180644412247,0.02663115845539281,0.008970578910658805,61,0.08122503328894808,59868,11.7134149802689,20.814471532404344,125.08060175556862,11.664613951321845,15.789918360209487,11.681518913106427,11.682133786640458,208.42667327952012
289,289000,0.02367149758454106,0.003381642512077295,0.014028598217449721,0.033816425120772944,0.012543772205607954,0.01824817518248175,0.0021897810218978104,0.007596955356843725,0.021897810218978103,0.004460665044606651,0.022691292875989446,0.00316622691292876,0.012866150893039401,0.0316622691292876,0.011082841227959961,64,0.08443271767810026,59868,11.69549745425047,21.16114819372683,128.4390242252964,11.662985098352674,15.289510913549243,11.674903913683199,11.70919515885993,211.63226495771875
290,290000,0.0291407867494824,0.003726708074534162,0.014563686488193797,0.037267080745341616,0.012288031154490781,0.031746031746031744,0.005555555555555555,0.014877321530138841,0.05555555555555555,0.012588183421516755,0.029567099567099565,0.004025974025974026,0.014615008585966621,0.04025974025974026,0.012337146980004123,55,0.07142857142857142,59868,11.713750725832195,20.136802662003294,127.16186715607675,11.670284222255189,15.645616843196208,11.689837502812384,11.707014942373418,209.72517405454943
291,291000,0.029305094130675523,0.004318936877076412,0.013563063012476284,0.04152823920265781,0.011936402467963928,0.012471655328798185,0.0020408163265306124,0.006665655415919303,0.02040816326530612,0.008454810495626823,0.02600133511348465,0.0038718291054739653,0.012209366194460428,0.037383177570093455,0.011253099370589355,66,0.08811748998664887,59868,11.784289150516825,26.665397858033344,133.69900864424605,11.674835077649103,15.574669460040324,11.698641798917054,11.71394541706061,222.81078740646333
292,292000,0.019290123456790122,0.002777777777777778,0.010767636163986032,0.026234567901234566,0.010347467176170877,0.007751937984496124,0.0007751937984496124,0.004890928322259361,0.007751937984496124,0.003875968992248062,0.017374517374517374,0.0024453024453024454,0.009791966522309403,0.023166023166023165,0.009273048558762842,52,0.06692406692406692,59868,11.727601761227223,19.87538063252109,134.29702729727404,11.668064661615741,15.34903199384291,11.769726437349526,11.717283435574988,216.40411621940552
293,293000,0.02353896103896104,0.003246753246753247,0.010625699492718308,0.030844155844155844,0.007661435786435786,0.022222222222222223,0.0022222222222222227,0.016754514867725296,0.022222222222222223,0.014814814814814815,0.02330226364846871,0.0030625832223701733,0.011727417303139006,0.02929427430093209,0.008947329486610445,72,0.09587217043941411,59868,11.701132376522317,21.437981965188868,123.45916958755171,11.660314453321163,15.48781256226206,11.671524419457068,11.71352998301234,207.13146534731553
294,294000,0.020533842467804733,0.0031446540880503146,0.011611357032883999,0.029874213836477988,0.010018593391234901,0.007352941176470588,0.0007352941176470588,0.003676470588235294,0.007352941176470588,0.0024509803921568627,0.018211818406118924,0.0027202072538860104,0.010213501389785263,0.025906735751295335,0.008685438769635661,59,0.07642487046632124,59868,11.77694521195538,20.226268914944058,121.53621048752173,11.707116947035079,15.624801538535738,11.676626007303682,11.713713926844726,204.2616830341404
295,295000,0.028133333333333333,0.00432,0.0154022304546109,0.0432,0.015025396825396825,0.006038647342995168,0.0014492753623188406,0.00335507129268344,0.014492753623188406,0.003450655624568668,0.024137177806902575,0.0038007863695937094,0.013223320933842892,0.03800786369593709,0.012931931182258835,57,0.07470511140235911,59868,11.768392927394288,23.998153787826993,132.5596474600482,11.661176926969219,15.332904310688678,11.673119666391617,11.68879864756056,218.6821937268796
296,296000,0.02057057057057057,0.002852852852852853,0.012223132439743817,0.028528528528528527,0.012358191524858193,0.023972602739726026,0.0027397260273972603,0.008376623248859079,0.0273972602739726,0.003946510110893672,0.021182266009852214,0.002832512315270936,0.011531518718230058,0.02832512315270936,0.010845746344514816,68,0.08374384236453201,59868,11.692811834676519,21.72247335152644,123.40616611583587,11.663508945269907,16.14576362789222,11.673789726246442,11.709746669363863,208.01426027081126
297,297000,0.01856017997750281,0.002677165354330709,0.010910049262002095,0.025196850393700787,0.009927509061367329,0.02100840336134454,0.002521008403361345,0.009282103165284989,0.025210084033613446,0.005975723622782447,0.0189465706707086,0.002652519893899204,0.010653118777241703,0.025198938992042442,0.009303818786577408,49,0.0649867374005305,59868,11.767764530615231,18.85948709227925,122.44706420772022,11.661640273427643,15.193020213064013,11.671667095355943,11.688990073560612,203.28963348602292
298,298000,0.018503727369542065,0.0022364217252396163,0.010396787908480554,0.022364217252396165,0.009836959277853847,0.023972602739726026,0.0027397260273972603,0.008680930152444127,0.0273972602739726,0.004699391171993912,0.019537996545768564,0.0023316062176165805,0.010072286312131695,0.023316062176165803,0.008865346656797434,65,0.08419689119170984,59868,11.716938445371916,21.457606113453597,132.50445902208975,11.672804074408516,15.651647652784039,11.685082570933591,11.771104804006448,216.45964268304786
299,299000,0.036466165413533834,0.004360902255639098,0.015801543943999883,0.04360902255639098,0.011019811433345269,0.008264462809917356,0.0008264462809917356,0.005214295484061633,0.008264462809917356,0.004132231404958678,0.03212468193384224,0.003816793893129771,0.014171700351566641,0.03816793893129771,0.009959509673250131,65,0.08269720101781171,59868,11.774215161769463,26.85417824381531,124.7885541810212,11.665169858177116,15.44379748680269,11.673734686176719,11.689772311321288,213.88942192908377
300,300000,0.01967556253270539,0.0028257456828885406,0.012529512883145352,0.0282574568288854,0.013363110812090405,0.0,0.0,0.0,0.0,0.0,0.01653474054529463,0.00237467018469657,0.010529419137946689,0.023746701846965697,0.01122994932361687,55,0.07255936675461741,59868,11.739752778586187,19.37207774850569,122.75553953637608,11.662882886342985,15.940407418479907,11.674181726178956,11.696968499966264,204.84181059443603
301,301000,0.020606489547038326,0.0030487804878048786,0.010368523731543452,0.03048780487804878,0.00872652922957801,0.02121212121212121,0.0027272727272727275,0.014290395735756564,0.02727272727272727,0.012373737373737374,0.020693460151684696,0.0030026109660574417,0.010931716839198075,0.030026109660574413,0.009250279746363298,62,0.08093994778067885,59868,11.727128008440225,20.369165288303126,123.59400659049669,11.663547359055947,15.286131117689393,11.676880064773187,11.739145611200374,206.05600403995894
302,302000,0.027037617554858933,0.003448275862068966,0.014459979618937874,0.034482758620689655,0.011702617306065581,0.020689655172413793,0.0027586206896551726,0.00937995220885474,0.027586206896551724,0.007717569786535303,0.02586206896551724,0.003320561941251597,0.01351923380225581,0.033205619412515965,0.010964645543189605,60,0.07662835249042145,59868,11.7437001312809,20.85916842275992,129.98187962251495,11.662785913427175,15.542451773126187,11.672941449894502,11.727218935317364,213.19014624832096
303,303000,0.018980759230369213,0.0024960998439937598,0.00942478505398466,0.0249609984399376,0.007496347472946537,0.017857142857142856,0.002142857142857143,0.010204371925365623,0.02142857142857143,0.010416666666666666,0.018779342723004695,0.0024327784891165173,0.009564531740275741,0.024327784891165175,0.008019836188850273,65,0.08322663252240717,59868,11.74133170313285,21.2342537410648,129.6721955328095,11.74175079957096,15.835069649777767,11.666401305565621,11.690381628792768,213.58138436071425
304,304000,0.022774327122153205,0.0029503105590062114,0.015622160526082644,0.029503105590062112,0.015052868973676428,0.01048951048951049,0.0013986013986013986,0.0047359390684199145,0.013986013986013986,0.0030303030303030303,0.0205421431596781,0.002668360864040661,0.01364410503885803,0.026683608640406607,0.012868336661221034,56,0.07115628970775095,59868,11.779405496320505,20.19785911880345,122.68944082206856,11.662635175435643,15.452207226332447,11.667769894405101,11.696984937609178,205.14630267097488
305,305000,0.021663920922570017,0.0034596375617792423,0.012417245583069706,0.03459637561779242,0.012227059961821081,0.003937007874015748,0.0007874015748031497,0.0016093102172321742,0.007874015748031496,0.001124859392575928,0.018596730245231605,0.0029972752043596735,0.01054720772004332,0.02997275204359673,0.010306107002292288,62,0.08446866485013624,59868,11.729619931788449,20.319215115152666,123.59138598140585,11.668057978878043,15.167712423172496,11.669242775319555,11.693639140247791,205.83887334596486
306,306000,0.01633937562940584,0.0025679758308157098,0.010247209586151747,0.022658610271903322,0.01001954155277418,0.010335917312661497,0.0015503875968992248,0.008528747903831116,0.015503875968992248,0.011627906976744186,0.015360303413400757,0.002402022756005057,0.0099669547732322,0.021491782553729456,0.010281841350109365,54,0.06826801517067003,59868,11.702223093185138,20.01378014326871,122.46063465708168,11.665950563594096,15.488322917409093,11.672334965934228,11.685932010299659,204.68917835077264
307,307000,0.024789245841877416,0.003508771929824562,0.01399340359837304,0.03508771929824561,0.012346522872838665,0.010273972602739725,0.0013698630136986301,0.008063282786192108,0.0136986301369863,0.007534246575342466,0.022047680650526702,0.003104786545924968,0.01287335490680976,0.031047865459249677,0.011437606521694491,67,0.08667529107373868,59868,11.708699574244918,20.948580520638306,120.88707473224825,11.66086174755887,15.360979307474377,11.66992926047994,11.687251702474644,203.9233768451193
308,308000,0.021644676979071884,0.0028662420382165607,0.012658852789132867,0.028662420382165606,0.012439338792841976,0.043795620437956206,0.0051094890510948905,0.02555864278576654,0.051094890510948905,0.02288842544316997,0.025611577964519138,0.0032679738562091504,0.014969011259118243,0.032679738562091505,0.014310613134142546,58,0.07581699346405228,59868,11.692694879841813,19.841070804507698,121.93467495792699,11.662588174435328,15.893465938804363,11.66601220783936,11.683604571793849,204.37411153514938
309,309000,0.021674140508221227,0.0029895366218236174,0.011435696385623943,0.029895366218236172,0.010444396991482193,0.02112676056338028,0.0028169014084507044,0.00846000524461098,0.028169014084507043,0.005046948356807511,0.02157829839704069,0.0029593094944512953,0.010914675248726483,0.029593094944512947,0.009499344332883174,54,0.06658446362515413,59868,11.69431962833034,19.211398085416942,124.40657585162384,11.670992973958349,15.547905443835663,11.680853147663651,11.689622185964698,205.9016673167935
310,310000,0.016445153287258547,0.002551834130781499,0.00897243613799309,0.025518341307814992,0.007834611781980203,0.0,0.0,0.0,0.0,0.0,0.013803361594526251,0.00214190093708166,0.007531080935102635,0.0214190093708166,0.006576039608168122,45,0.060240963855421686,59868,11.773991468441714,18.47362976063749,122.55763057621161,11.66102473046382,15.265624458804528,11.67078316718917,11.69265290057453,203.09533706232287
311,311000,0.02424483306836248,0.0034976152623211448,0.013263233203919922,0.034976152623211444,0.013116057233704292,0.008547008547008548,0.0008547008547008547,0.005392561996337244,0.008547008547008548,0.004273504273504274,0.0217828418230563,0.0030831099195710453,0.012028824985036312,0.030831099195710455,0.011729222520107238,54,0.07238605898123325,59868,11.693676418844667,18.947223013543457,124.5444423399883,11.664352013704416,16.00946682130122,11.681965983403874,11.763646980245124,206.30477357103106
312,312000,0.030835881753312942,0.00382262996941896,0.012559807571741221,0.0382262996941896,0.008119751468375321,0.007633587786259542,0.0007633587786259542,0.0027191388328856657,0.007633587786259542,0.0012722646310432569,0.026963906581740978,0.0033121019108280254,0.010917606801307999,0.033121019108280254,0.006977049843291881,64,0.08152866242038216,59868,11.78463703432886,26.307959830343396,132.08677442723416,11.686261454812996,15.508143072481829,11.719907504023631,11.722987966436559,220.81667128966146
313,313000,0.014919354838709677,0.0024193548387096775,0.007670926656630056,0.024193548387096774,0.007315668202764977,0.0,0.0,0.0,0.0,0.0,0.012316910785619174,0.0019973368841544607,0.006332855562064759,0.019973368841544607,0.006039566292562298,51,0.06790945406125166,59868,11.714928643630218,18.97674350101464,124.04990730605081,11.665702113125565,15.584689831468769,11.691753286482975,11.692484760211785,205.37620944198477
314,314000,0.019122257053291535,0.0032915360501567406,0.010517518036380796,0.03134796238244514,0.009586629845250536,0.0,0.0,0.0,0.0,0.0,0.016116248348745046,0.002774108322324967,0.008864169758534936,0.026420079260237782,0.008079616699167558,61,0.08058124174372523,59868,11.718570403537743,21.020638668517442,127.38786318891582,11.65954837974159,15.38507714284043,11.660739258553821,11.67985794334192,210.51229498544876
315,315000,0.02552154195011338,0.0036507936507936506,0.012212006873182739,0.03492063492063492,0.009325396825396825,0.023809523809523808,0.0035714285714285718,0.012811152203693069,0.03571428571428571,0.0140625,0.025263124117571555,0.003638814016172507,0.012302443904203169,0.03504043126684636,0.01004043126684636,54,0.07277628032345014,59868,11.692563360657381,19.031962824461736,124.006869113652,11.665873526675586,15.18417854662335,11.661142728422448,11.688397002607154,204.93098710309968
316,316000,0.03201476793248945,0.004113924050632912,0.01826842424364132,0.0379746835443038,0.01609277677315652,0.0072992700729927005,0.0007299270072992701,0.0036496350364963502,0.0072992700729927005,0.0024330900243309003,0.02761161681837885,0.0035110533159947986,0.015664036569546572,0.032509752925877766,0.013659256507110862,74,0.09622886866059818,59868,11.769431891170413,23.22662511131113,128.78301697856475,11.65998407694213,15.495586258684746,11.662423526570542,11.682697442935709,214.27976528617938
317,317000,0.017615176151761516,0.002926829268292683,0.010693835467313841,0.027642276422764227,0.011104013421086592,0.002824858757062147,0.0008474576271186442,0.0014166140251373075,0.00847457627118644,0.0014124293785310734,0.015234197362437474,0.0025920873124147337,0.00920036734974654,0.02455661664392906,0.00954384027371749,51,0.06957708049113233,59868,11.70086365259726,18.943019690687013,123.35931871171324,11.667006090343435,15.245166731556182,11.671155001266587,11.726279770862824,204.31280964902655
318,318000,0.013154446963970775,0.002857142857142857,0.007151420623257113,0.025396825396825397,0.008610481229528847,0.02654867256637168,0.0026548672566371685,0.017224731242098994,0.02654867256637168,0.014380530973451327,0.015191522997714115,0.0028263795423956934,0.008683431524911396,0.02557200538358008,0.009488025807002925,51,0.06864064602960969,59868,11.724199716900419,19.193919321050522,123.93890699838317,11.666199356413776,15.3973262505408,11.676214076189462,11.705210523599296,205.30197624307746
319,319000,0.021805328983143014,0.0032626427406199023,0.011830384350242836,0.03099510603588907,0.010127139490924156,0.0,0.0,0.0,0.0,0.0,0.017704194260485653,0.0026490066225165563,0.009605331929402463,0.025165562913907286,0.008222432460843056,61,0.08079470198675497,59868,11.760728630308414,20.67812536363234,125.2756659315124,11.665097729138264,15.703821354975943,11.668942085901746,11.687261148932148,208.43964224440126
320,320000,0.029172335600907033,0.0044444444444444444,0.015321913266550474,0.04285714285714286,0.01304673721340388,0.0,0.0,0.0,0.0,0.0,0.0245047619047619,0.0037333333333333337,0.0128704071439024,0.036,0.01095925925925926,49,0.06533333333333333,59868,11.695141525797093,18.757088365614628,123.73829268859382,11.66264648970461,15.230619149084191,11.672267240137035,11.697515837086335,204.4535712960177
321,321000,0.020958083832335328,0.0031437125748502996,0.011851385016310143,0.03143712574850299,0.01145803630833571,0.044642857142857144,0.004464285714285714,0.02311782975006645,0.044642857142857144,0.016865079365079364,0.02435897435897436,0.0033333333333333327,0.013469130926798228,0.03333333333333333,0.012234432234432234,50,0.0641025641025641,59868,11.715300884576617,19.196559445613936,140.2632134959586,11.667398744780177,15.503613703518603,11.672255292485833,11.724396707352147,221.74273827428593
322,322000,0.014133333333333331,0.0020800000000000003,0.00788437054319724,0.0192,0.007551111111111111,0.013043478260869565,0.0017391304347826088,0.005350019607417054,0.017391304347826087,0.003140096618357488,0.013963963963963962,0.002027027027027027,0.007490518708582753,0.01891891891891892,0.006865615615615616,36,0.04864864864864865,59868,11.72404077075251,19.282441691484408,122.67461150626546,11.663868121472575,15.21788822494985,11.669274396400308,11.699256240310651,203.9313809516358
323,323000,0.01907609637718842,0.00265210608424337,0.00995061518218297,0.0265210608424337,0.008489339573582944,0.0196078431372549,0.0019607843137254906,0.012721533531746316,0.0196078431372549,0.010620915032679739,0.019178561432969494,0.0025188916876574307,0.01048455788682175,0.02518891687657431,0.008900083963056254,68,0.08564231738035265,59868,11.712954988335467,21.55702316200547,121.84243824514552,11.662058513897676,15.460915592124813,11.668597713662688,11.689407613521553,205.5933958286932
324,324000,0.022097976570820018,0.0028753993610223646,0.00954537845543334,0.02875399361022364,0.006894999746437446,0.029487179487179487,0.0038461538461538464,0.013150921588589768,0.038461538461538464,0.009047619047619046,0.02336860670194003,0.0030423280423280425,0.01016537925875389,0.03042328042328042,0.007265159150079785,67,0.08862433862433862,59868,11.692784474715001,22.31885338055406,123.12760470593875,11.661436418314297,15.89751472934331,11.687181052169592,11.69437365258763,208.07974841362267
325,325000,0.02591145833333333,0.00296875,0.012075945249417736,0.0296875,0.008934151785714285,0.0,0.0,0.0,0.0,0.0,0.021677559912854034,0.0024836601307189543,0.010102751581212223,0.02483660130718954,0.0074743230625583575,56,0.07320261437908497,59868,11.704715804028432,19.997746290550957,128.3636169586433,11.665090431697834,15.346696043333496,11.666740247523455,11.68996733005856,210.434573105836
326,326000,0.035747820254862506,0.00485133020344288,0.01948848901453392,0.046948356807511735,0.01624810591946742,0.002331002331002331,0.0006993006993006993,0.0010352514369435847,0.006993006993006993,0.0008741258741258741,0.029637072220192427,0.0040920716112531974,0.016114047871828782,0.03964194373401535,0.013436751512199084,56,0.07161125319693094,59868,11.767137241061597,19.88124021706783,123.75616047922978,11.677177316246624,15.521324425643579,11.673436320663866,11.69811781943919,205.97459381935244
327,327000,0.015943193997856375,0.002572347266881029,0.010427255544033743,0.024115755627009645,0.009978691369366612,0.004761904761904762,0.0009523809523809524,0.0016879932074671212,0.009523809523809525,0.0009523809523809524,0.014328289775332416,0.0023383768913342504,0.009165051217569513,0.02200825309491059,0.008675028929499356,47,0.06464924346629987,59868,11.728589678433599,18.403232193889284,124.77999256281514,11.665857115344958,15.567146971803837,11.669264255026457,11.709731099970867,205.52381387728414
328,328000,0.023402674591381872,0.00312035661218425,0.011533147400711596,0.031203566121842496,0.010012618222127881,0.012396694214876033,0.0016528925619834713,0.0042928713428276475,0.01652892561983471,0.002295684113865932,0.02172544080604534,0.002896725440806045,0.010429780394409383,0.028967254408060455,0.008836611890768061,52,0.0654911838790932,59868,11.72583102354574,19.17804785361854,129.23585122644187,11.663579194923223,15.843854966363091,11.723932432691765,11.758372178649612,211.12946887623383
329,329000,0.02736704030527069,0.0035058430717863106,0.013451975424473846,0.035058430717863104,0.011467525240480165,0.02631578947368421,0.0030075187969924814,0.009876624364249572,0.03007518796992481,0.005334765485141424,0.02717603434816549,0.0034153005464480873,0.012802355628012334,0.03415300546448088,0.010353239656518345,54,0.07377049180327869,59868,11.735641977317357,24.852886106249695,133.19896625144102,11.666853933695043,15.21214133737292,11.667919743663102,11.696620490289632,220.0310298400288
330,330000,0.019461459928534965,0.0030627871362940277,0.011857581063078037,0.027565084226646247,0.014881863924742942,0.01282051282051282,0.0019230769230769232,0.007570730726721568,0.019230769230769232,0.006181318681318681,0.018549097313958606,0.002906208718626156,0.011268634649628798,0.026420079260237782,0.013686544631062465,44,0.05812417437252312,59868,11.710842322126824,18.703557174468145,122.74096434178317,11.66289961179734,15.355238829978246,11.66665227034236,11.69402122586094,203.53417577635705
331,331000,0.017760416666666667,0.0028125,0.007479539220689456,0.0265625,0.0057700892857142855,0.01834862385321101,0.001834862385321101,0.011936055006091571,0.01834862385321101,0.010193679918450561,0.01784601691143747,0.0026702269692923898,0.008128084241529016,0.025367156208277702,0.006413842795685252,33,0.044058744993324434,59868,11.714786674554833,16.457891478541264,127.01652047011902,11.66377971983934,15.28039404399828,11.674080103649121,11.687332136148253,205.4947846268501
332,332000,0.0189792663476874,0.0028708133971291866,0.008918351168862554,0.028708133971291867,0.008047264626211996,0.013513513513513514,0.0018018018018018018,0.004745583215771208,0.018018018018018018,0.002413127413127413,0.018157181571815718,0.0027100271002710027,0.008290739728763449,0.02710027100271003,0.007199853744569191,61,0.08265582655826559,59868,11.711428169025595,20.495662948497028,122.75505002802556,11.65993896357076,15.681008665419105,11.666167355331435,11.701952534928783,205.67120866479826
333,333000,0.029894179894179893,0.004285714285714286,0.015105830381256569,0.03968253968253968,0.012230410682791636,0.010256410256410256,0.0015384615384615385,0.0033590920699725305,0.015384615384615385,0.001623931623931624,0.02653508771929825,0.003815789473684211,0.013096519880642195,0.035526315789473684,0.010416144527986632,57,0.075,59868,11.697394764212387,20.045503941926167,122.7747216336339,11.68929758792181,15.849075942500622,11.683363528303126,11.725752071395368,205.46510946989338
334,334000,0.02810917895663658,0.004468412942989215,0.01218656834577172,0.04160246533127889,0.010823733705089636,0.015942028985507246,0.0026086956521739132,0.007485292518226709,0.02608695652173913,0.005383022774327123,0.026277736225380204,0.004188481675392671,0.011478915570683139,0.03926701570680628,0.010004778525720934,51,0.06675392670157068,59868,11.736792974822997,19.394668520508752,154.26702183159168,11.667083577887594,15.953164413398667,11.67945170935103,11.755529013474098,236.45371204103483
335,335000,0.022899946495452114,0.003531300160513644,0.013342504347223623,0.03531300160513644,0.012142347575734415,0.02358490566037736,0.0028301886792452833,0.008053703634141568,0.02830188679245283,0.004114255765199162,0.022999542752629172,0.003429355281207134,0.012573488056981236,0.03429355281207133,0.010975025584079081,42,0.05761316872427984,59868,11.748304943104415,21.643129179682585,137.94056819071977,11.66562090271217,15.43311657875579,11.679234232050973,11.75347174453556,221.86344577156126
336,336000,0.016192733017377565,0.002211690363349131,0.009519360496746456,0.022116903633491312,0.009676145339652449,0.00819672131147541,0.000819672131147541,0.00819672131147541,0.00819672131147541,0.00819672131147541,0.014900662251655629,0.001986754966887417,0.009305636019126498,0.019867549668874173,0.009437086092715232,54,0.07152317880794702,59868,11.749546881281713,24.095332679552328,138.66496078882017,11.670088589599281,15.425439151561804,11.683665295289526,11.731308651841132,225.02034203794597
337,337000,0.016644946933408473,0.0027243589743589747,0.006565875037057758,0.027243589743589744,0.0043599918599918595,0.008130081300813009,0.0008130081300813008,0.008130081300813009,0.008130081300813009,0.008130081300813009,0.015242900785069461,0.0024096385542168677,0.006823435104583722,0.024096385542168676,0.0049807696394041775,52,0.06961178045515395,59868,11.784666171424373,25.161237070137066,138.51447438324726,11.667249423752413,15.569634135736976,11.676141664501705,11.741851229485345,226.11525407828515
338,338000,0.01967038809144072,0.002551834130781499,0.009257924543255419,0.023923444976076555,0.007035264930001771,0.008,0.0008,0.0034454124645871445,0.008,0.002,0.017730496453900707,0.0022606382978723402,0.008291748998264016,0.02127659574468085,0.006198286052009456,61,0.08111702127659574,59868,11.724709347460394,25.88485709432986,128.0431706184998,11.664789490231641,15.68435121572509,11.672627695386018,11.715971957190764,216.39047741882356
339,339000,0.022377814387699063,0.002965403624382208,0.011735192368061503,0.029654036243822075,0.009837608849140974,0.004098360655737705,0.000819672131147541,0.003170924649463456,0.00819672131147541,0.004098360655737705,0.019318701417466846,0.002606310013717421,0.010301940431615739,0.02606310013717421,0.00887713109935332,49,0.06721536351165981,59868,11.703094425524752,19.43230980856747,123.25313065500443,11.665022601275998,15.14840629102121,11.672997090997338,11.695549213222577,204.57051008561382
340,340000,0.02729978354978355,0.0038961038961038965,0.012064689178569909,0.03896103896103896,0.009348587920016492,0.025510204081632654,0.0030612244897959186,0.010025420713624068,0.030612244897959183,0.005697278911564626,0.027054154995331467,0.0037815126050420172,0.011784789585342048,0.037815126050420166,0.008847427860032902,43,0.06022408963585434,59868,11.7019798311635,17.899392095441225,122.16510898202526,11.659163804064733,15.05435042827019,11.675673525030072,11.697364915200236,201.85303358119526
341,341000,0.027886624869383488,0.004545454545454546,0.013625186162858844,0.04075235109717868,0.012193984176742797,0.018229166666666668,0.0023437500000000003,0.009471396252854064,0.0234375,0.010677083333333334,0.02627284595300261,0.004177545691906005,0.01293108027711392,0.037859007832898174,0.011940507273405447,60,0.0783289817232376,59868,11.694739520243246,19.954168255439942,122.0092463431327,11.662990708941056,15.938652890942762,11.665577485817092,11.694080620724968,204.6194558252418
342,342000,0.03160733549083063,0.0035598705501618125,0.019823188268970466,0.03559870550161812,0.018617403811578566,0.028455284552845527,0.0032520325203252032,0.010212982474831236,0.032520325203252036,0.00508130081300813,0.031084120557804767,0.0035087719298245615,0.018227971922574884,0.03508771929824561,0.01637052031788874,51,0.06882591093117409,59868,11.73632637378741,19.214073786341658,123.33853754191438,11.662848458118823,15.419651070339157,11.676377148869822,11.691615583023228,204.7394299623945
343,343000,0.014942851789394791,0.0030354131534569982,0.009434780994250517,0.02866779089376054,0.012122915495596777,0.004424778761061947,0.0008849557522123895,0.0027130406759533557,0.008849557522123894,0.0029498525073746312,0.013259364180044066,0.002691218130311615,0.008358921708177461,0.025495750708215296,0.010654705697198615,46,0.06515580736543909,59868,11.717249930848217,18.16896060646833,127.63663148572523,11.661986046143657,15.17653339876135,11.67014430476787,11.697430592927383,207.72893636564203
344,344000,0.028232869654817104,0.00401854714064915,0.014473310003208605,0.03400309119010819,0.011833615465763843,0.01485148514851485,0.0019801980198019802,0.006865607956606642,0.019801980198019802,0.005280528052805281,0.02642602495543672,0.0037433155080213907,0.013446066812424114,0.03208556149732621,0.01094877344877345,49,0.06550802139037433,59868,11.729405368601785,18.846490244361913,129.54229872445822,11.665268445273934,15.635437957489673,11.677086803010827,11.707377247829886,210.80336479102627
345,345000,0.0306395966029724,0.0046178343949044584,0.018040121056400227,0.044585987261146494,0.019275730462036192,0.01680672268907563,0.0016806722689075631,0.011396699051327917,0.01680672268907563,0.00980392156862745,0.028435966086568495,0.004149933065595716,0.01698179813992954,0.040160642570281124,0.017766834533902806,45,0.060240963855421686,59868,11.755988758160862,23.579459650729937,125.90147807770013,11.669074184872397,15.79000779583506,11.679329853700459,11.735495030654185,212.11083335165304
346,346000,0.02425690021231422,0.0035031847133757963,0.011409188964166457,0.03503184713375796,0.00890329592558892,0.004807692307692308,0.0009615384615384616,0.001859869265550681,0.009615384615384616,0.001201923076923077,0.0214936247723133,0.00314207650273224,0.010052455017915036,0.031420765027322405,0.007809111805013444,45,0.06147540983606557,59868,11.792601490215326,22.206487720277668,132.75732078758818,11.66218078200998,15.283247307998348,11.671534597190725,11.691550440465214,217.06492312574545
347,347000,0.02360420433996383,0.003955696202531646,0.013482209871772722,0.03955696202531646,0.013468831625477193,0.013636363636363636,0.0018181818181818182,0.005275265553198295,0.01818181818181818,0.0029545454545454545,0.02212649210627647,0.003638814016172507,0.01226554696740185,0.03638814016172507,0.011910109955932058,46,0.06199460916442048,59868,11.691894921991853,18.065220323368326,122.22678960040201,11.659786402065663,15.301450280669204,11.672735578810434,11.683666183301412,202.3015432906089
348,348000,0.014982664685487864,0.0019316493313521546,0.007926527540161259,0.019316493313521546,0.0061905941177857965,0.02830188679245283,0.0028301886792452833,0.01592342266885399,0.02830188679245283,0.012368972746331237,0.016795036371416345,0.0020539152759948653,0.009014680150740759,0.02053915275994865,0.007031297756586589,44,0.05648267008985879,59868,11.708687390643568,17.5416245852128,123.26401109055696,11.661397767204207,15.407662202857054,11.662406356235945,11.685961806895406,202.93175119960597
349,349000,0.01289989680082559,0.0013931888544891642,0.005570395345378078,0.01393188854489164,0.003454715219421102,0.008064516129032258,0.0008064516129032258,0.0028726386057098562,0.008064516129032258,0.0013440860215053762,0.01212121212121212,0.0012987012987012987,0.005135951402886053,0.012987012987012988,0.0031148216862502574,53,0.06883116883116883,59868,11.72911942441679,19.233948761437915,127.56525845704358,11.661079778291228,15.636934560109284,11.670835368779443,11.718835457655285,209.21601180773354
350,350000,0.02967379077615298,0.004409448818897638,0.01355821458962228,0.04094488188976378,0.010410573678290213,0.034666666666666665,0.004,0.024943928323201702,0.04,0.0256,0.03049498746867168,0.0043421052631578945,0.015430864874750476,0.04078947368421053,0.012908834586466167,54,0.07105263157894737,59868,11.69681070105344,19.398564777131643,123.9398682360976,11.664842914413388,15.326187564640437,11.693720288974419,11.694156368202702,205.4141508505136
351,351000,0.02039274924471299,0.002870090634441088,0.01060586365986215,0.0256797583081571,0.008538339807221981,0.021212121212121213,0.0027272727272727275,0.012869757785272207,0.02727272727272727,0.014772727272727272,0.020509499136442143,0.0028497409326424875,0.010928439247679647,0.025906735751295335,0.009426659264742166,50,0.06476683937823834,59868,11.738726939075628,19.290021138942958,121.97064403124402,11.663462118505219,15.36022742912313,11.667485924252151,11.696946562736454,203.38751414387957
352,352000,0.01560846560846561,0.002380952380952381,0.007789466806596328,0.022222222222222223,0.00706538170823885,0.022222222222222223,0.0029629629629629632,0.011204084725511048,0.02962962962962963,0.007971781305114637,0.016775599128540302,0.0024836601307189543,0.008392046439345985,0.023529411764705882,0.007225334578275755,57,0.07450980392156863,59868,11.691576693409477,19.92522035862421,123.25899675763586,11.659706015076932,15.907549492127915,11.673453859065152,11.701487636045504,205.81799081198503
353,353000,0.020080321285140562,0.002259036144578313,0.009523069738126635,0.022590361445783132,0.006900219927328362,0.008333333333333333,0.0008333333333333334,0.004166666666666667,0.008333333333333333,0.0027777777777777775,0.018282312925170068,0.0020408163265306124,0.008703212125148069,0.02040816326530612,0.006269233884029802,40,0.05102040816326531,59868,11.740413755345624,17.331464776795812,124.88760392462272,11.681272122449071,16.302570777976257,11.7624735730959,11.776599351406848,205.4823982816922
354,354000,0.024835838318984386,0.004173354735152488,0.013555736495782414,0.03691813804173355,0.01184998343906851,0.01815181518151815,0.0029702970297029708,0.009819192011559693,0.0297029702970297,0.007779349363507778,0.02390339862715553,0.004005524861878454,0.013034478218287257,0.03591160220994475,0.011282118740682277,41,0.05662983425414365,59868,11.930747663937979,18.035335478311374,142.34711680412292,11.789561338057531,16.071145991683466,11.741518632410465,11.861228126880397,223.77665403540414
355,355000,0.029855537720706257,0.004173354735152488,0.015270302029678617,0.038523274478330656,0.012891411246146399,0.004424778761061947,0.0008849557522123895,0.0019328091753819839,0.008849557522123894,0.0014749262536873156,0.025951086956521735,0.0036684782608695653,0.013222561958298837,0.033967391304347824,0.011138608523119393,44,0.059782608695652176,59868,12.347874036755524,21.877105640763506,142.98429361220278,11.663819307103363,15.596083078453503,11.668867002254114,11.696627645940705,227.8346703234735
356,356000,0.012433862433862434,0.0015873015873015873,0.0058236881026736695,0.015873015873015872,0.004011715797430083,0.01485148514851485,0.0019801980198019802,0.012515525966065257,0.019801980198019802,0.012376237623762377,0.012767897856817144,0.0016415868673050618,0.0067482785598591,0.016415868673050615,0.005167415803530715,54,0.07387140902872777,59868,11.711587805551815,19.815219708951837,123.80853595175823,11.660156892009944,15.119116206621651,11.66319072165578,11.712247037706792,205.49005432425605
357,357000,0.022498640565524742,0.003425774877650897,0.011878564446555342,0.03099510603588907,0.011582381729200652,0.008547008547008548,0.0008547008547008547,0.008547008547008548,0.008547008547008548,0.008547008547008548,0.02026255707762557,0.0030136986301369864,0.011344602747586882,0.0273972602739726,0.011095890410958903,48,0.06575342465753424,59868,11.696941843691855,18.469653904854,123.08203894174919,11.661088967301891,15.414654628717606,11.669489308099855,11.693269233628566,203.68713682804295
358,358000,0.022876857749469213,0.0035031847133757963,0.012493848223677044,0.03503184713375796,0.011767010413507228,0.013392857142857142,0.0017857142857142859,0.006414352114447895,0.017857142857142856,0.004464285714285714,0.02144144144144144,0.0032432432432432435,0.011573708272009929,0.032432432432432434,0.010661733161733161,47,0.06351351351351352,59868,11.725154610134346,18.315835370166788,123.89012773872388,11.662430977749105,15.662962487741904,11.67369988197553,11.708504106311413,204.63871517280293
359,359000,0.024554707379134857,0.0029007633587786264,0.015592057929830849,0.02900763358778626,0.015510723373318791,0.0,0.0,0.0,0.0,0.0,0.020806382061233288,0.0024579560155239327,0.013211899022042957,0.02457956015523933,0.013142980348672458,47,0.06080206985769728,59868,11.729174886884742,18.942876015226595,120.96124212863934,11.670572887576004,15.555423120053312,11.670377224951011,11.693871282331125,202.22353754566214
360,360000,0.02624167946748592,0.0033794162826420895,0.013541787991622228,0.03379416282642089,0.011912686221441983,0.01680672268907563,0.0016806722689075631,0.011054326695678393,0.01680672268907563,0.009453781512605041,0.024783549783549783,0.003116883116883117,0.013157362154976362,0.03116883116883117,0.011532673675530817,50,0.06493506493506493,59868,11.700279203122331,19.01327663662855,122.8474734739915,11.665759921813956,15.56323452150954,11.671278999980661,11.71251552938013,204.1738182864267
361,361000,0.02123045890065557,0.0028744326777609686,0.012943777742913911,0.028744326777609682,0.011520543668803881,0.009345794392523364,0.0009345794392523365,0.004672897196261682,0.009345794392523364,0.003115264797507788,0.019574652777777774,0.0026041666666666665,0.011791454541752728,0.026041666666666668,0.010349495701058201,36,0.046875,59868,11.759278176995402,16.69015598194934,124.39329350673323,11.666334045271064,15.757373971331257,11.679193846772517,11.755346901162756,203.70097643021555
362,362000,0.021828454031843858,0.0029275808936825892,0.010324614073808944,0.029275808936825885,0.00891053391053391,0.006720430107526881,0.0016129032258064516,0.0026908510386422038,0.016129032258064516,0.00195852534562212,0.019404915912031046,0.0027166882276843467,0.009100051827546751,0.027166882276843468,0.007795334606460091,44,0.056921086675291076,59868,11.733075586536913,21.346733274446585,128.38751367430513,11.661445460955932,15.79869563365921,11.670477854483497,11.686686104017685,212.28462758840496
363,363000,0.01963019250253293,0.0024316109422492403,0.009367331978253731,0.0243161094224924,0.006853379649732233,0.008849557522123894,0.0008849557522123895,0.002663982262513108,0.008849557522123894,0.000983284169124877,0.018050151318633807,0.002204928664072633,0.008384869568553744,0.02204928664072633,0.005993041401601712,43,0.055771725032425425,59868,11.694906708978326,19.220464035824,141.2712840470065,11.663305934606072,15.556683699693984,11.672304411694533,11.74932492216396,222.8282737599674
364,364000,0.021453868779638636,0.0032414910858995136,0.010269416243644677,0.03241491085899514,0.010031900388464408,0.013761467889908258,0.001834862385321101,0.004668727343146785,0.01834862385321101,0.0022935779816513763,0.020298949086827875,0.0030303030303030307,0.009428541463817858,0.030303030303030304,0.008870086142813417,46,0.06336088154269973,59868,11.737019747840026,22.23207676622929,139.91267736637724,11.665053124762515,15.44067183284481,11.690008988235467,11.74549560774285,224.42300343403218
365,365000,0.02634548611111111,0.0034375000000000005,0.012647255763406851,0.034375,0.010192212301587303,0.0,0.0,0.0,0.0,0.0,0.02224420990911756,0.002902374670184697,0.01067842175274457,0.029023746701846966,0.008605561837751812,41,0.05408970976253298,59868,11.726160840164201,21.125261379151272,138.11359431258052,11.663543209416982,15.630775849442834,11.68284261467145,11.735618602556897,221.67779680798418
366,366000,0.014607864918906909,0.0024883359253499225,0.008515506116152798,0.024883359253499222,0.010198968130538893,0.013333333333333332,0.0030000000000000005,0.0065641277256024266,0.03,0.006444444444444444,0.014436326347497273,0.0025572005383580083,0.008252871070318293,0.02557200538358008,0.009693648657309492,41,0.05518169582772544,59868,11.703479222677228,17.83594801976762,124.77140490060879,15.051336960197892,15.412510763507248,11.668895342570318,11.688595665609869,208.13217087493896
367,367000,0.022699724517906337,0.003305785123966942,0.013597651627981263,0.03305785123966942,0.012327823691460054,0.021739130434782608,0.0026086956521739132,0.008570484282117822,0.02608695652173913,0.004830917874396136,0.022546296296296297,0.003194444444444444,0.012794701288016963,0.03194444444444444,0.011130401234567901,58,0.08055555555555556,59868,11.754573625968877,20.290098746933438,122.56329741652804,11.667837312656637,15.252011274696775,11.665670909807858,11.70240336723083,204.89589265382244
368,368000,0.020594010800196367,0.003240058910162003,0.012456994098890891,0.030927835051546393,0.01291289711760993,0.013888888888888888,0.002272727272727273,0.01136715385268448,0.022727272727272728,0.012445887445887446,0.019502671598849157,0.0030826140567200987,0.012279609496549035,0.029593094944512947,0.012836885679055839,47,0.05795314426633785,59868,11.714387503969359,18.947224134105433,124.36478609019474,11.671068581423082,16.052936163801768,11.675976463745851,11.71306906561087,206.1394480028511
369,369000,0.021913850038850036,0.003044871794871795,0.010338442925352158,0.030448717948717948,0.0086513024013024,0.03017241379310345,0.003448275862068966,0.015129592372949323,0.034482758620689655,0.010416666666666666,0.023208435708435705,0.0031081081081081085,0.011089487973894419,0.031081081081081083,0.008928035178035178,53,0.07162162162162163,59868,11.705287918883922,19.421310376799283,123.11364736980468,11.65763452819213,15.807360470868058,11.68354000402605,11.698042428648359,205.08682309722246
370,370000,0.02129071645200677,0.003225806451612904,0.009786491091081283,0.03225806451612903,0.009107478116694706,0.012195121951219513,0.0016260162601626016,0.0043404253138527886,0.016260162601626018,0.0023712737127371273,0.019845292519711122,0.0029715762273901814,0.008921031025707763,0.029715762273901807,0.008036996021492146,50,0.06459948320413436,59868,11.715413601315339,18.74791601742809,120.82808249540278,11.673910480847205,16.004875694961008,11.698973859997075,11.720105162496552,202.3892773124481
371,371000,0.013370912507197626,0.00231839258114374,0.008687198141965573,0.021638330757341576,0.008588479183533278,0.014322916666666666,0.0023437500000000003,0.007609028182152502,0.0234375,0.006975446428571428,0.013528146742567995,0.0023225806451612906,0.008509126200215801,0.02193548387096774,0.008322068612391193,47,0.06064516129032258,59868,11.765440168218234,21.77102146755372,137.86181296326916,11.664763869670413,15.587155463875346,11.675399231178552,11.700237537271008,222.02583070103645
372,372000,0.015824400204185806,0.001990811638591118,0.007081300885870193,0.019908116385911178,0.005357446705073044,0.01834862385321101,0.001834862385321101,0.01157669272608179,0.01834862385321101,0.009174311926605505,0.016185476815398073,0.001968503937007874,0.007724342500808597,0.01968503937007874,0.005903428738074408,44,0.05774278215223097,59868,11.712914343847691,18.891454787298144,123.55642160191694,11.664626172372405,15.34918369336391,11.668763767888613,11.699126164887996,204.54249053157568
373,373000,0.023837185601891485,0.0034976152623211448,0.013700104845496691,0.033386327503974564,0.013628334216569511,0.011204481792717087,0.002521008403361345,0.008184502792954034,0.01680672268907563,0.009603841536614645,0.02182743726861374,0.0033422459893048127,0.012822622700773995,0.03074866310160428,0.012988074017485782,51,0.06818181818181818,59868,11.712334992489136,19.336268599165486,122.60316550144479,11.66073360221731,15.32424773285912,11.667646179616685,11.690856789259296,203.99525339705184
374,374000,0.021528785679729073,0.0026124818577648768,0.012437510766066145,0.026124818577648767,0.01072350081784044,0.034482758620689655,0.003448275862068966,0.012468120768016304,0.034482758620689655,0.006130268199233716,0.023395445134575567,0.0027329192546583854,0.012441921648334738,0.02732919254658385,0.010061618850438726,48,0.05962732919254658,59868,11.699059830644343,18.72529309528137,124.70326331907866,11.678669928308349,16.366698247546886,11.784127398106747,11.790142357928634,206.74725417689496
375,375000,0.0299049049049049,0.0037537537537537537,0.016292559166411848,0.03753753753753754,0.01383645550312217,0.0,0.0,0.0,0.0,0.0,0.02573212747631352,0.003229974160206718,0.014019178817610195,0.03229974160206718,0.011905787293384193,40,0.05167958656330749,59868,11.72223495163327,17.858155278660526,123.29170422341329,11.678342133142339,15.885534012827218,11.69274202046655,11.715317441401973,203.84403006154514
376,376000,0.0190439672801636,0.002914110429447853,0.009513351869263192,0.027607361963190184,0.008433148310448923,0.0,0.0,0.0,0.0,0.0,0.0165335108743897,0.0025299600532623172,0.008259261542955528,0.023968042609853527,0.007321454991228627,44,0.05858854860186418,59868,11.752194146050222,18.18392236677124,123.35701112348163,11.666808571494936,15.838241506624385,11.660454884904192,11.686467164109814,204.14509976343643
377,377000,0.024325626204238924,0.0030346820809248557,0.01345554527628614,0.028901734104046242,0.010654647215340858,0.0024691358024691358,0.0007407407407407408,0.0011587129037598926,0.007407407407407408,0.001058201058201058,0.020757758968158,0.002660217654171705,0.011448202627808457,0.02539298669891173,0.009088117310608242,66,0.07980652962515115,59868,11.697271715002678,21.277913611492117,124.39871943467628,11.664748537185133,15.736768420940294,11.67345753826099,11.719564979140173,208.16844423669767
378,378000,0.025091288471570158,0.003286384976525822,0.012369289893386115,0.03286384976525822,0.009895794520207666,0.01293103448275862,0.001724137931034483,0.004661921412824055,0.017241379310344827,0.0023946360153256708,0.023222958057395143,0.0030463576158940393,0.01118511142484943,0.030463576158940398,0.008743298643960895,47,0.06225165562913907,59868,11.764203058026169,18.823534349982076,124.54466324662849,11.667635437570546,15.2959644857259,11.662147496940833,11.702787981848761,205.46093605672277
379,379000,0.0223992673992674,0.003076923076923077,0.011976353693177332,0.03076923076923077,0.010858363858363857,0.009708737864077669,0.0009708737864077671,0.0048543689320388345,0.009708737864077669,0.0032362459546925564,0.02066337823309935,0.0027888446215139444,0.011002164542583355,0.027888446215139442,0.009815763401420772,50,0.06640106241699867,59868,11.715691198732614,18.966162035671807,124.02222253785067,11.66637051142061,15.384108659893814,11.674521288321248,11.749137311958812,205.17821354384958
380,380000,0.02684742158426369,0.0038277511961722493,0.013039378508926513,0.03668261562998405,0.010187083871294397,0.011278195488721804,0.0015037593984962407,0.005092024712662013,0.015037593984962405,0.003258145363408521,0.024122807017543862,0.003421052631578948,0.011648591594580223,0.03289473684210526,0.00897451963241437,63,0.08289473684210526,59868,11.723458405651922,21.313046346949083,128.28952434930375,11.690206835682226,15.752892122425365,11.687816239891458,11.692921147749002,212.1498654476528
381,381000,0.01328125,0.0017187500000000002,0.006325066620651525,0.015625,0.004572172619047619,0.015151515151515152,0.0015151515151515152,0.005543231467707381,0.015151515151515152,0.002735690235690236,0.013601036269430052,0.001683937823834197,0.006191384962376101,0.015544041450777202,0.004258162677851797,54,0.06994818652849741,59868,11.733170735439558,20.3633052101998,128.64509995946793,11.668537388362378,15.992382891794055,11.670180119771612,11.718581976669086,211.79125828170442
382,382000,0.021561051004636785,0.0029366306027820708,0.011208703608774984,0.02936630602782071,0.009942714849979148,0.03833333333333333,0.005,0.012194371990609016,0.05,0.005472222222222222,0.02380633645693887,0.0032128514056224897,0.011340653860693864,0.0321285140562249,0.00934425532819107,43,0.05756358768406961,59868,11.710427966271642,18.742985213496265,125.5977056252855,11.66521801077014,15.586786893437289,11.669927169083438,11.7180643387782,206.69111521712247
383,383000,0.0167427701674277,0.0019786910197869103,0.007271358925132372,0.0197869101978691,0.005362880819501824,0.01834862385321101,0.001834862385321101,0.008846450338576062,0.01834862385321101,0.005897771952817824,0.016971279373368148,0.0019582245430809398,0.007495490732006214,0.0195822454308094,0.005438994570848356,42,0.05483028720626632,59868,11.771661920692566,17.754611332229665,122.65388109167219,11.658355470484105,15.7468080874551,11.663311973789114,11.697136061278313,202.94576593760107
384,384000,0.026425954997383566,0.0031397174254317113,0.013127957463090678,0.03139717425431711,0.010087588148812639,0.017985611510791366,0.0021582733812949644,0.0080595346020188,0.02158273381294964,0.00539568345323741,0.024914089347079036,0.0029639175257731958,0.012220082749573936,0.029639175257731958,0.009247156766486664,60,0.07731958762886598,59868,11.699590762276335,20.73874066083059,123.22301881852182,11.663771209563523,15.472999256860298,11.673354088151399,11.697027714779873,206.16850251098384
385,385000,0.03183663115169964,0.0039573820395738205,0.019057273355680297,0.0395738203957382,0.016947524824237153,0.0071839080459770105,0.001724137931034483,0.00702805637298281,0.017241379310344827,0.010775862068965518,0.02813712807244502,0.003622250970245796,0.017252112721795557,0.03622250970245795,0.016021376208957064,43,0.055627425614489,59868,11.733091722379573,18.149018187987863,123.49769649237786,11.662329440290108,15.435661225859931,11.668103754164383,11.731578791210339,203.87747961427004
386,386000,0.02235263432446531,0.0029733959311424103,0.011390261573009689,0.0297339593114241,0.009791464838413198,0.019283746556473826,0.0024793388429752068,0.00953251681188799,0.024793388429752067,0.006611570247933885,0.021864035087719298,0.0028947368421052633,0.011094489051831103,0.02894736842105263,0.009285192147034252,53,0.06973684210526315,59868,11.761589394768123,18.891585855149163,121.8234958038078,11.661494917547532,15.839176790419241,11.67749490499359,11.691814568740021,203.34665223542547
387,387000,0.016207063376874695,0.0021770682148040637,0.009860450458839366,0.02177068214804064,0.00968161817218421,0.0,0.0,0.0,0.0,0.0,0.013854425144747724,0.0018610421836228288,0.00842909474707236,0.018610421836228287,0.008276221985899406,42,0.052109181141439205,59868,11.724134833968058,17.93548605069639,122.95159034216019,11.662915431601139,16.371820377156233,11.675604734417977,11.70743495193527,204.02898672193527
388,388000,0.019704558652729385,0.0027439024390243905,0.010492045851665795,0.027439024390243903,0.008917078010065815,0.027522935779816515,0.002752293577981652,0.017029423734935982,0.027522935779816515,0.013761467889908258,0.020818549642079052,0.0027450980392156863,0.011423515380131742,0.027450980392156862,0.00960732441124598,49,0.06405228758169934,59868,11.697167360838478,18.321291028189357,122.63544460273945,11.662602139861367,15.63909173606104,11.672074080815165,11.709895237285718,203.3375661857906
389,389000,0.017616191904047975,0.0022488755622188904,0.00985673566707008,0.022488755622188907,0.008470764617691156,0.014435695538057743,0.0023622047244094492,0.0056580472565792295,0.023622047244094488,0.0036839145106861643,0.017107472712006716,0.0022670025188916876,0.009185157042218268,0.022670025188916875,0.007705109751709248,49,0.061712846347607056,59868,11.691043881628671,19.418562221609758,124.42244897227506,11.66884632290699,16.01909972145932,11.667536426090974,11.712240638325767,206.59977818429655
390,390000,0.013283208020050124,0.001804511278195489,0.005821099801651169,0.01804511278195489,0.004203962286669054,0.0022522522522522522,0.0006756756756756757,0.001226633733360491,0.006756756756756757,0.0013513513513513514,0.011275112751127511,0.0015990159901599016,0.004984714834729865,0.015990159901599015,0.003684667799058943,69,0.08487084870848709,59868,11.725534945508652,22.001644662802967,123.9268039196495,11.676773963326115,15.712776505999448,11.671029510856856,11.720219228475436,208.43478273661898
391,391000,0.015174897119341562,0.0018518518518518521,0.007446451444467811,0.018518518518518517,0.006204683519498334,0.015277777777777777,0.0025000000000000005,0.011837623194322598,0.025,0.011805555555555557,0.015190972222222224,0.001953125,0.008132572030382623,0.01953125,0.007079819775132275,44,0.057291666666666664,59868,11.774273250705903,18.14195145806441,123.48326203483195,11.664760779878103,15.446538290345146,11.674398561034582,11.694082848845433,203.87926722370554
392,392000,0.012657250906845718,0.0019448946515397086,0.006113257504670678,0.019448946515397084,0.0058604100743484865,0.007692307692307693,0.0007692307692307692,0.00242665289835176,0.007692307692307693,0.0009615384615384616,0.011793204564288902,0.0017402945113788489,0.005471679728470599,0.01740294511378849,0.005007862136376192,53,0.07095046854082998,59868,11.7270596690644,19.085152200046252,123.14855014847193,11.677068230436793,15.691937110567933,11.666655754194455,11.72542288033207,204.72184599311382
393,393000,0.020885579937304073,0.003448275862068966,0.010646291416206021,0.034482758620689655,0.012077051301189232,0.020833333333333332,0.0025000000000000005,0.014477084620467685,0.025,0.013194444444444444,0.02087730870712401,0.0032981530343007917,0.011252749443265913,0.032981530343007916,0.012253947313314067,44,0.05804749340369393,59868,11.697560765230875,18.34589181520796,123.78823710440523,11.656089659153878,15.960312057472503,11.672899673673133,11.68944567545016,204.81043675059374
394,394000,0.01651875901875902,0.0027272727272727275,0.007017826456951375,0.024242424242424242,0.005236892736892737,0.0,0.0,0.0,0.0,0.0,0.013977411477411479,0.002307692307692308,0.005938160848189625,0.020512820512820513,0.004431216931216932,55,0.07051282051282051,59868,11.716785215248882,19.810177216458836,121.97185558805724,11.666679355412658,15.485737661774523,11.671612199629088,11.70265143202176,204.02549866860298
395,395000,0.02818666666666667,0.0036799999999999997,0.015721611778026955,0.0352,0.013396825396825398,0.01020408163265306,0.001360544217687075,0.004679474849649815,0.013605442176870748,0.004157218442932729,0.02476252158894646,0.003238341968911917,0.013619028710058767,0.031088082901554404,0.011637470186692983,51,0.06606217616580311,59868,11.692240462726765,18.99094888119235,123.83281367525645,11.665153931500472,15.478827089770997,11.666664248247137,11.722102948544254,205.04875123723843
396,396000,0.015279917822290705,0.002003081664098613,0.0065892807420899,0.020030816640986132,0.00539291217257319,0.024793388429752067,0.0024793388429752068,0.010653428316676759,0.024793388429752067,0.006336088154269972,0.016774891774891776,0.002077922077922078,0.007227932503810692,0.02077922077922078,0.005541125541125541,48,0.06233766233766234,59868,11.727941891859217,18.931126231996885,124.36282984781832,11.673824069136085,15.94676772605219,11.686419935610925,11.72898620915852,206.05789591163216
397,397000,0.01988348530901722,0.0024316109422492403,0.01020402532807487,0.0243161094224924,0.00837675495730207,0.017605633802816902,0.0028169014084507044,0.008544466560259034,0.028169014084507043,0.006189917281466577,0.019479166666666665,0.0025,0.009909453646787558,0.025,0.00798859126984127,61,0.07625,59868,11.752287284061413,20.83467433673658,124.18124861351964,11.662758815478291,15.644799456815406,11.692026315332505,11.699844055371166,207.46763887731498
398,398000,0.024787606196901547,0.0031484257871064476,0.01331569890633034,0.031484257871064465,0.010973084886128364,0.015804597701149423,0.0025862068965517245,0.009658948863401668,0.02586206896551724,0.009698275862068966,0.02345679012345679,0.0030651340996168588,0.012773958159229796,0.03065134099616858,0.010784224289971417,42,0.05363984674329502,59868,11.746991844099885,17.623913836237183,126.46788602839464,11.662114928701062,16.015909442376742,11.66766881040282,11.694956074795314,206.8794409650077
399,399000,0.027735562310030396,0.003951367781155016,0.013934340678783231,0.037993920972644375,0.01151698267959666,0.0078125,0.00078125,0.0027828686492814233,0.0078125,0.0013020833333333333,0.024491094147582698,0.0034351145038167942,0.012118324877541204,0.03307888040712468,0.009853487620663192,46,0.058524173027989825,59868,11.700404034933886,18.579146965111427,135.21386841772176,11.682361620510285,15.711187506928237,11.685430461746972,11.784470626954867,216.3568696339074
400,400000,0.026414058209774847,0.003624382207578254,0.013239925161141168,0.032948929159802305,0.009479354619387568,0.0,0.0,0.0,0.0,0.0,0.021492403932082214,0.002949061662198392,0.010772968596263659,0.02680965147453083,0.007713094174220179,56,0.07506702412868632,59868,11.790830124105977,24.681913767171658,137.79064273931886,11.670468303359716,15.452675554625262,11.679122346078262,11.730197361448091,224.7958501961078
401,401000,0.018268268268268266,0.0022522522522522522,0.007941894977461101,0.02252252252252252,0.005271342771342771,0.017543859649122806,0.0026315789473684214,0.008483614193739948,0.02631578947368421,0.007236842105263158,0.01816239316239316,0.002307692307692308,0.0080210693244557,0.023076923076923078,0.005558608058608058,54,0.06923076923076923,59868,11.72517083468383,23.761422771079175,136.97199457315955,11.668068677819775,16.06760363498383,11.6750593266296,11.754152821785713,223.62347264014147
402,402000,0.019054878048780487,0.0025914634146341465,0.009038234464420274,0.021341463414634148,0.0068385840108401074,0.017543859649122806,0.0017543859649122807,0.006160681438774302,0.017543859649122806,0.0028508771929824563,0.01883116883116883,0.002467532467532468,0.00861220713335061,0.02077922077922078,0.0062481962481962475,50,0.06493506493506493,59868,11.727507530132076,22.72040220331617,137.03573395457136,11.675242568967569,15.587114795753699,11.693976505272596,11.76192229437878,222.20189985239224
403,403000,0.022916666666666665,0.00265625,0.011356839869365561,0.0265625,0.008723338293650794,0.006578947368421052,0.0006578947368421052,0.002075426820958742,0.006578947368421052,0.0008223684210526315,0.01978114478114478,0.002272727272727273,0.009575558577247081,0.022727272727272728,0.007206990540323874,58,0.07323232323232323,59868,11.73982011713759,24.29205677194346,127.12389161466386,11.666042517177733,16.004933916166642,11.661542150195881,11.690370479128243,214.17865756641342
404,404000,0.029134565998972777,0.004160246533127889,0.015179964126650578,0.040061633281972264,0.013674272996306896,0.003787878787878788,0.0007575757575757576,0.0015483514968824706,0.007575757575757576,0.0010822510822510823,0.02485061886470337,0.0035851472471190786,0.012876029597675687,0.034571062740076826,0.011546043940410138,48,0.06145966709346991,59868,11.698448319261146,18.21004380458957,124.35874519198254,11.678145138915852,15.919425367175165,11.6712235553873,11.715259140537837,205.2512905178494
405,405000,0.022494887525562373,0.003067484662576687,0.011666479502668827,0.029141104294478526,0.009061860940695296,0.02066115702479339,0.0024793388429752068,0.01270839447042826,0.024793388429752067,0.01062573789846517,0.02220784821043553,0.0029754204398447603,0.011829573566186151,0.028460543337645538,0.00930665927431775,45,0.05821474773609314,59868,11.760858254702967,18.315429505991187,129.56264071607714,11.67098283506862,15.696024523767505,11.682314089489498,11.760916199032856,210.4491661241298
406,406000,0.010374414976599064,0.00171606864274571,0.005080808669125571,0.015600624024960999,0.004175024143822897,0.0078125,0.00078125,0.0078125,0.0078125,0.0078125,0.009947984395318596,0.0015604681404421325,0.0055354985135364,0.014304291287386216,0.004780481763576693,45,0.05851755526657997,59868,11.735898238718345,18.578308681363453,128.21698359830046,11.675167798194664,15.62956706077645,11.692026318274596,11.752958510066748,209.28091020569474
407,407000,0.02665670154459392,0.0031390134529147985,0.011826691706984813,0.03139013452914798,0.007888461812228627,0.004032258064516129,0.0008064516129032258,0.0014293490869681268,0.008064516129032258,0.0008064516129032258,0.02311895754518705,0.002774274905422447,0.010200877728571109,0.027742749054224466,0.006781060469585059,47,0.05926860025220681,59868,11.725652563659983,18.713780545381866,123.32114476906742,11.661168745139005,15.573141429803261,11.672964266296049,11.70480252044026,204.37265483978786
408,408000,0.009989484752891693,0.0014195583596214513,0.004301222353490578,0.014195583596214511,0.0033799008562415502,0.0273224043715847,0.003278688524590164,0.011527142843484665,0.03278688524590164,0.007855191256830601,0.012786596119929453,0.0017195767195767198,0.005467310051611318,0.017195767195767195,0.004102103804484757,56,0.07407407407407407,59868,11.712388863022172,20.755097633787244,123.4897870240198,11.664664639060573,15.30101759279756,11.663746806195308,11.697885513653471,206.28458807253614
409,409000,0.017569786535303774,0.0025078369905956114,0.009913692844679597,0.025078369905956112,0.009360849878091257,0.0078125,0.00078125,0.0033646606099483833,0.0078125,0.001953125,0.015939326122093745,0.0022193211488250653,0.008819337588745398,0.022193211488250653,0.008123005512039455,49,0.0639686684073107,59868,11.705430945085915,18.91972047789181,122.6502976068855,11.660529273468946,15.52483675570926,11.669084158699716,11.700205228448723,203.83010444618986
410,410000,0.01633986928104575,0.002564102564102564,0.009846850998559895,0.02564102564102564,0.009627953745600805,0.0,0.0,0.0,0.0,0.0,0.013357994245787092,0.0020961775585696674,0.008049891753446625,0.02096177558569667,0.007870941224825317,49,0.06041923551171394,59868,11.705044246274054,18.449663929678838,124.97439544253974,11.679590375748838,16.22888263234923,11.691899136079265,11.788578313437492,206.51805407610746
411,411000,0.020394687193419365,0.002694136291600634,0.010895975847378043,0.025356576862123614,0.008778582748471814,0.004866180048661801,0.0014598540145985403,0.0021611818318676293,0.014598540145985401,0.0018248175182481751,0.017624627976190476,0.0024739583333333332,0.009337815977423712,0.0234375,0.007538132440476191,55,0.07161458333333333,59868,11.828588194887079,25.08174218904258,123.63858845591824,11.65972278134586,15.461808503022812,11.668196189626446,11.708094703077876,211.0467410169209
412,412000,0.025309048350523004,0.0038402457757296467,0.013022245065570356,0.03379416282642089,0.010847779972203936,0.01293103448275862,0.001724137931034483,0.004768387490435162,0.017241379310344827,0.003017241379310345,0.02343701496243869,0.0035202086049543678,0.01177394326802709,0.03129074315514994,0.009663500341466442,42,0.054758800521512385,59868,11.72004932538384,18.739278883614375,124.25723374717701,11.658379338169711,15.808873472480943,11.675767890531596,11.689383160984335,205.5489658183418
413,413000,0.022681704260651626,0.0027067669172932333,0.010922342030472031,0.02706766917293233,0.008395393245017304,0.023255813953488372,0.0023255813953488376,0.013196261116436205,0.023255813953488372,0.010271317829457364,0.022774979009235936,0.0026448362720403024,0.01129178228499266,0.02644836272040302,0.008700171924353284,48,0.060453400503778336,59868,11.704549258334529,18.669203078261475,124.48522259145278,11.664756784074415,15.566991433360599,11.664525050789077,11.705055657174057,205.46030385344696
414,414000,0.036048064085447265,0.004672897196261682,0.01858329585469217,0.04361370716510903,0.01467203184492904,0.011111111111111112,0.0014814814814814816,0.004622596444472873,0.014814814814814815,0.0029629629629629632,0.031715388858246,0.004118404118404119,0.016157691710059475,0.03861003861003861,0.012637637637637636,60,0.07722007722007722,59868,11.716478132223207,20.76471817796799,133.2675113724785,11.665250637449276,15.553860923195328,11.682387387065841,11.765912721520277,216.4161193519004
415,415000,0.01983493077742279,0.0028753993610223646,0.008104504751640651,0.02875399361022364,0.006073457071859628,0.0,0.0,0.0,0.0,0.0,0.016445916114790283,0.0023841059602649007,0.006719761555664965,0.02384105960264901,0.00503574056554189,40,0.052980132450331126,59868,11.747933176334268,20.800220321415264,136.62132114243553,11.668335187883795,15.75081569839265,11.683888714669743,11.734435785018537,220.00695002614978
416,416000,0.013604336043360435,0.0021138211382113825,0.00803898746631457,0.01788617886178862,0.006722802942315137,0.012195121951219513,0.0016260162601626016,0.010114446718186308,0.016260162601626018,0.012195121951219513,0.013369467028003615,0.0020325203252032522,0.008384897341626526,0.017615176151761516,0.007634856110465866,45,0.06097560975609756,59868,11.771256222328773,21.676638776141345,127.46009505416878,11.67146396999219,15.298424276069532,11.664746005501936,11.704082500160752,211.24670680436333
417,417000,0.022014821860262355,0.0030911901081916537,0.012927510189172493,0.030911901081916538,0.012729079266946346,0.021794871794871794,0.003076923076923077,0.018412491959822166,0.03076923076923077,0.01802197802197802,0.021978021978021973,0.003088803088803089,0.013845203406913108,0.03088803088803089,0.013614635043206473,49,0.06306306306306306,59868,11.778160341410771,18.814322412227803,126.95797393513786,11.682072471638772,15.766564318536735,11.728970463795175,11.820871025455816,208.5489349682029
418,418000,0.020036288232244685,0.002799377916018663,0.008549288489922037,0.024883359253499222,0.006277000172801106,0.0,0.0,0.0,0.0,0.0,0.01668825561312608,0.0023316062176165805,0.007120715672305531,0.02072538860103627,0.005228123200921129,48,0.06217616580310881,59868,11.755515820804918,20.39866670547341,129.46469134024474,11.666546095745467,15.492770426173141,11.674039579856466,11.70823133418708,212.16046130248523
419,419000,0.018346774193548385,0.0025806451612903226,0.010523851834148064,0.025806451612903226,0.009139144905273937,0.025839793281653745,0.003875968992248062,0.018156620667249802,0.03875968992248062,0.019121447028423774,0.019637294170004448,0.0028037383177570096,0.011838440858807774,0.028037383177570093,0.010858393201517366,57,0.07610146862483311,59868,11.746413475427486,19.93990070432716,137.02076907122495,11.666316528019527,15.879230368998076,11.679922570076439,11.778321178074203,219.71087389614783
420,420000,0.03466872110939907,0.004006163328197226,0.014957459075755963,0.03852080123266564,0.010231247095653876,0.00819672131147541,0.000819672131147541,0.005171555357143094,0.00819672131147541,0.004098360655737705,0.0304798962386511,0.003501945525291829,0.013408976256468324,0.03372243839169909,0.009260803326951186,40,0.05188067444876784,59868,11.73641404385306,20.74528374998441,141.38371882674306,11.685469815697624,15.608222104279701,11.673721844171482,11.729309107019748,224.5621394917491
421,421000,0.016289023162134944,0.0021148036253776435,0.007515230217046113,0.021148036253776436,0.006194552342588596,0.0,0.0,0.0,0.0,0.0,0.013684433164128594,0.0017766497461928932,0.006313556349853461,0.017766497461928935,0.00520405285633712,35,0.044416243654822336,59868,11.809274514329449,19.919216399932882,133.35448577179997,11.66863041678068,15.611705063436897,11.676944421307178,11.735515354729941,215.77577194231696
422,422000,0.017594037094817126,0.0024960998439937598,0.010161028310197277,0.0249609984399376,0.009810440036649085,0.011799410029498525,0.001769911504424779,0.004634550348046602,0.017699115044247787,0.0038348082595870206,0.01672561155319776,0.002387267904509284,0.009332789570511566,0.023872679045092837,0.00891488779419814,41,0.054376657824933686,59868,11.770620162221412,20.326848528484653,141.51587985244961,11.670560287363463,15.842846775138142,11.683782909097108,11.784790023339209,224.59532853809358
423,423000,0.013620071684587814,0.002457757296466974,0.008072795885662353,0.02304147465437788,0.008271157925535805,0.01680672268907563,0.0016806722689075631,0.011654225270878501,0.01680672268907563,0.010084033613445377,0.014112554112554113,0.002337662337662338,0.008626289517923031,0.02207792207792208,0.008551329622758194,33,0.04285714285714286,59868,11.754844631062245,19.84343049690751,135.2573638766924,11.665654448989038,16.283204884379177,11.684377553264348,11.80247687111724,218.29135276241198
424,424000,0.017425431711145998,0.00282574568288854,0.009787432677926415,0.02197802197802198,0.009780468964142433,0.0,0.0,0.0,0.0,0.0,0.01423076923076923,0.002307692307692308,0.007993070020306574,0.017948717948717947,0.007987382987382989,47,0.06025641025641026,59868,11.785161034949532,22.57763727819828,140.35910283319296,11.67363350573769,16.230776161932358,11.680338686773094,11.780788378809582,226.0874378795935
425,425000,0.025585023400936036,0.0035881435257410295,0.013523550728671018,0.0343213728549142,0.011885570660921673,0.008771929824561403,0.0008771929824561404,0.0029239766081871343,0.008771929824561403,0.0012531328320802004,0.023046357615894037,0.0031788079470198675,0.011923085232333056,0.030463576158940398,0.010280142962262167,48,0.06357615894039735,59868,11.714897352230192,22.970857109103072,137.9856365421872,11.67293782820822,16.03592570742496,11.678201466414073,11.792855381359546,223.85131138692722
426,426000,0.011624869383490073,0.0021943573667711595,0.007039257169798438,0.0219435736677116,0.00794770363735881,0.016,0.0016,0.005516324163530844,0.016,0.0024761904761904764,0.012341633901266929,0.0020969855832241153,0.006789759626176617,0.020969855832241154,0.0070513220578751375,41,0.053735255570117955,59868,11.783565665376972,21.46673233383023,137.4470163118119,11.67413497205061,16.059796005052362,11.667657217426243,11.772460170422772,221.87136267597108
427,427000,0.019150641025641024,0.003044871794871795,0.009977738546785919,0.030448717948717948,0.009034137159137158,0.0,0.0,0.0,0.0,0.0,0.015723684210526313,0.0025,0.00819224849104528,0.025,0.00741750208855472,51,0.06710526315789474,59868,11.758906320200047,23.16212780484328,134.64220965683782,11.662546851032296,15.960312770596508,11.68017523572873,11.79048842078756,220.65676706002625
428,428000,0.021453373015873016,0.002529761904761905,0.012030461162547666,0.025297619047619048,0.009974371693121693,0.0,0.0,0.0,0.0,0.0,0.017732677326773267,0.0020910209102091024,0.009943997418489585,0.020910209102091022,0.008244499111657783,54,0.06642066420664207,59868,11.751067868159826,23.263848708071635,141.55765205554894,11.67918300777615,15.870882750998462,11.694786560254023,11.743113497289514,227.5605344480985
429,429000,0.01776281035393555,0.003011093502377179,0.010340670618354987,0.030110935023771792,0.011308580484491737,0.015151515151515152,0.0015151515151515152,0.0048884243441356815,0.015151515151515152,0.00202020202020202,0.017311052861511574,0.0027522935779816515,0.009397424867113901,0.027522935779816515,0.009701678836672284,52,0.06815203145478375,59868,11.77338420488283,23.399096842985358,137.9788989699371,11.661887847597141,15.448184901151185,11.694974999851283,11.770609506481232,223.72703727288612
430,430000,0.017302798982188294,0.0025954198473282447,0.009611025426725964,0.024427480916030534,0.009191809039137284,0.008064516129032258,0.0008064516129032258,0.003473198048978976,0.008064516129032258,0.0020161290322580645,0.01583226358579375,0.0023106546854942235,0.008634015677251475,0.021822849807445442,0.00804959553354932,41,0.05263157894736842,59868,11.760662973883672,18.51254332407848,142.6517920467968,11.688481159621844,15.76175581829986,11.689341469181546,11.720335429413197,223.78491222127542
431,431000,0.0132,0.00224,0.008387173701895043,0.0224,0.008213333333333333,0.006038647342995168,0.0014492753623188406,0.00784366607817547,0.014492753623188406,0.014492753623188406,0.011904761904761902,0.0020969855832241153,0.008288872191969353,0.020969855832241154,0.009349060725207513,46,0.06028833551769332,59868,11.784733888117739,21.687048044991,130.38820384089766,11.661128230117113,15.797860458841019,11.67321730187465,11.708098114696085,214.70028987953526
432,432000,0.016897081413210446,0.0018433179723502306,0.008388026816742472,0.018433179723502304,0.006178528759173921,0.013333333333333334,0.0013333333333333335,0.004381581218480022,0.013333333333333334,0.001851851851851852,0.016229712858926344,0.0017478152309612983,0.0076377561054573676,0.017478152309612985,0.005368289637952559,44,0.05493133583021224,59868,11.824486060796335,19.81253480069778,123.64967277578299,11.666418640296495,16.205436584218468,11.672792415345912,11.702417197223536,206.5337584743615
433,433000,0.013227513227513227,0.0016897081413210448,0.005606421192041284,0.016897081413210446,0.005002682076414795,0.007874015748031496,0.0007874015748031497,0.0030460850963349734,0.007874015748031496,0.0015748031496062994,0.012353613253356183,0.0015424164524421593,0.005188474297240897,0.015424164524421594,0.004443118292732689,48,0.061696658097686374,59868,11.764996684510143,18.378357697246273,135.03239602935534,11.668959494309794,15.641405723021418,11.683232123332887,11.78489292427698,215.95424067605285
434,434000,0.02671915411532025,0.003354632587859425,0.014407445361500635,0.03354632587859425,0.012098103352096962,0.007692307692307693,0.0007692307692307692,0.0038461538461538464,0.007692307692307693,0.002564102564102564,0.02344734189972285,0.0029100529100529104,0.012591350259655288,0.0291005291005291,0.010458658772150835,47,0.062169312169312166,59868,11.797612557470917,23.054540962949567,136.96029625734351,11.66866726368121,15.770690365082828,11.669446893458613,11.701692373147775,222.62294667313446
435,435000,0.020707070707070705,0.0024242424242424242,0.009615241120099741,0.024242424242424242,0.006809163059163058,0.003246753246753247,0.0006493506493506494,0.0011509044596366737,0.006493506493506494,0.0006493506493506494,0.017403767403767402,0.0020884520884520887,0.008013880130282406,0.020884520884520884,0.005643793143793144,53,0.06511056511056511,59868,11.71501681518361,19.902855274575582,130.59550526232923,11.66198881373537,16.19635205424297,11.668854987115228,11.72022537862527,213.46079858580725
436,436000,0.018720862470862472,0.0027243589743589747,0.009229395054302078,0.02403846153846154,0.007928240740740741,0.0037593984962406013,0.0007518796992481203,0.004610129268913221,0.007518796992481203,0.007518796992481203,0.016092230094872102,0.0023778071334214002,0.008417819955944459,0.021136063408190225,0.00785630412446793,45,0.059445178335535004,59868,11.730063880610597,18.454342498433473,127.9955405757427,11.665020261966696,15.545009339562599,11.682706930984942,11.771519979206225,208.84420346650725
437,437000,0.01882530120481928,0.0025602409638554218,0.008966011383521301,0.025602409638554216,0.006954604130808948,0.008,0.0016,0.0036599562095188934,0.016,0.003,0.017110266159695818,0.002408111533586819,0.00812538160310267,0.024081115335868188,0.006328082563824009,48,0.060836501901140684,59868,11.760583503772626,22.9254600367379,128.77117561312102,11.962299517498387,15.5782831818968,11.686925399503888,11.729076537625449,214.41380379015607
438,438000,0.028215952010664295,0.003265940902021773,0.01811861436358798,0.03265940902021773,0.01632106445481251,0.007692307692307693,0.0007692307692307692,0.003312896600564562,0.007692307692307693,0.0019230769230769232,0.02476436887821105,0.002846054333764554,0.015628648892445623,0.028460543337645538,0.013899669397728905,46,0.059508408796895215,59868,11.807091737842113,22.720230935149853,143.95290408333872,11.688294047587643,17.011988067458518,11.716094896613294,11.785644999734446,230.6822487677246
439,439000,0.022191308956014837,0.002702702702702703,0.009511159311039411,0.02702702702702703,0.006086759027935498,0.0,0.0,0.0,0.0,0.0,0.017895299145299148,0.00217948717948718,0.00766989641877409,0.021794871794871794,0.004908424908424909,54,0.06923076923076923,59868,11.759912099840175,23.973344121186457,128.01082267820118,11.664028311111906,15.502442366144287,11.669766462010788,11.718687094930402,214.2990031334252
440,440000,0.015368309485956546,0.0023847376788553257,0.009362910448829555,0.022257551669316374,0.00930615489439019,0.02027027027027027,0.002027027027027027,0.007448301499778001,0.02027027027027027,0.00365990990990991,0.0163020163020163,0.002316602316602317,0.008998223029962591,0.021879021879021878,0.008230679659251089,53,0.0682110682110682,59868,11.74392109978828,19.145051547528325,123.67982353170271,11.666970197790615,15.568531106624484,11.665470635344178,11.727895284543987,205.1976634033226
441,441000,0.02389589905362776,0.0031545741324921135,0.01196841404686993,0.031545741324921134,0.01124255169996495,0.020512820512820513,0.0038461538461538464,0.009695338243417386,0.03076923076923077,0.007307692307692308,0.02332024432809773,0.0032722513089005235,0.01158163413266989,0.031413612565445025,0.010573007562536358,37,0.04842931937172775,59868,11.727222498425505,17.547967658460006,132.77087451535328,11.662522671040954,16.29170386717449,11.687991546979749,11.78573052719456,213.47401328462854
442,442000,0.018885448916408667,0.0029411764705882357,0.012156429414733555,0.029411764705882353,0.013026438645633692,0.0,0.0,0.0,0.0,0.0,0.015741935483870966,0.0024516129032258064,0.01013297213150694,0.024516129032258065,0.01085816692268305,50,0.06451612903225806,59868,11.749803954491655,23.609105759672676,136.38294898613012,11.682473352800372,15.761497959246306,11.685125240953887,11.732290930044353,222.60324618333934
443,443000,0.025028344671201814,0.0034920634920634925,0.013076311906087644,0.03492063492063492,0.012579365079365079,0.0031847133757961785,0.0006369426751592357,0.0024640306193282908,0.006369426751592357,0.0031847133757961785,0.020670720638954438,0.002922490470139771,0.010959249438462207,0.029224904701397714,0.010705209656925032,49,0.062261753494282084,59868,11.784616449045382,23.24894236359343,136.28533570327062,11.659209252307123,15.976345447504814,11.677037818680347,11.71340169160706,222.3448887260088
444,444000,0.03231292517006803,0.004081632653061226,0.01706058828569995,0.03924646781789639,0.016341481647604097,0.011194029850746268,0.0014925373134328358,0.0045366854093838865,0.014925373134328358,0.0026119402985074623,0.02864245568525724,0.003631647211413749,0.014883930717053578,0.03501945525291829,0.013955283799641779,37,0.04798962386511025,59868,11.7023388972598,17.517122387122885,127.7071932501428,11.665690850967692,16.159404758422923,11.67862477664816,11.782617537661743,208.21299245822595
445,445000,0.022564756475647565,0.0029702970297029708,0.014964595701386994,0.0297029702970297,0.014786657237152286,0.0072992700729927005,0.0007299270072992701,0.002823743118500304,0.0072992700729927005,0.0014598540145985403,0.019749989803825602,0.002557200538358008,0.012725972815982584,0.02557200538358008,0.012329359738511823,46,0.06191117092866756,59868,11.78342208214833,22.51384911253207,134.98873528466905,11.658226904090462,15.57257986309346,11.684776353743098,11.780146240217281,219.98173584049377
446,446000,0.025039745627980923,0.0034976152623211448,0.014112697848334698,0.033386327503974564,0.012143866555631263,0.00909090909090909,0.0009090909090909091,0.0035168437021321965,0.00909090909090909,0.0018181818181818182,0.02266576454668471,0.0031123139377537217,0.0125355071093871,0.029769959404600813,0.010606890478338378,35,0.04736129905277402,59868,11.759429213789584,19.395335069311017,131.63957955661388,11.670821720821678,16.06817382593384,11.674949718612492,11.790473627648623,213.9987627327311
447,447000,0.021556256572029444,0.0029968454258675085,0.008455066625069375,0.02996845425867508,0.00634044364328276,0.02097902097902098,0.0020979020979020983,0.012029273710264859,0.02097902097902098,0.009390609390609391,0.021450021450021447,0.002831402831402832,0.009112867929037143,0.028314028314028315,0.006901799758942616,44,0.05662805662805663,59868,11.793171106791455,22.156939306280933,135.24759083630155,11.664269152139584,16.166161589850624,11.68610929787317,11.791972887142954,220.50621417638027
448,448000,0.019183889772125064,0.002702702702702703,0.00966696664171894,0.025437201907790145,0.007297423473894062,0.0048543689320388345,0.0009708737864077671,0.002120460551632662,0.009708737864077669,0.0016181229773462782,0.017167577413479053,0.002459016393442623,0.008605094883141226,0.023224043715846996,0.006498286928614798,43,0.05874316939890711,59868,11.766337037061314,21.94031757324355,143.81802943740084,11.670352790038585,15.702860528488127,11.672112230423636,11.733864411750394,228.30387400840644
449,449000,0.022316821465428276,0.0027863777089783283,0.01277140118831169,0.02786377708978328,0.01151469359673694,0.016666666666666666,0.0027272727272727275,0.008680231850720482,0.02727272727272727,0.008874458874458873,0.021494708994708994,0.002777777777777778,0.012176125226492864,0.027777777777777776,0.011130532459897539,34,0.04497354497354497,59868,11.793323781650322,19.068801899363443,142.14744205515163,11.672006534027556,15.727598699902256,11.689543694917703,11.762601137624284,223.86131780263716
450,450000,0.017623363544813694,0.002416918429003021,0.011173029283656473,0.02416918429003021,0.011090130916414904,0.024193548387096774,0.002419354838709678,0.007447001252541955,0.024193548387096774,0.0028545826932923706,0.0186598812553011,0.0024173027989821886,0.010585208067551893,0.024173027989821884,0.009790884122945192,41,0.05216284987277354,59868,11.87404019700744,22.119607371640093,137.76600078288516,11.666762764386828,15.816775558064045,11.718543490732426,11.759638044298026,222.721368209014
451,451000,0.022108843537414963,0.0027696793002915453,0.011683999062505133,0.027696793002915453,0.009240362811791384,0.0040650406504065045,0.0008130081300813008,0.002492468263274221,0.008130081300813009,0.0027100271002710027,0.019365471775854962,0.002472187886279357,0.010286522809964463,0.024721878862793572,0.008247493476170856,35,0.04326328800988875,59868,11.740660221443155,20.161573480281803,135.58684199077575,11.663933127237236,15.694915686342847,11.672130459702835,11.76256550859678,218.2826204743804
452,452000,0.01621756487025948,0.0022455089820359285,0.007596484262883764,0.02245508982035928,0.0060224788518201695,0.009174311926605505,0.0009174311926605505,0.0028941731815204474,0.009174311926605505,0.0011467889908256881,0.015229515229515229,0.0020592020592020595,0.0069368292978019075,0.02059202059202059,0.005338501767073196,40,0.05148005148005148,59868,11.765274318537022,17.931034426127425,130.6089493708501,11.680486685525238,15.624784518386559,11.675771489791376,11.783238130516626,211.06953893973434
453,453000,0.010924796747967478,0.0018292682926829272,0.005814190548569952,0.01676829268292683,0.0053916231126596974,0.008403361344537815,0.0008403361344537816,0.005301930702281156,0.008403361344537815,0.004201680672268907,0.01053763440860215,0.0016774193548387097,0.005735533875397866,0.015483870967741935,0.005208909370199693,48,0.06193548387096774,59868,11.818183833847694,19.107628643419417,125.4983251868097,11.662719917801546,15.988921436047022,11.672608125762318,11.747977500725648,207.49636464441332
454,454000,0.016923472008217772,0.002465331278890601,0.009733634478492894,0.023112480739599383,0.010623180962164013,0.007246376811594203,0.0007246376811594203,0.0020946726544774485,0.007246376811594203,0.0007246376811594203,0.015226598898771707,0.00216010165184244,0.008394146890546095,0.020330368487928845,0.008887477057743894,46,0.05844980940279543,59868,11.759197751079476,18.15279185703178,130.1643726757534,11.676289084439073,16.037785158962148,11.69323054096838,11.76448357406712,211.24815064230143
455,455000,0.022633744855967076,0.0027777777777777783,0.009961674328120434,0.027777777777777776,0.007902214383695864,0.007575757575757576,0.0007575757575757576,0.0026985392962728953,0.007575757575757576,0.0012626262626262625,0.020085470085470084,0.002435897435897436,0.008732528399653928,0.02435897435897436,0.0067785917785917775,50,0.0641025641025641,59868,11.706981679390772,22.193962903052643,141.37973220451627,11.667656279412686,15.795145866664972,11.688228552853008,11.850492824538872,226.28220031042923
456,456000,0.016086497890295356,0.0020569620253164562,0.007817937734648625,0.020569620253164556,0.006530666063893912,0.017857142857142856,0.002678571428571429,0.012108992742035913,0.026785714285714284,0.014880952380952382,0.016353046594982077,0.002150537634408602,0.008463903004577895,0.021505376344086023,0.007787698412698413,38,0.051075268817204304,59868,11.750171156010847,21.444159851904953,137.10264765555425,11.674376934445174,15.681139264339672,11.680914838704815,11.787338168131601,221.1207478690913
457,457000,0.016176470588235292,0.002012383900928793,0.008790737557254022,0.020123839009287926,0.007131185807656396,0.020689655172413793,0.00206896551724138,0.00842085914174708,0.020689655172413793,0.004904214559386973,0.017003792667509482,0.00202275600505689,0.008722934307888022,0.020227560050568902,0.006722954668593102,43,0.05436156763590392,59868,11.763067540956907,21.72120825789936,129.7603731721525,11.662416232460782,15.842637210050636,11.677770101817252,11.739107942498883,214.16658045783632
458,458000,0.01403777437468096,0.0021439509954058193,0.007291564702475297,0.019908116385911178,0.006642115753907484,0.01048951048951049,0.0013986013986013986,0.011280749599758451,0.013986013986013986,0.013986013986013986,0.013400335008375208,0.0020100502512562816,0.008008214753117873,0.018844221105527637,0.00796143415490149,48,0.06030150753768844,59868,11.804588395503135,18.588170360364643,126.0974536881343,11.675784719222815,15.989380907410755,11.678136499840285,11.763490098640194,207.59700466911613
459,459000,0.019001490312965722,0.0025335320417287635,0.010472167159407129,0.02533532041728763,0.009040640598017647,0.014598540145985401,0.0014598540145985403,0.00680262590682802,0.014598540145985401,0.004460665044606651,0.018254950495049504,0.002351485148514852,0.009849980090591117,0.023514851485148515,0.008264085337105138,46,0.05693069306930693,59868,11.816239263023887,18.499457866055778,134.05351033202174,11.692003362512304,16.998853813371404,11.707568998250984,11.807734016502923,216.57536765173904
460,460000,0.02447192168985059,0.0032457496136012367,0.014246181881317923,0.03245749613601236,0.013409263757022644,0.0,0.0,0.0,0.0,0.0,0.020118593816179583,0.002668360864040661,0.011711918268376996,0.026683608640406607,0.011023880115366773,45,0.05717916137229987,59868,11.773901706285672,22.561950715108136,128.91473969298127,11.663455534507982,15.636128915544333,11.671539916865981,11.702385671288894,213.9241021525823
461,461000,0.019116106679558455,0.003214890016920474,0.009138789970393756,0.028764805414551606,0.00897255123143448,0.0125,0.0016666666666666668,0.003885867609182797,0.016666666666666666,0.0016666666666666668,0.017999464201995847,0.0029535864978902956,0.00825222079550583,0.026722925457102673,0.007739490545397719,44,0.06188466947960619,59868,11.731637228659665,18.372409199163275,124.95542945237248,11.663474562356724,15.22135644334288,11.66860652752899,11.736337973897172,205.3492513873212
462,462000,0.02235263432446531,0.0035993740219092338,0.01069612573039823,0.03286384976525822,0.010324291427577814,0.01953125,0.0023437500000000003,0.009343967748500232,0.0234375,0.006727430555555556,0.02188179052585832,0.003389830508474576,0.010470472247108864,0.03129074315514994,0.009724033029117774,41,0.05345501955671447,59868,11.7862793276996,17.92766718226868,122.17459897688465,11.661424577452673,16.015927174914403,11.678768721740118,11.714074678162433,202.95874063912254
463,463000,0.026058201058201055,0.0034920634920634925,0.01268387162813471,0.03492063492063492,0.010498236331569665,0.007874015748031496,0.0007874015748031497,0.0026246719160104987,0.007874015748031496,0.001124859392575928,0.02300748568912373,0.0030383091149273444,0.010996264807210304,0.03038309114927345,0.008925688285001362,40,0.052840158520475564,59868,11.753264268971053,16.99391831086472,123.42902306337888,11.661607370289095,15.402179584539377,11.665206714070454,11.703414173974691,202.60861348608825
464,464000,0.02630247850278199,0.0034901365705614566,0.011975734463023548,0.03338391502276176,0.008802418286485054,0.01636904761904762,0.002678571428571429,0.012728738739948826,0.026785714285714284,0.015178571428571428,0.024859489840034586,0.00337224383916991,0.012085120298322682,0.0324254215304799,0.009728655837605254,37,0.04798962386511025,59868,11.723966490434501,17.18820425709866,122.40347471402512,11.659641892772242,16.018476484025435,11.672259260103734,11.711402111549972,202.37742521000968
465,465000,0.018978658536585365,0.003201219512195122,0.009807868150025174,0.03201219512195122,0.008635791715060006,0.028011204481792715,0.004201680672268907,0.014523541775842088,0.04201680672268908,0.012605042016806723,0.02036559139784946,0.0033548387096774194,0.010531952229344157,0.03354838709677419,0.0092452636968766,33,0.04258064516129032,59868,11.747295817460257,16.44678636683605,122.65742501486876,11.661086488909401,15.829157517896487,11.659212589207325,11.713453078016078,201.71441687319435
466,466000,0.016666666666666666,0.00186046511627907,0.006673394818840871,0.018604651162790697,0.0038562815307001353,0.015267175572519083,0.0015267175572519084,0.012449845447110364,0.015267175572519083,0.011450381679389313,0.01643041237113402,0.0018041237113402063,0.007648543056345129,0.01804123711340206,0.005138275241368025,35,0.045103092783505154,59868,11.724750436828412,16.928775627297888,125.66431584290494,11.66939661194355,15.932432630233473,11.674120590984828,11.793621080752326,205.3874128209454
467,467000,0.030221861471861473,0.003896103896103896,0.012348838076887648,0.03896103896103896,0.007813466295609152,0.01048951048951049,0.0013986013986013986,0.003344540436699503,0.013986013986013986,0.0014763014763014763,0.02650417215634607,0.003425559947299078,0.010652376202649302,0.034255599472990776,0.0066195077064642276,48,0.06324110671936758,59868,11.72979667307672,23.412622761856404,130.08323823475442,11.663422649119127,16.07790167251766,11.676027021984003,11.734592616219341,216.37760162952767
468,468000,0.02381213880390157,0.0042833607907743,0.013008001143823856,0.042833607907743,0.013457414816558145,0.011538461538461539,0.0015384615384615385,0.009516905482840739,0.015384615384615385,0.00923076923076923,0.02164717537851866,0.003799185888738128,0.012392204080149766,0.037991858887381276,0.012711873532769055,41,0.05563093622795115,59868,11.725736852860603,21.147976513480327,144.93564304643436,11.668871207168309,15.849884805754776,11.683905896009428,11.734770072921453,228.74678839462928
469,469000,0.017185877466251297,0.002336448598130841,0.009873842488847779,0.02336448598130841,0.009008307372793354,0.010666666666666666,0.0016,0.009251409936060684,0.016,0.009142857142857142,0.01612342459800087,0.002216427640156454,0.00977240302457348,0.02216427640156454,0.009030235301421743,39,0.05084745762711865,59868,11.775816507728077,17.833044744758332,122.79365470238557,11.66511515643398,15.946010922820996,11.671687627293203,11.699697787775909,203.38502744919606
470,470000,0.01655879180151025,0.0024271844660194173,0.008521851575719056,0.022653721682847898,0.006647146452971695,0.009523809523809523,0.0014285714285714286,0.006923419471591118,0.014285714285714285,0.009523809523809523,0.015259454705364996,0.0022427440633245384,0.00822662664883527,0.021108179419525065,0.007178456254973406,38,0.05013192612137203,59868,11.741019805597276,17.199794768732456,122.66155477747009,11.658846037918003,15.9701344076002,11.67547709110539,11.711124805857676,202.6179516942811
471,471000,0.014239722634967804,0.0020802377414561664,0.007882594780927649,0.020802377414561663,0.007666454397509374,0.0,0.0,0.0,0.0,0.0,0.012084909625893231,0.0017654476670870116,0.006689768332363566,0.017654476670870115,0.006506335194859784,32,0.0403530895334174,59868,11.73677269766804,16.038086530986707,125.15179811840859,11.664475692507725,15.607216733340422,11.674624037560921,11.717609237543725,203.5905830480161
472,472000,0.014721772015126956,0.00226904376012966,0.009001373973076581,0.022690437601296597,0.009485220344215483,0.017857142857142856,0.002142857142857143,0.010000220985334811,0.02142857142857143,0.01011904761904762,0.015301629238221046,0.0022457067371202117,0.009186101293705581,0.022457067371202115,0.009602440712084041,47,0.062087186261558784,59868,11.725029674447551,18.797429985811796,122.23298557828555,11.661076341776266,15.726877533248086,11.665926353029988,11.702398725124684,203.5117241917239
473,473000,0.014319620253164559,0.002215189873417721,0.008161640019109219,0.020569620253164556,0.006891073940124572,0.008333333333333333,0.0008333333333333334,0.0025085832971998433,0.008333333333333333,0.0009259259259259259,0.01336436170212766,0.0019946808510638296,0.007259556499655595,0.018617021276595744,0.005939188618709895,28,0.03723404255319149,59868,11.695982910842062,15.575186453758993,124.17666157747698,11.666147355565704,15.959969772327831,11.669730877281182,11.706239153502773,202.44991810075553
474,474000,0.018796992481203006,0.0027067669172932333,0.010068094210165407,0.02556390977443609,0.008890679078649004,0.008130081300813009,0.0008130081300813008,0.0028959933911221316,0.008130081300813009,0.0013550135501355014,0.01713197969543147,0.0024111675126903555,0.008948591163538095,0.02284263959390863,0.007714426718233825,36,0.04568527918781726,59868,11.717556919338401,17.091023224738432,122.31156132233578,11.662356922542694,16.11536065102004,11.68090524614196,11.69045621834952,202.2692205044668
475,475000,0.020852713178294572,0.0035658914728682175,0.012343457068355195,0.031007751937984496,0.010949304786514088,0.017759562841530054,0.003278688524590164,0.008895744582791193,0.03278688524590164,0.009221311475409836,0.020360712733594088,0.0035202086049543678,0.011795059515240713,0.03129074315514994,0.010674447962583555,38,0.04954367666232073,59868,11.697630805926341,16.88876416704177,124.36411650530721,11.66231409531482,15.4807495747894,11.674917898940596,11.714810291357791,203.48330333867796
476,476000,0.02056031488770549,0.0029173419773095626,0.012597655343818856,0.027552674230145867,0.010523269275295207,0.011019283746556472,0.0016528925619834713,0.005498478686651002,0.01652892561983471,0.004820936639118457,0.01899599948380436,0.002710027100271003,0.011433698195421418,0.025745257452574527,0.009588333978577881,40,0.05420054200542006,59868,11.72744082345023,17.318662683216136,124.08932279113493,11.666100771787203,15.399748798800017,11.671695330145448,11.713108003963413,203.58607920249736
477,477000,0.02272,0.0030399999999999997,0.01019406840995679,0.0288,0.006914920634920635,0.014942528735632184,0.0027586206896551726,0.011096366697809385,0.020689655172413793,0.01103448275862069,0.021255411255411256,0.002987012987012987,0.010363981723903059,0.02727272727272727,0.007690682333539476,44,0.05714285714285714,59868,11.775217041445906,18.160364800165475,123.78518285116601,11.670413200978725,15.705743043409326,11.69163289611863,11.797539114205557,204.5860929474896
478,478000,0.01909722222222222,0.002976190476190476,0.0096548470597053,0.02976190476190476,0.007768801965230537,0.007462686567164179,0.0007462686567164179,0.007462686567164179,0.007462686567164179,0.007462686567164179,0.017162944582299423,0.0026054590570719605,0.00929039357831509,0.026054590570719603,0.0077179093308125555,33,0.04094292803970223,59868,11.796784217532608,20.031850871737866,140.5574973218221,11.661995285683346,15.724396603855606,11.679095308775311,11.707535637339728,223.15915524674656
479,479000,0.024373626373626372,0.003384615384615385,0.012747464958635907,0.033846153846153845,0.01167032967032967,0.016129032258064516,0.0016129032258064516,0.007960781779673224,0.016129032258064516,0.005376344086021505,0.023052787006275378,0.00310077519379845,0.011980606154771086,0.031007751937984496,0.010661990894549035,36,0.046511627906976744,59868,11.708224447626314,17.100238738743112,122.25604453519611,11.660577398486804,15.898763775626378,11.67830226343758,11.738492532317736,202.04064369143404
480,480000,0.022348574587380553,0.002819237147595357,0.010202461393820628,0.028192371475953566,0.008095764563426254,0.0035971223021582736,0.0007194244604316547,0.0014703769610682454,0.007194244604316547,0.0010277492291880781,0.018835836221280964,0.002425876010781671,0.008566666601162162,0.02425876010781671,0.006771702391648482,60,0.08086253369272237,59868,11.728489814608057,19.847763374103433,135.62080856185932,11.755001091795503,16.79859534819972,11.823394289886547,11.908595575635395,219.48264805608795
481,481000,0.03339915745129015,0.005213270142180095,0.016704035599822777,0.04739336492890995,0.015889315178414704,0.02830188679245283,0.0037735849056603774,0.020609204686599696,0.03773584905660377,0.021802935010482177,0.032668019846639605,0.005006765899864683,0.017264181639333406,0.046008119079837616,0.01673754752239191,38,0.05142083897158322,59868,12.029190151210955,18.15251271679308,133.62195286235888,11.694256716737739,15.74164746194484,11.735931056536252,11.734383944930759,214.7098749105125
482,482000,0.013724035608308606,0.002077151335311573,0.00830448127908793,0.020771513353115726,0.009503791625453346,0.01111111111111111,0.0016666666666666668,0.01224398938352297,0.016666666666666666,0.016666666666666666,0.01332913518052057,0.0020151133501259445,0.008899872932151161,0.020151133501259445,0.010586342009515812,26,0.0327455919395466,59868,11.797748887043547,15.789782916608708,124.82366033604586,11.663954872995209,16.29394600755063,11.665493588775,11.711966099656191,203.74655270867518
483,483000,0.02397615344738206,0.003732503888024884,0.01525319523832998,0.03732503888024884,0.014711545582463155,0.0,0.0,0.0,0.0,0.0,0.020231846019247594,0.003149606299212599,0.01287113456462753,0.031496062992125984,0.012414073240844894,30,0.03937007874015748,59868,11.758504198502994,15.651928265927872,121.80866658538514,11.665039807429167,15.486063842232166,11.674603778003,11.71847039725671,199.76327687473704
484,484000,0.024099441907661084,0.00350076103500761,0.014380538332060206,0.030441400304414,0.013941436544176272,0.018145161290322582,0.002419354838709678,0.008871671657310938,0.024193548387096774,0.006944444444444445,0.023154075970977378,0.003329065300896287,0.013505891126338173,0.029449423815621,0.012830518464321284,39,0.0499359795134443,59868,11.72990893061332,17.455933346510744,122.29265937588329,11.663942704243091,16.030924673907098,11.67482654658436,11.693865268530557,202.54206084627245
485,485000,0.03211252653927813,0.004299363057324841,0.015405927126443225,0.042993630573248405,0.012132241431604488,0.0,0.0,0.0,0.0,0.0,0.025887890457851944,0.0034659820282413353,0.012419669108352177,0.03465982028241335,0.009780548933308883,29,0.037227214377406934,59868,11.725599782200224,15.985322220218867,125.15957166764346,11.66749840954273,15.74579127017195,11.675045473877322,11.722739859387765,203.68156868304234
486,486000,0.01801075268817204,0.0024193548387096775,0.009133686439653848,0.024193548387096774,0.007212621607782898,0.0196078431372549,0.0026143790849673205,0.01543669923897788,0.026143790849673203,0.014451706608569355,0.018326865028029323,0.0024579560155239327,0.010381242659959898,0.02457956015523933,0.008645454732130024,38,0.04915912031047866,59868,11.722895231200404,20.03738464667615,144.99143669034765,11.668446064039273,16.139090499953102,11.67737389010104,11.769104874853609,228.00573189717124
487,487000,0.01630151278038602,0.0021909233176838814,0.007915589083182633,0.02190923317683881,0.007048463621233573,0.0037593984962406013,0.0007518796992481203,0.0016421611790839413,0.007518796992481203,0.0012531328320802004,0.01414075993091537,0.0019430051813471502,0.006834804224056823,0.019430051813471502,0.006050045233983058,37,0.04792746113989637,59868,11.70478831344357,20.383120148695365,138.95228151426798,11.664427717494874,15.888829265051086,11.679237963621581,11.77482849185063,222.04751341442508
488,488000,0.024677970557308096,0.003470031545741325,0.0131081450839715,0.033123028391167195,0.011645010264884082,0.017391304347826087,0.0017391304347826088,0.006107110295828438,0.017391304347826087,0.002826086956521739,0.02355919003115265,0.0032042723631508676,0.012033219849476902,0.030707610146862484,0.010290969970542735,42,0.056074766355140186,59868,11.747365770836682,21.454262445722016,130.23262947435555,11.660259334023149,15.418850745615998,11.682177381414082,11.707965816801224,213.9035109687687
489,489000,0.02636956895071269,0.00401854714064915,0.015417313657242469,0.03863987635239567,0.014769019405804568,0.008771929824561403,0.0008771929824561404,0.0043859649122807015,0.008771929824561403,0.0029239766081871343,0.023733391736019856,0.0035479632063074905,0.013764785724357263,0.03416557161629435,0.01299459775149657,32,0.04204993429697766,59868,11.77197302498767,16.56410311362544,125.01381656690458,11.66411312172877,15.418996850410927,11.665858490605974,11.70673838953029,203.80559955779367
490,490000,0.018318318318318316,0.002552552552552553,0.008734281339417779,0.025525525525525526,0.00651425234758568,0.014184397163120567,0.0014184397163120568,0.004601405745525263,0.014184397163120567,0.001899696048632219,0.017596034696406443,0.0023543990086741014,0.008012180399220945,0.023543990086741014,0.0057079915815975305,28,0.03469640644361834,59868,11.723898749954609,15.750967408439953,123.04131443242883,11.660543091637777,15.740721709886497,11.670578207029214,11.705762703803636,201.29378630318053
491,491000,0.02217125382262997,0.0029051987767584097,0.010382437229478509,0.0290519877675841,0.008319984466773456,0.015151515151515152,0.002272727272727273,0.009124107367746033,0.022727272727272728,0.00946969696969697,0.02099236641221374,0.0027989821882951657,0.010171114657279162,0.027989821882951654,0.008513065955814048,33,0.04198473282442748,59868,11.716921802559789,16.578274082593158,124.85696284493531,11.670735857297053,16.100587829179226,11.668285644542141,11.713620407555192,204.30538846866187
492,492000,0.019312988353236027,0.0029411764705882353,0.010993215915344207,0.029411764705882353,0.012280087473585926,0.004132231404958678,0.0008264462809917356,0.003197130638301997,0.008264462809917356,0.004132231404958678,0.01691811013844912,0.002607561929595828,0.00976332501766219,0.02607561929595828,0.010994702096397012,31,0.04041720990873533,59868,11.714267370163679,16.424052984423398,124.66308393835335,11.6718262455906,15.714393139590332,11.684133882750025,11.802528375196019,203.6742859360674
493,493000,0.02272965879265092,0.0033070866141732286,0.011510504188804949,0.03307086614173228,0.010568053993250844,0.010025062656641603,0.002255639097744361,0.005956300020052342,0.022556390977443608,0.00647451963241437,0.02052951388888889,0.0031249999999999997,0.010548643310622531,0.03125,0.009859147652116401,32,0.041666666666666664,59868,11.759384985168818,19.784632462646613,129.10692039851125,11.666169695168094,15.482549451606431,11.67890784255221,11.728636333613318,211.20720116926674
494,494000,0.009989484752891693,0.0011041009463722397,0.005192999042280957,0.011041009463722398,0.0038023884632717437,0.013986013986013986,0.0020979020979020983,0.007310257014858751,0.013986013986013986,0.004895104895104895,0.010725010725010723,0.001287001287001287,0.005582661706474811,0.011583011583011582,0.004003493289207575,35,0.04504504504504504,59868,11.717247293763222,17.24396744047507,123.45698080439004,11.66660787518814,16.162404838954146,11.684683718496402,11.775967837301948,203.70785980856897
495,495000,0.01954109934442763,0.002571860816944024,0.009120317663121224,0.025718608169440244,0.006502893643589558,0.01639344262295082,0.002459016393442623,0.005710464912017976,0.02459016393442623,0.0030965391621129326,0.019050659855257557,0.002554278416347382,0.00858902515273221,0.02554278416347382,0.005972146202031259,31,0.03959131545338442,59868,11.72936654313117,18.275450796190196,139.3657591458042,11.669180528930955,16.121529560916837,11.683429832334834,11.76559922209941,220.61031562940758
496,496000,0.01791730474732006,0.002450229709035222,0.009376655174531828,0.02450229709035222,0.007760883832859331,0.01515151515151515,0.0024793388429752068,0.0055761441880322225,0.024793388429752067,0.0031221303948576677,0.017484926787252365,0.0024547803617571058,0.008782518444084215,0.02454780361757106,0.007035704031828064,31,0.040051679586563305,59868,11.738473443545505,18.365667115757823,129.37412234463596,11.664897395860518,15.629169071509907,11.67236767683766,11.713140574201585,210.15783762234895
497,497000,0.023845763571790964,0.0033485540334855404,0.010566128043025395,0.0334855403348554,0.008056099151989562,0.003816793893129771,0.0007633587786259542,0.004680512921873728,0.007633587786259542,0.007633587786259542,0.020516074450084604,0.0029187817258883248,0.00958768187440754,0.02918781725888325,0.007985859318346628,30,0.03807106598984772,59868,11.72490434464546,15.767678114994577,122.81221404304709,11.662067872245107,15.579965748302449,11.673945683118859,11.711424564894713,200.93220037124826
498,498000,0.014713541666666666,0.00203125,0.007496362649526573,0.0203125,0.007037450396825397,0.015037593984962405,0.002255639097744361,0.014433990895851035,0.022556390977443608,0.017543859649122806,0.01476929711082363,0.002069857697283312,0.00869002960523311,0.02069857697283312,0.008845150824452247,36,0.04657179818887452,59868,11.734293375725846,16.85193133774132,123.46655254388827,11.669536756672706,15.76447726887864,11.677475213939248,11.714975793719606,202.87924229056566
499,499000,0.014595808383233533,0.002245508982035928,0.00756045843380612,0.020958083832335328,0.006779298545765611,0.004629629629629629,0.000925925925925926,0.0035819704373568667,0.009259259259259259,0.004629629629629629,0.013208762886597938,0.002061855670103093,0.007006751341516792,0.019329896907216496,0.006480117820324005,29,0.037371134020618556,59868,11.769977701150957,16.16638714424523,124.18573710126779,11.667099039797124,15.96399156511552,11.687951830138822,11.81387203363915,203.2550164153546
500,500000,0.021579503433703115,0.002694136291600634,0.009410768207868679,0.02694136291600634,0.006919603551933187,0.00390625,0.00078125,0.0017063081001419077,0.0078125,0.0013020833333333333,0.01859903381642512,0.0023715415019762848,0.008111465317501055,0.023715415019762844,0.005972248363552712,34,0.04479578392621871,59868,11.786036638594677,19.699548140003632,141.91775821806308,11.664826989513099,15.807556319719085,11.676973675156521,11.722767845806503,224.2754678268566
501,501000,0.02088030059044552,0.0030595813204508855,0.010948021425746782,0.028985507246376812,0.009541062801932367,0.01327433628318584,0.001769911504424779,0.00715193841022571,0.017699115044247787,0.005309734513274336,0.019709355131698456,0.0028610354223433244,0.010363610825264654,0.027247956403269755,0.008889645776566759,31,0.04223433242506812,59868,11.72700668598814,16.26100901565286,125.21302862036899,11.66064294987057,15.923944754511755,11.668284194646382,11.708804195847966,204.16272041688666
502,502000,0.024098746081504703,0.00329153605015674,0.010768276064573876,0.032915360501567396,0.008596432303328856,0.00390625,0.00078125,0.0023951062217400718,0.0078125,0.0026041666666666665,0.020724543080939944,0.002872062663185379,0.00936910408039277,0.028720626631853787,0.007595113763521074,28,0.03655352480417755,59868,11.711564874117286,16.168172193950504,123.44494604270284,11.68723501496216,16.15446281991173,11.666798561182912,11.726458012825681,202.55963751965308
503,503000,0.024077046548956663,0.0032102728731942215,0.012807234034234258,0.03210272873194221,0.010441667303625569,0.008620689655172414,0.0008620689655172415,0.005439049599753944,0.008620689655172414,0.004310344827586207,0.02165087956698241,0.002841677943166442,0.011650658399051963,0.028416779431664412,0.00947924050089138,21,0.028416779431664412,59868,11.761393805320708,14.714772682902776,123.90546661250612,11.678619982094517,15.772483506565349,11.693646901969611,11.717237242789281,201.24362073414835
504,504000,0.0145042194092827,0.0022151898734177216,0.007984821931102514,0.020569620253164556,0.006363647779787021,0.012944983818770225,0.0019417475728155341,0.005024973041614333,0.019417475728155338,0.0036407766990291263,0.014285714285714285,0.0021768707482993197,0.007570040386044987,0.02040816326530612,0.0059820753698304726,25,0.034013605442176874,59868,11.726733080141827,15.381403077732724,127.00047753096133,11.664662982913132,15.322163654754583,11.668180361273928,11.703758414999266,204.4673791027768
505,505000,0.02217741935483871,0.0035483870967741938,0.01298111125266533,0.03387096774193549,0.012316308243727599,0.0,0.0,0.0,0.0,0.0,0.018308921438082555,0.0029294274300932094,0.010716762951601202,0.02796271637816245,0.010167924249149283,28,0.037283621837549935,59868,11.763696638397715,16.21365103522676,129.14731589591665,11.673918307947284,15.776959125121671,11.716102923192695,11.835505425120129,208.12714935092288
506,506000,0.014808831448572967,0.00210016155088853,0.005283885339455993,0.0210016155088853,0.0029951021873477444,0.0,0.0,0.0,0.0,0.0,0.011982570806100218,0.0016993464052287586,0.004275457549180731,0.01699346405228758,0.002423487913683992,31,0.040522875816993466,59868,11.792153790157744,19.0377447974871,130.67706549758918,11.694881787316369,16.248297767765262,11.687383261169138,11.777074194765923,212.91460109625072
507,507000,0.01676986584107327,0.002476780185758514,0.008262920339290644,0.02476780185758514,0.006875644994840041,0.0,0.0,0.0,0.0,0.0,0.013782866836301949,0.002035623409669211,0.006791153357737603,0.020356234096692113,0.005650975402883799,36,0.04580152671755725,59868,11.756439777105276,20.49136577166044,131.47323951559486,11.660765894858095,16.022324971845524,11.67659438708335,11.737110866757995,214.81784118490555
508,508000,0.025836120401337793,0.003678929765886288,0.015557961901226196,0.03678929765886288,0.014775441949354992,0.02976190476190476,0.0035714285714285718,0.012532281837201379,0.03571428571428571,0.012202380952380954,0.02645539906103286,0.0036619718309859155,0.015080671524929326,0.036619718309859155,0.01436955063715627,22,0.030985915492957747,59868,11.775985037196236,15.407351797253055,125.42651979917385,11.66238091199201,15.300699421169629,11.674308400766442,11.730053989675305,202.97729935722654
509,509000,0.029066416942803628,0.003961965134706815,0.01643423404862923,0.039619651347068144,0.015023394460795411,0.007352941176470588,0.0007352941176470588,0.0028445059355481,0.007352941176470588,0.0014705882352941176,0.0252163091146142,0.003389830508474576,0.014024582127665693,0.03389830508474576,0.012620289315204569,28,0.03650586701434159,59868,11.773292930492008,16.044088107750042,127.41459471699024,11.665411665848225,15.441596018711534,11.66627461043901,11.712096742458321,205.71735479268938
510,510000,0.014403620873269435,0.0020766773162939297,0.006033475295510564,0.020766773162939296,0.004321339824534713,0.01048951048951049,0.0013986013986013986,0.004925751032087315,0.013986013986013986,0.00333000333000333,0.013675769397485911,0.0019505851755526658,0.005827487558619115,0.01950585175552666,0.0041369950667740005,25,0.032509752925877766,59868,11.758423633712045,15.533593581820714,123.82861894573438,11.667713808838354,16.000202060592606,11.673730064692966,11.709207724391879,202.17148981978295
511,511000,0.018573551263001486,0.002526002971768202,0.009577360895791838,0.0237741456166419,0.007205948253496545,0.02011494252873563,0.0025862068965517245,0.007887694718352692,0.02586206896551724,0.004406130268199233,0.018800168990283056,0.0025348542458808617,0.00932894356171967,0.024081115335868188,0.0067943146840485245,17,0.021546261089987327,59868,11.728490934267978,14.08751874330816,122.49189865756738,11.662302570256134,16.11465753148522,11.667253003985746,11.727461383767569,199.4795828246382
512,512000,0.023641588296760708,0.002821316614420063,0.013610876236128718,0.02821316614420063,0.011762949693984177,0.006896551724137931,0.0013793103448275863,0.0060497607954348226,0.013793103448275862,0.008620689655172414,0.020540655598126862,0.002554278416347382,0.012210669673037255,0.02554278416347382,0.011181049686796814,31,0.03959131545338442,59868,11.701347050738221,16.152634864097237,125.01072551140967,11.66478169846441,16.10318705649871,11.681516293368666,11.731802504286183,204.0459949788631
513,513000,0.025994939038417306,0.0035426731078904996,0.01374627256204736,0.03542673107890499,0.012215320910973085,0.003436426116838488,0.0010309278350515464,0.0017233036594453842,0.010309278350515464,0.001718213058419244,0.022947340496087012,0.0032033426183844015,0.012121999604453497,0.03203342618384401,0.010797187955962328,28,0.03899721448467967,59868,11.771794993856165,16.084667119789508,127.17395014602562,11.668382325663584,15.523882267234889,11.66858569133511,11.709350614758085,205.60061315866295
514,514000,0.015796334636914346,0.0022544283413848632,0.009308219540124648,0.02254428341384863,0.009211972496996651,0.017543859649122806,0.0017543859649122807,0.0056912123694654575,0.017543859649122806,0.002349624060150376,0.016067379332685455,0.0021768707482993197,0.00874721434630812,0.021768707482993196,0.008147608249649066,26,0.03537414965986395,59868,11.717290296323068,15.808651813636887,124.69737982058471,11.661745866781148,15.282746518491264,11.66640144666109,11.710471449460913,202.5446872119391
515,515000,0.0219435736677116,0.00329153605015674,0.010652174389738847,0.032915360501567396,0.00940563268149475,0.008620689655172414,0.0008620689655172415,0.005439049599753944,0.008620689655172414,0.004310344827586207,0.01989389920424403,0.002917771883289125,0.009850155191279632,0.029177718832891247,0.008621742242431897,25,0.033156498673740056,59868,11.715352758290276,15.593094416455067,124.19933922404314,11.662427979883262,15.57824024832344,11.68302873012783,11.795421106339244,202.22690446346223
516,516000,0.02503987240829346,0.0030303030303030303,0.01242413527259963,0.030303030303030304,0.009283309283309282,0.012195121951219513,0.0016260162601626016,0.004856922405739221,0.016260162601626018,0.0031939605110336815,0.022933333333333333,0.0028,0.011183112362434524,0.028,0.008284656084656086,32,0.042666666666666665,59868,11.770577906050628,19.442648161130393,136.89497683322395,11.672057683057012,15.53702733678164,11.687363487944413,11.815921260385775,218.82057266857382
517,517000,0.019278606965174125,0.0025373134328358212,0.007810889657081131,0.025373134328358207,0.00482290926320777,0.007861635220125786,0.0018867924528301887,0.00857763305406909,0.018867924528301886,0.014150943396226415,0.017719072164948453,0.0024484536082474227,0.007915625224195467,0.024484536082474227,0.006097099492718049,21,0.027061855670103094,59868,11.785293526939133,16.914904099482598,133.91963004959206,11.667977607834889,16.469267275567855,11.681416968806202,11.788223925487952,214.2267134537107
518,518000,0.02399582681272822,0.0029733959311424103,0.012447184356591636,0.0297339593114241,0.010228655885932882,0.01048951048951049,0.0013986013986013986,0.006392847471534542,0.013986013986013986,0.00777000777000777,0.021526001705029836,0.0026854219948849105,0.011340061371216745,0.026854219948849106,0.009779056550156295,34,0.043478260869565216,59868,11.730803914949961,19.78373841611536,147.83253678815612,11.658370284634012,16.08612022271916,11.684605918577118,11.758399724601244,230.53457526975296
519,519000,0.02927717108684347,0.004368174726989079,0.014198033568893396,0.0421216848673947,0.012473689423767427,0.00390625,0.00078125,0.0023951062217400718,0.0078125,0.0026041666666666665,0.025054182921543128,0.0037711313394018205,0.012233437079380228,0.036410923276983094,0.010830908002559498,22,0.02860858257477243,59868,11.75750924803376,16.968597333646972,131.81928860026005,11.663704558295684,15.82403693466128,11.667755691391335,11.731368652165287,211.43226101845437
520,520000,0.021800825593395252,0.0030959752321981426,0.012912030922794792,0.030959752321981424,0.013089095287237703,0.022727272727272728,0.0027272727272727275,0.013875113991701675,0.02727272727272727,0.011818181818181818,0.021935626102292768,0.003042328042328042,0.013052162057159549,0.03042328042328042,0.012904174015285128,22,0.0291005291005291,59868,11.773679004636882,15.192762017834927,124.00258184458445,11.665664854346169,15.912377934676481,11.673599230821452,11.731940309123168,201.9526051960235
521,521000,0.025119617224880382,0.003508771929824562,0.011671919125973958,0.03349282296650718,0.009019391914128755,0.00847457627118644,0.0008474576271186442,0.005346862318402182,0.00847457627118644,0.00423728813559322,0.02248322147651007,0.0030872483221476513,0.010670098047727691,0.02953020134228188,0.008261958027058699,29,0.038926174496644296,59868,11.769762645094662,16.522389139975168,125.72005133777708,11.663164863243146,15.402542876671866,11.676344145991614,11.692159296999849,204.44641430575336
522,522000,0.01779935275080906,0.0027508090614886734,0.008434883334778655,0.025889967637540454,0.007137720244516361,0.016260162601626018,0.0016260162601626016,0.01084010840108401,0.016260162601626018,0.009291521486643438,0.017543859649122806,0.002564102564102564,0.008834131220278735,0.024291497975708502,0.007495233811023285,29,0.03913630229419703,59868,11.705595612837572,15.878183839676542,125.31262979738334,11.6636436551798,15.857534903435111,11.67539568940057,11.721404340414576,203.81438783832755
523,523000,0.011814024390243903,0.0018292682926829272,0.006223673522665878,0.01676829268292683,0.004998427216415021,0.011904761904761904,0.0015873015873015873,0.0038540134320916614,0.015873015873015872,0.001763668430335097,0.011828644501278773,0.001790281329923274,0.00584186128300814,0.016624040920716114,0.004477225672877846,21,0.026854219948849106,59868,11.742516329529828,15.089997958225855,125.91440685609523,11.67636416404827,16.400695353427363,11.692174071556426,11.787306438790225,204.30346117167318
524,524000,0.029330065359477128,0.004248366013071896,0.015036847409147397,0.042483660130718956,0.012401442058304802,0.010256410256410256,0.002307692307692308,0.004287887561394709,0.023076923076923078,0.003162393162393162,0.02598831985624438,0.003908355795148248,0.01315360646547105,0.03908355795148248,0.01078274076926368,26,0.03504043126684636,59868,11.77865446963522,17.60396263458808,141.5471820437608,11.66767265281532,15.522754331281918,11.673314292512394,11.79077036853049,221.58431079312427
525,525000,0.03131608548931383,0.004566929133858268,0.014467540046937236,0.04409448818897638,0.011757280339957507,0.020202020202020204,0.00202020202020202,0.014451278364377708,0.020202020202020204,0.012626262626262626,0.029817049435578048,0.004223433242506813,0.01446534671373098,0.04087193460490463,0.011874486397647162,23,0.031335149863760216,59868,11.746387966055094,16.815801260089415,135.50294157527176,11.716110239201605,15.566417662898901,11.680769078675768,11.749566754079567,214.77799453627216
526,526000,0.021101052476632073,0.0037094281298299843,0.012888007865483404,0.03554868624420402,0.014125634797968644,0.01904761904761905,0.0019047619047619048,0.005871379737616285,0.01904761904761905,0.0022486772486772486,0.02081433637284701,0.0034574468085106385,0.011908292501884937,0.03324468085106383,0.01246728301249578,22,0.02925531914893617,59868,11.73603671361656,15.436905739601992,125.34310385535485,11.678661587702365,15.495056128370098,11.67403878800377,11.737752156473768,203.10155496912338
527,527000,0.01920995670995671,0.002922077922077922,0.010613016185521773,0.02922077922077922,0.011216115233972378,0.007692307692307693,0.0007692307692307692,0.007692307692307693,0.007692307692307693,0.007692307692307693,0.017202859696157282,0.002546916890080429,0.010104045536570256,0.02546916890080429,0.01060204689561258,22,0.029490616621983913,59868,11.762718938893023,15.305872784018849,124.42525498540525,11.661586461320095,15.354691354163563,11.673466964179369,11.715354893734876,201.898946381715
528,528000,0.023056820097791263,0.0030349013657056147,0.011402771006642297,0.030349013657056147,0.008780138256617772,0.0,0.0,0.0,0.0,0.0,0.019380668934240362,0.002551020408163265,0.009584727159919992,0.025510204081632654,0.007380243764172336,11,0.01403061224489796,59868,11.73783719117527,13.310721198922515,125.54132738502865,11.673746939125373,16.356320056323813,11.67653742289998,11.801458025303969,202.09794821877958
529,529000,0.020476931052358736,0.003265940902021773,0.010053872888484574,0.029548989113530325,0.008048211508553654,0.015625,0.0015625,0.005565737298562847,0.015625,0.0026041666666666665,0.019671422395157807,0.0029831387808041503,0.009308760883932071,0.027237354085603113,0.00714440121054907,21,0.027237354085603113,59868,11.73673255859542,17.320647731133842,136.97548297328387,11.664316596826652,16.119704620037865,11.680891705820319,11.770473754307842,217.26824994000577
530,530000,0.01511437908496732,0.0024509803921568627,0.008756535955572357,0.024509803921568627,0.009163943355119827,0.03333333333333333,0.0038095238095238095,0.01394808449216463,0.0380952380952381,0.008333333333333333,0.01778242677824268,0.002649930264993026,0.009516804569717667,0.026499302649930265,0.00904230590423059,18,0.02510460251046025,59868,11.727353424334508,15.426982875030305,130.55267894669655,11.670285624917899,15.586424112937202,11.674580370199529,11.741701697029484,208.38000705114547
531,531000,0.017443809523809525,0.00288,0.007608003592975646,0.0272,0.005546031746031746,0.0029239766081871343,0.0008771929824561404,0.0025972097453146074,0.008771929824561403,0.0043859649122807015,0.015203943553063985,0.002571041948579161,0.006835025922294512,0.02435723951285521,0.005367076916467985,17,0.023004059539918808,59868,11.768966875630449,14.615468077808224,126.5897834429458,11.669658084495493,15.92098546523979,11.719564003170868,11.836090749381412,204.12051669867202
532,532000,0.01403915507470376,0.0018547140649149926,0.00874188009517781,0.01854714064914992,0.007976374475601677,0.008333333333333333,0.0008333333333333334,0.008333333333333333,0.008333333333333333,0.008333333333333333,0.013146458061712298,0.001694915254237288,0.00867796143621909,0.01694915254237288,0.008032222015272863,16,0.020860495436766623,59868,11.74571766142385,15.388273547869979,138.78348803313122,11.685308476130917,16.0995643744416,11.6977873751839,11.818994738316269,217.21913420649776
533,533000,0.023910878765247695,0.0038834951456310687,0.013368027651182054,0.038834951456310676,0.012187291313504905,0.010101010101010102,0.00101010101010101,0.005050505050505051,0.010101010101010102,0.003367003367003367,0.022004076815792296,0.003486750348675035,0.012219583107992342,0.03486750348675035,0.010969427287418919,8,0.011157601115760111,59868,11.795420273089107,14.349249017234222,145.73963628881913,11.668812492676706,15.958579431665786,11.67856082900931,11.740412944966083,222.93067127746033
534,534000,0.019144880174291938,0.0032679738562091504,0.010892731284705106,0.032679738562091505,0.012009155514057474,0.03125,0.0035714285714285718,0.014356048060605966,0.03571428571428571,0.010813492063492065,0.02101749539594843,0.0033149171270718237,0.011428492995894192,0.03314917127071823,0.011824191002367796,16,0.022099447513812154,59868,11.752577333615232,14.28588808850828,127.0126174604258,11.662869730241777,15.673565380805442,11.670058222293388,11.700861024310782,203.7584372402007
535,535000,0.014583333333333332,0.0024193548387096775,0.009835167093417606,0.02258064516129032,0.010606758832565283,0.025,0.0025000000000000005,0.014525499952854699,0.025,0.01138888888888889,0.016272522522522523,0.0024324324324324323,0.010595761611164161,0.022972972972972974,0.010733590733590733,19,0.025675675675675677,59868,11.693586426123058,14.631174742887886,123.94913317592682,11.661341512148038,17.034888073599873,11.666530015247423,11.713375232869083,202.35002917880215
536,536000,0.024948735475051265,0.0033492822966507177,0.014528343894089253,0.03349282296650718,0.012767398293714082,0.008695652173913044,0.0008695652173913044,0.0033639374542134056,0.008695652173913044,0.0017391304347826088,0.02242972660762418,0.002964959568733154,0.01279801135960715,0.029649595687331536,0.011058165404526591,21,0.02830188679245283,59868,11.767670792348085,15.165925738275243,135.93330697388163,11.66338832254976,16.1016755354515,11.684837347064603,11.809683836710994,214.12648854628185
537,537000,0.01860587002096436,0.002515723270440252,0.009825304161203955,0.025157232704402517,0.008977238694219826,0.0040650406504065045,0.0008130081300813008,0.00192843668918127,0.008130081300813009,0.0016260162601626016,0.016249451032059724,0.0022397891963109352,0.008545574649927551,0.022397891963109356,0.0077859338728903955,15,0.019762845849802372,59868,11.789881270207747,15.585544676205432,126.03211340257714,11.667247958618843,15.702742167139627,11.684561734073839,11.813357909812305,204.27544911863495
538,538000,0.015891822763860676,0.0025276461295418644,0.008896883006018728,0.02527646129541864,0.009532586072870433,0.00909090909090909,0.0018181818181818182,0.0038343037231714943,0.01818181818181818,0.0028282828282828283,0.01488495802089342,0.002422611036339166,0.008147375978948478,0.024226110363391656,0.008540024354290842,20,0.026917900403768506,59868,11.793940565246741,16.975427635915196,132.48216469123608,11.671791151468547,16.074310142152882,11.68571079530889,11.809964335224299,212.49330931655263
539,539000,0.020201075520224453,0.0032733224222585926,0.012240177840707094,0.031096563011456628,0.012624373262671136,0.003787878787878788,0.0007575757575757576,0.002322527245323706,0.007575757575757576,0.002525252525252525,0.017285137473562775,0.0028263795423956934,0.010478226456332116,0.026917900403768506,0.010830182229913051,12,0.016150740242261104,59868,11.787400548815551,15.349886625645738,127.82122750142067,11.664468959837748,15.433263680961208,11.667641824128495,11.715479082824443,205.43936822363386
