batch,interactions,recall_existing,precision_existing,ndcg_existing,hr_existing,mrr_existing,recall_new_content,precision_new_content,ndcg_new_content,hr_new_content,mrr_new_content,recall_overall_content,precision_overall_content,ndcg_overall_content,hr_overall_content,mrr_overall_content,n_new_users,pct_new_users,n_users_trained,id_resolution_emissions_mg,recovered_history_seed_emissions_mg,expand_embeddings_emissions_mg,gt_split_emissions_mg,scoring_emissions_mg,history_update_emissions_mg,apply_content_seeds_emissions_mg,batch_emissions_mg,update_emissions_mg,updated
1,1000,0.029757217847769028,0.004133858267716535,0.015606667803340453,0.04133858267716536,0.013160854893138356,0.009335624284077892,0.002061855670103093,0.006353497187920807,0.020618556701030927,0.00781786941580756,0.024113643558088,0.0035612535612535613,0.013049523787113371,0.03561253561253561,0.011684303350970019,194,0.27635327635327633,65679,11.715339504862353,36.88085333187178,145.25570794775842,12.033084687655487,17.62102938589248,11.662529515478623,12.58498693352053,247.75353130703965,0.0,False
2,2000,0.016584158415841585,0.0019801980198019802,0.00871553019508882,0.019801980198019802,0.006716171617161716,0.026255707762557076,0.0036529680365296807,0.0216438434025041,0.0319634703196347,0.021961295933898672,0.01950966850828729,0.0024861878453038676,0.01262616637246996,0.023480662983425413,0.01132761115495922,205,0.28314917127071826,65679,11.698820599660253,37.38186210527287,142.5964263503072,11.65820736525984,14.639158299739629,11.672998887936455,12.973019490331982,242.62049309850823,0.0,False
3,3000,0.03220439691027926,0.004313725490196079,0.01855497532118222,0.041176470588235294,0.01644880174291939,0.0189873417721519,0.002109704641350211,0.009181087061402655,0.02109704641350211,0.007735583684950773,0.028011034035130417,0.0036144578313253013,0.015580930451613604,0.03480589022757698,0.013684367098021715,207,0.27710843373493976,65679,11.762112045657164,36.741350030156084,150.21201554488107,11.694671197944473,14.988064103478019,11.69212473552594,13.900204035213488,250.99054169285623,0.0,False
4,4000,0.01546267629858961,0.0025490196078431374,0.006732912791890686,0.025490196078431372,0.00631730469965764,0.015918367346938776,0.0033333333333333335,0.01231088242002985,0.02857142857142857,0.015918367346938776,0.015595586187691449,0.002777777777777778,0.00835982060009794,0.02638888888888889,0.009117614638447973,179,0.24861111111111112,65679,11.762155173341204,44.63241965670453,155.4157288170318,11.671584817028561,14.467694648674298,11.673652154656688,13.18581674894276,262.80905201637984,0.0,False
5,5000,0.021623419827012644,0.0023952095808383238,0.013438500734088735,0.023952095808383235,0.011377245508982036,0.03357000498256103,0.005381165919282512,0.019126712606106145,0.04932735426008968,0.016228913089899637,0.025303100061387352,0.0033149171270718232,0.015190532843839956,0.031767955801104975,0.012871612733491187,178,0.24585635359116023,65679,11.765527410182104,40.5454912670365,142.2879135055603,11.671060663835274,14.639602089259627,11.668647800083376,13.457740622262225,246.03598335821943,0.0,False
6,6000,0.02906162464985994,0.004201680672268907,0.01579322997549973,0.03991596638655462,0.013674636521275178,0.012971698113207548,0.0023584905660377358,0.010065115219714104,0.018867924528301886,0.010220125786163521,0.024103682170542633,0.003633720930232558,0.014028171358891367,0.03343023255813953,0.01261016519010705,169,0.24563953488372092,65679,11.713766975863681,31.413344622376094,142.82157115338458,11.680989016158057,14.972581653702015,11.673277405783695,13.335345804558335,237.61087663182644,0.0,False
7,7000,0.013888888888888888,0.0020833333333333333,0.007408088128895929,0.020833333333333332,0.006128472222222222,0.007178217821782178,0.0014851485148514854,0.00738850220353967,0.01485148514851485,0.010451045104510451,0.011901270772238515,0.0019061583577712614,0.007402287019039675,0.01906158357771261,0.0074087650700553915,147,0.2155425219941349,65679,11.759738308853148,29.84653654346009,152.6355334831996,11.724591575688892,14.742758811879531,11.764561299114439,13.488582003708984,245.96230202590465,0.0,False
8,8000,0.025978407557354928,0.004251012145748988,0.01432178403639014,0.03643724696356275,0.013941906047169206,0.015873015873015872,0.0019047619047619048,0.012521024972853326,0.01904761904761905,0.012585034013605442,0.022964015151515152,0.0035511363636363635,0.01378462579300558,0.03125,0.013537157287157287,151,0.21448863636363635,65679,11.761031280436464,30.530018435353906,144.76796757077142,11.67274257398744,14.523120673889077,11.686605983322451,12.935673190997248,237.87715970875803,0.0,False
9,9000,0.0274781919111816,0.0032989690721649486,0.013511671200204944,0.032989690721649485,0.009953362788414334,0.018109987357774967,0.004424778761061947,0.012058380621562927,0.04424778761061947,0.015228613569321533,0.024500394120647282,0.0036568213783403666,0.013049725109103542,0.03656821378340366,0.011630165427633782,160,0.2250351617440225,65679,11.761160605873975,29.9956020104351,139.64677466545743,11.668576900303405,14.516285152857497,11.676593025879665,13.125623490062212,232.3906158508693,0.0,False
10,10000,0.016767473118279568,0.002620967741935484,0.008784244647227242,0.024193548387096774,0.008142921146953405,0.02134646962233169,0.0024630541871921183,0.012519639163227908,0.024630541871921183,0.010509031198686371,0.018097281831187407,0.002575107296137339,0.009869058791359053,0.024320457796852647,0.008830074709903036,151,0.21602288984263232,65679,11.716830541804324,30.094149686332813,140.15040135976477,11.689730288557548,14.902333810462576,11.724706023394978,12.491467924506324,232.76961963482336,0.0,False
11,11000,0.02949260042283298,0.004228329809725159,0.013462602413772031,0.042283298097251586,0.011967683479311386,0.014027777777777776,0.002916666666666667,0.008716997846678178,0.029166666666666667,0.0109375,0.02428705002337541,0.0037868162692847127,0.011865203962015335,0.037868162692847124,0.01162091765177319,152,0.2131837307152875,65679,11.77277599348275,31.2659297613347,148.38160719737957,11.981411464666042,15.140110296677031,11.74526547688317,12.675553661068568,242.9626538514918,0.0,False
12,12000,0.026595999520900707,0.004150197628458498,0.01449722489908274,0.039525691699604744,0.016465901248509947,0.00628415300546448,0.001639344262295082,0.004694326452107692,0.01639344262295082,0.006505334374186833,0.01998787878787879,0.0033333333333333335,0.011308015271000192,0.032,0.013225396825396824,158,0.21066666666666667,65679,11.733797400406004,31.191082593859996,147.2828319669271,11.659670904847971,14.789305495597864,11.669310055762057,12.95758480762731,241.28358322502828,0.0,False
13,13000,0.03261494252873563,0.004310344827586207,0.014809005767160554,0.040948275862068964,0.012439278872468526,0.02055800293685756,0.003524229074889868,0.010193228249221135,0.030837004405286344,0.012261380323054334,0.02865412445730825,0.004052098408104197,0.01329267943348147,0.03762662807525326,0.012380837525555325,141,0.2040520984081042,65679,11.70934533667456,28.408938717579094,137.4611421783847,11.78696258692701,14.7067386803818,11.721007616014717,13.067126171841924,228.86126128780379,0.0,False
14,14000,0.032407407407407406,0.004732510288065843,0.018112519398175365,0.04526748971193416,0.01602570383434581,0.026416666666666665,0.0045000000000000005,0.017834753447322903,0.045,0.020388888888888887,0.030660835762876575,0.004664723032069971,0.018031538071396222,0.04518950437317784,0.01729776944791522,122,0.17784256559766765,65679,11.73710003945583,25.893707203271994,145.98355528110596,11.71026037950513,14.534119409159718,11.703578045638759,13.958706997329283,235.52102735546669,0.0,False
15,15000,0.02661764705882353,0.0035294117647058825,0.011650488325581349,0.03529411764705882,0.009218487394957982,0.021287519747235386,0.0037914691943127963,0.012298255577911067,0.037914691943127965,0.011058451816745654,0.02484931865828092,0.0036163522012578613,0.011865392241055518,0.036163522012578615,0.009828915843066787,124,0.1949685534591195,65679,11.756764977806279,25.76410712457327,143.67680813389111,11.704092972531118,14.734099441528551,11.852591852747063,13.00829362091329,232.49675812399067,0.0,False
16,16000,0.014449371766444938,0.0031042128603104213,0.008124384187072757,0.026607538802660754,0.007224685883222469,0.021591460456089277,0.0030567685589519655,0.011096657856833047,0.03056768558951965,0.009405974908158313,0.016854575163398694,0.0030882352941176473,0.009125341055271442,0.027941176470588237,0.007959267040149395,138,0.20294117647058824,65679,11.734523225219451,28.996080186071207,145.08554864683163,11.659508201147633,14.417526530292532,11.697991191588624,12.742785686990777,236.33396366814182,0.0,False
17,17000,0.018683409436834095,0.00319634703196347,0.009951265133574957,0.02968036529680365,0.010029354207436399,0.026751373626373625,0.005384615384615385,0.0182017543729748,0.046153846153846156,0.019337606837606842,0.021688668303997818,0.004011461318051576,0.013024513274325614,0.03581661891117478,0.013496611634147452,165,0.23638968481375358,65679,11.74159369164273,30.926804591681172,137.83153625302782,11.728333447392005,15.101273252526513,11.748207654719602,13.544158260291907,232.62190715128176,0.0,False
18,18000,0.030353430353430355,0.004365904365904366,0.018891127555582515,0.04365904365904366,0.018696168696168695,0.017443502824858754,0.003389830508474576,0.008394577883210701,0.029661016949152543,0.007608622545063223,0.026104137610413764,0.004044630404463041,0.015436196282667942,0.03905160390516039,0.015046711385623518,125,0.17433751743375175,65679,11.824816001951461,28.049158631852055,147.7581957553438,11.675540907715373,15.313041493594456,11.712020146076307,13.349156325811844,239.68192926234525,0.0,False
19,19000,0.029060095653982116,0.0037117903930131003,0.01457797460197648,0.03711790393013101,0.011128439731059817,0.024865591397849465,0.0032258064516129032,0.014224617780989842,0.03225806451612903,0.014471326164874553,0.02758667206259274,0.0035410764872521247,0.014453849259760208,0.03541076487252125,0.012302711452853098,149,0.21104815864022664,65679,11.734505899708633,38.80895559413549,146.31857602637015,11.713979735247793,15.285427963395923,11.677675510067022,13.36930144535311,248.90842217427812,0.0,False
20,20000,0.02053834808259587,0.0026548672566371685,0.01053055482222477,0.02654867256637168,0.009481668773704172,0.033950617283950615,0.007407407407407408,0.021408168151142486,0.053497942386831275,0.020883140636227055,0.025227817745803356,0.004316546762589928,0.014333806676796002,0.03597122302158273,0.013468082676715768,135,0.19424460431654678,65679,11.743082517026888,28.542690702748793,144.47622910845718,11.686648621859682,15.884697495021673,11.677575036761999,12.961941898508544,236.97286538038475,0.0,False
21,21000,0.03599562363238512,0.004595185995623633,0.02023960087956432,0.045951859956236324,0.017778125108540866,0.01946902654867257,0.003097345132743363,0.007941643567938873,0.02654867256637168,0.005162241887905604,0.03052708638360176,0.004099560761346999,0.016170291432379327,0.03953147877013177,0.013603616165841641,128,0.18740849194729137,65679,11.751141856301828,27.399234197604017,155.9733489653924,11.73600480438089,15.326495764430778,11.73145984619591,13.519549786626845,247.43723522093268,0.0,False
22,22000,0.017980636237897647,0.0024896265560165978,0.00934799669148956,0.022821576763485476,0.008338273068563525,0.015606060606060606,0.0027272727272727275,0.00716503877252283,0.02727272727272727,0.009507575757575758,0.017236467236467237,0.002564102564102564,0.008663878825146711,0.024216524216524215,0.008704721204721206,125,0.17806267806267806,65679,11.77085504547315,26.193092950863896,144.07026565117255,11.816143365435405,14.980443573336423,11.676516070950257,12.717021348122685,233.22433800535435,0.0,False
23,23000,0.009563994374120956,0.0018987341772151902,0.006828427841569846,0.0189873417721519,0.007823488045007033,0.03138075313807531,0.0033472803347280337,0.012730951635053693,0.03347280334728033,0.0071528192867105,0.016877045348293596,0.0023842917251051896,0.008806973685388414,0.023842917251051893,0.007598677619715488,144,0.20196353436185133,65679,11.704079317824412,29.588646453269916,141.9118478927341,11.73205794339615,15.12548055390521,11.787819678333102,12.607737221239333,234.45766906070224,0.0,False
24,24000,0.01825396825396825,0.0023809523809523807,0.010247652741846212,0.023809523809523808,0.009845836482741245,0.012295081967213115,0.0012295081967213116,0.0038292493432122866,0.012295081967213115,0.0015027322404371586,0.016310160427807485,0.002005347593582888,0.008153948959404128,0.020053475935828877,0.007124289109583228,139,0.1858288770053476,65679,11.714368716163847,28.32426496084204,143.64386583712567,11.678433477723543,14.842014412244989,11.67125217654396,12.873344615525403,234.74754419616946,0.0,False
25,25000,0.012558139534883722,0.0018604651162790699,0.005307765533147944,0.01627906976744186,0.004528423772609819,0.016283524904214558,0.0026819923371647508,0.007265694064217809,0.02681992337164751,0.006077054065559812,0.013965267727930535,0.002170767004341534,0.006047301490614275,0.020260492040520984,0.005113362276893391,156,0.22575976845151954,65679,11.696808654083208,31.47997152935008,136.6690196366498,11.660896776999156,14.740370788439948,11.703139230050292,12.841959967525158,230.79216658309764,0.0,False
26,26000,0.038175460902733625,0.005165289256198347,0.021293322145002333,0.049586776859504134,0.017498852157943067,0.0056998556998557,0.0017094017094017094,0.002887204048329357,0.017094017094017096,0.004527879527879528,0.027591489290653637,0.00403899721448468,0.015294670843301111,0.03899721448467967,0.013271543529203695,137,0.19080779944289694,65679,11.764528023310017,28.744549345476912,142.57309861438404,11.663610509358643,14.772426843641732,11.666592968974724,13.388010922138657,234.57281722728473,0.0,False
27,27000,0.01774322169059011,0.0026315789473684214,0.011415406650932361,0.02631578947368421,0.011686333890281259,0.026124215920134287,0.004081632653061225,0.01572581524909175,0.04081632653061224,0.014664723032069971,0.020672385151700414,0.0031383737517831673,0.012921897530460254,0.03138373751783167,0.012727283019722393,114,0.16262482168330955,65679,11.794531352291894,24.666231412310765,146.4276103161138,11.829191791151196,14.979614756984068,11.736983521917592,12.733838883868636,234.16800203463794,0.0,False
28,28000,0.03054989816700611,0.004073319755600814,0.016670879972728463,0.038696537678207736,0.014549995150809814,0.03741209563994374,0.005063291139240507,0.020279627789064617,0.05063291139240506,0.018851717902350816,0.032783882783882785,0.004395604395604396,0.017845705841508228,0.042582417582417584,0.015950418628990055,129,0.1771978021978022,65679,11.81966321450647,27.67851407119073,153.27371082772197,12.057207579192763,15.004425453104057,11.679997076844382,13.425319479401336,244.93883770196172,0.0,False
29,29000,0.01492063492063492,0.0025263157894736847,0.00953248598912366,0.02526315789473684,0.010444444444444445,0.020926756352765318,0.0031390134529147985,0.01123865156317477,0.03139013452914798,0.009043348281016442,0.016839496065857096,0.0027220630372492838,0.010077579002036837,0.027220630372492838,0.00999681630054123,121,0.17335243553008595,65679,11.959430272960244,28.807590647812393,136.2005833696351,11.66644732612885,15.131920419058503,11.674234437858596,12.377861278434905,227.81806775188858,0.0,False
30,30000,0.016931818181818183,0.0022727272727272726,0.008149843120018199,0.022727272727272728,0.006056096681096681,0.0203567985725662,0.0058091286307053935,0.012829644798520695,0.058091286307053944,0.017628268458143977,0.018143889068999202,0.0035242290748898684,0.00980598438950293,0.03524229074889868,0.010151388014824137,116,0.17033773861967694,65679,11.726509679281516,24.26522153842897,143.72361527983674,11.710932028956462,14.543671039734738,11.670158244485307,12.47147104474055,230.11157885546424,0.0,False
31,31000,0.017857142857142856,0.003393665158371041,0.010915062975326326,0.03167420814479638,0.011500754147812972,0.020709219858156026,0.0034042553191489357,0.01058188950878994,0.03404255319148936,0.010867950016886186,0.01884715481465851,0.0033973412112259975,0.010799411919733931,0.03249630723781388,0.011281095402218003,120,0.17725258493353027,65679,11.691164557731462,25.486836159876493,145.45930063626992,11.752696101398168,14.979876284340262,11.725036089361291,13.62242652642922,234.71733635540681,0.0,False
32,32000,0.026274509803921573,0.0037647058823529413,0.012089046124590996,0.03529411764705882,0.010592903828197945,0.009382891414141413,0.0023437500000000003,0.007493480830412763,0.0234375,0.01081814236111111,0.019924650321126093,0.0032305433186490457,0.010361491476559239,0.030837004405286344,0.010677574994755613,133,0.19530102790014683,65679,11.788045934560397,38.48754306728583,150.30706745360317,11.710795434502833,14.93805474601928,11.679525124036818,13.145838384532802,252.05687014454114,0.0,False
33,33000,0.011232676878191102,0.002188183807439825,0.00727982605210928,0.0175054704595186,0.008265603834531624,0.014705882352941176,0.0024221453287197234,0.010997389161410772,0.02422145328719723,0.014302191464821224,0.012578194816800715,0.002278820375335121,0.008720008007321253,0.020107238605898123,0.010604174645729606,157,0.21045576407506703,65679,11.71359383432373,37.48011173321762,168.5559520106239,11.774326509641359,14.825343431133787,11.729230100778961,13.358714017074405,269.43727163679375,0.0,False
34,34000,0.014668826493880488,0.003455723542116631,0.009859561423439437,0.028077753779697623,0.012874112928108607,0.014423076923076922,0.0020161290322580645,0.010352719812196539,0.020161290322580645,0.011928763440860215,0.014583107937538316,0.0029535864978902956,0.01003157728899747,0.02531645569620253,0.012544370772218871,121,0.170182841068917,65679,11.748672212570991,27.644478793961355,164.7679562142984,11.825847741240084,15.321968499973359,11.756602966560282,13.20865006868531,256.27417649728983,0.0,False
35,35000,0.024662402274342573,0.0031982942430703624,0.012989564128378695,0.031982942430703626,0.012146749246962464,0.006336088154269972,0.0012396694214876034,0.0029171819834018483,0.012396694214876033,0.003168044077134986,0.01842475386779184,0.002531645569620253,0.009561270908850712,0.02531645569620253,0.009090706137119639,104,0.14627285513361463,65679,12.051438006067949,31.61884045735884,183.23116950709138,12.246887459464034,15.147020847127921,12.017322978136875,13.31074331676306,279.6234225720101,0.0,False
36,36000,0.024492164901151078,0.00391705069124424,0.013342988749744001,0.03917050691244239,0.012346390168970814,0.015153769841269843,0.0031249999999999997,0.0099480590128842,0.03125,0.015114795918367346,0.02131313679565959,0.003647416413373861,0.012187267988259814,0.0364741641337386,0.013288826168765379,106,0.16109422492401215,65679,11.801192369658917,35.21135662645953,170.91517043162779,11.665953884061262,14.653688035392436,11.693203854789072,12.725141195737283,268.6657063977263,0.0,False
37,37000,0.03353909465020576,0.0051440329218107,0.01742654685206365,0.047325102880658436,0.01562887843752041,0.0198744769874477,0.0029288702928870294,0.01115010068587876,0.02510460251046025,0.010865378229394965,0.02903448275862069,0.004413793103448276,0.015357483909004079,0.04,0.01405856595511768,122,0.16827586206896553,65679,11.759237462775213,27.18528807856696,140.2732662009916,11.663977225151791,14.771947648739223,11.687024858032109,13.009755267620605,230.35049674187752,0.0,False
38,38000,0.026228551121941317,0.0036247334754797443,0.013774523130818454,0.03624733475479744,0.011504552069584052,0.017912867274569404,0.00425531914893617,0.010393077742629164,0.03404255319148936,0.00936676798378926,0.023452719155844157,0.003835227272727273,0.012645773604931404,0.03551136363636364,0.010790945165945165,103,0.14630681818181818,65679,11.736428102652324,24.07608177521642,148.37513655491762,11.660362258818571,14.74088015477118,11.669233924972017,12.788209592487151,235.0463323638353,0.0,False
39,39000,0.022114627227409183,0.0035164835164835165,0.011677898734282972,0.035164835164835165,0.011119832548403978,0.026181353767560662,0.0038314176245210726,0.014584274258832715,0.038314176245210725,0.013803746275010643,0.023597051287436468,0.0036312849162011183,0.012737345678287838,0.036312849162011177,0.012098186574443559,111,0.15502793296089384,65679,11.802404533927183,25.392943552337773,144.78416317247576,11.69684875343413,14.94949462432435,11.880447179951625,12.705559461359192,233.21186127781004,0.0,False
40,40000,0.02793470028891195,0.004751619870410367,0.012869444109655476,0.04535637149028078,0.011839624258630738,0.03326558265582656,0.005691056910569105,0.022876368932430717,0.04878048780487805,0.024638663053297198,0.02978434353610658,0.005077574047954866,0.016341522397952668,0.0465444287729196,0.01628047551883941,113,0.15937940761636107,65679,11.935515041604228,27.575128446224312,154.1287553219854,11.696413992425686,14.764878244342277,11.689218555148429,12.392122012537184,244.1820316142675,0.0,False
41,41000,0.02519057519057519,0.0033264033264033266,0.011959448259774231,0.031185031185031187,0.008620433620433618,0.010612073112073113,0.001984126984126984,0.008438768134146034,0.01984126984126984,0.008999433106575963,0.02017859357559221,0.0028649386084583905,0.010749064369380907,0.027285129604365622,0.008750730851685831,120,0.16371077762619374,65679,11.884330018096383,24.731006715390453,150.88586631551055,11.678824629905368,15.356757266021814,11.699043551150965,13.05311377794438,239.28894227401992,0.0,False
42,42000,0.015261958997722097,0.002050113895216401,0.005777297123627599,0.02050113895216401,0.004220450518855986,0.019656488549618323,0.0034351145038167942,0.01093336867596426,0.03435114503816794,0.009747970434993335,0.01690442225392297,0.002567760342368046,0.0077043880604495745,0.025677603423680456,0.006286370944002898,124,0.1768901569186876,65679,11.894692864156815,27.49267103324682,146.75491539451434,11.664018128318062,14.718627075133508,11.678058141879541,12.655508121090648,236.8584907583397,0.0,False
43,43000,0.027309682187730968,0.003547671840354767,0.016714503333275905,0.03325942350332594,0.015117199873297432,0.010802469135802469,0.00205761316872428,0.007214818201499635,0.0205761316872428,0.009945130315500685,0.0215297790585975,0.0030259365994236313,0.01338824470644358,0.02881844380403458,0.013306230273089062,100,0.1440922190201729,65679,11.84097267227166,22.97112359462422,143.16533943380637,11.674449848548749,15.200673169239037,11.954202055143234,13.025153269324157,229.83191404295744,0.0,False
44,44000,0.028711484593837537,0.0037815126050420172,0.01654892161234806,0.037815126050420166,0.01689925970388155,0.027439024390243903,0.0040650406504065045,0.012043608046024973,0.04065040650406504,0.009823848238482384,0.028277931671283472,0.0038781163434903044,0.015013870175623018,0.038781163434903045,0.014488523941432529,110,0.1523545706371191,65679,11.851689986894232,26.572374064916943,158.06488797889992,11.707185452972112,14.935278109882988,11.92693690485469,13.394976688825208,248.4533291872461,0.0,False
45,45000,0.031275221953188055,0.004842615012106538,0.016926843399577913,0.048426150121065374,0.018551827510665284,0.024877113379787177,0.0049586776859504135,0.018389333113426415,0.045454545454545456,0.023839039748130657,0.028911340617672008,0.004885496183206107,0.017467183110648654,0.04732824427480916,0.02050527081061432,111,0.16946564885496182,65679,12.056518880169605,25.00728614891756,137.1069482600778,11.659052294922533,14.55606814762707,11.669275586522962,12.23282145984203,224.28797077807954,0.0,False
46,46000,0.025730337078651685,0.0044943820224719105,0.016876161304449053,0.04044943820224719,0.0182673443909399,0.026560424966799466,0.00398406374501992,0.013554979732587487,0.0398406374501992,0.011254980079681275,0.02602969348659004,0.004310344827586207,0.01567843634103346,0.040229885057471264,0.01573846013501186,112,0.16091954022988506,65679,11.71466791649936,24.68000785668667,138.26292509579176,11.664212432104664,14.682008330846665,11.708803882097204,12.976872939048784,225.68949845307512,0.0,False
47,47000,0.03247261345852895,0.003990610328638498,0.015310833590015392,0.03990610328638498,0.011700760116253072,0.011711711711711712,0.002316602316602317,0.008637153416243219,0.023166023166023165,0.009045780474351903,0.024622871046228713,0.0033576642335766426,0.012787500502413942,0.033576642335766425,0.010696906499826207,108,0.15766423357664233,65679,11.710351493228465,24.09083820925466,150.06456966742965,11.682653487847874,14.862661956606752,11.734556078142958,12.926613367174669,237.07224425968505,0.0,False
48,48000,0.02510460251046025,0.0031380753138075313,0.01283768423473009,0.03138075313807531,0.011884007438400743,0.028735632183908042,0.004597701149425288,0.01321582761401606,0.0421455938697318,0.011690384966247035,0.02638700947225981,0.0036535859269282815,0.012971236903192388,0.035182679296346414,0.011815623858925617,104,0.14073071718538566,65679,11.752571441221022,31.12656567720237,155.62599022343923,11.895689709053373,15.543436736086338,11.884691099450437,13.091020499388442,250.9199653858412,0.0,False
49,49000,0.011940673705379587,0.0020361990950226246,0.007482452712085734,0.01809954751131222,0.007999353587588881,0.012264150943396227,0.0026415094339622643,0.005229458810145218,0.026415094339622643,0.006430068882899072,0.012061920477762061,0.0022630834512022634,0.006637978335827972,0.021216407355021217,0.007411149278193125,113,0.15983026874115983,65679,12.083623156850312,26.296322233903062,153.52378383646538,11.672624515743705,15.553795432027284,11.685679813770374,13.836709569193042,244.65253855795316,0.0,False
50,50000,0.02610084033613445,0.004,0.014946199105816354,0.04,0.014300653594771241,0.02299498746867168,0.004135338345864662,0.015336467161409158,0.041353383458646614,0.018425528105979232,0.024905244297429536,0.004052098408104197,0.015096432539662499,0.04052098408104197,0.015888521351618314,106,0.15340086830680175,65679,11.763145366498057,30.292246813289765,160.04475165599072,11.668533862817936,14.596492321905865,11.688891591903754,13.361604236348384,253.4156658487545,0.0,False
51,51000,0.01747311827956989,0.002304147465437788,0.009449748666618232,0.02304147465437788,0.008643296028088656,0.02394278606965174,0.0037313432835820895,0.012380047178647609,0.033582089552238806,0.011918088130774697,0.019943019943019943,0.002849002849002849,0.010568438127051097,0.027065527065527065,0.009893501560168227,112,0.15954415954415954,65679,11.760506617299743,32.5854149224522,146.51697103371282,11.707364305928863,15.056025014607844,11.863482490836324,13.228149509023762,242.71791389386158,0.0,False
52,52000,0.03152400835073069,0.0043841336116910235,0.019029177823584296,0.04175365344467641,0.017158763296550354,0.02540983606557377,0.003278688524590164,0.012402617071773696,0.03278688524590164,0.012960252406973717,0.029460580912863066,0.00401106500691563,0.01679282813694282,0.03872752420470263,0.015741838459680784,101,0.1396957123098202,65679,11.740083260842333,24.18198749524342,148.99383331186053,11.727074569457818,15.16452558704938,11.75514517172925,14.173109731559913,237.73575912774265,0.0,False
53,53000,0.0178544061302682,0.002988505747126437,0.011067441736557939,0.027586206896551724,0.010063856960408686,0.022247872533043635,0.0045627376425855515,0.013394255326464398,0.045627376425855515,0.01893596475345525,0.019509823986901348,0.0035816618911174787,0.01194416376255421,0.034383954154727794,0.013406785827989267,111,0.15902578796561603,65679,11.748880301296062,32.81739368206013,149.96766228224033,11.71026041784512,14.726660685951757,11.762620084664402,12.554394873388885,245.28787232744668,0.0,False
54,54000,0.019036334913112164,0.003080568720379147,0.010600719518903042,0.02843601895734597,0.010787632588580455,0.03405017921146953,0.0064516129032258064,0.02455160514168531,0.06451612903225806,0.03096358166922683,0.02459369817578773,0.004328358208955225,0.01576462942106723,0.041791044776119404,0.018255745084103294,94,0.14029850746268657,65679,11.783295153834986,22.081261719998288,142.16847773211583,11.662621622419294,15.138712634024317,11.71756628927205,13.840692766591694,228.39262791825647,0.0,False
55,55000,0.020687134502923976,0.003289473684210526,0.010289346440866055,0.03289473684210526,0.008689257866889444,0.008143685854529228,0.0028112449799196785,0.004347874540509861,0.024096385542168676,0.00536431440045898,0.016256895193065408,0.003120567375886525,0.008190869131378547,0.029787234042553193,0.007514916131937408,88,0.12482269503546099,65679,11.757343242099067,30.272310972082746,178.98431415656543,12.358106600494564,15.6322191188097,12.173572082687517,16.187203030841243,277.3650692035803,0.0,False
56,56000,0.022350877192982458,0.0029473684210526317,0.013113377841651695,0.029473684210526315,0.011286549707602338,0.01287001287001287,0.0019305019305019305,0.007593700469715393,0.019305019305019305,0.007115278543849973,0.019005449591280654,0.0025885558583106268,0.011165698768992972,0.025885558583106268,0.009814670645733315,101,0.13760217983651227,65679,11.921746513442882,26.479223102910538,150.75602710746747,11.739496032904182,15.076916549503979,11.701522844078175,12.740369617788433,240.41530176809567,0.0,False
57,57000,0.021375469898445826,0.0032822757111597373,0.012259588937692096,0.03282275711159737,0.01264544475704213,0.016666666666666666,0.002413793103448276,0.007601242504744982,0.02413793103448276,0.005406403940886699,0.019547420451034907,0.002945113788487283,0.010451127805758142,0.029451137884872823,0.009835107626272285,109,0.1459170013386881,65679,11.766896208876068,25.44246635234615,140.56028949081812,11.666651449341106,15.457243727898945,11.69596117186339,12.679806120819217,229.269314521963,0.0,False
58,58000,0.02639873916469661,0.003546099290780142,0.017765756748888265,0.03546099290780142,0.01756538706893317,0.019143554857840573,0.0029304029304029304,0.009290238953825983,0.029304029304029304,0.008215593929879644,0.02355295566502463,0.0033045977011494257,0.01444130795858366,0.033045977011494254,0.013898011311804417,110,0.15804597701149425,65679,11.712166352336947,24.360282174758566,139.3693375117116,11.671208675661376,14.681289367867237,11.703636818141682,13.25783371392865,226.75575461440604,0.0,False
59,59000,0.02195626477541371,0.0034042553191489366,0.013331574189322801,0.03404255319148936,0.014615839243498819,0.016322314049586777,0.0028925619834710746,0.012364870776244347,0.024793388429752067,0.015059687786960515,0.020041354556803996,0.0032303370786516852,0.013003003647237147,0.03089887640449438,0.014766697877652935,73,0.10252808988764045,65679,11.739913087982154,20.535468830280497,136.93291754380937,11.669948288621848,14.906547980189297,11.888259044781982,12.505135841181513,220.17819061684668,0.0,False
60,60000,0.02587719298245614,0.004166666666666667,0.016067979701547618,0.041666666666666664,0.019471421609579508,0.008974358974358974,0.0015384615384615385,0.007824613993217471,0.011538461538461539,0.009615384615384616,0.01973929236499069,0.0032122905027932966,0.013074578746008739,0.030726256983240222,0.015892413762525495,119,0.16620111731843576,65679,11.919400392265342,27.075792623777044,141.49622141778133,11.746241739617885,15.252002359123635,11.718125313996131,12.498912995999659,231.706696842561,0.0,False
61,61000,0.03062770562770563,0.004318181818181818,0.013724467211710008,0.04090909090909091,0.00930465367965368,0.022556390977443608,0.0033834586466165413,0.014523102878421344,0.03383458646616541,0.015574650912996776,0.02758667206259274,0.003966005665722379,0.014025369601717396,0.03824362606232295,0.011667003912046406,89,0.12606232294617564,65679,11.718501768920655,22.89871740408442,138.67999910967612,11.670023830808937,15.169451028288275,11.681115027466216,12.87724704462749,224.6950552138721,0.0,False
62,62000,0.028008298755186723,0.0029045643153526968,0.013030020854834748,0.029045643153526972,0.008604195481788843,0.014622057001239157,0.0037174721189591076,0.0131743683996206,0.026022304832713755,0.019531480498023248,0.023213493120284066,0.0031957390146471376,0.013081724569278683,0.02796271637816245,0.012518229662037916,85,0.11318242343541944,65679,11.703850735629572,21.923487506307975,147.5491171004737,11.775700007366636,15.747871098099886,11.719527417157135,13.491916315590268,233.91147018062517,0.0,False
63,63000,0.027170311464546057,0.0033797216699801196,0.014148032192534346,0.033797216699801194,0.013559910378995867,0.013888888888888888,0.0018115942028985507,0.008930171722678052,0.018115942028985508,0.008281573498964802,0.022464698331193838,0.00282413350449294,0.012299342218618637,0.028241335044929396,0.01168979358966522,105,0.13478818998716302,65679,11.784887715105343,25.501516770927086,148.1733381108897,11.665564810242959,15.190198115397347,11.685525980961037,12.698130086545925,236.6991615900694,0.0,False
64,64000,0.015668044077134985,0.0024793388429752063,0.009062529318017317,0.022727272727272728,0.008712121212121213,0.013489208633093525,0.0025179856115107916,0.006624292158694115,0.017985611510791366,0.0067745803357314146,0.014873140857392825,0.0024934383202099737,0.008172988727083132,0.02099737532808399,0.008005249343832021,90,0.11811023622047244,65679,11.73983157176997,23.441089577219685,149.69244492313467,11.706324315241545,15.730859002222042,11.765243642065244,11.84752399409003,235.92331702574322,0.0,False
65,65000,0.03840245775729646,0.005069124423963134,0.021060057697352745,0.05069124423963134,0.019562394850413282,0.017918088737201365,0.0027303754266211604,0.008920320646427043,0.027303754266211604,0.009129692832764505,0.0301467216872994,0.0041265474552957355,0.01616742639622313,0.04126547455295736,0.015357743280714395,97,0.13342503438789546,65679,11.797488286151985,23.74724559244326,145.28418347830794,11.667625709671503,15.057508082231413,11.68160905735266,13.213846636966897,232.44950684312568,0.0,False
66,66000,0.02614517265680056,0.003171247357293869,0.010921375621114901,0.03171247357293869,0.006838316722037652,0.008620689655172414,0.001149425287356322,0.005538664981289002,0.011494252873563218,0.004857690202517789,0.019913714804722978,0.002452316076294278,0.009007359984882531,0.02452316076294278,0.006134033995069417,99,0.13487738419618528,65679,11.770069957499352,25.160581319776803,142.6281748322378,11.684609813950726,15.630369959787615,11.741446252138548,12.759605384007887,231.37485751939872,0.0,False
67,67000,0.021925693354264784,0.0035164835164835165,0.009922579588141604,0.03296703296703297,0.007057387057387058,0.014130855594270228,0.0020325203252032522,0.006333034693683033,0.02032520325203252,0.005052264808362369,0.019190272399972827,0.0029957203994293866,0.008662910481099082,0.028530670470756064,0.00635373502705885,64,0.0912981455064194,65679,11.752010236950467,18.507599163889584,139.49998966375847,11.664347404616999,14.874911034062215,11.675793535326912,12.515156798623833,220.48980783722845,0.0,False
68,68000,0.016837899543378994,0.0025114155251141556,0.007969683715788174,0.02054794520547945,0.0064588316300645075,0.023273273273273273,0.0042471042471042475,0.010991425928736843,0.03474903474903475,0.010433903291046147,0.01922923641001116,0.003156384505021521,0.009092540578275554,0.02582496413199426,0.00793593860308351,82,0.11764705882352941,65679,11.698649451361703,21.49511734185483,145.05298722049253,11.667242469887846,15.232765118364938,11.734975964738936,13.155399036044596,230.03713660274536,0.0,False
69,69000,0.02076095947063689,0.0027295285359801493,0.011642564113967533,0.02729528535980149,0.010987041632202923,0.015632183908045976,0.0020689655172413794,0.008741041836723105,0.020689655172413793,0.0071592775041050905,0.01861471861471861,0.0024531024531024535,0.010428362872407814,0.024531024531024532,0.009385235575711767,98,0.1414141414141414,65679,11.75538847899768,24.424505865091454,145.77100240456554,11.806709721368103,15.802031919219528,11.770664994938812,12.896015385479437,234.22631876966054,0.0,False
70,70000,0.019641401792991033,0.0031784841075794628,0.011626779499416057,0.03178484107579462,0.014475880001552375,0.009457900807381776,0.0027681660899653983,0.007129189406389921,0.02768166089965398,0.011072664359861593,0.01542502387774594,0.003008595988538682,0.009764596781816409,0.03008595988538682,0.013066812207213355,93,0.1332378223495702,65679,11.770304312829632,22.5925346812976,160.82718867030735,11.83529951357537,15.15633157107149,11.899057605950503,14.346634912117823,248.42735126714976,0.0,False
71,71000,0.018810554524840237,0.0024943310657596376,0.009040360591679338,0.024943310657596373,0.007401108591584783,0.016978557504873294,0.0035087719298245615,0.010953452420900432,0.03508771929824561,0.011854636591478696,0.018091382140968917,0.0028925619834710746,0.009791367714720677,0.028925619834710745,0.009149394376667104,95,0.13085399449035812,65679,11.95587790204719,23.8559835727091,160.5543174590801,11.883746124718291,15.440279454759926,11.772924702894288,12.644165082641157,248.10729429885006,0.0,False
72,72000,0.03329702251270878,0.004357298474945534,0.015080380693048154,0.04357298474945534,0.0117794031192724,0.01982651796778191,0.0026022304832713753,0.010308681534544943,0.026022304832713755,0.007670974213725142,0.02831959706959707,0.003708791208791209,0.013317211635853974,0.03708791208791209,0.010261316064887492,86,0.11813186813186813,65679,11.728281514893773,22.080811348225428,154.96423436731425,11.730412603942058,15.498671505992379,11.70052572626451,12.772680487761063,240.47561755439344,0.0,False
73,73000,0.021731321839080456,0.0028017241379310344,0.012923078614422538,0.028017241379310345,0.011748255336617405,0.016795865633074933,0.0031007751937984496,0.008736484676154786,0.027131782945736434,0.010012919896640826,0.019967682363804244,0.0029085872576177286,0.011427038121246525,0.027700831024930747,0.011128149320670095,75,0.1038781163434903,65679,11.809196580468695,20.795699274111374,154.40450634465057,11.694405624200488,15.066857133944762,11.676827499619568,12.804280774318666,238.25177323131413,0.0,False
74,74000,0.027210884353741496,0.0036281179138321997,0.015037651817741101,0.034013605442176874,0.012785696289097651,0.024867197875166006,0.004780876494023905,0.020176673669085668,0.04780876494023904,0.024394485549864033,0.02636078998073218,0.004046242774566474,0.016901661188676774,0.03901734104046243,0.0169963987521791,80,0.11560693641618497,65679,11.765465607542492,21.536212496408442,138.2763519182928,11.676488923067357,14.734101343970297,11.670653245660773,12.621747893924729,222.28102142886686,0.0,False
75,75000,0.028295454545454544,0.0038636363636363642,0.017559804913733653,0.038636363636363635,0.017278138528138528,0.007440476190476189,0.0014285714285714286,0.00466590150813995,0.014285714285714285,0.005654761904761905,0.020185185185185184,0.002916666666666667,0.012545509144891658,0.029166666666666667,0.01275793650793651,92,0.12777777777777777,65679,11.701361204322774,22.063114345625966,139.23022323759915,11.68579636896469,14.937791400659872,11.683433380014346,12.945257552309657,224.2469774894965,0.0,False
76,76000,0.019264069264069265,0.002597402597402598,0.011670386761610172,0.025974025974025976,0.011444375730090016,0.0101010101010101,0.0017316017316017316,0.004047314863138327,0.017316017316017316,0.00284992784992785,0.016209716209716212,0.002308802308802309,0.00912936279545289,0.023088023088023088,0.00857955977003596,68,0.09812409812409813,65679,11.706610215451303,18.845068976317688,138.1687419824973,11.824183759008566,15.225918722581305,11.832788550943107,13.271735012206076,220.87504721900535,0.0,False
77,77000,0.029906962785114045,0.0037815126050420172,0.016426028106354473,0.037815126050420166,0.013903061224489796,0.023076923076923078,0.003076923076923077,0.012867047936643334,0.03076923076923077,0.011457570207570206,0.027494177018633537,0.003532608695652174,0.015168779676836951,0.035326086956521736,0.013039164941338856,95,0.12907608695652173,65679,11.86941576452466,23.40539124525906,155.96967455106318,12.092955679984808,16.059943837704733,11.957881501496736,13.470067548676523,244.8253301287097,0.0,False
78,78000,0.025253350768224908,0.0036613272311212816,0.01363956370280421,0.034324942791762014,0.012694780429334205,0.016119221411192212,0.0032846715328467154,0.009459033947401793,0.029197080291970802,0.00851581508515815,0.021733306543433126,0.0035161744022503523,0.012028501602972617,0.03234880450070324,0.01108432121090349,87,0.12236286919831224,65679,11.941302306858054,22.57529352423307,150.7376539179525,11.737151653427174,15.326912239117114,11.66866271239131,13.16342941920512,237.15040577318436,0.0,False
79,79000,0.02359835286664555,0.0028824833702882483,0.011332572483681004,0.028824833702882482,0.008308696723330868,0.02433679354094579,0.0038062283737024223,0.012595295078963105,0.03806228373702422,0.011278629098698303,0.02388674388674389,0.0032432432432432435,0.01182571684859523,0.032432432432432434,0.009468575718575718,82,0.11081081081081082,65679,11.715014268103008,20.22238489313155,139.23984776028144,11.692897122300705,15.06747949621065,11.691982883321044,12.892202292839189,222.52180871618756,0.0,False
80,80000,0.018866160783019902,0.003002309468822171,0.01206077492182675,0.02771362586605081,0.013493896403827121,0.02398081534772182,0.003237410071942446,0.009272778558050537,0.03237410071942446,0.005945243804956035,0.020865983524211373,0.0030942334739803095,0.010970672264822831,0.029535864978902954,0.010542383854620141,79,0.1111111111111111,65679,11.74925256739942,20.562795920036486,137.75815373018654,11.682329777457785,14.815149711463333,11.68849527824825,12.940893458851521,221.19707044364333,0.0,False
81,81000,0.02555555555555555,0.004222222222222223,0.013430728809538307,0.04,0.01191005291005291,0.029842342342342343,0.0033783783783783786,0.012155638683435357,0.033783783783783786,0.0070838695838695825,0.027256478999106347,0.003887399463806971,0.012924794925722662,0.03753351206434316,0.00999510617473084,86,0.11528150134048257,65679,11.719770861579743,22.14335096676137,149.9034018226479,11.708925837770195,15.380714808783946,11.776464136189352,13.566529995876625,236.19915842960918,0.0,False
82,82000,0.022665895061728395,0.003472222222222222,0.010737344279964126,0.034722222222222224,0.00889182833627278,0.03218157181571816,0.004471544715447155,0.01406949169804246,0.044715447154471545,0.00954477997160924,0.026118485742379547,0.0038348082595870206,0.011946353520151842,0.038348082595870206,0.009128739991571851,74,0.10914454277286136,65679,11.761925326151529,25.31607898253324,146.93243688154723,11.677979973746117,14.845347363977302,11.714434777414933,13.0344762629582,235.28267956832858,0.0,False
83,83000,0.019615587151132177,0.003317535545023697,0.012867359901882707,0.030805687203791468,0.013500526592943655,0.015289847996614911,0.0033834586466165413,0.009966587564515727,0.03383458646616541,0.01179436686955484,0.017943135675693812,0.003343023255813954,0.011745840364470473,0.03197674418604651,0.012840877630121815,72,0.10465116279069768,65679,11.7003307020698,19.30745599940456,138.02372186667856,11.664452560348343,15.486556559342334,11.712439738527369,12.8013440151252,220.69630144149616,0.0,False
84,84000,0.012962962962962963,0.0017777777777777779,0.00764562194422972,0.017777777777777778,0.00762962962962963,0.01682769726247987,0.0025362318840579713,0.009259205497870992,0.025362318840579712,0.010144927536231883,0.01443220079583716,0.002066115702479339,0.008259050402638801,0.02066115702479339,0.008585858585858586,84,0.11570247933884298,65679,11.752232752210157,22.141311798156565,144.78771398578408,11.769323567223378,15.296678934302587,11.715522934500205,12.88135828945991,230.34414226163688,0.0,False
85,85000,0.02740046838407494,0.003747072599531616,0.015543862400720665,0.03747072599531616,0.014353555629902233,0.016920174507723148,0.004669260700389106,0.009041994878635771,0.038910505836575876,0.014494163424124514,0.02346269714690767,0.004093567251461988,0.013100909252802804,0.038011695906432746,0.014406386336210898,65,0.09502923976608187,65679,11.775687093620174,19.34591604784222,148.10310174911967,11.765899713300776,15.007413057082502,11.718048263460041,13.111287320431014,230.8273532448564,0.0,False
86,86000,0.019271948608137045,0.002355460385438972,0.009130399485540107,0.023554603854389723,0.006575235376091909,0.01800232288037166,0.002439024390243903,0.006283993754517731,0.024390243902439025,0.0037456445993031364,0.01878868258178603,0.002387267904509284,0.008046953272272969,0.023872679045092837,0.005498189549913688,90,0.11936339522546419,65679,11.753092572428653,21.60680685819524,145.16656397260687,11.66502682577175,15.545083179396151,11.686299962516966,13.137190482636479,230.5600638535521,0.0,False
87,87000,0.02297297297297297,0.002927927927927928,0.012835876678368571,0.02927927927927928,0.01097972972972973,0.023985239852398525,0.004059040590405905,0.01296568409949471,0.03690036900369004,0.010982252679669654,0.023356643356643357,0.003356643356643357,0.012885076414207988,0.032167832167832165,0.01098068598068598,77,0.1076923076923077,65679,11.722295018685298,25.565816071024955,152.87361965703877,11.673013644998564,15.185597565425118,11.703041225861327,12.795612681450185,241.51899586448425,0.0,False
88,88000,0.019473368041649976,0.003083700440528634,0.010327781820723653,0.030837004405286344,0.009905775819872736,0.017575757575757578,0.0021818181818181823,0.0070925764467006935,0.02181818181818182,0.004363636363636364,0.018757534189632954,0.0027434842249657062,0.009107368270852166,0.027434842249657063,0.007815119646395367,82,0.11248285322359397,65679,11.793669478836478,26.80967445311752,142.3177120217674,11.704783856102823,15.108591082408502,11.742173892905633,12.800028682112552,232.27663346725095,0.0,False
89,89000,0.018469551282051282,0.002884615384615385,0.011198929900246872,0.02403846153846154,0.01216613247863248,0.01655576679340938,0.0034220532319391636,0.012980146681211169,0.026615969581749048,0.013371356147021547,0.017728276877761413,0.0030927835051546395,0.011888856282269863,0.025036818851251842,0.01263295696285387,65,0.09572901325478646,65679,11.782355190160382,23.00954268169911,170.20192262951275,11.953082867603715,16.742742033289126,12.213648639933933,13.462011881678476,259.36530592387743,0.0,False
90,90000,0.024107820804859532,0.0036446469248291574,0.01302725243927383,0.03416856492027335,0.011837871063383592,0.022869674185463658,0.0033834586466165418,0.013970124605338967,0.03383458646616541,0.01489139515455305,0.023640661938534275,0.0035460992907801418,0.013383002788455852,0.03404255319148936,0.012989980862321289,71,0.10070921985815603,65679,11.802920522795135,20.087631371946273,150.0382964122783,12.025746596845687,15.69928062251924,11.889222003087092,13.164795334922458,234.70789286439418,0.0,False
91,91000,0.02161985301520185,0.003382663847780127,0.012088335116456097,0.03382663847780127,0.01206751904426323,0.009943181818181818,0.001893939393939394,0.006509781431314491,0.01893939393939394,0.008838383838383838,0.017437164825224526,0.002849389416553596,0.010090047229241193,0.028493894165535955,0.010910813895888523,55,0.07462686567164178,65679,11.8617843593051,18.65451588893563,164.490452835727,11.752592704250553,15.289340683708602,11.709253694421745,13.267089339005778,247.02502950535438,0.0,False
92,92000,0.028312412831241283,0.003765690376569038,0.012724876150944205,0.03765690376569038,0.009437470943747094,0.020910780669144983,0.004089219330855019,0.010708662530427094,0.040892193308550186,0.011714462736767569,0.025647032574743416,0.0038821954484605094,0.01199882332106589,0.038821954484605084,0.010257431843777226,86,0.11512717536813923,65679,11.813051022664666,26.33380681817815,143.3268806636176,11.67245413609755,15.03309081376733,11.686717802841805,12.737284874463073,232.60328613163017,0.0,False
93,93000,0.020519389190275267,0.002953586497890295,0.011940629931379228,0.029535864978902954,0.01085911861228317,0.020508274231678485,0.003191489361702128,0.013904086618248133,0.031914893617021274,0.01416891815827986,0.020515243134290755,0.0030423280423280425,0.012673030441560484,0.03042328042328042,0.012093726379440664,72,0.09523809523809523,65679,11.725785165801057,19.648607828205016,139.13467031568052,11.690335797592821,15.818790180324726,11.702231793440932,12.853167528869418,222.5735886099145,0.0,False
94,94000,0.018850574712643675,0.002988505747126437,0.011822278166656498,0.029885057471264367,0.012866265280058383,0.008389261744966443,0.0010067114093959733,0.004800928047226151,0.010067114093959731,0.004865771812080537,0.014597544338335607,0.0021828103683492503,0.008967759291362851,0.021828103683492497,0.009613677212585808,86,0.11732605729877217,65679,11.758961054018219,21.80815129615085,146.32368851234813,11.702624564506603,15.164923699181182,11.699458484625696,12.304939855531384,230.76274746636207,0.0,False
95,95000,0.023436667731969743,0.002684563758389262,0.012844232901124996,0.026845637583892617,0.009917971662938107,0.015057471264367817,0.002413793103448276,0.01059138558385401,0.02413793103448276,0.009894636015325671,0.020139561930606707,0.002578018995929444,0.011957766521194757,0.025780189959294438,0.009908789386401325,81,0.10990502035278155,65679,11.771869871335383,20.86252308819425,139.94998240031768,11.660687475975596,14.990886349802029,11.764899316885764,13.169170345904424,224.17001884841514,0.0,False
96,96000,0.019142857142857145,0.003058823529411765,0.008763238629189237,0.03058823529411765,0.007828197945845003,0.020598591549295775,0.0031690140845070424,0.011826656869526404,0.03169014084507042,0.014172535211267608,0.019725972194237353,0.0031029619181946405,0.00999033422898579,0.031029619181946404,0.010369512167819643,56,0.07898448519040903,65679,11.705734620042623,17.53274765442167,138.1981060446999,11.667519425950095,14.995337901193423,11.667541840645196,12.15677437814075,217.92376186509367,0.0,False
97,97000,0.01659324522760646,0.003083700440528634,0.00975748015744411,0.030837004405286344,0.010494021397105098,0.021453722334004027,0.0035211267605633804,0.013259331375089419,0.035211267605633804,0.01654929577464789,0.018463672731965416,0.0032520325203252037,0.011105076018976994,0.032520325203252036,0.012824235385210993,69,0.09349593495934959,65679,11.732747664146281,20.32916923098982,148.43167329184683,11.660358233436114,15.136652389231841,11.75555630541017,12.936906320735325,231.9830634357964,0.0,False
98,98000,0.03034913516976297,0.004260089686098655,0.019186444720640707,0.04035874439461883,0.01819880418535127,0.010696517412935322,0.002238805970149254,0.006756874308772495,0.022388059701492536,0.008990760483297798,0.022972522342270242,0.0035014005602240898,0.014521003725709782,0.03361344537815126,0.014742563692143525,75,0.10504201680672269,65679,11.946427369732143,25.90557673213048,174.73467436168386,11.774819916578194,15.610316722914492,11.776482666547155,13.68250878445304,265.4308065540394,0.0,False
99,99000,0.019331911869225303,0.0034115138592750536,0.010202962351199172,0.029850746268656716,0.011149186042576234,0.01194743130227001,0.0021505376344086026,0.00598169081987071,0.021505376344086023,0.005904022301871765,0.01657754010695187,0.0029411764705882357,0.008628450643658208,0.026737967914438502,0.009192768016297427,76,0.10160427807486631,65679,11.819497044388005,26.706561556576887,143.62858584969842,11.663570198928303,15.213276822065303,11.715759260240432,12.08037193228817,232.8276226641855,0.0,False
100,100000,0.01905311778290993,0.0032332563510392614,0.00998446254041586,0.03233256351039261,0.01006818431760695,0.03259709773794281,0.004929577464788733,0.019590631190022214,0.04929577464788732,0.018427230046948358,0.024417818350872745,0.0039051603905160387,0.013789416370943343,0.03905160390516039,0.013379159195058775,80,0.11157601115760112,65679,11.799203106736128,20.692373559925286,143.87449293741528,11.685602327782263,16.039605752384695,11.713080869758807,14.204157325409945,230.00851587941239,0.0,False
101,101000,0.014916286149162862,0.0018264840182648403,0.0060711269533736045,0.0182648401826484,0.004288975864318329,0.010725806451612904,0.0019354838709677422,0.006537773670989754,0.01935483870967742,0.00629800307219662,0.013179590017825314,0.0018716577540106951,0.006264523320300084,0.01871657754010695,0.005121594092182327,82,0.10962566844919786,65679,11.800495773366116,24.656260091376893,144.42033730180034,11.660184330321982,15.324957380394299,11.762439171916078,13.41207553402085,233.03674958319655,0.0,False
102,102000,0.010542168674698794,0.0016867469879518074,0.005334689138096614,0.016867469879518072,0.004822145725760184,0.021961492178098677,0.0032490974729241884,0.01141073244042876,0.032490974729241874,0.01191765514870208,0.01511319845857418,0.0023121387283236996,0.007766862540908759,0.023121387283236993,0.007662400220203688,83,0.1199421965317919,65679,11.742061306364848,23.000666284449938,150.42318535773632,11.691075009048756,15.397041159395663,11.741758578411032,12.640207104099021,236.63599479950557,0.0,False
103,103000,0.013567733079928201,0.0019955654101995565,0.005368914616322775,0.017738359201773836,0.0033928131489107094,0.016891891891891893,0.0030405405405405407,0.009150953895826739,0.02702702702702703,0.009463481338481338,0.014884936571683556,0.0024096385542168677,0.0068675540095398755,0.0214190093708166,0.005798325577442042,74,0.09906291834002677,65679,11.729147472896994,22.439353590843204,140.74938594542397,11.663965789047992,15.092477692206508,11.674956414242654,13.121059700346716,226.470346605008,0.0,False
104,104000,0.03394355453852021,0.004576659038901602,0.020752433063768685,0.043478260869565216,0.01968235806908576,0.016792929292929294,0.0034090909090909094,0.010463094665290211,0.03409090909090909,0.01311026936026936,0.02748454588682834,0.004136947218259629,0.016877418317408747,0.039942938659058486,0.01720727758530897,64,0.0912981455064194,65679,11.7627948259362,22.364578241094307,151.40972867794602,11.699743767600024,15.232317451378124,11.796017074152537,13.0683525603921,237.3335325984993,0.0,False
105,105000,0.01963768115942029,0.0026086956521739132,0.010353952898830374,0.02608695652173913,0.008541235334713595,0.02679738562091503,0.004313725490196079,0.010987639300790395,0.0392156862745098,0.007858699035169623,0.02219114219114219,0.0032167832167832163,0.010579952944284647,0.03076923076923077,0.008297813297813298,68,0.0951048951048951,65679,11.778541422504535,24.467263873156202,156.46877154643772,11.695678758867622,15.342657518183783,11.755168131802328,13.023830448193745,244.53191169914592,0.0,False
106,106000,0.013868808567603749,0.0028915662650602415,0.010625672153190609,0.02891566265060241,0.016555746796710652,0.005703422053231939,0.001140684410646388,0.0034900491777692475,0.011406844106463879,0.003548795944233207,0.010701409373975746,0.0022123893805309734,0.007857724007857544,0.022123893805309734,0.011510277660720138,74,0.10914454277286136,65679,11.837059008791561,24.259357398467156,155.56668587892244,11.747347094939048,15.33125469389135,11.826891234949926,13.519177700881817,244.08777301084328,0.0,False
107,107000,0.022879464285714284,0.003125,0.016291938342957713,0.03125,0.0161546910430839,0.015389082462253194,0.0024390243902439024,0.006070218974365855,0.024390243902439025,0.0040456833139759975,0.019954648526077097,0.002857142857142857,0.012300600303793272,0.02857142857142857,0.011426411834575101,69,0.09387755102040816,65679,11.915284719835745,20.936223774126876,154.9902609952157,11.745603837577667,15.344255399535323,11.743188740444971,12.650477697172951,239.32529516390923,0.0,False
108,108000,0.028774289985052316,0.0033632286995515697,0.01512961240225303,0.033632286995515695,0.012141433553989606,0.02233115468409586,0.0029411764705882353,0.011802128563803405,0.026143790849673203,0.009876543209876543,0.026152482269503542,0.0031914893617021275,0.013775609670117941,0.030585106382978722,0.01121981594056062,83,0.11037234042553191,65679,11.74025501348569,21.616302606181776,159.1184691710143,11.680455780264248,15.631573653064612,11.711575841916872,12.809574366133559,244.30820643206107,0.0,False
109,109000,0.02138508371385084,0.0029680365296803654,0.010602783077686837,0.02968036529680365,0.008071501050953105,0.01084474885844749,0.0017123287671232876,0.005017133287833187,0.017123287671232876,0.004394977168949771,0.0171689497716895,0.0024657534246575346,0.008368523161745377,0.024657534246575342,0.006600891498151771,61,0.08356164383561644,65679,11.734814120492597,21.36733390935286,164.87060796609165,11.683896098360623,15.53250090577038,11.685771394095296,12.828216483837252,249.70314087800068,0.0,False
110,110000,0.009062253743104806,0.001182033096926714,0.004762300762277786,0.01182033096926714,0.004615557807047168,0.018050541516245487,0.0025270758122743686,0.013319640868019334,0.02527075812274368,0.014956162970603405,0.01261904761904762,0.0017142857142857146,0.008148562489835512,0.017142857142857144,0.008707482993197279,71,0.10142857142857142,65679,11.766168057290166,19.92312960545986,145.98218988948196,11.701002761856094,15.151620773628387,12.06029270326564,12.917454330491074,229.5018581214732,0.0,False
111,111000,0.023148148148148147,0.003472222222222222,0.012011780404408036,0.03009259259259259,0.009236294826572603,0.011948051948051947,0.002545454545454545,0.0067351520117986145,0.02181818181818182,0.0070909090909090896,0.018791675085875932,0.003111739745403112,0.009959343618032378,0.026874115983026876,0.008401809568711973,68,0.09618104667609619,65679,11.810259785628025,19.782654534106907,161.74443877844598,11.766228204139473,15.39159535458509,11.82998080093145,12.92995840691466,245.25511586475162,0.0,False
112,112000,0.022421972534332084,0.003146067415730337,0.010661859116467895,0.03146067415730337,0.009588014981273409,0.017716535433070866,0.001968503937007874,0.007669577141215207,0.01968503937007874,0.004893138357705287,0.020712128437450326,0.0027181688125894137,0.009574534908006976,0.027181688125894134,0.00788200831119286,67,0.09585121602288985,65679,11.91988443534353,21.503069987542645,156.48058830692452,11.686209915276468,15.293401439676197,11.781141028240071,13.154583658872564,241.81887877187594,0.0,False
113,113000,0.0263317191283293,0.0036319612590799038,0.013482882186279075,0.03631961259079903,0.010992928244744224,0.02641125024845955,0.004651162790697675,0.016743258210951087,0.03875968992248062,0.020424203273040484,0.026362298903282507,0.004023845007451565,0.014736499197255795,0.037257824143070044,0.014619260520899867,55,0.08196721311475409,65679,11.829713353422866,20.40798950987341,149.64851626896035,11.660686808606657,14.715187673684099,11.715295695876454,13.271905540325479,233.24929485074932,0.0,False
114,114000,0.02095671981776765,0.003416856492027335,0.014126053052891078,0.03416856492027335,0.015546697038724374,0.012937062937062937,0.0024475524475524473,0.006656974744418498,0.024475524475524476,0.00778943278943279,0.017793103448275862,0.00303448275862069,0.01117963043741086,0.030344827586206897,0.012486590038314175,67,0.09241379310344827,65679,11.7855786303106,23.326444160042676,159.20979513749793,11.68950224254839,15.453943559864264,11.765054823840298,12.626661149414687,245.85697970351885,0.0,False
115,115000,0.022916666666666665,0.0030000000000000005,0.013177360729736956,0.03,0.01131547619047619,0.015127388535031847,0.0028662420382165603,0.007431630545033618,0.025477707006369428,0.006740976645435244,0.019491129785247432,0.0029411764705882353,0.010650527007052294,0.028011204481792718,0.009303721488595438,83,0.11624649859943978,65679,11.761599150804381,22.01882876915612,148.74187841347822,11.663084031211108,15.179791018237603,11.697066386040511,12.829865649377492,233.89211341830546,0.0,False
116,116000,0.0196078431372549,0.0031674208144796376,0.011623609898683223,0.029411764705882353,0.01194606047547224,0.025355871886120998,0.0035587188612099642,0.01190806624782125,0.03558718861209965,0.008574817827486866,0.021841862609497463,0.003319502074688797,0.011734166239081266,0.0318118948824343,0.010635798810072669,54,0.07468879668049792,65679,11.76586741898425,22.360464044132026,150.0334532133947,11.66642933219178,15.25770739082763,11.776888325650686,12.867115774122666,235.7279254993037,0.0,False
117,117000,0.01890847247990105,0.0036796536796536794,0.010872325579245534,0.032467532467532464,0.011820586820586822,0.019823788546255508,0.003524229074889868,0.010513393026705294,0.030837004405286344,0.0087493881546745,0.019210035247771096,0.00362844702467344,0.0107540705873346,0.03193033381712627,0.010808740525721658,47,0.06821480406386067,65679,11.856942943012927,20.434956839742586,145.72047189196496,11.663285640818588,14.981386477392473,11.714483991107084,12.593506630208251,228.96503441424687,0.0,False
118,118000,0.019850763271815904,0.0035885167464114833,0.010723621910504985,0.028708133971291867,0.010768398268398269,0.014682539682539682,0.003401360544217687,0.0068527488618609755,0.034013605442176874,0.006929597235719684,0.01771669341894061,0.0035112359550561797,0.009125255792104228,0.03089887640449438,0.009183275370073123,67,0.09410112359550561,65679,11.74932039886903,23.944090497680232,153.95687055738335,11.729928598089302,15.448732068525095,11.781950683936726,13.257330555741659,241.8682233602254,0.0,False
119,119000,0.027139008028153527,0.004849884526558892,0.013730939924092854,0.04387990762124711,0.014163825653433043,0.014351851851851852,0.0022222222222222222,0.007135474305130224,0.022222222222222223,0.008465608465608464,0.022227866964709072,0.0038406827880512096,0.011197830795899524,0.03556187766714083,0.0119753211858475,62,0.08819345661450925,65679,11.779111796159093,22.501057449594853,155.95445360090318,11.710169967045491,15.137350351079881,11.729541407910077,13.057311950805811,241.86899652349837,0.0,False
120,120000,0.025244472789115648,0.0033482142857142855,0.014301014158903372,0.033482142857142856,0.011541595804988663,0.018541562966650074,0.0027874564459930314,0.008973140122770435,0.027874564459930314,0.008076157292185167,0.02262714609653385,0.003129251700680272,0.01222060620193718,0.031292517006802724,0.010188424576179678,65,0.08843537414965986,65679,11.81944071836083,22.41656145641688,151.74738417416887,16.670377049766287,15.146082528037091,11.791759433017052,12.883981203842126,242.4755865636091,0.0,False
121,121000,0.019450800915331808,0.0025171624713958814,0.012999408383364565,0.02517162471395881,0.013259598271039919,0.012077294685990338,0.0014492753623188406,0.005365147818371377,0.014492753623188406,0.00377415458937198,0.01659654043945769,0.0021037868162692847,0.010044210745302687,0.021037868162692847,0.009587813620071686,80,0.11220196353436185,65679,11.703429892821054,24.904491303854442,143.42223272410456,11.953228701708923,15.222584019036756,11.851595036350277,13.524035090990012,232.58159676886606,0.0,False
122,122000,0.022396199859254045,0.00394088669950739,0.011918264397188278,0.03694581280788178,0.013043435765110642,0.018456375838926176,0.0023489932885906043,0.010310571937901131,0.02348993288590604,0.008094971769468414,0.02072849025974026,0.0032670454545454543,0.011237735486865026,0.03125,0.010948773448773451,76,0.10795454545454546,65679,11.912318102994673,22.382204898353102,178.22953402265446,11.759726495988442,17.43659237803466,11.921532591288585,12.995415576703278,266.6373240660172,0.0,False
123,123000,0.01317287784679089,0.002173913043478261,0.0062278563323650065,0.021739130434782608,0.005101794340924775,0.0290633608815427,0.0049586776859504135,0.015058449690123366,0.045454545454545456,0.013911845730027546,0.01865079365079365,0.003133903133903134,0.00927202099415635,0.029914529914529916,0.008138877583322027,47,0.06695156695156695,65679,12.016670138375456,19.34365371316152,153.91658284364883,11.67933083917605,15.09543121736706,11.709565526370897,13.731867582220808,237.49310186032065,0.0,False
124,124000,0.01976425438596491,0.0026315789473684214,0.010933794674813865,0.02631578947368421,0.009304511278195489,0.006305874840357599,0.0015325670498084292,0.006170218698079076,0.01532567049808429,0.008593322386425834,0.014865178986517898,0.0022315202231520223,0.009199773294161454,0.022315202231520222,0.009045626618848376,55,0.07670850767085077,65679,11.801291300201495,18.926491924357858,153.40650629145497,11.668112986838036,15.076848955040967,11.699965691322479,14.053199794607924,236.63241694382373,0.0,False
125,125000,0.015544041450777202,0.0023316062176165805,0.007621419770974433,0.023316062176165803,0.008016695451928613,0.020071815322763673,0.004026845637583892,0.012859093994710276,0.03691275167785235,0.015192553531479705,0.01751666807921575,0.0030701754385964912,0.009903330470789172,0.029239766081871343,0.011143019586002043,66,0.09649122807017543,65679,11.803705017483097,19.79894040139013,149.2463053684376,11.692850838573854,14.972924970792917,11.902198854746304,13.485081531924154,232.90200698334806,0.0,False
126,126000,0.01747239475500345,0.002826086956521739,0.00865005982466427,0.02826086956521739,0.00887336093857833,0.02509293680297398,0.0037174721189591076,0.012628987970219574,0.03717472118959108,0.011730689797604298,0.02028436431728613,0.003155006858710563,0.010118278852310878,0.03155006858710562,0.009927711368040585,63,0.08641975308641975,65679,11.785791684794377,20.308786373258307,164.69595528872256,12.201635097245505,15.862008559155289,12.059764818082158,14.27893847941522,251.19288030067344,0.0,False
127,127000,0.02619589977220957,0.0029612756264236905,0.013056672540538867,0.029612756264236904,0.009333080232852443,0.02016949152542373,0.003728813559322034,0.010811024140503351,0.03728813559322034,0.012927091740651061,0.02377384196185286,0.0032697547683923703,0.012154129927445573,0.0326975476839237,0.010777539898793303,61,0.08310626702997276,65679,11.936134901961715,23.800464187727354,162.8986789875414,11.709810277100996,15.041490477856605,11.681022980949972,12.284592609768108,249.3521944229061,0.0,False
128,128000,0.016744548286604363,0.001869158878504673,0.006878028697679798,0.018691588785046728,0.004244548286604362,0.02097315436241611,0.0030201342281879194,0.011366291638648,0.026845637583892617,0.009619686800894854,0.018480257116620755,0.002341597796143251,0.008720318444798978,0.02203856749311295,0.006450872359963269,61,0.08402203856749312,65679,11.745767174702742,17.71293075224223,151.61093640851664,11.664990860540957,15.224233105265439,11.705478291157423,13.279258375964442,232.94359496838987,0.0,False
129,129000,0.014085545722713864,0.0026548672566371685,0.007941130874783693,0.024336283185840708,0.008296460176991151,0.0195906432748538,0.002456140350877193,0.010436869518008414,0.02456140350877193,0.008869395711500975,0.01621438263229308,0.002578018995929444,0.008906240119449967,0.024423337856173677,0.008518015980702547,49,0.06648575305291723,65679,11.739104881971357,17.81867136959811,151.96300681292672,11.677260546173047,15.541000779099868,11.688604886584548,12.627563741107044,233.05521301746072,0.0,False
130,130000,0.026650432900432897,0.0036363636363636364,0.013840061999942024,0.03636363636363636,0.011753246753246752,0.015498154981549815,0.0025830258302583027,0.009483547463304511,0.025830258302583026,0.009321736074503602,0.022399705311097716,0.0032348804500703238,0.012179562085133632,0.03234880450070324,0.01082646842140513,67,0.09423347398030943,65679,11.807272684682957,19.665307802826938,153.1111732925479,11.682282691528878,15.251986196486433,11.703200258679491,12.36016865834716,235.58139158509977,0.0,False
131,131000,0.022821792472447495,0.0032751091703056767,0.018117382914332514,0.03056768558951965,0.019907985028072367,0.013019439985732122,0.00299625468164794,0.009143594453066705,0.02247191011235955,0.01348314606741573,0.01921182266009852,0.0031724137931034486,0.014812553232735311,0.027586206896551724,0.017541871921182263,54,0.07448275862068965,65679,11.733674282199402,17.925664382745232,148.1583037048137,11.668752575445806,15.217719496481152,11.679301159361888,12.320796113220178,228.7042117142674,0.0,False
132,132000,0.020507084265473527,0.002684563758389262,0.009176979084982226,0.026845637583892617,0.007990660843009836,0.018229166666666664,0.003125,0.007794031237276861,0.03125,0.0065212673611111105,0.019677572309151254,0.002844950213371266,0.008673373609857656,0.02844950213371266,0.007455575876628507,54,0.07681365576102418,65679,11.700393033824142,20.786143759804474,147.91947442947122,11.666494392929827,15.567085944565019,11.679654792234873,12.767338987272614,232.08658534010215,0.0,False
133,133000,0.02907407407407407,0.0035555555555555557,0.01314661334600397,0.035555555555555556,0.009681657848324513,0.04251700680272109,0.0057823129251700685,0.027800610877301762,0.05442176870748299,0.024497894395853582,0.03438620071684588,0.004435483870967742,0.018937305918855517,0.043010752688172046,0.015536461000170677,64,0.08602150537634409,65679,11.757333319442619,18.98348276387074,161.02095853635228,11.768799631529935,16.99371635686259,12.401882980919709,14.373130487251029,247.29930407622888,0.0,False
134,134000,0.015293244246473646,0.0022271714922048997,0.006080729868552817,0.022271714922048998,0.004658500371195249,0.016898148148148148,0.0024305555555555556,0.008894983588709854,0.024305555555555556,0.007677469135802469,0.01592039800995025,0.002306648575305292,0.007180465379279041,0.023066485753052916,0.005838233077039048,61,0.08276797829036635,65679,12.093951738616216,23.163734405320934,169.79505948702678,11.994080492135073,15.849007293296246,11.911271197505291,13.045488974690322,257.8525935885909,887.289946484085,True
135,135000,0.029830917874396134,0.004589371980676328,0.018536345293813875,0.04106280193236715,0.018098688750862662,0.02873134328358209,0.0052238805970149255,0.015988346221689122,0.05223880597014925,0.016945036721156125,0.029398826979472138,0.004838709677419355,0.017535078796263384,0.045454545454545456,0.01764534748405716,59,0.08651026392961877,65679,11.743790697939238,19.024201478423652,175.7489428511963,11.660407294812602,14.921286006504275,11.678787892849263,13.557481661881365,258.33489788360674,0.0,False
136,136000,0.023552425665101722,0.002816901408450705,0.010649396797410808,0.028169014084507043,0.008443252105223937,0.043160095579450414,0.006810035842293906,0.026492853039043307,0.06810035842293907,0.02647920578028105,0.031312056737588655,0.004397163120567376,0.016919360331333455,0.04397163120567376,0.015580884836203984,67,0.0950354609929078,65679,11.755192163530326,19.98767734220919,169.29360867608267,11.680931337798572,14.980481950734037,11.700112062619505,12.478902960182115,251.8769064931564,0.0,False
137,137000,0.01744146005509642,0.0027272727272727275,0.007688750588450333,0.025,0.006507034632034632,0.02759661835748792,0.005072463768115942,0.019064334163817708,0.043478260869565216,0.01733954451345756,0.021356018283392585,0.0036312849162011174,0.012073752078396414,0.03212290502793296,0.01068269486565576,61,0.08519553072625698,65679,11.710203393917872,18.963800756631453,165.0362254560847,11.724030171939015,15.110679155119765,11.709132255059707,13.293798005860335,247.54786919461284,0.0,False
138,138000,0.019444444444444445,0.002816901408450705,0.009558947577415653,0.028169014084507043,0.007918809151203517,0.02972027972027972,0.004195804195804196,0.014148243174183854,0.038461538461538464,0.012946775446775447,0.02357209737827715,0.0033707865168539327,0.011402400583982656,0.032303370786516857,0.009938469769930444,59,0.08286516853932584,65679,11.780792117402349,19.291363916484894,183.97488141986412,11.887329313536865,17.05203512884085,11.903942305012405,13.173268959137951,269.06361316027943,0.0,False
139,139000,0.025987972508591063,0.003350515463917526,0.014997615255842573,0.03350515463917526,0.013466494845360825,0.022474747474747474,0.00408805031446541,0.015026471010344577,0.03773584905660377,0.01963162623539982,0.024405528371534032,0.0036827195467422098,0.01501061260702053,0.03541076487252125,0.016243423715095105,67,0.09490084985835694,65679,11.843819720205872,20.300622388606804,180.82917685758454,11.93443180566578,15.511505814150283,12.131513072999311,13.216601010133944,265.76767066934656,0.0,False
140,140000,0.021909233176838808,0.0030516431924882633,0.01046636421190999,0.03051643192488263,0.00928161561964379,0.02760084925690021,0.004140127388535032,0.016405879176465594,0.03821656050955414,0.01570114245273481,0.024324324324324326,0.0035135135135135136,0.012986644886059258,0.033783783783783786,0.012005577005577006,54,0.07297297297297298,65679,11.813505738519915,18.40242042754764,185.48500397336937,11.760092877469152,16.30222053904812,11.850417544395642,13.029258956333278,268.6429200566831,0.0,False
141,141000,0.02341666666666667,0.0030000000000000005,0.01027939097165952,0.03,0.007604166666666667,0.03131523157208089,0.005136986301369863,0.01818442609715537,0.04452054794520548,0.019676831919982606,0.026749587118084228,0.003901734104046243,0.013615041631550832,0.036127167630057806,0.0126984126984127,56,0.08092485549132948,65679,12.049026608937364,19.763843164134766,183.77404676439556,11.948239567342867,18.490992756810265,11.934426545998079,13.092132121861333,271.0527075294802,0.0,False
142,142000,0.03537252221462747,0.004545454545454545,0.01860034251021342,0.0430622009569378,0.014041733120680487,0.03192367199587416,0.004332129963898918,0.02205273718139766,0.04332129963898917,0.02163916107959429,0.03399794450154162,0.0044604316546762585,0.01997633290434009,0.04316546762589928,0.01706977275322599,60,0.08633093525179857,65679,11.72178406772667,17.538104944370136,176.8015433353809,11.689950284665684,15.08050461883348,11.690860252905333,13.745474357278187,258.2682218611604,0.0,False
143,143000,0.016,0.0022500000000000003,0.008299636118460543,0.0225,0.007486111111111111,0.029540420819490584,0.004651162790697675,0.015357065217848688,0.03986710963455149,0.015873015873015872,0.02181407513076557,0.003281027104136947,0.011330001537741328,0.029957203994293864,0.011087335552385481,63,0.0898716119828816,65679,11.800150251657648,18.85024018451198,162.73167445342295,11.669438263257891,15.01542348862628,11.704460780991022,13.414990550034144,245.1863779725019,0.0,False
144,144000,0.03195833333333333,0.00425,0.016216682595313503,0.04,0.013447420634920635,0.014602064602064603,0.004545454545454545,0.009998556636467622,0.038461538461538464,0.014452214452214451,0.02472233791475774,0.004373177842565598,0.01362428605853519,0.03935860058309038,0.013866328844462955,59,0.08600583090379009,65679,11.784464500667891,18.30322350000052,173.82072973807365,11.711820311205434,15.366702132868504,11.760829974595543,13.03561089543992,255.78338105285147,0.0,False
145,145000,0.02780410742496051,0.0037914691943127963,0.014296389921289974,0.035545023696682464,0.011123335590160235,0.03831725616291533,0.005466237942122187,0.019660301047754236,0.05144694533762058,0.016919307916092478,0.032264665757162345,0.004502046384720327,0.016572210331017648,0.04229195088676671,0.013582472552458907,58,0.0791268758526603,65679,11.8919893568048,17.966549094722282,163.31162270908501,11.721646227966232,15.506546951891965,11.762494408609768,12.686347264805054,244.84719601388514,0.0,False
146,146000,0.031576980568011954,0.004484304932735426,0.0186106351955174,0.04035874439461883,0.016323225852373835,0.014802631578947368,0.0029605263157894738,0.008536008805062395,0.02631578947368421,0.009018640350877192,0.024777777777777777,0.0038666666666666667,0.014527053298586305,0.034666666666666665,0.013362433862433862,57,0.076,65679,11.755322462142503,19.226105710708207,174.3382673864355,11.711018200098733,15.848986428368406,11.693840604412586,12.592658046060857,257.16619883822676,0.0,False
147,147000,0.021377672209026127,0.002612826603325416,0.013305974701254794,0.023752969121140142,0.01238736191230253,0.012116858237547892,0.0034482758620689655,0.009817323507524778,0.02413793103448276,0.012471264367816093,0.017600406313486482,0.002953586497890296,0.011883036802265056,0.02390998593530239,0.012421583729600607,63,0.08860759493670886,65679,11.727434863946506,18.941888739812395,161.83606980318953,11.674627402147308,15.201458074619312,11.721850133643297,13.186338522284958,244.28966753964332,0.0,False
148,148000,0.020470588235294115,0.0035294117647058825,0.009874601682884161,0.03529411764705882,0.008269841269841269,0.01838235294117647,0.0025735294117647063,0.00957826825348819,0.025735294117647058,0.009221813725490196,0.01965566714490674,0.003156384505021521,0.009758959368973537,0.03156384505021521,0.008641342715948167,40,0.05738880918220947,65679,11.712517151110656,15.9821957247952,163.1297664629397,11.674895522013895,15.17898500790621,11.68989415210875,12.787746540461608,242.15600056133601,0.0,False
149,149000,0.01760851760851761,0.002457002457002457,0.007623646215500726,0.02457002457002457,0.00588998088998089,0.010957324106113032,0.0020761245674740486,0.005636588390143892,0.020761245674740483,0.005190311418685121,0.014846743295019156,0.0022988505747126436,0.006798560423075259,0.022988505747126436,0.005599457215836526,47,0.06752873563218391,65679,11.7570743912096,16.52782101587563,161.3811769421436,11.700420772510489,15.316885438938776,11.717044080448991,12.34459489213302,240.74501753326012,0.0,False
150,150000,0.029558232931726904,0.004337349397590362,0.019175214533443154,0.03855421686746988,0.018065595716198125,0.042555147058823524,0.006617647058823529,0.02212544808692682,0.0661764705882353,0.02003092903828198,0.034704027171276075,0.005240174672489083,0.020343283713279484,0.049490538573508006,0.018843718952889256,45,0.06550218340611354,65679,11.768162213231237,16.261955378307768,176.8025863131406,11.665564050848676,14.901297447508789,11.704617813038109,13.741573440993749,256.84575665706893,0.0,False
151,151000,0.02496069182389937,0.0033018867924528303,0.013607484767434916,0.0330188679245283,0.011248689727463311,0.02262334536702768,0.0036101083032490976,0.009751244309789294,0.036101083032490974,0.007460890493381467,0.024037089871611985,0.003423680456490728,0.01208369217575469,0.034236804564907276,0.00975194167062926,54,0.07703281027104136,65679,11.79661681662003,19.661070650572874,179.34532600016178,11.739784805481213,15.769264427367702,11.786325047738465,13.796163165991082,263.89455091393313,0.0,False
152,152000,0.022939068100358423,0.002795698924731183,0.012592623585409479,0.025806451612903226,0.00979348011606076,0.03513580749485492,0.00657439446366782,0.025655640422352174,0.05536332179930796,0.031501620255945516,0.027613945666684,0.004244031830238727,0.017599535874370274,0.03713527851458886,0.018113974148456904,38,0.050397877984084884,65679,11.933467278263388,18.49320433228857,172.77718109639378,11.667656854473519,15.393769255397928,11.713635569517155,14.586420877267525,256.5653352636018,0.0,False
153,153000,0.027234753550543025,0.003508771929824562,0.013210814058836718,0.03508771929824561,0.011371683176194454,0.024774774774774775,0.004204204204204204,0.019993178395243918,0.036036036036036036,0.021021021021021023,0.026115664845173043,0.0038251366120218584,0.016296233900399013,0.03551912568306011,0.015761340966259,52,0.07103825136612021,65679,11.834516446894428,17.669978307856272,166.25914027906114,11.725643066957947,15.504633959641245,11.72865484604796,13.016115760842995,247.73868266730202,0.0,False
154,154000,0.01537467700258398,0.0020671834625323,0.006800170784269156,0.020671834625323,0.0048695705672449855,0.018517031385933212,0.0034129692832764505,0.007706850453495845,0.034129692832764506,0.006915325857305379,0.016728662053056516,0.002647058823529412,0.0071908430535094795,0.026470588235294117,0.005751050420168067,60,0.08823529411764706,65679,11.870527542694187,21.62556178835623,172.35255479088053,11.674442718323519,15.194526331085978,11.693939866046222,12.890167977772094,257.3017210151587,0.0,False
155,155000,0.03222090573986308,0.005213270142180095,0.014644908332479828,0.04976303317535545,0.015398141879184535,0.015123456790123455,0.0029629629629629632,0.009769117397087008,0.02962962962962963,0.011141975308641973,0.025549935773924216,0.004335260115606936,0.01274250435479766,0.04190751445086705,0.01373749885310579,57,0.08236994219653179,65679,11.756748002106354,18.55970206649654,161.54697034596182,11.699393034053651,14.934129432736531,11.71961101465585,12.724475326963969,242.94102922297475,0.0,False
156,156000,0.02164705882352941,0.0032941176470588237,0.01111066710914825,0.03058823529411765,0.011437908496732025,0.02252854358117516,0.0035087719298245615,0.011788767309006163,0.03508771929824561,0.009955444165970481,0.02200089425441538,0.003380281690140845,0.011382862259795441,0.0323943661971831,0.01084283478649676,35,0.04929577464788732,65679,11.753929170375821,15.532917611506269,157.2099603203772,11.665962240073323,14.969258485000857,11.80387857209475,12.895094047685184,235.83100044711344,0.0,False
157,157000,0.017584624211130235,0.0028915662650602415,0.01004020594292385,0.02891566265060241,0.010290686555746796,0.028187781877818778,0.004428044280442805,0.015231318674403164,0.04059040590405904,0.014452644526445265,0.021773335184413902,0.0034985422740524785,0.012090922488449935,0.033527696793002916,0.011934841963996481,55,0.08017492711370262,65679,11.75956089537883,17.47259319368616,166.91760939237244,11.711268064464042,15.637602727394672,12.006935248713713,13.05530490099821,248.56087442300804,0.0,False
158,158000,0.025715390564578496,0.00394431554524362,0.012415004882148136,0.037122969837587005,0.011604610908555224,0.03188967136150235,0.00528169014084507,0.015397659344105188,0.04929577464788732,0.012846523585960208,0.02816783216783217,0.0044755244755244755,0.013599723577526882,0.04195804195804196,0.012097902097902095,57,0.07972027972027972,65679,11.806934117480905,18.823363363333623,165.50937547032962,11.803565036327957,16.12592090564219,11.815991227910605,12.452621343209124,248.33777146423407,0.0,False
159,159000,0.025728749443702716,0.004205607476635515,0.01582263440635442,0.035046728971962614,0.0155559264204124,0.024267950260730045,0.0036101083032490976,0.011761317158947867,0.032490974729241874,0.009456478138788608,0.025154790048407066,0.003971631205673759,0.014226911175813123,0.03404255319148936,0.013159405606214116,55,0.07801418439716312,65679,11.809231410954412,21.428131070741486,180.189954426091,11.736716061028218,15.38599341795871,11.704042913222857,13.647968381422238,265.9020376814189,0.0,False
160,160000,0.019158769158769157,0.00343980343980344,0.010938973784833371,0.029484029484029485,0.01143091143091143,0.0325405448911425,0.005577689243027889,0.016055687773973218,0.05179282868525897,0.014325238727629166,0.024263367500449565,0.00425531914893617,0.012890790215341124,0.037993920972644375,0.012534978530419261,40,0.060790273556231005,65679,11.712838956519366,18.55151659533455,169.4007401010847,11.78813956233954,15.349347330773089,11.744983654193852,13.144169835110908,251.69173603535603,0.0,False
161,161000,0.030721966205837174,0.00391705069124424,0.015686028304571577,0.03917050691244239,0.012201923780264795,0.01760179583213291,0.0044943820224719105,0.012131467204719975,0.0299625468164794,0.014044943820224719,0.02572469731884853,0.004136947218259629,0.01433215125227432,0.03566333808844508,0.01290390145596993,41,0.05848787446504993,65679,11.856992437081493,18.333336348499984,175.3956518284888,11.698514641729496,15.934196224857978,11.777356034171904,13.0709931618761,258.06704067670574,0.0,False
162,162000,0.032999164578111945,0.0040100250626566416,0.01480228507925343,0.040100250626566414,0.010963917730835023,0.01717325227963526,0.0039007092198581565,0.011432442914072253,0.03546099290780142,0.017533490937746258,0.026445703097685475,0.003964757709251102,0.013406843830235673,0.0381791483113069,0.013684357737221174,56,0.08223201174743025,65679,11.762983911804692,17.650059585615217,164.39821953982,11.69803011078635,14.961140948788199,11.960720286162408,12.714182621574588,245.14533700455146,0.0,False
163,163000,0.026604938271604938,0.004197530864197531,0.014059174067155606,0.037037037037037035,0.011148344111307074,0.01769406392694064,0.003424657534246575,0.010581259508308388,0.03424657534246575,0.010658567079799957,0.022871831659493067,0.0038737446197991392,0.012602142429876716,0.035868005738880916,0.010943157750905241,48,0.06886657101865136,65679,11.731616681720514,17.19789784895148,164.98071035974533,11.668266813445738,15.19516861194642,11.677737669621436,13.179148071328084,245.63054605675904,0.0,False
164,164000,0.02317167051578137,0.003464203233256351,0.013991608714226084,0.03233256351039261,0.012550863301440668,0.02614942528735632,0.003103448275862069,0.012992433060103496,0.03103448275862069,0.011101532567049807,0.024366067312125404,0.003319502074688797,0.013590832864024767,0.0318118948824343,0.011969527322224416,53,0.07330567081604426,65679,11.745435028895358,20.651397378168568,165.66179489492515,11.816566920085092,16.567877473498694,11.852344273817483,12.433233480400874,250.72864944979122,0.0,False
165,165000,0.025378787878787883,0.0029545454545454545,0.012942154141625745,0.029545454545454545,0.010890151515151514,0.02901023890784983,0.003754266211604096,0.014397861840953036,0.03754266211604096,0.011246546400130017,0.026830377444292862,0.0032742155525238748,0.01352404002962424,0.03274215552523874,0.011032612226336646,49,0.06684856753069578,65679,11.821426677181835,17.32714976138139,174.02257751852196,11.703096700219074,15.550613231760103,11.77482269619501,13.106727914206918,255.30641449946629,0.0,False
166,166000,0.02270642201834862,0.0034403669724770644,0.010139044724069748,0.03211009174311927,0.008135830784913351,0.020753512132822477,0.0030651340996168583,0.011539603757331825,0.03065134099616858,0.009870461594599525,0.021975131516021044,0.0032998565279770448,0.010663500832651386,0.03156384505021521,0.008785384072328118,44,0.06312769010043041,65679,11.823011089324986,16.329959466543364,157.8562980227849,11.67056837601127,14.9567058268657,11.680445821740658,13.637072898843583,237.9540615021144,0.0,False
167,167000,0.025243392331999927,0.004303797468354431,0.013983977354180346,0.04050632911392405,0.014738798472975686,0.02301255230125523,0.0037656903765690376,0.014318086652989023,0.03765690376569038,0.0150743840074384,0.024402428976561467,0.004100946372239748,0.014109927074078253,0.03943217665615142,0.014865304691803114,37,0.0583596214511041,65679,11.74393355746206,16.207750989961912,157.11066589008115,11.66458907633089,14.6382945075893,11.682813712651786,12.697740658172696,235.7457883922498,0.0,False
168,168000,0.028158295281582955,0.0031963470319634705,0.014260035076325048,0.0319634703196347,0.010876458650431254,0.020597807468311066,0.004316546762589928,0.013568727416379989,0.04316546762589928,0.016386890487609912,0.025222798616653365,0.0036312849162011174,0.013991622325675992,0.036312849162011177,0.013015983860955928,46,0.06424581005586592,65679,11.715156885520884,17.99919468363498,179.05409735888972,11.739511366411215,15.70018273912288,11.694760252783931,13.595281699731176,261.4981849860948,0.0,False
169,169000,0.03028293545534925,0.004774535809018568,0.019140766462214364,0.04509283819628647,0.018180287145804386,0.01706896551724138,0.003103448275862069,0.011228640600393374,0.03103448275862069,0.013169129720853857,0.024537731134432784,0.004047976011994003,0.0157007117396835,0.038980509745127435,0.016001523047999813,51,0.07646176911544228,65679,11.77990778113147,19.933195700039263,165.09432990096522,11.668399463447832,14.872237098742524,11.678235491807687,12.889817129081715,247.91612256521572,0.0,False
170,170000,0.01408140814081408,0.0029702970297029703,0.007761252966247552,0.022277227722772276,0.007573078736445073,0.018835616438356163,0.003424657534246575,0.011794502468768186,0.030821917808219176,0.012566590563165905,0.016075989782886334,0.0031609195402298854,0.009453363389718854,0.02586206896551724,0.009668057836161285,36,0.05172413793103448,65679,11.726350803827057,15.86596746239871,154.0220043958901,11.690032434126529,15.121294834538613,11.692606801984306,13.537096002699812,233.6553527354651,0.0,False
171,171000,0.019310344827586208,0.0025287356321839084,0.007153509338164948,0.022988505747126436,0.004348659003831417,0.025828706040720174,0.0035335689045936395,0.017616347174728823,0.0353356890459364,0.019301419036401368,0.021879559623292213,0.002924791086350975,0.011277441243105863,0.027855153203342618,0.010242295618340187,51,0.07103064066852367,65679,11.770563803657764,22.233515098425695,172.16537327519737,11.707869043364738,15.451025660175032,11.838148714617136,12.272432712415181,257.4389283078529,0.0,False
172,172000,0.017851681957186543,0.002981651376146789,0.01074017171398146,0.02981651376146789,0.010837155963302751,0.019672131147540985,0.002295081967213115,0.009957920873198568,0.022950819672131147,0.0073224043715847,0.018600989653621232,0.002699055330634278,0.010418192622970958,0.02699055330634278,0.009390463337831759,44,0.059379217273954114,65679,11.80111597080813,17.673354708057364,178.6594873088507,12.076246490806685,16.890406359680586,12.26702340716146,12.60099399313236,261.9686282384973,0.0,False
173,173000,0.018314441645675902,0.0030226700251889172,0.009834542663416044,0.027707808564231738,0.008277357962496502,0.02046037200676376,0.0030927835051546395,0.012313556674012295,0.030927835051546393,0.01263295696285387,0.019222095330380214,0.003052325581395349,0.010883079112665332,0.029069767441860465,0.010119624400147655,45,0.06540697674418605,65679,11.950314769131055,16.284503206162594,174.75753009466715,11.714828190949323,15.323679977065352,11.733520528661723,12.868241534430558,254.63261830106777,0.0,False
174,174000,0.037448559670781895,0.005185185185185185,0.018339484042180457,0.04938271604938271,0.014134822653341173,0.013486005089058523,0.0019083969465648854,0.009605337114849686,0.019083969465648856,0.011359505634314796,0.028035982008995507,0.0038980509745127436,0.0149086797019096,0.037481259370314844,0.013044668142119414,46,0.06896551724137931,65679,11.77784692500683,17.181933858009813,155.2186076768658,11.667567133881452,14.84545230369394,11.692208721249264,12.848804708247286,235.23242132695438,0.0,False
175,175000,0.01789838337182448,0.002540415704387991,0.00759636892844016,0.025404157043879907,0.005010264305876315,0.02364864864864865,0.0037162162162162164,0.009020549142589915,0.033783783783783786,0.004999195624195624,0.020233196159122085,0.003017832647462277,0.008174636889192323,0.02880658436213992,0.0050057700263461576,44,0.06035665294924554,65679,11.712874571655208,17.482690298650795,163.55824409693827,12.169808607229161,15.10101167045974,11.68007556340278,12.709744378537613,244.41444918687353,0.0,False
176,176000,0.02889944576405384,0.0035629453681710215,0.01374156182050174,0.035629453681710214,0.009674622026165968,0.011643026004728132,0.0021276595744680856,0.0075664277201658615,0.02127659574468085,0.00989952718676123,0.02197724039829303,0.00298719772403983,0.011264481000736851,0.029871977240398292,0.009764840027997922,48,0.06827880512091039,65679,13.052102892117945,18.43621473563567,212.2462698787714,12.124914026870325,17.010931018072995,11.790023594152043,13.432599183030302,298.0930553286506,0.0,False
177,177000,0.02054794520547945,0.0027397260273972607,0.01129988548281593,0.0273972602739726,0.00955370732767993,0.03485497545738509,0.00642570281124498,0.020613913227506157,0.05622489959839357,0.023978453496525786,0.02573346272036228,0.0040756914119359534,0.014675712132638153,0.03784570596797671,0.014781890436912271,31,0.04512372634643377,65679,11.842191541031056,17.22906631707044,185.6087303508322,11.821550511818824,15.51313502561047,11.724920741834621,12.606100446392599,266.3456949345902,0.0,False
178,178000,0.015046296296296295,0.0027777777777777783,0.010638774055232305,0.02546296296296296,0.01220054379776602,0.019105528973950025,0.0037878787878787876,0.009293323404674255,0.026515151515151516,0.008796296296296297,0.016586005242992537,0.0031609195402298854,0.010128430705020631,0.02586206896551724,0.01090927750410509,42,0.0603448275862069,65679,11.737701553160562,16.51259195565441,164.2034453685215,11.722091968015269,15.832603212286022,11.72324085717269,12.581646580744899,244.31332149555533,0.0,False
179,179000,0.014168530947054437,0.002460850111856823,0.008756762456251453,0.02237136465324385,0.010013848940023436,0.00865051903114187,0.0010380622837370243,0.003299683885861406,0.010380622837370242,0.0019360685450650849,0.012001811594202896,0.0019021739130434781,0.0066139693763021005,0.017663043478260868,0.006842003105590062,43,0.058423913043478264,65679,11.818932507498548,16.245577746619443,169.1375072048057,11.663493015082182,15.512848215742947,11.720955928509746,13.542561517192187,249.64187613545073,0.0,False
180,180000,0.015538138332255978,0.0029411764705882357,0.010018638079554125,0.029411764705882353,0.012561947856065502,0.03667898193760263,0.0060344827586206904,0.019340533086657237,0.05603448275862069,0.01697112753147236,0.022815105270594882,0.0040059347181008904,0.013227361583482792,0.03857566765578635,0.014079647684988933,34,0.050445103857566766,65679,11.756320423370049,16.530101409513442,172.4635968302912,11.73270975706603,15.476466244904174,11.714346885897953,13.277927392391087,252.95146894343395,0.0,False
181,181000,0.01922250859106529,0.002577319587628866,0.01189846268828486,0.02577319587628866,0.010488258877434136,0.04150326797385621,0.007450980392156864,0.020816066387856935,0.06274509803921569,0.020718954248366013,0.028058579574909277,0.004510108864696735,0.015434992926839882,0.04043545878693624,0.014545533091411786,41,0.06376360808709176,65679,11.774244290219116,18.21366772691152,162.42255256404547,11.668287577717983,15.091918561416229,11.679900189236204,13.039968292175018,243.89053920172157,0.0,False
182,182000,0.01938449240607514,0.0031175059952038378,0.010355808839816178,0.03117505995203837,0.009952038369304557,0.030925925925925926,0.004814814814814815,0.013344326902391165,0.04814814814814815,0.012827748383303939,0.023920426977195538,0.0037845705967976713,0.011530335589299797,0.03784570596797671,0.011082230077863266,41,0.05967976710334789,65679,11.724088989077675,16.44685796674955,151.77623782709065,11.694339165840839,15.266846799651123,11.69640484369877,12.46172861400774,231.06650420611632,0.0,False
183,183000,0.025311526479750775,0.0035046728971962616,0.013671376048451051,0.035046728971962614,0.014689956979676606,0.032901941264310605,0.0062717770034843206,0.015306892740286899,0.05574912891986063,0.01170150987224158,0.02835830835830836,0.004615384615384616,0.014327870161118028,0.043356643356643354,0.01349039849039849,38,0.05314685314685315,65679,11.697504788167612,16.17312817463884,156.46171195187603,11.719811410369763,15.154161945411804,11.716411459604393,12.200594995070979,235.12332472513944,0.0,False
184,184000,0.01766198282591725,0.00351288056206089,0.010943793882690185,0.03044496487119438,0.01101631909594439,0.020477815699658702,0.005460750853242321,0.014157916720933283,0.03754266211604096,0.018581721653394008,0.01880787037037037,0.0043055555555555555,0.012251763315475225,0.03333333333333333,0.014095017636684304,41,0.05694444444444444,65679,11.91408687315626,17.426549224611176,172.6054840556282,11.870663307815555,15.956063529797005,11.779645062409694,12.436722133274403,253.9892141866923,0.0,False
185,185000,0.017745803357314148,0.002158273381294964,0.008896300170245603,0.02158273381294964,0.0063482547295496934,0.03882850241545894,0.006159420289855073,0.01905878017509917,0.06159420289855073,0.01960978835978836,0.026142376142376144,0.003751803751803752,0.012943694804213257,0.03751803751803752,0.011629904487047345,38,0.05483405483405483,65679,11.948741931375185,17.93907276927825,164.87273215503444,11.832932356500848,15.064026574529432,11.723118056000681,13.179540139580947,246.56016398229983,0.0,False
186,186000,0.03316790736145575,0.0042183622828784115,0.020447953663755035,0.04218362282878412,0.018117097955807633,0.03007518796992481,0.005639097744360902,0.01816385548400672,0.04887218045112782,0.018899928392409594,0.03193821624314898,0.004783258594917788,0.019539777107980667,0.04484304932735426,0.018428357890241297,58,0.08669656203288491,65679,11.777543262335433,22.268147047442564,173.0042191793457,11.665326615721561,15.028628272364951,11.68086208525737,12.766164821605141,258.19089128407273,0.0,False
187,187000,0.03598143598143599,0.004668304668304668,0.016227729681972853,0.04668304668304668,0.012786162786162786,0.0401378896882494,0.00683453237410072,0.024039400797143215,0.05755395683453238,0.021812549960031975,0.03766828872668289,0.005547445255474453,0.019398013725793816,0.051094890510948905,0.016449426485922836,37,0.05401459854014599,65679,11.713602378539411,18.0116168628508,164.82472322554287,11.665952359657394,15.006658571355135,11.675901795668576,12.266824479092996,245.1652796727072,0.0,False
188,188000,0.0264859228362878,0.005352798053527981,0.014596551748805472,0.051094890510948905,0.01716583632642027,0.02385496183206107,0.0030534351145038168,0.012382085754603945,0.030534351145038167,0.010708227311280745,0.025461685417108894,0.004457652303120356,0.013734456517779022,0.04309063893016345,0.01465187858204203,36,0.05349182763744428,65679,11.733060447827182,16.8789653203702,155.77113590033858,11.68500225996738,15.20568519867288,11.74135823915623,12.121655904272222,235.13686327060466,0.0,False
189,189000,0.023827160493827156,0.004197530864197531,0.012517189383797483,0.037037037037037035,0.013177542621987066,0.00546448087431694,0.001639344262295082,0.0028167017552904973,0.01639344262295082,0.0029143897996357017,0.01692347200821777,0.0032357473035439137,0.008870164759212424,0.029275808936825885,0.009318976691858046,27,0.04160246533127889,65679,11.81736562422958,14.53673355058388,151.409016060651,11.690379260499705,14.926850246087254,11.678039375795368,12.374779680190962,228.43316379803773,0.0,False
190,190000,0.020454545454545454,0.0030303030303030303,0.012258378488567806,0.023809523809523808,0.01164021164021164,0.03859060402684564,0.005033557046979866,0.021407459073188088,0.0436241610738255,0.019644188771705554,0.02756578947368421,0.003815789473684211,0.015845781138853127,0.031578947368421054,0.01477861319966583,43,0.056578947368421055,65679,11.766346111774517,16.160669483622492,150.94663665201486,11.66920444103936,15.69246518341727,11.694204747558778,12.638205467402353,230.56773208682964,0.0,False
191,191000,0.010317460317460317,0.002380952380952381,0.008304214010737027,0.02142857142857143,0.012380952380952381,0.012906846240179572,0.0020202020202020206,0.009039240824693257,0.020202020202020204,0.01013842124953236,0.011390051139005113,0.0022315202231520223,0.008608681184718896,0.02092050209205021,0.01145203781187045,45,0.06276150627615062,65679,11.724595215527323,16.056457087590402,151.24279382681266,11.668229004543896,15.327925858107939,11.687974049483241,13.220031421075362,230.9280064631408,0.0,False
192,192000,0.03994865718799368,0.006872037914691944,0.021263353777812383,0.06635071090047394,0.022305912886481608,0.03421985815602836,0.005319148936170213,0.0217715466633847,0.05319148936170213,0.021847911741528763,0.03765388257575757,0.00625,0.021466919677999022,0.061079545454545456,0.0221224522005772,46,0.06534090909090909,65679,11.719854070321723,16.276349674146374,169.65129661059703,11.743386294199576,16.390078742496705,11.846010140932616,13.101201096266113,250.72817662896014,0.0,False
193,193000,0.023589164785553045,0.0038374717832957116,0.013134467935140642,0.03611738148984198,0.012445806012397434,0.02639873916469661,0.0035460992907801418,0.01526397886435103,0.03546099290780142,0.013770685579196218,0.024681992337164754,0.003724137931034483,0.013962774255192132,0.03586206896551724,0.012961138478379855,28,0.038620689655172416,65679,11.797541488278718,14.94830574769873,164.15916963197913,11.703607301169484,15.201932820500808,11.684867509832719,12.402218444264312,241.89764294372392,0.0,False
194,194000,0.031086142322097377,0.004269662921348314,0.017972382520204163,0.04269662921348315,0.018763153201355447,0.032799999999999996,0.0048000000000000004,0.01683110142567409,0.048,0.01651111111111111,0.031702637889688245,0.004460431654676259,0.01756184975238759,0.04460431654676259,0.017953066118533742,34,0.04892086330935252,65679,11.786308535287338,15.470512588280915,159.7317768751369,13.514377534627753,16.19179175125357,11.893285138640797,12.726072526184073,241.31412494941134,0.0,False
195,195000,0.022585612219758563,0.004212860310421286,0.013626390065096259,0.04212860310421286,0.015717277302643155,0.026595744680851064,0.0035460992907801418,0.014771502904009606,0.03546099290780142,0.01537065180682202,0.024128391693193873,0.003956343792633016,0.01406693825141763,0.03956343792633015,0.015583923428398191,51,0.06957708049113233,65679,11.872322663836199,17.899537967734634,185.11864554885543,11.680235043512454,15.785926820784113,11.725924164922297,13.15127390968257,267.2338661193277,0.0,False
196,196000,0.022909745293466222,0.0032558139534883722,0.014077582192773755,0.03255813953488372,0.01419158361018826,0.030035335689045935,0.0038869257950530037,0.01883137060575594,0.038869257950530034,0.01702002355712603,0.025737995057770652,0.0035063113604488078,0.015964429487127133,0.03506311360448808,0.015314232284779267,49,0.06872370266479663,65679,11.77424169140906,16.784556789460613,164.55916778030516,11.701024400588567,15.335872436503251,11.772432764609043,12.5824767500185,244.5097726128942,0.0,False
197,197000,0.01582693292370712,0.0030107526881720434,0.01212295135500158,0.030107526881720432,0.015599931728963986,0.022822299651567946,0.004181184668989547,0.013951431761600777,0.03832752613240418,0.014565012997068747,0.018496707193515705,0.0034574468085106377,0.01282078895698824,0.03324468085106383,0.015204956095913541,41,0.05452127659574468,65679,11.744814129098502,16.521517924868167,158.6560516738389,11.67679144546685,15.57836276918495,11.689551422479349,12.558461343514793,238.4255507084515,0.0,False
198,198000,0.02250433363923728,0.0034261241970021416,0.00947382953754149,0.032119914346895075,0.006750280411950646,0.008679245283018867,0.0018867924528301887,0.0039340576358927225,0.018867924528301886,0.003710691823899371,0.01749934946656258,0.0028688524590163938,0.007468311021234217,0.0273224043715847,0.005649882903981265,35,0.04781420765027322,65679,11.727202115854872,15.995879762413512,153.4073807166747,11.666807991549122,15.211526892711102,11.683702786632889,12.31809230790165,232.01059257373785,0.0,False
199,199000,0.031097018246550957,0.00397196261682243,0.015510581447970025,0.0397196261682243,0.011698004747070166,0.030176476749057393,0.004838709677419356,0.016230377889629288,0.04435483870967742,0.018525985663082434,0.030759304797766333,0.0042899408284023674,0.015774648781596498,0.04142011834319527,0.01420294449140603,39,0.057692307692307696,65679,11.710772071113485,16.184578066520682,150.11389213968883,11.706733755112442,15.216852655569602,11.70013505412404,12.33072001143032,228.9636837535594,0.0,False
200,200000,0.02533783783783784,0.003378378378378379,0.014645278765869584,0.033783783783783786,0.013366044616044615,0.012757201646090533,0.0037037037037037034,0.009934376385682276,0.024691358024691357,0.013168724279835392,0.02088791848617176,0.0034934497816593887,0.012978977050606823,0.03056768558951965,0.0132962500866431,40,0.05822416302765648,65679,11.812607415208342,16.34889300099196,180.37062430446144,11.749940111514812,15.73561781097882,11.788410129928707,14.182959727424006,261.9890525005081,0.0,False
201,201000,0.01672525833599659,0.002684563758389262,0.010072247747413558,0.026845637583892617,0.01024732786477753,0.02003205128205128,0.003146853146853147,0.012593787761188404,0.027972027972027972,0.011781274281274281,0.01801549405573962,0.0028649386084583905,0.011056095556335258,0.027285129604365622,0.010845839017735335,39,0.05320600272851296,65679,11.873766340944613,20.804043488510672,163.57822533927256,11.689055686499305,16.039349368578147,11.684390486738083,11.984013376521718,247.65284408706512,0.0,False
202,202000,0.021802163488346158,0.0030444964871194384,0.011466441164438642,0.03044496487119438,0.009006170774320657,0.026490066225165563,0.0026490066225165563,0.014796189409187067,0.026490066225165563,0.011414643119941132,0.023744202756548437,0.002880658436213992,0.0128458430436074,0.02880658436213992,0.010003919263178522,34,0.04663923182441701,65679,11.711386755229592,16.29589028216,151.66260222691102,11.660687337884667,15.695900093634641,11.683443759305522,12.390654404864643,231.1005648599901,0.0,False
203,203000,0.021812198641466933,0.0037694013303769406,0.012257965403233742,0.03547671840354767,0.012043782775490093,0.032413997627520764,0.0056939501779359435,0.02123456996762485,0.05693950177935943,0.02741202056148675,0.025882014918900163,0.004508196721311475,0.01570390240131284,0.04371584699453552,0.01794333853760083,36,0.04918032786885246,65679,11.764978217185252,15.048155620318859,149.92734637163386,11.663534758912796,15.119092555110347,11.68320187255878,12.723896524624578,227.93020592034446,0.0,False
204,204000,0.01615445232466509,0.002836879432624114,0.009657947856733224,0.028368794326241134,0.011281849225111636,0.0353448275862069,0.004482758620689655,0.023362279566026933,0.04482758620689655,0.02205391351943076,0.023959794296400185,0.0035063113604488078,0.015231939716053244,0.03506311360448808,0.015663193748747747,42,0.05890603085553997,65679,11.710600571653018,16.677915330914892,153.94409871793968,11.69385472048895,15.624083668876187,11.834212106737185,12.11172790031162,233.59649301692156,0.0,False
205,205000,0.02857142857142857,0.0038095238095238095,0.013936187912707596,0.0380952380952381,0.012352607709750567,0.02472118959107807,0.0037174721189591076,0.009626441524047203,0.03717472118959108,0.006679648315336047,0.027068214804063857,0.0037735849056603774,0.012253572849500564,0.03773584905660377,0.010137765798143156,37,0.05370101596516691,65679,11.792230287147042,14.89063602382046,158.6888542666684,11.68058529023991,15.281327390245792,11.746053778738386,13.874637921837408,237.95432495869738,0.0,False
206,206000,0.02083333333333333,0.0034999999999999996,0.015288433030548696,0.0325,0.019836309523809523,0.026032619185485426,0.005414012738853504,0.015135577933161597,0.044585987261146494,0.01653776160145587,0.023119854002206945,0.004341736694677872,0.015221211040941485,0.037815126050420166,0.018385687608376684,48,0.06722689075630252,65679,11.879689154455086,16.435998500256844,156.079250336269,11.765209698796909,15.434206459961908,11.866435057690527,13.784433580320277,237.24522278775052,0.0,False
207,207000,0.00911369332421964,0.001674641148325359,0.00629776431546027,0.01674641148325359,0.00616598313966735,0.028944444444444446,0.004333333333333333,0.017037922428172942,0.043333333333333335,0.017976190476190475,0.017399522483087942,0.002785515320334262,0.010785295560326287,0.027855153203342618,0.01110061016049874,48,0.06685236768802229,65679,11.90275000526736,17.751618890171628,165.44579881277303,11.917408747619262,15.991065140233406,11.833260870564022,12.737476626431544,247.57937909306025,0.0,False
208,208000,0.021263079222720478,0.003587443946188341,0.010009890957045783,0.03139013452914798,0.008915225282938288,0.013917022032693674,0.0029850746268656717,0.007886790998211548,0.029850746268656716,0.009994669509594881,0.01850573562758437,0.0033613445378151267,0.009212985090144418,0.03081232492997199,0.009320394824596507,36,0.05042016806722689,65679,11.84444055919026,18.298406898223373,164.2460889070274,11.916595812754005,15.772505727644493,11.793644050940577,12.68858094551073,246.56026290129083,0.0,False
209,209000,0.016610304356475036,0.0019693654266958426,0.009598591644546633,0.019693654266958426,0.007792365669827376,0.042349726775956276,0.005573770491803279,0.021870273735713118,0.05573770491803279,0.017311995836586,0.026912829078183403,0.003412073490813649,0.014510485394947915,0.03412073490813648,0.011602716327125777,36,0.047244094488188976,65679,11.84161071890455,16.16836436161423,157.67164512721365,11.707415989464787,16.083985929511712,11.722748203893406,12.510044439528745,237.7058147701311,0.0,False
210,210000,0.021939953810623556,0.0023094688221709007,0.011588000101148032,0.023094688221709007,0.008922614465339639,0.016310794780545673,0.002491103202846975,0.010139310543873192,0.02491103202846975,0.008837485172004745,0.01972455648926237,0.002380952380952381,0.011017857572304574,0.023809523809523808,0.00888911120003557,37,0.05182072829131653,65679,11.800600114270088,16.132287595428675,151.98179189226946,11.697970838255022,15.254585764221119,11.687710380139936,12.557198786795897,231.1121453713802,0.0,False
211,211000,0.021120293847566574,0.003246753246753247,0.013787011927115924,0.030303030303030304,0.012205387205387207,0.033802936194240546,0.005652173913043478,0.016628605464391204,0.05217391304347826,0.012558661145617668,0.02533562295122989,0.004046242774566475,0.014731472206846147,0.03757225433526012,0.012322804844481146,23,0.033236994219653176,65679,11.715094539864468,14.623713831110607,156.40606732901517,11.710929482433574,15.111937169638711,11.775936497877836,12.368940635443249,233.7126194853836,0.0,False
212,212000,0.022123893805309734,0.002433628318584071,0.011108281197022818,0.024336283185840708,0.00811472819216182,0.011507936507936507,0.001984126984126984,0.005343392031299443,0.01984126984126984,0.003840702947845805,0.018323863636363638,0.002272727272727273,0.009044712916110474,0.022727272727272728,0.0065848214285714295,36,0.05113636363636364,65679,11.733346550489577,15.824568589117849,164.24251014738462,11.682187627981566,15.722830318948278,11.746933588657749,12.746802345656171,243.6991791682358,0.0,False
213,213000,0.013253449527959331,0.0019607843137254906,0.00904205056939348,0.0196078431372549,0.00966473008956669,0.014891696750902527,0.002166064981949459,0.008052153720944113,0.021660649819494584,0.008612686952037133,0.013870018115942028,0.0020380434782608695,0.008669494282680879,0.020380434782608696,0.009268784506556245,42,0.057065217391304345,65679,11.828207121512834,17.868948018175125,164.69318225816042,11.73253719210371,15.946109660248952,11.750421560943746,12.620883430868036,246.44028924201285,0.0,False
214,214000,0.02593032462391132,0.003800475059382423,0.014682767859022026,0.03800475059382423,0.01534705727104777,0.02364475201845444,0.0034602076124567475,0.009779262299854086,0.03460207612456748,0.00679958257812929,0.025,0.0036619718309859155,0.012686833906064936,0.036619718309859155,0.011867873910127431,40,0.056338028169014086,65679,12.364252202440307,19.691587863412963,180.0260942476442,11.717756379349408,15.927605289345337,11.735239025159604,12.964983381755225,264.42751838910704,0.0,False
215,215000,0.016545601291364002,0.0021791767554479417,0.008534328475801349,0.021791767554479417,0.007916330373957493,0.01574074074074074,0.003472222222222222,0.01097648188619478,0.03125,0.012764550264550263,0.016214931050879695,0.002710413694721826,0.00953766682415129,0.025677603423680456,0.009908181056540543,34,0.04850213980028531,65679,11.73157624411586,15.659414907095993,159.6433308339515,11.67322840125995,15.160887836533632,11.6729021814449,12.624335290159493,238.16567569456134,0.0,False
216,216000,0.027119628339140535,0.0039024390243902443,0.013178313001816953,0.03414634146341464,0.010398761130468448,0.03200088025669421,0.006201550387596899,0.016802287977477473,0.05426356589147287,0.016440568475452194,0.029004902283345395,0.004790419161676647,0.014577991959482244,0.041916167664670656,0.01273227354814181,29,0.04341317365269461,65679,11.708020062055347,15.409705736768586,147.47262556528278,11.67291620086247,14.82510201401832,11.680626174667697,11.7318926895274,224.5008884431826,0.0,False
217,217000,0.03131127450980392,0.004901960784313725,0.017110010886561305,0.04656862745098039,0.014736033302209774,0.028940538131714603,0.00472972972972973,0.016048093416895032,0.0472972972972973,0.01583011583011583,0.030314487623561818,0.004829545454545454,0.01666352285954253,0.046875,0.015196045274170273,37,0.052556818181818184,65679,11.728800541538353,15.770161456783727,167.14064609903156,12.182385317534294,15.746508189369568,11.746828893141604,13.241068448549553,247.55639894594864,0.0,False
218,218000,0.03303516570891612,0.005486284289276808,0.015134275861774325,0.04987531172069826,0.01505264616237185,0.0232487922705314,0.0036231884057971015,0.012767677869275035,0.036231884057971016,0.013379917184265011,0.02904544773403549,0.004726735598227475,0.014169458954935618,0.04431314623338257,0.014370706431267732,38,0.056129985228951254,65679,12.019477133577706,18.043196447180275,164.403281697742,11.683705070646145,15.139720176110538,11.704464297088158,13.136735667142185,246.13058048948696,0.0,False
219,219000,0.015277777777777777,0.002450980392156863,0.0077242911391523774,0.022058823529411766,0.007645697167755991,0.025490816138298147,0.00539568345323741,0.015062526845913596,0.04316546762589928,0.018465227817745802,0.01941658924166213,0.0036443148688046646,0.010698095113612463,0.030612244897959183,0.012030288305798508,45,0.06559766763848396,65679,11.749867382955525,18.764948105286226,158.32350800919215,11.732114759271939,15.466664726099255,11.705570409754895,13.434433242018319,241.17710663457834,0.0,False
220,220000,0.03571428571428571,0.004846938775510204,0.018765523979106427,0.04846938775510204,0.017583819241982507,0.008519900497512438,0.002238805970149254,0.004466184014420236,0.022388059701492536,0.005674010897891495,0.024671717171717168,0.0037878787878787884,0.012959125326779309,0.03787878787878788,0.012747715247715249,39,0.05909090909090909,65679,11.72035969880525,15.68473083371491,151.25623270358102,11.663074644847892,15.348001243482845,11.676468110455307,12.431486253891567,229.7803534887788,0.0,False
221,221000,0.027375201288244763,0.003381642512077295,0.015413565276869516,0.033816425120772944,0.01389847404340158,0.01864035087719298,0.002631578947368421,0.012102224767255018,0.02631578947368421,0.012421679197994986,0.023676880222841225,0.0030640668523676884,0.014011549239372567,0.03064066852367688,0.01327320157403723,39,0.054317548746518104,65679,11.74313782437153,16.66122712638829,172.52612425451562,11.804607961463098,16.21743478654597,11.966363119668422,13.040541251632675,253.9594363245856,0.0,False
222,222000,0.021382893685051956,0.0035971223021582736,0.012481050990064238,0.03117505995203837,0.012712686993262532,0.021915584415584416,0.003246753246753247,0.013438484022079866,0.032467532467532464,0.015285508142651,0.02160919540229885,0.0034482758620689655,0.012887794954010186,0.031724137931034485,0.013805692391899289,31,0.04275862068965517,65679,11.801956190361784,17.992599678585965,167.1049919834411,11.664828738183752,15.68578661697434,11.713243195411726,11.936496483046232,247.89990288600492,0.0,False
223,223000,0.02528735632183908,0.0032183908045977016,0.014597484787314876,0.03218390804597701,0.012913701879219119,0.03142775881683732,0.005460750853242321,0.014332016971821552,0.04436860068259386,0.011010888997237121,0.027758699633699632,0.004120879120879121,0.014490641284650668,0.03708791208791209,0.01214787196930054,37,0.050824175824175824,65679,11.73209124974428,18.0617477833836,157.3402540666069,11.672281692742814,15.565184031410272,11.710430196563982,12.766381996154319,238.84837101660614,0.0,False
224,224000,0.01753852392538524,0.0031630170316301704,0.010536096347326695,0.031630170316301706,0.012733171127331711,0.03493555316863588,0.005639097744360902,0.01973514764269224,0.05263157894736842,0.01879550065640291,0.024373988886544278,0.004135893648449041,0.014150494640631324,0.03988183161004431,0.015115120395770322,48,0.07090103397341212,65679,11.731783374976935,19.127494313979366,165.87677719536592,11.671667552060061,15.146553773361104,11.788659301487092,14.073151913755744,249.4160874249862,0.0,False
225,225000,0.019373219373219376,0.002564102564102564,0.008357118083007896,0.02564102564102564,0.006976356976356977,0.023279671717171716,0.003409090909090909,0.011722353993936535,0.03409090909090909,0.009931156806156806,0.020861391694725027,0.002886002886002886,0.009639112715742616,0.02886002886002886,0.00810199500675691,31,0.044733044733044736,65679,11.814142296229235,17.080676866509936,169.21953368542742,11.685329777508247,15.846581235316737,12.035025874199135,12.845730430491308,250.52702016568202,0.0,False
226,226000,0.026637225333907798,0.004739336492890996,0.014267048032427473,0.04265402843601896,0.012907169186790038,0.03188929001203369,0.004332129963898918,0.015624495236554906,0.039711191335740074,0.011476419689416078,0.028718515628386874,0.004577968526466381,0.014804977754234767,0.04148783977110158,0.012340191202852145,31,0.044349070100143065,65679,11.760074321680303,17.171070024205036,164.64986610712634,11.680702942919174,16.03564820945591,11.68508472075558,13.01453472012798,245.99698104627032,0.0,False
227,227000,0.02568922305764411,0.004511278195488722,0.014920121589035176,0.03508771929824561,0.013759597406213948,0.021954022988505746,0.0037931034482758625,0.014246275755451362,0.03793103448275862,0.01700191570881226,0.024117077890662798,0.00420899854862119,0.014636499975480303,0.036284470246734396,0.01512428870919437,31,0.04499274310595065,65679,11.723182610112737,14.25842328225957,162.8039858149813,11.724154103304185,15.666331928371191,11.764730315146076,13.013093321280477,240.95390137545553,0.0,False
228,228000,0.024154589371980676,0.0026570048309178746,0.01305872785399038,0.026570048309178744,0.010228318380492292,0.03400830737279335,0.004672897196261682,0.02148023520574978,0.04361370716510903,0.020057607674430107,0.028458049886621317,0.0035374149659863946,0.016736692289248567,0.034013605442176874,0.014521110031314115,30,0.04081632653061224,65679,11.855801756333051,16.420238497322217,189.3813358761348,12.174473592030388,24.889783077790273,11.765553763608272,12.734041612616487,279.22122817583545,0.0,False
229,229000,0.034110535405872194,0.004145077720207254,0.01573108638337477,0.038860103626943004,0.012433177070482769,0.017971246006389777,0.004472843450479233,0.009602328308370406,0.03194888178913738,0.00914093006744764,0.026883643299952308,0.004291845493562232,0.012986735485697566,0.0357653791130186,0.01095896632377319,33,0.04721030042918455,65679,11.834877410354938,14.85464394200553,163.67524323084027,11.736210459495355,15.268700531631541,11.703756290878943,12.80208872862093,241.8755205938275,0.0,False
230,230000,0.013496844520940906,0.0024096385542168677,0.00856628287079145,0.024096385542168676,0.010120481927710845,0.023965936739659365,0.004744525547445255,0.01629098487116146,0.040145985401459854,0.017583420229405632,0.017660170018660583,0.0033381712626995644,0.011638225320866027,0.030478955007256895,0.01308832676757205,29,0.0420899854862119,65679,11.729439949245691,15.498784004058797,162.26048718222253,11.699164294956542,15.071331781697783,11.821379415639932,12.243975999901014,240.3245626277223,0.0,False
231,231000,0.014138576779026217,0.0022471910112359553,0.007068859764753488,0.020224719101123594,0.005111467808097021,0.03510822510822511,0.005818181818181819,0.019011783893826614,0.05818181818181818,0.018202020202020202,0.022147817460317458,0.0036111111111111114,0.011630393286274476,0.034722222222222224,0.010111331569664903,26,0.03611111111111111,65679,11.765828402163226,16.652515832535354,173.18654279662587,11.677186058420276,15.500136646251494,11.766629314201305,11.9765224647142,252.5253615149117,0.0,False
232,232000,0.010803147469814138,0.0020512820512820513,0.0048909230625675,0.020512820512820513,0.004059829059829059,0.029067121729237765,0.00477815699658703,0.017644572260424426,0.04436860068259386,0.015874370225906063,0.018638205241426325,0.0032210834553440706,0.010362107857548583,0.03074670571010249,0.00912814613400265,38,0.055636896046852125,65679,11.74047383312865,18.75950000215093,162.7649136163034,11.678492996769485,15.128539240134852,11.725856447278304,13.41933355348407,245.2171096892497,0.0,False
233,233000,0.025331007335838256,0.003623188405797102,0.014494539432314364,0.036231884057971016,0.011704432175446667,0.02882882882882883,0.0037162162162162164,0.012803395012891948,0.037162162162162164,0.008289092664092664,0.02678925404277517,0.0036619718309859155,0.013789498941963612,0.036619718309859155,0.010280572322825844,35,0.04929577464788732,65679,11.73528474822383,18.69231537655891,168.45898461032016,11.700477378022434,15.569376633224607,11.758073424635029,12.510206079625885,250.42471825061085,0.0,False
234,234000,0.03137734311328443,0.0039119804400978,0.015359340672986757,0.039119804400977995,0.012807078821748748,0.016422262241660233,0.0033444816053511705,0.010258806821651355,0.033444816053511704,0.01271699315177576,0.025061567434448793,0.003672316384180791,0.013205301659499066,0.03672316384180791,0.012769034167339254,37,0.052259887005649715,65679,11.737801320327312,19.21132785310392,173.35257546718248,11.706530847525876,15.717752608127022,11.698387147547617,12.099724238649745,255.52409948246395,0.0,False
235,235000,0.01917057902973396,0.002347417840375587,0.010786142151174098,0.023474178403755867,0.00958528951486698,0.024944812362030905,0.003973509933774835,0.012081888511291437,0.03642384105960265,0.00964732471354988,0.021565934065934066,0.003021978021978022,0.011323663306057939,0.028846153846153848,0.009611023896738182,37,0.050824175824175824,65679,11.735242423704939,19.19811240387592,181.2585017864632,11.719179615878039,15.634733776088982,11.694535330744603,12.596669177550313,263.836974514306,0.0,False
236,236000,0.01979982593559617,0.0031331592689295045,0.009805560608792443,0.028720626631853787,0.007296199593849724,0.019377587991718424,0.005797101449275363,0.012824125328605777,0.04710144927536232,0.015841384863123996,0.0196229857648674,0.004248861911987861,0.011069784983099696,0.036418816388467376,0.010875063227111785,24,0.036418816388467376,65679,11.712080581635643,13.875602685037292,163.30106174019394,11.689819209348418,15.486814287341,11.697554126881283,12.64748982243713,240.4104224528747,0.0,False
237,237000,0.018215158924205378,0.003422982885085575,0.011470116153188466,0.034229828850855744,0.013806419063142778,0.02048260381593715,0.003367003367003367,0.014409949827346134,0.03367003367003367,0.014902998236331571,0.01916902738432483,0.00339943342776204,0.012706845050107487,0.0339943342776204,0.014267727865461577,22,0.031161473087818695,65679,11.803938970891824,14.785718652571278,172.71437660629218,11.68182144665325,15.00578141136466,11.681608698507763,12.743450014826575,250.41669580110755,0.0,False
238,238000,0.013913308913308912,0.002564102564102564,0.00644165780160885,0.02564102564102564,0.006495726495726496,0.019157088122605363,0.002298850574712644,0.011073720538253218,0.022988505747126436,0.009280544912728821,0.01601565357325726,0.002457757296466974,0.008298752078512352,0.02457757296466974,0.007612220515446322,30,0.04608294930875576,65679,11.732368858145826,13.952886073843873,151.57236513664574,11.664897834454123,15.186876760997503,11.692525791043295,13.506619634395811,229.30854008952616,0.0,False
239,239000,0.03044788975021533,0.003875968992248062,0.019477773521687045,0.03875968992248062,0.019741807144907923,0.017857142857142856,0.0025974025974025974,0.00955466581801155,0.025974025974025976,0.007810245310245312,0.024868105515587526,0.003309352517985612,0.015080194855885529,0.033093525179856115,0.014454150964942332,29,0.041726618705035974,65679,11.757978401992498,14.397119253911628,165.55151002870667,11.69431750751987,15.464547420962482,11.78262290137816,13.144373380631624,243.79246889510293,0.0,False
240,240000,0.022382048331415418,0.0027848101265822785,0.01210030294181651,0.027848101265822784,0.00971870604781997,0.03157349896480331,0.004037267080745342,0.013763195376669344,0.040372670807453416,0.011139455782312926,0.026509868560077764,0.003347280334728034,0.01284709703389826,0.03347280334728033,0.01035675544043745,44,0.061366806136680614,65679,11.73681952372496,16.638676607394487,175.32231825475446,11.804675403952192,15.290859104205579,11.700498445885167,12.976913419948666,255.4707607598655,0.0,False
241,241000,0.017551963048498844,0.0027713625866050812,0.01110151352837484,0.02771362586605081,0.011524432713809159,0.019409937888198756,0.0027950310559006213,0.011259586242499278,0.027950310559006212,0.013983781918564529,0.01834437086092715,0.002781456953642384,0.011168929970690163,0.02781456953642384,0.012573320719016085,37,0.04900662251655629,65679,11.777227341795705,16.16533902015077,182.54509953514327,11.779380166658527,15.735903948495277,11.734927020050357,12.75158057541248,262.4894576077064,0.0,False
242,242000,0.012820512820512822,0.0017369727047146404,0.006590676207639797,0.017369727047146403,0.00521387214935602,0.035358255451713394,0.004984423676012461,0.016153200538113116,0.040498442367601244,0.011841714879098056,0.022813075506445672,0.0031767955801104975,0.010830414204990537,0.027624309392265192,0.008152459878979215,32,0.04419889502762431,65679,11.731709030418646,17.384992742272566,166.11782846080726,11.810874159301488,15.964973122124803,11.804639530259287,13.184118837182568,247.99913588236663,0.0,False
243,243000,0.03577336641852771,0.005459057071960299,0.019465812011982185,0.052109181141439205,0.017425853716176297,0.041081517352703795,0.006440677966101695,0.026357713635941533,0.0576271186440678,0.027740112994350283,0.03801678264428981,0.005873925501432664,0.022378578457638354,0.054441260744985676,0.02178503206440169,31,0.044412607449856735,65679,11.826085491162264,14.71861565821575,157.549743094898,11.691415142275897,15.150431142349486,11.725948194582504,12.75543393070011,235.41767265418403,0.0,False
244,244000,0.0314828086567217,0.0050724637681159425,0.013711395610764529,0.04589371980676329,0.011411126447358333,0.01965329991645781,0.0035087719298245615,0.013164920277742381,0.03508771929824561,0.014399888610414928,0.026659618397815825,0.004434907010014306,0.013488583779703998,0.04148783977110158,0.012629720462338487,30,0.04291845493562232,65679,11.82715035695503,15.60898882189965,163.1595323813087,11.679563879971045,15.195359229690231,11.703768456584884,12.094959930458726,241.2693230568683,0.0,False
245,245000,0.019393241167434714,0.0029953917050691246,0.01034026756177153,0.027649769585253458,0.010234254992319508,0.017818986568986565,0.004487179487179487,0.011675320158028916,0.035256410256410256,0.013955026455026456,0.01873483978041619,0.0036193029490616626,0.010898627360742449,0.030831099195710455,0.011790395335971744,30,0.040214477211796246,65679,11.78408286781063,15.209439268977498,158.57161761547584,11.726794424363195,15.7760417935221,11.67450026836464,12.440416605058457,237.18289284357238,0.0,False
246,246000,0.024284511784511787,0.004545454545454545,0.018940136516706216,0.045454545454545456,0.026788720538720535,0.010606060606060607,0.0015151515151515152,0.004803797102327719,0.015151515151515152,0.0034680134680134676,0.018067033976124885,0.003168044077134986,0.012514527691988714,0.03168044077134986,0.0161883991429446,29,0.03994490358126722,65679,11.772654120292824,14.081341388916258,158.11753808783052,11.663143046548862,15.080525316998884,11.668500286970973,12.175699036366671,234.559401283925,0.0,False
247,247000,0.021109868257519263,0.003355704697986577,0.012908470137760872,0.03131991051454139,0.014491672880934626,0.013266778572901022,0.00272108843537415,0.006913481425492678,0.023809523809523808,0.007523485584710074,0.017998035103298258,0.00310391363022942,0.010529891620342721,0.02834008097165992,0.011726966990124885,33,0.044534412955465584,65679,11.699968556697083,14.9511834243235,150.6328112907615,11.663405714797126,15.684356677730937,11.692558540235542,12.615760203928128,228.94004440847382,0.0,False
248,248000,0.020348837209302327,0.002325581395348837,0.007648599308620256,0.023255813953488372,0.004449981543004799,0.010551826994780014,0.0023489932885906043,0.00692675426753425,0.02348993288590604,0.007196122296793437,0.01633852258852259,0.0023351648351648355,0.007353118783560325,0.023351648351648352,0.005574088609802895,26,0.03571428571428571,65679,11.703686062174146,14.716101091091783,161.69786432089495,11.711393362083545,15.80314207626915,11.822599420924229,12.495851607674524,239.95063794111235,0.0,False
249,249000,0.019511787580507957,0.0028436018957345975,0.012596096300392693,0.02843601895734597,0.011735499887158655,0.015701629489004904,0.002990033222591362,0.010774721041680532,0.029900332225913623,0.011351052048726468,0.01792553919109936,0.002904564315352697,0.011837819740403257,0.029045643153526972,0.011575446222749126,26,0.035961272475795295,65679,11.805418800171774,15.540183533446772,176.4591679881619,11.983749896929407,16.542269692325362,11.867177186167254,12.805241885863182,257.00320898306563,0.0,False
250,250000,0.02108857200241012,0.00339425587467363,0.012617835419645182,0.031331592689295036,0.011053089643167972,0.031991051454138705,0.0050335570469798654,0.016703418429290646,0.04697986577181208,0.01330030893789283,0.025859407357204715,0.0041116005873715125,0.014405652948095033,0.0381791483113069,0.012036454327203225,30,0.04405286343612335,65679,12.021030825246083,17.071500672663497,176.165137029137,11.918226833849966,15.419077751578635,11.681497674553842,12.518919401870166,256.7953901888992,0.0,False
251,251000,0.02594547053649956,0.003693931398416887,0.013082910133318122,0.03430079155672823,0.00978347363571638,0.019808306709265176,0.003514376996805112,0.00894260159448224,0.03194888178913738,0.006496272630457933,0.023169556840077068,0.0036127167630057803,0.011210198323122126,0.033236994219653176,0.008296632718598037,28,0.04046242774566474,65679,11.824328415531438,14.769768996635014,157.14903770127492,11.665892677197032,15.629865509243778,11.680864697903582,12.256318712898507,234.9760767106843,0.0,False
252,252000,0.02762557077625571,0.003287671232876713,0.012432455603835426,0.03287671232876712,0.008207218960643617,0.01575321952680443,0.003459119496855346,0.010528712892448517,0.031446540880503145,0.01607267645003494,0.022097887471240325,0.003367496339677892,0.011546086376571828,0.032210834553440704,0.011869320690696971,47,0.06881405563689605,65679,11.83934918737306,16.620220207215485,150.27828593126154,11.665389658591096,15.585008709843862,11.779465501751684,12.975933483955204,230.74365267999192,0.0,False
253,253000,0.02482598607888631,0.0030162412993039443,0.010624499815271813,0.030162412993039442,0.008110521857621626,0.01371308016877637,0.0018987341772151902,0.00728289619870501,0.0189873417721519,0.007044906570223026,0.020124944221329762,0.0025435073627844713,0.009210916491530033,0.025435073627844713,0.007659739487048724,33,0.04417670682730924,65679,11.744890784905204,15.520133389353152,164.8117273078606,11.704020889929945,15.56913693043227,11.740812922170218,12.172326228826469,243.26304845347786,0.0,False
254,254000,0.024644945697577275,0.003007518796992482,0.012575018390041723,0.03007518796992481,0.009338823248597684,0.01875358577165806,0.0030120481927710845,0.010547262892922538,0.02710843373493976,0.011378848728246318,0.021969252817406033,0.0030095759233926133,0.011654067876986222,0.028727770177838577,0.010265346448656981,38,0.05198358413132695,65679,11.722455925358698,15.315419470113278,153.15367006280002,11.661287554878829,15.13001775366174,11.69040496809548,13.263355592457726,231.9366113273658,0.0,False
255,255000,0.019873317498020588,0.0028503562945368173,0.009242570038744291,0.028503562945368172,0.007254081363345021,0.019435028248587574,0.002711864406779661,0.014343548973409694,0.02711864406779661,0.017207425343018563,0.019692737430167598,0.002793296089385475,0.011344230354004477,0.027932960893854747,0.011354970293517778,48,0.0670391061452514,65679,11.698931943901481,16.5461676174955,153.73358968208407,11.662893658392903,15.70616006517367,11.695804972997049,13.069587551220451,234.11313549126513,0.0,False
256,256000,0.01910159529806885,0.002770780856423174,0.010633886882301949,0.027707808564231738,0.00883711167086482,0.01758120466729738,0.0033112582781456954,0.008937172736682174,0.033112582781456956,0.010186061179438662,0.018444716942571018,0.0030042918454935624,0.009900828696354636,0.030042918454935622,0.009419919613052661,31,0.044349070100143065,65679,11.77100139386489,15.47223708744938,165.97724837692783,11.709958261732488,15.552848006722408,11.695257708582707,12.467271878938146,244.64582271421784,0.0,False
257,257000,0.028152730908636417,0.003937007874015748,0.015056370228676109,0.03937007874015748,0.015105403491230265,0.03631313131313131,0.00690909090909091,0.020804406875590112,0.05818181818181818,0.024343434343434344,0.031573630468447536,0.005182926829268293,0.01746598924986719,0.04725609756097561,0.018978053619821914,27,0.041158536585365856,65679,11.838828769303312,14.742676161749735,165.15980821558972,11.688509292645533,15.159815254253694,11.693603173171251,12.482299583005396,242.76554044971863,0.0,False
258,258000,0.012934690415606446,0.002035623409669211,0.006275968549617141,0.020356234096692113,0.005876650914818853,0.024413018675313758,0.0042622950819672135,0.01140981349856553,0.03934426229508197,0.011040853499869892,0.017950292305593165,0.003008595988538682,0.008519267560260778,0.02865329512893983,0.008133215081639151,32,0.045845272206303724,65679,11.753581460507977,14.981195984975493,150.82934019551575,11.675411820760706,15.341774131524822,11.671281598568672,12.573256171613533,228.82584136346696,0.0,False
259,259000,0.023064770932069507,0.0035545023696682463,0.01499840976087859,0.03317535545023697,0.01406285262920334,0.015035677879714578,0.0021406727828746177,0.010404304648051721,0.021406727828746176,0.011327120042716373,0.019559412550066754,0.002937249666221629,0.012992705659550971,0.028037383177570093,0.012868480725623582,30,0.04005340453938585,65679,11.726550658383573,14.725391803610544,155.233115196704,11.680748217390846,15.359494587030564,11.676384107400795,12.760476910358975,233.16216148087932,0.0,False
260,260000,0.020675105485232066,0.003291139240506329,0.011132488357103627,0.030379746835443037,0.009475587703435805,0.02992846397101716,0.004863221884498481,0.016410655751341104,0.04559270516717325,0.016193853427895984,0.024880015625871978,0.004005524861878454,0.013530992601170107,0.03729281767955801,0.012528501271595193,35,0.04834254143646409,65679,11.759749966366861,15.639980726914192,149.58816677793087,11.694039748849638,15.120050059991286,11.67184920092268,12.221130953685154,227.69496743466067,0.0,False
261,261000,0.016923736075407026,0.002570694087403599,0.011837433014001461,0.02570694087403599,0.012746358183376178,0.038957688338493286,0.006191950464396285,0.02191982462194104,0.05263157894736842,0.017913656690746474,0.026919475655430708,0.004213483146067416,0.016411326959738095,0.037921348314606744,0.01509051186017478,34,0.047752808988764044,65679,11.746714843136052,15.186041470327538,159.93084192250652,11.770391594612128,15.438545850635087,11.713243048078192,12.572824185527743,238.35860291482325,0.0,False
262,262000,0.02065843621399177,0.0029629629629629632,0.00903297933952884,0.02962962962962963,0.008347050754458163,0.04205128205128205,0.0058461538461538455,0.022051241020871217,0.052307692307692305,0.01833699633699634,0.03018264840182648,0.0042465753424657535,0.014828780773003189,0.03972602739726028,0.012794629267232007,34,0.04657534246575343,65679,11.725604969203829,14.819114423234026,160.91506598690796,11.741741915052838,15.404263399951269,11.693849376145927,12.629379568626643,238.9290196391225,0.0,False
263,263000,0.022194304857621437,0.002512562814070352,0.010219681421253735,0.02512562814070352,0.007222621041716519,0.017704728950403693,0.003114186851211073,0.010456056887996964,0.031141868512110725,0.012687427912341407,0.020305676855895197,0.0027656477438136825,0.010319117389068573,0.027656477438136828,0.009521499041149696,33,0.048034934497816595,65679,11.746069686180416,15.42725296735381,177.62403379914525,11.810278401955255,16.053309982333452,11.701227466950904,12.794253375844612,257.1564256797637,0.0,False
264,264000,0.03201058201058201,0.004292929292929294,0.01956058249722356,0.04292929292929293,0.019829244829244832,0.005454990215264187,0.0013698630136986301,0.0020956917333265716,0.0136986301369863,0.001592737551641661,0.020739894795127355,0.003052325581395349,0.012148157928825419,0.030523255813953487,0.012089331856773716,24,0.03488372093023256,65679,11.717263358412833,14.08336230676599,173.65954654983972,11.727323720456262,15.580890311048258,11.716032664851884,13.231952502815169,251.71637141419012,0.0,False
265,265000,0.02484689413823272,0.004461942257217849,0.013774864168545689,0.04199475065616798,0.013400408282298047,0.01892570281124498,0.0027108433734939763,0.008949236506871955,0.02710843373493976,0.006821332950851023,0.022089761570827485,0.003646563814866761,0.011527867838004763,0.03506311360448808,0.010336939825018366,36,0.05049088359046283,65679,11.773251309479814,17.266138680235855,168.95495379593007,11.740782365196601,16.55532677749538,11.722253667675876,12.931930840731631,250.9446374367452,0.0,False
266,266000,0.0224910394265233,0.0029569892473118283,0.011344753658024651,0.02956989247311828,0.009963304318143027,0.01384767556874382,0.0020771513353115725,0.006964951535746659,0.020771513353115726,0.006935613018699071,0.01838269863657734,0.0025387870239774336,0.009262957726843152,0.02538787023977433,0.008524190117984193,44,0.06205923836389281,65679,11.725015688551776,19.32056982631436,161.60801714229513,11.674383041213044,15.654775181991877,11.691190618542958,12.376654378309926,244.05060587721906,0.0,False
267,267000,0.02194304857621441,0.0032663316582914573,0.00952545206867298,0.03015075376884422,0.007190715482172767,0.028996101364522416,0.004093567251461989,0.012876289961358544,0.038011695906432746,0.009649122807017543,0.025202702702702702,0.0036486486486486487,0.011074082554211441,0.033783783783783786,0.008326898326898325,34,0.04594594594594595,65679,11.717415085446547,15.56470316682601,148.9803152081026,11.672461761091935,15.799767793506225,11.764131233937825,12.323566122615649,227.82236037152683,0.0,False
268,268000,0.016623150565709312,0.0026109660574412533,0.007473046154597961,0.02610966057441253,0.007132496166438725,0.03782467532467532,0.006493506493506494,0.017650288979583508,0.06168831168831169,0.01452020202020202,0.02607332368547998,0.004341534008683068,0.012009356994099477,0.041968162083936326,0.010425424390692118,29,0.041968162083936326,65679,11.7628523031571,14.532026738608984,157.98969710260903,11.710710449100436,15.423893372432108,11.741748442387067,12.835861704765804,235.9967901130605,873.470399834167,True
269,269000,0.026256116481680386,0.004260651629072682,0.012499412572606844,0.03759398496240601,0.009934558618769145,0.04401993355481727,0.0069767441860465115,0.021593911065779327,0.06312292358803986,0.02229473184622686,0.03389455782312925,0.005428571428571429,0.016410046924671007,0.04857142857142857,0.015249433106575965,27,0.03857142857142857,65679,11.759147404324931,16.583572430534097,169.11742864891832,11.662197296979926,15.486949386633864,11.69680981995269,12.59971517454661,248.90582016189043,0.0,False
270,270000,0.019579028618928865,0.0032418952618453872,0.011302431234370414,0.02743142144638404,0.010954755967224793,0.0511986301369863,0.0065068493150684924,0.02519463532225982,0.06506849315068493,0.01859643400739291,0.03290215075929361,0.004617604617604618,0.01715600063359654,0.04329004329004329,0.014174626079387983,38,0.05483405483405483,65679,11.710653598132058,15.980397380641055,176.63536625757425,11.885707888653618,15.53556869325623,11.777051486916434,12.61192338346262,256.1366686886363,0.0,False
271,271000,0.03015463917525773,0.003350515463917526,0.014978276833320134,0.03350515463917526,0.012374202258222874,0.024462365591397847,0.0038709677419354843,0.012965947274590165,0.03870967741935484,0.013721198156682025,0.027626552053486148,0.0035816618911174787,0.014084548805803957,0.03581661891117478,0.012972438258971208,36,0.05157593123209169,65679,12.12626379816506,16.22521395484855,174.96526429613968,11.747177589824243,15.547140949145888,11.711839710284998,12.831957509618075,255.1548578080265,0.0,False
272,272000,0.02911877394636015,0.00367816091954023,0.013116062776350872,0.0367816091954023,0.010509943440977923,0.021003134796238245,0.003134796238244514,0.010647466810282294,0.03134796238244514,0.009146887595163456,0.02568523430592396,0.0034482758620689655,0.012071656790706474,0.034482758620689655,0.009933265967748725,25,0.033156498673740056,65679,11.728626377258134,14.724417643677267,169.61249765894138,11.661936412665774,15.499365430993173,11.688286537248072,12.272973578156265,247.18810363894008,0.0,False
273,273000,0.027707808564231738,0.0032745591939546607,0.013598825609447664,0.0327455919395466,0.010105553556435167,0.013482587064676617,0.00208955223880597,0.007247259382251671,0.020895522388059702,0.009552238805970148,0.021197632058287796,0.00273224043715847,0.010692029590170809,0.0273224043715847,0.009852328909705959,37,0.050546448087431695,65679,11.70514343865059,15.790889331582235,160.5213704650027,11.66510803370102,15.276791005797152,11.674899772329272,12.430542938729472,239.06474498579243,0.0,False
274,274000,0.032668881506090805,0.004392764857881137,0.017612051663203825,0.04392764857881137,0.016196013289036547,0.023964218455743876,0.00423728813559322,0.012454240220869512,0.0423728813559322,0.012680477087256746,0.028510378510378506,0.004318488529014845,0.01514799599439634,0.043184885290148446,0.014516526358631621,30,0.04048582995951417,65679,11.748557029150897,15.165613901260699,171.27681789785854,11.838446822981519,15.788715510320351,11.769732909394648,12.79865565793903,250.3865397289057,0.0,False
275,275000,0.03781223083548665,0.005426356589147287,0.02408253803944123,0.05167958656330749,0.023904884951396577,0.03172377985462098,0.0065420560747663555,0.0216242251469587,0.059190031152647975,0.026980418335558524,0.035051789077212805,0.005932203389830509,0.02296796397378178,0.05508474576271186,0.025299300511164913,33,0.046610169491525424,65679,11.797304975705302,15.402747717913057,169.37133138143767,11.68994148580127,15.289676984803213,11.726105908882456,12.630291425591578,247.90739988013453,0.0,False
276,276000,0.0217035217035217,0.002702702702702703,0.012389450916901667,0.02702702702702703,0.009998634998634999,0.026793013749535483,0.0053511705685618735,0.01561502215743376,0.05016722408026756,0.018617614269788182,0.023858986465218755,0.003824362606232295,0.01375552145644713,0.036827195467422094,0.0136488825936418,25,0.03541076487252125,65679,11.760319703221779,14.26531893070071,182.593807318443,11.752417706623053,16.543057438270225,11.721022160779416,12.661022781523812,261.296966039562,0.0,False
277,277000,0.029982363315696647,0.0037037037037037034,0.01546901523459334,0.037037037037037035,0.011492189468379942,0.009172077922077922,0.002272727272727273,0.007658028624145822,0.022727272727272728,0.010119047619047618,0.020638969873663753,0.0030612244897959186,0.011962041654392413,0.030612244897959183,0.010875676801332777,33,0.048104956268221574,65679,11.755132512031308,15.349927455693413,167.8360028188053,11.659116274695403,15.222028484584982,11.70085519371089,12.285261475203368,245.80832421472462,0.0,False
278,278000,0.018622222222222224,0.0032000000000000006,0.010323928912519823,0.032,0.011551322751322753,0.030230978260869564,0.0035326086956521748,0.018116985832584205,0.035326086956521736,0.01593016735679779,0.0243719156572454,0.0033647375504710633,0.014183747144799353,0.033647375504710635,0.013720117926039865,41,0.05518169582772544,65679,11.736105014203968,16.63058367473713,169.53983196479894,11.719662819917321,15.680470902265654,11.70285835463969,13.2235993522134,250.2331120827761,0.0,False
279,279000,0.01418245869776482,0.002551020408163265,0.007661822329198726,0.025510204081632654,0.009583535795270489,0.037230916170744255,0.006017191977077364,0.02473261201175552,0.05157593123209169,0.02345931686905899,0.0250379400176971,0.004183535762483131,0.015701910857150576,0.037786774628879895,0.016118822697770065,35,0.04723346828609987,65679,11.741441732118773,16.786639530488866,185.330849800866,11.666060353188179,15.566940931896479,11.711332780370288,13.019852741380511,265.8231178703091,0.0,False
280,280000,0.020833333333333332,0.0028301886792452833,0.012382953520247651,0.02830188679245283,0.013176662174303685,0.013124999999999998,0.0025,0.006074113572538548,0.025,0.005107886904761905,0.017517921146953407,0.002688172043010753,0.009669473972845885,0.026881720430107527,0.009706221198156683,22,0.02956989247311828,65679,11.752232930206663,15.752003650684742,169.30290630542964,11.665427877977086,15.805858487039082,11.69175545469303,12.5770078631543,248.54719256918457,0.0,False
281,281000,0.013818027210884352,0.0020408163265306124,0.005690992362463724,0.02040816326530612,0.004155531260123097,0.03458605664488017,0.004248366013071896,0.016444182222390236,0.042483660130718956,0.01161038489469862,0.02292263610315186,0.003008595988538682,0.010405141498763886,0.03008595988538682,0.007423704916541593,31,0.044412607449856735,65679,11.726436721232192,14.326386091695342,181.76402785161082,13.175895626577061,16.803815237942388,12.662182800021737,13.314793950197634,263.77353827927715,0.0,False
282,282000,0.013805832410483575,0.0020671834625323,0.008755268433298503,0.020671834625323,0.008342561830933924,0.03824266548724753,0.006811145510835914,0.019752465938481116,0.06501547987616099,0.017294461644306845,0.024922870556673374,0.004225352112676056,0.013758218847628055,0.04084507042253521,0.012415045830538788,31,0.04366197183098591,65679,13.629606874690502,16.176257088287848,200.38615614031974,12.786990373270246,17.37426889213134,12.090429602665264,13.411979194979939,285.85568816634486,0.0,False
283,283000,0.031854516386890484,0.004556354916067147,0.01590554145750009,0.045563549160671464,0.0132988847017624,0.024742268041237116,0.0030927835051546395,0.01166052960959476,0.030927835051546393,0.008390607101947308,0.028931261770244823,0.003954802259887006,0.014160769638657644,0.03954802259887006,0.011281499417092637,25,0.03531073446327684,65679,12.109243288122018,16.118457800029518,176.734487654831,11.838574574832283,15.782294277302821,11.716768566830126,12.570110558704496,256.8699367206523,0.0,False
284,284000,0.014232673267326733,0.001732673267326733,0.010716652861893262,0.017326732673267328,0.010622937293729371,0.02779370997036612,0.00441640378548896,0.013712466165453468,0.04100946372239748,0.013179109709078162,0.020195015340646407,0.002912621359223301,0.012033813496052186,0.027739251040221916,0.011746802280782865,30,0.04160887656033287,65679,11.834172142372035,15.378081964986801,170.27394024916876,11.667794208983228,15.406237713358472,11.678014680910342,12.531370246607331,248.76961120638697,0.0,False
285,285000,0.01971326164874552,0.002688172043010753,0.011547043405601946,0.026881720430107527,0.012582138590203107,0.013275815944355271,0.0030898876404494386,0.008751710670485762,0.028089887640449437,0.01260143570536829,0.016565279958137103,0.0028846153846153848,0.010180094980187989,0.027472527472527472,0.01259157509157509,33,0.04532967032967033,65679,11.796174524458802,15.012828024490998,163.26465803176427,11.679609947440328,15.181153765045362,11.728864835039431,12.498053933690523,241.1613430619297,0.0,False
286,286000,0.029340277777777774,0.004166666666666667,0.014571982971893242,0.0390625,0.011352926587301587,0.028355591528396062,0.00481586402266289,0.02081540037696343,0.04815864022662889,0.02656144610818832,0.028868643794016928,0.004477611940298507,0.017562385066859018,0.04341926729986431,0.018637332816437296,27,0.036635006784260515,65679,11.753087642063509,14.551507078436332,174.31969880746246,12.02344085692031,15.544549090668047,11.715272790993602,12.736249684133782,252.64380595067803,0.0,False
287,287000,0.020519262981574537,0.0030150753768844224,0.012334972277436912,0.02763819095477387,0.011683417085427137,0.024685534591194967,0.005031446540880504,0.014072847155448502,0.03459119496855346,0.014046121593291406,0.02236964618249534,0.003910614525139665,0.013106821734430889,0.030726256983240222,0.012732774674115457,35,0.04888268156424581,65679,11.755446861341778,16.508159652789402,167.73260834013203,11.664005075143201,15.191242573639464,11.674752740511995,12.659636972570109,247.18585221612796,0.0,False
288,288000,0.019396659187235103,0.0034031413612565452,0.010296468689557933,0.034031413612565446,0.012604919803872683,0.024977396021699818,0.005063291139240506,0.01633426756622656,0.04430379746835443,0.017860910186859553,0.021923181880201936,0.004154727793696276,0.013029913453207342,0.03868194842406877,0.014984422613362441,20,0.02865329512893983,65679,11.706657979546065,13.977369527726214,165.62360721142366,11.70472750779139,15.73488141638768,11.73117889709252,12.304109964000887,242.7825325039684,0.0,False
289,289000,0.025293586269196026,0.0032520325203252037,0.011146495142388557,0.02981029810298103,0.008005334021594184,0.020263424518743665,0.002735562310030395,0.010890563358089926,0.02735562310030395,0.009514160274038692,0.02292263610315186,0.003008595988538682,0.011025862539187628,0.02865329512893983,0.008716514303906854,32,0.045845272206303724,65679,11.747848326151832,15.370159539104812,175.98051383294066,11.750191288809052,15.677962051277582,11.759803695485239,12.74272151806366,255.02920025183283,0.0,False
290,290000,0.02406417112299465,0.0034759358288770055,0.0141378956090284,0.034759358288770054,0.014048043459808165,0.024569402228976692,0.00425531914893617,0.015275455310494459,0.03951367781155015,0.015407439571573311,0.024300616405879563,0.0038406827880512096,0.014670267076713085,0.03698435277382646,0.014684233105285736,20,0.02844950213371266,65679,11.779885457363637,14.973252878219823,192.3834229212995,11.678023686664819,16.086416548197203,11.720188181088552,12.23912162720553,270.8603113000391,0.0,False
291,291000,0.017570970695970696,0.002403846153846154,0.007847208315231653,0.02403846153846154,0.007151442307692307,0.02181351582549187,0.0038922155688622755,0.016145546126927906,0.03592814371257485,0.018463073852295408,0.01946031746031746,0.0030666666666666663,0.011542734754040385,0.029333333333333333,0.012188888888888888,24,0.032,65679,11.713821380418544,16.15014932870862,177.9370112231782,11.664215457035665,15.272817052561226,11.689486238558588,12.427996364264281,256.8554970447251,0.0,False
292,292000,0.008602150537634409,0.001881720430107527,0.003964126890189217,0.016129032258064516,0.003408218125960061,0.02946593001841621,0.003867403314917127,0.014755464998879505,0.03867403314917127,0.012472594931158466,0.018891916439600365,0.0028610354223433244,0.009286285466954727,0.027247956403269755,0.00787866009255655,30,0.04087193460490463,65679,11.715331457370915,15.385190963113082,163.51793143795646,11.659811035472089,15.21186745453984,11.687667447843332,12.486841027142814,241.6646408234385,0.0,False
293,293000,0.024758454106280192,0.002898550724637681,0.013449705221200984,0.028985507246376812,0.01095583160800552,0.013432835820895522,0.0020895522388059704,0.010501803187345615,0.01791044776119403,0.010281923714759536,0.019692923898531375,0.0025367156208277704,0.012131217662667539,0.02403204272363151,0.010654417530251975,27,0.036048064085447265,65679,11.74546580345881,14.14599502082281,178.1116137437866,11.85224221383896,15.790518353056559,11.782041099625552,12.587746046052729,256.015622280642,0.0,False
294,294000,0.028046398046398042,0.004358974358974359,0.014324848094854854,0.041025641025641026,0.01136039886039886,0.014450867052023121,0.002890173410404624,0.007643743195668299,0.02601156069364162,0.008136067529131114,0.021655020703933745,0.0036684782608695653,0.011184002585182914,0.033967391304347824,0.009844612663906141,31,0.042119565217391304,65679,11.819387147241066,15.80072093555762,170.77409354759877,11.669551967227743,15.157234972681955,11.68401328054125,12.020447539715096,248.92544939056347,0.0,False
295,295000,0.024029982363315692,0.003174603174603175,0.014358076164515749,0.031746031746031744,0.014041110271269,0.024786691453358118,0.003603603603603604,0.014982159312414365,0.036036036036036036,0.01392583059249726,0.02438439041814569,0.0033755274261603376,0.014650368271759404,0.03375527426160337,0.013987118522983502,21,0.029535864978902954,65679,11.768152988991808,13.710456735135935,164.60150675046137,11.76855564913315,15.55592030214048,11.711474792452936,12.722567805767415,241.83863502408315,0.0,False
296,296000,0.01747181964573269,0.0028985507246376816,0.009449243982999754,0.028985507246376812,0.00941262173146231,0.020721686316541622,0.003536977491961415,0.010874451992093734,0.03536977491961415,0.011039657020364415,0.018865900383141763,0.003172413793103448,0.01006060907379731,0.031724137931034485,0.010110563765736179,29,0.04,65679,11.774978645004431,14.618888256059947,172.43279167114545,11.704861131167643,15.687016210158555,11.683103465470746,12.792674233069734,250.69431361207648,0.0,False
297,297000,0.02396109637488948,0.0034482758620689663,0.012478635634888815,0.034482758620689655,0.010221674876847291,0.0393525949705725,0.0056179775280898875,0.023162735686574225,0.05337078651685393,0.024705724986623864,0.031436367179886966,0.004502046384720327,0.01766763920705799,0.04365620736698499,0.01725622035990385,38,0.05184174624829468,65679,11.70140311143597,15.708054348209654,171.65340151463482,11.716335115194433,16.05220353771697,11.704593401190566,12.363689746150431,250.89968077453287,0.0,False
298,298000,0.023504273504273504,0.0035897435897435893,0.014101401071759022,0.035897435897435895,0.014212454212454212,0.037573964497041416,0.004142011834319527,0.018831937463152437,0.04142011834319527,0.015039447731755423,0.030036630036630037,0.003846153846153846,0.016297721539191682,0.038461538461538464,0.014596415489272633,39,0.05357142857142857,65679,11.796316513573712,15.851657422627508,177.79625699493317,11.669079516510305,15.780635222173434,11.684721897026185,13.141458543114437,257.72012610995876,0.0,False
299,299000,0.020603015075376884,0.002512562814070352,0.010087335958004248,0.02512562814070352,0.008287469091489192,0.027922077922077924,0.00440771349862259,0.015235474416142874,0.04132231404958678,0.014179675543311907,0.024094236906326262,0.0034165571616294353,0.01254301829743174,0.0328515111695138,0.011098074797154953,23,0.030223390275952694,65679,11.746353032679458,13.848973462154968,164.18989564091768,11.670847924999395,15.474452822419881,11.677482838659547,12.935956807597071,241.54396252942806,0.0,False
300,300000,0.02336860670194003,0.0029100529100529104,0.01307597694687063,0.0291005291005291,0.012003443352649702,0.0132990132990133,0.002102102102102102,0.010090245077567757,0.018018018018018018,0.009187759187759187,0.018652468019556626,0.0025316455696202536,0.011677596197956629,0.02390998593530239,0.010684705199473132,29,0.040787623066104076,65679,11.715101546072582,14.419722313224748,171.19069861604163,11.679255455865345,15.004656743075607,11.7467629211776,12.90348246428541,248.65968005974295,0.0,False
301,301000,0.017479674796747967,0.002682926829268293,0.009032664212300682,0.024390243902439025,0.008112659698025552,0.025133120340788073,0.003833865814696486,0.014615412489977319,0.038338658146964855,0.015499011106039861,0.020792992162286767,0.0031811894882434306,0.011449538639565948,0.030428769017980636,0.011310347098728841,30,0.04149377593360996,65679,11.73271786589214,15.197006991776728,171.87773322649426,11.823769612367974,15.804656927909111,11.883562252651414,12.293179026748312,250.61262590383996,0.0,False
302,302000,0.02702702702702703,0.00343980343980344,0.011521804113245895,0.0343980343980344,0.00795990795990796,0.019801980198019802,0.004290429042904291,0.013034997231627734,0.036303630363036306,0.015667400073340665,0.023943661971830985,0.003802816901408451,0.012167575260949696,0.035211267605633804,0.011249161636485578,29,0.04084507042253521,65679,11.891406295830297,15.165947987116901,185.1407619927886,11.812177027989424,15.608390966342922,11.996929810395574,12.660510904136114,264.27612498459985,0.0,False
303,303000,0.021990740740740738,0.003333333333333334,0.010858467286835347,0.030555555555555555,0.009798280423280422,0.01612487100103199,0.0027863777089783283,0.011736656586137649,0.02786377708978328,0.01237407243599194,0.019216691068814056,0.003074670571010249,0.011273774964250636,0.029282576866764276,0.011016407539101535,30,0.043923865300146414,65679,11.865393937271485,14.585155587248932,189.29405093513762,11.680792289761598,15.435041290354224,11.757310382984333,12.992509473744306,267.6102538965025,0.0,False
304,304000,0.007340241796200344,0.0010362694300518134,0.005704941312177585,0.010362694300518135,0.006347150259067358,0.024997532326522555,0.004234527687296417,0.014799219967047597,0.04234527687296417,0.014855746859004185,0.0151624469806288,0.0024531024531024535,0.009733719879342224,0.024531024531024532,0.010116470830756544,33,0.047619047619047616,65679,11.736319461927437,15.865283530355768,192.59664922417764,12.311913794540995,16.231126730742453,11.779757520785639,13.260447740415238,273.7814980029452,0.0,False
305,305000,0.03435828877005347,0.004545454545454546,0.018368795562717647,0.045454545454545456,0.0167250233426704,0.022893772893772892,0.0032967032967032967,0.012568135760366172,0.03021978021978022,0.01034798534798535,0.0287037037037037,0.003929539295392954,0.015507765524701473,0.037940379403794036,0.013579709209790512,22,0.02981029810298103,65679,11.88325443714222,14.56614560692293,181.98962581911226,11.80790070458293,15.436531403081876,11.737363354483165,12.579046867369769,259.99986819269515,0.0,False
306,306000,0.03468697123519458,0.004314720812182741,0.0217645067090006,0.04060913705583756,0.01915437917975989,0.021157684630738523,0.0038922155688622755,0.012872501795003344,0.038922155688622756,0.01447105788423154,0.028479853479853483,0.004120879120879122,0.01768493302593043,0.03983516483516483,0.017005712541426826,22,0.03021978021978022,65679,11.711932275573766,14.055166037529876,182.77691381408945,11.660004321178974,15.241522307932186,11.685503547770315,12.068539710516358,259.19958201459093,0.0,False
307,307000,0.029021712311867752,0.004404145077720207,0.01711079051104239,0.038860103626943004,0.0180195739781232,0.021635300826917593,0.0038922155688622755,0.00945649674514178,0.038922155688622756,0.008632734530938123,0.025595238095238095,0.004166666666666667,0.013560048680749606,0.03888888888888889,0.013665123456790123,25,0.034722222222222224,65679,11.737760650901151,14.10138555325846,169.7938408348476,11.67724621431443,15.256810670757904,11.687539032231854,12.701147025687142,246.95572998199856,0.0,False
308,308000,0.031075392269422117,0.004776119402985075,0.015408707140135541,0.041791044776119404,0.013150912106135984,0.014165917939502845,0.0031446540880503146,0.008536883651709473,0.025157232704402517,0.007686932215234103,0.022840763116413955,0.003981623277182236,0.012062244859401255,0.033690658499234305,0.010490045941807044,24,0.036753445635528334,65679,11.743872531125298,13.678806542849475,171.62995189375084,11.770943005168233,15.032915668802826,11.710317510862932,12.499283620390212,248.06609077294976,0.0,False
309,309000,0.018077601410934743,0.0021164021164021165,0.008861908132005193,0.021164021164021163,0.0067901234567901226,0.014240506329113924,0.0034810126582278484,0.010667128794825837,0.03481012658227848,0.016459463532248343,0.01633045148895293,0.0027377521613832856,0.009683881805566178,0.027377521613832854,0.01119287772745986,26,0.037463976945244955,65679,11.772076245128439,14.228098795171507,188.25890764241626,11.688183701674681,15.616304399460045,11.761547845087762,12.956143660231012,266.2812622891697,0.0,False
310,310000,0.02258953168044077,0.0030303030303030307,0.010441678323978219,0.030303030303030304,0.007720057720057721,0.019047619047619046,0.0025714285714285713,0.011961078359457176,0.025714285714285714,0.01141609977324263,0.020850864890135577,0.002805049088359046,0.011187526868743487,0.028050490883590462,0.00953438411362675,33,0.04628330995792426,65679,11.753648236662029,15.415150816003308,170.2949155489991,15.98691332090063,15.133522259763721,11.6776484985065,13.11577796481167,253.37757664564697,0.0,False
311,311000,0.024932249322493223,0.0035230352303523035,0.01036104558558035,0.03523035230352303,0.006996601712048867,0.019444444444444445,0.002976190476190476,0.00877516108351751,0.026785714285714284,0.007832577475434619,0.02231678486997636,0.003262411347517731,0.00960521978034189,0.031205673758865248,0.007395024203534842,28,0.03971631205673759,65679,11.740389575368159,14.590972097189292,173.82358790403453,11.678875268247847,15.304696455206713,11.74353331594158,12.713682672249593,251.59573728823773,0.0,False
312,312000,0.03323214285714285,0.005,0.02071668219903505,0.045,0.019697420634920634,0.027155172413793102,0.004597701149425287,0.015464880441320161,0.04597701149425287,0.016338259441707716,0.030404889228418636,0.004812834224598931,0.018273330579135612,0.045454545454545456,0.018134602325778796,24,0.03208556149732621,65679,11.734438168348182,15.558725583939005,206.72077744009198,11.706446882184252,16.493876490122904,11.787760505338474,13.289065511568054,287.2910905815928,0.0,False
313,313000,0.04004854368932039,0.004611650485436894,0.017147716475399182,0.0412621359223301,0.010213438126059484,0.011542703687718793,0.0027190332326283992,0.00793539998472651,0.02416918429003021,0.01027190332326284,0.027349441346749555,0.003768506056527591,0.013043710071075288,0.033647375504710635,0.010239483859941464,18,0.024226110363391656,65679,11.788282718402932,13.796937860660607,189.98095003862346,11.667877204149523,15.573821876724292,11.679034431277824,12.583669167717805,267.07057329755645,0.0,False
314,314000,0.02676056338028169,0.0039436619718309866,0.01395364714964198,0.036619718309859155,0.012475966912586631,0.02876923076923077,0.004923076923076923,0.01691240135244648,0.04923076923076923,0.018374847374847375,0.02772058823529412,0.004411764705882353,0.015367757614217662,0.04264705882352941,0.015295284780578894,28,0.041176470588235294,65679,11.738812333350612,15.803037760844795,168.97332393069064,11.70260254379496,15.320313172154098,11.755989754461126,12.887146683182582,248.18122617847882,0.0,False
315,315000,0.02187780772686433,0.002964959568733154,0.012924533641494085,0.029649595687331536,0.011668378043041116,0.017595307917888565,0.0020527859237536657,0.006176681056247479,0.020527859237536656,0.0031641297770330025,0.01982677902621723,0.0025280898876404497,0.009692767164571202,0.025280898876404494,0.007595416443731051,24,0.033707865168539325,65679,11.79270998530324,14.54532265715569,168.93844000921698,11.952021239561294,16.535091921593413,11.845342130681335,13.171467024161721,248.7803949676737,0.0,False
316,316000,0.02223719676549865,0.002964959568733154,0.011490801069661348,0.029649595687331536,0.009913147648996706,0.035671641791044775,0.0050746268656716425,0.017983760635946134,0.050746268656716415,0.015786543473110634,0.02861189801699717,0.003966005665722379,0.014571737974343224,0.039660056657223795,0.01270009892531139,24,0.0339943342776204,65679,12.056998635476269,14.78090124341913,182.78018204351264,11.701577206243986,15.999577637176854,11.894855283148264,12.977160719990222,262.1912527689674,0.0,False
317,317000,0.01691604322527016,0.0022443890274314216,0.007349430908365083,0.022443890274314215,0.004723310770692317,0.025721393034825873,0.004477611940298508,0.011624349183556813,0.041791044776119404,0.009444444444444445,0.020923913043478258,0.003260869565217392,0.009295215721122187,0.03125,0.006872196342305037,29,0.03940217391304348,65679,11.85002265219337,16.341815582951448,170.45101094567693,11.664657073015562,15.469289894418093,11.704451320593279,12.90479189069993,250.3860393595486,0.0,False
318,318000,0.016309204647006255,0.0024128686327077754,0.00688359516698315,0.021447721179624665,0.004922549895740245,0.020652120497321735,0.004024767801857586,0.012526070833518603,0.04024767801857585,0.012684898520811835,0.01832466703156358,0.0031609195402298854,0.009502157868550609,0.03017241379310345,0.008524904214559387,28,0.040229885057471264,65679,11.753222450658352,15.210905167803435,163.1787981557775,11.661618037672739,15.457258008444441,11.678954823998723,12.306386193788876,241.24714283814407,0.0,False
319,319000,0.019377777777777775,0.0029333333333333334,0.008383488997611115,0.02666666666666667,0.0067555555555555554,0.025462962962962965,0.0041269841269841265,0.014432846822014251,0.0380952380952381,0.014109347442680773,0.022155797101449274,0.003478260869565218,0.011145152352229938,0.03188405797101449,0.010112721417069244,24,0.034782608695652174,65679,11.762613500526653,14.371642397467689,162.66504816871142,11.694045262994335,15.399628249840314,11.754622924117776,12.77669720356478,240.42429770722293,0.0,False
320,320000,0.016406035665294923,0.0027160493827160497,0.009048641095824862,0.027160493827160494,0.009409171075837743,0.01703940362087327,0.0022364217252396168,0.00845177672601496,0.022364217252396165,0.00718849840255591,0.016682141751779636,0.002506963788300836,0.008788448132384054,0.025069637883008356,0.008441106247512932,18,0.025069637883008356,65679,11.7324565362259,14.927879637138819,175.90594471227072,11.684513799362083,16.85673434603796,11.953492440763824,12.339116250356664,255.400137722156,0.0,False
321,321000,0.0195446735395189,0.003092783505154639,0.008400949869209265,0.028350515463917526,0.006002495499918181,0.030461538461538464,0.004307692307692308,0.01670884999946006,0.043076923076923075,0.013410256410256411,0.024520804114072,0.003646563814866761,0.012187860868271692,0.03506311360448808,0.009379104610521159,33,0.04628330995792426,65679,11.74668952942659,15.40143566282348,173.00298420160064,11.693335368739843,15.780095808062832,11.743004350320273,12.632460311204351,252.00000523217798,0.0,False
322,322000,0.01832460732984293,0.002879581151832461,0.009591969825319215,0.028795811518324606,0.008638743455497384,0.02252906976744186,0.0037790697674418604,0.011619634205283736,0.0377906976744186,0.010188261351052049,0.0203168044077135,0.0033057851239669425,0.01055273641858064,0.03305785123966942,0.00937295028204119,21,0.028925619834710745,65679,11.723059876123099,14.349186939460745,163.37688687106944,11.699938740700189,15.82724283641368,11.735593802061906,12.322753787846752,241.03466285367583,0.0,False
323,323000,0.021918941273779982,0.003225806451612904,0.012691900088706198,0.02977667493796526,0.011448855803694513,0.021710253217102533,0.003287671232876713,0.009967518908636366,0.03287671232876712,0.008721461187214612,0.0218197601010101,0.003255208333333334,0.011397109553907386,0.03125,0.010152633101851853,16,0.020833333333333332,65679,11.733497720142761,13.415290690821369,184.33280276186625,11.772025350159643,16.402347104468863,11.930826852205033,12.505005436896921,262.09179591656084,0.0,False
324,324000,0.019981060606060606,0.0025568181818181822,0.009544507970377057,0.02556818181818182,0.0072837752525252535,0.017321248741188316,0.0033232628398791545,0.010315288575050981,0.030211480362537766,0.011034383541936412,0.018692044899951195,0.002928257686676428,0.009918048790504537,0.027818448023426062,0.009101419972576633,32,0.04685212298682284,65679,11.856096304940777,16.95491489196732,193.74862283644268,11.708428934553705,15.425356923851052,11.697862670523307,14.112404384425403,275.50368694670425,0.0,False
325,325000,0.028457446808510638,0.0034574468085106385,0.013933488240826518,0.034574468085106384,0.010463103681188787,0.029468599033816423,0.004347826086956522,0.017981437317952004,0.04057971014492753,0.015462387853692201,0.028941285251964863,0.003883495145631068,0.015870440295761738,0.03744798890429958,0.012855271558461574,27,0.03744798890429958,65679,11.758020081700792,14.878307560098335,168.75248060181647,11.685871440597628,15.223880264064737,11.70195951791242,12.595868124534725,246.5963875907251,0.0,False
326,326000,0.01425,0.0017500000000000003,0.006845491691699698,0.0175,0.004895833333333333,0.020334412081984898,0.0035598705501618125,0.01051795929685724,0.03559870550161812,0.011681306826937894,0.016901739539257173,0.002538787023977433,0.008446045274201362,0.02538787023977433,0.007853113036469876,14,0.019746121297602257,65679,11.770582193010304,12.677329526214475,175.30073754630504,12.982482923903916,15.104751195274545,11.699844325308018,12.546106342187224,252.0818340522035,0.0,False
327,327000,0.026184226971628546,0.003937007874015748,0.013974803543892701,0.03937007874015748,0.013046285880931551,0.02331085826661048,0.004129793510324485,0.011930358510534912,0.04129793510324484,0.012350751510043544,0.024831349206349204,0.004027777777777778,0.013012210674020076,0.04027777777777778,0.012718805114638446,26,0.03611111111111111,65679,11.781635781429877,14.579111100573861,169.40301512341495,11.731676940213154,15.531571074603455,11.707049188833253,12.63069114146309,247.36475035053166,0.0,False
328,328000,0.019494430162810626,0.002827763496143959,0.00880629565099368,0.028277634961439587,0.00760497000856898,0.0173816082906992,0.0030303030303030307,0.014171333822124,0.027548209366391185,0.016758494031221302,0.018474544072948327,0.0029255319148936173,0.011396068066047281,0.027925531914893616,0.012023492907801418,30,0.0398936170212766,65679,11.80464716041274,14.272034727563776,167.05372571666766,11.842678328460865,15.631989570136229,11.726558028515853,12.248417559021508,244.58005109077862,0.0,False
329,329000,0.03784395024500565,0.005013192612137203,0.015646274613186347,0.047493403693931395,0.012093227792436238,0.018810916179337233,0.0026315789473684214,0.01269271787004295,0.02631578947368421,0.012734382251926113,0.028815798163925762,0.003883495145631068,0.014245280984677278,0.03744798890429958,0.012397353763511877,26,0.036061026352288486,65679,11.710520463531493,14.36027742007795,163.39008186781746,11.737185957261254,15.936930088347733,11.72591155923497,12.882692402710338,241.7435997589812,0.0,False
330,330000,0.014583333333333335,0.0017500000000000003,0.00793151453010298,0.0175,0.006090277777777779,0.016945516945516943,0.0024024024024024027,0.01163146566553805,0.024024024024024024,0.011418561418561419,0.015656467225362177,0.0020463847203274215,0.009612392740334737,0.020463847203274217,0.008510903224409365,21,0.0286493860845839,65679,11.719722199099447,13.885304444113956,165.48218906960176,11.806498178862368,15.434392492477688,11.769236954034534,12.107364242910922,242.20470758110068,0.0,False
331,331000,0.016425120772946857,0.0026086956521739132,0.007763096835968279,0.02608695652173913,0.006919714745801701,0.019838781907747426,0.005015673981191223,0.016380671364242195,0.034482758620689655,0.020480668756530825,0.018065117613310384,0.0037650602409638554,0.011903166526509511,0.030120481927710843,0.013434691145534519,29,0.043674698795180725,65679,11.752157802746854,14.06112636680168,164.561449674,11.681396745386042,15.611545989224762,11.726838798423177,13.101431638587457,242.49594701516997,0.0,False
332,332000,0.017890772128060263,0.002824858757062147,0.00794753606822576,0.02824858757062147,0.007174244462380055,0.02628370625358577,0.004819277108433735,0.0129896427835145,0.045180722891566265,0.012678093325683686,0.021952658614466197,0.0037900874635568515,0.010387739318190573,0.03644314868804665,0.00983791475773983,21,0.030612244897959183,65679,11.788699779108347,13.649770484569501,173.6518029323425,11.7219797613477,15.608961487459382,11.72976840807527,12.449811765125052,250.60079461802778,0.0,False
333,333000,0.020810055865921787,0.0030726256983240226,0.010860571512924315,0.030726256983240222,0.009573689811119978,0.013824662813102118,0.002601156069364162,0.007744962295635361,0.02601156069364162,0.007161207450224792,0.017376893939393942,0.002840909090909091,0.009329320391927187,0.028409090909090908,0.008388009559884559,20,0.028409090909090908,65679,11.803045435548887,14.105468021774481,176.26836364115218,11.665792026341325,15.337589066341529,11.719861800901787,13.01148738208635,253.91160737414654,0.0,False
334,334000,0.007129952251903471,0.0018970189701897021,0.004564612610039481,0.018970189701897018,0.00761388566266615,0.019706653556211078,0.004129793510324484,0.013720952267003225,0.038348082595870206,0.01566231212248911,0.013151847367949063,0.0029661016949152543,0.008948792191551782,0.02824858757062147,0.011467581382835617,30,0.0423728813559322,65679,11.76973086641775,16.461260538738753,187.91795633708864,11.669046806758733,15.166667721014381,11.68675200288738,12.538158898248163,267.2095731711538,0.0,False
335,335000,0.02721958348556814,0.003580562659846547,0.01802407786733702,0.03580562659846547,0.017799293630495674,0.019230769230769232,0.0029585798816568047,0.010272506624832247,0.029585798816568046,0.00994411571334648,0.023515579071134628,0.0032921810699588477,0.014430070898932886,0.03292181069958848,0.01415724954819605,20,0.027434842249657063,65679,11.708439804511418,13.651293556571353,176.67175050817275,11.678978404691676,15.831388563744554,11.760144084937973,12.4804091893721,253.7824041120018,0.0,False
336,336000,0.037556154537286605,0.005390835579514825,0.018000264748830118,0.04851752021563342,0.015143541693406924,0.016112789526686808,0.0027190332326283992,0.009930176927878395,0.02416918429003021,0.011987483815278378,0.02744539411206078,0.004131054131054131,0.014195137870290203,0.037037037037037035,0.013655428933206712,17,0.024216524216524215,65679,11.767805093126915,15.131726493936014,192.99255320132102,11.732393686125775,16.07323492339163,11.73449643551705,13.205573901914347,272.63778373533273,0.0,False
337,337000,0.030537749287749286,0.004166666666666667,0.017344248049807706,0.041666666666666664,0.014131393298059965,0.019668737060041408,0.004347826086956522,0.012349137152171829,0.040372670807453416,0.014354727398205657,0.025406045567335885,0.004252199413489736,0.01498585258200895,0.04105571847507331,0.014236838430386816,17,0.024926686217008796,65679,11.85797791877774,14.58975583899791,189.58101356458812,11.912149454271216,16.28953641512332,11.810638841744382,13.012090082073492,269.0531621155762,0.0,False
338,338000,0.026979982593559618,0.0031331592689295045,0.015644584873043408,0.031331592689295036,0.012779228314476355,0.02676056338028169,0.004225352112676056,0.015606444928882583,0.04225352112676056,0.015961323496534764,0.02687443541102078,0.003658536585365854,0.015626238422938945,0.036585365853658534,0.01430991095625242,22,0.02981029810298103,65679,12.09437373304867,16.53904659798533,172.69058959136495,11.668253650287674,15.276110345976978,11.677913874783009,11.947961565880739,251.89424935932735,0.0,False
339,339000,0.01098901098901099,0.002197802197802198,0.008160188894719438,0.02197802197802198,0.009317765567765568,0.02142857142857143,0.003869047619047619,0.01263618308830797,0.02976190476190476,0.011086309523809524,0.016,0.003,0.010308666107641935,0.025714285714285714,0.010166666666666668,14,0.02,65679,12.037260637642877,13.255915003299034,192.00355955720227,11.915736483944507,15.582703683375554,11.824580660804717,13.347404299327014,269.96716032559596,0.0,False
340,340000,0.027191894127377995,0.00347394540942928,0.01481005917364746,0.034739454094292806,0.012840206388593484,0.025148378191856457,0.004057971014492754,0.012176928503958654,0.04057971014492753,0.01170232344145388,0.02624936338171632,0.0037433155080213902,0.013595580455676019,0.0374331550802139,0.012315380697733639,21,0.02807486631016043,65679,11.821097167130645,14.816233347050844,195.91904131485705,11.66709277189426,15.744666297112797,11.696175066619464,12.19411995455333,273.8584259192184,0.0,False
341,341000,0.025606469002695417,0.0026954177897574125,0.011124845447807816,0.026954177897574125,0.007797458606083943,0.0360711041909952,0.004632152588555859,0.01974890344942265,0.04632152588555858,0.01652177673976039,0.030810427151890564,0.003658536585365854,0.015413503017716549,0.036585365853658534,0.012135974534348518,26,0.03523035230352303,65679,11.713931485204942,16.116140513597333,170.29451762164138,11.667911193169456,15.247991857342269,11.695847953838157,12.682784055834118,249.41912468062765,0.0,False
342,342000,0.024874999999999998,0.0034999999999999996,0.011569853029607753,0.035,0.008658730158730157,0.03343465045592705,0.004863221884498481,0.01650792621359399,0.04559270516717325,0.014157861726250784,0.028737997256515775,0.00411522633744856,0.013798421037195505,0.039780521262002745,0.011140505584950028,24,0.03292181069958848,65679,11.717207211631164,13.734927027775345,164.96478961054717,11.672551762070826,15.224573906430505,11.699931409953068,12.742059346426693,241.7560402748348,0.0,False
343,343000,0.020825396825396823,0.0029333333333333334,0.010235181537663467,0.029333333333333333,0.01152063492063492,0.029350104821802937,0.0037735849056603774,0.01925455327988157,0.03773584905660377,0.02006464011180992,0.024737167594310452,0.0033189033189033185,0.014373940865261383,0.03318903318903319,0.015441260679355917,22,0.031746031746031744,65679,11.723189535892132,14.12813039539107,181.56119260522019,11.907264613600365,16.016130545040696,11.733633138000243,12.525402636826,259.5949434699707,0.0,False
344,344000,0.013180272108843538,0.0017857142857142859,0.006738043585177978,0.017857142857142856,0.006186224489795918,0.025633640552995392,0.005161290322580645,0.014321648042024659,0.03870967741935484,0.014982078853046593,0.01867962284628951,0.0032763532763532767,0.01008692874418435,0.027065527065527065,0.010070433681544791,28,0.039886039886039885,65679,11.80518454485524,15.198688501652512,187.05470601634855,11.719241450575124,15.618568799474764,11.688275119159375,12.806519161481788,265.89118359354734,0.0,False
345,345000,0.013157894736842105,0.0013157894736842105,0.0054259803968751165,0.013157894736842105,0.0030994152046783627,0.02826086956521739,0.003478260869565217,0.016214899586172456,0.034782608695652174,0.013871635610766046,0.020344827586206895,0.0023448275862068967,0.01056001780419592,0.023448275862068966,0.008225506294471812,30,0.041379310344827586,65679,11.750612496475021,15.14909822916688,179.88063274236578,11.673274751572427,15.640897550989186,11.72417444350593,12.829618840790037,258.64830905486525,0.0,False
346,346000,0.020370370370370372,0.0038759689922480624,0.011199197907819624,0.03359173126614987,0.011032156187194945,0.027300117577895355,0.004320987654320988,0.013105250886055735,0.037037037037037035,0.009995345874975504,0.02352822985734378,0.004078762306610408,0.012067779011825952,0.035161744022503515,0.010559685665170897,18,0.02531645569620253,65679,11.791291287616135,14.614440285470875,194.47387011801987,11.791421419091176,15.59731035540024,11.802347660280766,12.886946823248424,272.95762794912747,0.0,False
347,347000,0.029333333333333333,0.0037333333333333333,0.014123882464238974,0.037333333333333336,0.010659259259259259,0.023876782351358622,0.003954802259887006,0.01438816053223321,0.03672316384180791,0.014252085014796878,0.026683650140440263,0.0038408779149519887,0.014252215024005725,0.037037037037037035,0.012403923617915388,27,0.037037037037037035,65679,11.908672019861344,17.830910279223456,208.22399352145305,12.373916273941688,16.25594242952999,11.891622200096986,13.345192693706153,291.8302494178127,0.0,False
348,348000,0.028547439126784212,0.004030226700251889,0.013855278523225122,0.03526448362720403,0.010386429970812842,0.011074065253631816,0.0018575851393188858,0.0077616954284672945,0.018575851393188854,0.008255933952528379,0.020708689458689457,0.0030555555555555557,0.01112162944043793,0.027777777777777776,0.00943066578483245,23,0.03194444444444444,65679,11.922110367976192,15.901220917977078,186.65770322957854,11.68188618097532,16.167363330016336,11.756867377393787,12.80184530759454,266.88899671151177,0.0,False
349,349000,0.017645365572826713,0.0028497409326424875,0.007913005850586236,0.02849740932642487,0.007352578337034296,0.028892543859649122,0.0042763157894736845,0.017377680734505806,0.039473684210526314,0.01579730576441103,0.022600644122383252,0.003478260869565218,0.012082949567559495,0.03333333333333333,0.011073153899240856,14,0.020289855072463767,65679,11.751867503947967,13.718696295725309,181.41408290225925,11.68561883999053,15.275283469465272,11.701547538947587,12.413280796361171,257.9603773466971,0.0,False
350,350000,0.0213903743315508,0.00267379679144385,0.009558651669010598,0.026737967914438502,0.007611832611832612,0.010703363914373088,0.0012232415902140674,0.004351891341995227,0.012232415902140673,0.0027607883112470265,0.016405135520684736,0.0019971469329529245,0.007129820532157494,0.019971469329529243,0.005348934628535198,26,0.037089871611982884,65679,11.759303632133399,15.70616322177365,185.5141956185885,11.777289870992803,15.800598228865592,11.830319352562624,13.756798357064671,266.14466828198124,0.0,False
351,351000,0.025711662075298437,0.0035812672176308547,0.01501829391255106,0.03581267217630854,0.014638812366085094,0.020845624385447393,0.004424778761061947,0.011568953503909081,0.038348082595870206,0.012872828580793182,0.02336182336182336,0.003988603988603989,0.01335258679213848,0.037037037037037035,0.013786008230452673,24,0.03418803418803419,65679,11.880771438960158,15.522415419425005,203.22868005663574,11.73706891552384,15.79155162098611,11.689703509995542,12.500801671824767,282.35099263335115,0.0,False
352,352000,0.03640350877192982,0.004210526315789474,0.018659618868154357,0.042105263157894736,0.013947368421052632,0.016619850187265917,0.0022471910112359553,0.011415439561077007,0.02247191011235955,0.010845817727840198,0.026834239130434784,0.003260869565217392,0.015155640833752813,0.03260869565217391,0.012447161835748793,22,0.029891304347826088,65679,11.74518696904492,13.896707007077236,165.43210144448483,11.660539413010929,15.517970992182107,11.69157996637471,12.33968295957788,242.28376875175263,0.0,False
353,353000,0.01978114478114478,0.0030303030303030307,0.00833243627644229,0.030303030303030304,0.006456429373096041,0.031446540880503145,0.0035040431266846355,0.017846217502071045,0.03504043126684636,0.01420335429769392,0.025423728813559324,0.003259452411994785,0.012934278303441337,0.03259452411994785,0.010203638169739864,31,0.04041720990873533,65679,11.812707269368005,14.11368112774758,179.77664563041674,11.798459676221063,16.69077205446179,11.750917750838475,14.235175283969227,260.1783587930229,0.0,False
354,354000,0.024582104228121928,0.0029498525073746312,0.010850498654741813,0.029498525073746312,0.007358243198951163,0.03513095238095238,0.005428571428571429,0.014888950964805844,0.05142857142857143,0.011820861678004536,0.029940735365263673,0.00420899854862119,0.01290196209236505,0.040638606676342524,0.009625175662911512,28,0.040638606676342524,65679,11.947677813622937,14.94013984150444,198.83982970958502,11.804701718881594,16.319537836345653,11.81304492146873,13.779863332952225,279.4447951743606,0.0,False
355,355000,0.009295499021526418,0.0013698630136986301,0.007551879523964084,0.0136986301369863,0.007808219178082192,0.01775147928994083,0.0029585798816568047,0.00899443684245613,0.026627218934911243,0.007428148774302619,0.013361105466368624,0.0021337126600284497,0.008245456157890558,0.01991465149359886,0.007625482625482625,19,0.02702702702702703,65679,11.823547447262218,14.312610036981699,201.09731588918712,11.674565154287663,15.427445826277086,11.698353935107875,12.291697948266233,278.3255362373699,0.0,False
356,356000,0.019316239316239315,0.0030769230769230774,0.010404875045942437,0.03076923076923077,0.010473137973137973,0.03478043912175648,0.0053892215568862286,0.022560224413140845,0.05389221556886228,0.02403882710768938,0.02645027624309392,0.00414364640883978,0.016012453345174853,0.04143646408839779,0.016731342629132687,23,0.031767955801104975,65679,11.744221572934643,15.717793296093907,192.35049443767915,11.739575114799727,16.289485751067033,12.100402191433934,13.295020560299964,273.23699292430837,0.0,False
357,357000,0.016580310880829015,0.0023316062176165805,0.006951924692303179,0.02072538860103627,0.004364051320009869,0.021994815118024286,0.00343839541547278,0.011692236156251378,0.03151862464183381,0.011875198981216173,0.019151279559442826,0.002857142857142858,0.009202766462259536,0.02585034013605442,0.007930569053018031,25,0.034013605442176874,65679,11.861035581040014,16.321966603630166,224.2205964644306,14.472288180050752,15.979653690767481,12.103283470815684,13.50646647194087,308.46529046267557,0.0,False
358,358000,0.007972972972972973,0.0016216216216216218,0.005917750553395878,0.013513513513513514,0.006486486486486486,0.021755990586221654,0.0036585365853658534,0.013757736280523894,0.03353658536585366,0.014061895083236547,0.014449806464585532,0.0025787965616045844,0.009601869920871508,0.022922636103151862,0.01004627734570428,28,0.04011461318051576,65679,11.837794145819203,17.79833290237176,215.57097615854116,11.778880001103719,15.94559964306075,11.998947375607694,13.453664771595486,298.38419499809976,0.0,False
359,359000,0.015503875968992248,0.0018087855297157624,0.010652074515439054,0.01808785529715762,0.009589434395635947,0.027202072538860103,0.0028497409326424875,0.013990548738820314,0.02849740932642487,0.010847931573320172,0.021345407503234153,0.002328589909443726,0.012319152200077045,0.02328589909443726,0.010217868950081109,19,0.02457956015523933,65679,11.828406048131068,14.471889750122813,176.63650403146326,11.70551477792936,16.587357353908814,11.749961663004571,13.269140767838138,256.248774392398,0.0,False
360,360000,0.024534686971235193,0.003299492385786802,0.013018139334051711,0.030456852791878174,0.010624647490129722,0.015823412698412698,0.002976190476190476,0.008364939235774008,0.02976190476190476,0.009183673469387756,0.02052511415525114,0.003150684931506849,0.010876392439501975,0.030136986301369864,0.009961404653185476,16,0.021917808219178082,65679,11.852311800605865,14.338706684990932,170.06153979208517,11.677369621196366,15.205785035068974,11.67553447328773,11.89534555386118,246.70659296109622,0.0,False
361,361000,0.02386934673366834,0.002763819095477387,0.013818622555320797,0.02763819095477387,0.011013400335008377,0.021090534979423866,0.0037037037037037043,0.010063768679540154,0.037037037037037035,0.010065157750342935,0.022622345337026777,0.003185595567867036,0.012133618876992639,0.03185595567867036,0.010587873191751309,19,0.02631578947368421,65679,11.703840946494793,13.45528696158893,159.94980435771188,11.680617365242284,15.30139075950343,11.875688165560728,12.029784131575848,235.99641268767786,0.0,False
362,362000,0.009746588693957114,0.0014619883040935672,0.0049191918673295865,0.014619883040935672,0.004239766081871345,0.0279317697228145,0.0038805970149253734,0.015212074339816707,0.03880597014925373,0.013582089552238805,0.018745164239994373,0.002658788774002954,0.010012420269520407,0.026587887740029542,0.008862629246676515,29,0.04283604135893648,65679,11.729112463013113,15.230417233405568,172.85133093424,11.797754990411358,15.718361451727558,11.802937731522633,13.33187593341445,252.46179073773467,0.0,False
363,363000,0.021514629948364887,0.0024096385542168677,0.009348113141998292,0.024096385542168676,0.006630091795754445,0.013762626262626263,0.003273809523809524,0.007304473106377057,0.02976190476190476,0.009208475056689343,0.017615418513622107,0.002844311377245509,0.008320174441446294,0.02694610778443114,0.007927003136583975,17,0.025449101796407185,65679,11.762059762068787,14.620839182993839,173.02176770431223,11.6694819434493,15.24808826439128,11.719674106236422,12.792583805487645,250.83449476893952,0.0,False
364,364000,0.03114035087719298,0.0034210526315789475,0.01205973503436256,0.034210526315789476,0.006610275689223058,0.0258363201911589,0.0037634408602150535,0.017712072173202472,0.03763440860215054,0.018615591397849462,0.028516548463356974,0.003590425531914894,0.014855837980703581,0.03590425531914894,0.012549075481256331,26,0.034574468085106384,65679,11.72161312794351,15.279687932329145,165.7049161193358,11.68733751867601,16.16257949102473,11.824633204385314,12.243660109434451,244.62442750312894,0.0,False
365,365000,0.011142061281337047,0.0016713091922005573,0.005000656150240954,0.016713091922005572,0.003929566255471547,0.021527777777777778,0.0030555555555555557,0.009884592151300218,0.030555555555555555,0.007279541446208113,0.01634214186369958,0.0023643949930458974,0.007446020490131546,0.02364394993045897,0.005606883458065656,24,0.03337969401947149,65679,11.740411923144567,14.294981410437057,178.98320683462643,11.737605306025301,16.059938958715158,12.045108092606505,13.70253847161884,258.56379099717384,0.0,False
366,366000,0.0333078850520711,0.0049095607235142115,0.019370154337736034,0.046511627906976744,0.01975616258561995,0.02508503401360544,0.004464285714285714,0.01628870881692051,0.041666666666666664,0.017253637566137566,0.029486477100584982,0.004702627939142463,0.017938113265821762,0.04426002766251729,0.018593163406441415,13,0.017980636237897647,65679,11.831796717376442,14.094612377585358,177.92376409325738,11.707404772784425,15.608679633211109,11.692238440372261,12.334394737009703,255.19289077159664,0.0,False
367,367000,0.016117216117216115,0.0030769230769230774,0.00772795451703722,0.03076923076923077,0.00884208384208384,0.021081349206349204,0.003869047619047619,0.013261999148936877,0.03869047619047619,0.014831349206349204,0.018414666141938867,0.0034435261707988986,0.010289165255767639,0.03443526170798898,0.011613975250338887,17,0.023415977961432508,65679,11.787020061868049,13.397168590903451,171.46434557255284,11.681011965122835,15.656779920325548,11.7195769307743,12.532757233937875,248.2386602754849,0.0,False
368,368000,0.016331658291457288,0.002763819095477387,0.009611838297443422,0.02763819095477387,0.01059463986599665,0.025920542635658912,0.004069767441860465,0.015582465800517739,0.040697674418604654,0.015067829457364339,0.02077717879604672,0.0033692722371967657,0.01237989201854526,0.03369272237196765,0.012668463611859838,14,0.018867924528301886,65679,11.802499957372369,14.085773773445109,184.17750670242373,11.699090101152665,15.848545121974201,11.716679244738737,12.747423099410128,262.077518000517,0.0,False
369,369000,0.011641356879452117,0.0021164021164021165,0.007531170535665446,0.021164021164021163,0.008009994121105231,0.01694915254237288,0.0031073446327683617,0.00937141341786792,0.031073446327683617,0.010690745224643531,0.01420824166725806,0.0025956284153005466,0.008421124060665001,0.025956284153005466,0.009306422933472114,16,0.02185792349726776,65679,11.808357923762113,13.676500444426143,184.6571298910471,11.78223263033351,16.542416610310084,11.812968397251211,12.923986045895731,263.2035919430259,0.0,False
370,370000,0.025745257452574527,0.0027100271002710027,0.010775612082657204,0.02710027100271003,0.006594399277326107,0.03389830508474576,0.004519774011299435,0.01744055904370138,0.0423728813559322,0.015866290018832392,0.029737206085753802,0.00359612724757953,0.014038947109226551,0.034578146611341634,0.011134163208852006,22,0.030428769017980636,65679,11.852280737870146,13.96975086156993,182.209195940794,11.748265870054064,16.285238166338644,11.728360760979161,12.474844175908162,260.2679365135141,0.0,False
371,371000,0.01178474114441417,0.0016348773841961856,0.00780345903997011,0.01634877384196185,0.00700121102028459,0.022535211267605635,0.0036619718309859155,0.013942985516438241,0.03380281690140845,0.012769953051643192,0.017070637119113573,0.0026315789473684214,0.010822201282554855,0.024930747922437674,0.009837642351492768,27,0.037396121883656507,65679,11.787991257700137,14.8224485494175,177.21292622108197,11.678148249386066,15.74469324708283,11.737479385695583,13.203214232468397,256.1869011428325,0.0,False
372,372000,0.01937984496124031,0.002325581395348837,0.011279751691611436,0.023255813953488372,0.009732988802756245,0.021448248720975994,0.0030303030303030307,0.010550934361041084,0.027548209366391185,0.007999912545367091,0.020380952380952378,0.0026666666666666666,0.010927004103615384,0.025333333333333333,0.008894179894179895,30,0.04,65679,11.788689386796335,16.9639131799848,185.81931677308373,11.80094785639685,15.783969114738227,11.741572649839881,13.126980595926096,267.0253895567659,0.0,False
373,373000,0.02640117994100295,0.003244837758112095,0.01138708131193482,0.032448377581120944,0.007460083345039098,0.005154639175257731,0.001288659793814433,0.002514408585448579,0.010309278350515464,0.0019432171494027164,0.015061898211829435,0.002200825309491059,0.0066517346573589445,0.02063273727647868,0.004515731097574289,26,0.03576341127922971,65679,11.72732576412705,15.842537782653764,191.12768963630566,11.705465920608393,15.646650745146374,11.87791053944287,13.207815625873586,271.1353960141577,0.0,False
374,374000,0.021929824561403508,0.0023391812865497076,0.010723226955919561,0.023391812865497075,0.007508354218880535,0.02213582751108106,0.004022988505747127,0.011873057995892415,0.040229885057471264,0.011456622879036673,0.022033721701240884,0.0031884057971014496,0.011303141741297174,0.03188405797101449,0.009499654934437544,22,0.03188405797101449,65679,11.744627897797288,15.340568804492193,182.2131062722554,11.722183713092083,16.060347938731677,11.702111829617333,12.931622893258554,261.7145693492445,0.0,False
375,375000,0.03252840909090909,0.004545454545454546,0.014182135957839865,0.045454545454545456,0.010617334054834055,0.024355877616747183,0.0037681159420289855,0.016167993975843623,0.03768115942028986,0.016352657004830917,0.028483181890642435,0.004160688665710187,0.015165092939491654,0.04160688665710186,0.01345619548632461,22,0.03156384505021521,65679,11.831711006077272,13.606151937947676,173.2819143025477,11.705608674889012,15.763672816679343,11.760511333586132,13.695569963154131,251.64514003488125,0.0,False
376,376000,0.02469135802469136,0.0029100529100529104,0.012287132335477152,0.0291005291005291,0.009685479129923574,0.01213820323267761,0.002593659942363113,0.008308969149286185,0.023054755043227664,0.012355335986459905,0.018683158420789606,0.002758620689655172,0.010383101127741615,0.02620689655172414,0.010963327859879583,23,0.031724137931034485,65679,11.791054594020856,13.94896255739464,166.97280089290888,11.671202313254248,15.296814664930714,11.69905181448716,12.800779075491931,244.1806659124884,0.0,False
377,377000,0.02538470859081546,0.0033078880407124683,0.01595322348143155,0.030534351145038167,0.015404499373965022,0.02071563088512241,0.0025423728813559325,0.010193668674121083,0.025423728813559324,0.008945386064030132,0.02317205329253522,0.002945113788487283,0.013223795902063538,0.028112449799196786,0.012343554110622382,19,0.025435073627844713,65679,11.712113539216752,13.79443218790799,173.76783368500125,11.726711940274193,15.793708519729055,11.735918984609462,13.260292266698004,251.7910111234367,0.0,False
378,378000,0.01475225225225225,0.002162162162162162,0.006419825274834855,0.021621621621621623,0.004717932217932218,0.024137931034482755,0.004022988505747126,0.013180555970631893,0.040229885057471264,0.01225483488414523,0.019301299907149485,0.0030640668523676884,0.00969661396861949,0.03064066852367688,0.0083709156828934,16,0.022284122562674095,65679,11.799716711322073,14.458992410745775,167.73794646769701,11.70947219208962,15.555905936701087,11.757608765372574,12.091345777842655,245.1109882617708,0.0,False
379,379000,0.03112139917695473,0.004012345679012346,0.017267307294726766,0.040123456790123455,0.017733441113070743,0.021026426656453465,0.0032171581769437,0.01484475108898487,0.032171581769437,0.015795352993744415,0.0257190681150509,0.003586800573888092,0.015970874777163312,0.035868005738880916,0.016696272004736855,18,0.02582496413199426,65679,11.74239366562302,12.712279389134885,178.04022668077567,11.698886091093819,15.268767216913837,11.685713698555977,12.47347166927204,253.62173841136925,0.0,False
380,380000,0.02970391595033429,0.004297994269340974,0.017937600888926444,0.04297994269340974,0.018771319416018555,0.01145021645021645,0.002,0.008597669813857439,0.02,0.009190476190476192,0.020564009190618633,0.003147353361945637,0.013260954427876155,0.031473533619456366,0.013974044553443695,14,0.020028612303290415,65679,11.730476728491478,13.393686520618564,171.8288476560137,11.668345386434131,16.188587465354452,13.41039509052122,12.656158258739225,250.87649710617276,0.0,False
381,381000,0.020795795795795796,0.002702702702702703,0.011015230277360157,0.02702702702702703,0.009762977262977262,0.02380952380952381,0.004037267080745342,0.015284516134880298,0.040372670807453416,0.019335995267672285,0.022198137443802186,0.0033236994219653184,0.013001805488518372,0.033236994219653176,0.01421747408019084,14,0.02023121387283237,65679,11.858081950311128,13.668871318400777,194.10914849904427,12.145286049536352,20.783063710255732,11.935920105149433,11.962599869880242,276.46297150257794,0.0,False
382,382000,0.021571298819255222,0.0029972752043596735,0.013050614601488575,0.02997275204359673,0.012923316465550798,0.027439024390243903,0.0033536585365853662,0.012577579228488631,0.03353658536585366,0.009358062330623307,0.024340527577937646,0.0031654676258992807,0.01282736913049004,0.031654676258992806,0.011240721708347608,12,0.017266187050359712,65679,11.825687625213742,13.14402392874059,178.82246729855612,11.65819272204438,15.435376733680117,11.677512104735221,12.027811902154406,254.59107231512462,0.0,False
383,383000,0.014692378328741967,0.0019283746556473828,0.008687344184846088,0.01928374655647383,0.008428440246622064,0.011776447105788422,0.0020958083832335332,0.005934630454276107,0.017964071856287425,0.007912745936698032,0.013295074127211861,0.0020086083213773313,0.007368253243654734,0.018651362984218076,0.00818132130901141,26,0.03730272596843615,65679,11.703245813621255,14.976230159821636,163.02584546751265,11.68194681844259,15.544693704030998,11.696537212210757,12.210478230731404,240.8389774063713,0.0,False
384,384000,0.028079242032730406,0.0041343669250646,0.013395250898049268,0.03875968992248062,0.011702760346171197,0.02259475218658892,0.0026239067055393588,0.0120875937161673,0.026239067055393587,0.009069137859225323,0.02550228310502283,0.003424657534246575,0.012780831153685548,0.03287671232876712,0.010465318547510328,17,0.023287671232876714,65679,11.713031384766314,13.538797534795588,163.1896564256302,11.662503802911672,15.551481074016493,11.676149390696388,12.510730598089271,239.84235021090595,0.0,False
385,385000,0.013424657534246577,0.0021917808219178085,0.006205052955663568,0.019178082191780823,0.00484344422700587,0.03413561076604555,0.004968944099378882,0.020412266208206364,0.046583850931677016,0.022752144335995268,0.023131974769529356,0.003493449781659389,0.01286403791537067,0.03202328966521106,0.013237332778817494,16,0.023289665211062592,65679,11.761782363187145,13.164237992635552,174.04427184644632,11.71116303085029,15.861582953816121,11.792266694149456,12.588522239523336,250.9238271206082,0.0,False
386,386000,0.01478494623655914,0.0018817204301075268,0.01089655772554088,0.01881720430107527,0.01152073732718894,0.025048169556840076,0.003468208092485549,0.016028458660583573,0.03468208092485549,0.015233048903569135,0.019730733519034354,0.0026462395543175488,0.013369590766661733,0.026462395543175487,0.013309678560374941,17,0.023676880222841225,65679,11.82510361573408,13.34725795919256,176.56903377741284,11.68490273852074,15.411295261211212,11.697374432226294,12.261373348310123,252.79634113260786,0.0,False
387,387000,0.0260707635009311,0.0030726256983240226,0.015444305524137749,0.030726256983240222,0.012829209896249003,0.02844914400805639,0.00513595166163142,0.01619181583941085,0.04833836858006042,0.017915887402292233,0.027213352685050797,0.0040638606676342524,0.015803414253245728,0.03918722786647315,0.01527288225401433,21,0.030478955007256895,65679,11.762997371461692,13.904239559159315,162.85838133582587,11.657580433171999,15.130998265694418,11.729574256089116,12.715436894059074,239.7592081154615,0.0,False
388,388000,0.028423772609819122,0.003617571059431525,0.01528355719292133,0.031007751937984496,0.011871949468848696,0.026854460093896713,0.003943661971830986,0.013299508877553875,0.03943661971830986,0.012374245472837024,0.027672955974842765,0.003773584905660377,0.01433431574823744,0.03504043126684636,0.012112266290163865,20,0.026954177897574125,65679,11.775785642070824,13.267311745293608,165.1245140039115,11.664206274977772,15.559184805197246,11.677135406146233,12.888517456954851,241.956655334552,0.0,False
389,389000,0.018387253120077548,0.0027989821882951657,0.009842163046537528,0.027989821882951654,0.009516741386970394,0.018125,0.003142857142857143,0.011468366618477187,0.025714285714285714,0.010984126984126985,0.01826371531115811,0.0029609690444145358,0.010608207797787704,0.026917900403768506,0.01020797282573864,14,0.018842530282637954,65679,11.712365651048163,13.048705889764921,166.5393100109963,11.677379237434726,15.432351686342493,11.719739010360165,12.032297487071798,242.16214897301856,0.0,False
390,390000,0.01454696591853699,0.0019950124688279305,0.009797302819236001,0.0199501246882793,0.009060681629260183,0.01825168107588857,0.0025936599423631124,0.010665660517567612,0.025936599423631124,0.009558117195004802,0.01626559714795009,0.002272727272727273,0.010200137206028874,0.022727272727272728,0.009291443850267379,17,0.022727272727272728,65679,11.838580088616158,13.854484752079399,182.74336484366827,11.667417406185931,15.543627153474793,11.681995365581122,12.01507541619129,259.34454502579695,0.0,False
391,391000,0.025474956822107077,0.0031088082901554407,0.011261003068639181,0.02849740932642487,0.007058557447158482,0.019621421975992613,0.003601108033240997,0.012441883189178988,0.036011080332409975,0.014041683155256562,0.02264614011601963,0.0033467202141900937,0.011831682752059357,0.0321285140562249,0.010433267461379911,20,0.02677376171352075,65679,11.716738018627272,13.940664363026878,178.2398733703866,11.666940684329496,15.432768883258397,11.700764977390365,12.446374387298231,255.14412468431723,0.0,False
392,392000,0.014146772767462422,0.0015915119363395227,0.006957209189374072,0.015915119363395226,0.004759799587385794,0.018224740321057604,0.0033994334277620396,0.012534383989486147,0.031161473087818695,0.013983317595215615,0.016118721461187212,0.002465753424657534,0.009654117003674842,0.023287671232876714,0.009219939117199392,25,0.03424657534246575,65679,11.758960229271697,13.479505290847626,179.47789322139695,11.790832401284423,16.14263245949821,11.866334615640017,13.153209013322398,257.66936723126133,0.0,False
393,393000,0.017744833782569632,0.002425876010781671,0.011099314473233438,0.02425876010781671,0.010073589184101313,0.0307140400019657,0.005263157894736843,0.01695400535351834,0.05263157894736842,0.01644675414025259,0.023780934083527744,0.003746397694524496,0.013824192217227705,0.037463976945244955,0.013039774026805727,15,0.021613832853025938,65679,11.800992762822649,13.164803839352256,198.5359730770353,12.418144501022411,16.186810653393003,12.044158423027419,13.14212184247432,277.29300509912736,0.0,False
394,394000,0.01707566462167689,0.00245398773006135,0.009743003550674142,0.024539877300613498,0.01245252702307917,0.015004616805170823,0.00221606648199446,0.00817100111253436,0.0221606648199446,0.006632810095413973,0.015987384764677343,0.0023289665211062593,0.00891695860137507,0.023289665211062592,0.009394422494859176,12,0.017467248908296942,65679,12.415994769698901,14.115900946659599,198.99639802367642,11.796832657798294,15.67497506152482,11.876053396267515,13.021026621803934,277.89718147742946,0.0,False
395,395000,0.014889431556098223,0.002564102564102564,0.009110873831764359,0.02564102564102564,0.010247365802921357,0.016666666666666666,0.002806122448979592,0.009259402284426791,0.02806122448979592,0.0086977648202138,0.015827084535025314,0.0026917900403768506,0.009189236084043866,0.026917900403768506,0.009429810506526522,20,0.026917900403768506,65679,11.752936569173201,14.69552482644132,181.25687706153914,11.67918771552423,16.1189011928381,11.702156618359494,13.25679778650668,260.46238177038214,0.0,False
396,396000,0.016761904761904763,0.0025714285714285713,0.007696221457359001,0.022857142857142857,0.006336734693877551,0.011938872970391597,0.0014326647564469914,0.004763462998770265,0.014326647564469915,0.0030085959885386812,0.014353838817358133,0.0020028612303290413,0.006231940052426999,0.01859799713876967,0.00467504598405886,22,0.031473533619456366,65679,11.785447332088307,14.21559635947367,183.0715514977155,11.702839199712045,15.091595462701779,11.677518758926308,13.279762778178883,260.8243113887965,0.0,False
397,397000,0.01643646408839779,0.002486187845303867,0.007622893112200485,0.024861878453038673,0.005907436639480838,0.03060515873015873,0.004464285714285714,0.016387981214886316,0.044642857142857144,0.016223781179138322,0.02325692454632283,0.0034383954154727794,0.01184219053698908,0.034383954154727794,0.010873470687224267,16,0.022922636103151862,65679,11.738071290290364,14.04553147513199,178.65257709392955,11.773365930944912,15.53173702231736,11.686604645982923,12.040530010470896,255.46841746906802,0.0,False
398,398000,0.024484014569000404,0.00339943342776204,0.011467887443329602,0.031161473087818695,0.00818719366878007,0.017457897793263646,0.0036585365853658543,0.010745712540187321,0.036585365853658534,0.011399051490514905,0.021099923082301936,0.0035242290748898684,0.011120055771918928,0.033773861967694566,0.00973416777381535,20,0.02936857562408223,65679,11.757676239607108,14.607325514198743,186.4553392460361,11.66870084375049,15.120614765343209,11.67969006142522,12.960811005324757,264.2501576756856,0.0,False
399,399000,0.01381578947368421,0.001842105263157895,0.008687024570205145,0.018421052631578946,0.007631578947368421,0.014864864864864866,0.002702702702702703,0.009168597248754714,0.02702702702702703,0.0114028314028314,0.014333333333333333,0.002266666666666667,0.008924600424956264,0.02266666666666667,0.009492063492063491,13,0.017333333333333333,65679,11.73395723300108,13.03047535505808,179.0509648512545,11.68538969778532,15.526599826870546,11.710930594044378,12.01479849399778,254.75311605201168,0.0,False
400,400000,0.022165697674418606,0.0026162790697674414,0.01118906686129844,0.02616279069767442,0.008223744924326318,0.029699738903394255,0.004177545691906005,0.014564204825071612,0.03655352480417755,0.01288076588337685,0.026134800550206328,0.0034387895460797806,0.012967165678526947,0.03163686382393398,0.010677168620772472,15,0.02063273727647868,65679,11.74035099256454,13.602968934794957,184.46710317900073,11.688862591868743,15.769984762464828,11.735868796033945,12.687274902681288,261.692414159409,0.0,False
401,401000,0.010361552028218694,0.0015873015873015873,0.007156108368467371,0.015873015873015872,0.007319223985890653,0.017654369440083726,0.003296703296703297,0.010561809906242975,0.03021978021978022,0.009867216117216117,0.013939160569888333,0.0024258760107816715,0.008826829877564838,0.022911051212938006,0.008569182389937107,21,0.02830188679245283,65679,11.809724215355866,15.539188228497203,192.37844432219708,11.694301257844653,15.761140801998085,11.82175285818765,13.245684864729434,272.25023654880994,0.0,False
402,402000,0.025714285714285714,0.002857142857142857,0.016538666709576898,0.02857142857142857,0.014261904761904764,0.024349286314021834,0.0030226700251889172,0.01413793062620294,0.030226700251889168,0.012300587741393785,0.0249888442659527,0.002945113788487283,0.015262773503285787,0.029451137884872823,0.01321954484605087,16,0.0214190093708166,65679,11.765207640526686,14.960297396268697,174.50920528222503,11.669447993523097,15.54848182232227,11.703860843995106,12.378574481636262,252.53507546049713,930.9800160406805,True
403,403000,0.012522768670309653,0.0019125683060109292,0.01038211428938918,0.01912568306010929,0.011270491803278689,0.012876579203109813,0.0023323615160349854,0.005720440488887156,0.023323615160349854,0.006154842889536767,0.012693935119887164,0.0021156558533145277,0.008126889869682278,0.021156558533145273,0.008795643316094656,15,0.021156558533145273,65679,11.860215651984806,14.480432890318085,218.27867615545338,11.7655248794285,15.672682121575798,11.754002435082622,12.90597085759626,296.71750499143945,0.0,False
404,404000,0.017236467236467237,0.0025641025641025645,0.009966806261642485,0.02564102564102564,0.0102880658436214,0.03824050453514739,0.00744047619047619,0.02502439372487081,0.07142857142857142,0.027553382464096755,0.027509184168572818,0.004949053857350801,0.017331215850644982,0.048034934497816595,0.018732238164552578,17,0.024745269286754003,65679,11.792678636227127,13.738019521328248,184.60517314540513,11.665433874569198,15.379419426073127,11.677284573852198,12.220837961651743,261.0788471391068,0.0,False
405,405000,0.02954450797016395,0.004956268221574344,0.016652974008336287,0.04664723032069971,0.017601462353648945,0.026588445176341437,0.004322766570605188,0.014121177894219924,0.040345821325648415,0.013823704313617858,0.028057908275299578,0.00463768115942029,0.0153797374118169,0.043478260869565216,0.015701633310328963,16,0.02318840579710145,65679,11.715794408131973,12.995910621663164,197.1138215040996,11.66196157152688,15.352728694045803,11.690687040780134,12.44713417283827,272.97803801308584,0.0,False
406,406000,0.028624192059095107,0.003601108033240997,0.013703660357175606,0.036011080332409975,0.009803016312711603,0.02159829795371964,0.003915662650602411,0.012965286144881114,0.0391566265060241,0.014206827309236949,0.025258251448727637,0.003751803751803752,0.013349922639308691,0.03751803751803752,0.011912778579445248,19,0.027417027417027416,65679,11.749819605916256,13.121520309897218,184.62024482347738,11.70014403600872,15.472267316019028,11.698179080352201,13.197834476508241,261.56000964817906,0.0,False
407,407000,0.013881401617250674,0.003234501347708895,0.00833043511509478,0.018867924528301886,0.008052025841783255,0.03581661891117478,0.004584527220630373,0.022618895486958335,0.045845272206303724,0.022666803110929185,0.02451388888888889,0.0038888888888888888,0.01525636937867864,0.03194444444444444,0.01513613315696649,21,0.029166666666666667,65679,11.736972170564574,14.367845001389545,186.10520254741525,11.66413728191651,15.367395338722334,11.689050730165352,12.432763858968855,263.36336692914244,0.0,False
408,408000,0.025204359673024524,0.003269754768392371,0.011965536396871718,0.02997275204359673,0.008373340253449248,0.030371485943775103,0.0051204819277108436,0.014756776488988235,0.0391566265060241,0.012332663989290494,0.02765855984740105,0.004148783977110158,0.013291275610866972,0.034334763948497854,0.010253877421259395,16,0.022889842632331903,65679,11.723439196587027,13.098150994275692,196.43624913583125,11.669246994056026,15.571152559901158,11.764468932987103,12.462073528479722,272.724781342118,0.0,False
409,409000,0.012129380053908356,0.0018867924528301885,0.006110893437076423,0.018867924528301886,0.005660377358490565,0.016763848396501458,0.003498542274052478,0.012109840157674988,0.03498542274052478,0.01586838817159517,0.014355742296918767,0.002661064425770308,0.008992740391089458,0.02661064425770308,0.01056422569027611,18,0.025210084033613446,65679,11.845982441804903,14.48980406992817,195.43896706425423,11.660627538781497,15.155566250604767,11.698254674119557,12.849070561399278,273.13827260089244,0.0,False
410,410000,0.012875939849624058,0.0018421052631578947,0.005811317365529063,0.018421052631578946,0.005906432748538012,0.03323863636363636,0.004829545454545455,0.020784375100485638,0.048295454545454544,0.020827696608946608,0.02266783762685402,0.003278688524590164,0.013011476276327852,0.03278688524590164,0.01308168531529187,15,0.020491803278688523,65679,11.86208564982194,13.81187776992865,197.65051431171187,11.685381522949513,15.810338516927814,11.998447539768309,13.206218478237219,276.0248637893453,0.0,False
411,411000,0.01723850070957509,0.0024793388429752068,0.008142492333978669,0.024793388429752067,0.006071537889719709,0.040761904761904756,0.006285714285714286,0.025364935505989377,0.06285714285714286,0.029960317460317458,0.028785753750690635,0.004347826086956522,0.016596707074797386,0.043478260869565216,0.017798147777109908,10,0.014025245441795231,65679,12.172235290430766,13.189820979697675,190.81058733226575,11.66746138316077,15.37672293838721,11.777970579662789,12.019915199917852,267.01471370352283,0.0,False
412,412000,0.01267056530214425,0.001754385964912281,0.006155220185929899,0.017543859649122806,0.004759584145549058,0.017877094972067034,0.00335195530726257,0.009581152803234953,0.0335195530726257,0.00867695309036091,0.015333333333333334,0.0025714285714285717,0.00790734001020877,0.025714285714285714,0.006763038548752835,19,0.027142857142857142,65679,11.754552611015212,13.52083774761037,175.60011839992674,11.686092464185949,15.102657783649942,11.75877391494662,13.078827268628302,252.5018601899631,0.0,False
413,413000,0.03880185668697418,0.004699738903394256,0.01803317597019679,0.04699738903394256,0.013214389324049898,0.02011173184357542,0.00223463687150838,0.011984060605220163,0.0223463687150838,0.010311918063314711,0.02977207977207977,0.0035087719298245615,0.015110661394405114,0.03508771929824561,0.011812115759484178,17,0.022941970310391364,65679,11.717992738163874,13.29211108631878,173.52531604410137,11.671350029288096,15.712371443571405,11.685217994383823,12.637378765320562,250.24173810114794,0.0,False
414,414000,0.011342592592592592,0.0019444444444444446,0.006879214958326815,0.019444444444444445,0.007546296296296297,0.03217592592592592,0.004722222222222223,0.0153084011844919,0.04722222222222222,0.013603395061728394,0.021759259259259256,0.003333333333333334,0.011093808071409358,0.03333333333333333,0.010574845679012346,14,0.019444444444444445,65679,11.785360497604259,13.432352032702322,189.52354837727114,12.051627357831386,16.599584685458858,11.831083631549944,12.50281462901459,267.72637121143254,0.0,False
415,415000,0.014986376021798364,0.0027247956403269754,0.007407845647086329,0.027247956403269755,0.007159076164525756,0.020679012345679013,0.004012345679012346,0.01655495058560213,0.037037037037037035,0.02238389182833627,0.017655571635311142,0.0033285094066570187,0.011696792101614723,0.03183791606367583,0.014297774102405071,15,0.02170767004341534,65679,11.811779714543391,13.162528999036137,189.23305725232487,11.766183697928255,15.678041750982752,11.713581319280909,12.56996767447227,265.93514040856854,0.0,False
416,416000,0.012305068226120857,0.0023391812865497076,0.006593127036638686,0.023391812865497075,0.006070732386521859,0.03352219074598678,0.0036827195467422098,0.018107170605119186,0.036827195467422094,0.01380907414901749,0.02308153477218225,0.0030215827338129497,0.012441267151276983,0.030215827338129497,0.010001141943587987,14,0.02014388489208633,65679,11.739316395420474,12.930371701261322,171.46621211873438,11.701457422685912,15.40532103463943,11.682967585621707,12.38384318201502,247.30948944037823,0.0,False
417,417000,0.01591760299625468,0.0022471910112359553,0.006794081654791633,0.02247191011235955,0.004809835919386481,0.015966183574879226,0.0037681159420289855,0.010089845828749567,0.03768115942028986,0.014516908212560384,0.01594151212553495,0.0029957203994293875,0.008416105392331558,0.029957203994293864,0.009587211013744537,14,0.019971469329529243,65679,11.71433333164995,12.878686505721216,182.35152322039482,11.771625426981736,15.268198783058295,11.723329245025283,12.41139140208125,258.1190879149126,0.0,False
418,418000,0.014048338368580061,0.002416918429003021,0.007861066238227764,0.021148036253776436,0.008387282405409294,0.019680704651802914,0.003179190751445087,0.00934691351209667,0.031791907514450865,0.010268143866409764,0.016926918477878593,0.002806499261447563,0.008620450517044074,0.026587887740029542,0.00934854985815104,19,0.028064992614475627,65679,11.76508802072651,13.709922184676483,192.7656527527799,11.694092073702421,15.535970162142142,11.678093368813759,12.708127904562105,269.8569464674033,0.0,False
419,419000,0.025684608120868743,0.00368271954674221,0.016848947429525883,0.036827195467422094,0.017784073024866228,0.016875580315691738,0.0033426183844011146,0.008032832385595993,0.033426183844011144,0.007617057965247379,0.021242977528089887,0.0035112359550561805,0.012403743355409549,0.0351123595505618,0.012657726948457286,17,0.023876404494382022,65679,11.748428874316929,13.615689310950142,172.1256831523632,11.715221300959143,15.160561727609046,11.682874807628085,12.006222956759128,248.05468213058566,0.0,False
420,420000,0.025,0.003333333333333334,0.016051848556085112,0.030555555555555555,0.014537037037037038,0.019230769230769232,0.0022792022792022795,0.008368094176839865,0.022792022792022793,0.005511463844797178,0.022151898734177215,0.0028129395218002813,0.012258602723293155,0.026722925457102673,0.010081374321880651,14,0.01969057665260197,65679,11.737409040327162,13.091288043096117,171.99736131111308,11.871795639439853,15.374487389405168,11.743323225149593,12.036790680111654,247.85245532864263,0.0,False
421,421000,0.022000000000000002,0.0034285714285714284,0.01235628591855029,0.03428571428571429,0.010938775510204082,0.0190018315018315,0.003021978021978022,0.009812089546093798,0.03021978021978022,0.01011795743938601,0.020471521942110174,0.0032212885154061623,0.011059244630631293,0.03221288515406162,0.010520319238806633,19,0.02661064425770308,65679,11.783752707689166,13.500007170319517,193.58845660912004,11.845755952102909,15.660469293993229,11.719211809493867,12.435987848766207,270.53364139148493,0.0,False
422,422000,0.02054154995331466,0.0022408963585434176,0.011320907983121556,0.022408963585434174,0.008652349828820417,0.012824351297405188,0.0026946107784431143,0.007199680251767105,0.02694610778443114,0.008761049329911607,0.016811384466956104,0.0024602026049204053,0.009328881843798277,0.024602026049204053,0.008704890542806607,19,0.027496382054992764,65679,11.726095442129992,15.519259963195363,191.31581532315366,11.947614825286168,15.7721188678156,11.764817577669673,12.721535066220756,270.7672570654712,0.0,False
423,423000,0.016666666666666666,0.0023121387283236996,0.007073207560779103,0.023121387283236993,0.005459216441875401,0.01576831260208569,0.00237467018469657,0.008866189293561552,0.023746701846965697,0.009821166813251247,0.01619704433497537,0.0023448275862068967,0.008010504218330203,0.023448275862068966,0.007739463601532566,14,0.019310344827586208,65679,11.807673237579364,13.81036459451035,182.3050541197857,11.711338638045742,15.401392591207763,11.687850481917339,12.023114313683415,258.74678797672965,0.0,False
424,424000,0.010586176727909012,0.0015748031496062992,0.005542597780759657,0.015748031496062992,0.004549431321084865,0.026526162790697673,0.0037790697674418604,0.012873621451868381,0.03488372093023256,0.011061507936507937,0.018149425287356323,0.002620689655172414,0.009021042115740901,0.02482758620689655,0.007639299397920087,12,0.016551724137931035,65679,11.758381751644787,13.017611645377292,184.14087396852184,11.684763653693754,15.444721993190802,11.714094506731776,12.480787995691745,260.241235514852,0.0,False
425,425000,0.018145161290322582,0.002688172043010753,0.010299381305395818,0.026881720430107527,0.009341397849462365,0.028533859303090076,0.004142011834319527,0.014644680331011546,0.038461538461538464,0.013966375504837043,0.02309076682316119,0.0033802816901408457,0.012367988447167813,0.0323943661971831,0.01154314777554214,12,0.016901408450704224,65679,11.775619998627418,12.792059761498887,183.88982760594862,11.667939534429351,15.203023584375863,11.67939350228686,12.46368437314571,259.47154836031274,0.0,False
426,426000,0.024304440877474583,0.003932584269662921,0.013574866568392048,0.03651685393258427,0.013556714820759763,0.03867938479739722,0.0055900621118012426,0.02560916334214916,0.055900621118012424,0.027286059351276745,0.0311314791403287,0.00471976401179941,0.01929027005091386,0.045722713864306784,0.02007714098422063,18,0.02654867256637168,65679,11.740669501200674,13.637670551042147,181.5372613860472,11.77810238554844,15.495275248661455,11.836163302220148,12.497393589591677,258.5225359643117,0.0,False
427,427000,0.030094991364421418,0.004145077720207254,0.01657345009462585,0.04145077720207254,0.015550209721194178,0.02152927636311322,0.0036253776435045317,0.011793508979321665,0.03323262839879154,0.012311178247734136,0.026140665471209405,0.0039051603905160387,0.01436681061182852,0.03765690376569038,0.014054924619778177,10,0.01394700139470014,65679,11.880587168708324,13.080906070328524,190.61226057276448,11.808735987217656,15.414642188196769,11.706700348015907,12.233368500272345,266.73720083550404,0.0,False
428,428000,0.023020257826887658,0.0027624309392265192,0.011814754028953179,0.027624309392265192,0.008834297991756555,0.02745664739884393,0.004335260115606936,0.015161649045413051,0.04335260115606936,0.01644990366088632,0.025188323917137476,0.0035310734463276836,0.013450383514398258,0.03531073446327684,0.012556048784862344,19,0.026836158192090395,65679,11.984910698620288,13.787308455914804,182.8528648504524,11.680525423926614,15.563608462984547,11.702403809502048,12.945705620812099,260.5173273222128,0.0,False
429,429000,0.012854609929078015,0.001595744680851064,0.006833887426274607,0.015957446808510637,0.005503841607565012,0.03419459962756052,0.005307262569832404,0.01938619306046958,0.05307262569832402,0.019904451538529752,0.023262942779291557,0.0034059945504087198,0.012956129138865617,0.0340599455040872,0.012527572336836644,14,0.01907356948228883,65679,11.764453327192669,14.199288593474968,179.38447386468826,11.679790640817256,15.33452815666303,11.689157489058744,12.228214384776837,256.27990645667177,0.0,False
430,430000,0.014204545454545454,0.001988636363636364,0.0070990636779905475,0.019886363636363636,0.005407873376623376,0.020045045045045045,0.0029729729729729734,0.011365912855094876,0.02972972972972973,0.012237237237237237,0.017197599261311175,0.002493074792243767,0.009285676137171437,0.024930747922437674,0.008907685881370093,11,0.015235457063711912,65679,11.729185719386304,12.581260701929885,182.9189342202192,11.80579929557779,15.26263667712968,11.698783208502483,12.509081129027933,258.5056809517733,0.0,False
431,431000,0.02815815445349124,0.003886010362694301,0.012980383373208665,0.03626943005181347,0.01027942264988897,0.022405029427501336,0.003370786516853933,0.011195974954248834,0.033707865168539325,0.011169074371321563,0.025397895007059426,0.003638814016172507,0.012124252110203678,0.03504043126684636,0.010706263637530484,11,0.014824797843665768,65679,11.71090725214652,13.04722081789389,194.39420306568977,11.950063842830483,16.715136794950848,11.728016202389169,12.4526254758478,271.99817345174847,0.0,False
432,432000,0.02320371935756551,0.0035502958579881664,0.017373005853124446,0.03550295857988166,0.019534845496383957,0.03871114417989417,0.00625,0.01872899774237207,0.05952380952380952,0.018484268707482994,0.030934423720032026,0.0048961424332344215,0.018048989940345813,0.04747774480712166,0.019011115821204842,15,0.02225519287833828,65679,11.745956832356907,13.34865744738456,181.66947830561276,11.711218760507291,15.040441560892903,11.675464685528825,12.50849353878758,257.69971113107084,0.0,False
433,433000,0.033091787439613524,0.00463768115942029,0.01577187428353072,0.0463768115942029,0.012414308718656546,0.0353448275862069,0.0054597701149425295,0.01624673003583937,0.04885057471264368,0.0141351943076081,0.034223184223184225,0.005050505050505051,0.016010329985988746,0.047619047619047616,0.01327847637371447,12,0.017316017316017316,65679,11.70927651553133,12.621998158088289,172.5234779566265,11.65897964294782,15.135853724229653,11.670226939347605,12.165239403283401,247.4850523400546,0.0,False
434,434000,0.014809384164222873,0.003225806451612903,0.009980490896995993,0.026392961876832845,0.011371782339524275,0.018348170128585563,0.0032640949554896144,0.013515187778149394,0.032640949554896145,0.019906033630069236,0.01656833824975418,0.003244837758112095,0.011737412503115014,0.029498525073746312,0.015613733202228777,19,0.028023598820058997,65679,11.809342855079175,13.616209031411252,180.41945900577895,11.758564133615423,15.313919806206332,11.791408577210838,12.715749429889623,257.4246528391916,0.0,False
435,435000,0.016493055555555556,0.0020833333333333333,0.012772480515002363,0.020833333333333332,0.014843750000000001,0.015358527131782946,0.002616279069767442,0.006947881075603582,0.02616279069767442,0.005749354005167959,0.01595695970695971,0.0023351648351648355,0.010020197263418323,0.023351648351648352,0.010546398046398047,19,0.0260989010989011,65679,11.894431554637652,13.85596904826536,184.52342898570006,11.754965448987353,15.452956695638509,11.7169620674068,12.102257551049878,261.3009713516856,0.0,False
436,436000,0.018005540166204988,0.002493074792243767,0.01035489529033718,0.024930747922437674,0.008775227542540561,0.02987861811391223,0.004201680672268907,0.01708991241755284,0.04201680672268908,0.01761482370726068,0.023909006499535743,0.003342618384401114,0.013703643360554437,0.033426183844011144,0.013170402794358224,13,0.018105849582172703,65679,11.725679451041193,13.122469332424448,188.3479581695352,11.660321087528235,15.24435624933318,11.71359928141269,12.90246083547608,264.716844406751,0.0,False
437,437000,0.02106948447006084,0.003170028818443804,0.0129733256637563,0.02881844380403458,0.01164745437079731,0.02938095238095238,0.004857142857142858,0.014504728860757052,0.04285714285714286,0.013038548752834467,0.025243105372230193,0.0040172166427546625,0.01374232296497619,0.035868005738880916,0.012345995308692582,16,0.02295552367288379,65679,11.848042834647355,14.310093548977608,172.18312100653054,11.734829774998069,15.236893704514976,11.697628454987452,12.36557360452528,249.37618292918128,0.0,False
438,438000,0.0346441947565543,0.004213483146067416,0.019767323255453155,0.042134831460674156,0.01684167112537899,0.04031699889258028,0.006395348837209303,0.022977716372170956,0.055232558139534885,0.020436507936507937,0.03743197278911564,0.005285714285714286,0.021345002158525903,0.04857142857142857,0.01860827664399093,19,0.027142857142857142,65679,11.760969720719938,14.101511413275315,175.86141766820495,11.869511353068685,15.378884950373317,11.738019814411249,12.037668547043578,252.74798346709701,0.0,False
439,439000,0.02944111776447106,0.0038922155688622755,0.015455249200981194,0.038922155688622756,0.013816414789468682,0.02161172161172161,0.003021978021978022,0.00923893098299451,0.03021978021978022,0.006360108145822431,0.02535816618911175,0.0034383954154727794,0.01221350159160132,0.034383954154727794,0.009928025651521353,18,0.025787965616045846,65679,11.90646520732308,14.01700746170298,186.90160615772444,11.820442553225895,15.925412067435696,11.849564384436295,13.437350376593882,265.85784820844225,0.0,False
440,440000,0.02751817237798546,0.003115264797507788,0.014818045090536539,0.03115264797507788,0.01223606784354448,0.027028795811518323,0.003926701570680628,0.01678910719849022,0.03926701570680628,0.0168661181750187,0.027252252252252248,0.0035561877667140826,0.01588909164137339,0.03556187766714083,0.014751970015127909,11,0.015647226173541962,65679,11.934812262817672,12.755524150281916,180.96947629535342,11.67084034447985,15.580838031353794,11.710775311035704,13.627843392496896,258.25010978781927,0.0,False
441,441000,0.0084985835694051,0.00113314447592068,0.006132827090416305,0.0113314447592068,0.006542560366922972,0.03751780860602209,0.005070422535211268,0.02210605889534189,0.05070422535211268,0.021302257992398835,0.02304918369369752,0.0031073446327683617,0.014142004054750459,0.031073446327683617,0.013943256210205363,11,0.015536723163841809,65679,11.757557833669274,13.891086748971105,186.39919341753574,11.698843827928629,15.12131931115379,11.69017226271274,12.458885139024488,263.0170585409958,0.0,False
442,442000,0.01616161616161616,0.0018181818181818182,0.011241355354932677,0.01818181818181818,0.00972222222222222,0.015925925925925923,0.003333333333333334,0.011984266854016027,0.030555555555555555,0.015378086419753086,0.01603864734299517,0.0026086956521739132,0.011628961354454426,0.02463768115942029,0.012673107890499193,10,0.014492753623188406,65679,11.738688806384179,12.921063406695632,174.403294456546,11.667731645487178,15.078140562493903,11.677486247335667,12.422650978657913,249.90905610360048,0.0,False
443,443000,0.017395833333333333,0.0025000000000000005,0.0072458160097839215,0.025,0.004833553791887125,0.019606999426276535,0.004518072289156627,0.01663163880430616,0.04216867469879518,0.02354776247848537,0.018456681805670245,0.0034682080924855496,0.011748840818716556,0.033236994219653176,0.013812046976786863,11,0.015895953757225433,65679,11.813916788436241,12.560480066758917,196.34182125397027,11.691563676252681,15.41200039510693,11.707520770953828,13.019973691463793,272.5472766429427,0.0,False
444,444000,0.03493150684931507,0.00410958904109589,0.01898616247939266,0.0410958904109589,0.014762991954772776,0.03274818401937046,0.00423728813559322,0.017341813861741773,0.0423728813559322,0.014477401129943503,0.03385654679117822,0.004172461752433936,0.01817656663704438,0.04172461752433936,0.014622381173146123,11,0.015299026425591099,65679,11.78146150591919,13.262670231467544,200.20448185337213,11.758191395733197,15.785046817110015,11.751529258724469,12.885501836507052,277.4288828988336,0.0,False
445,445000,0.027210152019312324,0.004325699745547074,0.014571076219741429,0.04071246819338423,0.013880811018215597,0.02619760479041916,0.0029940119760479044,0.011621455777276243,0.029940119760479042,0.007991160536070714,0.02674496525940817,0.0037138927097661624,0.013215954861029777,0.03576341127922971,0.011174974345538309,20,0.027510316368638238,65679,11.966669412916131,15.1125958569448,199.13523982580116,12.049213060139063,16.218222403552307,12.38492581551176,12.494156072323515,279.36102244718876,0.0,False
446,446000,0.018957771787960466,0.0026954177897574125,0.007847437677758142,0.026954177897574125,0.006000513412912335,0.02274114774114774,0.0030769230769230774,0.012759448791421501,0.028205128205128206,0.010202482702482703,0.020896689819160253,0.0028909329829172143,0.01036476269001663,0.02759526938239159,0.008153953653296624,8,0.010512483574244415,65679,11.96777267968574,12.397649498133156,195.89395755115203,11.872146320035526,15.709251481310638,11.820685921870577,12.457600195497909,272.11906364768555,0.0,False
447,447000,0.011807447774750226,0.0013623978201634877,0.007537078064669946,0.013623978201634877,0.006244323342415987,0.03770263424518743,0.0055851063829787245,0.02078905795298072,0.05585106382978723,0.018298294495103003,0.024911875921297188,0.003499327052489906,0.01424332899065225,0.034993270524899055,0.01234431412762503,12,0.016150740242261104,65679,11.730969299461602,13.645655446523076,182.00613380942033,11.675413889147833,15.515340517108234,11.684911365578143,12.182466524818247,258.44089085205746,0.0,False
448,448000,0.01539039039039039,0.002702702702702703,0.007281843750983416,0.02702702702702703,0.007415749082415748,0.013397790055248618,0.0027624309392265192,0.007785747436831392,0.027624309392265192,0.008002280101727615,0.01435251798561151,0.002733812949640288,0.007544308692389125,0.027338129496402876,0.007721251570172434,11,0.015827338129496403,65679,11.753984196241628,13.317360821288315,181.34835284967787,11.678648347224208,15.311751777796756,11.689031961956143,12.353988034716213,257.4531179889011,0.0,False
449,449000,0.013360881542699724,0.0027548209366391185,0.0069344339078005295,0.027548209366391185,0.008206524115615024,0.012380952380952383,0.002,0.005810448235588977,0.02,0.004987528344671202,0.012879850397381954,0.002384291725105189,0.006382687785396542,0.023842917251051893,0.006626371913889446,14,0.019635343618513323,65679,11.705056826114003,13.394665475133237,171.27326789079245,11.7146106774213,15.568350435271604,11.724257705666986,12.125843488336452,247.50605249873604,0.0,False
450,450000,0.020668425681618294,0.002638522427440633,0.011689479516087908,0.026385224274406333,0.010729991204925241,0.02351957975167144,0.0031518624641833815,0.010073732335736453,0.03151862464183381,0.007101923864101514,0.02203525641025641,0.0028846153846153848,0.010914897420012826,0.028846153846153848,0.008990711669283096,13,0.017857142857142856,65679,11.809460919304238,13.92551785268925,199.28111773909185,11.740688283898294,15.962185595130851,11.768697067218724,13.17894312534429,277.6666105826775,0.0,False
451,451000,0.022979109900090826,0.0029972752043596735,0.010790663648562064,0.02997275204359673,0.007794861813935384,0.012876712328767121,0.0027397260273972603,0.006003954753778761,0.0273972602739726,0.006676451402478799,0.017941712204007285,0.0028688524590163938,0.008403848420972028,0.028688524590163935,0.007237184491282852,12,0.01639344262295082,65679,11.83353225919781,13.57026327378219,199.73990987728897,11.71632108304399,15.315230780119094,11.714298534776235,12.56458710570396,276.4541429139122,0.0,False
452,452000,0.014063811922753987,0.0020151133501259445,0.008325554984272338,0.020151133501259445,0.008210387429531006,0.013708920187793426,0.0022535211267605635,0.005466768993873124,0.01971830985915493,0.0037860496311200535,0.01389627659574468,0.002127659574468085,0.0069759951084854745,0.0199468085106383,0.0061217705167173255,10,0.013297872340425532,65679,11.900620149496444,12.4829010776234,191.44840333823464,11.695477842313394,15.615724645104411,11.716918136964182,12.554432606171062,267.41447779590754,0.0,False
453,453000,0.01990990990990991,0.0029729729729729734,0.008052272097694328,0.02972972972972973,0.005375375375375376,0.030135658914728684,0.004651162790697674,0.01695444891024965,0.0436046511627907,0.014223421926910297,0.024836601307189544,0.0037815126050420172,0.012341276052202775,0.036414565826330535,0.009638299764350183,13,0.018207282913165267,65679,11.735296027895469,12.786856704208315,190.2033377742668,11.683134806705908,15.338592053978918,11.69352997727746,12.487446658687729,265.92819400302056,0.0,False
454,454000,0.016575091575091575,0.002197802197802198,0.010385606694289921,0.02197802197802198,0.008729068550497121,0.027397910731244066,0.004843304843304844,0.01452519738450665,0.045584045584045586,0.013599466377244155,0.021888111888111888,0.0034965034965034965,0.012417769396759952,0.033566433566433566,0.01111999111999112,9,0.012587412587412588,65679,11.74174626415725,13.097582993462641,171.3700543854585,11.664079705181463,15.25377320525656,11.679686997806416,11.70746358229724,246.51438713362003,0.0,False
455,455000,0.019830028328611898,0.00226628895184136,0.009355812514065746,0.0226628895184136,0.006610009442870633,0.022531702898550728,0.002989130434782609,0.009652464407128369,0.029891304347826088,0.008332255003450655,0.02120896902450301,0.002635228848821082,0.009507224298597015,0.026352288488210817,0.0074890473988948325,13,0.018030513176144243,65679,11.755084325409948,12.987987219548192,183.46216181716613,11.66870486281335,15.738988493052553,11.704158094399952,12.56228042491314,259.87936523730326,0.0,False
456,456000,0.01711111111111111,0.0026666666666666666,0.00962061463856143,0.02666666666666667,0.011933333333333332,0.012146451500954362,0.003244837758112095,0.00867868763494252,0.02654867256637168,0.012495902982628645,0.014753940792003076,0.0029411764705882353,0.009173397195666736,0.02661064425770308,0.012200435729847496,8,0.011204481792717087,65679,11.780336617195353,13.41487534582686,185.2453733989512,12.060686614009942,15.761966935784466,11.731067897202685,12.36208484703405,262.3563916560045,0.0,False
457,457000,0.014375561545372865,0.0018867924528301885,0.006600887991519856,0.018867924528301886,0.00545822102425876,0.02015281757402101,0.004297994269340974,0.011532791717664826,0.03151862464183381,0.015393186883158229,0.017175925925925928,0.0030555555555555557,0.008991491325442904,0.025,0.010273919753086419,13,0.018055555555555554,65679,11.747704494954881,13.236969443247704,199.97666528326351,11.722865884036814,15.704658357443279,11.71596918872475,12.032051414229139,276.13688406590006,0.0,False
458,458000,0.022664835164835164,0.003021978021978022,0.011543229008367881,0.03021978021978022,0.009302503052503052,0.026224740660790308,0.005198776758409787,0.01242584752236001,0.045871559633027525,0.011220329110237367,0.024349479299679348,0.004052098408104197,0.011960908102543607,0.03762662807525326,0.010210070521213793,8,0.011577424023154847,65679,11.72291977119544,12.718394695493407,176.2822171419709,11.664879137521233,15.802240987461413,11.694737732909077,12.142455539210228,252.02784500576172,0.0,False
459,459000,0.019494430162810626,0.002827763496143959,0.009723128018437709,0.028277634961439587,0.008618966009711512,0.023702594810379243,0.003293413173652695,0.011397242031548606,0.03293413173652695,0.01011667141906663,0.021438450899031812,0.0030428769017980637,0.010496508489224763,0.030428769017980636,0.00931085204944126,4,0.005532503457814661,65679,11.780605811584355,12.597642670392206,193.5958756177081,11.843918144890942,16.161181582874384,11.769922635559983,12.258157289737891,270.0073037527478,0.0,False
460,460000,0.02687443541102078,0.0037940379403794034,0.015219407332468467,0.03523035230352303,0.014618015227771326,0.0361732644865175,0.004819277108433735,0.019528123580753124,0.04819277108433735,0.017523666092943202,0.03127844575776102,0.0042796005706134095,0.017260054685436378,0.04136947218259629,0.015994158005570275,11,0.015691868758915834,65679,11.83922240001467,13.128410591575769,190.58216187205213,11.707373603050964,15.87944878712888,11.727580441225903,12.056274794780553,266.92047248982885,0.0,False
461,461000,0.023699294532627868,0.003174603174603175,0.014136144726046011,0.0291005291005291,0.012367724867724868,0.03420781893004115,0.004012345679012346,0.01663471255214227,0.040123456790123455,0.012656770527140896,0.028549382716049378,0.0035612535612535613,0.015289329876551976,0.03418803418803419,0.012501130556686115,12,0.017094017094017096,65679,11.859825135393521,13.268254243553601,174.22337606186332,11.666400817164636,15.278164776963422,11.689236417700144,12.495145354729509,250.48040280736814,0.0,False
462,462000,0.006443298969072165,0.001288659793814433,0.0038434780303052197,0.01288659793814433,0.004338487972508591,0.023486901535682028,0.0032520325203252037,0.012566704211779188,0.032520325203252036,0.010843334623822427,0.01475121092029943,0.0022457067371202113,0.00809561866566043,0.022457067371202115,0.007509278480216394,11,0.01453104359313078,65679,11.762553017630184,12.860725646116066,175.8235503799277,11.712653219045354,16.162164621663642,11.756619149996816,12.610926147862966,252.68919218224272,0.0,False
463,463000,0.015644868301544053,0.0029972752043596735,0.0077811483912511295,0.02997275204359673,0.008908567968513472,0.04162366701066392,0.0058823529411764705,0.02076783712560347,0.05572755417956656,0.01723794781070323,0.027805958132045085,0.004347826086956522,0.01386042442196969,0.042028985507246375,0.012807683459857373,10,0.014492753623188406,65679,11.792819206268845,13.073550887005014,181.1488856589827,11.76093786253718,15.451608954580864,11.90401241220329,12.402972689201652,257.53478767077956,0.0,False
464,464000,0.013427109974424553,0.0015345268542199491,0.005625925017429127,0.015345268542199489,0.004777128242601388,0.01799198643858838,0.0025889967637540453,0.009344834453130502,0.025889967637540454,0.008018698309960446,0.0154421768707483,0.002,0.007267557896903019,0.02,0.006208049886621316,6,0.008571428571428572,65679,11.832249517340632,12.829592907576126,180.86343135961803,11.72148553740815,15.753255092496033,11.684903440112304,11.705716259455269,256.3906341140065,0.0,False
465,465000,0.028854435831180015,0.004392764857881137,0.012999995508938005,0.041343669250646,0.011005496083015464,0.021653987038602423,0.0035502958579881655,0.013002283323935118,0.03254437869822485,0.011439842209072978,0.025497536945812804,0.004,0.013001062104067693,0.037241379310344824,0.011207991242474003,8,0.011034482758620689,65679,11.73140653214222,13.355187987493245,190.27396097484606,11.676923639181158,15.55601730923728,11.69580590482111,12.214968619625456,266.50427096734654,0.0,False
466,466000,0.027966742252456534,0.0050264550264550265,0.018134406228951985,0.042328042328042326,0.016512345679012348,0.02296401515151515,0.003125,0.013206247746328385,0.028409090909090908,0.010759379509379509,0.025554468362687537,0.00410958904109589,0.01575808871404307,0.03561643835616438,0.013738312676668843,10,0.0136986301369863,65679,11.731394619463043,12.92127635409146,187.6831197946821,11.80036339964996,15.956237977690634,11.69974477711888,12.480518274404773,264.2726551971009,0.0,False
467,467000,0.016666666666666666,0.0019753086419753087,0.008875218409770107,0.019753086419753086,0.0072457378012933575,0.020066100094428704,0.00254957507082153,0.007405369391447235,0.025495750708215296,0.004019964926480508,0.018249780123131047,0.0022427440633245384,0.008190710885406025,0.022427440633245383,0.005743497926875236,15,0.01978891820580475,65679,11.824137730417906,13.340109841220027,188.62573118363923,11.729045737166043,16.3200045503048,11.721724874028116,12.36842673328631,265.92918065006245,0.0,False
468,468000,0.016529680365296805,0.0021917808219178085,0.009398504308583655,0.021917808219178082,0.008599695585996955,0.03142570281124498,0.0051204819277108436,0.01855412698773097,0.045180722891566265,0.015301682922164852,0.023625059780009568,0.003586800573888092,0.013759575656470182,0.03299856527977044,0.011792033886725421,11,0.015781922525107604,65679,11.71270360568466,12.747752938316314,201.4362285025495,11.86467589499307,15.895223809028746,11.843892149490664,13.128759179040216,278.6292360791032,0.0,False
469,469000,0.012487992315081652,0.001440922190201729,0.005851849044411043,0.01440922190201729,0.00382187457115411,0.017263236390753167,0.0030201342281879194,0.009939733812921398,0.030201342281879196,0.009358687546607009,0.014694229112833765,0.0021705426356589145,0.007740515185521253,0.021705426356589147,0.006379968007874984,10,0.015503875968992248,65679,11.855936834989645,13.544924300140648,185.1277503038401,11.686713641184676,14.86529584932006,11.71062987989635,12.174404943735006,260.9656557531065,0.0,False
470,470000,0.020810313075506445,0.0033149171270718237,0.01096127000320674,0.03314917127071823,0.009399938612645795,0.02408205619412516,0.004597701149425287,0.011230594022849318,0.040229885057471264,0.010914979018427294,0.02241392801251956,0.0039436619718309866,0.011093276705792117,0.036619718309859155,0.010142521797451374,7,0.009859154929577466,65679,11.76537835841096,12.313622064774599,172.0682505120391,11.662374749976667,15.21720631031398,11.753534995911918,12.465046411808123,247.24541340323532,0.0,False
471,471000,0.01158645276292335,0.0021390374331550803,0.005377348640202579,0.01871657754010695,0.0044775485951956545,0.02509920634920635,0.00505952380952381,0.012188396441589946,0.044642857142857144,0.011832719198790627,0.017981220657276992,0.0035211267605633804,0.008600605064521108,0.030985915492957747,0.007958305387882853,11,0.015492957746478873,65679,11.697152788398002,12.814738376873414,174.2985339197589,11.665511599395773,15.283654246744938,11.697078016695283,12.46296060664065,249.91962955450697,0.0,False
472,472000,0.006523569023569024,0.00101010101010101,0.003120553684189404,0.010101010101010102,0.0024270482603815937,0.025662878787878787,0.00340909090909091,0.015128102976491569,0.03409090909090909,0.014299242424242424,0.015530303030303031,0.0021390374331550807,0.008771165115861011,0.0213903743315508,0.008013963161021985,14,0.01871657754010695,65679,11.724537310450756,13.844336348128872,177.50166322630378,11.669812948214563,15.521529101114595,11.717486914822327,11.89397012547888,253.8733359745138,0.0,False
473,473000,0.01868953386103782,0.002902374670184697,0.010106293157524218,0.029023746701846966,0.010645181555471794,0.025885558583106268,0.0029972752043596735,0.014706638025633276,0.02997275204359673,0.011943687556766577,0.022229669347631813,0.002949061662198392,0.012369465498805752,0.029490616621983913,0.011283990808119494,10,0.013404825737265416,65679,11.732006177100907,13.165215499544303,192.61806315075404,11.792647307815042,15.919132065791985,11.810882208806994,12.814579066502962,269.85252547631626,0.0,False
474,474000,0.028589837997054487,0.004896907216494845,0.017981572348315142,0.04381443298969072,0.01670144002618229,0.034375,0.004062500000000001,0.01928211914321389,0.040625,0.01548487103174603,0.031204600484261498,0.004519774011299435,0.018569390108721356,0.0423728813559322,0.016151578333781724,13,0.018361581920903956,65679,11.886480056483295,14.262633910466782,182.46391151427454,11.730817741514855,15.577003642741616,11.703569627402599,12.682900279711863,260.3073167725955,0.0,False
475,475000,0.03091060985797828,0.0040100250626566416,0.018426162929948336,0.040100250626566414,0.016938178780284044,0.022751322751322748,0.004126984126984127,0.013751122698158293,0.03492063492063492,0.015291005291005291,0.0273109243697479,0.004061624649859944,0.0163636451806292,0.037815126050420166,0.016211484593837533,10,0.014005602240896359,65679,11.747075353243929,13.014369208058651,170.2521458305378,11.657607368209533,15.30724766034275,11.68088280817381,12.257542332472227,245.9168705610387,0.0,False
476,476000,0.010524054982817868,0.0018041237113402063,0.005713399990210712,0.015463917525773196,0.0044530355097365405,0.014242424242424242,0.002121212121212121,0.00948048357508444,0.021212121212121213,0.010025252525252526,0.0122330547818013,0.0019498607242339832,0.007444789381587216,0.018105849582172703,0.0070140823274528015,4,0.005571030640668524,65679,11.744056881909938,12.250544051795043,176.38656851767797,11.690366058109136,15.465546977552759,11.725287699146381,12.181138521513702,251.44350870770492,0.0,False
477,477000,0.03183760683760683,0.0041025641025641026,0.016627758670645434,0.041025641025641026,0.013125763125763124,0.012048192771084336,0.002108433734939759,0.007205252979620846,0.02108433734939759,0.008785140562248996,0.022737765466297324,0.0031855955678670358,0.012294972120201995,0.03185595567867036,0.011129798179659674,10,0.013850415512465374,65679,11.736972374526422,13.555419764083032,197.11230645406974,11.734233064594758,15.630422999568516,11.742159622643577,12.554259089900267,274.06577336938625,0.0,False
478,478000,0.020112781954887218,0.002631578947368421,0.010096309419081842,0.02631578947368421,0.007897869674185464,0.0195630081300813,0.0036585365853658543,0.011359510130368976,0.036585365853658534,0.01392155439411537,0.019858084476728544,0.0031073446327683617,0.010681521048039723,0.031073446327683617,0.010688503273249036,12,0.01694915254237288,65679,11.969403488368279,13.370387693931175,184.90803803197787,11.66438142619075,15.14973555824528,11.70402750874655,12.394714307875642,261.16068801533555,0.0,False
479,479000,0.017811704834605598,0.002544529262086514,0.01072638757776978,0.02544529262086514,0.009378407851690295,0.016888494528246083,0.0034161490683229817,0.009501208333463521,0.034161490683229816,0.01265527950310559,0.017395937395937394,0.002937062937062937,0.010174628533480806,0.02937062937062937,0.010854145854145856,12,0.016783216783216783,65679,11.727985468959478,12.983550177314562,176.82860049381134,11.679577679613029,15.432975351711843,11.71798496309162,13.090100271465065,253.46077440596693,0.0,False
480,480000,0.01282051282051282,0.0015384615384615387,0.005196362102414625,0.015384615384615385,0.0034259259259259264,0.025942028985507244,0.004057971014492754,0.013761085504568766,0.03768115942028986,0.012684610075914425,0.018979591836734692,0.0027210884353741495,0.00921653839322167,0.02585034013605442,0.007771838894287874,13,0.017687074829931974,65679,11.79299749434759,14.259643288785927,185.3534597700407,11.717306330844002,16.21240820237624,12.645141819894734,12.389877411853046,264.3708343181423,0.0,False
481,481000,0.023287671232876714,0.003287671232876713,0.012494212157124603,0.03287671232876712,0.010036964557512504,0.028820375335120642,0.004289544235924933,0.016395097531156422,0.04289544235924933,0.014948508447167965,0.0260840108401084,0.0037940379403794042,0.014465797854297866,0.037940379403794036,0.012519357336430507,6,0.008130081300813009,65679,12.492804972910609,14.090733893329377,223.2132656429797,11.985414522436288,16.839385512071313,11.965658978888015,12.90961263107626,303.4968761536916,0.0,False
482,482000,0.020811744386873922,0.0028497409326424875,0.012219169813893515,0.02849740932642487,0.012003454231433505,0.029182851388289455,0.00513595166163142,0.014139499583398685,0.04833836858006042,0.01512612094183091,0.024676230324765888,0.0039051603905160387,0.013105681883218773,0.03765690376569038,0.013445020034978192,11,0.015341701534170154,65679,12.217069415024206,13.119446674078606,202.81002056424248,11.669575254141806,15.56804700646175,11.718589976283944,13.165202367881879,280.2679512581147,0.0,False
483,483000,0.013820132013201319,0.002722772277227723,0.008897959094156862,0.027227722772277228,0.010877337733773376,0.02380952380952381,0.004347826086956522,0.015329805489635213,0.040372670807453416,0.01692053633047422,0.01825068870523416,0.003443526170798898,0.011750651297110068,0.03305785123966942,0.013557654466745377,9,0.012396694214876033,65679,11.756518400171668,13.70718157997497,179.4845621317931,11.703394537862511,15.285935413847373,11.68874216905813,12.262519172190345,255.88885340489807,0.0,False
484,484000,0.018386243386243388,0.002380952380952381,0.00949725900717555,0.023809523809523808,0.007454648526077098,0.02396825396825397,0.0044444444444444444,0.014530238539708534,0.04126984126984127,0.01634416729654825,0.020923520923520924,0.0033189033189033185,0.011784976976508725,0.031746031746031744,0.011495338876291257,5,0.007215007215007215,65679,11.711752735704684,12.483767099877308,171.59750270621942,11.662077116308955,15.311289727260036,11.678724839592203,12.138726591864879,246.58384081682746,0.0,False
485,485000,0.015333333333333332,0.0024000000000000002,0.010680003206955935,0.024,0.011807407407407405,0.01990049751243781,0.003582089552238806,0.01165495706221176,0.03582089552238806,0.012797915185974887,0.017488262910798122,0.0029577464788732395,0.011140016645703401,0.029577464788732393,0.012274759669125867,8,0.011267605633802818,65679,11.712159498356023,12.613483336726405,178.94484092968733,11.853779195075687,16.091208568547177,11.837718488616478,12.587755954279745,255.64094597128883,0.0,False
486,486000,0.016792611251049538,0.002770780856423174,0.009329073365420501,0.027707808564231738,0.010588341129902841,0.009960552268244577,0.0017751479289940828,0.00632681562602377,0.01775147928994083,0.007449281487743026,0.013650793650793651,0.0023129251700680273,0.007948443275738739,0.02312925170068027,0.009144800777453839,7,0.009523809523809525,65679,11.82360096887991,13.205635795265902,205.18592938977008,12.03073298843005,15.580901602321727,11.774086760021895,12.601579764334737,282.20246726902434,0.0,False
487,487000,0.019743935309973048,0.0026954177897574125,0.008099742385558299,0.026954177897574125,0.007299020237025628,0.025238095238095233,0.003142857142857143,0.012642179766610678,0.03142857142857143,0.010238095238095237,0.022411003236245952,0.002912621359223301,0.01030480907538955,0.02912621359223301,0.00872575567443806,9,0.012482662968099861,65679,11.752980696264071,12.613119579771293,175.0060683838456,11.718101435020944,15.493515759787414,11.706180370427145,12.489144657151785,250.77911088226824,0.0,False
488,488000,0.031028738025822573,0.004081632653061224,0.01621066223924049,0.04081632653061224,0.014876903142209266,0.021619261477045907,0.003293413173652695,0.010856205871158145,0.03293413173652695,0.00962598612299211,0.02638654427797707,0.003692762186115214,0.013569024976405183,0.03692762186115214,0.012286347330660478,9,0.013293943870014771,65679,11.864081507689805,12.77621854597899,182.06796766434553,11.726004996590046,15.882944441575342,11.697999919235702,12.089492214609198,258.10470929002463,0.0,False
489,489000,0.028151986183074268,0.004145077720207254,0.013877130979664988,0.03626943005181347,0.010905502097211943,0.013826126477080897,0.003973509933774834,0.008984727894224175,0.03642384105960265,0.012641911069063387,0.02186360009119927,0.004069767441860465,0.01172959357878835,0.036337209302325583,0.011667704872646732,8,0.011627906976744186,65679,11.744667839277966,12.667529483451068,173.21188045353597,11.767678664315051,16.018911505544242,11.770184479731327,12.27783230289825,249.45868472875387,0.0,False
490,490000,0.023596491228070175,0.0036842105263157894,0.01322179478132888,0.034210526315789476,0.012791353383458647,0.02635658914728682,0.00436046511627907,0.013192994945823754,0.040697674418604654,0.010597775932078257,0.024907918968692447,0.004005524861878453,0.013208110881586113,0.03729281767955801,0.011749101113741998,7,0.009668508287292817,65679,11.840710297306156,12.763831045897733,196.17963570719988,11.844941937316777,16.521961917731474,11.756021792180826,12.246963546236334,273.1540662438692,0.0,False
491,491000,0.021235194585448394,0.0025380710659898475,0.011681679232966698,0.025380710659898477,0.010874425912496977,0.01661918328584995,0.002564102564102564,0.011768906672010367,0.022792022792022793,0.013770180436847102,0.019060402684563757,0.002550335570469799,0.0117227756505564,0.024161073825503355,0.012238734419942473,12,0.016107382550335572,65679,11.893690001596458,14.724015190870077,199.4073759399584,11.705200750888878,15.933191116784817,11.833462629839975,12.4045973746989,277.9015330046375,0.0,False
492,492000,0.03946608946608947,0.004935064935064935,0.02179790585997367,0.04935064935064935,0.021871779014636158,0.0135258358662614,0.0024316109422492403,0.010780938932352463,0.0243161094224924,0.014415979157620495,0.027513227513227514,0.0037815126050420172,0.016721460314893313,0.037815126050420166,0.018436263394246588,6,0.008403361344537815,65679,11.915240214960265,12.588062434343295,179.50490857884805,11.719864723536144,15.427459415934264,11.678683231236553,12.28284983875727,255.11706843761584,0.0,False
493,493000,0.023764077113953043,0.0032258064516129032,0.010328007470632188,0.02977667493796526,0.007026665091181219,0.019047619047619046,0.002857142857142857,0.012049193212627408,0.02857142857142857,0.012003401360544216,0.02157183232880444,0.0030544488711819386,0.011128027403830497,0.029216467463479414,0.009339889120765613,7,0.009296148738379814,65679,11.742842674494769,12.868719334369061,176.77259736970097,11.690877805531352,15.80031554496153,11.711690156124277,12.647320303454945,253.2343631886369,0.0,False
494,494000,0.023841961852861037,0.0032697547683923703,0.012977131271308739,0.0326975476839237,0.010493707019592579,0.02523712737127371,0.0039634146341463415,0.015330055177496454,0.039634146341463415,0.018174119241192412,0.024500399680255795,0.0035971223021582736,0.01408757593494841,0.03597122302158273,0.014118419550074228,1,0.0014388489208633094,65679,11.811855888249623,12.138857114651902,187.7961419694818,11.706353774038059,15.900753539882517,11.835587300362826,11.918371167929376,263.1079207545961,0.0,False
495,495000,0.018904109589041096,0.003287671232876713,0.010234383608874588,0.03287671232876712,0.010513155033702978,0.013108038914490527,0.0035483870967741938,0.00956634018756842,0.025806451612903226,0.013632872503840246,0.016242210464432687,0.0034074074074074076,0.009927578482052496,0.02962962962962963,0.01194591416813639,5,0.007407407407407408,65679,11.870257542068163,13.23204021128066,192.09624307894856,11.72414276795486,15.478913581279397,11.73601594717244,12.991098144343738,269.12871127304777,0.0,False
496,496000,0.010843731431966725,0.0018716577540106951,0.006596005062207723,0.016042780748663103,0.006357694592988711,0.013937621832358674,0.002046783625730994,0.009655783064795462,0.02046783625730994,0.010112085769980508,0.012321539416511484,0.001955307262569832,0.008057519136069464,0.018156424581005588,0.008150993171942891,7,0.009776536312849162,65679,11.807226627719158,13.523556746247722,185.55885123566762,11.660968525450954,15.316771291407072,11.693284524855185,12.245746216527076,261.8064051678748,0.0,False
497,497000,0.013263833817957529,0.002835051546391753,0.007014296162458601,0.028350515463917526,0.0078086647029946,0.04075235109717868,0.005642633228840126,0.0210546714943085,0.05642633228840126,0.017201572373986167,0.02566671502315067,0.004101838755304102,0.01334934528673034,0.04101838755304102,0.012046765901079904,3,0.004243281471004243,65679,11.750855760578327,12.317436525022263,182.23092200539415,11.669623528165474,15.330248593348195,11.703765297133017,11.717250583243022,256.72010229288446,0.0,False
498,498000,0.015391156462585034,0.002806122448979592,0.009660157864798836,0.02806122448979592,0.011252834467120183,0.01966196619661966,0.0042904290429042905,0.010929988477069955,0.033003300330033,0.010578081617685578,0.01725310660562459,0.003453237410071943,0.010213767469860921,0.030215827338129497,0.01095866164211488,9,0.012949640287769784,65679,11.774669542025107,13.346259654489767,179.21738653187137,11.682529877432568,15.338478321885729,11.707079229844597,12.36872490853469,255.43512806608382,0.0,False
499,499000,0.01812555260831123,0.002387267904509284,0.010097877971470352,0.023872679045092837,0.010587975243147658,0.021655701754385966,0.0036184210526315794,0.013824127641220967,0.03618421052631579,0.014481516290726816,0.019701419481155166,0.002936857562408223,0.011761284578818646,0.02936857562408223,0.01232606111460737,6,0.00881057268722467,65679,11.724102709331774,12.575535290881845,192.44348354258145,11.738939876132504,15.192088162724326,11.682384587152761,12.497681587092524,267.85421575589714,0.0,False
500,500000,0.03185626102292769,0.004761904761904762,0.019127943441909913,0.047619047619047616,0.018480725623582765,0.021708311181995392,0.003508771929824562,0.008483301946468841,0.03508771929824561,0.006038243757542003,0.027035984848484844,0.004166666666666667,0.014071738731575401,0.041666666666666664,0.012570546737213403,10,0.013888888888888888,65679,11.772363727319268,13.464670264834444,193.3106095552417,11.663369948178293,15.28665448574662,11.687012213212888,12.274704197734465,269.4593843922677,0.0,False
501,501000,0.031495726495726496,0.00435897435897436,0.018420970916360614,0.04358974358974359,0.01628917378917379,0.029487179487179483,0.004000000000000001,0.01496247901737906,0.04,0.013516483516483515,0.030582750582750583,0.004195804195804196,0.01684892914409627,0.04195804195804196,0.015028860028860029,6,0.008391608391608392,65679,11.758906894615562,12.5175450748638,182.20811577074335,11.658785892015855,15.8129226291992,11.695142925816082,12.155140363623307,257.8065595508771,0.0,False
502,502000,0.010028149190710767,0.001724137931034483,0.005817347493162825,0.017241379310344827,0.006988427554930017,0.024039197672638186,0.003536977491961415,0.013812318471360701,0.03536977491961415,0.012549124687388353,0.016105465896260874,0.0025104602510460255,0.009285180093190076,0.02510460251046025,0.009400389630515153,4,0.005578800557880056,65679,11.734921258527153,12.29419477458138,190.4143619410048,11.99811991334232,16.54607882298209,11.936532448103554,11.886312763387252,266.8105219219285,0.0,False
503,503000,0.016628873771730914,0.0022675736961451248,0.008317585142139086,0.022675736961451247,0.007044775582190548,0.035416666666666666,0.004062500000000001,0.020607517037326828,0.040625,0.018562748015873015,0.024529128339903634,0.003022339027595269,0.013485493429208833,0.030223390275952694,0.011888075422898025,3,0.003942181340341655,65679,11.926407005452555,12.858106958613114,194.1256891463128,11.769329272881546,16.676161218448506,11.820169458887086,11.792892845058356,270.96875590565395,0.0,False
504,504000,0.01794430089003732,0.002583979328165375,0.00866913430530594,0.025839793281653745,0.007852426069480334,0.039966555183946484,0.006020066889632108,0.021803918339143122,0.056856187290969896,0.020311089876307267,0.02754292193067703,0.004081632653061224,0.014394062040170836,0.03935860058309038,0.01328266000277662,5,0.007288629737609329,65679,11.773895102068499,13.620616611115244,191.92065637355094,11.663415455692716,15.456545859410253,11.691610311587164,12.466279944889358,268.5930196583142,0.0,False
