batch,interactions,recall_existing,precision_existing,ndcg_existing,hr_existing,mrr_existing,recall_new_content,precision_new_content,ndcg_new_content,hr_new_content,mrr_new_content,recall_overall_content,precision_overall_content,ndcg_overall_content,hr_overall_content,mrr_overall_content,n_new_users,pct_new_users,n_users_trained,id_resolution_emissions_mg,recovered_history_seed_emissions_mg,expand_embeddings_emissions_mg,gt_split_emissions_mg,scoring_emissions_mg,history_update_emissions_mg,apply_content_seeds_emissions_mg,batch_emissions_mg,update_emissions_mg,updated
1,1000,0.029757217847769028,0.004133858267716535,0.015606667803340453,0.04133858267716536,0.013160854893138356,0.009335624284077892,0.002061855670103093,0.006353497187920807,0.020618556701030927,0.00781786941580756,0.024113643558088,0.0035612535612535613,0.013049523787113371,0.03561253561253561,0.011684303350970019,194,0.27635327635327633,65679,11.727480527115445,43.471552871999975,150.1058513821058,12.403196036419759,19.3510955887211,11.731104467365057,12.933981148017343,261.7242620217445,0.0,False
2,2000,0.016584158415841585,0.0019801980198019802,0.00871553019508882,0.019801980198019802,0.006716171617161716,0.026255707762557076,0.0036529680365296807,0.0216438434025041,0.0319634703196347,0.021961295933898672,0.01950966850828729,0.0024861878453038676,0.01262616637246996,0.023480662983425413,0.01132761115495922,205,0.28314917127071826,65679,11.761942204736863,44.8762196185561,153.36623776117494,11.65843944624643,14.848400935922298,11.682084824323944,14.046392250280523,262.2397170412411,0.0,False
3,3000,0.03220439691027926,0.004313725490196079,0.01855497532118222,0.041176470588235294,0.01644880174291939,0.0189873417721519,0.002109704641350211,0.009181087061402655,0.02109704641350211,0.007735583684950773,0.028011034035130417,0.0036144578313253013,0.015580930451613604,0.03480589022757698,0.013684367098021715,207,0.27710843373493976,65679,11.934438677181939,40.132301583351946,152.38611768030498,11.669115280937966,15.18804296663347,11.680064332871519,12.860922143695126,255.85100266497696,0.0,False
4,4000,0.01546267629858961,0.0025490196078431374,0.006732912791890686,0.025490196078431372,0.00631730469965764,0.015918367346938776,0.0033333333333333335,0.01231088242002985,0.02857142857142857,0.015918367346938776,0.015595586187691449,0.002777777777777778,0.00835982060009794,0.02638888888888889,0.009117614638447973,179,0.24861111111111112,65679,11.753268347701896,36.240696321865066,146.83372051402526,11.664584295412606,14.711539657783673,11.675575414866415,12.249198464130965,245.12858301578586,0.0,False
5,5000,0.021623419827012644,0.0023952095808383238,0.013438500734088735,0.023952095808383235,0.011377245508982036,0.03357000498256103,0.005381165919282512,0.019126712606106145,0.04932735426008968,0.016228913089899637,0.025303100061387352,0.0033149171270718232,0.015190532843839956,0.031767955801104975,0.012871612733491187,178,0.24585635359116023,65679,11.760278784910504,40.365154290343845,150.5578210438006,11.668145156628523,14.67518914360878,11.674738268580096,14.135560699505895,254.83688738737823,0.0,False
6,6000,0.02906162464985994,0.004201680672268907,0.01579322997549973,0.03991596638655462,0.013674636521275178,0.012971698113207548,0.0023584905660377358,0.010065115219714104,0.018867924528301886,0.010220125786163521,0.024103682170542633,0.003633720930232558,0.014028171358891367,0.03343023255813953,0.01261016519010705,169,0.24563953488372092,65679,11.77551332822769,40.2190801715766,152.33998160988327,11.676792341097208,15.228482344957971,11.716378735769899,13.974724078989189,256.93095261050183,0.0,False
7,7000,0.013888888888888888,0.0020833333333333333,0.007408088128895929,0.020833333333333332,0.006128472222222222,0.007178217821782178,0.0014851485148514854,0.00738850220353967,0.01485148514851485,0.010451045104510451,0.011901270772238515,0.0019061583577712614,0.007402287019039675,0.01906158357771261,0.0074087650700553915,147,0.2155425219941349,65679,12.127871689750343,33.37106478570255,159.19858302740667,11.676934868001116,14.675777507598253,11.719716248275846,13.412709930619473,256.1826580573543,0.0,False
8,8000,0.025978407557354928,0.004251012145748988,0.01432178403639014,0.03643724696356275,0.013941906047169206,0.015873015873015872,0.0019047619047619048,0.012521024972853326,0.01904761904761905,0.012585034013605442,0.022964015151515152,0.0035511363636363635,0.01378462579300558,0.03125,0.013537157287157287,151,0.21448863636363635,65679,11.819412562124374,32.35575845126834,148.17625368213635,11.663757902611628,14.704096323460858,11.69207139762457,12.770620379830897,243.181970699057,0.0,False
9,9000,0.0274781919111816,0.0032989690721649486,0.013511671200204944,0.032989690721649485,0.009953362788414334,0.018109987357774967,0.004424778761061947,0.012058380621562927,0.04424778761061947,0.015228613569321533,0.024500394120647282,0.0036568213783403666,0.013049725109103542,0.03656821378340366,0.011630165427633782,160,0.2250351617440225,65679,11.70479463302428,40.99772058760399,147.45751712882688,11.662744633847161,14.756012692769461,11.698795497722038,13.911002623396858,252.18858779719068,0.0,False
10,10000,0.016767473118279568,0.002620967741935484,0.008784244647227242,0.024193548387096774,0.008142921146953405,0.02134646962233169,0.0024630541871921183,0.012519639163227908,0.024630541871921183,0.010509031198686371,0.018097281831187407,0.002575107296137339,0.009869058791359053,0.024320457796852647,0.008830074709903036,151,0.21602288984263232,65679,11.770531760288069,39.3822935632138,165.20790958376216,11.694340706013776,15.401064918792086,11.789990413655065,13.640022132887196,268.88615307861215,0.0,False
11,11000,0.02949260042283298,0.004228329809725159,0.013462602413772031,0.042283298097251586,0.011967683479311386,0.014027777777777776,0.002916666666666667,0.008716997846678178,0.029166666666666667,0.0109375,0.02428705002337541,0.0037868162692847127,0.011865203962015335,0.037868162692847124,0.01162091765177319,152,0.2131837307152875,65679,11.877787445936562,40.91593938489093,157.84705707330704,11.764667547783588,14.975727576280878,11.716025159744671,13.577464259102376,262.67466844704603,0.0,False
12,12000,0.026595999520900707,0.004150197628458498,0.01449722489908274,0.039525691699604744,0.016465901248509947,0.00628415300546448,0.001639344262295082,0.004694326452107692,0.01639344262295082,0.006505334374186833,0.01998787878787879,0.0033333333333333335,0.011308015271000192,0.032,0.013225396825396824,158,0.21066666666666667,65679,11.768727375466824,40.915631491426296,147.72895217660206,11.675779225613342,15.192073668219772,11.67498660083763,12.905078803685486,251.8612293418514,0.0,False
13,13000,0.03261494252873563,0.004310344827586207,0.014809005767160554,0.040948275862068964,0.012439278872468526,0.02055800293685756,0.003524229074889868,0.010193228249221135,0.030837004405286344,0.012261380323054334,0.02865412445730825,0.004052098408104197,0.01329267943348147,0.03762662807525326,0.012380837525555325,141,0.2040520984081042,65679,11.756356176968914,36.70260681004492,154.01516253797524,11.883428544717367,14.970588339039379,11.71922693255726,13.131233827102205,254.17860316840526,0.0,False
14,14000,0.032407407407407406,0.004732510288065843,0.018112519398175365,0.04526748971193416,0.01602570383434581,0.026416666666666665,0.0045000000000000005,0.017834753447322903,0.045,0.020388888888888887,0.030660835762876575,0.004664723032069971,0.018031538071396222,0.04518950437317784,0.01729776944791522,122,0.17784256559766765,65679,11.747982757963436,29.57014784198131,151.3471734021902,11.779960685001125,14.666948911317997,11.716504518507858,14.789417898674294,245.61813601563622,0.0,False
15,15000,0.02661764705882353,0.0035294117647058825,0.011650488325581349,0.03529411764705882,0.009218487394957982,0.021287519747235386,0.0037914691943127963,0.012298255577911067,0.037914691943127965,0.011058451816745654,0.02484931865828092,0.0036163522012578613,0.011865392241055518,0.036163522012578615,0.009828915843066787,124,0.1949685534591195,65679,11.744495588211258,34.42481149450865,151.35827024496083,11.728295478448912,14.749200215231212,11.67583363806228,12.983187384037372,248.6640940434605,0.0,False
16,16000,0.014449371766444938,0.0031042128603104213,0.008124384187072757,0.026607538802660754,0.007224685883222469,0.021591460456089277,0.0030567685589519655,0.011096657856833047,0.03056768558951965,0.009405974908158313,0.016854575163398694,0.0030882352941176473,0.009125341055271442,0.027941176470588237,0.007959267040149395,138,0.20294117647058824,65679,11.741463526077773,31.140865295054173,150.89580810426392,11.668889283514282,14.52190569688639,11.682837070738952,13.426006422875663,245.07777539941117,0.0,False
17,17000,0.018683409436834095,0.00319634703196347,0.009951265133574957,0.02968036529680365,0.010029354207436399,0.026751373626373625,0.005384615384615385,0.0182017543729748,0.046153846153846156,0.019337606837606842,0.021688668303997818,0.004011461318051576,0.013024513274325614,0.03581661891117478,0.013496611634147452,165,0.23638968481375358,65679,11.90808946445552,39.62705409643434,154.23481767323344,11.690539084638871,15.445660793233715,11.683465542271579,13.683594446663346,258.2732211009308,0.0,False
18,18000,0.030353430353430355,0.004365904365904366,0.018891127555582515,0.04365904365904366,0.018696168696168695,0.017443502824858754,0.003389830508474576,0.008394577883210701,0.029661016949152543,0.007608622545063223,0.026104137610413764,0.004044630404463041,0.015436196282667942,0.03905160390516039,0.015046711385623518,125,0.17433751743375175,65679,11.718857014437686,33.215642045870965,150.09353529603018,11.725963540334082,14.97924250844218,11.715893213259248,13.955586546800236,247.40472016517458,0.0,False
19,19000,0.029060095653982116,0.0037117903930131003,0.01457797460197648,0.03711790393013101,0.011128439731059817,0.024865591397849465,0.0032258064516129032,0.014224617780989842,0.03225806451612903,0.014471326164874553,0.02758667206259274,0.0035410764872521247,0.014453849259760208,0.03541076487252125,0.012302711452853098,149,0.21104815864022664,65679,11.740616961159779,33.605157688817656,154.33035921612412,11.709256658835182,14.8210397254182,11.722663342216693,13.597112819362101,251.52620641193374,0.0,False
20,20000,0.02053834808259587,0.0026548672566371685,0.01053055482222477,0.02654867256637168,0.009481668773704172,0.033950617283950615,0.007407407407407408,0.021408168151142486,0.053497942386831275,0.020883140636227055,0.025227817745803356,0.004316546762589928,0.014333806676796002,0.03597122302158273,0.013468082676715768,135,0.19424460431654678,65679,11.778705677583691,32.141370268651094,162.2827308942849,11.736874309907497,14.785977039284345,11.756697625055732,13.304931571745533,257.7872873865128,0.0,False
21,21000,0.03599562363238512,0.004595185995623633,0.02023960087956432,0.045951859956236324,0.017778125108540866,0.01946902654867257,0.003097345132743363,0.007941643567938873,0.02654867256637168,0.005162241887905604,0.03052708638360176,0.004099560761346999,0.016170291432379327,0.03953147877013177,0.013603616165841641,128,0.18740849194729137,65679,11.934216864357971,33.28165410573097,177.72047841785582,11.673244963606063,14.784867234726198,11.681308855883074,13.679219247824705,274.75498968998477,0.0,False
22,22000,0.017980636237897647,0.0024896265560165978,0.00934799669148956,0.022821576763485476,0.008338273068563525,0.015606060606060606,0.0027272727272727275,0.00716503877252283,0.02727272727272727,0.009507575757575758,0.017236467236467237,0.002564102564102564,0.008663878825146711,0.024216524216524215,0.008704721204721206,125,0.17806267806267806,65679,11.719495902415797,28.355282514561964,153.29748876761508,11.80255275226496,14.84311298772037,11.679770893152815,13.055501004123268,244.75320482185424,0.0,False
23,23000,0.009563994374120956,0.0018987341772151902,0.006828427841569846,0.0189873417721519,0.007823488045007033,0.03138075313807531,0.0033472803347280337,0.012730951635053693,0.03347280334728033,0.0071528192867105,0.016877045348293596,0.0023842917251051896,0.008806973685388414,0.023842917251051893,0.007598677619715488,144,0.20196353436185133,65679,11.710206914841876,34.083092729213924,152.87331626081308,11.675310571569383,14.806576115095755,11.673514440499986,13.373641872089017,250.19565890412304,0.0,False
24,24000,0.01825396825396825,0.0023809523809523807,0.010247652741846212,0.023809523809523808,0.009845836482741245,0.012295081967213115,0.0012295081967213116,0.0038292493432122866,0.012295081967213115,0.0015027322404371586,0.016310160427807485,0.002005347593582888,0.008153948959404128,0.020053475935828877,0.007124289109583228,139,0.1858288770053476,65679,11.7194462650079,30.946922796632954,149.74104061623706,11.672508206786446,15.12606686737087,11.675942118588925,13.687232374782685,244.56915924540687,0.0,False
25,25000,0.012558139534883722,0.0018604651162790699,0.005307765533147944,0.01627906976744186,0.004528423772609819,0.016283524904214558,0.0026819923371647508,0.007265694064217809,0.02681992337164751,0.006077054065559812,0.013965267727930535,0.002170767004341534,0.006047301490614275,0.020260492040520984,0.005113362276893391,156,0.22575976845151954,65679,11.704165901914136,35.03272075506755,149.12221738127164,11.667735459894303,14.734130397734031,11.679155422402062,12.574310925228712,246.51443624351242,0.0,False
26,26000,0.038175460902733625,0.005165289256198347,0.021293322145002333,0.049586776859504134,0.017498852157943067,0.0056998556998557,0.0017094017094017094,0.002887204048329357,0.017094017094017096,0.004527879527879528,0.027591489290653637,0.00403899721448468,0.015294670843301111,0.03899721448467967,0.013271543529203695,137,0.19080779944289694,65679,11.766008584697916,32.24769274873425,164.01456532593676,11.799063357346984,15.2083973336695,11.732571829159086,13.81726834592898,260.5855675254735,0.0,False
27,27000,0.01774322169059011,0.0026315789473684214,0.011415406650932361,0.02631578947368421,0.011686333890281259,0.026124215920134287,0.004081632653061225,0.01572581524909175,0.04081632653061224,0.014664723032069971,0.020672385151700414,0.0031383737517831673,0.012921897530460254,0.03138373751783167,0.012727283019722393,114,0.16262482168330955,65679,11.751036786846955,29.912592604097732,151.74624686879744,11.657927668312814,14.663612525525789,11.668315555820458,13.665331483100896,245.0650634925021,0.0,False
28,28000,0.03054989816700611,0.004073319755600814,0.016670879972728463,0.038696537678207736,0.014549995150809814,0.03741209563994374,0.005063291139240507,0.020279627789064617,0.05063291139240506,0.018851717902350816,0.032783882783882785,0.004395604395604396,0.017845705841508228,0.042582417582417584,0.015950418628990055,129,0.1771978021978022,65679,11.725036800114795,26.67787197545204,143.7118485021439,11.657834385551089,15.077074803303802,11.685364114598709,13.995437210920398,234.53046779208472,0.0,False
29,29000,0.01492063492063492,0.0025263157894736847,0.00953248598912366,0.02526315789473684,0.010444444444444445,0.020926756352765318,0.0031390134529147985,0.01123865156317477,0.03139013452914798,0.009043348281016442,0.016839496065857096,0.0027220630372492838,0.010077579002036837,0.027220630372492838,0.00999681630054123,121,0.17335243553008595,65679,11.76835293058981,34.10767400416261,146.12682304996574,11.67068219441042,14.924975140473071,11.703783491604987,14.418062028547645,244.72035283975427,0.0,False
30,30000,0.016931818181818183,0.0022727272727272726,0.008149843120018199,0.022727272727272728,0.006056096681096681,0.0203567985725662,0.0058091286307053935,0.012829644798520695,0.058091286307053944,0.017628268458143977,0.018143889068999202,0.0035242290748898684,0.00980598438950293,0.03524229074889868,0.010151388014824137,116,0.17033773861967694,65679,11.946884667770123,31.47633123569502,161.910033858282,11.768614207843115,14.963589432507792,11.723110437341505,13.580864923534719,257.3694287629743,0.0,False
31,31000,0.017857142857142856,0.003393665158371041,0.010915062975326326,0.03167420814479638,0.011500754147812972,0.020709219858156026,0.0034042553191489357,0.01058188950878994,0.03404255319148936,0.010867950016886186,0.01884715481465851,0.0033973412112259975,0.010799411919733931,0.03249630723781388,0.011281095402218003,120,0.17725258493353027,65679,11.825067167724537,33.31131343409233,145.6228450202393,11.771646556095819,15.150245623936353,11.748407319935387,13.012888089098535,242.44241321112227,0.0,False
32,32000,0.026274509803921573,0.0037647058823529413,0.012089046124590996,0.03529411764705882,0.010592903828197945,0.009382891414141413,0.0023437500000000003,0.007493480830412763,0.0234375,0.01081814236111111,0.019924650321126093,0.0032305433186490457,0.010361491476559239,0.030837004405286344,0.010677574994755613,133,0.19530102790014683,65679,11.851541051929177,28.68434468069822,152.2121309630517,11.706452416219287,14.96033784412036,11.694729061475714,13.16377891506619,244.27331493256068,0.0,False
33,33000,0.011232676878191102,0.002188183807439825,0.00727982605210928,0.0175054704595186,0.008265603834531624,0.014705882352941176,0.0024221453287197234,0.010997389161410772,0.02422145328719723,0.014302191464821224,0.012578194816800715,0.002278820375335121,0.008720008007321253,0.020107238605898123,0.010604174645729606,157,0.21045576407506703,65679,11.861512529675114,34.29357435779517,158.27057092270522,11.72805754525233,15.607663108733668,11.792064713266049,13.801688713533169,257.35513189096076,0.0,False
34,34000,0.014668826493880488,0.003455723542116631,0.009859561423439437,0.028077753779697623,0.012874112928108607,0.014423076923076922,0.0020161290322580645,0.010352719812196539,0.020161290322580645,0.011928763440860215,0.014583107937538316,0.0029535864978902956,0.01003157728899747,0.02531645569620253,0.012544370772218871,121,0.170182841068917,65679,12.090520669444382,40.562277393274215,175.62708479855644,11.815840483243855,15.346107476691891,11.847504526528787,12.863975628885083,280.15331097662465,0.0,False
35,35000,0.024662402274342573,0.0031982942430703624,0.012989564128378695,0.031982942430703626,0.012146749246962464,0.006336088154269972,0.0012396694214876034,0.0029171819834018483,0.012396694214876033,0.003168044077134986,0.01842475386779184,0.002531645569620253,0.009561270908850712,0.02531645569620253,0.009090706137119639,104,0.14627285513361463,65679,11.774896531917268,26.7484158572584,148.25031559183125,11.661688719457816,14.800945422503014,11.701317031001523,13.002605702496645,237.94018485646595,0.0,False
36,36000,0.024492164901151078,0.00391705069124424,0.013342988749744001,0.03917050691244239,0.012346390168970814,0.015153769841269843,0.0031249999999999997,0.0099480590128842,0.03125,0.015114795918367346,0.02131313679565959,0.003647416413373861,0.012187267988259814,0.0364741641337386,0.013288826168765379,106,0.16109422492401215,65679,11.790296109587608,33.17589023664296,147.07127931788514,11.66769168406065,14.739509858672367,11.675810236732795,12.627450068984983,242.7479275125665,0.0,False
37,37000,0.03353909465020576,0.0051440329218107,0.01742654685206365,0.047325102880658436,0.01562887843752041,0.0198744769874477,0.0029288702928870294,0.01115010068587876,0.02510460251046025,0.010865378229394965,0.02903448275862069,0.004413793103448276,0.015357483909004079,0.04,0.01405856595511768,122,0.16827586206896553,65679,11.750172686359612,31.395057874201992,140.12724398870802,11.671058380327906,15.01042876352228,11.675215534114047,13.093011350788844,234.7221885780227,0.0,False
38,38000,0.026228551121941317,0.0036247334754797443,0.013774523130818454,0.03624733475479744,0.011504552069584052,0.017912867274569404,0.00425531914893617,0.010393077742629164,0.03404255319148936,0.00936676798378926,0.023452719155844157,0.003835227272727273,0.012645773604931404,0.03551136363636364,0.010790945165945165,103,0.14630681818181818,65679,11.870904937918633,29.399648226154444,143.68995241130153,11.698177026163783,14.938330599838235,11.728271402659807,13.630878022813029,236.95616262684945,0.0,False
39,39000,0.022114627227409183,0.0035164835164835165,0.011677898734282972,0.035164835164835165,0.011119832548403978,0.026181353767560662,0.0038314176245210726,0.014584274258832715,0.038314176245210725,0.013803746275010643,0.023597051287436468,0.0036312849162011183,0.012737345678287838,0.036312849162011177,0.012098186574443559,111,0.15502793296089384,65679,11.849373956918791,31.743540294703816,149.4323807531353,11.664156032363884,15.276714296271269,11.676396480447826,12.67767698110052,244.32023879494142,0.0,False
40,40000,0.02793470028891195,0.004751619870410367,0.012869444109655476,0.04535637149028078,0.011839624258630738,0.03326558265582656,0.005691056910569105,0.022876368932430717,0.04878048780487805,0.024638663053297198,0.02978434353610658,0.005077574047954866,0.016341522397952668,0.0465444287729196,0.01628047551883941,113,0.15937940761636107,65679,12.14321306025265,25.524630434080667,146.71342592763315,11.720280803912894,15.099649526931561,11.724585137850783,12.51774413719292,235.44352902785462,0.0,False
41,41000,0.02519057519057519,0.0033264033264033266,0.011959448259774231,0.031185031185031187,0.008620433620433618,0.010612073112073113,0.001984126984126984,0.008438768134146034,0.01984126984126984,0.008999433106575963,0.02017859357559221,0.0028649386084583905,0.010749064369380907,0.027285129604365622,0.008750730851685831,120,0.16371077762619374,65679,11.863589807103308,28.476637916777932,142.87295071508527,11.666628064585169,15.08203588868745,11.690016878410091,14.091686117651339,235.74354538830053,0.0,False
42,42000,0.015261958997722097,0.002050113895216401,0.005777297123627599,0.02050113895216401,0.004220450518855986,0.019656488549618323,0.0034351145038167942,0.01093336867596426,0.03435114503816794,0.009747970434993335,0.01690442225392297,0.002567760342368046,0.0077043880604495745,0.025677603423680456,0.006286370944002898,124,0.1768901569186876,65679,11.741100339978521,31.769727996485212,151.61670750551275,11.707795633499746,15.130734650070297,11.849723039273826,12.47453387424706,246.29032303906746,0.0,False
43,43000,0.027309682187730968,0.003547671840354767,0.016714503333275905,0.03325942350332594,0.015117199873297432,0.010802469135802469,0.00205761316872428,0.007214818201499635,0.0205761316872428,0.009945130315500685,0.0215297790585975,0.0030259365994236313,0.01338824470644358,0.02881844380403458,0.013306230273089062,100,0.1440922190201729,65679,11.824707607091533,23.77720431685944,152.05909254809023,11.696751276742482,15.106440326191281,11.693670013133636,13.94636651683677,240.1042326049454,0.0,False
44,44000,0.028711484593837537,0.0037815126050420172,0.01654892161234806,0.037815126050420166,0.01689925970388155,0.027439024390243903,0.0040650406504065045,0.012043608046024973,0.04065040650406504,0.009823848238482384,0.028277931671283472,0.0038781163434903044,0.015013870175623018,0.038781163434903045,0.014488523941432529,110,0.1523545706371191,65679,11.779621976444263,29.80604646335254,144.8564095457138,11.670882259909309,14.947558441088042,11.68001775485837,13.202646154068104,237.94318259543442,0.0,False
45,45000,0.031275221953188055,0.004842615012106538,0.016926843399577913,0.048426150121065374,0.018551827510665284,0.024877113379787177,0.0049586776859504135,0.018389333113426415,0.045454545454545456,0.023839039748130657,0.028911340617672008,0.004885496183206107,0.017467183110648654,0.04732824427480916,0.02050527081061432,111,0.16946564885496182,65679,11.739960341729944,29.456493338958847,139.5069638755013,11.660039908182803,14.714854577166717,11.686239409130009,12.953052987289478,231.71760443795907,0.0,False
46,46000,0.025730337078651685,0.0044943820224719105,0.016876161304449053,0.04044943820224719,0.0182673443909399,0.026560424966799466,0.00398406374501992,0.013554979732587487,0.0398406374501992,0.011254980079681275,0.02602969348659004,0.004310344827586207,0.01567843634103346,0.040229885057471264,0.01573846013501186,112,0.16091954022988506,65679,11.727579821298184,29.437268271009785,144.97430933193763,11.737851583544511,15.134266630792078,11.82055113146431,13.135759044397705,237.9675858144442,0.0,False
47,47000,0.03247261345852895,0.003990610328638498,0.015310833590015392,0.03990610328638498,0.011700760116253072,0.011711711711711712,0.002316602316602317,0.008637153416243219,0.023166023166023165,0.009045780474351903,0.024622871046228713,0.0033576642335766426,0.012787500502413942,0.033576642335766425,0.010696906499826207,108,0.15766423357664233,65679,11.815817769458143,29.692988128602813,163.60403117888188,11.691145981722675,15.052459506887175,11.695719587180575,12.780689006704552,256.33285115943784,0.0,False
48,48000,0.02510460251046025,0.0031380753138075313,0.01283768423473009,0.03138075313807531,0.011884007438400743,0.028735632183908042,0.004597701149425288,0.01321582761401606,0.0421455938697318,0.011690384966247035,0.02638700947225981,0.0036535859269282815,0.012971236903192388,0.035182679296346414,0.011815623858925617,104,0.14073071718538566,65679,11.729579674395543,27.681156157071534,137.06984702350698,11.667364756251173,15.059131693870645,11.675551308017521,12.90839142610231,227.7910220392157,0.0,False
49,49000,0.011940673705379587,0.0020361990950226246,0.007482452712085734,0.01809954751131222,0.007999353587588881,0.012264150943396227,0.0026415094339622643,0.005229458810145218,0.026415094339622643,0.006430068882899072,0.012061920477762061,0.0022630834512022634,0.006637978335827972,0.021216407355021217,0.007411149278193125,113,0.15983026874115983,65679,11.73804356710724,25.100638590139223,137.70350845359462,11.662711399434977,14.9436487851453,11.697822042851941,13.10216161200771,225.94853445028104,0.0,False
50,50000,0.02610084033613445,0.004,0.014946199105816354,0.04,0.014300653594771241,0.02299498746867168,0.004135338345864662,0.015336467161409158,0.041353383458646614,0.018425528105979232,0.024905244297429536,0.004052098408104197,0.015096432539662499,0.04052098408104197,0.015888521351618314,106,0.15340086830680175,65679,11.732518973357752,30.32918557570319,147.65428964399683,11.695241015722072,14.858128028547371,11.695724819583628,13.189594400126598,241.15468245703747,0.0,False
51,51000,0.01747311827956989,0.002304147465437788,0.009449748666618232,0.02304147465437788,0.008643296028088656,0.02394278606965174,0.0037313432835820895,0.012380047178647609,0.033582089552238806,0.011918088130774697,0.019943019943019943,0.002849002849002849,0.010568438127051097,0.027065527065527065,0.009893501560168227,112,0.15954415954415954,65679,11.779594548629035,25.62233736014795,151.5767290394543,11.688355472279365,15.186672681270426,11.788902828923156,13.799525981151097,241.44211791185538,0.0,False
52,52000,0.03152400835073069,0.0043841336116910235,0.019029177823584296,0.04175365344467641,0.017158763296550354,0.02540983606557377,0.003278688524590164,0.012402617071773696,0.03278688524590164,0.012960252406973717,0.029460580912863066,0.00401106500691563,0.01679282813694282,0.03872752420470263,0.015741838459680784,101,0.1396957123098202,65679,11.820135305146486,25.032723808028624,148.23334161217713,11.672416787560092,15.04994805379134,11.707337139911164,13.38944439590803,236.90534710252285,0.0,False
53,53000,0.0178544061302682,0.002988505747126437,0.011067441736557939,0.027586206896551724,0.010063856960408686,0.022247872533043635,0.0045627376425855515,0.013394255326464398,0.045627376425855515,0.01893596475345525,0.019509823986901348,0.0035816618911174787,0.01194416376255421,0.034383954154727794,0.013406785827989267,111,0.15902578796561603,65679,11.803352372706868,30.480641616772996,141.5743882569355,11.67569353119173,16.086270654677715,11.838210616892109,13.120572395332667,236.5791294445096,0.0,False
54,54000,0.019036334913112164,0.003080568720379147,0.010600719518903042,0.02843601895734597,0.010787632588580455,0.03405017921146953,0.0064516129032258064,0.02455160514168531,0.06451612903225806,0.03096358166922683,0.02459369817578773,0.004328358208955225,0.01576462942106723,0.041791044776119404,0.018255745084103294,94,0.14029850746268657,65679,12.032885388365417,27.848087991468734,168.81082035524395,11.794784367431117,16.277004805515666,11.838792220844606,13.579089827001415,262.1814649558709,0.0,False
55,55000,0.020687134502923976,0.003289473684210526,0.010289346440866055,0.03289473684210526,0.008689257866889444,0.008143685854529228,0.0028112449799196785,0.004347874540509861,0.024096385542168676,0.00536431440045898,0.016256895193065408,0.003120567375886525,0.008190869131378547,0.029787234042553193,0.007514916131937408,88,0.12482269503546099,65679,11.850056930879163,24.062842444277575,149.81785972047712,11.701487570058358,15.419214095677841,11.684793725092248,12.70861010390853,237.24486459037084,0.0,False
56,56000,0.022350877192982458,0.0029473684210526317,0.013113377841651695,0.029473684210526315,0.011286549707602338,0.01287001287001287,0.0019305019305019305,0.007593700469715393,0.019305019305019305,0.007115278543849973,0.019005449591280654,0.0025885558583106268,0.011165698768992972,0.025885558583106268,0.009814670645733315,101,0.13760217983651227,65679,11.73675350449495,25.758311011467306,136.4830735964759,11.673379074537623,15.365773223018422,11.680803439051424,13.110165696977177,225.80825954602278,0.0,False
57,57000,0.021375469898445826,0.0032822757111597373,0.012259588937692096,0.03282275711159737,0.01264544475704213,0.016666666666666666,0.002413793103448276,0.007601242504744982,0.02413793103448276,0.005406403940886699,0.019547420451034907,0.002945113788487283,0.010451127805758142,0.029451137884872823,0.009835107626272285,109,0.1459170013386881,65679,11.78243722056542,30.522350815877925,140.3095646141366,11.665846104447903,15.085229728097408,11.671055179473393,12.793738812445776,233.83022247504442,0.0,False
58,58000,0.02639873916469661,0.003546099290780142,0.017765756748888265,0.03546099290780142,0.01756538706893317,0.019143554857840573,0.0029304029304029304,0.009290238953825983,0.029304029304029304,0.008215593929879644,0.02355295566502463,0.0033045977011494257,0.01444130795858366,0.033045977011494254,0.013898011311804417,110,0.15804597701149425,65679,11.777232728922213,30.43252865663447,151.88365672132858,11.701515203349846,15.261098274411966,11.696050932095622,13.969449824595067,246.7215323413378,0.0,False
59,59000,0.02195626477541371,0.0034042553191489366,0.013331574189322801,0.03404255319148936,0.014615839243498819,0.016322314049586777,0.0028925619834710746,0.012364870776244347,0.024793388429752067,0.015059687786960515,0.020041354556803996,0.0032303370786516852,0.013003003647237147,0.03089887640449438,0.014766697877652935,73,0.10252808988764045,65679,11.834441648036348,24.510851362650673,144.93188971216424,11.668047390523197,15.69870806081286,11.706620155980604,12.51397559167214,232.86453392184004,0.0,False
60,60000,0.02587719298245614,0.004166666666666667,0.016067979701547618,0.041666666666666664,0.019471421609579508,0.008974358974358974,0.0015384615384615385,0.007824613993217471,0.011538461538461539,0.009615384615384616,0.01973929236499069,0.0032122905027932966,0.013074578746008739,0.030726256983240222,0.015892413762525495,119,0.16620111731843576,65679,11.713417368641386,27.550043151058563,142.0617634989383,11.66950789343972,14.902130573186609,11.686352475304487,13.28769281010861,232.87090777067766,0.0,False
61,61000,0.03062770562770563,0.004318181818181818,0.013724467211710008,0.04090909090909091,0.00930465367965368,0.022556390977443608,0.0033834586466165413,0.014523102878421344,0.03383458646616541,0.015574650912996776,0.02758667206259274,0.003966005665722379,0.014025369601717396,0.03824362606232295,0.011667003912046406,89,0.12606232294617564,65679,11.786486845161148,28.209372734467816,158.03575038734684,11.698694991282496,15.071923389099739,11.700960987534245,13.801065663470238,250.30425499836252,0.0,False
62,62000,0.028008298755186723,0.0029045643153526968,0.013030020854834748,0.029045643153526972,0.008604195481788843,0.014622057001239157,0.0037174721189591076,0.0131743683996206,0.026022304832713755,0.019531480498023248,0.023213493120284066,0.0031957390146471376,0.013081724569278683,0.02796271637816245,0.012518229662037916,85,0.11318242343541944,65679,11.753268914796443,24.646602553343723,149.60743826927975,11.775411996269025,15.496927354384516,11.709847430050116,12.812075427477698,237.80157194560127,0.0,False
63,63000,0.027170311464546057,0.0033797216699801196,0.014148032192534346,0.033797216699801194,0.013559910378995867,0.013888888888888888,0.0018115942028985507,0.008930171722678052,0.018115942028985508,0.008281573498964802,0.022464698331193838,0.00282413350449294,0.012299342218618637,0.028241335044929396,0.01168979358966522,105,0.13478818998716302,65679,11.865919114534274,28.903743240743516,150.83416020927191,11.750995747537852,15.403170405839383,11.67754532015175,12.721443445697089,243.15697748377576,0.0,False
64,64000,0.015668044077134985,0.0024793388429752063,0.009062529318017317,0.022727272727272728,0.008712121212121213,0.013489208633093525,0.0025179856115107916,0.006624292158694115,0.017985611510791366,0.0067745803357314146,0.014873140857392825,0.0024934383202099737,0.008172988727083132,0.02099737532808399,0.008005249343832021,90,0.11811023622047244,65679,11.775780383617429,26.20532321837357,155.1631058600046,11.71154198219629,15.648432664657625,11.720897777556944,11.821526623698176,244.04660851010465,0.0,False
65,65000,0.03840245775729646,0.005069124423963134,0.021060057697352745,0.05069124423963134,0.019562394850413282,0.017918088737201365,0.0027303754266211604,0.008920320646427043,0.027303754266211604,0.009129692832764505,0.0301467216872994,0.0041265474552957355,0.01616742639622313,0.04126547455295736,0.015357743280714395,97,0.13342503438789546,65679,11.740490216700234,27.38223614974153,143.83950080417569,11.695194579851298,14.983120390429928,11.69247292260797,13.743576587486178,235.0765916509928,0.0,False
66,66000,0.02614517265680056,0.003171247357293869,0.010921375621114901,0.03171247357293869,0.006838316722037652,0.008620689655172414,0.001149425287356322,0.005538664981289002,0.011494252873563218,0.004857690202517789,0.019913714804722978,0.002452316076294278,0.009007359984882531,0.02452316076294278,0.006134033995069417,99,0.13487738419618528,65679,11.763941156820584,26.407026950496515,143.42378482995812,11.67013067924355,15.746459843313243,11.689410211269957,12.976480583425099,233.67723425452704,0.0,False
67,67000,0.021925693354264784,0.0035164835164835165,0.009922579588141604,0.03296703296703297,0.007057387057387058,0.014130855594270228,0.0020325203252032522,0.006333034693683033,0.02032520325203252,0.005052264808362369,0.019190272399972827,0.0029957203994293866,0.008662910481099082,0.028530670470756064,0.00635373502705885,64,0.0912981455064194,65679,11.830763519404819,20.45380650278136,150.14248150511943,11.676711699284969,15.439377593344517,11.742632838786932,13.19766669351935,234.4834403522414,803.8416054112832,True
68,68000,0.021404109589041095,0.0029680365296803654,0.010447012708886125,0.02511415525114155,0.00894487932159165,0.031799656799656795,0.005019305019305019,0.017488293302511344,0.04633204633204633,0.019127290555861987,0.025267017376056113,0.0037302725968436155,0.01306350004568517,0.03299856527977044,0.012728587369907313,82,0.11764705882352941,65679,11.835132481125,24.424938800220175,172.47674996816176,11.711781079743606,14.953517596554,11.73437293763846,14.111288582741716,261.2477814461847,0.0,False
69,69000,0.020760959470636886,0.0027295285359801493,0.013482534150553366,0.02729528535980149,0.014626413013509788,0.016063218390804598,0.0031034482758620693,0.010293531673176428,0.02413793103448276,0.01103448275862069,0.01879509379509379,0.002886002886002886,0.012148030949342237,0.025974025974025976,0.01312329645662979,98,0.1414141414141414,65679,11.98489235849573,25.922904680650976,171.48838385169438,11.69189872733331,14.921354389324515,11.68687419051545,12.884334477991644,260.580642676006,0.0,False
70,70000,0.026976365118174413,0.0039119804400978,0.01476396231031594,0.039119804400977995,0.015270501028447238,0.016839677047289503,0.0034602076124567475,0.01219987600288107,0.03460207612456748,0.01641676278354479,0.02277936962750716,0.0037249283667621777,0.013702327721707524,0.03724928366762178,0.015745099376904534,93,0.1332378223495702,65679,11.839542012094528,23.572751947815995,149.8174431938705,11.666871622503795,15.15778696119241,11.686799455890712,12.952765699080631,236.6939608924486,0.0,False
71,71000,0.023345701917130486,0.0029478458049886627,0.009694758718350193,0.02947845804988662,0.006606557967102185,0.02526315789473684,0.004912280701754386,0.014053845180882842,0.0456140350877193,0.013492063492063493,0.024098422238918102,0.0037190082644628104,0.01140597034620392,0.03581267217630854,0.009309545673182039,95,0.13085399449035812,65679,11.783167476863559,26.329832358763795,155.9882714397727,11.760220370211211,15.289109065282775,11.786510744026673,13.108116573609664,246.0452280285304,0.0,False
72,72000,0.03656499636891793,0.004793028322440087,0.01571151620803082,0.04793028322440087,0.011410243109589515,0.020136307311028497,0.0029739776951672866,0.010781197614389618,0.02973977695167286,0.008445447571841624,0.03049450549450549,0.004120879120879121,0.013889736398017796,0.04120879120879121,0.010314734868306297,86,0.11813186813186813,65679,12.037704807246751,22.494441460626373,180.61094664306373,11.928574978312817,16.553706375283667,12.047292989932068,13.142268890875553,268.81493614534094,0.0,False
73,73000,0.02280890804597701,0.0030172413793103452,0.012616924144370377,0.03017241379310345,0.011314655172413793,0.01808785529715762,0.004263565891472868,0.010985852521399466,0.03488372093023256,0.012504614248800295,0.02112188365650969,0.0034626038781163434,0.012034075835884924,0.03185595567867036,0.011739876005803984,75,0.1038781163434903,65679,12.11319929196944,21.82654384349364,174.75310682514566,11.764195316444487,15.215596452827079,11.703322295560092,12.860154504940047,260.23611853038045,0.0,False
74,74000,0.027966742252456534,0.0038548752834467125,0.01525654047879076,0.036281179138321996,0.012652521325990713,0.027357237715803454,0.005577689243027889,0.019979310573557025,0.04780876494023904,0.02460633655852779,0.027745664739884393,0.004479768786127168,0.016969568359984883,0.04046242774566474,0.01698837049270575,80,0.11560693641618497,65679,11.75601558722414,22.360493606869703,156.06629344975738,11.66877256309623,15.016187366184708,11.674603986329412,12.693579384267379,241.23594594372895,0.0,False
75,75000,0.031136363636363636,0.004318181818181818,0.01904534165614152,0.04318181818181818,0.018339646464646465,0.015297619047619048,0.0025,0.00954600487015601,0.025,0.010688775510204081,0.024976851851851854,0.0036111111111111114,0.015351155128258265,0.03611111111111111,0.015364307760141093,92,0.12777777777777777,65679,11.763411494683517,22.075540081305938,158.13091657566545,11.668826844800362,15.205168067237985,11.675244540789581,13.099856346402566,243.6189639508854,0.0,False
76,76000,0.025216450216450217,0.003463203463203463,0.015423573721701887,0.03463203463203463,0.016581632653061226,0.0101010101010101,0.0017316017316017316,0.004563788065858626,0.017316017316017316,0.0035456606885178312,0.02017797017797018,0.0028860028860028864,0.01180364516975413,0.02886002886002886,0.012236308664880093,68,0.09812409812409813,65679,11.722956771955534,19.73884572274362,162.98753797010582,11.753235204713109,15.29970229926722,11.683919518366142,13.513445434799875,246.69964292195132,0.0,False
77,77000,0.03463385354141657,0.004411764705882354,0.01759945009066436,0.04411764705882353,0.01489762571695345,0.023076923076923078,0.003076923076923077,0.014351243865113654,0.026923076923076925,0.014181929181929183,0.03055124223602484,0.003940217391304348,0.016451985934899164,0.03804347826086957,0.014644798136645962,95,0.12907608695652173,65679,11.747485640763166,25.602229677401667,159.5826204042923,11.663855611718926,15.229226300577519,11.679411898331965,12.559475200360492,248.06430473344605,0.0,False
78,78000,0.03021139806036831,0.004118993135011442,0.01504633382352585,0.038901601830663615,0.013452108532200064,0.021593673965936738,0.0040145985401459855,0.015410308823451901,0.0364963503649635,0.01597149808828641,0.02689036233340031,0.004078762306610409,0.015186599857252627,0.0379746835443038,0.014423012524278347,87,0.12236286919831224,65679,11.780317640219112,22.247764654651643,164.06401625565852,11.691140345038848,15.093179753324081,11.791409404125764,12.785664857510593,249.45349291052858,0.0,False
79,79000,0.020272410516312955,0.002660753880266076,0.01232340411500804,0.026607538802660754,0.010670291767852743,0.025201845444059977,0.004152249134948097,0.01763110381231068,0.04152249134948097,0.020184544405997693,0.0221975546975547,0.003243243243243243,0.014396276023819475,0.032432432432432434,0.014385993135993137,82,0.11081081081081082,65679,11.829373032425789,21.001891207957783,169.4864293742479,11.695192412598809,15.424082428733971,11.727673982782349,13.022863846384736,254.18750628513135,0.0,False
80,80000,0.019097107665236996,0.003233256351039261,0.012053633670464232,0.02771362586605081,0.014186737050478388,0.023980815347721823,0.003237410071942446,0.009951358857030785,0.03237410071942446,0.00705435651478817,0.021006630500301385,0.0032348804500703233,0.011231647175197708,0.029535864978902954,0.01139798629250106,79,0.1111111111111111,65679,11.780974984484939,21.04674163670023,164.8639437062706,11.692704792478498,14.990983388619982,11.703679943533828,12.625702968244862,248.70473142033296,0.0,False
81,81000,0.02333333333333333,0.004000000000000001,0.014109136940302976,0.03777777777777778,0.015403880070546739,0.038288288288288286,0.004391891891891893,0.015091333383198565,0.04391891891891892,0.009787912912912913,0.029267202859696157,0.004155495978552279,0.014498855636143584,0.040214477211796246,0.013175560662155836,86,0.11528150134048257,65679,11.854256235982463,22.803899356788754,163.14220126972117,11.667218414831288,15.490620049140452,11.706343671254865,12.627426458501622,249.29196545622062,0.0,False
82,82000,0.03192515432098765,0.004398148148148149,0.014475893839143368,0.04398148148148148,0.011364638447971783,0.029616724738675958,0.004878048780487806,0.017093730781766684,0.04065040650406504,0.016716673119112145,0.031087582525635617,0.004572271386430678,0.015425728482042092,0.04277286135693215,0.01330652713396076,74,0.10914454277286136,65679,11.775455163971078,20.307853389630452,161.5105201080505,11.681038644913155,15.113827355778264,11.709790164803751,13.136628848040012,245.2351136751872,0.0,False
83,83000,0.028501843075302787,0.004502369668246445,0.017832608440388885,0.04265402843601896,0.019835627774016398,0.036181362497151974,0.005639097744360903,0.01936919494480182,0.05639097744360902,0.01871345029239766,0.0314709595959596,0.00494186046511628,0.018426695664478767,0.04796511627906977,0.019401762643041713,72,0.10465116279069768,65679,11.742970457376266,20.157805769197708,151.86336357139382,13.499496335118987,16.194924766118472,12.191529524266386,12.721024179016688,238.37111460248832,0.0,False
84,84000,0.024629629629629626,0.003111111111111111,0.011327063239596862,0.03111111111111111,0.009335978835978835,0.028603059581320454,0.003985507246376812,0.013052937296400282,0.03985507246376811,0.010671152518978605,0.026140189776553413,0.003443526170798898,0.011983180649621302,0.03443526170798898,0.009843565525383707,84,0.11570247933884298,65679,11.898834951489661,22.595533635271643,180.46500830962847,11.947715536399228,15.56977933275458,11.915106795282181,13.02447290551373,267.4164514663395,0.0,False
85,85000,0.0297423887587822,0.003981264637002342,0.016403827431066987,0.03981264637002342,0.013748559533102857,0.024780882757536454,0.005836575875486381,0.011803416052909403,0.04669260700389105,0.013930578716570934,0.027878197176442788,0.004678362573099415,0.014675310290443451,0.04239766081871345,0.013816949781862063,65,0.09502923976608187,65679,11.832311565446869,20.002121502701865,170.31345497460492,11.698031214479876,14.952732720240752,11.722817573635997,13.105197211819158,253.62666676292946,0.0,False
86,86000,0.01998572448251249,0.002569593147751606,0.009690157537723594,0.02569593147751606,0.007226980728051392,0.01800232288037166,0.002439024390243903,0.008225442332980424,0.024390243902439025,0.0060726729716276745,0.019230769230769232,0.0025198938992042445,0.009132633315228515,0.025198938992042442,0.006787608942781355,90,0.11936339522546419,65679,11.986545497801732,22.349743531428768,164.22960002616603,11.70945473701057,15.283409927242808,11.683627498034616,12.980722990756782,250.2231042084413,0.0,False
87,87000,0.027777777777777776,0.0033783783783783786,0.01566584417634947,0.033783783783783786,0.013199806949806948,0.03136531365313653,0.004428044280442805,0.015214685437252589,0.04059040590405904,0.012124406958355297,0.029137529137529136,0.0037762237762237767,0.0154948455493631,0.03636363636363636,0.012792207792207794,77,0.1076923076923077,65679,11.70083718426626,25.730906944618216,154.52139691153263,11.720225729826977,15.064937121066906,11.738343786218962,12.877429277465685,243.35407695499566,0.0,False
88,88000,0.02092511013215859,0.0033039647577092516,0.011364578308464707,0.03303964757709251,0.011037689672050906,0.026181818181818178,0.0036363636363636364,0.018676615609707695,0.03636363636363636,0.017525252525252527,0.02290809327846365,0.003429355281207134,0.014122891419358838,0.03429355281207133,0.013484987044657826,82,0.11248285322359397,65679,11.756755122153962,22.502424759422713,159.96739545739297,11.760936559301882,15.139739772025706,11.708694232465817,13.097213330974522,245.93315923373757,0.0,False
89,89000,0.023357371794871795,0.0038461538461538464,0.013552336289186728,0.03125,0.012920673076923076,0.03494930291508238,0.00570342205323194,0.023238261766188657,0.053231939163498096,0.021962701430382037,0.02784732449680903,0.004565537555228278,0.017304027600602793,0.039764359351988215,0.0164229609369521,65,0.09572901325478646,65679,11.793022600157382,19.53268774367023,160.00641787617883,11.667917737007844,14.780448751330194,11.680900379389126,12.679308678341384,242.140703766075,0.0,False
90,90000,0.028094153378891422,0.004100227790432802,0.01686359390406264,0.0387243735763098,0.016445203745887118,0.02913533834586466,0.004135338345864662,0.017948046771511787,0.041353383458646614,0.017427497314715358,0.028486997635933806,0.004113475177304965,0.017272763354759767,0.03971631205673759,0.016815827986040754,71,0.10070921985815603,65679,11.74501570196454,20.240871486762458,160.6875823763794,11.66784300178289,15.43633748879794,11.6877769605582,13.991818259201372,245.4572452754468,0.0,False
91,91000,0.027962347729789592,0.0040169133192389005,0.014796965603853757,0.040169133192389,0.01378569750662774,0.025094696969696968,0.0034090909090909094,0.01637825080478839,0.03409090909090909,0.018497474747474745,0.026935129547069843,0.0037991858887381274,0.015363396123591536,0.037991858887381276,0.015473498309319204,55,0.07462686567164178,65679,11.774251287306054,21.482109331050907,160.06036678212556,11.676130498922827,15.506353222387304,11.845159849092207,12.865773367138484,245.21014433802333,0.0,False
92,92000,0.026638772663877264,0.00397489539748954,0.014207184049387428,0.0397489539748954,0.012116457461645745,0.0240086741016109,0.0044609665427509295,0.012020425389652374,0.04460966542750929,0.012980173482032219,0.02569165551093262,0.004149933065595717,0.013419716740861683,0.041499330655957165,0.012427487728692545,86,0.11512717536813923,65679,11.972493343500451,22.00477115148203,177.0788645483329,11.80377637583635,15.70122236206964,11.828266298048035,13.22492708988321,263.6143211691526,0.0,False
93,93000,0.026547116736990152,0.003586497890295359,0.015470711282813115,0.03375527426160337,0.013086029067041725,0.024940898345153666,0.0035460992907801418,0.017799003080884907,0.03546099290780142,0.01741950917482832,0.025947971781305115,0.0035714285714285718,0.016339201080506557,0.03439153439153439,0.01470248593264466,72,0.09523809523809523,65679,11.848260298638614,20.663037952277364,157.31268925193302,11.693959648163139,15.508961859644899,11.712331440996703,13.259917886226935,241.9991583378807,0.0,False
94,94000,0.023908045977011492,0.00367816091954023,0.013228069153254298,0.0367816091954023,0.011646597336252508,0.03355704697986577,0.004026845637583892,0.017770432617250986,0.040268456375838924,0.014675881538297646,0.02783083219645293,0.0038199181446111874,0.015074759893051041,0.03819918144611187,0.012878148075965266,86,0.11732605729877217,65679,11.825321659594824,26.63849500277732,155.17559814076654,11.726081317713078,15.357930259654594,11.722977679110013,13.316695645478049,245.76309970509442,0.0,False
95,95000,0.0255779269202088,0.0029082774049217002,0.012884146372203345,0.029082774049217,0.009479421895529277,0.020229885057471267,0.0027586206896551726,0.011312051398086487,0.027586206896551724,0.010186097427476738,0.023473541383989147,0.002849389416553596,0.012265547264341896,0.028493894165535955,0.009757489608235878,81,0.10990502035278155,65679,11.870558764826706,24.96673344089609,157.58550506922083,11.680052731131985,15.163880543844765,11.717897859715027,12.883515656515742,245.86814406615116,0.0,False
96,96000,0.022201680672268905,0.0032941176470588237,0.01124390854125893,0.03294117647058824,0.010171802054154995,0.024999999999999998,0.003873239436619719,0.014505560704469076,0.035211267605633804,0.015590766823161191,0.02332258714487205,0.003526093088857546,0.012550409548807144,0.03385049365303244,0.012342445205632793,56,0.07898448519040903,65679,11.78692280740315,18.501230923683583,167.07114410619354,11.736572437782977,15.031723521061192,11.765737110969871,12.462143671815307,248.35547457890962,0.0,False
97,97000,0.01732745961820852,0.003303964757709251,0.012262024947948345,0.03303964757709251,0.015138801482413818,0.03231052984574112,0.00528169014084507,0.016966865676880764,0.0528169014084507,0.01744774200760116,0.023093302361595045,0.0040650406504065045,0.014072559862605265,0.04065040650406504,0.016027336860670195,69,0.09349593495934959,65679,11.964381534279589,21.47240634839398,160.41430152080594,11.661655258426995,15.872013428876175,11.685064871577723,12.752290897984075,245.8221138603445,0.0,False
98,98000,0.02978859705317104,0.004035874439461884,0.017908853366408132,0.03811659192825112,0.01676542814435191,0.00808457711442786,0.0014925373134328358,0.00554308499088245,0.014925373134328358,0.007995735607675906,0.02164199012938509,0.003081232492997199,0.013267360474754235,0.029411764705882353,0.013473722822462316,75,0.10504201680672269,65679,11.793631054510257,21.07870865391409,155.58560475146047,11.70517745923555,15.191161656661484,11.773269376819107,12.634570608602985,239.76212356120394,0.0,False
99,99000,0.022530206112295663,0.003624733475479744,0.011150505232248944,0.031982942430703626,0.010693132974582867,0.019115890083632018,0.0025089605734767025,0.008590499473351668,0.025089605734767026,0.007720316322466861,0.02125668449197861,0.003208556149732621,0.010195636774050628,0.029411764705882353,0.009584288260758848,76,0.10160427807486631,65679,11.788313454025312,22.437394813331483,167.45724741792228,11.73896417359585,15.531858519272218,11.742393429950425,12.704524201181261,253.40069600927885,0.0,False
100,100000,0.01789838337182448,0.003002309468822171,0.011026215073104473,0.03002309468822171,0.011652736537263097,0.03702518139137857,0.00528169014084507,0.022073442279951744,0.04929577464788732,0.021663313212608986,0.025474409365622754,0.0039051603905160396,0.015401964761730173,0.03765690376569038,0.015617874299882668,80,0.11157601115760112,65679,11.972368877618406,25.629249154428962,178.8880922792002,11.707064009013058,15.800739773686596,11.926515075911388,13.17907412178021,269.10310329163883,0.0,False
101,101000,0.013774733637747338,0.0018264840182648403,0.005474365643367334,0.0182648401826484,0.004762810755961441,0.020403225806451614,0.0032258064516129032,0.012906960339458847,0.03225806451612903,0.01205069124423963,0.016521836007130124,0.0024064171122994654,0.008554719060196706,0.02406417112299465,0.007783189033189033,82,0.10962566844919786,65679,11.795701446947609,23.641833163685206,167.94861046520725,11.720644284122367,15.871067326946736,11.891738422992876,14.820595262046709,257.69019037194874,0.0,False
102,102000,0.014156626506024096,0.0021686746987951812,0.0072978134347621414,0.021686746987951807,0.0066532797858099065,0.03038507821901324,0.004332129963898918,0.01929589957458665,0.04332129963898917,0.023375451263537905,0.020652697495183045,0.0030346820809248557,0.012100515545645651,0.030346820809248554,0.013346981374438021,83,0.1199421965317919,65679,11.827561683278725,21.292771760696162,156.90252558282074,11.759751107624089,15.272278071135764,11.802009264844093,12.495489116817748,241.3523865872173,0.0,False
103,103000,0.019110970330482525,0.0026607538802660754,0.008325982306782569,0.024390243902439025,0.006065885334178017,0.02364864864864865,0.004391891891891892,0.012984983119196027,0.04054054054054054,0.012742653367653367,0.020909032957225727,0.0033467202141900937,0.010172119174887499,0.030789825970548863,0.008711565840079896,74,0.09906291834002677,65679,11.769219494427857,20.566055610952983,156.279341129599,11.885589373601679,15.11124820148188,11.695184534973174,13.77753905734691,241.0841774023835,0.0,False
104,104000,0.03623188405797101,0.004805491990846682,0.018664408373898603,0.04805491990846682,0.01579855435690676,0.03099747474747475,0.005303030303030303,0.01667507611472703,0.05303030303030303,0.016812469937469935,0.0342605801236329,0.004992867332382311,0.017915216196407457,0.04992867332382311,0.016180399882254375,64,0.0912981455064194,65679,11.81765591443465,22.155386530532674,164.9229640539769,12.357915474815046,15.607404953873333,11.922543977454374,12.818644109183902,251.6025150142709,0.0,False
105,105000,0.01763099219620959,0.002608695652173913,0.011966383889256967,0.02608695652173913,0.012807971014492754,0.02679738562091503,0.004313725490196079,0.010190819507840124,0.0392156862745098,0.007111733582321818,0.02090012551551013,0.003216783216783217,0.01133314064833208,0.03076923076923077,0.010776445776445777,68,0.0951048951048951,65679,11.74917914227927,22.41320743183797,173.3515244803363,11.765903555019385,15.545756410464268,11.707312056706554,12.922381650570802,259.45526472721457,0.0,False
106,106000,0.01748326639892905,0.0033734939759036144,0.012102790978169332,0.033734939759036145,0.017495697074010327,0.012040557667934094,0.0015209125475285172,0.007380693870181917,0.015209125475285171,0.006246605105920695,0.015372009177318912,0.002654867256637168,0.010271063043950025,0.02654867256637168,0.013132111251580278,74,0.10914454277286136,65679,11.779455978105924,20.112261911526403,169.55788701947944,11.665973654546857,14.957950107495622,11.683386461999735,14.126902063388986,253.883817196543,0.0,False
107,107000,0.02659970238095238,0.0037946428571428575,0.017641184694978985,0.03794642857142857,0.016988201530612246,0.02177700348432056,0.0038327526132404185,0.011710602604829343,0.03832752613240418,0.01046264034068912,0.024716553287981856,0.00380952380952381,0.015325433593111028,0.0380952380952381,0.014440125256451788,69,0.09387755102040816,65679,11.774927813078955,24.590142650243727,160.0154629617795,11.726600425133322,15.450352010133034,11.699951919630358,12.755165624406262,248.01260340440513,0.0,False
108,108000,0.03325859491778774,0.003811659192825112,0.018034702262102364,0.03811659192825112,0.014607801266994092,0.029275599128540303,0.004248366013071896,0.015003814786593152,0.0392156862745098,0.013184718331777156,0.03163785460992907,0.003989361702127659,0.016801389007440375,0.03856382978723404,0.014028727625802094,83,0.11037234042553191,65679,11.76407531397125,26.529270758947344,164.14580385884156,11.66349801217173,15.311824224355924,11.695625906686658,13.117064194000799,254.22716226897526,0.0,False
109,109000,0.03508371385083714,0.0045662100456621,0.014905428642242037,0.04337899543378995,0.00968960643618178,0.012557077625570776,0.0020547945205479454,0.005971176218266985,0.02054794520547945,0.00579337899543379,0.02607305936073059,0.0035616438356164386,0.011331727672652014,0.03424657534246575,0.008131115459882583,61,0.08356164383561644,65679,11.755641645284227,21.13997645951729,153.3847966140589,11.66523886673293,15.46845306325123,11.69155483784351,13.302549106121441,238.4082105928095,0.0,False
110,110000,0.011426319936958234,0.001418439716312057,0.005438188939425943,0.014184397163120567,0.005095876017861834,0.01895306859205776,0.0028880866425992783,0.013772468639217349,0.02888086642599278,0.015523465703971121,0.014404761904761906,0.002,0.00873618247777197,0.02,0.009222222222222222,71,0.10142857142857142,65679,11.78060082984711,23.308917912408937,163.94376579084712,11.668261584212026,15.26505373278253,11.701365727041779,13.088998075967002,250.75696365310648,0.0,False
111,111000,0.026041666666666668,0.003935185185185185,0.014033132961235425,0.034722222222222224,0.011358208406819517,0.026493506493506493,0.004,0.01410807736224505,0.03636363636363636,0.012200577200577201,0.026217417660133358,0.0039603960396039604,0.014062283895150058,0.03536067892503536,0.011685862463797402,68,0.09618104667609619,65679,11.915301982457633,23.115573047616937,163.00535784040392,11.69944965203132,15.45157170426345,11.72865490375527,13.202383081976215,250.11829221250474,0.0,False
112,112000,0.0199250936329588,0.0026966292134831464,0.01114429028559712,0.02696629213483146,0.010504726235063312,0.021653543307086614,0.002755905511811024,0.010561401032073953,0.027559055118110236,0.007889638795150606,0.020553171196948022,0.0027181688125894133,0.01093248217344421,0.027181688125894134,0.009554465563049253,67,0.09585121602288985,65679,11.78724024337302,21.79786907097192,160.8219393318816,11.723826044768987,15.166704589373442,11.697504386082997,12.977115395280958,245.97219906173294,0.0,False
113,113000,0.024313962873284904,0.003389830508474576,0.013447904606077163,0.03389830508474576,0.011264844921019253,0.019434506062413037,0.004263565891472868,0.013777653005706141,0.03488372093023256,0.017495693367786388,0.022437808093545796,0.0037257824143070045,0.013574693111448662,0.03427719821162444,0.013660610791758333,55,0.08196721311475409,65679,11.800308247114643,17.50499512142775,154.8760683708836,11.664973667072086,14.821538287305286,11.702211493960085,12.99902662616273,235.36912181392614,0.0,False
114,114000,0.02589217919514047,0.004328018223234625,0.016357854167550475,0.04328018223234624,0.01755161441949597,0.014393939393939393,0.0031468531468531475,0.007785439619299109,0.024475524475524476,0.008337495837495837,0.02135632183908046,0.003862068965517242,0.012976184428516144,0.03586206896551724,0.0139168035030104,67,0.09241379310344827,65679,11.73572771926562,19.82274894498856,163.88815936232982,11.679376627361792,15.412773461880718,11.947106422421221,13.170024538853436,247.65591707710115,0.0,False
115,115000,0.025416666666666664,0.0032500000000000007,0.013602498547069835,0.0325,0.010666666666666666,0.018312101910828025,0.0031847133757961785,0.0113623744278722,0.028662420382165606,0.010964513193812557,0.022292250233426705,0.0032212885154061627,0.012617345923221016,0.03081232492997199,0.010797652394291049,83,0.11624649859943978,65679,11.967800878719126,26.785463474267303,179.4061385971546,11.791407875817034,16.15904124777773,11.812096284376238,13.247525096519302,271.1694734546314,0.0,False
116,116000,0.021870286576168928,0.003393665158371041,0.013269300389294279,0.03167420814479638,0.01263466925231631,0.02224199288256228,0.0035587188612099642,0.012019928204820484,0.028469750889679714,0.009286561599728857,0.02201475334255417,0.003457814661134163,0.012783721435162694,0.030428769017980636,0.011333399196469737,54,0.07468879668049792,65679,11.886721458274213,19.128744602761593,151.807882318937,11.67079930567555,15.330253540783017,11.702862929612035,12.563453284045872,234.09071744008926,0.0,False
117,117000,0.019650587507730365,0.004329004329004329,0.011894255684060138,0.03463203463203463,0.012993025493025492,0.039647577092511016,0.005286343612334802,0.019148590202972403,0.048458149779735685,0.016420180406964545,0.026238855484138505,0.004644412191582003,0.014284290423963019,0.03918722786647315,0.014122146197617896,47,0.06821480406386067,65679,11.726948377904083,17.29565194922428,147.89606911729675,11.663389938854074,14.982532239644907,11.68427517010684,12.26644742379629,227.51531421682722,0.0,False
118,118000,0.02523353839143313,0.00430622009569378,0.012101230554822828,0.03349282296650718,0.010551948051948052,0.01751700680272109,0.003741496598639456,0.009894686663527417,0.03741496598639456,0.013652683295540436,0.022047217763509895,0.004073033707865168,0.011190101476113766,0.0351123595505618,0.01183230782949884,67,0.09410112359550561,65679,11.702178922157191,19.56146107606055,159.9932998809263,11.670896476616981,16.17479474889938,11.711677716574886,12.848143842624642,243.6624526638599,0.0,False
119,119000,0.029448476850324427,0.005311778290993071,0.015673784372696172,0.04849884526558892,0.01686553759302027,0.02774691358024691,0.004814814814814815,0.014074989648981141,0.044444444444444446,0.014948559670781894,0.028794960373907743,0.005120910384068278,0.015059738034996231,0.04694167852062589,0.01612928718191876,62,0.08819345661450925,65679,11.922163943096226,19.174811344165736,171.27529780902248,12.0338729189505,16.03371980015561,11.910901015394632,13.824069327761368,256.17483615854655,0.0,False
120,120000,0.025616496598639456,0.0031249999999999997,0.014877191514796138,0.03125,0.012430909863945577,0.03189812510370002,0.004529616724738677,0.015509998512812125,0.04529616724738676,0.01319064211050274,0.028069322967282147,0.0036734693877551023,0.015124287580688093,0.036734693877551024,0.012727567217363135,65,0.08843537414965986,65679,12.31511294066609,24.112553996518542,178.09784528258905,11.694799544423319,15.410547026483561,11.688883436486442,12.9235770159504,266.2433192431174,0.0,False
121,121000,0.02288329519450801,0.002974828375286042,0.014595237871863714,0.029748283752860413,0.014476408412335185,0.020531400966183572,0.002536231884057971,0.010870081274433924,0.025362318840579712,0.008313204508856682,0.021972884525479196,0.002805049088359046,0.013153241769632827,0.028050490883590462,0.012090652062601572,80,0.11220196353436185,65679,11.721475132675518,26.01410439730459,148.8170870521978,11.657569791538592,15.637910495309992,11.681874450893137,12.855008290433428,238.38502961035306,0.0,False
122,122000,0.025533661740558294,0.004433497536945813,0.013947195014950097,0.03940886699507389,0.014420595824536711,0.019574944071588368,0.002684563758389262,0.01081170754305187,0.026845637583892617,0.008640939597315437,0.023011363636363635,0.003693181818181818,0.012619957420311358,0.03409090909090909,0.011974093614718613,76,0.10795454545454546,65679,11.736366779258045,20.677206264991394,155.8075280457885,11.686108622961655,15.74129467732388,11.761571150382954,12.668029111512213,240.07810465221866,0.0,False
123,123000,0.02192028985507246,0.0028260869565217396,0.008674382794655034,0.02826086956521739,0.005437370600414079,0.033195592286501374,0.005371900826446282,0.020141969822155235,0.049586776859504134,0.021005509641873275,0.02580721747388414,0.003703703703703704,0.012627596556271914,0.03561253561253561,0.010804164970831637,47,0.06695156695156695,65679,11.778815304633316,16.52512757002733,154.03629700724147,11.685195466425158,15.341051098897996,11.753452066144698,13.183247124320951,234.30318563769092,0.0,False
124,124000,0.02319078947368421,0.003289473684210526,0.011436009434107278,0.03070175438596491,0.008644005847953216,0.009498722860791826,0.0022988505747126436,0.00407357781189121,0.022988505747126436,0.0034893267651888342,0.018206648070664806,0.0029288702928870294,0.008755961103007704,0.02789400278940028,0.006767616391047353,55,0.07670850767085077,65679,11.76268735406799,20.070531203196516,153.27846961118303,11.668499122582944,15.18100009741813,11.67778615764753,12.39989724413637,236.0388707902325,0.0,False
125,125000,0.010362694300518135,0.0018134715025906734,0.007059681993604505,0.018134715025906734,0.010189982728842834,0.020183672146029893,0.004362416107382551,0.013919957834141574,0.03355704697986577,0.01753755193352509,0.014641424414498403,0.0029239766081871343,0.010048515620037321,0.024853801169590642,0.013391116680590365,66,0.09649122807017543,65679,11.693486961311672,18.837233966763346,151.90286381094182,11.662594286636352,15.302390925189812,11.675845932708484,12.852393434500954,233.92680931805245,0.0,False
126,126000,0.025966183574879224,0.00391304347826087,0.012515496656548322,0.0391304347826087,0.011871980676328501,0.01486988847583643,0.002230483271375465,0.007665214551014464,0.022304832713754646,0.00805894848645778,0.021871665904587712,0.003292181069958848,0.01072574921294255,0.03292181069958848,0.010464977028763036,63,0.08641975308641975,65679,11.7448549278934,19.47025286689469,158.635308199824,11.933707482494892,16.264979377358934,12.426867398725172,13.689631204766295,244.1656014579574,0.0,False
127,127000,0.023917995444191344,0.0027334851936218676,0.013661221865202274,0.02733485193621868,0.010791119788841884,0.024689265536723164,0.004406779661016949,0.013816778438545011,0.04406779661016949,0.01617702448210923,0.02422797456857402,0.0034059945504087193,0.013723741196450376,0.0340599455040872,0.012955754508888024,61,0.08310626702997276,65679,11.837611017126438,23.200402918498174,180.81468147888856,11.896455725884936,15.684488279210651,11.720235661871747,12.414727004493587,267.56860208597413,0.0,False
128,128000,0.019080996884735205,0.0021028037383177575,0.008645521388940555,0.02102803738317757,0.005733570686841715,0.032550335570469796,0.004362416107382551,0.02019050746390337,0.0436241610738255,0.0207907212101843,0.024609733700642792,0.0030303030303030307,0.013384372422465237,0.030303030303030304,0.011914053959508506,61,0.08402203856749312,65679,11.827193753033427,19.814853791884357,157.33165587558662,12.001729246827185,16.95089730532895,11.680606508336632,12.79505812176035,242.40199460275753,0.0,False
129,129000,0.018510324483775813,0.00331858407079646,0.010592630492315534,0.030973451327433628,0.010867923865711476,0.013074352548036757,0.0021052631578947372,0.009623132561615897,0.021052631578947368,0.009649122807017544,0.016408218647024617,0.002849389416553596,0.010217722880036842,0.027137042062415198,0.010396610023475694,49,0.06648575305291723,65679,11.790469303919748,19.07334789785775,156.12321961618048,11.67128336151263,15.562710233459065,11.735814837314507,12.62481110965441,238.58165635989857,0.0,False
130,130000,0.031006493506493506,0.004545454545454545,0.014346122128013042,0.04318181818181818,0.011223845598845598,0.021033210332103317,0.004059040590405905,0.013459112234767066,0.04059040590405904,0.013861067182100392,0.027205143660839863,0.004360056258790436,0.014008035375453746,0.04219409282700422,0.012229031321858326,67,0.09423347398030943,65679,11.728419441033033,20.838156117711225,176.24353960570687,11.719976789295593,15.965301604074778,11.771704116286807,13.24760780616746,261.5147054802758,0.0,False
131,131000,0.026096901642753172,0.0037117903930131008,0.017637057692510793,0.034934497816593885,0.017649199417758367,0.019484572855359372,0.004119850187265918,0.01147939344643606,0.033707865168539325,0.015225016348611854,0.023661740558292284,0.003862068965517241,0.015369338583956374,0.034482758620689655,0.016756431308155448,54,0.07448275862068965,65679,11.789515457737155,20.58219019290125,158.12877430295552,11.688180113461621,15.373791687096904,11.686425711816828,13.029785915115443,242.27866338108473,0.0,False
132,132000,0.020134228187919462,0.0029082774049217002,0.01062492194732706,0.029082774049217,0.010256205390433579,0.013020833333333332,0.0023437500000000003,0.00670994412226849,0.0234375,0.0077473958333333336,0.017543859649122806,0.0027027027027027033,0.009199268571487807,0.02702702702702703,0.009342613289981712,54,0.07681365576102418,65679,11.726696942118696,20.68020160815587,152.4482455338358,11.668483220275693,15.538086037235333,11.680395818010336,12.7171273102758,236.45923646990752,0.0,False
133,133000,0.0374074074074074,0.0044444444444444444,0.01936125845930557,0.042222222222222223,0.015552028218694886,0.04529478458049887,0.006462585034013605,0.029793148445732345,0.061224489795918366,0.0291747651441529,0.04052419354838709,0.005241935483870968,0.023483537566845177,0.04973118279569892,0.020935206519883936,64,0.08602150537634409,65679,11.723398189708579,19.60422185370153,149.04325622566023,11.672431692776042,15.082721765660722,11.758879818371536,12.950363622810102,231.83527316868873,0.0,False
134,134000,0.018262806236080176,0.00267260579064588,0.007539448394839624,0.026726057906458798,0.0061370947785201685,0.014004629629629629,0.0020833333333333337,0.008266772734755401,0.020833333333333332,0.007908950617283951,0.01659882406151063,0.0024423337856173677,0.007823667404196129,0.024423337856173677,0.006829488919041157,61,0.08276797829036635,65679,11.754652581304203,22.026163179179882,173.70985576754123,12.196906827598164,17.487103887145473,12.222207470651004,13.072976612585329,262.4698663260053,761.5157156147731,True
135,135000,0.029830917874396134,0.004589371980676328,0.01854026228755001,0.04106280193236715,0.01821658615136876,0.02873134328358209,0.0052238805970149255,0.01571494814903876,0.05223880597014925,0.016163231461738925,0.029398826979472138,0.004838709677419355,0.017430021541038256,0.045454545454545456,0.0174096960387283,59,0.08651026392961877,65679,11.761299411210125,19.498998758665785,183.43855102088276,11.714204679824647,15.327627982120173,11.796403214678342,14.0003565264335,267.53744159381534,0.0,False
136,136000,0.023552425665101722,0.002816901408450705,0.011340706079532746,0.028169014084507043,0.009389671361502348,0.04435483870967742,0.007168458781362007,0.025593702799475898,0.07168458781362007,0.025031290891505947,0.031784869976359334,0.0045390070921985815,0.01698125371763791,0.04539007092198582,0.01557975909039739,67,0.0950354609929078,65679,11.811668255083674,23.543441127232832,168.50711428956222,11.713024928958205,15.062909323633466,11.691741855099359,13.2098528438096,255.53975262337934,0.0,False
137,137000,0.020850550964187326,0.003181818181818182,0.008936226168871913,0.029545454545454545,0.007245670995670995,0.026388888888888885,0.004710144927536231,0.01869551020766606,0.03985507246376811,0.017238900391074303,0.022985441002200777,0.0037709497206703914,0.01269818482069759,0.0335195530726257,0.011097809701161657,61,0.08519553072625698,65679,11.729003450207387,21.851405699671588,168.0019750317438,11.675964243819392,15.19346157664858,11.69364255852734,13.8946399937806,254.04009255439868,0.0,False
138,138000,0.019444444444444445,0.002816901408450705,0.009568729013879836,0.028169014084507043,0.007931850361427826,0.02972027972027972,0.004195804195804196,0.013882153278344753,0.038461538461538464,0.012484737484737484,0.02357209737827715,0.0033707865168539327,0.01130136853584187,0.032303370786516857,0.009760678616015695,59,0.08286516853932584,65679,11.764384043197463,22.095323151206937,182.1009366204593,11.68363011373047,15.354924692505268,11.711894548516177,14.180010628986327,268.89110379860193,0.0,False
139,139000,0.025987972508591063,0.003350515463917526,0.014896027847794528,0.03350515463917526,0.013323310423825887,0.022474747474747474,0.00408805031446541,0.014995857661367839,0.03773584905660377,0.018845462713387242,0.024405528371534032,0.0036827195467422098,0.014940993684503186,0.03541076487252125,0.015810625477764288,67,0.09490084985835694,65679,11.827603384056973,23.118933369828397,174.13210457775662,11.769952979273635,15.467631779994552,11.766180332342667,13.76053829708207,261.8429447203349,0.0,False
140,140000,0.021909233176838808,0.0030516431924882633,0.010745623799293473,0.03051643192488263,0.009646769505924437,0.030785562632696387,0.00445859872611465,0.01691580314133776,0.041401273885350316,0.015210797694874127,0.025675675675675677,0.0036486486486486487,0.013363780979566321,0.03513513513513514,0.012007722007722009,54,0.07297297297297298,65679,11.77145714729294,21.51601704696027,170.42317065626284,11.686140679749435,15.624229686789226,11.732679300859028,12.863919485357755,255.61761400327146,0.0,False
141,141000,0.023916666666666666,0.0032500000000000003,0.011006490381154947,0.0325,0.00839484126984127,0.030173679060665367,0.004794520547945206,0.0180239705284432,0.0410958904109589,0.019615677321156773,0.026556908890723922,0.003901734104046243,0.013967623622496232,0.036127167630057806,0.013129644921552436,56,0.08092485549132948,65679,11.727739619285526,20.614702859134137,164.140222661896,11.688580440684381,15.600504339963184,11.674343727237357,13.19931397003593,248.6454076182365,0.0,False
142,142000,0.03298017771701982,0.00430622009569378,0.018119335492005634,0.04066985645933014,0.014055023923444973,0.030118617844249615,0.003971119133574007,0.022141579609869833,0.039711191335740074,0.022210761560942066,0.03183967112024666,0.004172661870503597,0.019722445737542876,0.04028776978417266,0.017305584104145254,60,0.08633093525179857,65679,11.76739526348447,19.315673615682982,171.05286121428531,11.74966120100901,15.161399507523932,11.689393213665245,14.167744017037908,254.90412803268887,0.0,False
143,143000,0.016,0.0022500000000000003,0.007826436784289053,0.0225,0.007527777777777777,0.029761904761904757,0.004983388704318937,0.015322999247721876,0.04318936877076412,0.01588224437061646,0.02190917736566809,0.003423680456490728,0.01104536018156905,0.03138373751783167,0.011115073704232049,63,0.0898716119828816,65679,11.756224307692131,21.582291803080857,168.29507117252507,12.025434664698908,15.39793069770673,11.76059407817509,13.089501958489514,253.9070486823683,0.0,False
144,144000,0.034458333333333334,0.0045000000000000005,0.01684240421726771,0.0425,0.013586309523809525,0.014602064602064603,0.004545454545454545,0.010135193722786979,0.038461538461538464,0.014627039627039628,0.026180063862279605,0.004518950437317784,0.014046103632105187,0.04081632653061224,0.014020199916701373,59,0.08600583090379009,65679,11.81977289042152,21.596399127535303,170.71327467776953,11.931042189709807,15.984945809496832,11.963091133042337,12.743260690104009,256.7517865180793,0.0,False
145,145000,0.02780410742496051,0.0037914691943127963,0.014122997688267178,0.035545023696682464,0.010925863236289777,0.038853161843515546,0.005787781350482316,0.020437536024037674,0.05466237942122187,0.01783034757311285,0.032492041837198726,0.004638472032742156,0.016802153789801454,0.04365620736698499,0.013855323848502568,58,0.0791268758526603,65679,11.845696703455255,18.13551510057576,173.74355862144475,11.85927689039551,15.791909042141283,11.858832138132714,13.873256059976358,257.1080445561216,0.0,False
146,146000,0.03531390134529148,0.0047085201793721975,0.019688758287484356,0.042600896860986545,0.01662840771585166,0.01644736842105263,0.003289473684210526,0.008999008627235806,0.029605263157894735,0.009219663742690058,0.027666666666666666,0.0041333333333333335,0.015355846425196945,0.037333333333333336,0.013625396825396823,57,0.076,65679,11.781147600711805,22.51353342103135,164.6446178255878,11.711896704784397,15.523971273481706,11.74573578504451,13.752069753625307,251.6729723642669,0.0,False
147,147000,0.021377672209026127,0.002612826603325416,0.01320818812160131,0.023752969121140142,0.01228556347321193,0.012116858237547892,0.0034482758620689655,0.010149790698534604,0.02413793103448276,0.014080459770114942,0.017600406313486482,0.002953586497890296,0.01196074050881742,0.02390998593530239,0.013017659009220191,63,0.08860759493670886,65679,11.77391663015337,20.458836662601286,176.41936923089295,11.69603581501616,23.07853243985192,11.704689297849235,13.200294759929676,268.3316748362946,0.0,False
148,148000,0.021254901960784313,0.0037647058823529413,0.009963203439928504,0.03764705882352941,0.007874883286647991,0.017463235294117647,0.002205882352941177,0.009229089265248,0.022058823529411766,0.008919817927170868,0.019775227164036346,0.003156384505021521,0.009676719859565381,0.03156384505021521,0.008282662658559358,40,0.05738880918220947,65679,11.826454776542317,16.66711130399179,166.76731591171168,11.666840449377213,15.077701590884839,11.696757675913606,13.19254458525404,246.89472629367546,0.0,False
149,149000,0.01515151515151515,0.0022113022113022115,0.006943840509944292,0.022113022113022112,0.005681330681330682,0.014417531718569783,0.002422145328719723,0.006636812702662535,0.02422145328719723,0.0055363321799307965,0.014846743295019156,0.0022988505747126436,0.00681635338881724,0.022988505747126436,0.005621122970260901,47,0.06752873563218391,65679,11.742808047006392,17.835995286499816,167.17539650520226,11.662518312340053,14.986257416124694,11.688438209860042,12.446355835325773,247.537769612359,0.0,False
150,150000,0.029558232931726904,0.004337349397590362,0.01952763118808722,0.03855421686746988,0.018500669344042837,0.042555147058823524,0.006617647058823529,0.022185496613441904,0.0661764705882353,0.02012284080298786,0.034704027171276075,0.005240174672489083,0.020579944718940892,0.049490538573508006,0.019142926457336937,45,0.06550218340611354,65679,11.748045477419367,17.22614424806007,168.80216037765823,11.719255855649479,15.519190261700789,11.7070819391496,13.564632346481364,250.28651050611893,0.0,False
151,151000,0.02967767295597484,0.0037735849056603774,0.01474367279098264,0.03773584905660377,0.01132730607966457,0.021901323706377856,0.0032490974729241884,0.009269208404764579,0.032490974729241874,0.006703054266231162,0.026604850213980027,0.003566333808844508,0.01258043936019462,0.03566333808844508,0.009500033965083894,54,0.07703281027104136,65679,11.796031634855876,18.931933516840026,173.43384105437954,11.694787342961256,15.332840568808848,11.756536718268705,13.590215881750801,256.53618671786506,0.0,False
152,152000,0.022939068100358423,0.002795698924731183,0.013230208329897554,0.025806451612903226,0.011209250725379757,0.03552027500735011,0.006920415224913495,0.02604153365988919,0.05536332179930796,0.0316073488218817,0.027761307883011736,0.004376657824933686,0.018140650001472598,0.03713527851458886,0.019027619889688856,38,0.050397877984084884,65679,12.057311414029325,17.458553257576614,176.3278471674373,11.67547312530548,15.451410821681888,11.76635940749321,13.035069156480672,257.7720243500045,0.0,False
153,153000,0.027234753550543025,0.003508771929824562,0.013416603545868815,0.03508771929824561,0.011605402394876079,0.024774774774774775,0.004204204204204204,0.021352182785687287,0.036036036036036036,0.024524524524524523,0.026115664845173043,0.0038251366120218584,0.01702664164267148,0.03551912568306011,0.017482544019429266,52,0.07103825136612021,65679,11.770816684929242,19.199033604096194,158.3027756369218,11.663993297279795,14.977745291425148,11.76965766110788,12.374368257586642,240.05839043334672,0.0,False
154,154000,0.01537467700258398,0.0020671834625323,0.006733952806260819,0.020671834625323,0.004761904761904762,0.021930000669209665,0.003754266211604096,0.008778044484106573,0.03754266211604096,0.007389349368871553,0.018199250288350635,0.002794117647058824,0.007614715838038475,0.027941176470588237,0.005894024276377217,60,0.08823529411764706,65679,11.727443773236478,19.72633871664964,168.66872845550108,11.699781595320147,15.356650750003586,11.744447985351236,13.345062486132264,252.2684537621944,0.0,False
155,155000,0.03222090573986308,0.005213270142180095,0.014744827842659968,0.04976303317535545,0.015520386669675769,0.015123456790123455,0.0029629629629629632,0.009541728569109271,0.02962962962962963,0.010987654320987654,0.025549935773924216,0.004335260115606936,0.012714716854424869,0.04190751445086705,0.013751835030736764,57,0.08236994219653179,65679,11.76411970254393,20.508211066437575,168.72120694215454,11.993039970646658,15.247042321232806,11.722988527473888,13.185469388762861,253.14207791925227,0.0,False
156,156000,0.02164705882352941,0.0032941176470588237,0.011052841819923857,0.03058823529411765,0.011411764705882352,0.022528543581175158,0.0035087719298245615,0.011807910135653146,0.03508771929824561,0.010121136173767753,0.02200089425441538,0.003380281690140845,0.0113559326227166,0.0323943661971831,0.010893695506371563,35,0.04929577464788732,65679,11.824388825520948,17.18566463760479,161.19125997841184,11.66503847929018,14.978728909896544,11.678951986393571,12.413867992076833,240.9379008091947,0.0,False
157,157000,0.018187033849684453,0.003132530120481928,0.010110148599988851,0.02891566265060241,0.010016255498183208,0.028187781877818778,0.004428044280442805,0.015373911756036897,0.04059040590405904,0.014676682481110526,0.022137766671294367,0.0036443148688046646,0.012189565240351856,0.033527696793002916,0.011857327965199687,55,0.08017492711370262,65679,11.719637090894242,18.93821330110901,166.20770589993035,11.668238771279926,15.35853258139569,11.723262931237489,13.331182695287824,248.9467732711345,0.0,False
158,158000,0.026488785769528223,0.004176334106728539,0.012521901273243834,0.037122969837587005,0.011347733215482636,0.03423708920187793,0.005633802816901409,0.0167938130461375,0.0528169014084507,0.014493907891795216,0.029566433566433566,0.004755244755244756,0.01421871657884076,0.043356643356643354,0.012597402597402598,57,0.07972027972027972,65679,11.82016173227607,20.783549313584114,178.4175399106788,11.776933576047865,15.79500658482197,11.760929763016126,12.795439057036727,263.1495599374617,0.0,False
159,159000,0.025728749443702716,0.004205607476635515,0.016282960956320532,0.035046728971962614,0.01622162883845127,0.027878058563979142,0.003971119133574007,0.013077018649183633,0.036101083032490974,0.010182797547418486,0.02657322976471912,0.004113475177304964,0.01502332121294901,0.03546099290780142,0.013848924912754699,55,0.07801418439716312,65679,11.862196524679847,20.37682311007566,163.19209625710596,11.664794708356185,15.310625086216445,11.67880095530316,12.907897186525963,246.99323382826321,0.0,False
160,160000,0.01965016965016965,0.0036855036855036856,0.01196192984411732,0.03194103194103194,0.013724113724113723,0.0325405448911425,0.005577689243027889,0.01596701978395377,0.05179282868525897,0.01423512300006324,0.02456731886823072,0.0044072948328267485,0.013489707313568609,0.03951367781155015,0.013919042794422732,40,0.060790273556231005,65679,11.744451234613207,17.263653263766,163.07516866558015,11.684274623086077,14.934815399963997,11.697606847944908,13.246174482603458,243.64614451755781,0.0,False
161,161000,0.02841781874039939,0.003686635944700461,0.014771382532972784,0.03686635944700461,0.011689891010167508,0.022595553634879476,0.005243445692883895,0.014153802477320185,0.03745318352059925,0.015271089709291957,0.02620020849336113,0.0042796005706134095,0.014536155892660026,0.037089871611982884,0.013053913909834023,41,0.05848787446504993,65679,11.758387145385797,17.622976705260196,166.04802095929878,11.701431110615335,15.555855720272849,11.747150841082131,13.48221719378595,247.91603967570106,0.0,False
162,162000,0.036131996658312446,0.004511278195488722,0.01602314460659953,0.045112781954887216,0.011719775629550065,0.024265450861195543,0.004609929078014185,0.013373398709082928,0.0425531914893617,0.016710289316672296,0.03121809663659884,0.004552129221732745,0.014925893001460497,0.04405286343612335,0.013786331958138125,56,0.08223201174743025,65679,11.754509601856478,20.638000629492893,173.32333577306514,11.861511864198759,15.379246079347265,11.694764602006302,13.510086179092939,258.16145472905976,0.0,False
163,163000,0.026604938271604938,0.004197530864197531,0.014163604627499984,0.037037037037037035,0.01154320987654321,0.01769406392694064,0.003424657534246575,0.010866310952010183,0.03424657534246575,0.01124836921069798,0.022871831659493067,0.0038737446197991392,0.012782241997309136,0.035868005738880916,0.011419689827150373,48,0.06886657101865136,65679,11.782558126852138,18.862310635761602,169.6852128903123,11.679501899501677,15.207861476768114,11.691616869272114,12.694421608755446,251.60348350722336,0.0,False
164,164000,0.024403387220939182,0.003926096997690531,0.015560803886882897,0.03464203233256351,0.014337952270977674,0.03132183908045977,0.0037931034482758625,0.014030301095419946,0.03793103448275862,0.00996168582375479,0.02717842323651452,0.0038727524204702625,0.014946909267900522,0.035961272475795295,0.012582603350238204,53,0.07330567081604426,65679,11.793527825293415,19.357335183579906,165.8464212316857,11.672842555231211,15.331939241948477,11.714225716302762,12.912380800415846,248.6286725544573,0.0,False
165,165000,0.025378787878787883,0.0029545454545454545,0.013103449625262529,0.029545454545454545,0.011117424242424243,0.02901023890784983,0.003754266211604096,0.01443449738006094,0.03754266211604096,0.011327807573541362,0.026830377444292862,0.0032742155525238748,0.013635505549076901,0.03274215552523874,0.011201520171506529,49,0.06684856753069578,65679,11.79541176399984,17.932425277214502,170.39713473367135,11.956941484814188,15.930867400627823,12.132979056195259,13.242810453527321,253.3885701700503,0.0,False
166,166000,0.02270642201834862,0.0034403669724770644,0.010322191235415173,0.03211009174311927,0.008475316732197466,0.015644955300127713,0.0022988505747126436,0.010285891121306843,0.022988505747126436,0.009706257982120051,0.020062171209947393,0.0030129124820659973,0.010308598222815065,0.028694404591104734,0.008936257429801189,44,0.06312769010043041,65679,12.590379894553138,19.097900901106357,202.52244860027858,12.236501798511268,15.603308851343256,12.044865833185646,14.042179971647528,288.1375858506258,0.0,False
167,167000,0.025243392331999927,0.004303797468354431,0.013802269936532552,0.04050632911392405,0.014528832630098453,0.02301255230125523,0.0037656903765690376,0.014384305045449434,0.03765690376569038,0.01520721259214983,0.024402428976561467,0.004100946372239748,0.014021680647938127,0.03943217665615142,0.0147845626157929,37,0.0583596214511041,65679,12.126078960422726,17.685825650051722,158.71587100570878,11.665750566630662,14.707411652305213,11.676839085282554,12.24399263651671,238.82176955691835,0.0,False
168,168000,0.028158295281582955,0.0031963470319634705,0.014464849447892343,0.0319634703196347,0.011275096035370007,0.019398766700924972,0.003956834532374101,0.0136574279799265,0.039568345323741004,0.01613709032773781,0.02475724926842245,0.0034916201117318434,0.01415135340306762,0.034916201117318434,0.013162853595814488,46,0.06424581005586592,65679,11.730343858290526,17.37726532945877,168.822531847225,11.667035232941492,15.8335576487742,12.36657532081159,13.332695780896021,251.13000501839758,0.0,False
169,169000,0.03028293545534925,0.004774535809018568,0.019269388357446657,0.04509283819628647,0.01833080712391057,0.01706896551724138,0.003103448275862069,0.01103837442300013,0.03103448275862069,0.012977558839627805,0.024537731134432784,0.004047976011994003,0.015690686646817734,0.038980509745127435,0.016003307869874587,51,0.07646176911544228,65679,11.73776985318592,18.418881465018245,199.67358326932612,11.796501698191353,17.095176658356305,11.814437006714417,13.728515937609654,284.26486588840197,0.0,False
170,170000,0.015319031903190318,0.003217821782178218,0.008110692996506288,0.024752475247524754,0.0072842998585572845,0.018835616438356163,0.003424657534246575,0.011407606253262259,0.030821917808219176,0.010677592954990215,0.016794380587484038,0.0033045977011494252,0.00949388074215678,0.027298850574712645,0.008707922824302133,36,0.05172413793103448,65679,12.523929801756816,18.249057679879666,206.0784085883005,12.679140214882922,15.486940629846902,11.694308029566724,14.283514191082425,290.995299135316,0.0,False
171,171000,0.019310344827586208,0.0025287356321839084,0.007120538625855862,0.022988505747126436,0.004310344827586207,0.025828706040720174,0.0035335689045936395,0.017480781026976408,0.0353356890459364,0.019173817937068818,0.021879559623292213,0.002924791086350975,0.011204032497049612,0.027855153203342618,0.010168788964053587,51,0.07103064066852367,65679,11.72926699038318,19.877347611073347,186.68169033332626,11.71443727196464,15.598727684709711,11.70737874713751,12.883315705786158,270.1921643443808,0.0,False
172,172000,0.02014525993883792,0.003211009174311927,0.011450333136644493,0.03211009174311927,0.01118119266055046,0.019672131147540985,0.002295081967213115,0.010103063519150848,0.022950819672131147,0.007462919594067135,0.01995051731893837,0.002834008097165992,0.010895788962102576,0.02834008097165992,0.009650729387571494,44,0.059379217273954114,65679,11.987852859149385,19.17134963098921,173.1830789597974,18.994682161453667,15.349937326734898,11.677763769785132,12.837343747303109,263.2020084552128,0.0,False
173,173000,0.020833333333333336,0.00327455919395466,0.010852366635444222,0.030226700251889168,0.009424853064651554,0.02046037200676376,0.0030927835051546395,0.012380839073835744,0.030927835051546393,0.012665684830633284,0.02067558370247324,0.0031976744186046516,0.011498857158077845,0.030523255813953487,0.010795611849390919,45,0.06540697674418605,65679,11.757647608745536,16.892391999978607,168.4749948241554,11.687172443070049,15.326691586901864,11.71347153053337,13.724205033489866,249.5765750268747,0.0,False
174,174000,0.03497942386831276,0.0049382716049382715,0.017501910788893536,0.04691358024691358,0.013503821281599057,0.01475826972010178,0.002290076335877863,0.010054892522807102,0.022900763358778626,0.011673027989821883,0.027036481759120438,0.0038980509745127436,0.01457669521810696,0.037481259370314844,0.012784679089026914,46,0.06896551724137931,65679,11.742474619116926,18.511488533025368,173.13820990889906,11.66684974163168,15.096185232314763,11.689620666582856,13.655495949664587,255.50032465123525,0.0,False
175,175000,0.02020785219399538,0.002771362586605081,0.008317932863724243,0.02771362586605081,0.005269621320429635,0.026182432432432432,0.0037162162162162164,0.009710936528550129,0.033783783783783786,0.005042095667095667,0.02263374485596708,0.003155006858710562,0.00888354203353009,0.03017832647462277,0.005177237790406515,44,0.06035665294924554,65679,11.756621517700072,18.285345529285568,173.78294219326517,11.663555128195446,15.381384091094075,11.682812534261068,12.737568352523542,255.29022934632494,0.0,False
176,176000,0.02889944576405384,0.0035629453681710215,0.013420199740921308,0.035629453681710214,0.00914677826791841,0.011643026004728132,0.0021276595744680856,0.007338199193527857,0.02127659574468085,0.008540189125295508,0.02197724039829303,0.00298719772403983,0.010980478326461917,0.029871977240398292,0.008903452324504957,48,0.06827880512091039,65679,11.726056115900219,18.989803488911328,161.05882124695103,11.70596294893661,16.02428579096371,11.720870787580717,13.28759109117672,244.51339147042034,0.0,False
177,177000,0.0182648401826484,0.0025114155251141556,0.011079029992238074,0.02511415525114155,0.009646118721461188,0.03083891120035698,0.00602409638554217,0.019712937721848595,0.05220883534136546,0.0239051443870721,0.022822254568979457,0.0037845705967976717,0.014208350261048875,0.034934497816593885,0.014814237194149857,31,0.04512372634643377,65679,11.843306560066491,16.517954575884232,178.45098486484605,11.769727599787727,15.267578752517498,11.878430213767277,12.221027054289124,257.9490096211584,0.0,False
178,178000,0.015509259259259259,0.0030092592592592593,0.01099886404497307,0.027777777777777776,0.012724132863021752,0.019105528973950025,0.0037878787878787876,0.009384221122245243,0.026515151515151516,0.008680555555555554,0.01687336156483162,0.0033045977011494257,0.010386413281179757,0.027298850574712645,0.011190362160189746,42,0.0603448275862069,65679,11.763009909744603,17.79504726346498,170.73220891655055,11.712461134960606,15.201686125239366,11.705460823983882,12.853621740555043,251.76349591449903,0.0,False
179,179000,0.01640566741237882,0.0026845637583892616,0.009419919283782389,0.024608501118568233,0.010286388977664146,0.012110726643598616,0.0013840830449826991,0.004286079284786258,0.01384083044982699,0.0021914648212226066,0.014719202898550722,0.002173913043478261,0.007404050045046136,0.020380434782608696,0.007107811421670117,43,0.058423913043478264,65679,11.739284325178179,18.883116301667002,159.63657258968865,11.668893781673074,15.233558075714026,11.684822814841954,12.762705353219772,241.60895324198265,0.0,False
180,180000,0.015538138332255978,0.0029411764705882357,0.010170862771508372,0.029411764705882353,0.012917474682180565,0.034523809523809526,0.005603448275862069,0.01867398583947372,0.05172413793103448,0.016964285714285713,0.022073265507983608,0.003857566765578635,0.01309775379787033,0.037091988130563795,0.014310442277801328,34,0.050445103857566766,65679,11.78323735392256,15.722181064811714,151.22306080114083,11.72035103196717,15.140779623168399,11.689202245562802,12.403205987922272,229.68201810849575,0.0,False
181,181000,0.02437714776632302,0.0030927835051546395,0.013498309188564211,0.030927835051546393,0.011118270332187858,0.03679738562091503,0.006666666666666666,0.019174933214138275,0.058823529411764705,0.01967320261437908,0.029302747537584238,0.004510108864696735,0.01574953644598472,0.041990668740279936,0.014510972870226369,41,0.06376360808709176,65679,11.735943704641038,18.314602696328784,165.23510151743997,11.721977837941822,15.333709977714827,11.722582750818555,13.797723626043922,247.86164211092893,0.0,False
182,182000,0.01938449240607514,0.0031175059952038378,0.01042106131986198,0.03117505995203837,0.009718891553423929,0.03462962962962963,0.005185185185185185,0.014469923153973536,0.05185185185185185,0.01340975896531452,0.02537603105288695,0.003930131004366812,0.012012317062525911,0.039301310043668124,0.011169450798271759,41,0.05967976710334789,65679,11.789209556113677,17.321360331203074,174.92596181960946,11.678647285726097,15.181628724943163,11.692466547523484,13.069707090071493,255.65898135519043,0.0,False
183,183000,0.022975077881619933,0.0032710280373831773,0.013807956711395172,0.03271028037383177,0.015587449933244324,0.03174050107848018,0.005923344947735191,0.015068809888524081,0.05226480836236934,0.011727780543111552,0.026493506493506493,0.004335664335664336,0.014314061413263699,0.04055944055944056,0.01403818403818404,38,0.05314685314685315,65679,11.800898871490439,17.16548572178178,166.72762804002122,11.67862495073113,15.289522511820197,11.691753735304511,12.042668273648527,246.39658210479777,0.0,False
184,184000,0.017076502732240435,0.003278688524590164,0.010587234211621414,0.02810304449648712,0.010469871008512694,0.02218430034129693,0.005802047781569966,0.014708770764027816,0.040955631399317405,0.01886071834877296,0.019155092592592595,0.0043055555555555555,0.01226447061419791,0.03333333333333333,0.013884479717813052,41,0.05694444444444444,65679,11.84332206997929,17.437515813345517,169.0890556642899,11.668100172293471,15.574091485913433,11.684547557150315,12.966289492127858,250.2629222550998,0.0,False
185,185000,0.021342925659472423,0.0028776978417266188,0.010171402952864651,0.02877697841726619,0.007067679189981348,0.03158212560386473,0.005434782608695652,0.01641035250495624,0.05434782608695652,0.01812025534851622,0.02542087542087542,0.0038961038961038965,0.01265617939785351,0.03896103896103896,0.011469570993380517,38,0.05483405483405483,65679,11.74555627538043,17.386566500646182,176.3558174585206,11.749022011453558,15.790842070727285,11.808958609631215,13.162244318000448,257.9990072443597,0.0,False
186,186000,0.030686517783291976,0.003970223325062035,0.018893297741325737,0.03970223325062035,0.016784828075150655,0.03258145363408521,0.006390977443609024,0.0195905571487875,0.05263157894736842,0.01992481203007519,0.03143996013951171,0.004932735426008968,0.019170533918283626,0.04484304932735426,0.018033311979500317,58,0.08669656203288491,65679,11.901789205175096,22.068462346959418,176.24690406199684,11.68070525861542,15.26351961746164,11.708467993518102,12.977488516779934,261.84733700050646,0.0,False
187,187000,0.03352443352443353,0.004422604422604423,0.01570472271366962,0.044226044226044224,0.012738387738387738,0.0401378896882494,0.00683453237410072,0.023068470376908696,0.05755395683453238,0.02061350919264588,0.03620843471208435,0.005401459854014599,0.018693221765319932,0.049635036496350364,0.015934422430772796,37,0.05401459854014599,65679,11.760618497724806,17.19481947502072,163.22644187958397,11.821292814379047,15.804738430338915,11.952473734533342,19.335611141514665,251.09599597309546,0.0,False
188,188000,0.028919012860618702,0.00559610705596107,0.015353632859462013,0.0535279805352798,0.017531765341984317,0.02385496183206107,0.0030534351145038168,0.012505380936548037,0.030534351145038167,0.010829395371380104,0.026947569518149014,0.004606240713224369,0.014244803730482127,0.04457652303120357,0.014922521757588621,36,0.05349182763744428,65679,12.304359836949608,18.71213531431937,162.57647356602428,11.709303830910455,15.161972907039301,11.696553739955206,12.897528705806128,245.05832790100433,0.0,False
189,189000,0.023827160493827156,0.004197530864197531,0.012446305931931348,0.037037037037037035,0.013054085831863611,0.009562841530054643,0.0020491803278688526,0.003866904669786718,0.020491803278688523,0.0030900338277387463,0.018464304057524396,0.0033898305084745766,0.009220768323359253,0.030816640986132512,0.009307970748648715,27,0.04160246533127889,65679,11.776901893412184,15.461206880520994,160.60469646069637,11.746971320850118,14.962606492897878,11.726782165537298,13.861406731853487,240.14057194576836,0.0,False
190,190000,0.02261904761904762,0.003246753246753247,0.012760141307076329,0.025974025974025976,0.011624750910465196,0.03859060402684564,0.0050335570469798654,0.02184251465174316,0.0436241610738255,0.02011025886864813,0.02888157894736842,0.003947368421052632,0.016321387697485167,0.03289473684210526,0.014951963241436925,43,0.056578947368421055,65679,11.746230659720469,17.77937904705318,169.90941977546026,11.673653882035563,15.607613338776416,11.690379586613842,12.725833306581613,251.13250959624133,0.0,False
191,191000,0.011507936507936507,0.0026190476190476194,0.008743679955450284,0.02142857142857143,0.012380952380952381,0.014590347923681257,0.0023569023569023568,0.00976947326391521,0.02356902356902357,0.010619421730532841,0.012784751278475127,0.002510460251046025,0.009168590154354167,0.022315202231520222,0.011651280688937593,45,0.06276150627615062,65679,11.720669293342755,17.006891899873366,155.42968589971755,11.659662569662999,15.219543757091781,11.67918307151683,13.145487803865874,235.86112429507116,0.0,False
192,192000,0.035209320695102686,0.006161137440758294,0.020593212815420352,0.05924170616113744,0.02265854208982171,0.03421985815602836,0.005319148936170213,0.022237637836484633,0.05319148936170213,0.022409377462568953,0.034812973484848485,0.005823863636363636,0.021251917156244395,0.056818181818181816,0.02255873466810967,46,0.06534090909090909,65679,11.739970917343246,16.9719041133512,170.63749600536997,11.694819568822123,15.74536555676298,11.708591732752238,13.50351625711843,252.00166415152017,0.0,False
193,193000,0.022460496613995483,0.003611738148984199,0.011677909157567133,0.033860045146726865,0.010348812211114692,0.026792750197005517,0.0039007092198581565,0.014950198567397406,0.03546099290780142,0.01306146572104019,0.0241455938697318,0.003724137931034483,0.012950716900425251,0.034482758620689655,0.011403940886699507,28,0.038620689655172416,65679,11.73560268135504,16.094706888944433,187.0662873378337,11.722183405199482,15.580497751827016,11.70470694598913,12.05037909612211,265.9543641072709,0.0,False
194,194000,0.031335830212234704,0.0044943820224719105,0.01820389066473216,0.0449438202247191,0.01910023185304084,0.0368,0.005199999999999999,0.018109624855332882,0.052,0.017355555555555555,0.03330135891286971,0.004748201438848921,0.018169982100200047,0.04748201438848921,0.018472650451067715,34,0.04892086330935252,65679,11.901855477218504,17.022704030464354,173.95081512497356,11.671951007249938,15.511796445780156,11.692368284327292,12.971321180839379,254.72281155085318,0.0,False
195,195000,0.022585612219758563,0.004212860310421286,0.013753412933101429,0.04212860310421286,0.0158008658008658,0.026595744680851064,0.0035460992907801418,0.014812355432979462,0.03546099290780142,0.01543538219070134,0.024128391693193873,0.003956343792633016,0.014160809638375108,0.03956343792633015,0.01566025682669612,51,0.06957708049113233,65679,11.786626081547457,20.960025870285502,170.23015449391804,11.671610270713728,15.414275946458444,11.711538734256177,12.831297670913566,254.6055290680929,0.0,False
196,196000,0.022909745293466222,0.0032558139534883722,0.01407348211555211,0.03255813953488372,0.014285714285714285,0.030035335689045935,0.0038869257950530037,0.019013431466250785,0.038869257950530034,0.017328509731336584,0.025737995057770652,0.0035063113604488078,0.016034219375366587,0.03506311360448808,0.015493443754313321,49,0.06872370266479663,65679,11.747595342712081,18.854749814153916,175.5246504076824,11.678109132162717,15.329787402894313,11.677317278420418,12.585980856696931,257.3981902347228,0.0,False
197,197000,0.019052739375320024,0.0034408602150537634,0.013148463535877111,0.034408602150537634,0.016057347670250896,0.022822299651567946,0.004181184668989547,0.013802093328626105,0.03832752613240418,0.014497262319561971,0.020491388044579534,0.0037234042553191487,0.01339792065092892,0.03590425531914894,0.015461942755825736,41,0.05452127659574468,65679,11.810415564077193,17.927496341434146,184.08638216708266,11.681949046181417,15.56023924317862,11.727024947977283,12.751885606405999,265.5453929163373,0.0,False
198,198000,0.021790557764861832,0.0032119914346895075,0.009098508766287882,0.029978586723768737,0.0073162027123483235,0.012075471698113209,0.0018867924528301887,0.004829941437647551,0.018867924528301886,0.0037526205450733752,0.018273484257090813,0.00273224043715847,0.007553194091301969,0.025956284153005466,0.006026108075288404,35,0.04781420765027322,65679,11.781262548429815,17.247694576560946,183.20470772503066,11.706912409002735,15.792421543765755,11.701312594571133,12.706513969208688,264.14082536656974,0.0,False
199,199000,0.03031820204717401,0.00397196261682243,0.015324901783127395,0.0397196261682243,0.011710985017059784,0.028592375366568914,0.004032258064516129,0.015477243900699223,0.04032258064516129,0.017114695340501793,0.02968505853121238,0.003994082840236687,0.015380790607325343,0.03994082840236687,0.013693411289565138,39,0.057692307692307696,65679,11.876759984742746,18.095753617844434,189.9864344644467,11.847682198085074,16.08930272586212,11.877786188087269,13.338501106782697,273.11222028585104,0.0,False
200,200000,0.026088588588588587,0.003603603603603604,0.014834053211424593,0.036036036036036036,0.013713713713713714,0.012757201646090533,0.0037037037037037034,0.00954192934058162,0.024691358024691357,0.011796982167352536,0.021373119844735566,0.00363901018922853,0.01296216660208712,0.03202328966521106,0.013035743166747533,40,0.05822416302765648,65679,11.802014209076617,17.20619547505159,172.7852211843642,11.748092155490497,15.554432528409878,11.83768627052717,13.090899131228129,254.02454095414808,0.0,False
201,201000,0.01672525833599659,0.002684563758389262,0.010346143415571902,0.026845637583892617,0.010709846951457689,0.019813519813519812,0.002797202797202797,0.013128110752130773,0.024475524475524476,0.013762626262626261,0.01793022802572598,0.002728512960436562,0.011431604068035527,0.02592087312414734,0.011900972303427964,39,0.05320600272851296,65679,11.868961071137551,18.94637423888179,170.38041655116632,11.70147576030206,15.734277445181299,11.724489965753149,12.577510565291162,252.93350559771335,761.6555662585123,True
202,202000,0.026095684175309466,0.003747072599531616,0.01284384594523468,0.03747072599531616,0.009708746886732835,0.03145695364238411,0.0033112582781456954,0.017878941366782728,0.033112582781456956,0.014058393776936821,0.028316676464824612,0.0035665294924554186,0.01492971537912701,0.03566529492455418,0.011510658218477148,34,0.04663923182441701,65679,11.81711735762786,18.365559945936194,189.3573011411062,11.73922103453462,16.142274934849432,11.725994497037428,12.227946855819516,271.37541576691126,0.0,False
203,203000,0.025138140991799528,0.003991130820399113,0.012020507974113533,0.037694013303769404,0.0108577059796572,0.040005931198102015,0.006405693950177936,0.026733875267123175,0.06405693950177936,0.03571428571428571,0.030845585046404715,0.004918032786885246,0.017668672194517506,0.04781420765027322,0.020399644375054208,36,0.04918032786885246,65679,11.834327843601722,16.16376654688806,191.2991560644589,11.698548857526358,15.253029442829913,11.708694224697725,12.4300287078008,270.3875516878035,0.0,False
204,204000,0.02048857368006304,0.003073286052009456,0.011063135578923224,0.030732860520094562,0.0120858193553229,0.04454022988505747,0.005517241379310345,0.027935968330919016,0.05517241379310345,0.025779967159277502,0.030271154745208046,0.004067321178120618,0.017925858577631192,0.04067321178120617,0.017655669093256752,42,0.05890603085553997,65679,11.767184133600061,18.522472412477175,181.84273720039945,11.666756778161425,15.670144981050349,11.694006537631141,12.084390515303134,263.2476925586227,0.0,False
205,205000,0.03154761904761905,0.004285714285714286,0.016184452637200347,0.04285714285714286,0.015045351473922905,0.02317224287484511,0.0044609665427509295,0.010168763324776354,0.03717472118959108,0.007532306602938573,0.028277697145621675,0.0043541364296081275,0.013835801802596493,0.040638606676342524,0.012112101734743244,37,0.05370101596516691,65679,11.705421822758023,15.897213141095879,176.38617175511072,11.674143783418911,15.15494887586316,11.682496910331297,14.283844580582905,256.7842408691609,0.0,False
206,206000,0.02083333333333333,0.0034999999999999996,0.015852093536755624,0.0325,0.020770833333333336,0.030331982242810265,0.005414012738853504,0.01828350443767266,0.041401273885350316,0.020364472753007786,0.02501061030472795,0.0043417366946778705,0.016921369479175722,0.036414565826330535,0.020592125739184564,48,0.06722689075630252,65679,11.732623414500987,18.41982947645843,192.18583485309387,11.773392604885746,16.26054218610562,11.81759181999309,14.429347171343586,276.61916152638133,0.0,False
207,207000,0.012702210070631123,0.00215311004784689,0.007705732410270362,0.0215311004784689,0.006987164881901725,0.03977777777777778,0.005666666666666667,0.020700577907519637,0.056666666666666664,0.01822089947089947,0.02401512136888181,0.0036211699164345407,0.013135333592965044,0.036211699164345405,0.011680925852235046,48,0.06685236768802229,65679,11.740029905699112,19.293662949754207,187.20754043474037,11.670569567592825,15.25658868122698,11.695625796920295,12.918411388881946,269.78242872481576,0.0,False
208,208000,0.026868460388639763,0.004260089686098655,0.012617081414137697,0.03811659192825112,0.010910918926613994,0.016795486851457004,0.004477611940298508,0.01175976002003085,0.03731343283582089,0.013033049040511727,0.0230875683606776,0.004341736694677872,0.012295285708786666,0.037815126050420166,0.011707460762082612,36,0.05042016806722689,65679,11.732534023464748,17.03822849305481,171.81100430858908,11.681328685404779,15.692290708003986,11.695793066306138,12.42762734994518,252.07880663476874,0.0,False
209,209000,0.017704396260194946,0.002188183807439825,0.01104912198513788,0.02188183807439825,0.009399638776006391,0.03360655737704918,0.005245901639344262,0.021315396753097335,0.05245901639344262,0.020441061670569867,0.024069434502505368,0.003412073490813649,0.015158326452628214,0.03412073490813648,0.013819105945090197,36,0.047244094488188976,65679,11.743657516744,17.609265932146123,177.75980753614863,11.819718310407401,15.806019127151405,11.76870879327635,13.05508391417909,259.562261130053,0.0,False
210,210000,0.020785219399538105,0.0023094688221709007,0.011522451905705148,0.023094688221709007,0.00922504490633821,0.023428232502965596,0.0032028469750889684,0.013416413491331297,0.03202846975088968,0.011348359035191775,0.021825396825396824,0.0026610644257703086,0.012267834546546813,0.02661064425770308,0.010060690943043885,37,0.05182072829131653,65679,11.883914092999937,17.780807424219724,193.8907190895886,11.940080578018431,15.767370031366523,11.719043541830176,12.381554488134771,275.36348924615817,0.0,False
211,211000,0.01895579168306441,0.0030303030303030303,0.014164161748782838,0.02813852813852814,0.012971552257266546,0.02945511010728402,0.0052173913043478265,0.016284823004918684,0.04782608695652174,0.013052104899930988,0.022445449540825266,0.0037572254335260123,0.014869005807903133,0.03468208092485549,0.012998325534452702,23,0.033236994219653176,65679,11.786061344151722,15.359205143485044,169.5110409356826,11.656047285750482,14.93208483855507,11.675123479083782,12.126694771331936,247.0462577980406,0.0,False
212,212000,0.01825221238938053,0.0022123893805309734,0.010853971889182783,0.022123893805309734,0.008837266470009833,0.012698412698412698,0.001984126984126984,0.005793254072236944,0.01984126984126984,0.003979276895943563,0.016264204545454543,0.002130681818181818,0.009042464943344215,0.02130681818181818,0.0070983270202020195,36,0.05113636363636364,65679,11.702453294300252,16.673674677773754,172.78495920209497,11.668456155279616,16.455307989035607,11.686138793418067,13.056649514439634,254.0276396263419,0.0,False
213,213000,0.013979665940450253,0.002178649237472767,0.009252437019617851,0.02178649237472767,0.009788359788359789,0.012484957882069794,0.002166064981949459,0.008303727346552605,0.021660649819494584,0.01086470689358776,0.013417119565217392,0.002173913043478261,0.008895381884510415,0.021739130434782608,0.010193452380952381,42,0.057065217391304345,65679,11.757727936573259,17.773988298448728,178.02194332228876,11.69689262325857,15.310251478696523,11.711716452145193,12.94145854722345,259.2139786586345,0.0,False
214,214000,0.024980205859065713,0.0040380047505938245,0.01491574149332595,0.040380047505938245,0.01590694868604607,0.02693194925028835,0.004152249134948097,0.012649462478740513,0.04152249134948097,0.010086779809963201,0.02577464788732394,0.004084507042253521,0.013993270176121456,0.04084507042253521,0.013537894030851776,40,0.056338028169014086,65679,11.833381657271048,17.79489217803437,182.92130281708646,11.680783218621926,15.312594166809468,11.677921776552525,12.574386006755645,263.7952618211314,0.0,False
215,215000,0.015334947538337368,0.002179176755447942,0.008767850590869758,0.021791767554479417,0.008716707021791767,0.02239583333333333,0.004861111111111111,0.014733532249764043,0.041666666666666664,0.015991512345679013,0.018235853542558248,0.0032810271041369475,0.011218801115493945,0.029957203994293864,0.011705500079251863,34,0.04850213980028531,65679,11.735079256600113,16.6888709561136,170.13595218947492,11.67186438837814,15.195638877411877,11.688217101284149,12.273711377193408,249.38933414645624,0.0,False
216,216000,0.02468060394889663,0.003658536585365854,0.015232144755477134,0.03170731707317073,0.014565427797135114,0.04591461510066161,0.007364341085271319,0.025218977166326935,0.06976744186046512,0.02466469792051187,0.032881763944638195,0.005089820359281438,0.019089334518949064,0.04640718562874251,0.01846604410227165,29,0.04341317365269461,65679,11.821419281458912,16.57316096536493,179.8320001866749,11.882039772523335,15.502295635905217,11.729830321320634,12.047279655223731,259.38802581847165,0.0,False
217,217000,0.04405637254901961,0.006372549019607843,0.021029065268142882,0.058823529411764705,0.01647506224712107,0.038794141735318206,0.006081081081081082,0.020463878997676998,0.057432432432432436,0.020104032604032606,0.04184384368416789,0.00625,0.020791430131697,0.05823863636363636,0.018000879329004328,37,0.052556818181818184,65679,11.876538085160703,17.526580165676265,190.00355366573933,11.822082162174507,16.003277858792075,11.856292874493079,12.9702884813232,272.05861329335914,0.0,False
218,218000,0.022951678774079293,0.0042394014962593525,0.012074586140273425,0.0399002493765586,0.013771127736215017,0.03288043478260869,0.005434782608695652,0.016980127855318602,0.05434782608695652,0.018567402806533243,0.02699944340975745,0.004726735598227475,0.014074482024102775,0.04579025110782865,0.015726477691027176,38,0.056129985228951254,65679,11.880329940539003,17.088350065162793,178.78413195218656,11.675077565276304,14.998448127689912,11.707591255724626,12.858879927281352,258.9928088338606,0.0,False
219,219000,0.015277777777777777,0.0026960784313725485,0.008256861006944182,0.024509803921568627,0.007776999688764394,0.02728937728937729,0.0057553956834532375,0.016385329685926316,0.050359712230215826,0.021527064063035287,0.020145452215423063,0.003935860058309038,0.011550905165482132,0.03498542274052478,0.013349183210699245,45,0.06559766763848396,65679,11.724858981342068,17.597684936587754,182.31397554616808,11.703768752736876,15.272296397229878,11.726441113205087,13.232582349614885,263.57160807688456,0.0,False
220,220000,0.03635204081632653,0.00510204081632653,0.020762011251018814,0.05102040816326531,0.020881924198250728,0.011422056384742951,0.0029850746268656717,0.006267207265656553,0.029850746268656716,0.007970563847429519,0.026228956228956227,0.004242424242424242,0.014876242359992924,0.04242424242424243,0.015639129389129387,39,0.05909090909090909,65679,11.849333100118209,16.88829860639618,186.11314058509382,11.670891321792498,15.086568715627635,11.7595097293699,12.559596570795028,265.9273386291933,0.0,False
221,221000,0.02979066022544283,0.0036231884057971015,0.017217407102804734,0.036231884057971016,0.01605225826240319,0.01864035087719298,0.002631578947368421,0.011752970598040193,0.02631578947368421,0.012033991228070175,0.025069637883008356,0.0032033426183844015,0.014903773819450388,0.03203342618384401,0.014350930715833222,39,0.054317548746518104,65679,11.766754293880687,17.908123016836807,181.6473446449307,11.740919381143799,15.410476827563969,11.726635756194314,13.245986282009458,263.4462402025598,0.0,False
222,222000,0.02378097521982414,0.0038369304556354917,0.013162673548909487,0.03357314148681055,0.012470023980815348,0.020292207792207792,0.0029220779220779226,0.011349772747445573,0.02922077922077922,0.011529839208410638,0.022298850574712644,0.0034482758620689655,0.012392503277391024,0.031724137931034485,0.012070607553366173,31,0.04275862068965517,65679,11.82129491272832,16.65910110897062,174.66671441643962,11.70940229721501,15.416956669428439,11.763617711463281,12.364199955629262,254.40128707187452,0.0,False
223,223000,0.026896551724137928,0.00367816091954023,0.015125416691950718,0.0367816091954023,0.012697500456121147,0.04038680318543799,0.006825938566552901,0.018969065365696213,0.05460750853242321,0.015396283655669321,0.03232600732600732,0.004945054945054946,0.016672379688389496,0.04395604395604396,0.013783686551543694,37,0.050824175824175824,65679,11.779941994430331,17.38698397532601,188.65877470974903,11.687329016983606,15.691125364251935,11.72018592045937,13.149900547904103,270.07424152910437,0.0,False
224,224000,0.012875101378751013,0.0024330900243309003,0.008460294688498965,0.024330900243309004,0.010786699107866992,0.04048514142499105,0.006766917293233083,0.0215553240968367,0.06390977443609022,0.018529955841985916,0.02372335935851445,0.00413589364844904,0.01360546133933772,0.03988183161004431,0.0138291013106375,48,0.07090103397341212,65679,11.748566319060016,17.462219073532957,176.12726312517952,11.664597647904895,15.33702042519347,11.702968911050938,13.097583589478933,257.1402190914007,0.0,False
225,225000,0.021704221704221704,0.002797202797202797,0.009573625202631848,0.027972027972027972,0.00786990786990787,0.025489267676767676,0.004166666666666667,0.01402136257016013,0.041666666666666664,0.014398448773448773,0.023146143979477313,0.0033189033189033193,0.011268001342642619,0.03318903318903319,0.010356971071256785,31,0.044733044733044736,65679,11.779239095587036,16.111094230060463,183.34176562546932,11.696019938611801,15.633628320362025,11.68030157404354,11.968861634542582,262.2109104186768,0.0,False
226,226000,0.026044808272296424,0.004502369668246446,0.014284444059758272,0.04028436018957346,0.01263164823591364,0.025571600481347774,0.003249097472924188,0.013969514401955343,0.032490974729241874,0.011020858403529885,0.025857285299345386,0.0040057224606580835,0.014159643608812047,0.03719599427753934,0.011993323795898903,31,0.044349070100143065,65679,11.709134539801546,15.753721012201627,179.471813630476,11.667250743217783,15.239510931276678,11.687335866643334,13.304788900318776,258.8335556239357,0.0,False
227,227000,0.027443609022556388,0.004761904761904762,0.017549176737284945,0.03759398496240601,0.01740462266778056,0.021379310344827585,0.00413793103448276,0.011530577402142934,0.041379310344827586,0.011594143404488232,0.024891146589259793,0.004499274310595066,0.015015949150650429,0.03918722786647315,0.01495899278918147,31,0.04499274310595065,65679,11.797021894834058,14.917403320047207,179.18452040228266,11.706284418329382,15.24579926262537,11.702199429280968,13.835188301204726,258.38841702860435,0.0,False
228,228000,0.024154589371980676,0.0026570048309178746,0.01556978626263814,0.026570048309178744,0.013911893259719347,0.03790238836967809,0.004984423676012461,0.023604945362507658,0.04672897196261682,0.021698066557879644,0.030158730158730156,0.0036734693877551023,0.019079019012377074,0.03537414965986395,0.017312385271568944,30,0.04081632653061224,65679,11.781447187227123,16.036463156419988,191.92857435098438,11.710860055830219,15.79336091413197,11.781385133691202,13.505421985721133,272.53751278400597,0.0,False
229,229000,0.03151986183074266,0.0038860103626943004,0.014369588318552009,0.03626943005181347,0.012300559256517806,0.025159744408945688,0.005431309904153355,0.014298806753923567,0.04153354632587859,0.014359247426340075,0.02867191225560324,0.004577968526466381,0.014337893569297785,0.03862660944206009,0.013222403887639938,33,0.04721030042918455,65679,11.811668702933764,15.472097339132295,191.01465135134416,11.703121285018547,16.0154510746649,11.705693142662065,12.3466312938747,270.0693141896304,0.0,False
230,230000,0.015906483075157775,0.002891566265060241,0.009618927896136767,0.02891566265060241,0.010856760374832661,0.028832116788321163,0.005474452554744526,0.018887693047396143,0.04744525547445255,0.02205422314911366,0.02104672057502246,0.003918722786647315,0.013304909973705807,0.036284470246734396,0.015309742668233232,29,0.0420899854862119,65679,11.760844321521969,16.51064599517138,184.6453388879357,11.70122433363785,15.578578261954412,11.877388609346507,12.783729973313285,264.85775038288114,0.0,False
231,231000,0.013014981273408239,0.0022471910112359553,0.006641015406806618,0.020224719101123594,0.005071339397182094,0.04424242424242424,0.006909090909090909,0.02213085047665615,0.06545454545454546,0.02072150072150072,0.024942129629629627,0.0040277777777777786,0.012557271857096368,0.0375,0.011048831569664904,26,0.03611111111111111,65679,11.782951340223724,15.95585568715807,163.62503024405783,11.692537855455265,15.487651371152989,11.710452461510812,12.070269795994015,242.32474875555272,0.0,False
232,232000,0.011230497897164564,0.002307692307692308,0.004823175101985956,0.023076923076923078,0.003916361416361416,0.02608077360637087,0.005119453924914676,0.017757161289609445,0.040955631399317405,0.01777994474240208,0.01760111397739509,0.0035139092240117136,0.010371722617320776,0.03074670571010249,0.009863696576727324,38,0.055636896046852125,65679,11.75407310824439,17.752906764131883,172.5467450996304,11.719732498763346,15.648416220787054,11.880503097402851,12.245847623847117,253.54822441280703,0.0,False
233,233000,0.026538736804437288,0.0038647342995169085,0.014815557171447828,0.03864734299516908,0.011782071926999465,0.0338963963963964,0.004054054054054054,0.01495860752484693,0.04054054054054054,0.009463481338481336,0.029606155451225878,0.003943661971830986,0.014875195065259287,0.03943661971830986,0.01081544824502571,35,0.04929577464788732,65679,11.711424974004958,16.93714455664602,178.8380271151996,11.721549555566979,15.251539212335352,11.690200862231325,12.289403303410163,258.4392895793944,0.0,False
234,234000,0.027862673186634063,0.003667481662591687,0.01466495776652716,0.03667481662591687,0.013089416695773664,0.019766743847011405,0.003678929765886288,0.011885981799738515,0.03678929765886288,0.013584965758878801,0.02444362958134144,0.0036723163841807906,0.013491350684507663,0.03672316384180791,0.013298695184288403,37,0.052259887005649715,65679,11.753625286992087,17.242613766198232,174.42172652124,11.681087324882933,15.763408887273233,11.70185696638959,12.606311838199435,255.17063059117552,0.0,False
235,235000,0.01930866243210899,0.002582159624413146,0.01069275419186401,0.025821596244131457,0.009607645875251508,0.020805739514348786,0.0033112582781456954,0.00956740374279579,0.033112582781456956,0.007324187953327027,0.019929702650290884,0.0028846153846153848,0.010225919252827467,0.028846153846153848,0.008660387231815801,37,0.050824175824175824,65679,11.754799103445846,17.53960293487955,175.33993926287238,11.716368449543602,15.728629028051444,11.71826176760149,12.525269015954688,256.322869562349,0.0,False
236,236000,0.02371627502175805,0.0031331592689295045,0.011629432411948087,0.031331592689295036,0.008655559699946122,0.018773723257418908,0.005434782608695653,0.013034633469375457,0.043478260869565216,0.01796497584541063,0.021646253342004478,0.00409711684370258,0.012217953643890354,0.036418816388467376,0.012554495748729437,24,0.036418816388467376,65679,11.92069289486508,14.620350533622872,204.5133102582669,12.00484442626798,15.76363573314865,12.365334306915777,13.305341392669256,284.4935095457565,0.0,False
237,237000,0.01943765281173594,0.0036674816625916875,0.011341909803167238,0.03667481662591687,0.013463926727985407,0.021604938271604937,0.003703703703703704,0.015854809769393772,0.037037037037037035,0.017255892255892257,0.020349386213408874,0.0036827195467422098,0.01324039604958265,0.036827195467422094,0.015059130356580781,22,0.031161473087818695,65679,12.00873405684394,14.44371388447524,190.55414131079195,11.700297461940401,15.834695126754061,11.787392304819788,12.902757719854275,269.2317318654797,0.0,False
238,238000,0.014198209198209195,0.0033333333333333335,0.008566243360886553,0.03333333333333333,0.011374643874643875,0.03192848020434227,0.004214559386973181,0.015949996950407306,0.0421455938697318,0.01226965882138296,0.02130665886426255,0.0036866359447004613,0.011526550099542338,0.03686635944700461,0.01173347475190793,30,0.04608294930875576,65679,11.786241469205482,14.398392806980187,169.39333770266128,11.709523250358345,15.183821844927392,11.70971332305204,13.97170639449996,248.1527367916847,0.0,False
239,239000,0.0330318690783807,0.0041343669250646,0.020165277780750192,0.041343669250646,0.0199038185472294,0.025162337662337664,0.0035714285714285718,0.014536264109241357,0.03571428571428571,0.012146980004122862,0.029544364508393282,0.0038848920863309355,0.0176706933047434,0.03884892086330935,0.016466255566974994,29,0.041726618705035974,65679,11.91305213468774,15.49278847139124,166.17119099326948,11.684676287440631,15.1157208614916,11.693772433277182,13.656145979770717,245.7273471613286,0.0,False
240,240000,0.021729957805907175,0.0027848101265822785,0.01155471683656381,0.027848101265822784,0.009578059071729957,0.029710144927536233,0.004347826086956522,0.016446997111003163,0.040372670807453416,0.01721014492753623,0.025313807531380753,0.003486750348675035,0.01375180783847381,0.03347280334728033,0.013005578800557879,44,0.061366806136680614,65679,11.742890176413834,18.199777772634484,169.53783988719883,11.696166517902174,15.280614599974541,11.696867955143798,12.972993774992837,251.1271506842605,0.0,False
241,241000,0.017744418783679754,0.0027713625866050812,0.01054380227810974,0.02771362586605081,0.01157300487554529,0.02037119195504289,0.0034161490683229817,0.012356755756271789,0.034161490683229816,0.015436754411909693,0.018864711447492907,0.00304635761589404,0.011317008927074218,0.030463576158940398,0.013220855671186795,37,0.04900662251655629,65679,11.722615256823389,17.458561656163994,173.85150716926756,11.664347037892986,15.48126736727884,11.705266772812916,12.544609538936434,254.4281747991761,0.0,False
242,242000,0.01902398676592225,0.0024813895781637717,0.008807029703914268,0.02481389578163772,0.006144393241167435,0.044314641744548286,0.005607476635514019,0.022871447307791108,0.04984423676012461,0.018279928793947485,0.03023710865561694,0.003867403314917127,0.015042772868064085,0.03591160220994475,0.011524927650618258,32,0.04419889502762431,65679,11.708879997268662,16.071742232934284,169.58847382576857,11.697608837721308,15.70037125406265,11.698769675272391,13.621944113792473,250.08778993682031,0.0,False
243,243000,0.030810587262200168,0.004962779156327543,0.019879606889962657,0.04714640198511166,0.018992477056993185,0.04390637610976594,0.006779661016949152,0.025780822351330744,0.061016949152542375,0.025069948883508202,0.036345340428434986,0.0057306590257879654,0.022373673596414786,0.05300859598853868,0.021561036066766726,31,0.044412607449856735,65679,11.856539343768624,15.54798502950705,171.94421720592712,11.681545153074957,15.507290942962104,11.736162998404742,13.078224970833329,251.35196564447793,0.0,False
244,244000,0.03570986179681832,0.005797101449275363,0.01637069829480763,0.050724637681159424,0.013054980446284793,0.024853801169590642,0.0042105263157894745,0.015369119396735575,0.03859649122807018,0.016203007518796993,0.0312835709831418,0.005150214592274678,0.01596232921619456,0.045779685264663805,0.014338510797738267,30,0.04291845493562232,65679,11.783241499044305,17.237418004079075,180.8381065638437,11.680953502915536,15.60291891321286,11.703579865421364,12.714459450391402,261.5606777989083,0.0,False
245,245000,0.021697388632872502,0.0032258064516129032,0.011189460441875469,0.029953917050691243,0.00962621607782898,0.01789529914529914,0.004166666666666667,0.0102851025211364,0.035256410256410256,0.012507631257631257,0.020107238605898123,0.0036193029490616626,0.010811230319528835,0.032171581769437,0.010831311970722157,30,0.040214477211796246,65679,11.856136680366003,16.39349998865114,189.50897658621957,11.665884454975517,16.242834604857094,11.68009435249806,12.67409110367046,270.0215177712379,0.0,False
246,246000,0.029695767195767196,0.005303030303030303,0.020503231772204672,0.05303030303030303,0.027853936187269515,0.011616161616161618,0.0018181818181818184,0.0057859895215949106,0.01818181818181818,0.004646464646464646,0.021477764659582843,0.0037190082644628104,0.01381357620374569,0.0371900826446281,0.017305085486903665,29,0.03994490358126722,65679,11.711234280759042,14.746673502930019,179.90750076640748,11.787912098396024,15.351540655475503,11.688184273661584,13.024611074219372,258.21765665184904,0.0,False
247,247000,0.023347004722843647,0.0035794183445190158,0.014876439359917983,0.03355704697986577,0.016679095202585134,0.01516753887702267,0.003401360544217687,0.008335082617345049,0.030612244897959183,0.008862433862433863,0.020101710581586742,0.0035087719298245623,0.012281083243431556,0.032388663967611336,0.013577747788274103,33,0.044534412955465584,65679,11.749716036277281,16.584175825076763,177.30814660198158,11.759194530017169,15.966531930991511,11.715496071637578,12.390027837566597,257.47328883354845,0.0,False
248,248000,0.01802325581395349,0.0020930232558139536,0.008551723608573826,0.020930232558139535,0.006329826504245108,0.0127889634601044,0.0023489932885906043,0.007566782016202421,0.02348993288590604,0.007130872483221477,0.015880647130647133,0.002197802197802198,0.008148546967740476,0.02197802197802198,0.0066577271934414785,26,0.03571428571428571,65679,11.739818040396033,15.973465084084815,184.99620879815214,12.050443816205568,15.925905646640981,11.71892574625133,12.359773401832141,264.764540533563,0.0,False
249,249000,0.025853688175963053,0.0042654028436018955,0.01367936116300834,0.035545023696682464,0.01090987737907169,0.030651795601961716,0.004651162790697674,0.01647047900587289,0.046511627906976744,0.014869746348151663,0.02785124050684216,0.004426002766251729,0.01484136181404877,0.040110650069156296,0.012558453533557267,26,0.035961272475795295,65679,11.748668095154514,16.59561844682966,194.24716964434873,11.878503563725328,16.47355470946188,11.759627705887343,12.672359615092944,275.3755017805004,0.0,False
250,250000,0.020653410992836577,0.003655352480417755,0.01365844993989558,0.031331592689295036,0.012967798085291558,0.03657718120805369,0.005369127516778524,0.016910227240449962,0.050335570469798654,0.011963353574091829,0.02762152189464965,0.004405286343612335,0.015081400946599256,0.039647577092511016,0.012528261426939842,30,0.04405286343612335,65679,11.790834331323886,16.393031773836995,186.87710785343648,11.719217172925788,15.147531227929779,11.69239584032644,12.789206992838697,266.4093251926181,0.0,False
251,251000,0.02858399296394019,0.00395778364116095,0.01479699150960631,0.036939313984168866,0.011187544498890147,0.029392971246006386,0.004472843450479233,0.013037902017971264,0.04153354632587859,0.008954561590344337,0.028949903660886317,0.004190751445086705,0.01400133397943034,0.03901734104046243,0.010177539223781997,28,0.04046242774566474,65679,11.800079094348437,15.974317378639192,186.23003642749546,11.709196342704619,15.740749293405297,11.763532351619087,12.956760218729713,266.1746711069418,0.0,False
252,252000,0.03091324200913242,0.0038356164383561643,0.013888648604421848,0.038356164383561646,0.009234616220917589,0.018373764600179695,0.0031446540880503146,0.01015616576196401,0.031446540880503145,0.013442148347808726,0.025074949452694693,0.0035139092240117136,0.012150830824185256,0.03513909224011713,0.011193613609426202,47,0.06881405563689605,65679,11.991849581421965,18.69621143189837,179.20469000350104,11.66648944551929,15.112669078762298,11.695697415131656,12.960409670428884,261.3280166266635,0.0,False
253,253000,0.025406032482598605,0.0034802784222737818,0.011062391075530285,0.03480278422273782,0.008712665267189628,0.024789029535864978,0.0034810126582278484,0.014447288106561592,0.03481012658227848,0.013439320876029736,0.025145024542614903,0.0034805890227576977,0.012494288614761736,0.03480589022757698,0.010712160812562418,33,0.04417670682730924,65679,11.713295956186641,16.583956064922244,172.80214884725365,11.693214825789223,15.593760153892466,11.957582902510921,12.476832889310451,252.8207916398656,0.0,False
254,254000,0.027986633249791143,0.003508771929824561,0.01427308396172272,0.03508771929824561,0.011956478497831881,0.02628370625358577,0.00391566265060241,0.016485934715609322,0.03614457831325301,0.017785427423981637,0.027213210865741643,0.003693570451436389,0.015278099625594612,0.03556771545827633,0.014603826026534643,38,0.05198358413132695,65679,11.776413232258975,16.451719708598933,184.6502047140458,11.693714685456769,15.702226274075247,11.741603037115912,14.03520088395782,266.05108253550947,0.0,False
255,255000,0.02699920823436263,0.0035629453681710215,0.011983130927304284,0.035629453681710214,0.009217471628397995,0.016045197740112996,0.0023728813559322037,0.011394733441263525,0.023728813559322035,0.012994350282485875,0.022486033519553073,0.0030726256983240226,0.011740704588781903,0.030726256983240222,0.010773587833643699,48,0.0670391061452514,65679,11.863775323570081,18.95625437085824,188.16901622004113,11.77670261398589,15.8472520788433,11.750683079195245,14.335643100549245,272.6993267870431,0.0,False
256,256000,0.01910159529806885,0.002770780856423174,0.01066438816296546,0.027707808564231738,0.010526368397904922,0.01758120466729738,0.0033112582781456954,0.008114217016756884,0.033112582781456956,0.008171712393566698,0.018444716942571018,0.0030042918454935624,0.009562597481770909,0.030042918454935622,0.009509049208620024,31,0.044349070100143065,65679,12.121455704339201,17.485453960824906,193.94047558864148,11.807190041124294,16.090494120823973,11.890849332313325,12.859491769573461,276.19541051764065,0.0,False
257,257000,0.02421572303462067,0.0034120734908136482,0.012644937040481042,0.03412073490813648,0.013028579760863225,0.0407070707070707,0.007272727272727273,0.022221220379974285,0.06545454545454546,0.025251082251082253,0.031129016647309327,0.005030487804878049,0.01665938508676251,0.04725609756097561,0.01815234223770809,27,0.041158536585365856,65679,12.295992364824704,16.19529672021447,199.81199719280863,11.669413004941621,15.025708243687763,11.691578533659651,13.3235420727712,280.01352813290805,0.0,False
258,258000,0.012934690415606446,0.002035623409669211,0.006495461901708108,0.020356234096692113,0.005979643765903307,0.036434876598811027,0.005573770491803279,0.018325238767739702,0.05245901639344262,0.016588602654176422,0.023203396412565462,0.0035816618911174787,0.011664633741449706,0.034383954154727794,0.010615363623959612,32,0.045845272206303724,65679,11.78036979385122,16.04385031735156,173.95528321492714,11.6564381624773,15.405814426411313,11.70049216300817,12.92321447128597,253.4654625493127,0.0,False
259,259000,0.02582938388625592,0.0037914691943127963,0.01614914803628965,0.035545023696682464,0.015067140600315956,0.02431192660550459,0.0036697247706422016,0.013742082375205564,0.03669724770642202,0.013178971894568226,0.02516688918558077,0.003738317757009346,0.01509826623231836,0.036048064085447265,0.0142427999237078,30,0.04005340453938585,65679,11.812122177864982,16.09285235688873,195.84670116302993,11.849281173370585,15.494069861524128,11.732848919560057,12.678950616046292,275.50682626828467,0.0,False
260,260000,0.016877637130801686,0.002531645569620253,0.009735612776267406,0.02278481012658228,0.008509142053445851,0.02688895029320561,0.004559270516717325,0.013177012385472737,0.0425531914893617,0.012515076952766921,0.02142697695183883,0.003453038674033149,0.01129945320641734,0.031767955801104975,0.01032951854775059,35,0.04834254143646409,65679,11.825286900385423,16.757825584093332,167.62877975808055,11.667263212097879,15.632847940524886,11.674780409948182,12.24911644591431,247.4359002510446,0.0,False
261,261000,0.022065124250214223,0.0030848329048843194,0.015634989593447,0.030848329048843187,0.01771636675235647,0.04102167182662539,0.006811145510835914,0.02763853766146217,0.058823529411764705,0.024680573983979555,0.030664794007490635,0.004775280898876405,0.021080419405201074,0.04353932584269663,0.020875691100410203,34,0.047752808988764044,65679,11.741149314764554,15.70991756803808,170.7562160522258,11.665473639635437,15.117055293820126,11.679074361531372,12.341115222719301,249.01000145273468,0.0,False
262,262000,0.015720164609053497,0.0024691358024691358,0.007876501057494224,0.024691358024691357,0.008106995884773663,0.05128205128205127,0.007076923076923076,0.02848608929905909,0.06461538461538462,0.023205128205128205,0.03155251141552511,0.00452054794520548,0.01705200267188954,0.04246575342465753,0.01482876712328767,34,0.04657534246575343,65679,11.744817821235376,15.992269264269998,173.7568355544422,11.715976846779498,15.620796874199483,11.734466499574436,13.524912622950303,254.09007548345127,0.0,False
263,263000,0.01968174204355109,0.002261306532663317,0.010031667961011632,0.022613065326633167,0.007582555635319453,0.022318339100346023,0.0034602076124567475,0.0131049081557425,0.03460207612456748,0.014821222606689735,0.020790878214459,0.002765647743813683,0.01132448661643699,0.027656477438136828,0.010627642614542177,33,0.048034934497816595,65679,11.87616040695949,16.95666530983353,182.7663688479253,11.746899014411504,15.263801568882185,11.776292063031546,12.61899866658589,263.0051858776294,0.0,False
264,264000,0.03664021164021164,0.0047979797979797985,0.021786667323175087,0.047979797979797977,0.021481681898348565,0.007534246575342466,0.0013698630136986301,0.003497158632865422,0.0136986301369863,0.003091704718417047,0.024287098560354374,0.0033430232558139534,0.014024259565078542,0.03343023255813953,0.013676633444075303,24,0.03488372093023256,65679,11.771597347942642,15.143001872081063,189.16016885758836,11.675483274867226,15.237742932439069,11.704191151457044,13.293287508542306,267.9854729449177,0.0,False
265,265000,0.025634295713035868,0.004461942257217849,0.014355949605830328,0.04199475065616798,0.01354518185226847,0.016917670682730923,0.0027108433734939763,0.008629594030765476,0.02710843373493976,0.00697313061770893,0.021575502571294997,0.0036465638148667602,0.011689539997244728,0.03506311360448808,0.010484984082459538,36,0.05049088359046283,65679,11.77481776522271,16.543894003448468,178.55592691402856,11.711608236375515,15.719885685758218,11.733029201668742,12.901776230589412,258.94093803709166,0.0,False
266,266000,0.0224910394265233,0.0029569892473118283,0.011719401121752978,0.02956989247311828,0.010658815497525176,0.02324431256181998,0.0035608308605341254,0.010812682481533845,0.03560830860534125,0.009939475295558381,0.022849083215796897,0.003244005641748942,0.011288422021959116,0.03244005641748942,0.010316900620144625,44,0.06205923836389281,65679,11.880794115695647,18.3601675522449,171.19150592467824,11.698236243015693,15.48840067622237,11.795423560279072,13.140410349068986,253.5549384212049,0.0,False
267,267000,0.0169179229480737,0.002763819095477387,0.008138539945962727,0.02512562814070352,0.006825795644891121,0.03070175438596491,0.004678362573099415,0.014488658275974776,0.043859649122807015,0.011455722639933165,0.02328828828828829,0.0036486486486486487,0.011073324363346673,0.033783783783783786,0.008965572715572715,34,0.04594594594594595,65679,11.817845585154751,17.558242321788487,181.14472237427958,11.687303989621478,15.366956787277175,11.695177305870441,13.343646156321887,262.6138945203138,0.0,False
268,268000,0.01845082680591819,0.0031331592689295045,0.008189195012101098,0.031331592689295036,0.007878486468564797,0.02094155844155844,0.0038961038961038965,0.012320831523230671,0.03896103896103896,0.013095238095238096,0.019561022672455377,0.003473227206946455,0.010030792762358564,0.03473227206946455,0.01020375347437576,29,0.041968162083936326,65679,11.729302441546018,15.820565681723409,188.95163771477652,11.675562231305836,15.228085366761345,11.705840794878908,12.990962419121011,268.10195665011304,906.145468149433,True
269,269000,0.026256116481680386,0.004260651629072682,0.012314051163323307,0.03759398496240601,0.00976349604169153,0.04217423403469915,0.007308970099667775,0.021517588484114614,0.06312292358803986,0.022346147761430155,0.03310090702947846,0.005571428571428572,0.016271572211263567,0.04857142857142857,0.015174036281179139,27,0.03857142857142857,65679,11.81955471064866,16.128003076210096,199.08904653687108,11.750362740314824,15.877398239050322,11.747242482013087,12.967851930847928,279.379459715956,0.0,False
270,270000,0.019579028618928865,0.0032418952618453872,0.0108183173548556,0.02743142144638404,0.010019593872461702,0.047773972602739724,0.006164383561643835,0.025487224211242984,0.06164383561643835,0.019981245923026747,0.03145914931629217,0.004473304473304474,0.01699915545307366,0.04184704184704185,0.014216999931285643,38,0.05483405483405483,65679,11.851608669039004,17.582736962201693,176.27720330191943,11.688228064077322,15.143533573999669,11.688451216698702,13.281248875882113,257.5130106638179,0.0,False
271,271000,0.030798969072164947,0.003608247422680412,0.015142787260770075,0.03608247422680412,0.012555228276877762,0.028494623655913976,0.004516129032258064,0.014146851898152485,0.04516129032258064,0.014260112647209422,0.029775549188156634,0.0040114613180515755,0.01470046639771642,0.04011461318051576,0.013312411879747124,36,0.05157593123209169,65679,11.796054196211436,17.183977471343926,188.6481197210521,11.758139149872783,15.683128964036342,11.711872517763954,12.743352828123445,269.52464484840397,0.0,False
272,272000,0.02796934865900383,0.0034482758620689655,0.012334075305218739,0.034482758620689655,0.009769202700237182,0.017868338557993732,0.0028213166144200625,0.009845469450026876,0.02821316614420063,0.008993879683534855,0.02369584438549956,0.0031830238726790454,0.01128120359725295,0.03183023872679045,0.009441181423940044,25,0.033156498673740056,65679,11.748852050783022,15.960433645059723,186.92522660698762,11.669853317283764,15.643490229130808,11.70542256133389,12.402293177032897,266.0555715876117,0.0,False
273,273000,0.027707808564231738,0.0032745591939546607,0.01344342962106868,0.0327455919395466,0.009934628763344128,0.016467661691542287,0.0023880597014925373,0.008379360875374404,0.023880597014925373,0.010157545605306798,0.02256375227686703,0.002868852459016394,0.011125857175976358,0.028688524590163935,0.010036646716974585,37,0.050546448087431695,65679,11.72303296012589,17.555691265255803,179.15259076208002,11.772580787397512,15.354803412442886,11.718160186913185,12.77618308165307,260.05304245586836,0.0,False
274,274000,0.03008490217792543,0.0041343669250646,0.01690762227906386,0.041343669250646,0.01594171691070916,0.023022598870056497,0.0039548022598870055,0.011444537239048362,0.03954802259887006,0.01038471885929513,0.02671100828995566,0.004048582995951417,0.014297727401647548,0.04048582995951417,0.013286956708009341,30,0.04048582995951417,65679,11.743496110189211,15.99989112223421,189.46853792704832,11.719388265926668,15.915547973643918,11.81756032742065,12.700383472064036,269.36480519852705,0.0,False
275,275000,0.040396210163652024,0.005684754521963825,0.02594787087992591,0.05426356589147287,0.026273532668881504,0.031100726895119415,0.006230529595015576,0.021539406228553912,0.056074766355140186,0.026777678880482624,0.036181732580037665,0.005932203389830509,0.02394911783883776,0.05508474576271186,0.026502107434310824,33,0.046610169491525424,65679,11.742916799561964,17.224782162372776,189.47695184955148,11.74831258680953,15.623051331473125,11.70106081649358,12.631888578015783,270.1489641242782,0.0,False
276,276000,0.020065520065520065,0.002702702702702703,0.012447255039204057,0.02702702702702703,0.010592410592410595,0.026793013749535483,0.0053511705685618735,0.016466275170985784,0.05016722408026756,0.019797473058342625,0.022914699401951524,0.003824362606232295,0.014149361298981308,0.036827195467422094,0.014490871891721747,25,0.03541076487252125,65679,11.7429433073718,14.761590746703579,184.14082875470305,11.664740702244103,15.269845571291851,11.687857620720777,12.43867756334227,261.7064842663774,0.0,False
277,277000,0.029982363315696647,0.0037037037037037034,0.01585064699845535,0.037037037037037035,0.011890064667842443,0.009577922077922078,0.0025974025974025974,0.00792023367074823,0.022727272727272728,0.01028138528138528,0.020821185617103985,0.003206997084548105,0.012290053259484806,0.030612244897959183,0.011167800453514738,33,0.048104956268221574,65679,11.74682305395136,16.339957037175836,175.44975188760193,11.758785049956199,15.143133597336767,11.685465177088684,12.894453212397572,255.01836901550834,0.0,False
278,278000,0.015955555555555553,0.0029333333333333334,0.010027020956242458,0.029333333333333333,0.0122,0.030230978260869564,0.0035326086956521748,0.01825974414434035,0.035326086956521736,0.016092995169082126,0.023026020637056978,0.0032301480484522214,0.01410460121629633,0.03230148048452221,0.014128159114700166,41,0.05518169582772544,65679,11.724324007450493,17.994470444329668,189.72860196106444,11.774357344451758,16.842368365396766,11.764224588720062,13.225473389860687,273.05382010127386,0.0,False
279,279000,0.01418245869776482,0.002551020408163265,0.008096607662838942,0.025510204081632654,0.011039237123420797,0.03675336125192859,0.0057306590257879654,0.023389523335759874,0.04871060171919771,0.02163664892891254,0.024813018740144247,0.004048582995951417,0.015299343924444079,0.03643724696356275,0.01603046076730287,35,0.04723346828609987,65679,11.990538332118383,16.379412944314552,187.16131267174086,11.668484564436588,15.357624240625034,11.688069869952855,12.823525470023744,267.06896809321205,0.0,False
280,280000,0.02240566037735849,0.0030660377358490572,0.012851505057354563,0.030660377358490566,0.013331087151841867,0.010520833333333332,0.0018750000000000004,0.00473101671637898,0.01875,0.00400545634920635,0.017293906810035842,0.0025537634408602156,0.00935882189994571,0.025537634408602152,0.00932006315070831,22,0.02956989247311828,65679,11.725913592622316,14.74335216618272,176.4243712134711,11.67382584789378,16.161672043144005,11.880005487213685,12.968556261067077,255.57769661159466,0.0,False
281,281000,0.01254251700680272,0.0017857142857142857,0.005103042944522349,0.017857142857142856,0.0037445335276967934,0.03594771241830065,0.003921568627450981,0.016917768023130875,0.0392156862745098,0.01168689698101463,0.022803247373447945,0.002722063037249284,0.0102825642540556,0.027220630372492838,0.0072264292536498844,31,0.044412607449856735,65679,11.826468482620257,15.259378253668077,185.95790698971993,11.669291581070663,15.146616415023795,11.696461997987019,12.543580368867824,264.0997040889576,0.0,False
282,282000,0.013805832410483575,0.0020671834625323,0.008657916605503871,0.020671834625323,0.008214388253147943,0.034372696446999855,0.006501547987616099,0.01833604107872203,0.06191950464396285,0.016572067423460613,0.023162307176391686,0.004084507042253521,0.013060781682756638,0.03943661971830986,0.012016543706684552,31,0.04366197183098591,65679,11.73110856077242,15.802950579221765,184.03508341491292,11.681262354318322,15.473655070069592,11.740880209776261,12.497487076212899,262.9624272652842,0.0,False
283,283000,0.028856914468425258,0.004076738609112711,0.01536611598967379,0.0407673860911271,0.01310285105249134,0.0281786941580756,0.003436426116838488,0.013740190565139716,0.03436426116838488,0.010552010036546117,0.028578154425612054,0.0038135593220338985,0.014697833082132244,0.038135593220338986,0.012054412160344362,25,0.03531073446327684,65679,11.743938442013157,16.486740053681114,182.91419163052325,11.679667859573751,15.487598002489333,11.691026092802703,12.87440172953458,262.87756381061786,0.0,False
284,284000,0.014232673267326733,0.001732673267326733,0.01111241413602792,0.017326732673267328,0.011182814710042432,0.030948284102858235,0.00473186119873817,0.01484690237571187,0.04416403785488959,0.013932702418506835,0.021581977892657506,0.0030513176144244107,0.012754345858607411,0.02912621359223301,0.012391849943861041,30,0.04160887656033287,65679,11.735958337255603,16.65254124866289,180.00969831005742,11.679294707869769,15.28288288241142,11.688066813328458,12.232597106170973,259.28103940575653,0.0,False
285,285000,0.017921146953405017,0.002688172043010753,0.010846418555501508,0.026881720430107527,0.012290919952210273,0.013275815944355271,0.0030898876404494386,0.008734191797305842,0.028089887640449437,0.011871321562332799,0.015649529042386184,0.0028846153846153848,0.00981351645946077,0.027472527472527472,0.01208573172858887,33,0.04532967032967033,65679,11.728547542652624,17.258281170245972,181.3875854426161,11.689512497622957,15.48891636671268,11.725140103224785,12.877328837632152,262.1553119607073,0.0,False
286,286000,0.028038194444444442,0.004166666666666667,0.013968579711410883,0.0390625,0.010889963624338625,0.028213948468905972,0.00481586402266289,0.020786334451355856,0.04815864022662889,0.026676109537299344,0.02812237513730051,0.004477611940298508,0.0172340714660928,0.04341926729986431,0.01845103486894532,27,0.036635006784260515,65679,11.808347311417776,15.801167884715861,196.3517475841725,11.772309755117561,15.63650227034974,11.69824541499831,12.76141738244807,275.8297376032198,0.0,False
287,287000,0.02303182579564489,0.0032663316582914573,0.013159325253288457,0.03015075376884422,0.012171970965940816,0.026257861635220123,0.005031446540880504,0.01431191571240433,0.03459119496855346,0.013927573125686333,0.02446461824953445,0.004050279329608939,0.013671229954404167,0.03212290502793296,0.012951693712866898,35,0.04888268156424581,65679,11.87067826707855,16.640675201406996,195.68801613534248,11.698604946333568,16.339297099016157,11.801036311778756,13.136146116241033,277.17445407719754,0.0,False
288,288000,0.022014460234355517,0.003664921465968587,0.01220841572973524,0.03664921465968586,0.014655530624117011,0.02719258589511754,0.005696202531645569,0.015973648151169098,0.04746835443037975,0.016603877838055052,0.02435871196616182,0.004584527220630373,0.013913019519381514,0.04154727793696275,0.015537590394323918,20,0.02865329512893983,65679,12.237250677005207,15.167576068009225,178.2998628146182,11.685819184509283,15.454234549142075,11.772178568889014,12.52673437673879,257.14365623891183,0.0,False
289,289000,0.025293586269196026,0.0032520325203252032,0.011534164626650157,0.02981029810298103,0.008487116617197917,0.017223910840932114,0.0024316109422492403,0.010032536477558668,0.0243161094224924,0.00925242437400492,0.02148997134670487,0.0028653295128939827,0.010826377146634255,0.027220630372492838,0.008847841906581161,32,0.045845272206303724,65679,11.748414400283846,15.57732415501112,197.4602571537254,11.845435001225923,15.802211145846123,11.829982454372722,12.9475010279545,277.2111253384196,0.0,False
290,290000,0.02540106951871658,0.0037433155080213907,0.014279721842847913,0.034759358288770054,0.012863933452168746,0.026849037487335355,0.004863221884498481,0.015865245560281828,0.0425531914893617,0.01543276885222174,0.026078710289236605,0.004267425320056899,0.01502173792113491,0.03840682788051209,0.01406613380297591,20,0.02844950213371266,65679,11.786196031024488,14.613784582215295,182.72644714811827,11.665570973734551,15.162305521926323,11.704745092502854,12.70744429102133,260.3664936405431,0.0,False
291,291000,0.017570970695970696,0.002403846153846154,0.007662453170611496,0.02403846153846154,0.0070379273504273514,0.02181351582549187,0.0038922155688622755,0.015496040705321458,0.03592814371257485,0.016899534264803725,0.01946031746031746,0.0030666666666666663,0.011151010819402332,0.029333333333333333,0.01142962962962963,24,0.032,65679,11.717636158412038,15.364953392923987,165.4356507208715,11.669310713238733,21.780392091108602,11.724803760160274,12.13553086190644,249.82827769862158,0.0,False
292,292000,0.012970430107526883,0.001881720430107527,0.005144049438070996,0.01881720430107527,0.003927718040621266,0.02946593001841621,0.003867403314917127,0.014291392226736784,0.03867403314917127,0.012053845479259846,0.02110581289736603,0.0028610354223433244,0.009655409233026059,0.02861035422343324,0.007935426668396696,30,0.04087193460490463,65679,11.752898267894384,17.068209526752142,179.55262891324043,11.67501470143717,15.310801689330521,11.692896818973896,12.257020562844723,259.3094704804733,0.0,False
293,293000,0.029589371980676328,0.0033816425120772944,0.014345893628643441,0.033816425120772944,0.01072866344605475,0.012935323383084577,0.0017910447761194032,0.010620720651070987,0.014925373134328358,0.010447761194029851,0.022140631953716065,0.0026702269692923898,0.01267976152251958,0.025367156208277702,0.010603026257231866,27,0.036048064085447265,65679,11.739551660921999,15.288982831165864,195.22493080140202,11.786013259240669,16.26579906245651,11.80550951351833,13.133830524869605,275.244617653575,0.0,False
294,294000,0.02761904761904762,0.0041025641025641026,0.015630592386044924,0.038461538461538464,0.013062678062678064,0.011560693641618497,0.0026011560693641623,0.007085472862405989,0.023121387283236993,0.008417056610698229,0.020069875776397513,0.0033967391304347825,0.0116134573925951,0.03125,0.010878731021394064,31,0.042119565217391304,65679,11.906127171557035,16.90861328224047,182.63401180294846,11.760047815362329,15.467800659474396,11.734048982275924,12.017826387392127,262.42847610125074,0.0,False
295,295000,0.024360670194003523,0.0034391534391534392,0.014517920946092125,0.03439153439153439,0.014412740404803896,0.026705276705276705,0.004204204204204204,0.01561128099876843,0.03903903903903904,0.013658896992230326,0.02545877704105552,0.00379746835443038,0.015030000970763305,0.03656821378340366,0.014059674502712475,21,0.029535864978902954,65679,11.722026579771839,15.030040537780675,181.2054935945162,11.732214556969822,15.692361524696775,11.72373006302907,13.36116606429072,260.4670329210551,0.0,False
296,296000,0.01747181964573269,0.0028985507246376816,0.009626443035555215,0.028985507246376812,0.009829575952764359,0.02188281529117542,0.004180064308681672,0.011542576502074462,0.03536977491961415,0.01111111111111111,0.0193639846743295,0.0034482758620689655,0.010448398219124163,0.031724137931034485,0.010379310344827586,29,0.04,65679,11.776602931820591,16.08447608020258,198.1715984149951,11.841715060023628,16.314381384802125,11.922880081588483,13.846980296203238,279.95863424963574,0.0,False
297,297000,0.021308576480990275,0.0031830238726790454,0.01173301214290256,0.03183023872679045,0.009972211696349627,0.0393525949705725,0.0056179775280898875,0.023018706109855278,0.05337078651685393,0.024101569466738002,0.030072110699668683,0.0043656207366985,0.017214195024533075,0.04229195088676671,0.01683449186859828,38,0.05184174624829468,65679,11.84429975027712,18.25022115962971,185.87518436921636,11.67299982722525,15.272243544389719,11.747686241458943,12.732142638013922,267.394777530211,0.0,False
298,298000,0.026923076923076925,0.0041025641025641026,0.015531272867093394,0.041025641025641026,0.015202482702482702,0.042011834319526625,0.004733727810650888,0.01982577208824526,0.047337278106508875,0.015162721893491124,0.033928571428571426,0.004395604395604396,0.017525147505485332,0.04395604395604396,0.01518402232687947,39,0.05357142857142857,65679,11.729288787690194,16.478358159863205,172.89145026021245,11.661959763778484,15.381356001639702,11.676425310136462,13.096820233926554,252.91565851724707,0.0,False
299,299000,0.022278056951423788,0.0030150753768844224,0.012257562815538517,0.03015075376884422,0.01068537130094919,0.029299488390397484,0.00440771349862259,0.015819477620486872,0.04132231404958678,0.014524028160391797,0.02562730742757024,0.0036793692509855458,0.01395661021921296,0.035479632063074903,0.012516425755584756,23,0.030223390275952694,65679,11.730478162788604,14.893628379281099,187.68484879448656,11.772987542804646,16.09290628398763,11.723724016629578,13.279000915036864,267.17757409501496,0.0,False
300,300000,0.02336860670194003,0.0029100529100529104,0.012875654552016782,0.0291005291005291,0.01181657848324515,0.016159016159016156,0.002102102102102102,0.00967974842338509,0.021021021021021023,0.00794842461509128,0.01999196302993771,0.0025316455696202536,0.011378837757594344,0.02531645569620253,0.010004911481704732,29,0.040787623066104076,65679,11.897222235393578,16.017609857019167,199.59232654664928,11.886150882239876,15.756249481302387,11.773530255582143,13.154064725962034,280.0771539841485,0.0,False
301,301000,0.017479674796747967,0.002682926829268293,0.009297401397066425,0.024390243902439025,0.008885017421602788,0.026198083067092648,0.00415335463258786,0.015221532844750274,0.04153354632587859,0.015206146356306101,0.021254034117104654,0.003319502074688797,0.011862066878567178,0.0318118948824343,0.011621550418230915,30,0.04149377593360996,65679,11.964931498159581,16.868271260780944,184.8921966183248,11.668257596686438,15.425192763249274,11.702572363325725,12.884797197326714,265.40621929785345,0.0,False
302,302000,0.030098280098280097,0.003931203931203931,0.01355737384690044,0.03931203931203931,0.00990893490893491,0.0231023102310231,0.0046204620462046205,0.013888558932067108,0.039603960396039604,0.015882183456440883,0.027112676056338027,0.004225352112676056,0.013698710580429313,0.03943661971830986,0.012458081824279007,29,0.04084507042253521,65679,11.726741940956686,16.46787583119147,173.7285690745355,11.663456893337699,15.234627010529689,11.689079138538228,12.245248507056218,252.7555983961455,0.0,False
303,303000,0.021990740740740738,0.003333333333333334,0.010991598292691694,0.030555555555555555,0.010009920634920635,0.01793085655314757,0.003405572755417957,0.012560396873017875,0.034055727554179564,0.01313578062804069,0.02007076622742801,0.003367496339677892,0.011733504502714176,0.032210834553440704,0.011488182388621627,30,0.043923865300146414,65679,11.75812686000921,15.85688836236443,173.563395337778,11.671571210014609,15.259462735450757,11.764362981975252,13.49152636022366,253.36533384781592,0.0,False
304,304000,0.011226252158894645,0.0015544041450777204,0.0069549185918023485,0.015544041450777202,0.006930051813471502,0.024997532326522555,0.004234527687296417,0.013405207072663473,0.04234527687296417,0.01287937542009203,0.017326949145130964,0.0027417027417027417,0.009812405696599413,0.027417027417027416,0.009565610756086947,33,0.047619047619047616,65679,11.80178527568354,14.937388742489176,198.36807385166523,11.716753952367709,15.704400178395694,11.714962409828388,14.185763159951792,278.4291275703816,0.0,False
305,305000,0.031684491978609626,0.0042780748663101605,0.017303419559775077,0.0427807486631016,0.01624968169085816,0.026327838827838825,0.004120879120879122,0.01334695066958538,0.038461538461538464,0.01053767660910518,0.029042457091237574,0.004200542005420054,0.01535199045946471,0.04065040650406504,0.013432378371402761,22,0.02981029810298103,65679,11.861345730335149,15.70708513001784,188.28702656405184,11.737814968437732,15.556146203729583,11.702433538415825,13.012804779749532,267.8646569147375,0.0,False
306,306000,0.03722504230118443,0.004568527918781726,0.02237424733030151,0.04314720812182741,0.01926718233824833,0.027519960079840318,0.004790419161676647,0.014989454389352065,0.04790419161676647,0.015460745176314038,0.0327724358974359,0.004670329670329671,0.01898616925025053,0.04532967032967033,0.017520822431536718,22,0.03021978021978022,65679,11.788265546749944,15.102896935931254,189.4423037924059,11.688301400261668,15.350601312469347,11.718291641565903,13.032041480273705,268.1227021096578,0.0,False
307,307000,0.03031704909943252,0.004404145077720208,0.018149053083105993,0.038860103626943004,0.018224154946952877,0.02113629883090961,0.004491017964071856,0.009688026678461392,0.04491017964071856,0.009318268225453855,0.026058201058201055,0.0044444444444444444,0.014224076945395858,0.041666666666666664,0.014092813051146385,25,0.034722222222222224,65679,11.783540758134038,15.528631764336055,187.3098348213198,11.812874025324271,16.305776917163726,11.967843900784203,13.484665315879884,268.193167502942,0.0,False
308,308000,0.03704554152315346,0.0053731343283582094,0.017695339816953752,0.04776119402985075,0.014269130537787254,0.018358790056903267,0.003773584905660378,0.009922377637280924,0.031446540880503145,0.008350803633822502,0.02794540834357067,0.004594180704441042,0.013910038173560247,0.039816232771822356,0.011387005031721723,24,0.036753445635528334,65679,11.805344226206715,14.887633531107669,197.8333928017717,11.706845508011043,15.23079621201795,11.693515852131963,12.878786123646236,276.0363142548933,0.0,False
309,309000,0.02072310405643739,0.002380952380952381,0.009721171992886402,0.023809523809523808,0.007149155958679768,0.013449367088607595,0.0031645569620253164,0.010030322405935831,0.03164556962025317,0.015984779987944543,0.017411143131604224,0.0027377521613832856,0.009861937887012654,0.027377521613832854,0.011172293124742692,26,0.037463976945244955,65679,11.78566277515447,15.353192654748993,171.36056604155624,11.684382107898795,15.612863226807661,11.715193217951004,12.900854580999432,250.41271460511658,0.0,False
310,310000,0.024655647382920108,0.0035812672176308543,0.011200862583841174,0.03581267217630854,0.008737811010538284,0.01857142857142857,0.0025714285714285717,0.011848891043425808,0.025714285714285714,0.011554421768707484,0.02166900420757363,0.003085553997194951,0.01151896912080418,0.030855539971949508,0.010120439012444622,33,0.04628330995792426,65679,11.736524314839848,15.806692747255546,190.4431532723655,11.683118635003042,15.779387511224986,11.800560813374217,13.334424862440631,270.5838621565038,0.0,False
311,311000,0.024932249322493223,0.0035230352303523035,0.01091998493073858,0.03523035230352303,0.007873058889319051,0.019444444444444445,0.002976190476190476,0.00853687416681767,0.026785714285714284,0.007675500755857899,0.02231678486997636,0.003262411347517731,0.009784204481550743,0.031205673758865248,0.007778903523584373,28,0.03971631205673759,65679,11.724100676874238,16.073718853260033,180.53310316791527,11.71441348950253,15.393330431337503,11.726296806985337,13.586238882756785,260.75120230863166,0.0,False
312,312000,0.03323214285714285,0.005,0.021654098848410852,0.045,0.02084325396825397,0.026293103448275863,0.004597701149425287,0.014773089306392262,0.04310344827586207,0.015245849297573435,0.030003819709702062,0.004812834224598931,0.018452773553461022,0.04411764705882353,0.01823911382734912,24,0.03208556149732621,65679,11.762354489894268,16.163388586024062,195.94200142465655,11.665789759376931,15.282651577477878,11.701032654493071,12.608752311835115,275.12597080375787,0.0,False
313,313000,0.035800970873786406,0.004368932038834952,0.016182455416008098,0.038834951456310676,0.01014986900909231,0.011542703687718793,0.0027190332326283992,0.008011572593529118,0.02416918429003021,0.010149618759890663,0.02499412506141981,0.0036339165545087484,0.012542398600071968,0.03230148048452221,0.010149757525262235,18,0.024226110363391656,65679,11.74217987096049,13.189229438381744,178.0497769067607,11.68018558017625,15.992571369957687,11.737228421654367,12.696024071945367,255.08719565983662,0.0,False
314,314000,0.02676056338028169,0.0039436619718309866,0.01389522454278797,0.036619718309859155,0.012366420746702437,0.02876923076923077,0.004923076923076923,0.017573141847475184,0.04923076923076923,0.019376068376068378,0.02772058823529412,0.004411764705882353,0.015653052666351714,0.04264705882352941,0.015716619981325862,28,0.041176470588235294,65679,11.715021085254019,16.11662331384156,188.47940721417044,12.035716119587757,15.14959617895939,11.711891936549979,12.795163477866133,268.0034193262293,0.0,False
315,315000,0.029964061096136568,0.003773584905660377,0.015489125155235829,0.03773584905660377,0.012634236084370854,0.017595307917888565,0.0020527859237536657,0.00648460275069961,0.020527859237536656,0.0035760834147930925,0.024040262172284645,0.002949438202247191,0.011176565969917217,0.02949438202247191,0.00829599161762083,24,0.033707865168539325,65679,11.740056591616476,15.304646729608073,192.60864455264425,11.703188666140063,15.965136055409722,11.717393549340315,12.562141578409403,271.6012077231683,0.0,False
316,316000,0.02223719676549865,0.002964959568733154,0.01149133506882352,0.029649595687331536,0.009748427672955974,0.034676616915422884,0.004776119402985075,0.017622662087652206,0.04776119402985075,0.015816157308694623,0.02813975448536355,0.003824362606232295,0.014400675793055262,0.03824362606232295,0.012627591168667655,24,0.0339943342776204,65679,11.74868639357285,15.313860163748693,185.17567350288812,11.693494224598865,15.196093722108506,11.688538203505349,13.259372875204512,264.07571908562693,0.0,False
317,317000,0.01691604322527016,0.0022443890274314216,0.007522307322147144,0.022443890274314215,0.004931124569528559,0.028706467661691545,0.0050746268656716425,0.012728469248183535,0.04776119402985075,0.009655294953802417,0.022282608695652174,0.003532608695652174,0.009891959829242512,0.033967391304347824,0.007081392339544512,29,0.03940217391304348,65679,11.740468346593813,16.615859123852992,170.28918435216255,11.68233720208467,15.29352867497835,11.69593298457061,12.520719849085094,249.8380305333281,0.0,False
318,318000,0.018990169794459336,0.002680965147453083,0.007819322870751365,0.024128686327077747,0.005350227669262522,0.020652120497321735,0.004024767801857586,0.012644364181541733,0.04024767801857585,0.01280529755761954,0.019761448640758985,0.0033045977011494257,0.010058530260672757,0.031609195402298854,0.008809979930669587,28,0.040229885057471264,65679,11.75150594079355,16.853665493934965,176.7288684807189,11.674927589550022,15.105800076881115,11.680950000383937,12.66350683722106,256.4592244194835,0.0,False
319,319000,0.022044444444444443,0.0032000000000000006,0.009072967201799733,0.029333333333333333,0.006906878306878306,0.025462962962962958,0.004126984126984127,0.015555469647194942,0.04126984126984127,0.016026706979087934,0.023605072463768112,0.0036231884057971015,0.01203237049208885,0.034782608695652174,0.01107027835288705,24,0.034782608695652174,65679,11.741532602457806,14.821684909085974,174.52047252379532,11.80680222874486,15.302069509351423,11.704203324497398,12.412766242822503,252.30953134075526,0.0,False
320,320000,0.02381344307270233,0.0034567901234567903,0.011265698989704516,0.0345679012345679,0.010053889868704681,0.015441959531416399,0.001916932907348243,0.007890888716207719,0.019169329073482427,0.0068461889548151545,0.020164035902197463,0.002785515320334262,0.009794507324517194,0.027855153203342618,0.008655546712649778,18,0.025069637883008356,65679,11.74954557883745,14.23106006130659,183.06205345530736,12.003633069579411,16.268581662870485,11.828393867291398,12.79134836607021,261.9346160612629,0.0,False
321,321000,0.022121993127147764,0.003350515463917526,0.009222283797361916,0.030927835051546393,0.006299091801669121,0.028307692307692305,0.0036923076923076922,0.01682561679969882,0.036923076923076927,0.014205128205128204,0.02494156147732585,0.0035063113604488078,0.012688038672199914,0.033660589060308554,0.009902825085153276,33,0.04628330995792426,65679,11.908511360750328,15.802180051052716,189.8595643735207,11.675130272323365,15.365250021492916,11.838405455932843,12.824737992717106,269.27377952779,0.0,False
322,322000,0.01832460732984293,0.002879581151832461,0.010570832561024068,0.028795811518324606,0.010369400814426992,0.028343023255813952,0.00436046511627907,0.013233022946167551,0.0436046511627907,0.010515873015873017,0.023071625344352618,0.0035812672176308543,0.01183225610439784,0.03581267217630854,0.010438803620621804,21,0.028925619834710745,65679,11.774146864679258,14.90390818748022,186.1801587332984,11.68133970824714,15.80217628038838,11.852218768135248,12.943679247617856,265.13762778984653,0.0,False
323,323000,0.021918941273779982,0.003225806451612904,0.012727718652283735,0.02977667493796526,0.011483319547835678,0.021710253217102533,0.003287671232876713,0.010268010971562123,0.03287671232876712,0.008359425962165688,0.0218197601010101,0.003255208333333334,0.011558716955065782,0.03125,0.009998656580687831,16,0.020833333333333332,65679,12.017451637577615,14.284217100188346,200.92781347907928,11.939108734190796,16.06493491222716,11.934990317555293,12.032857578711532,279.20137375953,0.0,False
324,324000,0.017140151515151514,0.002272727272727273,0.008444978038755423,0.022727272727272728,0.006605113636363637,0.01430010070493454,0.0030211480362537764,0.009649769203304561,0.027190332326283987,0.01124418548889848,0.015763787213274767,0.002635431918008785,0.00902885194134073,0.024890190336749635,0.008853331474122105,32,0.04685212298682284,65679,11.884530721054109,16.967923965882648,173.25804062579,11.695803751238243,15.205926105016365,11.712066749713923,14.064656700993329,254.78894861968863,0.0,False
325,325000,0.029122340425531912,0.0037234042553191487,0.014335963279703458,0.03723404255319149,0.010832489023978384,0.03133195307108351,0.00463768115942029,0.01859948802955609,0.043478260869565216,0.015784449045318612,0.030179644673403342,0.004160887656033287,0.016376068742531693,0.04022191400832178,0.013202012196464347,27,0.03744798890429958,65679,11.75927072631644,14.802234911417965,180.71455037188545,11.68103448541402,15.417975720910526,11.699829262495909,12.89983115247695,258.97472663091725,0.0,False
326,326000,0.01425,0.0017500000000000003,0.0067543786806508735,0.0175,0.004732142857142857,0.023570658036677454,0.0038834951456310687,0.011183907401934126,0.038834951456310676,0.011546463245492371,0.01831217677480019,0.0026798307475317347,0.008684878504172065,0.02679830747531735,0.0077019947612331245,14,0.019746121297602257,65679,11.759113026005297,12.98604371093026,181.51365214433278,11.684497882039068,15.72537993933809,11.721452930851806,13.637435395078,259.0275750285753,0.0,False
327,327000,0.026184226971628546,0.003937007874015748,0.013948789272413305,0.03937007874015748,0.013111902678831812,0.026260710773985108,0.004424778761061947,0.01225929532326163,0.04424778761061947,0.01174088120990776,0.02622023809523809,0.004166666666666667,0.013153319204687723,0.041666666666666664,0.012466380070546738,26,0.03611111111111111,65679,11.83808921052798,16.433838466306526,197.65885127688566,11.804973143625386,16.005675391547737,11.76891949675185,12.523433789629612,278.03378077527475,0.0,False
328,328000,0.019494430162810626,0.002827763496143959,0.00938441605725743,0.028277634961439587,0.008353735667360345,0.022891250163977438,0.0035812672176308547,0.01628108437674741,0.03305785123966942,0.017840745113472386,0.021134118541033434,0.003191489361702128,0.012713525897649534,0.030585106382978722,0.012933236237757516,30,0.0398936170212766,65679,11.740421247574684,15.502483411644619,188.48577972915837,11.663648031609576,15.683644532485385,11.67837112872605,12.65747192984168,267.41182001104033,0.0,False
329,329000,0.03916321145872597,0.005277044854881266,0.01662875015482525,0.047493403693931395,0.01225028269883151,0.018810916179337233,0.0026315789473684214,0.012637870430628372,0.02631578947368421,0.012661282836721433,0.029509279439931316,0.004022191400832178,0.014735711506177078,0.03744798890429958,0.012445236994474165,26,0.036061026352288486,65679,11.715837460513079,14.611836330488682,182.2600602741503,11.70021975402391,15.720676891775586,11.789811525983463,12.85521473651241,260.6536569734474,0.0,False
330,330000,0.014583333333333335,0.0017500000000000003,0.008927193052945457,0.0175,0.007447420634920635,0.02094952094952095,0.003003003003003003,0.01191221953934317,0.03003003003003003,0.01062610229276896,0.01747547586565322,0.002319236016371078,0.010283282848266656,0.023192360163710776,0.008891487472660733,21,0.0286493860845839,65679,11.873754799981985,13.966937970552596,198.598378737036,11.813269640587043,16.357923470600166,11.817645037201508,12.284237150925193,276.7121468068845,0.0,False
331,331000,0.016425120772946857,0.0026086956521739132,0.007939942308283314,0.02608695652173913,0.007008281573498964,0.02297357814599194,0.005329153605015674,0.016915855307892264,0.03761755485893417,0.020045280390107976,0.019571141709695927,0.00391566265060241,0.012252165571649662,0.03162650602409638,0.01327153853509275,29,0.043674698795180725,65679,12.226413718022243,15.36568027279972,185.73096623984708,11.713751962530438,15.26131891278759,11.726469040601595,13.103175526621435,265.1277756732101,0.0,False
332,332000,0.019303201506591337,0.002824858757062147,0.008156357442988312,0.02824858757062147,0.006939960541655458,0.029295754446356858,0.0051204819277108436,0.013976662182820194,0.04819277108433735,0.013131095811818701,0.024139247535748993,0.003935860058309038,0.01097318131124514,0.037900874635568516,0.009936253412929799,21,0.030612244897959183,65679,11.823957424453301,13.830548258583764,175.42421840946454,11.685862015081705,15.839275253337615,11.690948303152982,12.885173685958652,253.17998335003256,0.0,False
333,333000,0.01941340782122905,0.002793296089385475,0.010105698230909014,0.027932960893854747,0.008961824953445064,0.013824662813102118,0.002601156069364162,0.007949655334239018,0.02601156069364162,0.007598174144416919,0.016666666666666666,0.0026988636363636364,0.009046052148170634,0.026988636363636364,0.008291621572871572,20,0.028409090909090908,65679,11.73382641866949,14.047196362748648,173.1960119957521,11.663058671076975,15.524745137482366,11.687801036677769,12.436028780205,250.28866840261233,0.0,False
334,334000,0.007129952251903471,0.0018970189701897021,0.004558834238387016,0.018970189701897018,0.007317073170731708,0.019706653556211078,0.004129793510324484,0.014201404125085042,0.038348082595870206,0.016989745750807698,0.013151847367949063,0.0029661016949152543,0.009175827446848358,0.02824858757062147,0.011948479956954533,30,0.0423728813559322,65679,11.77457054024611,15.07616186910421,192.55055071080994,11.763069634129764,16.308743643556056,11.770337353902981,15.155102805003429,274.39853655675245,0.0,False
335,335000,0.02466203872853489,0.0033248081841432226,0.017552512689578473,0.03324808184143223,0.017988064791133844,0.022435897435897436,0.0032544378698224855,0.010879751849269538,0.03254437869822485,0.009709307786230862,0.023629890913841527,0.003292181069958848,0.014458694906280229,0.03292181069958848,0.014149628758682257,20,0.027434842249657063,65679,11.833849310013967,15.012928755678278,180.95311218928322,11.671628539725031,15.743636120474358,11.690810282585783,12.601445694357395,259.507410892118,786.2858770872755,True
336,336000,0.03539982030548068,0.005390835579514825,0.01724652439089154,0.04851752021563342,0.015222692850725195,0.013280463242698892,0.002719033232628399,0.009249077114830249,0.02416918429003021,0.011987483815278378,0.024970322886989558,0.004131054131054131,0.01347564825360338,0.037037037037037035,0.013697259530592865,17,0.024216524216524215,65679,11.8386539711135,15.444632454425511,206.54034848609226,11.66740346336681,15.212671996459036,11.689238198289708,12.57117981651179,284.96412838625866,0.0,False
337,337000,0.03262108262108262,0.004166666666666667,0.01848840912189498,0.041666666666666664,0.015381393298059964,0.016045548654244304,0.0034161490683229817,0.012854707059396451,0.031055900621118012,0.01539855072463768,0.024795097375742536,0.003812316715542522,0.015828508734615616,0.036656891495601175,0.015389494018526276,17,0.024926686217008796,65679,11.786969079261024,13.986278274993879,180.35576304048507,11.699210560642271,15.399404530602734,12.9701579734548,12.1570781783098,258.35486163774954,0.0,False
338,338000,0.029590948651000874,0.00339425587467363,0.016318467913212942,0.033942558746736295,0.012931534667827095,0.02535211267605634,0.004225352112676057,0.015119731046153191,0.03943661971830986,0.015272747596691255,0.02755194218608853,0.0037940379403794042,0.01574183974545385,0.036585365853658534,0.014057727878866088,22,0.02981029810298103,65679,11.781631300500361,14.989288891126273,206.48051193081218,12.26108051718966,17.570165286320826,11.758865534519657,12.781574980191834,287.62311844066085,0.0,False
339,339000,0.015796703296703296,0.002472527472527473,0.009012587748428669,0.024725274725274724,0.009676434676434677,0.024652777777777777,0.0041666666666666675,0.014725330335724315,0.03571428571428571,0.0125,0.020047619047619047,0.003285714285714286,0.01175470419033058,0.03,0.011031746031746031,14,0.02,65679,12.418906095990057,14.316401941008582,211.551594397702,12.029093370669042,15.774992019185197,11.894825143729527,12.625338657507035,290.6111516257914,0.0,False
340,340000,0.027191894127377995,0.003473945409429281,0.014876169259253306,0.034739454094292806,0.013432982787821499,0.023699102829537615,0.004057971014492754,0.011805317626952794,0.04057971014492753,0.012024384633080287,0.025580914183855354,0.0037433155080213902,0.013459800525104008,0.0374331550802139,0.012783295136236314,21,0.02807486631016043,65679,11.90039859665093,13.706607807167925,198.33907803719353,11.70057526365953,16.1661183398637,11.807390659437921,12.4382597038869,276.05842840786045,0.0,False
341,341000,0.02830188679245283,0.0032345013477088954,0.01270055887997141,0.03234501347708895,0.009062807512942283,0.04787855196574542,0.006267029972752043,0.023833074077188956,0.05994550408719346,0.019034643830284154,0.038037166085946574,0.0047425474254742545,0.018236647060701546,0.04607046070460705,0.014021701724953756,26,0.03523035230352303,65679,11.730947833438199,14.731664355102648,174.69789529422908,11.67499823830076,16.105578182601388,11.697890199169336,13.430872993241971,254.06984709608338,0.0,False
342,342000,0.028291666666666666,0.004,0.012743258377462641,0.04,0.00919345238095238,0.031003039513677808,0.004559270516717325,0.01628776834415283,0.0425531914893617,0.014980460269214067,0.029515317786922724,0.004252400548696845,0.014342906908383178,0.0411522633744856,0.01180514729897446,24,0.03292181069958848,65679,11.747580619655974,14.83149499940939,186.56301362741934,11.675367433183759,15.620433848492766,11.71026042537382,12.780865083536487,264.92901603707156,0.0,False
343,343000,0.02615873015873016,0.003466666666666667,0.014093193049236665,0.034666666666666665,0.01578095238095238,0.032861635220125786,0.0056603773584905665,0.022356416474100107,0.05660377358490566,0.02702156334231806,0.029234522091664945,0.004473304473304474,0.01788497522687963,0.044733044733044736,0.02093898165326737,22,0.031746031746031744,65679,11.808238876614974,15.653771869267308,186.5566519711481,11.714779483307236,15.575883360693933,11.684480401064068,12.087095871859965,265.0809018339556,0.0,False
344,344000,0.013180272108843536,0.0017857142857142859,0.006583124136217635,0.017857142857142856,0.005934159378036929,0.02455837173579109,0.005483870967741936,0.01451581361585432,0.041935483870967745,0.015088325652841782,0.01820478903812237,0.0034188034188034192,0.01008616365001731,0.02849002849002849,0.009976597476597475,28,0.039886039886039885,65679,11.73484006536385,14.668636873313435,174.3576886517467,11.69298846330491,15.726837941931748,11.701775052108676,13.420430084717939,253.3031971324873,0.0,False
345,345000,0.013157894736842105,0.0013157894736842105,0.00719283783036474,0.013157894736842105,0.005372807017543859,0.02391304347826087,0.002898550724637681,0.014346570225889324,0.028985507246376812,0.012652403956751785,0.018275862068965518,0.0020689655172413794,0.010597027728924714,0.020689655172413793,0.008836891078270388,30,0.041379310344827586,65679,11.781393773016568,16.7910556565648,187.3163271213646,11.762205155183004,15.371324947180408,11.711447756371228,12.449718570825553,267.18347298050617,0.0,False
346,346000,0.023858742463393628,0.0041343669250646,0.014558412833237576,0.03617571059431524,0.015097822074566261,0.027917401528512638,0.00462962962962963,0.014265432324589263,0.040123456790123455,0.012555114638447972,0.025708257986738998,0.004360056258790437,0.014424902728030752,0.0379746835443038,0.013939119951778179,18,0.02531645569620253,65679,11.717666226651602,14.545738711443935,205.00971847189908,11.702416494535628,15.662860086418373,11.706521948151583,13.14913263537887,283.4940545744791,0.0,False
347,347000,0.032888888888888884,0.004266666666666667,0.01535823705308025,0.04,0.011225396825396826,0.023876782351358622,0.00423728813559322,0.014599193577724684,0.03954802259887006,0.014769975786924938,0.028512639623750734,0.004252400548696845,0.014989648040356147,0.039780521262002745,0.012946632699719119,27,0.037037037037037035,65679,11.792660956314037,17.40276188191836,184.19646656742117,11.68026885359219,15.459864348282837,11.688245199453773,12.135254753756207,264.35552256073856,0.0,False
348,348000,0.023005877413937868,0.00327455919395466,0.014906197965932495,0.030226700251889168,0.014027827755787455,0.018040009526077636,0.002786377708978328,0.011409148044241544,0.02476780185758514,0.011231510147918814,0.0207781339031339,0.0030555555555555557,0.013337382514951694,0.027777777777777776,0.012773368606701939,23,0.03194444444444444,65679,11.752148255009253,14.218419802480842,169.4689462115595,11.665782493813781,15.148186334121295,11.666564898482612,12.384563236184087,246.3046112316514,0.0,False
349,349000,0.013877113099911027,0.0028497409326424875,0.007214171468647193,0.02849740932642487,0.007558187350933465,0.029362468671679198,0.004605263157894737,0.01871749766401586,0.04276315789473684,0.017355889724310777,0.020699646569211787,0.0036231884057971015,0.012282303589505272,0.034782608695652174,0.011874856222682308,14,0.020289855072463767,65679,11.733776003219898,13.50335635222355,191.8330531560375,11.659432845576024,15.557212462130598,11.702010262779062,12.666343401093737,268.65518448306034,0.0,False
350,350000,0.02540106951871658,0.0034759358288770055,0.011312877899790583,0.034759358288770054,0.00882246838129191,0.012232415902140673,0.0015290519877675841,0.004762127458813611,0.01529051987767584,0.002990146109412164,0.01925820256776034,0.002567760342368046,0.008257107009349115,0.025677603423680456,0.006101827321513483,26,0.037089871611982884,65679,11.767851177971188,15.609648722242353,189.50042740120688,11.783405740178887,15.784461979376218,11.920026281073138,13.337783486791487,269.70360478884015,0.0,False
351,351000,0.024793388429752067,0.0035812672176308543,0.01620685522857004,0.03581267217630854,0.016628405264768904,0.022222222222222223,0.004129793510324484,0.011768608056175493,0.038348082595870206,0.013831530645689939,0.023551756885090216,0.0038461538461538464,0.014063599115405154,0.037037037037037035,0.015277777777777779,24,0.03418803418803419,65679,11.839161300861157,14.368384556429081,197.91409385325198,11.707624198040168,15.626246364697227,11.684116661025978,12.13684738213261,275.2764743164382,0.0,False
352,352000,0.03640350877192982,0.004210526315789474,0.018417686268024737,0.042105263157894736,0.013894110275689224,0.014747191011235955,0.0022471910112359553,0.010689977061330451,0.02247191011235955,0.010115703584804708,0.025928442028985504,0.003260869565217392,0.014679826923482391,0.03260869565217391,0.012066511387163562,22,0.029891304347826088,65679,11.754674616643035,13.814148061577768,179.68018594596847,11.686732813084856,15.382265152893982,11.745659268411202,12.775917043683638,256.839582902263,0.0,False
353,353000,0.024579124579124575,0.004292929292929294,0.010144770206891928,0.04040404040404041,0.00749659291325958,0.03683737646001797,0.00431266846361186,0.019859864259497186,0.0431266846361186,0.015506139562743337,0.030508474576271184,0.004302477183833116,0.014843987799481954,0.041720990873533245,0.011370832557273235,31,0.04041720990873533,65679,11.800108057652414,14.43493005764962,185.30268109730187,11.655386928016709,15.497700892624922,11.699284401853195,12.572284076597938,262.9623755116967,0.0,False
354,354000,0.02753195673549656,0.003244837758112095,0.012437324333158568,0.032448377581120944,0.008669288757784332,0.04608333333333333,0.006857142857142857,0.023497402407953435,0.06571428571428571,0.02130045351473923,0.03695573294629898,0.005079825834542816,0.01805565136679892,0.04934687953555878,0.015085700463058953,28,0.040638606676342524,65679,11.892377941219445,14.005778992701167,190.67975342157428,11.687162321527556,15.30491361789732,11.764612660974949,13.06584501775676,268.4004439736515,0.0,False
355,355000,0.015296803652968035,0.0019178082191780822,0.009273736603641093,0.019178082191780823,0.008344205262013482,0.022928994082840236,0.0032544378698224855,0.011192352751801206,0.029585798816568046,0.008316896778435239,0.018966334755808438,0.0025604551920341396,0.010196200697635572,0.02418207681365576,0.008331075436338594,19,0.02702702702702703,65679,11.820645418117447,14.168927011407039,187.23742989674997,11.731040256895975,15.675326974259885,11.868103024323396,12.253378250448588,264.7548508322023,0.0,False
356,356000,0.022735042735042732,0.0035897435897435893,0.012480669213411047,0.035897435897435895,0.01258140008140008,0.03702594810379241,0.005089820359281438,0.024922703279658627,0.05089820359281437,0.02569741469442068,0.029327808471454875,0.0042817679558011055,0.01822050260861366,0.04281767955801105,0.01863215820398141,23,0.031767955801104975,65679,11.784748219959006,15.619458652041395,200.57057089184482,11.960444663519642,16.011749427086166,11.691256621426671,12.558941306112237,280.1971697819899,0.0,False
357,357000,0.02046632124352332,0.0028497409326424875,0.008896191034084087,0.025906735751295335,0.00583621185952792,0.030909173602583346,0.004584527220630373,0.015175332146145835,0.045845272206303724,0.014560876881793786,0.025424900118777672,0.0036734693877551023,0.011877715181171911,0.03537414965986395,0.009978943958535795,25,0.034013605442176874,65679,11.786619695045019,16.05977285125404,192.29658718925015,11.799873214507484,15.672142285969027,11.760972128141422,13.137992689177258,272.5139600533444,0.0,False
358,358000,0.013108108108108108,0.001891891891891892,0.00826636569904311,0.01891891891891892,0.008253968253968253,0.033188917415489946,0.005182926829268293,0.01661376444231753,0.04878048780487805,0.013801780874951606,0.022544362338511034,0.00343839541547278,0.012188925566942838,0.0329512893982808,0.010860963296493381,28,0.04011461318051576,65679,11.932121585483957,17.05504736976282,192.54907152344015,11.684405920225904,15.404092466045348,11.733345665981831,13.551133245304214,273.9092177762442,0.0,False
359,359000,0.020241171403962102,0.002583979328165375,0.011149918995186612,0.025839793281653745,0.008835773758254378,0.03324697754749568,0.0036269430051813476,0.0181180255004357,0.03626943005181347,0.014693848178304136,0.026735661923242775,0.003104786545924968,0.014629465063784474,0.031047865459249677,0.01176102178689501,19,0.02457956015523933,65679,11.773573203963107,14.224111542782136,199.1119063335378,11.728779680156286,15.59255059700726,11.965284777107343,13.272471031652856,277.6686771662068,0.0,False
360,360000,0.024534686971235193,0.003299492385786802,0.014131330077637378,0.027918781725888325,0.01236201756506325,0.015327380952380953,0.002678571428571428,0.008194850573743967,0.026785714285714284,0.008290816326530611,0.020296803652968036,0.0030136986301369864,0.011398923073105617,0.0273972602739726,0.010488149597738639,16,0.021917808219178082,65679,11.781846549915876,14.419273586030457,188.40322696178634,11.668954950250221,15.52247824751496,11.687571550414443,12.067944652957575,265.5512964988699,0.0,False
361,361000,0.02135678391959799,0.002512562814070352,0.012952155855564937,0.02512562814070352,0.010608598548297038,0.02494855967078189,0.0037037037037037043,0.0114442637023367,0.037037037037037035,0.010814716833235353,0.02296860572483841,0.0030470914127423824,0.012275484030570548,0.030470914127423823,0.01070109484236908,19,0.02631578947368421,65679,12.76556038523613,18.400299213905402,227.95371377651307,11.840431066237333,16.167695193886054,11.955136310595748,12.803946274619893,311.8867822209936,0.0,False
362,362000,0.012670565302144249,0.0017543859649122807,0.009206233563123166,0.017543859649122806,0.008950617283950617,0.03328002842928216,0.004477611940298508,0.016085273986137117,0.04477611940298507,0.013121298270552001,0.02286874868115636,0.00310192023633678,0.012610190050138933,0.0310192023633678,0.011014395910998571,29,0.04283604135893648,65679,12.014410285546283,15.82872463487539,210.46979772865183,11.681948091465944,20.048997884186683,11.679683552492936,12.778686682868301,294.5022488600873,0.0,False
363,363000,0.02452667814113597,0.002710843373493976,0.011182956100656343,0.02710843373493976,0.00804408108624976,0.014187796330653474,0.0035714285714285718,0.007381217656984465,0.03273809523809524,0.009315948601662885,0.019326282499935194,0.0031437125748502996,0.00927070442839025,0.029940119760479042,0.008683822830529417,17,0.025449101796407185,65679,11.756911947630178,13.55102019334753,170.98269560449074,11.666653527489522,15.062935236662135,11.698865610934583,12.73588920391866,247.45497132447332,0.0,False
364,364000,0.0337719298245614,0.00368421052631579,0.01239855347717645,0.03684210526315789,0.00638157894736842,0.03151135005973715,0.00456989247311828,0.0193574413690175,0.0456989247311828,0.01939537463731012,0.03265366430260047,0.004122340425531916,0.01584098206197016,0.041223404255319146,0.012819254474839583,26,0.034574468085106384,65679,11.731836654510497,15.293758252113431,184.1745965488334,11.675718182183047,16.05392849035603,11.690219815896352,12.350012608838835,262.97007055273156,0.0,False
365,365000,0.019498607242339833,0.0025069637883008357,0.007829865249503081,0.025069637883008356,0.0052604235751868055,0.022916666666666665,0.0030555555555555557,0.01218160556683049,0.030555555555555555,0.009975749559082892,0.02121001390820584,0.0027816411682892906,0.01000876165317188,0.027816411682892908,0.0076213656533545265,24,0.03337969401947149,65679,11.781716748524019,15.254969526146134,190.4184298383571,11.70243905150581,15.409849521072495,11.798630261308784,13.201667640350134,269.5677025872645,0.0,False
366,366000,0.03589186438023648,0.005426356589147287,0.02134783950949524,0.04909560723514212,0.02147881547106353,0.025829081632653055,0.004464285714285714,0.016497145709047395,0.041666666666666664,0.017302059712773998,0.031215384431152064,0.004979253112033195,0.019093575170697902,0.04564315352697095,0.019537750554348064,13,0.017980636237897647,65679,11.944940109726021,13.53356916357351,184.37851181171695,11.798706770010936,15.47561613822468,11.692323834577856,12.179770122092147,261.00343794992204,0.0,False
367,367000,0.0173992673992674,0.0030769230769230774,0.008150039524923991,0.03076923076923077,0.00913105413105413,0.025049603174603172,0.004464285714285714,0.01494254835974171,0.044642857142857144,0.01681901927437642,0.020939918667191394,0.0037190082644628104,0.011293679977401614,0.0371900826446281,0.0126891206436661,17,0.023415977961432508,65679,11.7287426487922,14.174481522591375,181.04752334018036,11.678292631572829,15.417290783720228,11.705187191693444,13.090450188726898,258.84196830727734,0.0,False
368,368000,0.02269681742043551,0.0037688442211055275,0.011700530590901264,0.035175879396984924,0.010720268006700168,0.028100775193798447,0.00436046511627907,0.016876130329304042,0.0436046511627907,0.015891472868217054,0.025202156334231805,0.004043126684636119,0.014100000011400665,0.03908355795148248,0.01311769991015274,14,0.018867924528301886,65679,11.807385007195359,14.126774887962545,183.41134371385738,11.66378085173947,15.652299974980298,11.77024181860109,12.027735768138648,260.45956202247476,0.0,False
369,369000,0.014286859524954763,0.002380952380952381,0.00856613808607514,0.023809523809523808,0.008490803728898965,0.018926553672316385,0.003672316384180791,0.010962364009908654,0.03672316384180791,0.012790332705586945,0.01653064603884276,0.003005464480874317,0.009724968655797904,0.030054644808743168,0.010570084135657907,16,0.02185792349726776,65679,11.792329372192768,13.641312368251057,182.57292385435997,11.697550951553225,15.486679901435817,11.73222708775179,12.786785436647019,259.70980897219164,0.0,False
370,370000,0.02710027100271003,0.0032520325203252037,0.011579443711941983,0.032520325203252036,0.007312771540413817,0.05296610169491525,0.006779661016949153,0.023457220383633702,0.06497175141242938,0.01741435745673034,0.039764868603042874,0.0049792531120331955,0.01739511859683668,0.048409405255878286,0.012258776262925639,22,0.030428769017980636,65679,11.827981157203071,14.013232512877227,175.34590144140105,11.68300922563259,15.364561389882848,11.682430524420639,12.438170903752987,252.35528715517043,0.0,False
371,371000,0.01723433242506812,0.0021798365122615805,0.00907320783968255,0.021798365122615803,0.007186107867306777,0.026291079812206568,0.0036619718309859155,0.015022076958132227,0.036619718309859155,0.01310976972948804,0.02168744228993536,0.0029085872576177286,0.011998205813435508,0.029085872576177285,0.010098711691509474,27,0.037396121883656507,65679,11.754151872767071,14.751972896728805,168.44012786869368,11.669833281047204,15.210117295841318,11.680422061871587,12.57261632751916,246.07924160446882,0.0,False
372,372000,0.023255813953488372,0.0028423772609819124,0.011410605992223846,0.028423772609819122,0.008814240597186334,0.021448248720975994,0.0030303030303030307,0.010441118858239128,0.027548209366391185,0.007862171498535134,0.02238095238095238,0.0029333333333333334,0.01094137421937524,0.028,0.008353439153439154,30,0.04,65679,11.791101436481322,15.06125829163485,182.48177290268453,14.943354482863104,17.24292061472399,11.95671113296548,12.546915246658408,266.0240341080117,0.0,False
373,373000,0.027876106194690265,0.003244837758112095,0.011961309541741141,0.032448377581120944,0.0073863370323547315,0.00552282768777614,0.0015463917525773197,0.0031145310985729,0.01288659793814433,0.003006872852233677,0.015946158380821376,0.0023383768913342504,0.007239782669733882,0.02200825309491059,0.0050490163970219,26,0.03576341127922971,65679,11.964521381677141,15.221778920826434,211.90577245712439,11.85237216282109,16.729482024135933,11.867448198865649,12.632061120759763,292.1734362662104,0.0,False
374,374000,0.024853801169590642,0.0029239766081871343,0.011666373886784608,0.029239766081871343,0.00790982084841734,0.02223161295169409,0.004310344827586207,0.012942301101051127,0.04310344827586207,0.014992702061667577,0.023531306242303682,0.0036231884057971015,0.012309885003545113,0.036231884057971016,0.011482056590752241,22,0.03188405797101449,65679,11.854844230108075,14.374473857436953,181.11400899620267,11.664710445724591,15.161492319740177,11.697051918627132,12.795286396249939,258.6618681640895,0.0,False
375,375000,0.031107954545454543,0.004261363636363636,0.013398560193534675,0.04261363636363636,0.009785353535353534,0.028703703703703707,0.004057971014492754,0.015955215108341782,0.04057971014492753,0.01359903381642512,0.02991790212019767,0.004160688665710187,0.0146640493550963,0.04160688665710186,0.011673043201020245,22,0.03156384505021521,65679,11.724181076533391,13.28848860769616,182.49500972565556,11.664526863422452,15.845151930371504,11.71495604002093,13.189518819956003,259.921833063656,0.0,False
376,376000,0.023368606701940037,0.0029100529100529104,0.012049394789332124,0.0291005291005291,0.009810405643738977,0.009381656434030822,0.0025936599423631124,0.00760996405505443,0.020172910662824207,0.011983669548511046,0.01667416291854073,0.002758620689655172,0.009924591389615765,0.02482758620689655,0.010850574712643678,23,0.031724137931034485,65679,11.788608923271603,14.17714261917058,169.26523288393614,11.742338035289347,16.350795089908885,11.740402758156353,12.545526437993114,247.61004674772602,0.0,False
377,377000,0.033018296377075006,0.004071246819338422,0.018564435482668857,0.03816793893129771,0.016634355183973507,0.02401129943502825,0.002824858757062147,0.009020573737241388,0.02824858757062147,0.0048493408662900195,0.028749920316185375,0.0034805890227576977,0.01404164156314901,0.03346720214190094,0.01104948896113555,19,0.025435073627844713,65679,11.751496781328697,13.935624195188234,183.42543523459932,11.709513775950974,16.11172473454936,11.72248075997917,12.549135121039946,261.2054106026357,0.0,False
378,378000,0.01475225225225225,0.002162162162162162,0.006348002242570479,0.021621621621621623,0.004680394680394681,0.024904214559386975,0.003735632183908046,0.013528747756305515,0.03735632183908046,0.012319832147418355,0.019672701949860726,0.002924791086350975,0.009828363577918381,0.02924791086350975,0.008383074678339302,16,0.022284122562674095,65679,11.71985339896986,13.651225914665389,170.65523709253182,11.673504803355605,15.378311627095576,11.684932728170395,12.30292879796091,247.06599436274954,0.0,False
379,379000,0.03112139917695473,0.004012345679012346,0.017639843883671177,0.040123456790123455,0.017317019400352733,0.035350440444274225,0.0050938337801608585,0.022357289565180762,0.04825737265415549,0.021640282565215538,0.033384573341531734,0.004591104734576757,0.02016438798582767,0.04447632711621234,0.019630616474231966,18,0.02582496413199426,65679,11.73054241389304,12.72096543802892,180.7838760578273,11.762983047183816,15.589853554612287,11.729532577511858,13.032292303830072,257.3500453928873,0.0,False
380,380000,0.026838586437440307,0.004011461318051576,0.018772459874524295,0.04011461318051576,0.021848137535816617,0.018593073593073595,0.0034285714285714284,0.011161178524003808,0.03142857142857143,0.010444444444444444,0.02270993193739975,0.0037195994277539344,0.014961374792003306,0.0357653791130186,0.016138133841996503,14,0.020028612303290415,65679,11.830534361850775,14.766389273515589,182.4968283708206,11.701519208331955,15.578730195836554,11.93342866991076,12.39627729948678,260.703707379753,0.0,False
381,381000,0.020795795795795796,0.002702702702702703,0.012633174078729624,0.02702702702702703,0.012075289575289574,0.02264492753623188,0.0040372670807453425,0.016999283667385356,0.040372670807453416,0.023378191856452728,0.021656229929351317,0.0033236994219653184,0.014664803106976943,0.033236994219653176,0.017334732544270117,14,0.02023121387283237,65679,11.740499089807344,13.514455924137913,172.32621246751623,11.66972725670512,15.586194586997282,11.748572490505316,12.194491532405149,248.78015334807438,0.0,False
382,382000,0.017484105358764757,0.002452316076294278,0.011597081975079665,0.02452316076294278,0.012196704294796938,0.027439024390243903,0.0033536585365853662,0.012267611577880236,0.03353658536585366,0.00912940379403794,0.022182254196642687,0.0028776978417266188,0.01191353335596972,0.02877697841726619,0.01074911499371931,12,0.017266187050359712,65679,11.766388323897203,12.93142339482689,170.19588113215133,11.668149401830586,15.457226864606932,11.685359259397398,12.413416224169026,246.11784460087935,0.0,False
383,383000,0.014692378328741967,0.0019283746556473828,0.00938921852243398,0.01928374655647383,0.009274563820018365,0.01626746506986028,0.002694610778443114,0.0074269917773007324,0.023952095808383235,0.008756296929949624,0.015447154471544716,0.0022955523672883787,0.008448926222757502,0.021520803443328552,0.009026212110860604,26,0.03730272596843615,65679,11.719459418052525,14.619754498387817,179.51612493698198,11.723563401677684,15.600644144936338,11.766549808014947,12.323302441455407,257.2693986495067,0.0,False
384,384000,0.028079242032730406,0.0041343669250646,0.01423037817944251,0.03875968992248062,0.012517944300890038,0.028425655976676383,0.0034985422740524785,0.013140377915525863,0.03206997084548105,0.008664213984913694,0.02824200913242009,0.0038356164383561643,0.013718227370506332,0.03561643835616438,0.010707218960643618,17,0.023287671232876714,65679,11.979262998021433,15.068784409363879,186.74254168160599,12.644509608902844,16.81933315295092,12.275733662039933,12.586149346155429,268.1163148590404,0.0,False
385,385000,0.013424657534246577,0.0021917808219178085,0.005851603183305454,0.019178082191780823,0.0043215916503587725,0.036309523809523805,0.0055900621118012426,0.019741616430976498,0.052795031055900624,0.020759390712806865,0.024150897622513347,0.0037845705967976713,0.012361915069404546,0.034934497816593885,0.012026062244402854,16,0.023289665211062592,65679,11.770239547903572,13.423558531469592,184.36778101635355,11.729589801875996,15.275960327618133,11.693242325999664,12.111868154376925,260.3722397055974,0.0,False
386,386000,0.01747311827956989,0.002150537634408602,0.012585399876584745,0.021505376344086023,0.013440860215053764,0.028420038535645467,0.003757225433526012,0.017234681293124866,0.03757225433526012,0.015589733003027803,0.022748375116063136,0.002924791086350975,0.01482586139486174,0.02924791086350975,0.0144763894415705,17,0.023676880222841225,65679,11.7320711661012,13.173911221187051,185.75975789111854,11.704064266968018,15.206424793481887,11.697321351408775,12.501303370160421,261.77485406042587,0.0,False
387,387000,0.028864059590316574,0.00335195530726257,0.01602546647389861,0.0335195530726257,0.012802607076350095,0.03751258811681772,0.006042296072507553,0.0188539350292563,0.05740181268882175,0.020099026518966095,0.0330188679245283,0.004644412191582003,0.017384280830681477,0.04499274310595065,0.016307853572004514,21,0.030478955007256895,65679,11.80252663271486,14.088321097546764,184.4567350163806,11.661125907447278,15.27994081450268,11.678742820056542,12.188807192919926,261.15619948156865,0.0,False
388,388000,0.031007751937984496,0.003875968992248062,0.016392179133725707,0.03359173126614987,0.012628686272097126,0.02544600938967136,0.003943661971830986,0.013135022040651208,0.03943661971830986,0.012642521797451373,0.02834681042228212,0.003908355795148248,0.014833835780570119,0.03638814016172507,0.012635305694604887,20,0.026954177897574125,65679,11.700536337630464,13.35316967565614,169.6453718847829,11.674876107287124,16.237041900471482,11.691500142879674,12.914997279983575,247.21749332869138,0.0,False
389,389000,0.022204047013207315,0.0033078880407124683,0.011811448455281504,0.03307888040712468,0.011354456965143988,0.025267857142857144,0.004,0.01512229659565805,0.03428571428571429,0.013836734693877552,0.02364729539191181,0.0036339165545087484,0.013371067363938019,0.033647375504710635,0.012523766796983487,14,0.018842530282637954,65679,11.777023514875085,13.132418956396386,177.75073968667732,11.734899536541832,15.542898512840853,11.713067555430001,12.019522722672704,253.67057048543415,0.0,False
390,390000,0.01454696591853699,0.0019950124688279305,0.010357649306912162,0.0199501246882793,0.010473815461346632,0.01536983669548511,0.0023054755043227667,0.010317322280515278,0.023054755043227664,0.01068683957732949,0.014928698752228162,0.0021390374331550803,0.010338941448409864,0.0213903743315508,0.010572638146167556,17,0.022727272727272728,65679,11.728038735503432,14.001427437751456,173.22902811479912,11.6762922723751,15.508215649009948,11.678772952203321,12.501015762403366,250.32279092404573,0.0,False
391,391000,0.01640759930915371,0.002072538860103627,0.00951274187463846,0.02072538860103627,0.007907722674562053,0.013850415512465374,0.0030470914127423824,0.011063914019495299,0.030470914127423823,0.014526447698192852,0.015171798304328424,0.0025435073627844713,0.010262371251202475,0.025435073627844713,0.011106330082233697,20,0.02677376171352075,65679,11.78831209901199,13.913805894369414,184.92771768981174,11.688438446039173,15.411048192665033,11.75115325685594,12.016310271964482,261.49678585071774,0.0,False
392,392000,0.024756852343059237,0.002652519893899204,0.010741824357958119,0.026525198938992044,0.006844974948423225,0.023182247403210576,0.00368271954674221,0.013799673545258143,0.0339943342776204,0.014191285579387562,0.023995433789954338,0.003150684931506849,0.012220482937570321,0.030136986301369864,0.010397368993259404,25,0.03424657534246575,65679,11.758038418782647,13.455189827565883,177.0987602365548,11.683735831630182,15.688430375387918,11.679196999056508,12.945614714224284,254.30896640320222,0.0,False
393,393000,0.02178796046720575,0.002964959568733154,0.011980751128319254,0.029649595687331536,0.009990159585846918,0.02207110914541255,0.004334365325077399,0.01489513954513797,0.043343653250773995,0.017543859649122806,0.02191974292118384,0.0036023054755043226,0.013337159570152747,0.03602305475504323,0.013505786560541605,15,0.021613832853025938,65679,11.767456994479787,12.93742359000094,190.94122797197466,11.716308156925482,15.37666500879553,11.717309665149056,12.227886551183232,266.68427793850867,0.0,False
394,394000,0.01707566462167689,0.00245398773006135,0.01124530143444529,0.024539877300613498,0.013389814003310936,0.017774699907663893,0.0030470914127423824,0.010702017266215448,0.030470914127423823,0.009644725849712,0.017442988840368753,0.002765647743813683,0.010959820233963524,0.027656477438136828,0.01142187102885793,12,0.017467248908296942,65679,11.779858331117943,13.325968003408128,187.64459409692512,11.673278338231174,15.028421445253958,11.734228231141675,12.540183217432666,263.7265316635107,0.0,False
395,395000,0.014889431556098223,0.002564102564102564,0.00921060331313857,0.02564102564102564,0.010929091484647041,0.024319727891156464,0.003826530612244898,0.010884813207061915,0.03571428571428571,0.00923226433430515,0.019864769595590595,0.0032301480484522205,0.010093901130659364,0.03095558546433378,0.0100338610096349,20,0.026917900403768506,65679,11.782500252896511,13.587514884005891,167.0796313173878,12.105333198189626,15.286357521515637,11.695853587290195,12.433737097611308,243.97092785889694,0.0,False
396,396000,0.017714285714285714,0.002857142857142857,0.008168821644768086,0.025714285714285714,0.007256235827664399,0.016555237185609677,0.0022922636103151865,0.006316377364694739,0.022922636103151862,0.003876154091053804,0.017135590526148468,0.002575107296137339,0.007243924572170664,0.024320457796852647,0.0055686127574539595,22,0.031473533619456366,65679,11.713301127286302,13.322769852525118,170.33793374267304,11.673189827712815,15.260477230036319,11.705219711333203,14.110875511313958,248.12376700288075,0.0,False
397,397000,0.01668759417378202,0.0027624309392265192,0.008061385382952257,0.027624309392265192,0.007399368587213889,0.035069444444444445,0.00505952380952381,0.018474872118739556,0.050595238095238096,0.017898478835978837,0.025536163931579405,0.003868194842406877,0.013074181290150727,0.03868194842406877,0.012453381543639421,16,0.022922636103151862,65679,11.741036214582557,15.03236670598318,196.2174207854328,11.867975742874126,16.074218242692616,11.843757000348788,12.656830869900437,275.4336055618145,0.0,False
398,398000,0.021651153379198703,0.00311614730878187,0.011274881008377183,0.028328611898016998,0.009100004496605063,0.019817073170731708,0.0036585365853658543,0.01025853560137511,0.036585365853658534,0.009666569879984512,0.020767778477029576,0.003377386196769457,0.010785363690467228,0.032305433186490456,0.009372887676852435,20,0.02936857562408223,65679,11.828923982909467,14.544709433655933,195.2549115745994,11.916321131844043,15.967385000342782,11.832883094475832,13.487280670826385,274.83241488865383,0.0,False
399,399000,0.01381578947368421,0.001842105263157895,0.006668046018580337,0.018421052631578946,0.004780701754385965,0.02342342342342342,0.0035135135135135136,0.011846830278729303,0.03513513513513514,0.012127842127842127,0.018555555555555558,0.0026666666666666666,0.009222912920253828,0.02666666666666667,0.008405291005291004,13,0.017333333333333333,65679,11.750008041266913,13.942083864612599,193.56703683619247,11.675945396999454,15.715658675710674,11.74456400923618,12.85182989221867,271.247126716237,0.0,False
400,400000,0.02507267441860465,0.0029069767441860465,0.012273579334528412,0.029069767441860465,0.008729005167958657,0.027814041195242237,0.004699738903394256,0.013363542949500016,0.04177545691906005,0.011443698454142318,0.026516888277548525,0.0038514442916093533,0.012847796754795433,0.03576341127922971,0.01015916683041855,15,0.02063273727647868,65679,11.75028031351333,14.618997386708909,188.9052203145336,11.746575536278336,15.50376369477413,11.750283116396254,12.212391957061586,266.48751231926616,0.0,False
401,401000,0.012345679012345677,0.0015873015873015873,0.007968673020690677,0.015873015873015872,0.007760141093474428,0.031390633176347466,0.004670329670329671,0.015189935389806973,0.04395604395604396,0.012136970172684457,0.02168848671544089,0.0030997304582210247,0.01151117908855905,0.029649595687331536,0.009907264792709538,21,0.02830188679245283,65679,11.814704773585593,15.586980910461957,192.4915003332084,11.803252036549083,15.641820425418839,11.68964151687657,12.596452395735591,271.624352391836,0.0,False
402,402000,0.03428571428571429,0.0037142857142857142,0.01957573927685833,0.037142857142857144,0.015725623582766437,0.028337531486146095,0.003778337531486147,0.016797365135064513,0.037783375314861464,0.015515173323737556,0.03112449799196787,0.0037483266398929053,0.018099146861473934,0.03748326639892905,0.015613777862773846,16,0.0214190093708166,65679,11.73327432235638,13.87829734315893,190.88554569329784,11.66886710346482,15.610264906887327,11.693286042238626,13.152514469955134,268.62204988135903,747.4941873172324,True
403,403000,0.015255009107468123,0.002185792349726776,0.011028480340653719,0.02185792349726776,0.011592505854800936,0.012876579203109813,0.0023323615160349854,0.006208320394889945,0.023323615160349854,0.007130130963950206,0.014104372355430184,0.0022566995768688296,0.008696583498062783,0.022566995768688293,0.009433698255983164,15,0.021156558533145273,65679,11.782478731875434,13.494835845825893,187.891072888427,11.803292614798178,16.038266715215354,11.755530539794833,12.510730014653193,265.27620735058986,0.0,False
404,404000,0.020655270655270654,0.003133903133903134,0.012446398068842672,0.02849002849002849,0.012190792746348303,0.03781533446712019,0.0071428571428571435,0.02464834371189762,0.06845238095238096,0.026874291383219957,0.029047965620018025,0.005094614264919942,0.018414161876799676,0.048034934497816595,0.01937224186132483,17,0.024745269286754003,65679,11.798034190477203,13.886826813913622,177.4282129813065,11.73596402516408,15.564992468103389,11.762003570392476,12.80444335087505,254.98047740023233,0.0,False
405,405000,0.02313051380106774,0.004081632653061224,0.014646094397460117,0.037900874635568516,0.01675112221759452,0.026588445176341437,0.004322766570605188,0.014206669603983528,0.040345821325648415,0.014079868258542608,0.02486950247819813,0.004202898550724638,0.014425108305668267,0.0391304347826087,0.015407752472969865,16,0.02318840579710145,65679,11.834996581125413,13.064854322564212,185.90176570645878,11.68408800632237,15.494960512396627,11.728722756870757,12.473256571415847,262.182644457154,0.0,False
406,406000,0.028624192059095107,0.003601108033240997,0.013887126023987059,0.036011080332409975,0.010075627665655368,0.015574201568177473,0.003313253012048193,0.011404018755386705,0.03313253012048193,0.013997657295850067,0.022372248562724753,0.0034632034632034636,0.012697527736576788,0.03463203463203463,0.011954579811722666,19,0.027417027417027416,65679,11.719707030996563,12.97040644582248,174.84545160464938,11.661839079260549,15.712955618696345,11.785308594761123,13.130351529042073,251.82601990322854,0.0,False
407,407000,0.016127583108715187,0.003773584905660377,0.009128146328862927,0.02425876010781671,0.00858041329739443,0.0329512893982808,0.004297994269340974,0.020782519020870232,0.04297994269340974,0.020493928230317916,0.02428240740740741,0.0040277777777777786,0.014777279758738689,0.03333333333333333,0.01435515873015873,21,0.029166666666666667,65679,11.825658381703352,15.801743598109486,213.8762172042563,11.710547783566616,15.671532106811824,11.790521271135002,12.412336948833257,293.08855729441586,0.0,False
408,408000,0.026112624886466845,0.0035422343324250684,0.01261465043924989,0.0326975476839237,0.009293499416115219,0.027359437751004016,0.0048192771084337345,0.01446952172668651,0.03614457831325301,0.012876506024096384,0.026704816404387217,0.004148783977110158,0.013495647960607485,0.034334763948497854,0.010995299407316575,16,0.022889842632331903,65679,11.856178321681398,13.129858669233553,185.3375718691569,11.66665134985645,15.080870615524766,11.675152045587112,12.531986986932807,261.278269857973,0.0,False
409,409000,0.015723270440251572,0.0024258760107816715,0.007405639140713987,0.02425876010781671,0.006446540880503144,0.024052478134110787,0.004373177842565599,0.01450737848580531,0.043731778425655975,0.016807811559998147,0.01972455648926237,0.0033613445378151267,0.010817259022179426,0.03361344537815126,0.01142401405006447,18,0.025210084033613446,65679,11.729033764826259,13.415088360488326,170.57656143891487,11.663106419174118,19.50985794976767,11.689127508929253,12.141075048793804,250.7238504908943,0.0,False
410,410000,0.012875939849624058,0.0018421052631578947,0.006939713645950346,0.018421052631578946,0.00781015037593985,0.03323863636363636,0.004829545454545455,0.020825970299626368,0.048295454545454544,0.020429743867243864,0.02266783762685402,0.003278688524590164,0.013617257829138816,0.03278688524590164,0.01387858877612976,15,0.020491803278688523,65679,11.694262943701128,12.947772738122755,170.19743552317001,11.66716869110962,15.250411991435397,11.669555054133474,12.561680268252662,245.98828720992506,0.0,False
411,411000,0.01448367977293597,0.002203856749311295,0.007495202947650493,0.02203856749311295,0.006129476584022037,0.04361904761904762,0.006571428571428572,0.027280155020610278,0.06571428571428571,0.031590702947845814,0.028785753750690635,0.004347826086956523,0.017207311258360062,0.043478260869565216,0.018627974799082795,10,0.014025245441795231,65679,11.73793158894265,12.964742724067001,181.24225840705776,11.745829972195644,15.627620860866887,11.876241574990122,12.528933529126762,257.7235586572469,0.0,False
412,412000,0.01267056530214425,0.001754385964912281,0.006199545534315153,0.017543859649122806,0.00485240879977722,0.015316573556797018,0.0025139664804469273,0.008775628949032992,0.025139664804469275,0.007990822027134876,0.014023809523809523,0.002142857142857143,0.007517028194985133,0.02142857142857143,0.006457482993197279,19,0.027142857142857142,65679,11.796675303793469,13.703992698441137,190.4067064338183,11.707023025248064,15.199274027294374,11.695990465826478,12.849074571497088,267.3587365259189,0.0,False
413,413000,0.037496373658253555,0.004438642297650131,0.01780162541089311,0.044386422976501305,0.013122176633925982,0.02011173184357542,0.00223463687150838,0.012186548812440192,0.0223463687150838,0.010524740622505985,0.029097315939421203,0.0033738191632928477,0.015088808376822738,0.033738191632928474,0.01186727502516976,17,0.022941970310391364,65679,11.769612741199808,13.240947799877944,174.79066882632176,11.680317299533893,15.32070500448457,11.686425065049466,12.243794347582826,250.73247108405027,0.0,False
414,414000,0.01273148148148148,0.0022222222222222222,0.007331295033997148,0.022222222222222223,0.007768959435626102,0.029953703703703705,0.004722222222222223,0.014419853033934284,0.04722222222222222,0.01318231922398589,0.021342592592592594,0.003472222222222222,0.010875574033965716,0.034722222222222224,0.010475639329805995,14,0.019444444444444445,65679,11.724514294889076,13.374722490328006,176.40325192043449,11.725063594786311,16.089263897109408,11.691764150403849,12.523322589622076,253.53190293757322,0.0,False
415,415000,0.014986376021798364,0.0027247956403269754,0.0074901675982113995,0.027247956403269755,0.0072920721422083815,0.023765432098765433,0.004320987654320987,0.01747461919932637,0.040123456790123455,0.022658240250832844,0.019102749638205498,0.003473227206946455,0.012171733906114802,0.03328509406657019,0.014497048216295683,15,0.02170767004341534,65679,11.793463270265425,13.212327120482037,188.46901590501008,11.78828523332176,16.319933287947674,11.725867910455934,12.372752418540745,265.6816451460237,0.0,False
416,416000,0.012305068226120857,0.0023391812865497076,0.006004180755093139,0.023391812865497075,0.005482456140350877,0.03352219074598678,0.0036827195467422098,0.01780106324025582,0.036827195467422094,0.013404379693331532,0.02308153477218225,0.0030215827338129497,0.01199597862165778,0.030215827338129497,0.00950610939819573,14,0.02014388489208633,65679,11.80626738055135,13.09468926249946,183.1657074469334,11.673506738113515,15.358783155436374,11.678473178941552,12.776118960639016,259.55354612311464,0.0,False
417,417000,0.019194756554307114,0.0025280898876404497,0.007720772587723214,0.025280898876404494,0.005231184233993223,0.018671497584541064,0.0037681159420289855,0.010353684297988414,0.03768115942028986,0.013921095008051528,0.018937232524964334,0.0031383737517831673,0.009016570790350167,0.03138373751783167,0.009507959151325771,14,0.019971469329529243,65679,11.785002480335649,12.80253441394985,178.97172478371914,11.666995939629832,15.24913724103294,11.697164618559853,12.029263283919178,254.20182276114645,0.0,False
418,418000,0.014803625377643506,0.0027190332326283992,0.008378101548179603,0.02416918429003021,0.008890807078118255,0.019680704651802914,0.003179190751445087,0.009633043403087689,0.031791907514450865,0.010573217726396918,0.017296194696490116,0.0029542097488921715,0.00901947508111638,0.028064992614475627,0.00975065062952803,19,0.028064992614475627,65679,11.72620425887727,14.708404830823806,181.76098166329535,11.66318528895982,15.035964047643846,11.678503562082,12.670855294924511,259.24409894660664,0.0,False
419,419000,0.023796033994334272,0.00368271954674221,0.01407704528867173,0.036827195467422094,0.014207023697108682,0.01826833797585887,0.0036211699164345407,0.009125737706171205,0.036211699164345405,0.00869589247026573,0.02100889513108614,0.0036516853932584276,0.011580529246371605,0.03651685393258427,0.011428237025147139,17,0.023876404494382022,65679,11.772099552859183,13.624575111545468,187.22847127504437,11.723382294562267,15.84748319601037,11.72352351261341,12.448008604351578,264.36754354698667,0.0,False
420,420000,0.024074074074074074,0.0030555555555555557,0.01532783390740713,0.027777777777777776,0.013703703703703704,0.019230769230769232,0.0022792022792022795,0.008721637734399212,0.022792022792022793,0.006457739791073124,0.021683075480543833,0.0026722925457102675,0.012066547189086767,0.02531645569620253,0.010126582278481013,14,0.01969057665260197,65679,11.935325181955392,13.277360154662077,186.3421444690261,11.698943824300923,15.485544725704624,11.702418035428042,12.344493405591628,262.7862297966688,0.0,False
421,421000,0.02057142857142857,0.003142857142857143,0.01228367371221171,0.03142857142857143,0.011843537414965988,0.0190018315018315,0.003021978021978022,0.009836820186906133,0.03021978021978022,0.010206261991976278,0.01977124183006536,0.003081232492997199,0.011036258189506907,0.03081232492997199,0.011008847983637897,19,0.02661064425770308,65679,11.734593344137068,13.459413921279584,170.117896148278,11.663613873696965,15.597996680355442,11.70121557947379,12.157148457397904,246.43187800461874,0.0,False
422,422000,0.02054154995331466,0.0022408963585434176,0.01068975198530422,0.022408963585434174,0.0077264239028944914,0.012824351297405188,0.0026946107784431143,0.0071659030198196645,0.02694610778443114,0.008636298830909609,0.016811384466956104,0.0024602026049204053,0.008986473324708212,0.024602026049204053,0.00816621873061815,19,0.027496382054992764,65679,11.730000648649263,14.087542038243583,175.8847608133163,11.671402967594613,15.476240350018045,11.68978054492953,12.196496476782336,252.73622383953364,0.0,False
423,423000,0.010886319845857417,0.0017341040462427748,0.004851622512141055,0.017341040462427744,0.00394990366088632,0.017087573815806004,0.002638522427440633,0.00965718501405557,0.026385224274406333,0.01044415127528584,0.014128078817733992,0.002206896551724138,0.007363771737279815,0.022068965517241378,0.007344827586206897,14,0.019310344827586208,65679,11.70180245996244,13.503417622129366,173.67663633177654,11.776629554441364,15.625490023638001,11.740487997943806,12.011767218531034,250.03623120842258,0.0,False
424,424000,0.010586176727909012,0.0015748031496062992,0.005674159913618998,0.015748031496062992,0.004724409448818898,0.026526162790697673,0.003488372093023256,0.012570648823329172,0.03197674418604651,0.010565476190476191,0.018149425287356323,0.002482758620689655,0.008946424996295275,0.023448275862068966,0.0074958949096880145,12,0.016551724137931035,65679,11.71515822716296,13.089998800203118,198.25037297978298,11.71169153706131,15.64895916066067,11.715028702924402,12.45836539470746,274.5895748025029,0.0,False
425,425000,0.01724910394265233,0.0024193548387096775,0.011223793356335044,0.024193548387096774,0.01050627240143369,0.02557527942143327,0.003846153846153847,0.013954611427755706,0.03550295857988166,0.01380200995585611,0.021212832550860723,0.003098591549295775,0.012523816607236712,0.029577464788732393,0.01207522915269394,12,0.016901408450704224,65679,11.752583185531407,12.723472921166712,183.68240639712874,11.71765762311705,15.58544648251614,11.685650467066488,12.613752657153476,259.76096973368004,0.0,False
426,426000,0.02149545211342964,0.003651685393258427,0.013245367065909624,0.033707865168539325,0.014271223470661674,0.03557379473528542,0.005279503105590062,0.025366995123839498,0.052795031055900624,0.02741052942916297,0.02818162663295407,0.004424778761061947,0.01900224646805331,0.04277286135693215,0.02051142482558412,18,0.02654867256637168,65679,12.100003776188695,15.361282169668034,221.25039051595908,11.928647388942393,15.915689738105199,11.988634639359397,12.572125399554213,301.11677362777704,0.0,False
427,427000,0.030094991364421418,0.004145077720207254,0.015863807293010186,0.04145077720207254,0.014661978781149767,0.02152927636311322,0.0036253776435045317,0.011873020631819897,0.03323262839879154,0.012487411883182274,0.026140665471209405,0.0039051603905160387,0.014021477607021363,0.03765690376569038,0.01365809922295278,10,0.01394700139470014,65679,11.835677094451658,13.104070007333156,188.96153187464293,11.712212483513952,15.579479876501324,11.799680611795926,12.448184995170198,265.4408369434091,0.0,False
428,428000,0.016114180478821363,0.0019337016574585634,0.00984085692442845,0.019337016574585635,0.008129439621152328,0.03034682080924855,0.004624277456647399,0.016470444980492143,0.046242774566473986,0.01817139187081384,0.023069679849340864,0.0032485875706214687,0.013080740352956751,0.03248587570621469,0.013036947358981258,19,0.026836158192090395,65679,11.778543555288067,13.829750568253306,180.80552882968058,11.709030402456966,15.269409047946603,11.697723978812412,12.775278412424651,257.8652647948626,0.0,False
429,429000,0.015514184397163122,0.0018617021276595746,0.007785562103776824,0.018617021276595744,0.006186676798378925,0.03168063314711359,0.005307262569832403,0.019073897701260948,0.05307262569832402,0.020262481156335905,0.023399182561307904,0.0035422343324250684,0.013291317068217309,0.035422343324250684,0.01305198737078846,14,0.01907356948228883,65679,11.805245913584784,13.197222245187046,185.09496697965977,11.705525259975147,15.38823692968927,11.700632197950146,12.855544476317316,261.7473740023635,0.0,False
430,430000,0.014204545454545454,0.001988636363636364,0.00709504133108699,0.019886363636363636,0.005262445887445887,0.01671171171171171,0.0032432432432432435,0.010895047186859,0.032432432432432434,0.012792792792792792,0.01548938134810711,0.0026315789473684214,0.009042412753020014,0.02631578947368421,0.009121487930352197,11,0.015235457063711912,65679,11.77649678336945,13.184905031549121,182.62443050359732,11.972056641038066,15.565347937535057,11.758135317910256,12.186273389391822,259.0676456043911,0.0,False
431,431000,0.027510486059708857,0.0036269430051813476,0.011900708008751046,0.03367875647668394,0.009103339090385722,0.023809523809523808,0.0036516853932584276,0.011233838417286817,0.03651685393258427,0.01007668985197075,0.025734822230779105,0.003638814016172507,0.011580754404221039,0.03504043126684636,0.00957033756898986,11,0.014824797843665768,65679,11.765584369896608,12.985661924855286,181.16681635127475,11.78113709519868,15.978327204152487,11.738508392006297,12.45112337566745,257.8671587130516,0.0,False
432,432000,0.02468300929839391,0.0038461538461538464,0.017581960057527216,0.038461538461538464,0.019258946182023104,0.03871114417989417,0.00625,0.01820034030955861,0.05952380952380952,0.018170115268329554,0.0316762634826433,0.005044510385756677,0.017890232705424173,0.04896142433234421,0.018716146201309406,15,0.02225519287833828,65679,11.781410485564582,13.406324094550337,180.64648539876939,11.72651237690836,15.265473473594081,11.734600915747073,12.108606181379656,256.6694129265135,0.0,False
433,433000,0.034057971014492754,0.0049275362318840586,0.01620267172235205,0.04927536231884058,0.012161260639521509,0.03438697318007663,0.005172413793103449,0.01532868252075942,0.04597701149425287,0.01314541142127349,0.034223184223184225,0.005050505050505051,0.015763785370037135,0.047619047619047616,0.012655466226894799,12,0.017316017316017316,65679,11.732975169542748,12.925364293453478,202.3914522089193,12.00119166788749,15.2463828563959,11.716629622626762,13.360994381123037,279.37499019994874,0.0,False
434,434000,0.016764418377321604,0.003225806451612903,0.01049786315580882,0.026392961876832845,0.011656891495601174,0.019831849653808114,0.0035608308605341254,0.013935103947267663,0.03560830860534125,0.01988954830201121,0.018289085545722714,0.003392330383480826,0.012206344198171105,0.030973451327433628,0.01574893477548345,19,0.028023598820058997,65679,11.817490802590314,14.688557700190398,213.10793822304498,11.674130847558196,15.377804450170117,11.675988435613792,12.161720372411144,290.50363083157896,0.0,False
435,435000,0.017795138888888888,0.00234375,0.013333950584267939,0.0234375,0.015198206018518519,0.0124515503875969,0.002325581395348837,0.006062680834863718,0.023255813953488372,0.005437892211148025,0.015270146520146521,0.0023351648351648355,0.009898075867516495,0.023351648351648352,0.010586189604046748,19,0.0260989010989011,65679,11.698498262935342,13.62207064094234,179.243118266198,11.67265462509448,15.350807037073366,11.7760939101208,12.606736955467213,255.96997969783155,0.0,False
436,436000,0.015235457063711912,0.00221606648199446,0.008604936779870174,0.0221606648199446,0.007182429758607044,0.031746031746031744,0.004201680672268907,0.017198523154495132,0.04201680672268908,0.016950113378684805,0.0234447539461467,0.003203342618384401,0.012877792400679518,0.03203342618384401,0.012039063536278021,13,0.018105849582172703,65679,11.763329755401507,13.152512055802923,183.6305398039695,11.719253086753255,15.769640120733008,11.693814789298651,12.55034194139193,260.2794315533508,0.0,False
437,437000,0.022030099263528658,0.0034582132564841502,0.013064438710190737,0.03170028818443804,0.011406157083390512,0.03033333333333333,0.0051428571428571435,0.015385636691213043,0.045714285714285714,0.014086167800453516,0.026199585525267015,0.004304160688665711,0.014230033105252154,0.03873744619799139,0.012751930040308807,16,0.02295552367288379,65679,11.739197699631166,13.427827782214186,186.37063700356615,11.860056048168532,15.197963987786945,11.790899034538892,12.770404528641976,263.15698608454784,0.0,False
438,438000,0.0346441947565543,0.004213483146067416,0.017854780112655236,0.042134831460674156,0.014192081326912787,0.04031699889258029,0.006395348837209303,0.022332884084387453,0.055232558139534885,0.01971437799926172,0.03743197278911564,0.005285714285714286,0.020055448350192212,0.04857142857142857,0.016905895691609978,19,0.027142857142857142,65679,12.180611600520752,15.357609495475488,186.3947552233347,11.797607157318367,15.253877296284024,11.699041282745014,12.37693670330664,265.060438758985,0.0,False
439,439000,0.029441117764471055,0.003892215568862275,0.01608019407814183,0.038922155688622756,0.015455992776352057,0.02106227106227106,0.0027472527472527475,0.008976726064838514,0.027472527472527472,0.0062118437118437115,0.025071633237822348,0.00329512893982808,0.01237580674742205,0.0329512893982808,0.010635261745576932,18,0.025787965616045846,65679,11.711585549620263,13.979924328944016,176.3419271683664,11.670539283692438,15.142625872627269,11.671035029581223,12.950697213298668,253.46833444613029,0.0,False
440,440000,0.02751817237798546,0.003115264797507788,0.01502842655968225,0.03115264797507788,0.012694704049844237,0.028337696335078533,0.004188481675392671,0.0168799317728932,0.041884816753926704,0.016775741710296683,0.027963489805595067,0.003698435277382646,0.01603450762859631,0.03698435277382646,0.014912280701754387,11,0.015647226173541962,65679,11.75146641123337,12.730841571093055,194.58539652615625,11.73780435731464,15.608384895421379,11.757281750929272,13.441230462360455,271.6124059745084,0.0,False
441,441000,0.0113314447592068,0.00141643059490085,0.00695170761822902,0.014164305949008499,0.006825846485903142,0.04174316071869815,0.005633802816901409,0.022755455656346898,0.056338028169014086,0.02074670243684328,0.026580257140025203,0.0035310734463276836,0.014875903315307902,0.03531073446327684,0.013805936687292618,11,0.015536723163841809,65679,11.778649298799237,13.881372433688366,186.06806705960543,11.689574203138653,15.582471035766044,11.681255030149273,11.997291938986576,262.67868100013357,0.0,False
442,442000,0.017676767676767676,0.002121212121212121,0.011806968751884698,0.021212121212121213,0.010058922558922559,0.015925925925925923,0.003333333333333334,0.012658423988834771,0.030555555555555555,0.016793430335097,0.016763285024154587,0.0027536231884057972,0.012251206266815173,0.02608695652173913,0.013572578789970093,10,0.014492753623188406,65679,11.723239173394573,12.79914410313998,175.5455391472399,11.904294470982402,15.608961013061084,11.70011957295214,12.495633627401803,251.77693110817188,0.0,False
443,443000,0.02017361111111111,0.002777777777777778,0.009207861231796306,0.027777777777777776,0.006668871252204585,0.02111302352266208,0.004518072289156626,0.016266939164575382,0.04216867469879518,0.02223895582329317,0.020624311863473712,0.0036127167630057803,0.0125945864827828,0.03468208092485549,0.014138911826773097,11,0.015895953757225433,65679,11.765100730934396,12.542509924245993,182.7206593759123,11.757636843870433,15.124714541236983,11.704433696038684,12.076423573190166,257.69147868542893,0.0,False
444,444000,0.03561643835616438,0.004383561643835617,0.018776479039427727,0.043835616438356165,0.014554250924113936,0.029923325262308315,0.0039548022598870055,0.015783916245812768,0.03954802259887006,0.01328356201237557,0.03281343135306974,0.004172461752433936,0.017303089291250125,0.04172461752433936,0.01392862661986445,11,0.015299026425591099,65679,11.738079489134744,12.723677961429258,183.8518623513974,12.060412960465673,15.644505714465517,11.689834500394625,12.142651029861673,259.85102400714885,0.0,False
445,445000,0.03357147517452861,0.005089058524173028,0.01644454430159865,0.04834605597964377,0.014672442344198068,0.029191616766467067,0.003293413173652695,0.01274149430779495,0.03293413173652695,0.008594715331242278,0.03155927062391986,0.004264099037138927,0.014743280618062977,0.04126547455295736,0.011880199122289907,20,0.027510316368638238,65679,11.734753138509246,14.847117925945174,188.43130193882396,11.750637457591528,15.85081114834075,11.69691513024096,12.600156186232114,266.9116929256837,0.0,False
446,446000,0.02165318957771788,0.002964959568733154,0.009039020718785642,0.029649595687331536,0.006703247336670516,0.025305250305250306,0.003333333333333334,0.014002416227211486,0.03076923076923077,0.011077533577533575,0.023524810712721354,0.0031537450722733252,0.011582679389332395,0.030223390275952694,0.008944997184156185,8,0.010512483574244415,65679,11.743466942382152,12.215226020059756,172.84692962067638,11.722016158760562,16.10409046298722,11.67939200120982,12.374458217598306,248.6855794236742,0.0,False
447,447000,0.013169845594913713,0.0016348773841961856,0.008092105847402473,0.01634877384196185,0.0066606115652437185,0.04124873353596758,0.006117021276595746,0.022724178043354075,0.061170212765957445,0.020521994258696385,0.027379350124975964,0.003903095558546434,0.015496761494344338,0.039030955585464336,0.013675254758700248,12,0.016150740242261104,65679,11.761315053551712,13.368082277601111,182.70045111766498,11.721057665503576,16.01091181170633,11.772528374434653,12.259305249354146,259.5936515498165,0.0,False
448,448000,0.01839339339339339,0.003003003003003003,0.010096621895105325,0.03003003003003003,0.011243386243386243,0.016160220994475137,0.0030386740331491717,0.008592191963401396,0.03038674033149171,0.008286196614925898,0.017230215827338132,0.0030215827338129497,0.009313019542189034,0.030215827338129497,0.009703094667123444,11,0.015827338129496403,65679,11.733099774716148,13.1382296399557,183.01615432135543,12.867240641770138,16.617515605263367,11.791458164114864,12.58198244213915,261.7456805893148,0.0,False
449,449000,0.009687786960514233,0.002203856749311295,0.005790397176074266,0.02203856749311295,0.008596790414972234,0.012380952380952383,0.002,0.005807564877375042,0.02,0.005006802721088435,0.011009817671809257,0.0021037868162692847,0.005798824518928785,0.021037868162692847,0.006834524366081169,14,0.019635343618513323,65679,11.822999197760865,13.62897466510027,186.17892465887243,11.850739047233883,15.779013545574871,11.738899720295514,12.098729370427218,263.09828020526504,0.0,False
450,450000,0.021987686895338608,0.002902374670184697,0.01250139532273596,0.029023746701846966,0.01168593206851782,0.02351957975167144,0.0031518624641833815,0.010039424838924196,0.03151862464183381,0.007297493973711739,0.022722069597069593,0.003021978021978022,0.01132113749464488,0.03021978021978022,0.009582134135705564,13,0.017857142857142856,65679,11.796039807221437,13.438623680250839,184.74767101010758,11.675484253584333,15.884958607950693,11.689476615700523,12.692642137226983,261.9248961120424,0.0,False
451,451000,0.029791099000908264,0.003814713896457766,0.01351907786951757,0.03814713896457766,0.009330262531897409,0.010593607305936071,0.0021917808219178085,0.005253288834290933,0.021917808219178082,0.006383996520982821,0.020218579234972677,0.003005464480874317,0.009397475413427784,0.030054644808743168,0.007861154480006939,12,0.01639344262295082,65679,11.734212040953595,12.79095786838047,180.74578734074422,11.68175093116397,15.395865133341346,11.689040487886103,12.578856196696076,256.61646999916576,0.0,False
452,452000,0.014063811922753987,0.0020151133501259445,0.008435942265982292,0.020151133501259445,0.008336332013913877,0.011830985915492956,0.0022535211267605635,0.00483007188432445,0.01971830985915493,0.0033478649675832773,0.013009751773049643,0.002127659574468085,0.006733702923577327,0.0199468085106383,0.005981404086457277,10,0.013297872340425532,65679,11.714291017900225,12.451308886232692,177.61667610369236,11.670324826087985,15.529357405938416,11.67465860450745,12.133678767858868,252.79029561221796,0.0,False
453,453000,0.01720720720720721,0.002702702702702703,0.007307887556631957,0.02702702702702703,0.00543865293865294,0.03207364341085272,0.00494186046511628,0.017566092497199128,0.0436046511627907,0.014403377630121814,0.02436974789915966,0.0037815126050420172,0.012250215987381408,0.0350140056022409,0.009757792005691164,13,0.018207282913165267,65679,11.702306727590095,12.75395180314054,181.8741387415307,11.703354000469623,15.706002214135871,11.718542081221027,12.574265510240101,258.03256107832794,0.0,False
454,454000,0.017948717948717947,0.0024725274725274724,0.011278362921603521,0.024725274725274724,0.00964918018489447,0.026685660018993352,0.004558404558404559,0.01505535944800002,0.045584045584045586,0.014789942567720347,0.022237762237762238,0.0034965034965034965,0.01313252485274362,0.03496503496503497,0.012172827172827173,9,0.012587412587412588,65679,11.776408774935575,13.378742327346815,187.2843364580795,11.713378801250784,15.776309832432611,11.70318301559059,11.74047439145287,263.37283360108876,0.0,False
455,455000,0.0169971671388102,0.00198300283286119,0.008783808480150137,0.019830028328611898,0.006668465308691938,0.02751358695652174,0.0038043478260869562,0.011409806052647518,0.03804347826086957,0.008955529675638372,0.02236477115117892,0.002912621359223301,0.010124123468609272,0.02912621359223301,0.007835788036897608,13,0.018030513176144243,65679,11.726163864050898,13.4679353668149,180.81374792941475,11.66444419632706,15.44504678001324,11.685266559952057,12.202843724731792,257.00544842130466,0.0,False
456,456000,0.022977777777777778,0.003466666666666667,0.011509783379347686,0.034666666666666665,0.012696296296296296,0.015096304008328993,0.003539823008849558,0.009650489971421039,0.029498525073746312,0.012842393594605985,0.01923573350908991,0.0035014005602240898,0.010627009618441336,0.03221288515406162,0.01276566182028367,8,0.011204481792717087,65679,11.715678069151858,12.80555993168897,178.31302720773544,11.663953529056359,15.194091576534174,11.685156814100761,12.286598356392453,253.66406548466003,0.0,False
457,457000,0.017070979335130278,0.002425876010781671,0.007638131201946704,0.02425876010781671,0.006060411586018055,0.02015281757402101,0.004297994269340974,0.011419417156154278,0.03151862464183381,0.015265838904807386,0.018564814814814815,0.003333333333333333,0.009471004532527876,0.027777777777777776,0.010522486772486773,13,0.018055555555555554,65679,11.770386696349778,13.07902547115214,180.48395686681707,16.38674211219826,15.658980425645176,11.719099133264411,12.254207873402256,261.3523985788291,0.0,False
458,458000,0.022664835164835164,0.003021978021978022,0.011428337637415534,0.03021978021978022,0.00908119658119658,0.02775379264855789,0.005504587155963303,0.013476855969822584,0.04892966360856269,0.012239697102082423,0.025073068301126534,0.004196816208393633,0.012397752246239131,0.03907380607814761,0.010575884960834309,8,0.011577424023154847,65679,11.717797189961242,12.64611562556972,191.45233568529375,11.73666563149267,15.340485035347795,11.673913643123202,11.867012792529664,266.43432560331803,0.0,False
459,459000,0.022065124250214223,0.0030848329048843194,0.010937015474757601,0.030848329048843187,0.00963296201085404,0.02669660678642715,0.003592814371257485,0.011492471794445902,0.03592814371257485,0.00953450242372398,0.024204702627939143,0.003319502074688797,0.011193616319537535,0.03319502074688797,0.009587477222331994,4,0.005532503457814661,65679,11.709025498407577,12.217257892813137,174.93082973361885,11.677722360881049,15.297238895706222,11.689790269331368,12.214541251318046,249.73640590207629,0.0,False
460,460000,0.02890695573622403,0.0037940379403794034,0.014174774331222507,0.03523035230352303,0.012528498300856025,0.034667240390131956,0.004819277108433735,0.021124391192539133,0.04819277108433735,0.0211381239242685,0.031635079138645474,0.0042796005706134095,0.017466176325455204,0.04136947218259629,0.016606095600389465,11,0.015691868758915834,65679,11.761398950482782,13.38441483553221,175.81365793405135,11.724063694443231,15.28578939402614,11.696255709126024,12.523129087491093,252.18870960515284,0.0,False
461,461000,0.022982804232804233,0.003174603174603175,0.014211299169347791,0.026455026455026454,0.012638573948097757,0.03497942386831275,0.004320987654320987,0.017723944769002964,0.043209876543209874,0.014767048794826574,0.028519705603038934,0.003703703703703704,0.01583252021534249,0.03418803418803419,0.013620946954280287,12,0.017094017094017096,65679,11.753672259667836,13.244968298325999,193.62497630512343,12.15617982669448,16.636944257727993,12.973520686576645,13.181559635949691,273.57182127006604,0.0,False
462,462000,0.005154639175257732,0.0010309278350515464,0.0032113186317963057,0.010309278350515464,0.0037800687285223364,0.023486901535682028,0.0032520325203252037,0.012530537570165957,0.032520325203252036,0.010636856368563685,0.014090708938793484,0.0021136063408190224,0.007753976212058394,0.021136063408190225,0.007122413033905768,11,0.01453104359313078,65679,11.92079082978914,13.288771262165433,213.0750280318755,11.847466275152762,15.921344842018126,11.94780713016652,12.449501530828467,290.4507099019959,0.0,False
463,463000,0.015947623372691493,0.0032697547683923703,0.007770836811955675,0.0326975476839237,0.008771246918385883,0.04188166494668043,0.0058823529411764705,0.020918014202425464,0.05572755417956656,0.017255147673104328,0.028087761674718194,0.004492753623188406,0.01392524014111762,0.043478260869565216,0.01274269611226133,10,0.014492753623188406,65679,11.785961701940572,13.200850577529955,174.20935053169552,11.667396578110555,15.146496801135555,11.711803591690773,11.929138242702809,249.65099802480574,0.0,False
464,464000,0.010869565217391304,0.0012787723785166241,0.004819109475777647,0.01278772378516624,0.004457435147972233,0.015564801972568963,0.0025889967637540453,0.009982788817579554,0.025889967637540454,0.009573894282632146,0.0129421768707483,0.0018571428571428571,0.007098505070944489,0.018571428571428572,0.006715986394557822,6,0.008571428571428572,65679,11.7248140492493,12.805268099630451,174.30265299363256,11.664262948560268,15.213480487108466,11.677244156252375,11.708747378005867,249.0964701124393,0.0,False
465,465000,0.02627045650301464,0.003875968992248062,0.01230401660173223,0.03617571059431524,0.010752225093310364,0.026831501831501833,0.004142011834319527,0.014787855998986061,0.038461538461538464,0.012355593124823892,0.0265320197044335,0.004,0.013461999658658842,0.037241379310344824,0.011499726327312536,8,0.011034482758620689,65679,11.746563537293198,13.255532194611508,171.245993796601,11.66214322458059,15.269794311184581,11.675864957913507,11.816169608547256,246.67206163073163,0.0,False
466,466000,0.027966742252456534,0.0050264550264550265,0.01845553499677035,0.042328042328042326,0.016982657260435036,0.02012310606060606,0.002840909090909091,0.011869281735963659,0.02556818181818182,0.009974747474747475,0.024184605348988905,0.003972602739726027,0.015279697807997806,0.03424657534246575,0.013603500761035007,10,0.0136986301369863,65679,11.700336842904168,12.933887814689516,197.24132672645223,11.782400835172457,16.948426968088626,11.85989170057744,12.62554532513449,275.09181621301894,0.0,False
467,467000,0.017901234567901235,0.002222222222222222,0.008780047017060661,0.022222222222222223,0.006755829903978053,0.01935788479697828,0.00226628895184136,0.007209924419686081,0.0226628895184136,0.003905301497369486,0.018579595426561128,0.0022427440633245384,0.008048842166304426,0.022427440633245383,0.005428341081375382,15,0.01978891820580475,65679,11.748195712757425,13.377021356175689,188.39567345438346,11.701301487698768,15.66621017454195,11.708694980044898,11.99385362490868,264.5909507905109,0.0,False
468,468000,0.017899543378995433,0.002465753424657534,0.00975287990439548,0.024657534246575342,0.0086323113720374,0.030923694779116464,0.004819277108433735,0.018792261759481618,0.045180722891566265,0.016857907821763243,0.02410329985652797,0.003586800573888092,0.014058582595770803,0.03443328550932568,0.01255038600806176,11,0.015781922525107604,65679,11.692387401507354,12.727008980556453,178.3821964942145,11.770177196057663,15.905465846843825,11.72203296148644,12.782310794212659,254.9815796748789,0.0,False
469,469000,0.011527377521613832,0.0011527377521613833,0.005460921167084103,0.011527377521613832,0.003533690133113764,0.016424310216256524,0.002684563758389262,0.009609498040346942,0.026845637583892617,0.00906972408650261,0.013789836347975882,0.00186046511627907,0.007377628001552825,0.018604651162790697,0.006091423649563184,10,0.015503875968992248,65679,11.74113537691368,12.783689716661106,180.92097676361553,11.702387733902864,15.155521054355248,11.719869395326876,12.664070239643,256.68765028041827,770.52687449225,True
470,470000,0.021731123388581953,0.0035911602209944757,0.011387411886016878,0.03314917127071823,0.009882267824256776,0.025159642401021715,0.004597701149425287,0.013459269574865292,0.040229885057471264,0.013386015325670497,0.02341158059467919,0.004084507042253521,0.012402913964494692,0.036619718309859155,0.011599597585513079,7,0.009859154929577466,65679,11.779898756142382,12.840577949480014,186.44834489420225,11.683218698765874,15.61209328107549,11.924675566682419,12.65396169480848,262.9427708411569,0.0,False
471,471000,0.01158645276292335,0.0021390374331550803,0.006852941498800361,0.01871657754010695,0.006885026737967915,0.02584325396825397,0.00505952380952381,0.012886198816671003,0.047619047619047616,0.013275935374149658,0.018333333333333333,0.0035211267605633804,0.009708116792891255,0.0323943661971831,0.009909456740442656,11,0.015492957746478873,65679,11.828433812338668,12.775660553160373,179.57327721007664,11.669885137483016,15.477505496352961,11.710274376658392,12.413073933820185,255.44811051989024,0.0,False
472,472000,0.006523569023569024,0.00101010101010101,0.003120553684189404,0.010101010101010102,0.0024270482603815937,0.02850378787878788,0.003977272727272728,0.016074659838799268,0.03977272727272727,0.015466044372294374,0.016867201426024957,0.0024064171122994654,0.00921660363929993,0.02406417112299465,0.008563046430693487,14,0.01871657754010695,65679,11.782431976303798,14.992234624061629,191.41680605819224,11.675479407224909,15.779886909178531,11.695618618662307,12.195190679020751,269.53764827264416,0.0,False
473,473000,0.021328056288478447,0.00316622691292876,0.011051616628214994,0.0316622691292876,0.011285965573564517,0.027247956403269755,0.0029972752043596735,0.014632499964331485,0.02997275204359673,0.011296007958133299,0.024240393208221626,0.0030831099195710457,0.012813257626009567,0.030831099195710455,0.011290905995999832,10,0.013404825737265416,65679,11.812050527748585,13.153716437563912,203.43210916826115,11.758282256302266,15.915559629903209,11.751139721766224,12.77069106825346,280.5935488097988,0.0,False
474,474000,0.033376288659793814,0.005154639175257732,0.01893300184508115,0.04639175257731959,0.01822942235313369,0.03950892857142857,0.005,0.021503250171553575,0.05,0.01745659722222222,0.03614810330912026,0.005084745762711865,0.020094696003938744,0.0480225988700565,0.01788012285893642,13,0.018361581920903956,65679,11.80730465255575,14.00361838205244,185.4727864951111,11.672896093106733,15.162367881793593,11.685401173522347,12.279249662350278,262.08362434049224,0.0,False
475,475000,0.03258145363408521,0.0040100250626566416,0.02184445935768204,0.040100250626566414,0.021522059116044084,0.029100529100529092,0.005079365079365079,0.015782688532800113,0.044444444444444446,0.0164021164021164,0.03104575163398693,0.004481792717086835,0.019170148699645895,0.04201680672268908,0.019263260859899514,10,0.014005602240896359,65679,11.758031791653245,12.984661492548843,175.81432869986924,11.664698909397142,15.533556372959723,11.675585935289057,12.003581377845185,251.43444457956247,0.0,False
476,476000,0.011039518900343642,0.002061855670103093,0.006531254787707448,0.01804123711340206,0.005798969072164949,0.02106060606060606,0.0033333333333333335,0.013124533159807918,0.03333333333333333,0.013796296296296298,0.015645311049210773,0.0026462395543175488,0.009561591643965323,0.025069637883008356,0.009474620860414732,4,0.005571030640668524,65679,11.700145635340498,12.228722186313767,184.74839881482686,11.702748463821022,15.512704062053961,11.710563834005372,12.145866750717937,259.7491497470794,0.0,False
477,477000,0.032692307692307694,0.00435897435897436,0.017704442280362446,0.04358974358974359,0.01425111925111925,0.01678141135972461,0.0030120481927710845,0.011606864965795398,0.030120481927710843,0.01834839357429719,0.025375939849624062,0.003739612188365651,0.01490057016341472,0.037396121883656507,0.01613518445235897,10,0.013850415512465374,65679,11.714941038298843,12.766609607750556,209.31840579066497,12.064609034467821,15.926369314467337,11.738899911128975,12.222444049053705,285.75227874583214,0.0,False
478,478000,0.015726817042606516,0.002105263157894737,0.008666923844259994,0.021052631578947368,0.007039473684210526,0.022611788617886177,0.0039634146341463415,0.013336065404473378,0.039634146341463415,0.016446476964769648,0.018916464891041162,0.0029661016949152543,0.010830028973850372,0.029661016949152543,0.011397520401757691,12,0.01694915254237288,65679,11.764596735686084,14.32580568597186,196.88220296082415,11.696000008942775,15.440991349008337,11.704379228677508,12.133265565067441,273.94724153417815,0.0,False
479,479000,0.017811704834605598,0.002544529262086514,0.0105970674030435,0.02544529262086514,0.009806534997374692,0.021768707482993196,0.004347826086956522,0.011270665730734937,0.037267080745341616,0.012336093857832988,0.019593739593739595,0.003356643356643357,0.010900422174395448,0.03076923076923077,0.010945720945720945,12,0.016783216783216783,65679,11.76831640117837,13.728942794943855,195.75376289074353,11.664951426876291,15.395445431304333,11.705153029145654,12.877868388411207,272.89444036260323,0.0,False
480,480000,0.008974358974358974,0.0010256410256410256,0.004136976880786195,0.010256410256410256,0.002905982905982906,0.022318840579710144,0.003478260869565218,0.013013856649206209,0.03188405797101449,0.012551184725097768,0.015238095238095236,0.0021768707482993197,0.008303675547595589,0.02040816326530612,0.007433322535363352,13,0.017687074829931974,65679,11.85054974983668,14.823426675136808,201.5108647396846,11.850869843649248,15.852156424051023,11.988241708699165,12.068798080216991,279.9449072212745,0.0,False
481,481000,0.022602739726027398,0.0030136986301369864,0.011351531770468168,0.030136986301369864,0.008835616438356163,0.02524575513851653,0.003753351206434316,0.015893143341119825,0.03753351206434316,0.015668751861781353,0.02393857271906052,0.0033875338753387536,0.01364695333666474,0.03387533875338753,0.012289220114423365,6,0.008130081300813009,65679,12.042713421422935,12.919076867318191,227.38746003619914,11.67756153849786,15.694183485737145,11.733285679799144,12.903598057223409,304.35787908619784,0.0,False
482,482000,0.027288428324697755,0.0036269430051813468,0.014389955674848196,0.03626943005181347,0.012891685171477919,0.025730110775427993,0.004531722054380665,0.013580659606268357,0.04229607250755287,0.014466743394235839,0.02656903765690376,0.004044630404463041,0.0140163475874006,0.03905160390516039,0.013618804099975648,11,0.015341701534170154,65679,11.886229414032057,13.623504002246989,190.47628250359884,11.672920532945774,15.669498951265126,11.688443632723589,12.088046339370218,267.1049253761826,0.0,False
483,483000,0.0132013201320132,0.0024752475247524753,0.008066800512333721,0.024752475247524754,0.010004125412541252,0.026138716356107664,0.004347826086956522,0.015400769906364591,0.040372670807453416,0.015010351966873704,0.01893939393939394,0.0033057851239669425,0.011319607874424547,0.03168044077134986,0.012224517906336088,9,0.012396694214876033,65679,11.747690848273873,13.17685975293914,193.12281197067514,11.664527293370197,15.464508258788978,11.695109856380004,13.166401798631044,270.0379097790584,0.0,False
484,484000,0.023677248677248675,0.0029100529100529104,0.010521819085923404,0.0291005291005291,0.0074284034601494915,0.02714285714285714,0.004761904761904762,0.019146254742817732,0.044444444444444446,0.02208112874779541,0.025252525252525252,0.003751803751803752,0.014442017111784463,0.03607503607503607,0.014088733136352182,5,0.007215007215007215,65679,11.78121242734198,12.767972161348284,199.50374016466932,11.684184500787564,15.621505518537138,11.707737033184173,12.280746609638626,275.3470984155071,0.0,False
485,485000,0.016666666666666666,0.0026666666666666666,0.01118401943897445,0.02666666666666667,0.012247619047619049,0.023631840796019897,0.004477611940298508,0.012910919470631008,0.041791044776119404,0.012793176972281451,0.01995305164319249,0.0035211267605633804,0.01199882438348846,0.03380281690140845,0.012505030181086518,8,0.011267605633802818,65679,11.731757941751964,12.872196224228416,195.2410519471537,11.670828209131567,15.714422423818153,11.700223421645672,14.322015429030222,273.2524955967597,0.0,False
486,486000,0.013853904282115869,0.0025188916876574307,0.008818785844020365,0.02518891687657431,0.010830234696733436,0.011932938856015778,0.002366863905325444,0.006755745371467187,0.023668639053254437,0.007182774490466798,0.012970521541950114,0.0024489795918367346,0.007870067912424481,0.024489795918367346,0.009152899254940072,7,0.009523809523809525,65679,11.775636041794213,12.78164996426634,196.74455572987748,11.745534880452935,15.5055203929777,11.756577640770205,12.342692532585353,272.6521671827242,0.0,False
487,487000,0.017048517520215634,0.0024258760107816715,0.008713269354000934,0.02425876010781671,0.009492790827022632,0.026666666666666665,0.003142857142857143,0.014884105219824322,0.03142857142857143,0.012649659863945577,0.021717521960240405,0.0027739251040221915,0.011708820745177335,0.027739251040221916,0.011025251524558043,9,0.012482662968099861,65679,11.765067716579258,12.612214082219353,206.57330981666001,11.706021260743382,15.523169235281964,11.790360715968617,12.445747896772108,282.4158907242247,0.0,False
488,488000,0.03685964181591004,0.004664723032069971,0.01864404300386488,0.04664723032069971,0.015066638900458142,0.026521956087824355,0.0038922155688622755,0.011572871892495635,0.038922155688622756,0.008561448531508411,0.031759513258774706,0.004283604135893649,0.015155459324105164,0.04283604135893648,0.011857283533797565,9,0.013293943870014771,65679,11.77367873189672,12.998267007680031,193.84453684739844,11.69497097577854,15.626514502209421,11.740748281890978,12.509369271745951,270.1880856186001,0.0,False
489,489000,0.03255613126079447,0.004663212435233161,0.015778964274599693,0.04145077720207254,0.012264577679085452,0.02229905207115959,0.005298013245033113,0.011578066545911732,0.046357615894039736,0.013538053190371071,0.02805375056999544,0.00494186046511628,0.013934965562297712,0.0436046511627907,0.01282357419712071,8,0.011627906976744186,65679,11.77472300448179,12.634336234496057,191.76683526028748,11.660984515660111,15.222408103587881,11.687872519983156,11.849881954961727,266.59704159345824,0.0,False
490,490000,0.020964912280701752,0.003421052631578948,0.013034407193696345,0.031578947368421054,0.014618838763575606,0.03507751937984496,0.005232558139534884,0.017320762293302153,0.04941860465116279,0.013603959025470652,0.027670349907918966,0.0042817679558011055,0.015071017904006286,0.04005524861878453,0.014136630711216345,7,0.009668508287292817,65679,11.764243542655706,12.575398968400764,190.4155676372421,11.695907774889047,15.368241185614862,11.709555862604581,12.524345982561913,266.05326095396896,0.0,False
491,491000,0.021235194585448394,0.002791878172588833,0.013026640344516628,0.027918781725888325,0.012756828619772781,0.024216524216524215,0.0034188034188034192,0.013873899336730897,0.03418803418803419,0.014514086736308957,0.022639821029082775,0.0030872483221476513,0.013425818742190733,0.03087248322147651,0.013584744859912644,12,0.016107382550335572,65679,11.77872172450356,13.732742169897394,198.0739685462085,11.754585171719345,16.16584240057839,11.707084915935084,12.354694036320613,275.56763896516287,0.0,False
492,492000,0.03556998556998557,0.004675324675324675,0.02037486186645281,0.046753246753246755,0.021183261183261182,0.022036474164133738,0.00303951367781155,0.013508330580593746,0.030395136778115502,0.014724755150287067,0.029333955804544037,0.00392156862745098,0.017210871960223632,0.0392156862745098,0.018207282913165267,6,0.008403361344537815,65679,11.980559489671583,12.814124394577853,207.07333338004784,11.814985060892846,15.826782732791811,11.707503200758529,12.713615399478906,283.9309036582194,0.0,False
493,493000,0.0188012979576255,0.0029776674937965265,0.009558565986977928,0.02729528535980149,0.007508172830753476,0.016666666666666666,0.002285714285714286,0.01164833040671458,0.022857142857142857,0.011761904761904763,0.01780910545850785,0.0026560424966799467,0.010529904030680224,0.025232403718459494,0.009485339067012374,7,0.009296148738379814,65679,11.815182531460522,13.50318250945004,192.22400356216917,11.71480711731343,15.524822830931262,11.718762355061862,11.897836900670589,268.3985978070569,0.0,False
494,494000,0.02656675749318801,0.0035422343324250684,0.01506368622438543,0.035422343324250684,0.012518922191946714,0.02904810298102981,0.004573170731707317,0.016975028854694634,0.042682926829268296,0.018906068524970964,0.027737809752198243,0.004028776978417266,0.015965729940560135,0.03884892086330935,0.015533287655589815,1,0.0014388489208633094,65679,11.741809861104402,11.899239225343639,207.40676293692917,11.709539853937967,15.493374375424862,11.69169250758717,11.701544487263682,281.6439632475909,0.0,False
495,495000,0.017534246575342468,0.0030136986301369864,0.012663749537281024,0.030136986301369864,0.014383561643835616,0.016602662570404506,0.0038709677419354843,0.010579305434899263,0.03225806451612903,0.015672043010752687,0.017106407995296884,0.0034074074074074076,0.011706449282853845,0.03111111111111111,0.01497530864197531,5,0.007407407407407408,65679,11.742269716730203,12.648241322715803,203.31915555685254,11.71035585648128,15.943403487900243,11.849156796583937,12.287500855773237,279.50008359303723,0.0,False
496,496000,0.010843731431966725,0.0018716577540106951,0.006656106077191474,0.016042780748663103,0.006372549019607842,0.017279309384572544,0.0026315789473684214,0.011556371214698128,0.02631578947368421,0.014517775921284693,0.01391770861044604,0.00223463687150838,0.008996735514380409,0.02094972067039106,0.010263146226833378,7,0.009776536312849162,65679,11.821053436750217,12.87348718792547,206.02469026384517,11.67276426766728,15.22271556825272,11.7493715885153,11.867620505978671,281.2317028189348,0.0,False
497,497000,0.013585998766411138,0.002835051546391753,0.0069500157092972905,0.028350515463917526,0.0076593438062510216,0.0496342737722048,0.006269592476489028,0.024973504210373965,0.06269592476489028,0.0198350500074638,0.029851062029279847,0.004384724186704386,0.015082254509641645,0.04384724186704385,0.013153049998877439,3,0.004243281471004243,65679,11.732034565781202,12.380841396403275,191.2824071182706,11.663335382744444,15.227677099133308,11.690317900187042,11.688555094507835,265.6651685570277,0.0,False
498,498000,0.015901360544217688,0.0030612244897959186,0.011245962235345916,0.030612244897959183,0.013690476190476192,0.02296229622962296,0.004290429042904291,0.012469536202854337,0.033003300330033,0.011399235161611398,0.018979725310660563,0.0035971223021582736,0.011779405274417933,0.031654676258992806,0.012691561036884779,9,0.012949640287769784,65679,11.71664584576071,13.246320970716763,191.11021029671883,11.739885339867584,15.204693970843897,11.733235131705655,12.448109204560298,267.19910076017374,0.0,False
499,499000,0.016666666666666666,0.002652519893899204,0.010017430362818184,0.026525198938992044,0.011025851543092923,0.022752192982456138,0.003947368421052633,0.013246604676402289,0.039473684210526314,0.013518170426065162,0.019383259911894272,0.0032305433186490457,0.011458941363302132,0.032305433186490456,0.012138428548120177,6,0.00881057268722467,65679,11.787656514272715,12.498853772802132,198.7757737038076,11.723269141089565,15.937294405660163,11.768090139308018,12.230319602346551,274.72125727928676,0.0,False
500,500000,0.03450176366843034,0.0050264550264550265,0.019003019928016153,0.05026455026455026,0.017558998908205257,0.02285701627806891,0.003508771929824562,0.008891349351384845,0.03508771929824561,0.00590480831708902,0.028970508658008657,0.004305555555555556,0.014199976404116282,0.043055555555555555,0.012023258377425045,10,0.013888888888888888,65679,11.85385434376851,13.379122866752358,214.98267141764615,11.672232354875689,15.676222595961686,11.731859543562262,12.76842242547982,292.06438554804646,0.0,False
501,501000,0.03405982905982906,0.004615384615384616,0.02112435721872101,0.046153846153846156,0.01926231176231176,0.028717948717948714,0.004000000000000001,0.014099637280990706,0.036923076923076927,0.013564102564102563,0.031631701631701634,0.004335664335664336,0.017931302701570874,0.04195804195804196,0.01667221667221667,6,0.008391608391608392,65679,11.771213319800022,12.659139399878727,193.45168956746983,11.664155816104582,15.277592404050466,11.702836139576567,12.217002374137476,268.7436290210177,0.0,False
502,502000,0.010028149190710767,0.001724137931034483,0.006542332474368704,0.017241379310344827,0.007418484635233404,0.03081457663451232,0.004180064308681672,0.01381714186214882,0.04180064308681672,0.010484611851171336,0.01904429833300126,0.002789400278940028,0.009697793729040415,0.02789400278940028,0.008748422660556551,4,0.005578800557880056,65679,11.773238877854642,12.331635139029018,202.4739064088177,11.691462061508284,15.6376907163025,11.741057040576264,11.777763326392687,277.4267535704811,0.0,False
503,503000,0.016628873771730914,0.0022675736961451248,0.008844586060490595,0.022675736961451247,0.007753842277651801,0.035863095238095236,0.004375,0.01995676427843488,0.04375,0.016796875,0.024716851260872284,0.0031537450722733252,0.01351724970009923,0.03153745072273324,0.011556431595853409,3,0.003942181340341655,65679,11.807971510485737,13.326063341895233,205.03199398061446,11.749931723897822,15.962970194960402,11.725241555737842,11.77118464359972,281.37535695119124,0.0,False
504,504000,0.020097616996841802,0.0028423772609819124,0.010034794827588959,0.028423772609819122,0.008705549403223822,0.04832775919732441,0.006688963210702341,0.024367512843829337,0.06354515050167224,0.021171099431968998,0.032402008422416584,0.004518950437317784,0.01628185413787449,0.043731778425655975,0.014138784765606923,5,0.007288629737609329,65679,11.810745673440648,12.377440132743667,193.69611819086697,11.664434868940976,15.416347409341613,11.699759023736656,12.264782455140288,268.92962775421086,0.0,False
