batch,interactions,recall_existing,precision_existing,ndcg_existing,recall_new_user,precision_new_user,ndcg_new_user,recall_overall,precision_overall,ndcg_overall,pct_new_user,n_new_users,n_new_user_interactions,n_unique_users,window_unique_users,n_users_trained,n_first_time_new_user_interactions,n_untrained_users_active,pct_untrained_users,window_unique_untrained_users
1,1000,0.031343027751333,0.0214953271028037,0.0315762145875414,0.0075757575757575,0.0022727272727272,0.0067291343401333,0.0244174655809666,0.0158940397350993,0.0243360057737271,0.2913907284768212,44,120,151,151,59868,120,44,0.2913907284768212,44
2,2000,0.0245300759713737,0.0141666666666666,0.0268415653595374,0.0,0.0,0.0,0.017214088400964,0.0099415204678362,0.0188361862172192,0.2923976608187134,50,127,171,321,59868,126,51,0.2982456140350877,94
3,3000,0.0428925641331656,0.0233082706766917,0.0390166279637296,0.0046948356807511,0.0014084507042253,0.0019105911751048,0.02959825668159,0.0156862745098039,0.0261022720225906,0.3480392156862745,71,194,204,524,59868,194,71,0.3480392156862745,165
4,4000,0.0360683613339433,0.0228813559322033,0.0299596395700798,0.032520325203252,0.0073170731707317,0.0198842570552684,0.0351534589354631,0.0188679245283018,0.0273615849593423,0.2578616352201258,41,101,159,682,59868,101,41,0.2578616352201258,206
5,5000,0.0368791735302973,0.0195121951219512,0.0326011114442345,0.0,0.0,0.0,0.0250615378134065,0.0132596685082872,0.0221543464510544,0.3204419889502762,58,153,181,862,59868,153,58,0.32044198895027626,264
6,6000,0.0301884824415855,0.018348623853211,0.0304951978539643,0.0,0.0,0.0,0.0204381651312597,0.0124223602484472,0.0206458171806342,0.3229813664596273,52,131,161,1022,59868,131,52,0.32298136645962733,316
7,7000,0.0298667524017892,0.0182608695652173,0.0252623050941632,0.0261437908496732,0.0058823529411764,0.0190574170997423,0.0287229509610788,0.0144578313253012,0.023355984083829,0.3072289156626506,51,140,166,1188,59868,140,51,0.3072289156626506,367
8,8000,0.0263190052663736,0.0207207207207207,0.022912032633284,0.0,0.0,0.0,0.018847803771403,0.0148387096774193,0.0164079717567389,0.2838709677419355,44,115,155,1342,59868,115,44,0.2838709677419355,411
9,9000,0.031478659822958,0.0166666666666666,0.0303641802689259,0.0070422535211267,0.0014084507042253,0.0024963279828739,0.0226716301405721,0.0111675126903553,0.0203204365516178,0.3604060913705584,71,193,197,1538,59868,193,71,0.3604060913705584,482
10,10000,0.0436779443110128,0.0264150943396226,0.0411578664021232,0.0220588235294117,0.0058823529411764,0.0220383393284844,0.0352290925113066,0.0183908045977011,0.0336858673158736,0.3908045977011494,68,175,174,1712,59868,175,68,0.39080459770114945,550
11,11000,0.0311916846073822,0.023076923076923,0.0295788230647009,0.0,0.0,0.0,0.0228446140786461,0.0169014084507042,0.0216633633713302,0.2676056338028169,38,105,142,1854,59868,105,38,0.2676056338028169,588
12,12000,0.03269442165436,0.019090909090909,0.0310411914533196,0.0,0.0,0.0,0.0241368213555678,0.0140939597315436,0.0229163158380212,0.261744966442953,39,101,149,2002,59868,101,39,0.26174496644295303,627
13,13000,0.0199248436748436,0.0141666666666666,0.017122429317983,0.0068493150684931,0.0013698630136986,0.0083992766132254,0.0149791774144105,0.0093264248704663,0.0138229985021939,0.3782383419689119,73,190,193,2194,59868,190,73,0.37823834196891193,700
14,14000,0.0427362147656265,0.0224,0.0311710188614354,0.0,0.0,0.0,0.0273950094651452,0.0143589743589743,0.019981422347074,0.358974358974359,70,185,195,2388,59868,185,70,0.358974358974359,770
15,15000,0.0222611536886797,0.0156521739130434,0.0247805749015777,0.0251572327044025,0.0056603773584905,0.0149687273834636,0.023174797663878,0.0125,0.0216851706250298,0.3154761904761904,53,139,168,2555,59868,139,53,0.31547619047619047,823
16,16000,0.024500909718301,0.0113043478260869,0.0213798890188051,0.0119047619047619,0.0023809523809523,0.0072993713424459,0.0211312396025771,0.0089171974522293,0.0176131263283141,0.267515923566879,42,107,157,2711,59868,107,42,0.267515923566879,865
17,17000,0.035434282493106,0.0225490196078431,0.0327045110088742,0.016025641025641,0.0038461538461538,0.0069343626650667,0.0288807152443516,0.0162337662337662,0.024002902477199,0.3376623376623376,52,134,154,2865,59868,134,52,0.33766233766233766,917
18,18000,0.0310496050274214,0.0214876033057851,0.0334186864783118,0.0058479532163742,0.0017543859649122,0.0041164800528311,0.0229794131553445,0.0151685393258426,0.0240353956566691,0.3202247191011236,57,142,178,3042,59868,142,57,0.3202247191011236,974
19,19000,0.036391516196222,0.0256,0.0347603832044163,0.0169491525423728,0.0050847457627118,0.0124208240758947,0.0301572800246073,0.0190217391304347,0.0275971550055968,0.3206521739130434,59,156,184,3226,59868,156,59,0.32065217391304346,1033
20,20000,0.0477712278928498,0.0238095238095238,0.0399669806078276,0.015432098765432,0.0037037037037037,0.0150973062827038,0.0380694891546245,0.0177777777777777,0.0325060783102905,0.3,54,142,180,3405,59868,142,54,0.3,1087
21,21000,0.0334576866877287,0.0205357142857142,0.028341295608771,0.0,0.0,0.0,0.0208181161612534,0.0127777777777777,0.0176345839343464,0.3777777777777777,68,179,180,180,59868,179,68,0.37777777777777777,68
22,22000,0.0365235402120648,0.021311475409836,0.0302109817678728,0.0119047619047619,0.0035714285714285,0.0049449811837906,0.0287783065872953,0.0157303370786516,0.0222621276515323,0.3146067415730337,56,154,178,357,59868,154,56,0.3146067415730337,124
23,23000,0.0486504722724814,0.0245283018867924,0.0375688398855515,0.0,0.0,0.0,0.0343796670725535,0.0173333333333333,0.0265486468524564,0.2933333333333333,44,112,150,506,59868,112,44,0.29333333333333333,168
24,24000,0.0405423223101932,0.025438596491228,0.0409393127852456,0.009009009009009,0.0027027027027027,0.0126832088114258,0.032815616401956,0.0198675496688741,0.0340156316790778,0.2450331125827814,37,98,151,656,59868,98,37,0.24503311258278146,205
25,25000,0.0404756354756354,0.0218181818181818,0.0388712789180496,0.0144927536231884,0.0043478260869565,0.0096548449227999,0.0328140164678626,0.0166666666666666,0.030256176586117,0.2948717948717949,46,126,156,811,59868,126,46,0.2948717948717949,251
26,26000,0.0220711962237385,0.0110169491525423,0.0144598206821273,0.010752688172043,0.0032258064516129,0.0104971051380662,0.0181725990059323,0.0083333333333333,0.0130948853280618,0.3444444444444444,62,173,180,990,59868,173,62,0.34444444444444444,313
27,27000,0.0368339387058438,0.0276595744680851,0.0349964437995463,0.0092592592592592,0.0027777777777777,0.0082244975268295,0.029197873628328,0.0207692307692307,0.0275826740624863,0.2769230769230769,36,97,130,1119,59868,97,36,0.27692307692307694,349
28,28000,0.03203577505637,0.0184210526315789,0.0315010578189545,0.0059523809523809,0.0011904761904761,0.0024331237808153,0.0209700927092231,0.0111111111111111,0.0191692070148954,0.4242424242424242,84,221,198,1316,59868,221,84,0.42424242424242425,433
29,29000,0.0144097222222222,0.0078125,0.0120723425186677,0.0056497175141242,0.0016949152542372,0.0050183374739977,0.0116458704693998,0.0058823529411764,0.0098467473441461,0.3155080213903743,59,151,187,1502,59868,151,59,0.3155080213903743,492
30,30000,0.0419347131211537,0.023728813559322,0.0321908518753422,0.0126262626262626,0.003030303030303,0.0100409868127276,0.0314218993566819,0.0163043478260869,0.0242457915811435,0.358695652173913,66,175,184,1685,59868,175,66,0.358695652173913,558
31,31000,0.0292021134708668,0.0238532110091743,0.0306045295775363,0.0196078431372549,0.0039215686274509,0.0072382626188065,0.026143939802028,0.0175,0.0231565319844412,0.31875,51,133,160,1844,59868,133,51,0.31875,609
32,32000,0.032898058731392,0.0239316239316239,0.0345436533333124,0.0,0.0,0.0,0.0213837381754048,0.0155555555555555,0.022453374666653,0.35,63,166,180,2023,59868,166,63,0.35,672
33,33000,0.0369332016328004,0.0196969696969697,0.0320764603985269,0.0220125786163522,0.0056603773584905,0.0201067046365831,0.0326586447686287,0.0156756756756756,0.0286472871261863,0.2864864864864865,53,142,185,2207,59868,142,53,0.2864864864864865,725
34,34000,0.0364308796780061,0.0238095238095238,0.0319076467322957,0.011574074074074,0.0027777777777777,0.0065796396020684,0.0273920412765762,0.0161616161616161,0.022697462321304,0.3585858585858585,71,186,198,2404,59868,184,72,0.36363636363636365,796
35,35000,0.0309402937620535,0.0192660550458715,0.0293603021734914,0.0373563218390804,0.0086206896551724,0.0279392042270402,0.0331686148906018,0.0155688622754491,0.0288667471980772,0.3473053892215569,58,152,167,2570,59868,152,58,0.3473053892215569,854
36,36000,0.0365409735224632,0.0220338983050847,0.0349448148873913,0.0,0.0,0.0,0.0272900941496877,0.0164556962025316,0.0260980263083049,0.2531645569620253,40,107,158,2727,59868,107,40,0.25316455696202533,894
37,37000,0.0206046499796499,0.015,0.0247230189807397,0.0,0.0,0.0,0.015649101250367,0.0113924050632911,0.0187769764410681,0.240506329113924,38,96,158,2885,59868,96,38,0.24050632911392406,932
38,38000,0.0299473735548165,0.0183673469387755,0.0263308284806981,0.0138888888888888,0.0027777777777777,0.009630922272462,0.0231461329904236,0.0117647058823529,0.0192579270277981,0.4176470588235294,71,191,170,3054,59868,189,72,0.4235294117647059,1003
39,39000,0.0333550070143913,0.020754716981132,0.0314552099581694,0.0084745762711864,0.0016949152542372,0.0065568272412634,0.0244583681425786,0.0139393939393939,0.0225521518957606,0.3575757575757576,59,158,165,3218,59868,158,59,0.3575757575757576,1062
40,40000,0.0234220777417928,0.0194444444444444,0.0224831865204298,0.0080645161290322,0.0016129032258064,0.0062395614070087,0.0178210846830213,0.0129411764705882,0.0165590408908292,0.3647058823529411,62,160,170,3387,59868,160,62,0.36470588235294116,1124
41,41000,0.0339182966633947,0.0243589743589743,0.0288949173853389,0.015625,0.003125,0.0191608497739205,0.0285966103613162,0.0181818181818181,0.0260631886256536,0.2909090909090909,32,85,110,110,59868,85,32,0.2909090909090909,32
42,42000,0.0292917026251747,0.0201834862385321,0.0299068094296544,0.0138888888888888,0.0027777777777777,0.0084063922785098,0.0231646164980333,0.0132596685082872,0.0213541573032322,0.3977900552486187,72,181,181,290,59868,181,72,0.39779005524861877,104
43,43000,0.0371227315963964,0.0223300970873786,0.0304197786512719,0.0,0.0,0.0,0.0242002617368913,0.0145569620253164,0.0198306151967152,0.3481012658227848,55,143,158,447,59868,143,55,0.34810126582278483,159
44,44000,0.0230709617180205,0.015,0.0259078849153258,0.01,0.002,0.0122629438553091,0.0192265612127203,0.0111764705882352,0.0218946669564974,0.2941176470588235,50,129,170,616,59868,129,50,0.29411764705882354,209
45,45000,0.0345751637901924,0.0261682242990654,0.0343720001958158,0.0227272727272727,0.0045454545454545,0.0123584388443642,0.0311227981824542,0.0198675496688741,0.0279574525172471,0.2913907284768212,44,117,151,766,59868,117,44,0.2913907284768212,253
46,46000,0.0293789469192695,0.0169354838709677,0.0289940545359181,0.0105820105820105,0.0031746031746031,0.0058613936740753,0.0230462892227598,0.0122994652406417,0.0212006982027839,0.3368983957219251,63,171,187,952,59868,171,63,0.33689839572192515,316
47,47000,0.0301535212558445,0.0210084033613445,0.0266965146847013,0.0,0.0,0.0,0.0213587442228898,0.0148809523809523,0.0189100312349968,0.2916666666666667,49,127,168,1119,59868,127,49,0.2916666666666667,365
48,48000,0.0247730332548579,0.0172131147540983,0.0281908354830788,0.0208333333333333,0.0041666666666666,0.0191608497739205,0.0236606473946627,0.0135294117647058,0.0256411924593165,0.2823529411764706,48,132,170,1288,59868,132,48,0.2823529411764706,413
49,49000,0.0251759363739935,0.0137614678899082,0.0235398126329158,0.0098039215686274,0.0019607843137254,0.0040074979919311,0.0202761066547831,0.01,0.0173138873411019,0.31875,51,138,160,1447,59868,138,51,0.31875,464
50,50000,0.0482006092512314,0.0307692307692307,0.0538400830537568,0.0,0.0,0.0,0.0293149904218015,0.0187134502923976,0.0327448458338638,0.391812865497076,67,183,171,1618,59868,183,67,0.391812865497076,531
51,51000,0.0689144347875159,0.0375,0.0658449279459185,0.0248226950354609,0.0063829787234042,0.0293299538245548,0.0544227440997776,0.0272727272727272,0.0538435028850507,0.3286713286713286,47,119,143,1760,59868,119,47,0.32867132867132864,578
52,52000,0.0416860217874947,0.0287037037037037,0.0375173693843493,0.0,0.0,0.0,0.0294254271441139,0.0202614379084967,0.0264828489771878,0.2941176470588235,45,114,153,1912,59868,114,45,0.29411764705882354,623
53,53000,0.0280371549610405,0.0178861788617886,0.0279293771399945,0.0,0.0,0.0,0.0176849746677332,0.0112820512820512,0.017616991734458,0.3692307692307692,72,183,195,2106,59868,183,72,0.36923076923076925,695
54,54000,0.0199845279988939,0.0163265306122449,0.0209225752762651,0.0,0.0,0.0,0.0133230186659292,0.0108843537414966,0.01394838351751,0.3333333333333333,49,128,147,2252,59868,128,49,0.3333333333333333,744
55,55000,0.029862098914078,0.0203389830508474,0.0283522342234714,0.0204678362573099,0.0052631578947368,0.0109109575544782,0.0268022533630164,0.0154285714285714,0.0226713612512851,0.3257142857142857,57,152,175,2426,59868,152,57,0.32571428571428573,801
56,56000,0.0319340170508762,0.0214285714285714,0.0348619732152626,0.0204678362573099,0.0052631578947368,0.0131426089613229,0.0280667253039337,0.0159763313609467,0.0275365071651172,0.3372781065088757,57,152,169,2594,59868,152,57,0.33727810650887574,858
57,57000,0.0315925981164288,0.0228571428571428,0.0285608407193962,0.0214285714285714,0.0057142857142857,0.012236627765952,0.0275269874412859,0.016,0.0220311555380185,0.4,70,187,175,2768,59868,187,70,0.4,928
58,58000,0.0244575577201496,0.018018018018018,0.0207105057787607,0.0,0.0,0.0,0.0169674306683538,0.0125,0.0143679133840152,0.3,48,130,160,2927,59868,129,49,0.30625,976
59,59000,0.0283631655972081,0.0134751773049645,0.0254810020356064,0.0051282051282051,0.0015384615384615,0.0045551063225517,0.021031746031746,0.0097087378640776,0.0188781708640115,0.3155339805825243,65,174,206,3132,59868,174,65,0.3155339805825243,1041
60,60000,0.0310150976099252,0.0198198198198198,0.0333294759086361,0.0,0.0,0.0,0.0207390110524198,0.0132530120481927,0.0222865772642085,0.3313253012048193,55,148,166,3297,59868,148,55,0.3313253012048193,1096
61,61000,0.0264768300223382,0.0214953271028037,0.0269216571561718,0.0,0.0,0.0,0.018516475897975,0.015032679738562,0.0188275641549698,0.3006535947712418,46,122,153,153,59868,122,46,0.3006535947712418,46
62,62000,0.0191276510604241,0.0126050420168067,0.0181869304771591,0.0081967213114754,0.001639344262295,0.0031709246494634,0.0154232804232804,0.0088888888888888,0.0130981729466622,0.3388888888888889,61,165,180,332,59868,165,61,0.3388888888888889,107
63,63000,0.0382174878498407,0.0244897959183673,0.040566791191859,0.0065359477124183,0.0019607843137254,0.0058055276659973,0.0273734707558237,0.0167785234899328,0.0286686405890473,0.3422818791946309,51,134,149,480,59868,134,51,0.3422818791946309,158
64,64000,0.0328687623745763,0.0208333333333333,0.0363520871893943,0.0151515151515151,0.003030303030303,0.0073304982297996,0.0265819972309094,0.014516129032258,0.0260541040101833,0.3548387096774194,66,178,186,665,59868,178,66,0.3548387096774194,224
65,65000,0.0321288192696433,0.0184873949579831,0.0266285458480092,0.0,0.0,0.0,0.0208925108911888,0.0120218579234972,0.0173158303601808,0.3497267759562841,64,172,183,848,59868,172,64,0.34972677595628415,288
66,66000,0.0263854258688969,0.0181818181818181,0.0255914996464799,0.0062893081761006,0.0018867924528301,0.0026654145822609,0.0202641946176428,0.0132183908045977,0.0186082668395626,0.3045977011494253,53,132,174,1021,59868,132,53,0.3045977011494253,341
67,67000,0.0432121670216908,0.0238095238095238,0.0397856037692461,0.0,0.0,0.0,0.0290851124184457,0.016025641025641,0.0267787717677617,0.3269230769230769,51,131,156,1176,59868,131,51,0.3269230769230769,392
68,68000,0.0357228327228327,0.0207692307692307,0.0282777149169183,0.0201149425287356,0.0051724137931034,0.0129160122550932,0.0309076325565687,0.0159574468085106,0.0235384662233765,0.3085106382978723,58,153,188,1363,59868,153,58,0.30851063829787234,450
69,69000,0.047077686688225,0.0277310924369747,0.0426146598681685,0.0,0.0,0.0,0.0325711902087138,0.0191860465116279,0.0294833983971631,0.3081395348837209,53,143,172,1534,59868,143,53,0.3081395348837209,503
70,70000,0.025720074678408,0.0177083333333333,0.0219983389488546,0.0,0.0,0.0,0.0161380860727265,0.0111111111111111,0.0138028793404578,0.3725490196078431,57,144,153,1686,59868,144,57,0.37254901960784315,560
71,71000,0.026648831438551,0.016822429906542,0.0303742842431906,0.0087719298245614,0.0017543859649122,0.0067868913549919,0.0204355180727131,0.0115853658536585,0.0221762269588776,0.3475609756097561,57,147,164,1849,59868,147,57,0.3475609756097561,617
72,72000,0.0229743203270552,0.021590909090909,0.0248580175067217,0.0,0.0,0.0,0.0144410013484347,0.0135714285714285,0.0156250395756536,0.3714285714285714,52,135,140,1989,59868,135,52,0.37142857142857144,669
73,73000,0.0255884630274874,0.0130081300813008,0.0231037412772128,0.0188172043010752,0.0048387096774193,0.0081889575025955,0.0233191763191763,0.0102702702702702,0.0181052732013951,0.3351351351351351,62,161,185,2173,59868,161,62,0.33513513513513515,731
74,74000,0.0459566072472419,0.0263636363636363,0.0377340042286219,0.0,0.0,0.0,0.0302708191448898,0.0173652694610778,0.024854733324242,0.3413173652694611,57,155,167,2339,59868,155,57,0.3413173652694611,788
75,75000,0.0193653090042771,0.0161904761904761,0.0238757283565155,0.0213675213675213,0.0051282051282051,0.0198936492924483,0.0199075748526557,0.0131944444444444,0.0227972486099973,0.2708333333333333,39,101,144,2482,59868,101,39,0.2708333333333333,827
76,76000,0.0229974951673064,0.0160377358490566,0.0213659961391785,0.0260416666666666,0.00625,0.0202868297355074,0.0241435362023597,0.0123529411764705,0.0209597217283847,0.3764705882352941,64,173,170,2651,59868,173,64,0.3764705882352941,891
77,77000,0.042038332038332,0.0241666666666666,0.0376624830086839,0.0,0.0,0.0,0.0283404485651676,0.0162921348314606,0.0253904379833824,0.3258426966292135,58,154,178,2828,59868,154,58,0.3258426966292135,949
78,78000,0.030731922398589,0.0188034188034188,0.0258848009895204,0.0079365079365079,0.0015873015873015,0.0034667847113994,0.0227535273368606,0.0127777777777777,0.018038495292178,0.35,63,160,180,3007,59868,160,63,0.35,1012
79,79000,0.0258416563797553,0.0164179104477611,0.0221751421500526,0.0,0.0,0.0,0.0168096211402292,0.0106796116504854,0.0144246070296459,0.3495145631067961,36,96,103,3109,59868,96,36,0.34951456310679613,1048
80,80000,0.0172280752405937,0.0134453781512605,0.0197095354914678,0.0078125,0.0015625,0.0037062142620202,0.013935196467927,0.0092896174863387,0.0141127455533003,0.3497267759562841,64,171,183,3291,59868,171,64,0.34972677595628415,1112
81,81000,0.0362071732043536,0.0321428571428571,0.0365640283390183,0.0,0.0,0.0,0.0228676883395917,0.0203007518796992,0.0230930705299063,0.3684210526315789,49,130,133,133,59868,130,49,0.3684210526315789,49
82,82000,0.0357476938908442,0.0217391304347826,0.0321312176754414,0.0,0.0,0.0,0.0263524666503018,0.016025641025641,0.0236864745684343,0.2628205128205128,41,113,156,288,59868,113,41,0.26282051282051283,90
83,83000,0.0317386099286887,0.0174311926605504,0.0310207070499566,0.0166666666666666,0.004,0.0099741497116793,0.0269990051293107,0.0132075471698113,0.0244022927926367,0.3144654088050314,50,130,159,446,59868,130,50,0.31446540880503143,140
84,84000,0.01455613621967,0.0151785714285714,0.0186891447809702,0.0,0.0,0.0,0.0094784142825758,0.0098837209302325,0.0121696756713294,0.3488372093023256,60,170,172,617,59868,170,60,0.3488372093023256,200
85,85000,0.0301056972967286,0.0194029850746268,0.0275922161982061,0.0220125786163522,0.0056603773584905,0.020309236956557,0.0278119256921299,0.0155080213903743,0.0255280563061879,0.2834224598930481,53,141,187,803,59868,141,53,0.28342245989304815,253
86,86000,0.0291402302259747,0.0199999999999999,0.0277326832581018,0.0098039215686274,0.0019607843137254,0.0120224939757933,0.0230150641295479,0.0142857142857142,0.0227561636717805,0.3167701863354037,51,132,161,963,59868,132,51,0.3167701863354037,304
87,87000,0.037013499093331,0.0226890756302521,0.0325856630821169,0.0065359477124183,0.0019607843137254,0.003067181215835,0.0278702336790572,0.0164705882352941,0.0237301185222323,0.3,51,136,170,1132,59868,136,51,0.3,355
88,88000,0.0302089345839345,0.0166666666666666,0.0204001086522248,0.0065359477124183,0.0019607843137254,0.0029027638329986,0.0231485700783946,0.0122807017543859,0.015181602302631,0.2982456140350877,51,130,171,1302,59868,130,51,0.2982456140350877,406
89,89000,0.0251388151199912,0.0186274509803921,0.0237260452856785,0.0,0.0,0.0,0.0156351167209701,0.0115853658536585,0.0147564427996293,0.3780487804878049,62,166,164,1466,59868,166,62,0.3780487804878049,468
90,90000,0.0276101429553868,0.0211009174311926,0.0310931227590837,0.0292397660818713,0.0087719298245614,0.0209314179975632,0.0281697123421917,0.016867469879518,0.0276038626903688,0.3373493975903614,56,151,166,1631,59868,150,57,0.3433734939759036,524
91,91000,0.0296598796456381,0.0208,0.0285409242481036,0.0055555555555555,0.0016666666666666,0.0026071040334597,0.0218422610218275,0.0145945945945945,0.0201299555298407,0.3243243243243243,60,159,185,1815,59868,159,60,0.32432432432432434,584
92,92000,0.032228607918263,0.0183908045977011,0.0322828489996965,0.006060606060606,0.0018181818181818,0.0026916537360533,0.0220931142410015,0.0119718309859154,0.0208214705525107,0.3873239436619718,55,145,142,1956,59868,145,55,0.3873239436619718,639
93,93000,0.0274875606808379,0.0159663865546218,0.0253686285820659,0.0,0.0,0.0,0.0186915412629698,0.0108571428571428,0.0172506674358048,0.3142857142857143,55,145,175,2130,59868,143,56,0.32,694
94,94000,0.0368516896187174,0.0196581196581196,0.0363478325055534,0.0059523809523809,0.0017857142857142,0.0026435884907666,0.0268496012642964,0.0138728323699421,0.0254377882001889,0.3236994219653179,56,154,173,2302,59868,154,56,0.3236994219653179,750
95,95000,0.0168769529721025,0.0134020618556701,0.0169943575410327,0.0,0.0,0.0,0.0116103860871911,0.0092198581560283,0.0116911537693629,0.3120567375886525,44,118,141,2442,59868,118,44,0.3120567375886525,794
96,96000,0.0352646221381603,0.0216216216216216,0.0377929594856999,0.0,0.0,0.0,0.023868128398389,0.0146341463414634,0.0255793811153213,0.3231707317073171,53,139,164,2605,59868,139,53,0.3231707317073171,847
97,97000,0.024501931739318,0.0213675213675213,0.0283765010493438,0.0,0.0,0.0,0.0179170375843762,0.015625,0.0207503163923326,0.26875,43,114,160,2764,59868,114,43,0.26875,890
98,98000,0.0262592053540329,0.0198275862068965,0.0236426079251387,0.0208333333333333,0.0046875,0.0103947418655928,0.0243300064133397,0.0144444444444444,0.0189322555484113,0.3555555555555555,64,166,180,2943,59868,166,64,0.35555555555555557,954
99,99000,0.0457056176357838,0.0221311475409836,0.0380887136193759,0.0,0.0,0.0,0.0288916339459359,0.0139896373056994,0.024076803427792,0.3626943005181347,70,189,193,3135,59868,188,71,0.36787564766839376,1024
100,100000,0.0509336492023183,0.0279279279279279,0.0467305990765014,0.0078125,0.0015625,0.00319347496232,0.0351636289226133,0.0182857142857142,0.0308084508290294,0.3657142857142857,64,167,175,3309,59868,167,64,0.3657142857142857,1088
101,101000,0.0268673027932287,0.0157407407407407,0.0204487572589156,0.0053763440860215,0.0016129032258064,0.0029280934280218,0.019029423735306,0.0105882352941176,0.0140588680970602,0.3647058823529411,62,173,170,170,59868,173,62,0.36470588235294116,62
102,102000,0.0258468779897351,0.02,0.0231218289909697,0.0,0.0,0.0,0.0166498293798907,0.012883435582822,0.0148944297181093,0.3558282208588957,58,156,163,332,59868,156,58,0.3558282208588957,120
103,103000,0.0320523172487401,0.0217821782178217,0.0277261625108817,0.0208333333333333,0.0041666666666666,0.0120891502260794,0.0284381479337097,0.0161073825503355,0.0226887357345695,0.3221476510067114,48,126,149,481,59868,126,48,0.3221476510067114,168
104,104000,0.0405576814058957,0.0241071428571428,0.0342400162382223,0.0158730158730158,0.0047619047619047,0.0067453952662731,0.0316712018140589,0.0171428571428571,0.0243419526883206,0.3542857142857142,62,168,175,655,59868,166,63,0.36,230
105,105000,0.015864534252523,0.0174757281553398,0.0208687140438023,0.019774011299435,0.0050847457627118,0.0116899299278431,0.0172883561399786,0.0129629629629629,0.0175258235324344,0.3641975308641975,59,156,162,816,59868,156,59,0.36419753086419754,289
106,106000,0.0256667093360641,0.014516129032258,0.0262909245565647,0.0,0.0,0.0,0.0170196361372831,0.0096256684491978,0.0174335542514119,0.3315508021390374,62,169,187,1002,59868,167,63,0.33689839572192515,351
107,107000,0.0216637223071046,0.013235294117647,0.0236122857700328,0.0216049382716049,0.0055555555555555,0.0211827493841241,0.0216470152654363,0.0110526315789473,0.0229217859550903,0.2842105263157894,54,148,190,1191,59868,148,54,0.28421052631578947,405
108,108000,0.0220000267954919,0.0180327868852459,0.0265306397579113,0.0,0.0,0.0,0.0153371615374286,0.0125714285714285,0.0184956460026582,0.3028571428571429,53,146,175,1365,59868,146,53,0.3028571428571429,458
109,109000,0.0293101226975825,0.023076923076923,0.0261824050801749,0.0,0.0,0.0,0.0203216850703239,0.016,0.0181531341889213,0.3066666666666666,46,120,150,1514,59868,120,46,0.30666666666666664,504
110,110000,0.0366917523622866,0.0229357798165137,0.0364718336823432,0.0057471264367816,0.0017241379310344,0.0051048605338942,0.0259445170109136,0.0155688622754491,0.025577914864319,0.3473053892215569,58,154,167,1680,59868,154,58,0.3473053892215569,562
111,111000,0.0234163292247939,0.0193877551020408,0.0261078680193473,0.0068027210884353,0.0020408163265306,0.0095771168576072,0.0178784598460077,0.0136054421768707,0.0205976176321006,0.3333333333333333,49,131,147,1827,59868,131,49,0.3333333333333333,611
112,112000,0.0357299254208959,0.0201834862385321,0.0334700690633666,0.0,0.0,0.0,0.0243410116929853,0.01375,0.0228014845494185,0.31875,51,131,160,1986,59868,131,51,0.31875,662
113,113000,0.0282607356785589,0.0186915887850467,0.0258729315513494,0.0102564102564102,0.003076923076923,0.0117747790305941,0.0214567754899562,0.0127906976744186,0.0205451413545523,0.3720930232558139,64,173,172,2157,59868,172,65,0.37790697674418605,726
114,114000,0.0416199392327853,0.0247619047619047,0.0329075604892526,0.0242424242424242,0.0072727272727272,0.0124635044889629,0.0356464184548487,0.01875,0.025879916239153,0.3375,54,143,160,2316,59868,142,55,0.34375,780
115,115000,0.032088514527121,0.0213592233009708,0.0331332252970236,0.0116959064327485,0.0035087719298245,0.0081270590514397,0.0248236478935008,0.015,0.0242247785720344,0.35625,57,156,160,2475,59868,156,57,0.35625,837
116,116000,0.0227830303488933,0.0184466019417475,0.0216795839848362,0.0092592592592592,0.0018518518518518,0.0034180684588808,0.0181315422034141,0.0127388535031847,0.0153985531669917,0.3439490445859872,54,148,157,2631,59868,148,54,0.34394904458598724,891
117,117000,0.0320772168516529,0.019047619047619,0.032497239531732,0.0119047619047619,0.0023809523809523,0.0052001770670991,0.0263136582953983,0.0142857142857142,0.0246980788275512,0.2857142857142857,42,106,147,2777,59868,106,42,0.2857142857142857,933
118,118000,0.0369178745009626,0.0222222222222222,0.0338129122114878,0.0123456790123456,0.0037037037037037,0.0064842278145088,0.0295462158543775,0.0166666666666666,0.0256143068923941,0.3,54,141,180,2956,59868,141,54,0.3,987
119,119000,0.0341194330001541,0.029090909090909,0.0349846318523887,0.0133333333333333,0.004,0.0093855745204551,0.0276237768542726,0.02125,0.0269849264361595,0.3125,25,65,80,3035,59868,65,25,0.3125,1012
120,120000,0.0250377461878604,0.0163636363636363,0.0250001882593697,0.0116959064327485,0.0035087719298245,0.0053124987438359,0.0204839445947982,0.0119760479041916,0.0182804379456845,0.3413173652694611,57,145,167,3201,59868,145,57,0.3413173652694611,1069
121,121000,0.0342059231728911,0.0185483870967741,0.0331646257733857,0.0066666666666666,0.0013333333333333,0.0027250986345131,0.0238268063991884,0.0120603015075376,0.0216924421783332,0.3768844221105528,75,193,199,199,59868,193,75,0.3768844221105528,75
122,122000,0.0352057309957628,0.02,0.0363262949769895,0.0367231638418079,0.0101694915254237,0.0200694654719191,0.0357354856579915,0.0165680473372781,0.0306508337888288,0.3431952662721893,58,156,169,367,59868,155,59,0.34911242603550297,133
123,123000,0.0431018212773043,0.0272727272727272,0.0462916931698513,0.0092592592592592,0.0027777777777777,0.0046433459712833,0.0323201201034138,0.0194690265486725,0.0330231931773871,0.3185840707964602,36,101,113,479,59868,101,36,0.3185840707964602,169
124,124000,0.0563002231220316,0.0317307692307692,0.0501465104439139,0.0046296296296296,0.0013888888888888,0.0041122487634147,0.035162253056958,0.0193181818181818,0.0313143124837097,0.4090909090909091,72,187,176,655,59868,187,72,0.4090909090909091,241
125,125000,0.0280241301386389,0.0188679245283018,0.0288217248680632,0.0,0.0,0.0,0.0188009987006058,0.0126582278481012,0.0193360938988272,0.3291139240506329,52,136,158,813,59868,136,52,0.3291139240506329,293
126,126000,0.0330881626922525,0.0221238938053097,0.0334691008813151,0.0,0.0,0.0,0.0202106074822947,0.0135135135135135,0.0204432886464249,0.3891891891891892,72,188,185,997,59868,188,72,0.3891891891891892,365
127,127000,0.0174155145929339,0.0088709677419354,0.017550095861785,0.0064102564102564,0.0019230769230769,0.0032146241339654,0.014163961038961,0.0068181818181818,0.0133146155785655,0.2954545454545454,52,138,176,1172,59868,138,52,0.29545454545454547,417
128,128000,0.0327147201882013,0.0175,0.0331607274233645,0.0046948356807511,0.0014084507042253,0.0025569266554556,0.0222989516016623,0.0115183246073298,0.0217844454625188,0.3717277486910995,71,189,191,1363,59868,189,71,0.3717277486910995,488
129,129000,0.0236304770738056,0.0154471544715447,0.0272145824336532,0.0075757575757575,0.0022727272727272,0.0041259498303943,0.019400491098272,0.0119760479041916,0.0211313498914772,0.2634730538922156,44,114,167,1529,59868,114,44,0.2634730538922156,532
130,130000,0.0287506252723644,0.019090909090909,0.0272776323342847,0.0070921985815602,0.002127659574468,0.009984653745165,0.0222668924413593,0.0140127388535031,0.0221007533935928,0.2993630573248407,47,126,157,1685,59868,126,47,0.29936305732484075,579
131,131000,0.0424299363689607,0.0211111111111111,0.0403740544850125,0.0075757575757575,0.0022727272727272,0.0032106130195415,0.0309852806458194,0.0149253731343283,0.0281711334067982,0.3283582089552239,44,113,134,1819,59868,113,44,0.3283582089552239,623
132,132000,0.0445818029923293,0.0232,0.0393913160147508,0.0104166666666666,0.0020833333333333,0.0063869499246401,0.0351024588094864,0.0173410404624277,0.0302340352498646,0.2774566473988439,48,130,173,1991,59868,130,48,0.2774566473988439,671
133,133000,0.0421441961797639,0.0201550387596899,0.0338621807211307,0.0075757575757575,0.0015151515151515,0.003309203588154,0.0304441092676386,0.0138461538461538,0.0235211730761232,0.3384615384615385,66,176,195,2186,59868,176,66,0.3384615384615385,737
134,134000,0.0325220892721139,0.0204301075268817,0.0286365406438292,0.0,0.0,0.0,0.0201636953487106,0.0126666666666666,0.0177546551991741,0.38,57,155,150,2335,59868,155,57,0.38,794
135,135000,0.0428889460922709,0.0269565217391304,0.0409241792912216,0.0,0.0,0.0,0.0260964486804822,0.0164021164021164,0.0249009556533888,0.3915343915343915,74,195,189,2523,59868,195,74,0.3915343915343915,868
136,136000,0.0548419979233983,0.0313131313131313,0.0462123748393679,0.0072463768115942,0.0021739130434782,0.0032182816409333,0.039742697432757,0.0220689655172413,0.032572869410899,0.3172413793103448,46,119,145,2668,59868,119,46,0.31724137931034485,914
137,137000,0.0227457649726557,0.015126050420168,0.0243372436837769,0.006060606060606,0.0018181818181818,0.0025684904156332,0.0174717204889618,0.010919540229885,0.0174563159266051,0.3160919540229885,55,147,174,2841,59868,147,55,0.3160919540229885,969
138,138000,0.0378104179285281,0.0188976377952755,0.0317359128595392,0.0,0.0,0.0,0.0248804304503786,0.0124352331606217,0.0208832172702667,0.3419689119170984,66,170,193,3033,59868,170,66,0.34196891191709844,1035
139,139000,0.0335773613305077,0.0192307692307692,0.0332142485023222,0.0188679245283018,0.0037735849056603,0.0130835170493824,0.0286117552762599,0.0140127388535031,0.026418523871712,0.3375796178343949,53,135,157,3189,59868,135,53,0.3375796178343949,1088
140,140000,0.0342919724324141,0.0198275862068965,0.0339179019156118,0.0,0.0,0.0,0.0242552975741465,0.0140243902439024,0.0239907111110425,0.2926829268292683,48,122,164,3352,59868,122,48,0.2926829268292683,1136
141,141000,0.0449201501961242,0.0236363636363636,0.0394582734297319,0.0,0.0,0.0,0.0274512028976314,0.0144444444444444,0.0241133893181695,0.3833333333333333,69,187,180,180,59868,185,70,0.3888888888888889,70
142,142000,0.0263340518079623,0.0168067226890756,0.0227726588304541,0.0,0.0,0.0,0.0176053492424017,0.0112359550561797,0.0152244179821575,0.3314606741573033,59,160,178,357,59868,160,59,0.33146067415730335,129
143,143000,0.0165738879644426,0.0156521739130434,0.0183993900879033,0.0056497175141242,0.0016949152542372,0.0079538767122501,0.0128697152255416,0.010919540229885,0.0148575206099519,0.3390804597701149,59,161,174,530,59868,161,59,0.3390804597701149,188
144,144000,0.012295199876974,0.0130434782608695,0.0153631838817233,0.0188679245283018,0.0056603773584905,0.010374354216236,0.0143687380110238,0.0107142857142857,0.0137893269039208,0.3154761904761904,53,142,168,697,59868,142,53,0.31547619047619047,241
145,145000,0.03803701854264,0.0257425742574257,0.0340780132547882,0.0062893081761006,0.0018867924528301,0.0044271577926675,0.0271108584814284,0.0175324675324675,0.0238734980632791,0.3441558441558441,53,137,154,850,59868,137,53,0.34415584415584416,294
146,146000,0.0354487414467253,0.0193548387096774,0.0281597750609338,0.0130208333333333,0.003125,0.0067379465240436,0.0278137088974854,0.0138297872340425,0.0208672376866733,0.3404255319148936,64,175,188,1038,59868,175,64,0.3404255319148936,358
147,147000,0.0393263255922462,0.0226890756302521,0.0372180109590659,0.0053763440860215,0.0016129032258064,0.0075690117100444,0.0276970501591747,0.0154696132596685,0.0270620001665834,0.3425414364640884,62,164,181,1219,59868,164,62,0.3425414364640884,420
148,148000,0.0366741083344136,0.0198473282442748,0.0281950269378508,0.0054644808743169,0.001639344262295,0.0038465469346127,0.0267585496101121,0.0140625,0.020459311936822,0.3177083333333333,61,164,192,1410,59868,164,61,0.3177083333333333,481
149,149000,0.0404095518678852,0.0259259259259259,0.0371862861500567,0.0169082125603864,0.0043478260869565,0.0079418867367891,0.0312480128158094,0.0175141242937853,0.025785927056749,0.3898305084745763,69,183,177,1587,59868,183,69,0.3898305084745763,550
150,150000,0.044902391397209,0.0234782608695652,0.0358256948178248,0.0101010101010101,0.003030303030303,0.0075483220828244,0.032212384957711,0.0160220994475138,0.0255146086271617,0.3646408839779005,66,173,181,1767,59868,173,66,0.36464088397790057,616
151,151000,0.0282554583600028,0.018348623853211,0.0253008863058741,0.0,0.0,0.0,0.0171102497846683,0.0111111111111111,0.0153210922630015,0.3944444444444444,71,193,180,1946,59868,193,71,0.39444444444444443,687
152,152000,0.0305414150965529,0.023015873015873,0.031360776753706,0.0,0.0,0.0,0.0218648767168504,0.0164772727272727,0.0224514651759486,0.2840909090909091,50,129,176,2122,59868,129,50,0.2840909090909091,737
153,153000,0.0338178097943722,0.01796875,0.0278716283458763,0.0294117647058823,0.0073529411764705,0.0214787783213673,0.0322891819065288,0.0142857142857142,0.0256537007863528,0.3469387755102041,68,181,196,2318,59868,181,68,0.3469387755102041,805
154,154000,0.0154734477971816,0.0132075471698113,0.0212936796525451,0.0,0.0,0.0,0.0100624875245475,0.0085889570552147,0.0138474235777287,0.3496932515337423,57,151,163,2480,59868,151,57,0.3496932515337423,862
155,155000,0.0329450041132284,0.0205607476635514,0.0359597325299856,0.0,0.0,0.0,0.0228903600007496,0.0142857142857142,0.0249850089656394,0.3051948051948052,47,126,154,2633,59868,126,47,0.3051948051948052,909
156,156000,0.0384420856061722,0.0210526315789473,0.0401194830420687,0.0,0.0,0.0,0.0278778483403539,0.015267175572519,0.0290942815953933,0.2748091603053435,36,99,131,2763,59868,99,36,0.2748091603053435,945
157,157000,0.0294962188017743,0.0203703703703703,0.0312094784001956,0.0380116959064327,0.0105263157894736,0.0294081754620004,0.0324379290742927,0.0169696969696969,0.0305872101124554,0.3454545454545454,57,152,165,2927,59868,152,57,0.34545454545454546,1002
158,158000,0.0356604408150903,0.0222222222222222,0.0329853317477412,0.0116959064327485,0.0035087719298245,0.0123494401584935,0.0269041686369269,0.0153846153846153,0.0254452944362853,0.3653846153846153,57,154,156,3083,59868,154,57,0.36538461538461536,1059
159,159000,0.0296968883572132,0.0184466019417475,0.0296461420698461,0.0123456790123456,0.0037037037037037,0.0077070584360876,0.0237289564806345,0.0133757961783439,0.0221002152149227,0.3439490445859872,54,138,157,3239,59868,138,54,0.34394904458598724,1113
160,160000,0.0257306588617035,0.0185840707964601,0.024715709488909,0.0132275132275132,0.0031746031746031,0.0085906818951445,0.0212551010494649,0.0130681818181818,0.0189436825661411,0.3579545454545454,63,165,176,3415,59868,165,63,0.35795454545454547,1176
161,161000,0.0262122574201422,0.0190082644628099,0.0279067958064814,0.0081967213114754,0.001639344262295,0.0035804497839043,0.0201740832298747,0.0131868131868131,0.0197534600516616,0.3351648351648351,61,158,182,182,59868,158,61,0.33516483516483514,61
162,162000,0.0248223898641052,0.0223404255319148,0.0267866461584414,0.0096153846153846,0.0019230769230769,0.0117912921685665,0.0194061962138759,0.0150684931506849,0.0214458351483489,0.3561643835616438,52,132,146,327,59868,132,52,0.3561643835616438,113
163,163000,0.0322368693777722,0.0209302325581395,0.034545180045279,0.0078125,0.0015625,0.0095804248869602,0.0241375966307389,0.0145077720207253,0.0262667120135049,0.3316062176165803,64,165,193,519,59868,165,64,0.3316062176165803,177
164,164000,0.0237980670465571,0.0147540983606557,0.0203301789035109,0.0081967213114754,0.001639344262295,0.0043289856159441,0.0185976184681965,0.0103825136612021,0.0149964478076553,0.3278688524590163,60,161,183,701,59868,159,61,0.3333333333333333,237
165,165000,0.0325262561164816,0.0157142857142857,0.0228410853754887,0.0,0.0,0.0,0.0224319007699873,0.0108374384236453,0.0157524726727508,0.3103448275862069,63,163,203,903,59868,163,63,0.3103448275862069,300
166,166000,0.022116300547673,0.0148148148148148,0.0218486923632807,0.0,0.0,0.0,0.0140503556420511,0.0094117647058823,0.0138803457366724,0.3647058823529411,62,161,170,1072,59868,161,62,0.36470588235294116,362
167,167000,0.0379321972434217,0.0222222222222222,0.0337027717594477,0.0,0.0,0.0,0.0273111820152636,0.016,0.0242659956668023,0.28,49,129,175,1246,59868,129,49,0.28,411
168,168000,0.0365781549605079,0.0236842105263157,0.0363338939180312,0.0046948356807511,0.0014084507042253,0.0020850838800413,0.0243418540477364,0.0151351351351351,0.0231897560115594,0.3837837837837838,71,187,185,1430,59868,187,71,0.3837837837837838,482
169,169000,0.0330133031846427,0.0196581196581196,0.0248082294080553,0.0104166666666666,0.003125,0.0069394197882624,0.0250233322611594,0.0138121546961325,0.0184899762828246,0.3535911602209944,64,169,181,1610,59868,169,64,0.35359116022099446,546
170,170000,0.0391593517035041,0.0210084033613445,0.0331489325188738,0.0052083333333333,0.0015625,0.0046262798588416,0.0272857715084717,0.014207650273224,0.0231737971623598,0.3497267759562841,64,168,183,1792,59868,168,64,0.34972677595628415,610
171,171000,0.0332103082103082,0.0208333333333333,0.024603778469031,0.0072463768115942,0.0021739130434782,0.0030710211491267,0.0260154838468091,0.0156626506024096,0.0186368698141178,0.2771084337349397,46,125,166,1957,59868,125,46,0.27710843373493976,656
172,172000,0.0398345075976654,0.0245614035087719,0.0321579104622737,0.0,0.0,0.0,0.0258018969666696,0.0159090909090909,0.0208295556403363,0.3522727272727273,62,162,176,2132,59868,162,62,0.3522727272727273,718
173,173000,0.0291205261599998,0.0201754385964912,0.0328886517054127,0.0130208333333333,0.003125,0.0076268029518762,0.0233318725594006,0.0140449438202247,0.0238057397940288,0.3595505617977528,64,172,178,2309,59868,172,64,0.3595505617977528,782
174,174000,0.0226117803796682,0.0211111111111111,0.0271276458864071,0.0,0.0,0.0,0.0139387687271927,0.0130136986301369,0.0167225214368263,0.3835616438356164,56,146,146,2454,59868,146,56,0.3835616438356164,838
175,175000,0.0351615843897942,0.0224719101123595,0.0317351755102162,0.0,0.0,0.0,0.0231806000791977,0.0148148148148148,0.0209217082993277,0.3407407407407407,46,126,135,2588,59868,126,46,0.34074074074074073,884
176,176000,0.0372999079667925,0.0276190476190476,0.0377695110780477,0.0075757575757575,0.0022727272727272,0.0041259498303943,0.0285223065090372,0.0201342281879194,0.0278344997029017,0.2953020134228188,44,120,149,2736,59868,120,44,0.2953020134228188,928
177,177000,0.0288592575187969,0.015625,0.0238810123021092,0.0,0.0,0.0,0.0199315735381619,0.0107913669064748,0.0164933610144063,0.3093525179856115,43,117,139,2874,59868,117,43,0.30935251798561153,971
178,178000,0.0214418834312625,0.0203703703703703,0.0238043011285849,0.0,0.0,0.0,0.0131575193782747,0.0125,0.0146071847834498,0.3863636363636363,68,178,176,3050,59868,178,68,0.38636363636363635,1039
179,179000,0.0281391169953261,0.0185185185185185,0.0256473966139212,0.0084745762711864,0.0016949152542372,0.0032784136206317,0.0221586638885001,0.0134020618556701,0.018844458487096,0.3041237113402061,59,159,194,3243,59868,159,59,0.30412371134020616,1098
180,180000,0.0226347723940123,0.0141592920353982,0.0175949145422443,0.0,0.0,0.0,0.0169386045067774,0.0105960264900662,0.0131670552534676,0.2516556291390728,38,100,151,3393,59868,100,38,0.25165562913907286,1136
181,181000,0.0257995476745476,0.0125,0.0226476446740623,0.0078125,0.0015625,0.0030222875565198,0.0195431832660093,0.008695652173913,0.0158214335027432,0.3478260869565217,64,167,184,184,59868,167,64,0.34782608695652173,64
182,182000,0.0350812006095204,0.0204724409448818,0.0296400942117413,0.0094339622641509,0.0018867924528301,0.0038562716526129,0.0275295137633838,0.015,0.0220481909026646,0.2944444444444444,53,131,180,363,59868,131,53,0.29444444444444445,117
183,183000,0.0162383538030596,0.0128,0.0145414973319879,0.0099502487562189,0.0029850746268656,0.0047044986634199,0.0140440671460892,0.009375,0.0111087946716022,0.34375,66,179,192,554,59868,177,67,0.3489583333333333,183
184,184000,0.0142556663541442,0.0114285714285714,0.0184212751892454,0.0,0.0,0.0,0.0097197725141892,0.0077922077922077,0.0125599603563037,0.3181818181818182,49,125,154,708,59868,125,49,0.3181818181818182,232
185,185000,0.0384307334805756,0.023469387755102,0.040352527677011,0.011574074074074,0.0027777777777777,0.0150336933165029,0.0270561483201749,0.0147058823529411,0.029629256653737,0.4176470588235294,71,188,170,877,59868,186,72,0.4235294117647059,303
186,186000,0.0232101434332148,0.0175257731958762,0.0220009770384041,0.0062893081761006,0.0018867924528301,0.0038133461603876,0.0172314483090345,0.012,0.0155746807948383,0.3533333333333333,53,137,150,1026,59868,137,53,0.35333333333333333,356
187,187000,0.0367504747256209,0.024074074074074,0.0347188843483922,0.0049019607843137,0.0014705882352941,0.0026697322431963,0.0244453670664795,0.015340909090909,0.0223362573986574,0.3863636363636363,68,189,176,1201,59868,189,68,0.38636363636363635,424
188,188000,0.0265122279681103,0.017,0.0241618988514285,0.0,0.0,0.0,0.0184112694222988,0.0118055555555555,0.0167790964246031,0.3055555555555556,44,116,144,1344,59868,116,44,0.3055555555555556,468
189,189000,0.0203717747261506,0.0130081300813008,0.0182039907212998,0.0196078431372549,0.0058823529411764,0.0147414249361257,0.0201478637431984,0.010919540229885,0.0171891007497833,0.293103448275862,51,140,174,1518,59868,140,51,0.29310344827586204,519
190,190000,0.030961994434328,0.0206896551724138,0.0307572388989314,0.0091324200913242,0.0027397260273972,0.0049114190206593,0.0225304657198344,0.0137566137566137,0.020774461908911,0.3862433862433862,73,195,189,1706,59868,195,73,0.3862433862433862,592
191,191000,0.0432803410191722,0.0275229357798165,0.0391621573748493,0.0,0.0,0.0,0.0316614575240924,0.0201342281879194,0.0286488265359636,0.2684563758389262,40,105,149,1854,59868,105,40,0.2684563758389262,632
192,192000,0.0216675577700422,0.0160714285714285,0.0261556789856923,0.0130718954248366,0.0039215686274509,0.008563660970822,0.0189781174043644,0.0122699386503067,0.0206514279503648,0.3128834355828221,51,138,163,2016,59868,138,51,0.3128834355828221,683
193,193000,0.0317119383607419,0.0173076923076923,0.028366034914993,0.0122549019607843,0.0029411764705882,0.0051448918474243,0.0240196216444796,0.0116279069767441,0.0191855830045589,0.3953488372093023,68,174,172,2187,59868,174,68,0.3953488372093023,751
194,194000,0.0236229429046064,0.0147826086956521,0.0245588942515281,0.0,0.0,0.0,0.0148450187651898,0.0092896174863387,0.0154331849121624,0.3715846994535519,68,178,183,2369,59868,178,68,0.37158469945355194,819
195,195000,0.0272567366249582,0.0165289256198347,0.0250788021511325,0.0163398692810457,0.0039215686274509,0.0064525171970533,0.0240197585171702,0.0127906976744186,0.0195558920775392,0.2906976744186046,50,128,172,2540,59868,127,51,0.29651162790697677,869
196,196000,0.0318623904830801,0.02,0.0243282213882029,0.0,0.0,0.0,0.0213711155679196,0.0134146341463414,0.0163177094676971,0.3292682926829268,54,137,164,2703,59868,137,54,0.32926829268292684,923
197,197000,0.0209305639440998,0.0157894736842105,0.0236135121900201,0.0,0.0,0.0,0.0137131281013067,0.0103448275862068,0.0154709217796683,0.3448275862068966,50,136,145,2847,59868,136,50,0.3448275862068966,973
198,198000,0.0281759514173464,0.02,0.0219845977081934,0.0246913580246913,0.0055555555555555,0.0253252103405693,0.027062531043362,0.0153846153846153,0.0230520123954615,0.3195266272189349,54,143,169,3015,59868,143,54,0.31952662721893493,1027
199,199000,0.0326479103504587,0.0223214285714285,0.0362876723619901,0.0211640211640211,0.0047619047619047,0.0161508787381104,0.0285137102433412,0.016,0.0290384266573934,0.36,63,171,175,3190,59868,171,63,0.36,1090
200,200000,0.0310145037035793,0.0193277310924369,0.0327333820559864,0.0073529411764705,0.0014705882352941,0.0026064600997654,0.022410299148267,0.0128342245989304,0.0217781377082696,0.3636363636363636,68,179,187,3376,59868,179,68,0.36363636363636365,1158
201,201000,0.035500637442385,0.0184466019417475,0.0297447433210035,0.0054644808743169,0.001639344262295,0.0029760949596287,0.0243286523774328,0.0121951219512195,0.019788111918297,0.3719512195121951,61,161,164,164,59868,161,61,0.3719512195121951,61
202,202000,0.0222479741497875,0.0126050420168067,0.0220270261709307,0.0147058823529411,0.0029411764705882,0.0120224939757933,0.0195053953145706,0.009090909090909,0.018389014463608,0.3582887700534759,67,180,187,350,59868,179,68,0.36363636363636365,128
203,203000,0.0279257496971921,0.0185185185185185,0.0273994502025281,0.0083333333333333,0.0025,0.0058659840752844,0.0226305020312843,0.0141891891891891,0.0215795944924622,0.2635135135135135,39,107,148,497,59868,106,40,0.2702702702702703,167
204,204000,0.0326772632129774,0.02,0.0291949709714842,0.0081967213114754,0.001639344262295,0.0043289856159441,0.0227877727759468,0.0125827814569536,0.0191497715894448,0.4039735099337748,61,163,151,647,59868,163,61,0.40397350993377484,228
205,205000,0.0251319487927899,0.0194444444444444,0.0297118707526453,0.0057471264367816,0.0017241379310344,0.0026970041725445,0.0183589385720159,0.0132530120481927,0.0202729414656222,0.3493975903614458,58,156,166,812,59868,156,58,0.3493975903614458,286
206,206000,0.0472701858465937,0.0330508474576271,0.0464293741018064,0.0052910052910052,0.0015873015873015,0.0074488686670278,0.0326586478631568,0.0220994475138121,0.0328615738676017,0.3480662983425414,63,174,181,992,59868,174,63,0.34806629834254144,349
207,207000,0.0297761636820058,0.0165354330708661,0.0215078327313253,0.0081967213114754,0.001639344262295,0.0031709246494634,0.0227743233383763,0.0117021276595744,0.0155580912792318,0.324468085106383,61,156,188,1179,59868,156,61,0.324468085106383,410
208,208000,0.0276160003834723,0.0163934426229508,0.0252909042062364,0.0238095238095238,0.0063492063492063,0.0175327375810915,0.026319740793425,0.0129729729729729,0.022648933950106,0.3405405405405405,63,171,185,1363,59868,171,63,0.34054054054054056,473
209,209000,0.026570108635326,0.0228260869565217,0.0282784742176509,0.0378787878787878,0.0113636363636363,0.0168472006870397,0.0302287989787989,0.0191176470588235,0.0245801210165708,0.3235294117647059,44,119,136,1498,59868,119,44,0.3235294117647059,517
210,210000,0.0335932249568613,0.0206611570247933,0.0324315750261686,0.0,0.0,0.0,0.0224573492805537,0.0138121546961325,0.0216807766749525,0.3314917127071823,60,156,181,1679,59868,156,60,0.3314917127071823,577
211,211000,0.017872454203773,0.0092783505154639,0.0137582213989719,0.0166666666666666,0.004,0.0130770884560464,0.0174623223884307,0.0074829931972789,0.0135265435272286,0.3401360544217687,50,132,147,1825,59868,132,50,0.3401360544217687,627
212,212000,0.0159316636993121,0.0161290322580645,0.0163917207501839,0.0151515151515151,0.0045454545454545,0.0088695430198276,0.0156078284530567,0.0113207547169811,0.0132693073526775,0.4150943396226415,66,181,159,1983,59868,181,66,0.41509433962264153,693
213,213000,0.0289934441702219,0.0183206106870229,0.0289841372873209,0.0,0.0,0.0,0.0195780473520571,0.0123711340206185,0.0195717628074177,0.3247422680412371,63,169,194,2176,59868,169,63,0.3247422680412371,756
214,214000,0.0214476142839077,0.0154471544715447,0.0176330155994067,0.0052083333333333,0.0015625,0.0028365905083961,0.0158897855093796,0.0106951871657754,0.0125689984559592,0.3422459893048128,64,171,187,2362,59868,171,64,0.3422459893048128,820
215,215000,0.0200528154995205,0.018095238095238,0.0217014786830292,0.0,0.0,0.0,0.0134111186461761,0.0121019108280254,0.0145137277816437,0.3312101910828025,52,140,157,2518,59868,140,52,0.33121019108280253,872
216,216000,0.0318110325691265,0.0203703703703703,0.0313351793480959,0.0147058823529411,0.0044117647058823,0.0088898432175278,0.0252022245310548,0.0142045454545454,0.0226631176612855,0.3863636363636363,68,183,176,2693,59868,183,68,0.38636363636363635,940
217,217000,0.0390071658176992,0.0201612903225806,0.0331546137584847,0.0114942528735632,0.0034482758620689,0.0056824611727635,0.0302393144398976,0.0148351648351648,0.0243997519454527,0.3186813186813186,58,155,182,2874,59868,155,58,0.31868131868131866,998
218,218000,0.0345408183076276,0.0196581196581196,0.0296392086926954,0.0188172043010752,0.0048387096774193,0.0095712974569803,0.0290946503277045,0.0145251396648044,0.022688312063565,0.3463687150837989,62,168,179,3052,59868,168,62,0.3463687150837989,1060
219,219000,0.0159806064431075,0.0103448275862068,0.0176305687233257,0.0,0.0,0.0,0.0102986130411137,0.0066666666666666,0.0113619220661432,0.3555555555555555,64,177,180,3231,59868,177,64,0.35555555555555557,1124
220,220000,0.0267716603152174,0.0210526315789473,0.0296863818371915,0.0284552845528455,0.0073170731707317,0.0130420487503182,0.0272792235045024,0.0169117647058823,0.0246686049507076,0.3014705882352941,41,108,136,3366,59868,108,41,0.3014705882352941,1165
221,221000,0.0325754404325832,0.0196428571428571,0.0330687089846761,0.0,0.0,0.0,0.0199368815762258,0.0120218579234972,0.0202387727119329,0.3879781420765027,71,195,183,183,59868,195,71,0.3879781420765027,71
222,222000,0.027207009745492,0.0244680851063829,0.0285390317492821,0.0085470085470085,0.0025641025641025,0.0060163939233686,0.0217352800707487,0.0180451127819548,0.0219346492289014,0.2932330827067669,39,104,133,316,59868,104,39,0.2932330827067669,110
223,223000,0.0399392494158482,0.0222222222222222,0.0342603045686434,0.0,0.0,0.0,0.0252740562709664,0.0140625,0.0216803489848446,0.3671875,47,119,128,443,59868,119,47,0.3671875,157
224,224000,0.0265476504601566,0.0201680672268907,0.0303127459779794,0.0056497175141242,0.0016949152542372,0.0022991859903804,0.0196208075173706,0.0140449438202247,0.0210273524989438,0.3314606741573033,59,158,178,620,59868,158,59,0.33146067415730335,216
225,225000,0.0336387694646623,0.0205357142857142,0.0261022892369883,0.0312499999999999,0.0078125,0.0184486497918073,0.0327701260229669,0.0159090909090909,0.0233191476205588,0.3579545454545454,63,162,176,795,59868,161,64,0.36363636363636365,279
226,226000,0.0162126906318082,0.012,0.0166034195125597,0.0,0.0,0.0,0.0094996234170751,0.00703125,0.0097285661206404,0.4140625,53,140,128,923,59868,140,53,0.4140625,332
227,227000,0.0171157100899425,0.0166666666666666,0.0190191476630733,0.0181818181818181,0.0036363636363636,0.0154608164642682,0.0174507726331034,0.0125714285714285,0.0179008150005917,0.3142857142857143,55,146,175,1097,59868,146,55,0.3142857142857143,387
228,228000,0.0298339181658896,0.0141732283464566,0.0240207227825961,0.0136054421768707,0.0040816326530612,0.007556966049874,0.0253157629189468,0.0113636363636363,0.0194370632376905,0.2727272727272727,48,124,176,1272,59868,122,49,0.2784090909090909,435
229,229000,0.0277436014278119,0.0142857142857142,0.0218093407470189,0.0,0.0,0.0,0.0174051839146178,0.0089622641509433,0.0136822750912902,0.3726415094339622,79,209,212,1483,59868,209,79,0.37264150943396224,514
230,230000,0.0323776321144742,0.0244444444444444,0.0261562804399171,0.0,0.0,0.0,0.0212699773014794,0.0160583941605839,0.0171829579532302,0.3357664233576642,46,125,137,1619,59868,123,47,0.34306569343065696,560
231,231000,0.0300646632279285,0.0173469387755102,0.0288490879955386,0.0059523809523809,0.0017857142857142,0.0083799772504063,0.0212965605822748,0.0116883116883116,0.0214057749973087,0.3636363636363636,56,155,154,1772,59868,155,56,0.36363636363636365,616
232,232000,0.0266897077891827,0.024,0.0279161865996768,0.0095238095238095,0.0028571428571428,0.006703981800325,0.0212278310683822,0.0172727272727272,0.021166848708974,0.3181818181818182,35,88,110,1881,59868,88,35,0.3181818181818182,651
233,233000,0.0416670374372015,0.0182539682539682,0.0304036119696606,0.0,0.0,0.0,0.0286887798747944,0.0125683060109289,0.0209336344709139,0.3060109289617486,56,153,183,2063,59868,151,57,0.3114754098360656,707
234,234000,0.0361140921784486,0.0247524752475247,0.0345137672959271,0.0,0.0,0.0,0.0217114482739482,0.0148809523809523,0.0207493481957657,0.3988095238095238,67,177,168,2230,59868,177,67,0.39880952380952384,774
235,235000,0.0251664106502816,0.0169354838709677,0.0230865003681638,0.022875816993464,0.0058823529411764,0.009944996587983,0.0244988662131519,0.0137142857142857,0.0192566906950825,0.2914285714285714,51,139,175,2404,59868,139,51,0.2914285714285714,825
236,236000,0.026409690220174,0.0177419354838709,0.0321379753221135,0.0,0.0,0.0,0.0178950906409922,0.0120218579234972,0.0217765515843829,0.3224043715846995,59,156,183,2586,59868,156,59,0.3224043715846995,884
237,237000,0.0365249595813009,0.0232758620689655,0.0360352053013248,0.0,0.0,0.0,0.0240732688149483,0.015340909090909,0.0237504762213277,0.3352272727272727,59,152,176,2761,59868,151,60,0.3409090909090909,943
238,238000,0.0367449782272791,0.0238938053097345,0.0328725876433887,0.0123456790123456,0.0037037037037037,0.0117859107590547,0.0288553844691569,0.0173652694610778,0.0260541412256999,0.3233532934131736,54,144,167,2927,59868,144,54,0.32335329341317365,997
239,239000,0.0464991778662085,0.0247422680412371,0.0475473921828533,0.0169491525423728,0.0050847457627118,0.0072496642181776,0.0353232067501425,0.0173076923076923,0.0323065848115978,0.3782051282051282,59,158,156,3082,59868,158,59,0.3782051282051282,1056
240,240000,0.0204320226345397,0.0159420289855072,0.0202934952657385,0.0075757575757575,0.0015151515151515,0.0046450544906474,0.0162726427625808,0.0112745098039215,0.0152307644267384,0.3235294117647059,66,167,204,3285,59868,167,66,0.3235294117647059,1122
241,241000,0.03158271180717,0.0175438596491228,0.0295993135432668,0.0,0.0,0.0,0.020002384144541,0.0111111111111111,0.0187462319107356,0.3666666666666666,66,176,180,180,59868,176,66,0.36666666666666664,66
242,242000,0.0351204134504704,0.0203389830508474,0.0283133317885079,0.0045662100456621,0.0013698630136986,0.0032142378494709,0.0234426289030829,0.013089005235602,0.0187204843667817,0.3821989528795811,73,193,191,370,59868,193,73,0.38219895287958117,139
243,243000,0.0217312193694682,0.0126984126984126,0.0222156999930162,0.0173611111111111,0.0041666666666666,0.008733647078978,0.0205256722637145,0.0103448275862068,0.018496512982247,0.2758620689655172,48,123,174,543,59868,123,48,0.27586206896551724,187
244,244000,0.0430286761169114,0.0275,0.0450136345260362,0.0053763440860215,0.0016129032258064,0.0026961363704226,0.0302020575129818,0.0186813186813186,0.030597783505992,0.3406593406593406,62,159,182,724,59868,159,62,0.34065934065934067,249
245,245000,0.023965350095381,0.0153846153846153,0.0253924483443326,0.0066666666666666,0.002,0.0093855745204551,0.0191601602540715,0.0116666666666666,0.0209460945043666,0.2777777777777778,50,130,180,903,59868,130,50,0.2777777777777778,299
246,246000,0.0153937505280216,0.0108108108108108,0.016915647471779,0.0238095238095238,0.0057142857142857,0.0142487853023991,0.0180960630496048,0.0091743119266055,0.0160593155825286,0.3211009174311927,35,90,109,1011,59868,90,35,0.3211009174311927,334
247,247000,0.0377103205228205,0.0279279279279279,0.0305781155692428,0.0061728395061728,0.0018518518518518,0.0086903467781991,0.0273889630991903,0.0193939393939393,0.0234148457830831,0.3272727272727272,54,138,165,1175,59868,138,54,0.32727272727272727,388
248,248000,0.0276218454530614,0.0172413793103448,0.0237695461185423,0.0079365079365079,0.0023809523809523,0.0055866515002709,0.0212126657965091,0.0124031007751937,0.0178495339172446,0.3178294573643411,41,112,129,1303,59868,110,42,0.32558139534883723,429
249,249000,0.0317925166945029,0.0193548387096774,0.0279524664944879,0.0102564102564102,0.003076923076923,0.0051995082237682,0.0243859192422488,0.0137566137566137,0.0201273750257219,0.3439153439153439,65,173,189,1491,59868,173,65,0.3439153439153439,494
250,250000,0.0346132407918122,0.022,0.0345231042598688,0.0074626865671641,0.0014925373134328,0.0045757253191452,0.023720503468151,0.0137724550898203,0.0225082875590994,0.4011976047904191,67,172,167,1657,59868,172,67,0.40119760479041916,561
251,251000,0.045862036271519,0.025,0.0431469965429904,0.0,0.0,0.0,0.029118753188266,0.0158730158730158,0.0273949184399939,0.365079365079365,69,178,189,1845,59868,178,69,0.36507936507936506,630
252,252000,0.0278509207408289,0.0155963302752293,0.0229959848884107,0.0,0.0,0.0,0.0179630198860968,0.0100591715976331,0.0148317298984424,0.3550295857988165,60,165,169,2013,59868,165,60,0.35502958579881655,690
253,253000,0.0275427565521905,0.0204545454545454,0.0275146534185773,0.0056497175141242,0.0016949152542372,0.0022991859903804,0.0187557544892931,0.0129251700680272,0.0173941596888929,0.4013605442176871,59,158,147,2160,59868,158,59,0.4013605442176871,749
254,254000,0.0259404134822195,0.0136752136752136,0.0232882386181102,0.0058479532163742,0.0017543859649122,0.0082329601056623,0.0193584006365115,0.0097701149425287,0.0183563370364463,0.3275862068965517,57,151,174,2333,59868,151,57,0.3275862068965517,806
255,255000,0.0189936782199202,0.0174311926605504,0.024389058637782,0.015432098765432,0.0037037037037037,0.0100224622110019,0.0178137684619916,0.012883435582822,0.0196295727049837,0.3312883435582822,54,143,163,2495,59868,143,54,0.3312883435582822,860
256,256000,0.035601219401813,0.0238532110091743,0.0356651750421546,0.0111111111111111,0.0033333333333333,0.0050468738066441,0.0269065063991969,0.0165680473372781,0.0247947722366479,0.3550295857988165,60,157,169,2663,59868,157,60,0.35502958579881655,920
257,257000,0.03617434265984,0.0243697478991596,0.0401553147178929,0.0062893081761006,0.0018867924528301,0.0055864511502993,0.0269655820340366,0.0174418604651162,0.0295032811767158,0.3081395348837209,53,140,172,2834,59868,140,53,0.3081395348837209,973
258,258000,0.0351567781618932,0.0191304347826087,0.0260166802943685,0.0058479532163742,0.0017543859649122,0.0041164800528311,0.0254439698950642,0.0133720930232558,0.0187590557957195,0.3313953488372093,57,151,172,3005,59868,151,57,0.3313953488372093,1030
259,259000,0.0338290396372452,0.0193277310924369,0.0306419848680428,0.0077519379844961,0.0023255813953488,0.0032852784386006,0.0269073398158365,0.0148148148148148,0.0233806368651662,0.2654320987654321,43,111,162,3166,59868,111,43,0.2654320987654321,1073
260,260000,0.0232344839880161,0.0153846153846153,0.0235917385839656,0.0135135135135135,0.0027027027027027,0.0165715457504177,0.0204245159602302,0.01171875,0.0215624640930182,0.2890625,37,101,128,3293,59868,101,37,0.2890625,1110
261,261000,0.0330659697467846,0.0218181818181818,0.0291725922134355,0.0072463768115942,0.0021739130434782,0.0039465607073337,0.0254525000351259,0.016025641025641,0.0217341470257388,0.2884615384615384,45,118,156,156,59868,117,46,0.2948717948717949,46
262,262000,0.0337925454204523,0.0198198198198198,0.0296211752974087,0.0083333333333333,0.0016666666666666,0.0029539881130674,0.024859488547779,0.0134502923976608,0.0202642675134293,0.3508771929824561,60,159,171,326,59868,159,60,0.3508771929824561,106
263,263000,0.0361242720585248,0.0231343283582089,0.0334249548525519,0.0,0.0,0.0,0.0279806500337706,0.0179190751445086,0.0258898494233639,0.2254335260115607,39,101,173,498,59868,101,39,0.2254335260115607,145
264,264000,0.0284460461254594,0.0216867469879518,0.0343425493158305,0.0151515151515151,0.0045454545454545,0.0120618471358464,0.0238400668903921,0.0157480314960629,0.0266232509227651,0.3464566929133858,44,116,127,624,59868,116,44,0.3464566929133858,189
265,265000,0.0246300803145865,0.0179775280898876,0.0223097506322707,0.0,0.0,0.0,0.0187357021196427,0.0136752136752136,0.0169706650108726,0.2393162393162393,28,75,117,740,59868,75,28,0.23931623931623933,217
266,266000,0.0328445152013506,0.0198113207547169,0.0364636867832271,0.0057471264367816,0.0017241379310344,0.0026970041725445,0.0232612923455884,0.0134146341463414,0.0245218112257906,0.3536585365853658,58,150,164,903,59868,150,58,0.35365853658536583,275
267,267000,0.0249096703821113,0.0133858267716535,0.022144300907983,0.0,0.0,0.0,0.0165629745472677,0.0089005235602094,0.0147242210225856,0.3350785340314136,64,166,191,1093,59868,166,64,0.33507853403141363,339
268,268000,0.0336594959621275,0.0191666666666666,0.0262422123693263,0.0134408602150537,0.0032258064516129,0.007634212866934,0.026771828839498,0.0137362637362637,0.019903223527852,0.3406593406593406,62,172,182,1274,59868,172,62,0.34065934065934067,401
269,269000,0.042098886438509,0.0216981132075471,0.0354999724717644,0.0121212121212121,0.0036363636363636,0.0096494777086771,0.0318580660195567,0.015527950310559,0.0266690581117035,0.3416149068322981,55,151,161,1434,59868,151,55,0.3416149068322981,456
270,270000,0.0291670667379605,0.0206896551724137,0.029556171572487,0.0092592592592592,0.0027777777777777,0.0065177600836493,0.0244520597035313,0.0164473684210526,0.0240997056935518,0.2368421052631578,36,95,152,1585,59868,95,36,0.23684210526315788,492
271,271000,0.0414831502964196,0.0302083333333333,0.0432458412962928,0.0148809523809523,0.0035714285714285,0.0116759718357557,0.0316823405380895,0.0203947368421052,0.0316148367582002,0.3684210526315789,56,154,152,1736,59868,154,56,0.3684210526315789,548
272,272000,0.0410244891376966,0.0226415094339622,0.0339165921007712,0.009090909090909,0.0018181818181818,0.0055740653887768,0.0301155021651916,0.015527950310559,0.0242343624786613,0.3354037267080745,54,147,161,1896,59868,145,55,0.3416149068322981,602
273,273000,0.029256248189168,0.0184466019417475,0.0228162316210326,0.0,0.0,0.0,0.0196953827678712,0.0124183006535947,0.0153599467775579,0.326797385620915,50,137,153,2048,59868,137,50,0.32679738562091504,652
274,274000,0.0527230950026474,0.024793388429752,0.04593071286563,0.0055555555555555,0.0016666666666666,0.00278600758277,0.0370874465671473,0.0171270718232044,0.0316286006171681,0.3314917127071823,60,164,181,2228,59868,164,60,0.3314917127071823,712
275,275000,0.0237068194962931,0.0153846153846153,0.0251405829047297,0.0273224043715847,0.0065573770491803,0.0140092423151012,0.024861535084737,0.012565445026178,0.0215855474284609,0.3193717277486911,61,163,191,2418,59868,163,61,0.3193717277486911,773
276,276000,0.0348898818786773,0.019047619047619,0.0299019801483725,0.0070422535211267,0.0014084507042253,0.0033408128559055,0.0248534269883926,0.0126903553299492,0.020329173662255,0.3604060913705584,71,183,197,2614,59868,183,71,0.3604060913705584,844
277,277000,0.0282907077631848,0.018348623853211,0.0306290594405171,0.0,0.0,0.0,0.0189183260502278,0.0122699386503067,0.02048200907372,0.3312883435582822,54,143,163,2777,59868,143,54,0.3312883435582822,898
278,278000,0.0349929416409134,0.0254545454545454,0.0391992615795598,0.0133333333333333,0.004,0.0099637851493282,0.0282243140447946,0.01875,0.0300631751951125,0.3125,50,133,160,2937,59868,133,50,0.3125,948
279,279000,0.0490042897122543,0.027433628318584,0.0431439608989343,0.0161290322580645,0.0032258064516129,0.0087705049863229,0.0373570556427699,0.0188571428571428,0.0309659365184663,0.3542857142857142,62,160,175,3111,59868,160,62,0.35428571428571426,1010
280,280000,0.0292569400208289,0.0222222222222222,0.0311894553102966,0.0105820105820105,0.0031746031746031,0.0051239486570981,0.0223767028591589,0.0152046783625731,0.0215863739117498,0.3684210526315789,63,165,171,3282,59868,165,63,0.3684210526315789,1073
281,281000,0.0372756306042354,0.0252427184466019,0.0356558864130978,0.0,0.0,0.0,0.024147106617838,0.0163522012578616,0.0230978383682332,0.3522012578616352,56,150,159,159,59868,150,56,0.3522012578616352,56
282,282000,0.0229379326193051,0.0157407407407407,0.0235622667452292,0.0114942528735632,0.0034482758620689,0.0055790809823066,0.0189395384912748,0.0114457831325301,0.0172789849726418,0.3493975903614458,58,153,166,324,59868,153,58,0.3493975903614458,114
283,283000,0.0317418725065783,0.0184,0.030867153376761,0.0,0.0,0.0,0.0218007366116609,0.0126373626373626,0.0211999679785446,0.3131868131868132,57,155,182,505,59868,155,57,0.3131868131868132,171
284,284000,0.0249566066481827,0.0166666666666666,0.0276437517417309,0.0069444444444444,0.0020833333333333,0.0034825094784625,0.0189525525802699,0.0118055555555555,0.0195900043206414,0.3333333333333333,48,122,144,648,59868,122,48,0.3333333333333333,219
285,285000,0.0319014387364141,0.0163793103448275,0.0254251932969781,0.006060606060606,0.0018181818181818,0.008532340473141,0.0235900598055986,0.0116959064327485,0.0199918195817088,0.3216374269005848,55,145,171,818,59868,145,55,0.3216374269005848,274
286,286000,0.0351258842587921,0.0216981132075471,0.0358272380929474,0.03125,0.0083333333333333,0.0242490997243658,0.0339178164378699,0.0175324675324675,0.0322184676923506,0.3116883116883117,48,127,154,971,59868,127,48,0.3116883116883117,322
287,287000,0.0268360206520241,0.018,0.0227892209697034,0.0061728395061728,0.0018518518518518,0.0086903467781991,0.0195904896008814,0.0123376623376623,0.0178454598895656,0.3506493506493506,54,147,154,1124,59868,147,54,0.35064935064935066,376
288,288000,0.0246644853143904,0.0137096774193548,0.0216785909122126,0.0266666666666666,0.008,0.023343209099324,0.0252398247834353,0.0120689655172413,0.0221569294717273,0.2873563218390804,50,137,174,1297,59868,137,50,0.28735632183908044,426
289,289000,0.0362882780622519,0.0216981132075471,0.0344145141649877,0.010204081632653,0.0040816326530612,0.0108048210102628,0.0280423062877336,0.0161290322580645,0.0269508047160746,0.3161290322580645,49,133,155,1452,59868,133,49,0.3161290322580645,475
290,290000,0.030029525938243,0.0164062499999999,0.0276544502239495,0.0104166666666666,0.0020833333333333,0.0080594334840529,0.0246805643187222,0.0125,0.0223103547494323,0.2727272727272727,48,125,176,1628,59868,125,48,0.2727272727272727,523
291,291000,0.0342227040425238,0.0234234234234234,0.0302114460409161,0.0042194092827004,0.0012658227848101,0.002558320841779,0.0217476499055446,0.0142105263157894,0.0187135676686433,0.4105263157894737,78,204,190,1817,59868,202,79,0.41578947368421054,601
292,292000,0.0338226520602929,0.0198113207547169,0.0354383494668051,0.0,0.0,0.0,0.0242243318810206,0.0141891891891891,0.0253815205640631,0.2837837837837837,42,107,148,1965,59868,107,42,0.28378378378378377,643
293,293000,0.0438342034986647,0.0260869565217391,0.0367525956943549,0.0070921985815602,0.002127659574468,0.0043001563085222,0.0314106478792121,0.0179856115107913,0.0257794687077784,0.3381294964028777,47,124,139,2103,59868,124,47,0.3381294964028777,690
294,294000,0.0316307760097721,0.0166666666666666,0.0304985607066729,0.0,0.0,0.0,0.0228656212118834,0.0120481927710843,0.0220471523180768,0.2771084337349397,46,119,166,2268,59868,119,46,0.27710843373493976,736
295,295000,0.0270264493558349,0.0192307692307692,0.0276319585786626,0.0,0.0,0.0,0.0193844878138402,0.0137931034482758,0.0198187840840063,0.2827586206896552,41,105,145,2412,59868,105,41,0.2827586206896552,777
296,296000,0.0182925485008818,0.0124999999999999,0.0165155700502642,0.0,0.0,0.0,0.0112569529236195,0.0076923076923076,0.0101634277232395,0.378698224852071,64,178,169,2580,59868,176,65,0.38461538461538464,841
297,297000,0.0372672565232535,0.0224137931034482,0.0335585652723093,0.0105820105820105,0.0031746031746031,0.0068529187999732,0.0278752425886261,0.0156424581005586,0.0241593712624926,0.3519553072625698,63,161,179,2758,59868,161,63,0.35195530726256985,904
298,298000,0.0311398153503416,0.0175438596491228,0.0248438936271042,0.0065359477124183,0.0019607843137254,0.0032776559797294,0.0235349835349835,0.0127272727272727,0.0181779656270065,0.3090909090909091,51,143,165,2922,59868,143,51,0.3090909090909091,955
299,299000,0.0393900128067152,0.018978102189781,0.0267135884571084,0.0,0.0,0.0,0.027254705830909,0.0131313131313131,0.0184836445385043,0.308080808080808,61,160,198,3119,59868,160,61,0.30808080808080807,1016
300,300000,0.019693520785167,0.015,0.0230996288282472,0.0,0.0,0.0,0.0134887128665527,0.0102739726027397,0.0158216635809912,0.3150684931506849,46,119,146,3264,59868,119,46,0.3150684931506849,1062
301,301000,0.0366030544042093,0.0237113402061855,0.031601369041269,0.0,0.0,0.0,0.0241530358993762,0.0156462585034013,0.0208526040612455,0.3401360544217687,50,129,147,147,59868,129,50,0.3401360544217687,50
302,302000,0.0344106106894397,0.0258426966292134,0.0286610028475304,0.0238095238095238,0.0071428571428571,0.0232435899485753,0.0318735984446735,0.0213675213675213,0.0273645279657292,0.2393162393162393,28,74,117,263,59868,74,28,0.23931623931623933,78
303,303000,0.0267458639551662,0.0186915887850467,0.0287836215418338,0.0061728395061728,0.0018518518518518,0.0043451733890995,0.0198455948853175,0.0130434782608695,0.0205868749564447,0.3354037267080745,54,149,161,423,59868,149,54,0.33540372670807456,132
304,304000,0.0353900615364255,0.0173228346456692,0.0328207101942332,0.0043859649122807,0.0013157894736842,0.0021994796706079,0.0237826164948738,0.0113300492610837,0.0213566041853882,0.3743842364532019,76,198,203,625,59868,198,76,0.37438423645320196,208
305,305000,0.0233417076145834,0.0185185185185185,0.0244973479711107,0.0,0.0,0.0,0.0164764994926471,0.0130718954248366,0.0172922456266664,0.2941176470588235,45,118,153,777,59868,118,45,0.29411764705882354,253
306,306000,0.0319006300246369,0.0208791208791208,0.0358875150135701,0.0172413793103448,0.0051724137931034,0.0111169682494727,0.026194344511691,0.0147651006711409,0.0262452887564047,0.3825503355704698,57,154,149,925,59868,152,58,0.38926174496644295,310
307,307000,0.0258784373486835,0.0259740259740259,0.0279819835573376,0.0072463768115942,0.0021739130434782,0.0051008557176386,0.018910349668146,0.0170731707317073,0.0194248137961493,0.3739837398373983,46,127,123,1047,59868,127,46,0.37398373983739835,356
308,308000,0.0226898810747383,0.0170454545454545,0.0245014835298296,0.0,0.0,0.0,0.0146816877542424,0.0110294117647058,0.0158539011075368,0.3529411764705882,48,131,136,1182,59868,131,48,0.35294117647058826,404
309,309000,0.0311123530385825,0.0172131147540983,0.028949393059426,0.019774011299435,0.0050847457627118,0.0103285766912098,0.0274164294882526,0.0132596685082872,0.0228796241880185,0.3259668508287293,59,159,181,1362,59868,159,59,0.3259668508287293,463
310,310000,0.0471773112398112,0.0233870967741935,0.0355540558668043,0.0120772946859903,0.0028985507246376,0.0156873321563509,0.0346286006583934,0.0160621761658031,0.0284514447993365,0.3575129533678756,69,183,193,1554,59868,183,69,0.35751295336787564,532
311,311000,0.0419887206037611,0.0227272727272727,0.0354688769153255,0.0145833333333333,0.00375,0.0081672358539753,0.0304496101741073,0.0147368421052631,0.0239734491000201,0.4210526315789473,80,211,190,1743,59868,211,80,0.42105263157894735,612
312,312000,0.0204212822575654,0.0185840707964601,0.0244222170357697,0.0,0.0,0.0,0.0128916474586865,0.0117318435754189,0.0154173772348713,0.3631284916201117,65,166,179,1921,59868,164,66,0.3687150837988827,677
313,313000,0.0339020008046733,0.0220183486238532,0.0294903676881276,0.0202702702702702,0.0054054054054054,0.014658574813216,0.0283897163262808,0.0153005464480874,0.0234928120993655,0.3989071038251366,73,200,183,2103,59868,198,74,0.40437158469945356,750
314,314000,0.0308118594555841,0.0196581196581196,0.0289983571197767,0.0241935483870967,0.0064516129032258,0.0192596704484231,0.0285194835547672,0.0150837988826815,0.0256251807308162,0.3463687150837989,62,167,179,2281,59868,167,62,0.3463687150837989,812
315,315000,0.0180454079546987,0.0130841121495327,0.0200274626854358,0.0,0.0,0.0,0.0133162665596742,0.0096551724137931,0.0147788862575285,0.2620689655172414,38,102,145,2425,59868,102,38,0.2620689655172414,850
316,316000,0.0254491637688359,0.0131147540983606,0.0220936400948908,0.0085470085470085,0.0025641025641025,0.0098123158588284,0.0188573232323232,0.009,0.0173039236428265,0.39,78,204,200,2624,59868,204,78,0.39,928
317,317000,0.0342604341308536,0.0221153846153846,0.0353890521296779,0.0096153846153846,0.0019230769230769,0.0117912921685665,0.0260454176256972,0.0153846153846153,0.0275231321426407,0.3333333333333333,52,139,156,2779,59868,139,52,0.3333333333333333,980
318,318000,0.029654070567114,0.0153846153846153,0.0229681246639697,0.0045662100456621,0.0013698630136986,0.0024868738703746,0.0206323276209761,0.0103448275862068,0.0156029458071597,0.3596059113300492,73,187,203,2981,59868,187,73,0.35960591133004927,1053
319,319000,0.0282209168408263,0.0184615384615384,0.0278746326149024,0.0045662100456621,0.0013698630136986,0.0018582462114033,0.0197145444465061,0.0123152709359605,0.0185189862727574,0.354679802955665,72,194,203,3183,59868,192,73,0.35960591133004927,1125
320,320000,0.0160866025608238,0.0132653061224489,0.0177208490443816,0.0,0.0,0.0,0.0105099136730715,0.0086666666666666,0.0115776213756626,0.3466666666666667,52,138,150,3332,59868,138,52,0.3466666666666667,1177
321,321000,0.0438296300303364,0.0252100840336134,0.0351526586060117,0.0181818181818181,0.0054545454545454,0.0082274209631536,0.0357225630667243,0.0189655172413793,0.0266418076269473,0.3160919540229885,55,152,174,174,59868,152,55,0.3160919540229885,55
322,322000,0.0325883367867234,0.0227722772277227,0.0315702545791187,0.0070921985815602,0.002127659574468,0.0038625913305819,0.0244915901945432,0.0162162162162162,0.0227711993582996,0.3175675675675675,47,124,148,321,59868,124,47,0.31756756756756754,102
323,323000,0.0333834287839208,0.0186440677966101,0.0256319347295071,0.0220125786163522,0.0056603773584905,0.0170274551152494,0.0298591301939726,0.0146198830409356,0.0229650492350296,0.3099415204678362,53,144,171,491,59868,144,53,0.30994152046783624,155
324,324000,0.0278524410866134,0.0201754385964912,0.0249508228399191,0.0075757575757575,0.0022727272727272,0.0106654255914262,0.0222057697291599,0.0151898734177215,0.0209726109479338,0.2784810126582278,44,122,158,648,59868,122,44,0.27848101265822783,199
325,325000,0.017114791426718,0.0146788990825688,0.0225134973288728,0.0101626016260162,0.0024390243902439,0.0052588850919365,0.0141300816693486,0.0094240837696335,0.0151057580439054,0.4293193717277487,82,218,191,838,59868,218,82,0.4293193717277487,281
326,326000,0.0387635281385281,0.0158333333333333,0.0313838579142029,0.0134408602150537,0.0032258064516129,0.0174584825611002,0.0301371247799819,0.0115384615384615,0.0266400487279811,0.3351648351648351,61,168,182,1019,59868,166,62,0.34065934065934067,342
327,327000,0.0281967294247996,0.0162162162162162,0.023398572357566,0.0253623188405797,0.0065217391304347,0.0201304277561006,0.0273662651771937,0.0133757961783439,0.0224410268055443,0.2929936305732484,46,119,157,1175,59868,119,46,0.2929936305732484,388
328,328000,0.0348531011484268,0.0256,0.0348932936177653,0.0,0.0,0.0,0.0243387577852142,0.017877094972067,0.0243668251520707,0.3016759776536313,54,140,179,1353,59868,140,54,0.3016759776536313,442
329,329000,0.0257047216349541,0.0170542635658914,0.0259362167525748,0.0,0.0,0.0,0.0179238329238329,0.0118918918918918,0.0180852538436873,0.3027027027027027,56,149,185,1537,59868,149,56,0.3027027027027027,498
330,330000,0.0357197685664574,0.0203883495145631,0.0308125766492463,0.0,0.0,0.0,0.0229946010146569,0.013125,0.0198355962179523,0.35625,57,148,160,1696,59868,148,57,0.35625,555
331,331000,0.0382880963586337,0.0244680851063829,0.0414328228796148,0.0272727272727272,0.0072727272727272,0.0192028293453187,0.0342220205215541,0.0181208053691275,0.0332271205682975,0.3691275167785235,55,139,149,1844,59868,139,55,0.3691275167785235,610
332,332000,0.0259151000574045,0.0168,0.0256700651125139,0.0283687943262411,0.0063829787234042,0.018269997510962,0.0265855862820284,0.013953488372093,0.023647953616741,0.2732558139534883,47,125,172,2015,59868,125,47,0.27325581395348836,657
333,333000,0.0263855699434447,0.0185483870967741,0.0252760911260568,0.0,0.0,0.0,0.0179769817197095,0.0126373626373626,0.0172210730748959,0.3186813186813186,58,153,182,2196,59868,153,58,0.31868131868131866,715
334,334000,0.028029393575612,0.0187499999999999,0.0280299168572305,0.0084745762711864,0.0016949152542372,0.0103923253011094,0.0212824098273014,0.0128654970760233,0.0219444320513174,0.3450292397660818,59,159,171,2366,59868,159,59,0.34502923976608185,774
335,335000,0.0363829686514614,0.0208333333333333,0.0337100010400688,0.0166666666666666,0.005,0.0075703107099662,0.0293414322283204,0.0151785714285714,0.0243743973507465,0.3571428571428571,40,107,112,2477,59868,107,40,0.35714285714285715,814
336,336000,0.0281312725215164,0.0178861788617886,0.0268255922708788,0.0,0.0,0.0,0.0192230362230362,0.0122222222222222,0.0183308213851005,0.3166666666666666,57,153,180,2657,59868,153,57,0.31666666666666665,871
337,337000,0.0261828449328449,0.0169230769230769,0.0200489279517617,0.0,0.0,0.0,0.0192303380862702,0.0124293785310734,0.0147252013205029,0.2655367231638418,47,126,177,2833,59868,126,47,0.2655367231638418,918
338,338000,0.0292153634935374,0.0188679245283018,0.0264800341730436,0.0,0.0,0.0,0.0194769089956916,0.0125786163522012,0.0176533561153624,0.3333333333333333,53,141,159,2991,59868,141,53,0.3333333333333333,971
339,339000,0.035491960186796,0.022,0.0302297339190321,0.0,0.0,0.0,0.0233499738071026,0.0144736842105263,0.0198879828414685,0.3421052631578947,52,138,152,3142,59868,138,52,0.34210526315789475,1023
340,340000,0.0300074754493249,0.0175438596491228,0.0282549384111548,0.0,0.0,0.0,0.0211163716124879,0.0123456790123456,0.0198831048078496,0.2962962962962963,48,130,162,3303,59868,130,48,0.2962962962962963,1071
341,341000,0.0177489177489177,0.0107438016528925,0.0180560777436734,0.0148148148148148,0.0044444444444444,0.0089288848439462,0.0169535283993115,0.0090361445783132,0.0155818387045907,0.2710843373493976,45,118,166,166,59868,118,45,0.2710843373493976,45
342,342000,0.0144221484288545,0.0132653061224489,0.0162531211262349,0.010204081632653,0.0020408163265306,0.0039474776248422,0.013016126163454,0.0095238095238095,0.012151239959104,0.3333333333333333,49,133,147,312,59868,133,49,0.3333333333333333,94
343,343000,0.026477913607013,0.0185840707964601,0.0270284104405464,0.0111111111111111,0.0033333333333333,0.0117319681505689,0.0211483867298216,0.0132947976878612,0.0217232859469126,0.3468208092485549,60,160,173,484,59868,160,60,0.3468208092485549,154
344,344000,0.0307142857142857,0.0202020202020202,0.0260379905961665,0.0,0.0,0.0,0.0214134808853118,0.0140845070422535,0.0181532469649329,0.3028169014084507,43,112,142,625,59868,112,43,0.3028169014084507,197
345,345000,0.0313288675369929,0.021311475409836,0.0333852842666605,0.0092592592592592,0.0018518518518518,0.0035819704373568,0.0245575104517792,0.015340909090909,0.0242410857053969,0.3068181818181818,54,145,176,800,59868,145,54,0.3068181818181818,251
346,346000,0.0344228557900432,0.015625,0.0324115465262996,0.0054644808743169,0.001639344262295,0.0025643646230751,0.0250765019812638,0.0111111111111111,0.0227783290866345,0.3174603174603174,60,159,189,988,59868,156,61,0.32275132275132273,311
347,347000,0.0279759048380749,0.0227272727272727,0.0295390618176173,0.0083333333333333,0.0025,0.0074020477741466,0.0227378857701438,0.0173333333333333,0.0236358580726918,0.2666666666666666,40,110,150,1137,59868,110,40,0.26666666666666666,351
348,348000,0.0215006024411964,0.0148514851485148,0.0180388697443806,0.0,0.0,0.0,0.0142865845168476,0.0098684210526315,0.0119863542380424,0.3355263157894737,51,135,152,1289,59868,135,51,0.3355263157894737,402
349,349000,0.0400889433022164,0.025233644859813,0.0352955862746595,0.0148148148148148,0.0044444444444444,0.0156426242007585,0.0326064710526567,0.019078947368421,0.0294772751343599,0.2960526315789473,45,124,152,1441,59868,124,45,0.29605263157894735,447
350,350000,0.0405736362341546,0.0271186440677966,0.0364570627230771,0.0,0.0,0.0,0.0254664312533524,0.0170212765957446,0.0228826244751228,0.3723404255319149,70,192,188,1628,59868,192,70,0.3723404255319149,517
351,351000,0.0387861250969865,0.0209523809523809,0.0282165882125691,0.0051282051282051,0.0015384615384615,0.0025716993071723,0.0259169204030406,0.0135294117647058,0.0184111895134468,0.3764705882352941,64,172,170,1797,59868,171,65,0.38235294117647056,581
352,352000,0.0358118596951524,0.0239130434782608,0.035171571850767,0.0072463768115942,0.0021739130434782,0.0102017114352773,0.0262900320672996,0.0166666666666666,0.0268482850456038,0.3333333333333333,46,124,138,1934,59868,124,46,0.3333333333333333,627
353,353000,0.0340863870270859,0.0239669421487603,0.0372129677597492,0.0086206896551724,0.0017241379310344,0.0030558497721387,0.0258349320127228,0.0167597765363128,0.0261452982442106,0.3240223463687151,58,151,179,2112,59868,151,58,0.3240223463687151,685
354,354000,0.0241091783167206,0.0206521739130434,0.0287667528713629,0.0079365079365079,0.0023809523809523,0.0048120796785844,0.019040132376654,0.0149253731343283,0.0212585717213876,0.3134328358208955,42,110,134,2245,59868,110,42,0.31343283582089554,727
355,355000,0.0446726613530984,0.0258928571428571,0.04228636822996,0.0121212121212121,0.0036363636363636,0.0071102837276175,0.0339521241809203,0.018562874251497,0.0307014302202065,0.3293413173652694,55,148,167,2411,59868,148,55,0.32934131736526945,782
356,356000,0.0386995102902327,0.0219047619047619,0.0355606722888711,0.0185185185185185,0.0055555555555555,0.0145643054072695,0.031845588556443,0.0163522012578616,0.0284298307064404,0.3396226415094339,54,144,159,2569,59868,144,54,0.33962264150943394,836
357,357000,0.0317822917822917,0.0186813186813186,0.0268612939408253,0.0121212121212121,0.0036363636363636,0.0086840673364221,0.0243757206770905,0.0130136986301369,0.0200137085761529,0.3767123287671233,55,137,146,2714,59868,137,55,0.3767123287671233,891
358,358000,0.0471764871132153,0.0304761904761904,0.0440924658835249,0.0,0.0,0.0,0.0309595696680475,0.02,0.0289356807360632,0.34375,55,148,160,2874,59868,148,55,0.34375,946
359,359000,0.0295990182375381,0.0162162162162162,0.0272130541668711,0.0112994350282485,0.0033898305084745,0.0068101664063996,0.0232479864178435,0.0117647058823529,0.0201320519441192,0.3470588235294117,59,162,170,3044,59868,162,59,0.34705882352941175,1005
360,360000,0.0288888329586003,0.017829457364341,0.0243426924674419,0.0104166666666666,0.0020833333333333,0.0040297167420264,0.0238794319302793,0.0135593220338983,0.0188340888808886,0.2711864406779661,48,130,177,3220,59868,130,48,0.2711864406779661,1053
361,361000,0.0316971396658896,0.02,0.0337027250702876,0.0,0.0,0.0,0.0242271131204252,0.0152866242038216,0.0257600446397102,0.2356687898089172,37,100,157,157,59868,100,37,0.2356687898089172,37
362,362000,0.0255010197083367,0.0153153153153153,0.0243541320707036,0.0,0.0,0.0,0.0168488880215796,0.0101190476190476,0.0160911229752863,0.3392857142857143,57,154,168,324,59868,154,57,0.3392857142857143,94
363,363000,0.0352851253121706,0.0275862068965517,0.0381610587261192,0.0,0.0,0.0,0.0227393029789543,0.0177777777777777,0.0245926822901657,0.3555555555555555,48,125,135,458,59868,125,48,0.35555555555555557,142
364,364000,0.0314122383736359,0.0247787610619469,0.0318999110538398,0.0130718954248366,0.0039215686274509,0.0097684168130669,0.0257088390419971,0.0182926829268292,0.0250175561375019,0.3109756097560975,51,136,164,621,59868,136,51,0.31097560975609756,193
365,365000,0.036053955198692,0.0261261261261261,0.0369469116873427,0.0070921985815602,0.002127659574468,0.0062996151269333,0.0274387491163807,0.0189873417721519,0.0278303108117778,0.2974683544303797,47,120,158,778,59868,120,47,0.2974683544303797,240
366,366000,0.0343496533228676,0.0232142857142857,0.0328693960507595,0.0,0.0,0.0,0.0236022157801298,0.0159509202453987,0.0225851064888654,0.3128834355828221,51,130,163,940,59868,130,51,0.3128834355828221,291
367,367000,0.0289567915872261,0.0198275862068965,0.0272439458018253,0.0,0.0,0.0,0.0193045277248174,0.0132183908045977,0.0181626305345502,0.3333333333333333,58,161,174,1113,59868,161,58,0.3333333333333333,349
368,368000,0.0375026699643067,0.0217391304347826,0.0347204922006122,0.0085470085470085,0.0025641025641025,0.0061233808141438,0.0258003819303727,0.0139896373056994,0.0231631103967545,0.4041450777202072,78,207,193,1305,59868,207,78,0.40414507772020725,427
369,369000,0.0386119051540247,0.01953125,0.0313984506150046,0.0162037037037037,0.0041666666666666,0.0124400158122932,0.0305449526319091,0.0139999999999999,0.0245734140860285,0.36,72,183,200,1505,59868,183,72,0.36,499
370,370000,0.0329347233210642,0.0211864406779661,0.0278594684302942,0.0055555555555555,0.0016666666666666,0.0039106560501896,0.0237057903663984,0.0146067415730337,0.0197868350437421,0.3370786516853932,60,154,178,1682,59868,154,60,0.33707865168539325,559
371,371000,0.0265582542698638,0.0180851063829787,0.0281893530361538,0.0064935064935064,0.0012987012987012,0.0039814752776977,0.0175232508851883,0.0105263157894736,0.0172887297180186,0.4502923976608187,77,208,171,1853,59868,208,77,0.4502923976608187,636
372,372000,0.0502016262220343,0.0255102040816326,0.040279723080113,0.0058479532163742,0.0017543859649122,0.0031849437287254,0.0338909206651142,0.016774193548387,0.0266384171250866,0.3677419354838709,57,153,155,2007,59868,153,57,0.36774193548387096,693
373,373000,0.0422648834753349,0.0257731958762886,0.0428995786049556,0.009009009009009,0.0027027027027027,0.0038180262935088,0.0330822912719464,0.0194029850746268,0.032108403712989,0.2761194029850746,37,98,134,2140,59868,98,37,0.27611940298507465,730
374,374000,0.0242130477547144,0.0191666666666666,0.030343246940033,0.01,0.002,0.0043681487363632,0.0200327395915631,0.0141176470588235,0.0227035121742478,0.2941176470588235,50,127,170,2310,59868,127,50,0.29411764705882354,780
375,375000,0.0480496076801672,0.0277777777777777,0.0388966473425884,0.0081967213114754,0.001639344262295,0.0063418492989269,0.0336648380441305,0.0183431952662721,0.0271460989362964,0.3609467455621302,61,163,169,2478,59868,163,61,0.3609467455621302,841
376,376000,0.0231483889673544,0.0146551724137931,0.0230953661866773,0.0042735042735042,0.0012820512820512,0.0037959219354598,0.0155595178017858,0.0092783505154639,0.0153357958176311,0.4020618556701031,78,210,194,2671,59868,210,78,0.4020618556701031,919
377,377000,0.0288239227932857,0.0213675213675213,0.0273441872922994,0.0068027210884353,0.0020408163265306,0.0041246397245009,0.022323688555107,0.0156626506024096,0.0204902244560215,0.2951807228915662,49,132,166,2836,59868,132,49,0.29518072289156627,968
378,378000,0.0319141929002102,0.0204918032786885,0.0276123413891048,0.0,0.0,0.0,0.0208210242450569,0.0133689839572192,0.0180144687137475,0.3475935828877005,65,169,187,3022,59868,169,65,0.34759358288770054,1033
379,379000,0.0348660570841021,0.0209523809523809,0.0395798711756446,0.0,0.0,0.0,0.0227387328809362,0.0136645962732919,0.0258129594623769,0.3478260869565217,56,146,161,3182,59868,146,56,0.34782608695652173,1089
380,380000,0.0364112435833747,0.0237704918032786,0.0352798659160453,0.0049019607843137,0.0014705882352941,0.004354145749498,0.0251342371079213,0.0157894736842105,0.0242117134353863,0.3578947368421052,68,177,190,3371,59868,177,68,0.35789473684210527,1157
381,381000,0.0232421990215512,0.0123076923076923,0.0179316895441034,0.023391812865497,0.0052631578947368,0.017982909518612,0.0232878032413636,0.0101604278074866,0.0179473020497023,0.3048128342245989,57,151,187,187,59868,151,57,0.3048128342245989,57
382,382000,0.0347979965523062,0.0233644859813084,0.0280567164044763,0.0,0.0,0.0,0.0243358537980181,0.0163398692810457,0.0196213637599932,0.3006535947712418,46,112,153,339,59868,112,46,0.3006535947712418,103
383,383000,0.0242807173697483,0.014018691588785,0.0207810204800292,0.0069444444444444,0.0020833333333333,0.004888320062737,0.018912065109009,0.0103225806451612,0.0158594100282226,0.3096774193548387,48,130,155,493,59868,130,48,0.3096774193548387,151
384,384000,0.0216597612539022,0.0141592920353982,0.0187493570501146,0.0,0.0,0.0,0.0146560061179099,0.0095808383233532,0.0126866906985805,0.3233532934131736,54,141,167,659,59868,141,54,0.32335329341317365,205
385,385000,0.0290935136987768,0.0191666666666666,0.0258526933594866,0.0,0.0,0.0,0.0187700088379205,0.0123655913978494,0.0166791570061204,0.3548387096774194,66,175,186,844,59868,175,66,0.3548387096774194,271
386,386000,0.028787264901418,0.019298245614035,0.0302636621237474,0.0048309178743961,0.0014492753623188,0.0034005704784257,0.0197545438912294,0.0125683060109289,0.0201349554378064,0.3770491803278688,69,187,183,1027,59868,187,69,0.3770491803278688,340
387,387000,0.0283683600703733,0.0179245283018867,0.021361061036299,0.0,0.0,0.0,0.0195262738146725,0.0123376623376623,0.014703067986024,0.3116883116883117,48,130,154,1180,59868,130,48,0.3116883116883117,388
388,388000,0.0148156897013112,0.0161290322580645,0.0233293003734809,0.0098039215686274,0.0019607843137254,0.0040074979919311,0.0130406884876524,0.0111111111111111,0.0164861620300153,0.3541666666666667,51,140,144,1323,59868,140,51,0.3541666666666667,439
389,389000,0.0425824675824675,0.0288288288288288,0.0422782867786904,0.0119047619047619,0.0028571428571428,0.0055081127397766,0.0307181615192664,0.0187845303867403,0.0280577774818729,0.3867403314917127,70,193,181,1504,59868,193,70,0.3867403314917127,509
390,390000,0.0344665182267641,0.0221311475409836,0.0283393920861527,0.0065359477124183,0.0019607843137254,0.0058055276659973,0.0262326506184887,0.0161849710982659,0.0216964609565116,0.2947976878612717,51,139,173,1676,59868,139,51,0.2947976878612717,560
391,391000,0.0392507970424637,0.0233333333333333,0.0348297856282016,0.0066666666666666,0.002,0.0059216382193173,0.0296672292848763,0.0170588235294117,0.0263273893314709,0.2941176470588235,50,131,170,1845,59868,131,50,0.29411764705882354,610
392,392000,0.0455133694510759,0.0245762711864406,0.0399653504971619,0.0,0.0,0.0,0.0298365421957053,0.0161111111111111,0.0261995075481394,0.3444444444444444,62,167,180,2025,59868,167,62,0.34444444444444444,672
393,393000,0.0400594524102481,0.0278846153846153,0.0381453444154033,0.0,0.0,0.0,0.0287322969011435,0.02,0.027359419442772,0.2827586206896552,41,109,145,2169,59868,109,41,0.2827586206896552,713
394,394000,0.0201137204142011,0.015625,0.01960367445756,0.01,0.002,0.0122629438553091,0.0166501175326254,0.010958904109589,0.0170897256211727,0.3424657534246575,50,133,146,2314,59868,133,50,0.3424657534246575,763
395,395000,0.0323663633114852,0.0195121951219512,0.0275109846577701,0.0043859649122807,0.0013157894736842,0.001784894387269,0.0216803820132965,0.0125628140703517,0.0176859451574782,0.3819095477386934,76,198,199,2512,59868,198,76,0.38190954773869346,839
396,396000,0.0337015166303192,0.0213592233009708,0.0398148672762176,0.0312499999999999,0.0083333333333333,0.0190967805021475,0.0329222265756482,0.0172185430463576,0.0332289853877715,0.3178807947019867,48,129,151,2662,59868,129,48,0.31788079470198677,887
397,397000,0.0672685153837745,0.0382022471910112,0.0626658269780425,0.0,0.0,0.0,0.0427635562082566,0.0242857142857142,0.0398375614360413,0.3642857142857142,51,139,140,2801,59868,139,51,0.36428571428571427,938
398,398000,0.0306841263126707,0.0199999999999999,0.0261829859998132,0.0117370892018779,0.0028169014084507,0.005279347589095,0.0234516551574756,0.0134408602150537,0.0182036401548617,0.3817204301075269,71,185,186,2986,59868,185,71,0.3817204301075269,1009
399,399000,0.0263704462433008,0.0194174757281553,0.0250005371706368,0.0112994350282485,0.0033898305084745,0.0159077534245002,0.0208816211711521,0.0135802469135802,0.0216889677816117,0.3641975308641975,59,156,162,3147,59868,156,59,0.36419753086419754,1068
400,400000,0.0378398302816907,0.0196581196581196,0.0314366567877183,0.0062893081761006,0.0018867924528301,0.0044271577926675,0.0280034910370067,0.0141176470588235,0.0230160482774966,0.3117647058823529,53,139,170,3316,59868,139,53,0.31176470588235294,1121
401,401000,0.0328288670393933,0.0227272727272727,0.0381824774204486,0.0125786163522012,0.0037735849056603,0.0078524746329949,0.0262444296993861,0.0165644171779141,0.0283205746736078,0.3251533742331288,53,145,163,163,59868,145,53,0.32515337423312884,53
402,402000,0.0190627280605728,0.0155172413793103,0.0187966710914612,0.0,0.0,0.0,0.0123534997487511,0.0100558659217877,0.0121810829419525,0.3519553072625698,63,174,179,341,59868,174,63,0.35195530726256985,116
403,403000,0.0392914506720476,0.017910447761194,0.0348843468517589,0.0,0.0,0.0,0.0284597534597534,0.0129729729729729,0.0252675809628956,0.2756756756756757,51,136,185,525,59868,136,51,0.2756756756756757,167
404,404000,0.0332464252918798,0.0157024793388429,0.0290866616614031,0.0052910052910052,0.0015873015873015,0.0021532059274991,0.023674732574189,0.0108695652173913,0.0198648806220773,0.3423913043478261,63,174,184,708,59868,174,63,0.3423913043478261,230
405,405000,0.014756393646319,0.0135922330097087,0.0199464571938044,0.0181818181818181,0.0036363636363636,0.0118349259964933,0.0159487882631067,0.010126582278481,0.0171228229162594,0.3481012658227848,55,147,158,865,59868,147,55,0.34810126582278483,285
406,406000,0.0257676511638315,0.0177570093457943,0.0357688624653093,0.0166666666666666,0.0042857142857142,0.0119613552908567,0.0221683917581731,0.0124293785310734,0.0263534641477292,0.3954802259887006,70,180,177,1041,59868,180,70,0.3954802259887006,355
407,407000,0.0320864351643264,0.019626168224299,0.0337342231738212,0.0083333333333333,0.0016666666666666,0.0032237733936211,0.0235523866022929,0.0131736526946107,0.0227723849294379,0.3592814371257485,60,156,167,1208,59868,156,60,0.3592814371257485,415
408,408000,0.0263383010358816,0.014516129032258,0.0311615010057775,0.0068027210884353,0.0020408163265306,0.0034114378564531,0.0208051020912292,0.0109826589595375,0.0233016565299573,0.2832369942196532,49,138,173,1381,59868,138,49,0.2832369942196532,464
409,409000,0.0244689090671233,0.0169642857142857,0.0247995753792033,0.0,0.0,0.0,0.0156601018029589,0.0108571428571428,0.0158717282426901,0.36,63,167,175,1555,59868,167,63,0.36,527
410,410000,0.0356753475801094,0.0166666666666666,0.0271090942907089,0.0079365079365079,0.0015873015873015,0.002929772964755,0.0264290676989089,0.0116402116402116,0.019049320515391,0.3333333333333333,63,168,189,1743,59868,168,63,0.3333333333333333,590
411,411000,0.0441277391858787,0.0240310077519379,0.0396803447086695,0.0,0.0,0.0,0.0298035515967453,0.0162303664921465,0.0267998139655411,0.3246073298429319,62,161,191,1933,59868,161,62,0.32460732984293195,652
412,412000,0.0415639980718793,0.0252173913043478,0.0361892164677869,0.0164609053497942,0.0037037037037037,0.0155514222910155,0.0311897607734665,0.0163265306122448,0.0276603321396314,0.413265306122449,81,215,196,2129,59868,215,81,0.413265306122449,733
413,413000,0.0209879764796185,0.0161616161616161,0.0231436689415835,0.0125786163522012,0.0037735849056603,0.0070925723749284,0.0180557653825585,0.0118421052631578,0.0175469050071577,0.3486842105263157,53,137,152,2280,59868,137,53,0.34868421052631576,786
414,414000,0.0327693575478049,0.0241758241758241,0.0320306444004542,0.0,0.0,0.0,0.0248500961404187,0.0183333333333333,0.0242899053370111,0.2416666666666666,29,80,120,2399,59868,80,29,0.24166666666666667,815
415,415000,0.0456992039417782,0.0336633663366336,0.0509241243602607,0.0058479532163742,0.0017543859649122,0.0027443200352207,0.0313224869079299,0.0221518987341772,0.0335428025467969,0.360759493670886,57,148,158,2557,59868,148,57,0.36075949367088606,872
416,416000,0.0371840694319685,0.023469387755102,0.0394851306525189,0.0,0.0,0.0,0.0239739395021902,0.0151315789473684,0.0254575184470188,0.3552631578947368,54,148,152,2708,59868,148,54,0.35526315789473684,926
417,417000,0.0448610847371177,0.024793388429752,0.0342943435925855,0.0,0.0,0.0,0.0296622472851981,0.0163934426229508,0.0226754949437314,0.3387978142076502,62,160,183,2890,59868,160,62,0.33879781420765026,988
418,418000,0.0287564468211527,0.0144,0.0240444493287415,0.0172413793103448,0.0051724137931034,0.014572156239551,0.0251068625827545,0.0114754098360655,0.0210423017922768,0.3169398907103825,58,153,183,3072,59868,153,58,0.31693989071038253,1046
419,419000,0.0508867008867008,0.0279279279279279,0.0503227735058307,0.0158730158730158,0.0047619047619047,0.0068529187999732,0.0382093321748494,0.0195402298850574,0.0345836881812961,0.3563218390804598,62,168,174,3245,59868,166,63,0.3620689655172414,1108
420,420000,0.0273622495148652,0.0178217821782178,0.027001995493489,0.0125786163522012,0.0037735849056603,0.0058193854306798,0.0222743757640782,0.0129870129870129,0.0197118764458988,0.3441558441558441,53,142,154,3398,59868,142,53,0.34415584415584416,1161
421,421000,0.0236828449328449,0.015,0.0194031490341488,0.0,0.0,0.0,0.0165229150694266,0.0104651162790697,0.0135370807214992,0.3023255813953488,52,134,172,172,59868,134,52,0.3023255813953488,52
422,422000,0.0256524916243035,0.0215686274509803,0.0287130396852787,0.0,0.0,0.0,0.017101661082869,0.0143790849673202,0.0191420264568524,0.3333333333333333,51,140,153,325,59868,140,51,0.3333333333333333,103
423,423000,0.0374362311103201,0.0192307692307692,0.0299204387617778,0.0119047619047619,0.0035714285714285,0.0062268258482777,0.0297493371559585,0.014516129032258,0.022786877884595,0.3010752688172043,56,147,186,511,59868,147,56,0.3010752688172043,159
424,424000,0.0348411310225447,0.0218487394957983,0.0339791052183478,0.0,0.0,0.0,0.0242461672028235,0.0152046783625731,0.0236462779004876,0.3040935672514619,52,137,171,681,59868,137,52,0.30409356725146197,211
425,425000,0.0067193810759149,0.0070796460176991,0.0112976296918302,0.0232558139534883,0.0046511627906976,0.0131184207911299,0.0112775003947332,0.0064102564102564,0.0117995144179193,0.2756410256410256,43,117,156,837,59868,117,43,0.27564102564102566,254
426,426000,0.0305886243386243,0.0148148148148148,0.0279920251422705,0.0205128205128205,0.0046153846153846,0.0165561081716272,0.0268029176988714,0.0109826589595375,0.0236952933324912,0.3757225433526011,65,162,173,1009,59868,162,65,0.37572254335260113,319
427,427000,0.0350756258926887,0.0193548387096774,0.0325923280891696,0.0057471264367816,0.0017241379310344,0.0026970041725445,0.0257291810111358,0.0137362637362637,0.0230652468410143,0.3131868131868132,57,150,182,1190,59868,149,58,0.31868131868131866,376
428,428000,0.030559492674981,0.0211009174311926,0.0344204603967874,0.0,0.0,0.0,0.0184032303954305,0.0127071823204419,0.0207283435538664,0.3922651933701657,71,189,181,1370,59868,188,72,0.39779005524861877,447
429,429000,0.0295748579505263,0.0174242424242424,0.0284087840140085,0.032258064516129,0.0080645161290322,0.022926399271485,0.0304323775745849,0.0144329896907216,0.0266566816736144,0.3195876288659793,62,168,194,1563,59868,168,62,0.31958762886597936,509
430,430000,0.0203274161162473,0.0141592920353982,0.0190226523136297,0.0108225108225108,0.0025974025974025,0.0080713268863106,0.0164754281814172,0.0094736842105263,0.0145844835878214,0.4052631578947368,77,203,190,1752,59868,203,77,0.4052631578947368,586
431,431000,0.0323113146773861,0.0187499999999999,0.0344011645825923,0.0123456790123456,0.0037037037037037,0.0077070584360876,0.0258164693405657,0.0138554216867469,0.0257175396915606,0.3253012048192771,54,146,166,1917,59868,146,54,0.3253012048192771,640
432,432000,0.0268679176573913,0.0184210526315789,0.0262901121915544,0.0192307692307692,0.0038461538461538,0.0100957891000171,0.0244755579092928,0.0138554216867469,0.0212171917050488,0.3132530120481928,52,136,166,2083,59868,136,52,0.3132530120481928,692
433,433000,0.0277652811114698,0.0198275862068965,0.0253706919143228,0.0052910052910052,0.0015873015873015,0.0028816157545611,0.0198553404595745,0.0134078212290502,0.0174555422044625,0.3463687150837989,62,160,179,2261,59868,158,63,0.35195530726256985,754
434,434000,0.0301303574558893,0.0201834862385321,0.0292852697698112,0.0,0.0,0.0,0.0216066379124469,0.0144736842105263,0.0210006210849304,0.2828947368421052,43,111,152,2412,59868,111,43,0.28289473684210525,797
435,435000,0.0420021891813584,0.0238938053097345,0.0356396989576109,0.0,0.0,0.0,0.0275944614970552,0.0156976744186046,0.023414453384942,0.3430232558139535,59,154,172,2583,59868,154,59,0.3430232558139535,856
436,436000,0.0446199360085064,0.0247787610619469,0.0343118831039226,0.0119047619047619,0.0035714285714285,0.0108023339188429,0.0337794049445437,0.0177514792899408,0.0265217366283932,0.3254437869822485,55,157,169,2751,59868,156,56,0.33136094674556216,911
437,437000,0.0364692539261504,0.0189655172413793,0.033275847807274,0.0105820105820105,0.0031746031746031,0.0084241472059879,0.0273581012407828,0.0134078212290502,0.024529159886151,0.3519553072625698,63,171,179,2929,59868,171,63,0.35195530726256985,974
438,438000,0.0235614758724002,0.015079365079365,0.0229017941930086,0.0,0.0,0.0,0.015791201914481,0.0101063829787234,0.0153490748314845,0.3297872340425531,62,169,188,3116,59868,169,62,0.32978723404255317,1036
439,439000,0.0293180857494616,0.0198019801980198,0.028229086827222,0.0,0.0,0.0,0.0170179693143426,0.0114942528735632,0.016385849250284,0.4195402298850574,73,197,174,3289,59868,197,73,0.41954022988505746,1109
440,440000,0.0248652202498356,0.013076923076923,0.0227312939603785,0.019047619047619,0.0042857142857142,0.0173686100016293,0.0228290598290598,0.01,0.0208543545748162,0.35,70,185,200,3488,59868,185,70,0.35,1179
441,441000,0.0208515650335503,0.0175,0.0235574259588135,0.0,0.0,0.0,0.0152572427074758,0.0128048780487804,0.0172371409454733,0.2682926829268293,44,114,164,164,59868,114,44,0.2682926829268293,44
442,442000,0.0352298905968504,0.022429906542056,0.0303514524449756,0.0121212121212121,0.0036363636363636,0.0109987399900946,0.0273843516082078,0.0160493827160493,0.0237810871053555,0.3395061728395062,55,151,162,325,59868,151,55,0.3395061728395062,99
443,443000,0.0424858664840556,0.0235849056603773,0.03999283897232,0.0080645161290322,0.0016129032258064,0.0098894708510557,0.0297827490911303,0.0154761904761904,0.0288832626418534,0.369047619047619,62,173,168,492,59868,173,62,0.36904761904761907,161
444,444000,0.0163785517233793,0.0117117117117117,0.0150903680987305,0.0087719298245614,0.0026315789473684,0.003569788774538,0.0144386078834123,0.0093959731543624,0.0121522337744398,0.2550335570469799,38,100,149,641,59868,100,38,0.2550335570469799,199
445,445000,0.0310157139489905,0.0198347107438016,0.0290760126492055,0.0099502487562189,0.0029850746268656,0.0052045111567694,0.0235083407153964,0.0138297872340425,0.0205686158407309,0.3563829787234042,67,184,188,828,59868,184,67,0.35638297872340424,266
446,446000,0.0306579612687987,0.018095238095238,0.0262614258117389,0.0068027210884353,0.0020408163265306,0.0060424879788952,0.0230676575750467,0.0129870129870129,0.0198281274103795,0.3181818181818182,49,131,154,982,59868,131,49,0.3181818181818182,315
447,447000,0.0328337897990304,0.02,0.0285343126743409,0.0123456790123456,0.0037037037037037,0.007995071933302,0.02608770454,0.0146341463414634,0.0217713919425354,0.3231707317073171,53,149,164,1145,59868,148,54,0.32926829268292684,368
448,448000,0.0299366007611621,0.0155555555555555,0.025082941596293,0.0170068027210884,0.0040816326530612,0.0068304770709612,0.0264933393265773,0.0124999999999999,0.0202222309346557,0.266304347826087,49,131,184,1328,59868,131,49,0.266304347826087,417
449,449000,0.0387117410303909,0.023,0.0346565979121954,0.0,0.0,0.0,0.0274551354825467,0.0163120567375886,0.0245791474554577,0.2907801418439716,41,108,141,1469,59868,108,41,0.2907801418439716,458
450,450000,0.0268690028332455,0.0167938931297709,0.0253780458023805,0.0,0.0,0.0,0.0179583641385467,0.0112244897959183,0.0169618571434278,0.3316326530612244,65,166,196,1664,59868,166,65,0.33163265306122447,523
451,451000,0.0251499529277307,0.0162962962962963,0.0243938750332318,0.0,0.0,0.0,0.0179642520912362,0.0116402116402116,0.0174241964523084,0.2857142857142857,54,143,189,1852,59868,143,54,0.2857142857142857,577
452,452000,0.0304773883981804,0.0198019801980198,0.0324886489019485,0.0,0.0,0.0,0.0198594595368788,0.0129032258064516,0.0211700228328825,0.3483870967741935,54,141,155,2006,59868,141,54,0.34838709677419355,631
453,453000,0.0197935811751601,0.0114285714285714,0.0183200220063517,0.0263157894736842,0.0070175438596491,0.0223701498268796,0.0220884322431593,0.0098765432098765,0.0197450669802411,0.3518518518518518,57,155,162,2167,59868,155,57,0.35185185185185186,688
454,454000,0.0245589941948968,0.021,0.0262314857863161,0.009090909090909,0.0018181818181818,0.0035168437021321,0.0190703188354173,0.0141935483870967,0.0181714514983798,0.3548387096774194,55,143,155,2321,59868,143,55,0.3548387096774194,743
455,455000,0.039343977108827,0.0234782608695652,0.0337668073602746,0.0059523809523809,0.0017857142857142,0.0041899886252031,0.0284087175488213,0.0163742690058479,0.0240808316341693,0.327485380116959,56,152,171,2491,59868,152,56,0.32748538011695905,799
456,456000,0.0386520864994934,0.02421875,0.0354320516977999,0.0119047619047619,0.0035714285714285,0.0077095336499698,0.0305115964054446,0.0179347826086956,0.0269947635962864,0.3043478260869565,56,152,184,2675,59868,152,56,0.30434782608695654,855
457,457000,0.0276053328855053,0.0172413793103448,0.0201888690092837,0.0204081632653061,0.0040816326530612,0.0123522498786266,0.0254679916043552,0.0133333333333333,0.0178616306007856,0.296969696969697,49,128,165,2839,59868,128,49,0.296969696969697,904
458,458000,0.0425526702602544,0.0226086956521739,0.033325610984357,0.0,0.0,0.0,0.0281238912639612,0.0149425287356321,0.0220255474896612,0.3390804597701149,59,162,174,3012,59868,162,59,0.3390804597701149,963
459,459000,0.0283765774602833,0.0178861788617886,0.028085741924897,0.0189393939393939,0.0045454545454545,0.0172997306420088,0.0258901338978933,0.0143712574850299,0.0252439185928786,0.2634730538922156,44,116,167,3178,59868,116,44,0.2634730538922156,1007
460,460000,0.0253339707237758,0.0162162162162162,0.0261381463835523,0.0288461538461538,0.0076923076923076,0.0219204763695551,0.0264544217812215,0.0134969325153374,0.0247926320232587,0.3190184049079754,52,138,163,3340,59868,138,52,0.31901840490797545,1059
461,461000,0.0212992728532598,0.0147058823529411,0.0246351757932994,0.0,0.0,0.0,0.0151924883288986,0.0104895104895104,0.017571943572843,0.2867132867132867,41,106,143,143,59868,106,41,0.2867132867132867,41
462,462000,0.035265917258868,0.0258620689655172,0.0355863380983923,0.0,0.0,0.0,0.0246436530242692,0.0180722891566265,0.0248675615627319,0.3012048192771084,50,135,166,308,59868,135,50,0.30120481927710846,91
463,463000,0.0208546163563464,0.0107843137254901,0.0236429348955747,0.0,0.0,0.0,0.0137236830215957,0.0070967741935483,0.0155585765119265,0.3419354838709677,53,146,155,462,59868,146,53,0.3419354838709677,144
464,464000,0.0341934121534603,0.025,0.0358246465004357,0.0310077519379844,0.0093023255813953,0.0189623958938654,0.0332079201443563,0.0201438848920863,0.0306082668163888,0.3093525179856115,43,116,139,600,59868,116,43,0.30935251798561153,187
465,465000,0.0343071149674923,0.0188679245283018,0.0308605574318893,0.0,0.0,0.0,0.0217757735721807,0.0119760479041916,0.0195881382501812,0.3652694610778443,61,168,167,766,59868,168,61,0.3652694610778443,248
466,466000,0.0386129611673089,0.0216216216216216,0.0290862423920087,0.0,0.0,0.0,0.0244916496546931,0.0137142857142857,0.0184489880315026,0.3657142857142857,64,169,175,940,59868,169,64,0.3657142857142857,312
467,467000,0.0382896981636477,0.0260504201680672,0.0382805152666426,0.0068493150684931,0.0013698630136986,0.0083992766132254,0.0263358025076775,0.0166666666666666,0.0269194193202912,0.3802083333333333,73,198,192,1131,59868,198,73,0.3802083333333333,385
468,468000,0.0394997771836007,0.0215686274509803,0.0352689244545888,0.0065359477124183,0.0019607843137254,0.009201543647505,0.0285118340265399,0.015032679738562,0.0265797975188942,0.3333333333333333,51,135,153,1283,59868,135,51,0.3333333333333333,436
469,469000,0.0292136511508717,0.016822429906542,0.0244509910591502,0.0310077519379844,0.0093023255813953,0.0164711481625293,0.0297279600431774,0.0146666666666666,0.0221634360954522,0.2866666666666667,43,115,150,1432,59868,115,43,0.2866666666666667,479
470,470000,0.0191143391261954,0.0157407407407407,0.0187847080416442,0.0,0.0,0.0,0.0129833246894912,0.010691823899371,0.0127594243301734,0.320754716981132,51,133,159,1590,59868,133,51,0.32075471698113206,530
471,471000,0.0221355033855033,0.015625,0.0206948919819197,0.0,0.0,0.0,0.0145299714530483,0.0102564102564102,0.0135843393522345,0.3435897435897436,67,175,195,1784,59868,175,67,0.3435897435897436,597
472,472000,0.0460715366001209,0.0241379310344827,0.0414634837089815,0.0073529411764705,0.0014705882352941,0.0026064600997654,0.0317624904652936,0.0157608695652173,0.0271032793316625,0.3641304347826087,67,170,184,1967,59868,168,68,0.3695652173913043,664
473,473000,0.0155099138149985,0.0110169491525423,0.01404171415322,0.0070422535211267,0.0014084507042253,0.0030761610819459,0.0123289409003694,0.0074074074074074,0.0099223794015773,0.3756613756613756,71,186,189,2155,59868,186,71,0.37566137566137564,735
474,474000,0.0239124054725558,0.019047619047619,0.0221072010303055,0.0,0.0,0.0,0.0165184379909102,0.0131578947368421,0.0152714217643558,0.3092105263157895,47,123,152,2306,59868,123,47,0.3092105263157895,782
475,475000,0.0345788034840104,0.019047619047619,0.0286622839463147,0.0,0.0,0.0,0.0220046931261884,0.0121212121212121,0.0182396352385639,0.3636363636363636,60,156,165,2470,59868,156,60,0.36363636363636365,842
476,476000,0.040076212322801,0.0259259259259259,0.0395982552581477,0.0151515151515151,0.0036363636363636,0.0196804712506948,0.0316660384306493,0.0184049079754601,0.0328775305930562,0.3374233128834356,55,148,163,2632,59868,148,55,0.3374233128834356,897
477,477000,0.0491778589274667,0.0279661016949152,0.0409321514906278,0.0141843971631205,0.0042553191489361,0.0091858273276236,0.0392100243642893,0.0212121212121212,0.0318892591532872,0.2848484848484848,47,122,165,2796,59868,122,47,0.28484848484848485,944
478,478000,0.0328709387181852,0.0193798449612403,0.0301231392120548,0.0064102564102564,0.0019230769230769,0.0045122954425265,0.0252689747402167,0.0143646408839779,0.022765327742356,0.287292817679558,52,139,181,2976,59868,139,52,0.287292817679558,996
479,479000,0.0290638319913211,0.0181818181818181,0.032765733629782,0.0217391304347826,0.0065217391304347,0.0137836944676261,0.0269039840964444,0.0147435897435897,0.0271684656717104,0.2884615384615384,45,119,156,3131,59868,118,46,0.2948717948717949,1041
480,480000,0.0248182514849181,0.0171171171171171,0.0304318522703948,0.0,0.0,0.0,0.0162048583225053,0.0111764705882352,0.0198702094236107,0.3470588235294117,59,157,170,3300,59868,157,59,0.34705882352941175,1100
481,481000,0.0290176761727064,0.0158878504672897,0.0273390210574433,0.0,0.0,0.0,0.0165153795238275,0.0090425531914893,0.0155599747507789,0.4308510638297872,81,216,188,188,59868,216,81,0.4308510638297872,81
482,482000,0.0446383567551314,0.0271186440677966,0.0397721352999557,0.0157657657657657,0.004054054054054,0.0136552930461738,0.03351037897798,0.0182291666666666,0.0297062690146439,0.3854166666666667,74,191,192,380,59868,191,74,0.3854166666666667,155
483,483000,0.016465712317985,0.0127272727272727,0.016492340041298,0.0055555555555555,0.0016666666666666,0.0049346985160977,0.0126150687547746,0.0088235294117647,0.0124131724441685,0.3529411764705882,60,153,170,549,59868,153,60,0.35294117647058826,215
484,484000,0.0304523298192326,0.0180327868852459,0.0305280437019818,0.0052083333333333,0.0015625,0.0046262798588416,0.0217662235015038,0.0123655913978494,0.0216156088312239,0.3440860215053763,64,171,186,734,59868,171,64,0.34408602150537637,279
485,485000,0.0442942053454182,0.0252747252747252,0.0362951257355645,0.0246913580246913,0.0037037037037037,0.0211345735714783,0.0369938346190786,0.0172413793103448,0.0306491269985945,0.3724137931034483,54,140,145,878,59868,140,54,0.3724137931034483,333
486,486000,0.0312709515278885,0.0205607476635514,0.027147608935994,0.0104166666666666,0.003125,0.0059793799764736,0.023465839065209,0.0140350877192982,0.0192249969277525,0.3742690058479532,64,168,171,1048,59868,168,64,0.3742690058479532,397
487,487000,0.0322833453184674,0.0205607476635514,0.0277448179856516,0.0,0.0,0.0,0.021862771829595,0.0139240506329113,0.0187892121801564,0.3227848101265823,51,137,158,1205,59868,137,51,0.3227848101265823,448
488,488000,0.0322372034069756,0.019047619047619,0.0322477282666532,0.0102564102564102,0.003076923076923,0.005386896953592,0.0247568287745842,0.0136125654450261,0.0231066076627319,0.3403141361256545,65,173,191,1396,59868,173,65,0.3403141361256545,513
489,489000,0.0242937400973698,0.0168,0.025956995729063,0.0,0.0,0.0,0.0176553343730885,0.0122093023255813,0.0188640957333307,0.2732558139534883,47,121,172,1567,59868,121,47,0.27325581395348836,560
490,490000,0.024655142836961,0.0140495867768595,0.0245387567386585,0.0166666666666666,0.0042857142857142,0.0153133461910192,0.0217274290572719,0.0104712041884816,0.0211577162238169,0.3664921465968586,70,187,191,1758,59868,187,70,0.36649214659685864,630
491,491000,0.0116715254207675,0.0095652173913043,0.0117338603001548,0.0,0.0,0.0,0.0075405922662262,0.0061797752808988,0.0075808648006618,0.3539325842696629,63,163,178,1935,59868,163,63,0.3539325842696629,693
492,492000,0.0269847115623887,0.017094017094017,0.0259418778353527,0.0058479532163742,0.0017543859649122,0.0031849437287254,0.0200606010697288,0.0120689655172413,0.0184870201107679,0.3275862068965517,57,154,174,2108,59868,154,57,0.3275862068965517,750
493,493000,0.0434019105869468,0.0277227722772277,0.0384009414789563,0.0,0.0,0.0,0.0302316756502181,0.0193103448275862,0.0267482419956868,0.3034482758620689,44,115,145,2252,59868,115,44,0.30344827586206896,794
494,494000,0.0305829845086043,0.0214876033057851,0.0280259610884629,0.0105820105820105,0.0031746031746031,0.0074488686670278,0.023734824957651,0.0152173913043478,0.020980543574602,0.3423913043478261,63,171,184,2435,59868,171,63,0.3423913043478261,857
495,495000,0.0380189255189255,0.017094017094017,0.0306203877137752,0.0071428571428571,0.0014285714285714,0.0087592456109351,0.0264610389610389,0.0112299465240641,0.0224370724881131,0.3689839572192513,69,181,187,2621,59868,180,70,0.37433155080213903,926
496,496000,0.0277132859043322,0.0176991150442477,0.0221344638472376,0.0080645161290322,0.0016129032258064,0.0035227005938413,0.0207520074696545,0.012,0.0155405820088915,0.3485714285714286,61,160,175,2795,59868,159,62,0.35428571428571426,987
497,497000,0.0413999464751344,0.0219298245614035,0.0353978376695497,0.0064102564102564,0.0019230769230769,0.0056938829031897,0.0304393206716786,0.0156626506024096,0.0260929843692442,0.3132530120481928,52,136,166,2960,59868,136,52,0.3132530120481928,1039
498,498000,0.0303368491583715,0.0210084033613445,0.0282157986519324,0.0089285714285714,0.0017857142857142,0.0042356734423088,0.0234862002848355,0.0148571428571428,0.0205421585848528,0.32,56,141,175,3134,59868,141,56,0.32,1095
499,499000,0.0242407810730792,0.0152380952380952,0.0222700779512343,0.0,0.0,0.0,0.0152412096567264,0.0095808383233532,0.0140021448196383,0.3652694610778443,61,163,167,3300,59868,161,62,0.3712574850299401,1156
500,500000,0.042171987546559,0.0222222222222222,0.0446311448924936,0.0272108843537414,0.0081632653061224,0.0267111997650885,0.0375025986519854,0.0178343949044586,0.0390382957762971,0.3121019108280254,49,129,157,3456,59868,129,49,0.31210191082802546,1205
501,501000,0.0306960942300076,0.0180327868852459,0.0260574813201922,0.0086206896551724,0.0017241379310344,0.0037656454623821,0.0235829083114496,0.0127777777777777,0.0188745564326756,0.3222222222222222,58,155,180,180,59868,155,58,0.32222222222222224,58
502,502000,0.0366015323697343,0.0242990654205607,0.0328426059836784,0.0062893081761006,0.0018867924528301,0.0026654145822609,0.0265606081055932,0.016875,0.0228464113319589,0.33125,53,138,160,339,59868,138,53,0.33125,111
503,503000,0.0303941350551519,0.0194915254237288,0.024088432186721,0.0100401606425702,0.0024096385542168,0.0077893736482747,0.0219892600489615,0.0124378109452736,0.0173579751783078,0.4129353233830846,83,224,201,539,59868,224,83,0.4129353233830846,194
504,504000,0.0304251242775832,0.0188524590163934,0.0301388273975291,0.0149253731343283,0.0044776119402985,0.0121291499310915,0.024930503501932,0.0137566137566137,0.0237544443803263,0.3544973544973545,67,169,189,727,59868,169,67,0.3544973544973545,261
505,505000,0.027453772893528,0.0180327868852459,0.0293745237782588,0.0,0.0,0.0,0.0178157462394171,0.0117021276595744,0.019062190962487,0.3457446808510638,65,166,188,914,59868,165,66,0.35106382978723405,326
506,506000,0.027116045854022,0.0168141592920354,0.0203256680041214,0.0048309178743961,0.0014492753623188,0.0022670469856171,0.0186672885430649,0.0109890109890109,0.0134792677278752,0.3736263736263736,68,179,182,1095,59868,177,69,0.3791208791208791,394
507,507000,0.0394814232381683,0.0247787610619469,0.0368287843745409,0.0068027210884353,0.0020408163265306,0.0047885584288036,0.0295971244397923,0.0179012345679012,0.0271376049218179,0.3024691358024691,49,129,162,1256,59868,129,49,0.30246913580246915,443
508,508000,0.0357028768793474,0.0261261261261261,0.031298903016358,0.005050505050505,0.0015151515151515,0.0071102837276175,0.0242731789092706,0.0169491525423728,0.0222794178578446,0.3728813559322034,66,174,177,1433,59868,174,66,0.3728813559322034,509
509,509000,0.0286687928929308,0.0153846153846153,0.0252448384421953,0.005050505050505,0.0015151515151515,0.0027506332202629,0.0207156959663996,0.0107142857142857,0.0176702591327691,0.336734693877551,66,173,196,1629,59868,173,66,0.336734693877551,575
510,510000,0.0333009545844708,0.0217391304347826,0.0324254708394944,0.0054644808743169,0.001639344262295,0.0048538018191125,0.0236530858553833,0.0147727272727272,0.0228693810085666,0.3465909090909091,61,154,176,1805,59868,154,61,0.3465909090909091,636
511,511000,0.0169569325975636,0.0123893805309734,0.0157060903588321,0.0046948356807511,0.0014084507042253,0.0033047797607236,0.0122253625916196,0.0081521739130434,0.0109208020302142,0.3804347826086957,70,189,184,1988,59868,188,71,0.3858695652173913,706
512,512000,0.0260020462170159,0.0228571428571428,0.027794687741304,0.0,0.0,0.0,0.0169578562284886,0.0149068322981366,0.0181269702660678,0.3478260869565217,56,153,161,2148,59868,153,56,0.34782608695652173,762
513,513000,0.0346753662913726,0.0238095238095238,0.0355235859397369,0.0259259259259259,0.0066666666666666,0.0123198106386465,0.0320505341817386,0.0186666666666666,0.0285624533494098,0.3,45,116,150,2297,59868,116,45,0.3,807
514,514000,0.0371259908983694,0.0215686274509803,0.0348007849002962,0.0,0.0,0.0,0.0249134938923268,0.0144736842105263,0.0233531582883566,0.3289473684210526,50,133,152,2448,59868,133,50,0.32894736842105265,857
515,515000,0.0387036644430076,0.031578947368421,0.0413346752218015,0.0,0.0,0.0,0.0258932966344065,0.0211267605633802,0.0276534799019095,0.3309859154929577,47,127,142,2589,59868,127,47,0.33098591549295775,904
516,516000,0.0377234385243538,0.0222222222222222,0.0394093024739044,0.0,0.0,0.0,0.0239871864529858,0.0141304347826086,0.0250591760296022,0.3641304347826087,67,180,184,2772,59868,180,67,0.3641304347826087,971
517,517000,0.0256511869390924,0.0223300970873786,0.0338238215781468,0.0303030303030303,0.0068181818181818,0.0176911516400773,0.0270435754289785,0.0176870748299319,0.028994995202126,0.2993197278911564,44,109,147,2919,59868,109,44,0.29931972789115646,1015
518,518000,0.0404442426688189,0.0211864406779661,0.0317453464551026,0.0087719298245614,0.0017543859649122,0.0031094611716499,0.0301281179138321,0.0148571428571428,0.0224182295342066,0.3257142857142857,57,151,175,3093,59868,151,57,0.32571428571428573,1072
519,519000,0.0332686164737446,0.0188034188034188,0.0275894254057668,0.0059523809523809,0.0017857142857142,0.0032418177238812,0.0244263668252107,0.0132947976878612,0.0197081188729021,0.3236994219653179,56,149,173,3265,59868,149,56,0.3236994219653179,1128
520,520000,0.0512861757975501,0.027,0.0507162107927972,0.0056497175141242,0.0016949152542372,0.0050183374739977,0.0343518925351468,0.0176100628930817,0.0337591383034313,0.3710691823899371,59,160,159,3424,59868,160,59,0.3710691823899371,1187
521,521000,0.0305877565996613,0.018095238095238,0.0238242992483403,0.0166666666666666,0.0033333333333333,0.0090628551525337,0.0255255420785723,0.0127272727272727,0.0184565013953197,0.3636363636363636,60,164,165,165,59868,164,60,0.36363636363636365,60
522,522000,0.0401457695575342,0.0205128205128205,0.0305356690997696,0.0,0.0,0.0,0.0266878127172244,0.0136363636363636,0.0202992800265513,0.3352272727272727,59,155,176,340,59868,155,59,0.3352272727272727,119
523,523000,0.0444410150891632,0.0222222222222222,0.0393333021300792,0.0056497175141242,0.0016949152542372,0.0050183374739977,0.03264366170294,0.0159793814432989,0.0288973077243637,0.3041237113402061,59,153,194,533,59868,153,59,0.30412371134020616,178
524,524000,0.0457193248993121,0.0278846153846153,0.0485738669789597,0.0065359477124183,0.0019607843137254,0.0046007718237525,0.0328267298249147,0.0193548387096774,0.034105300185956,0.3290322580645161,51,131,155,687,59868,131,51,0.32903225806451614,229
525,525000,0.0409476785506393,0.0186440677966101,0.0311584473980389,0.0128205128205128,0.003076923076923,0.0050129641482984,0.030957155203873,0.0131147540983606,0.0218718003421201,0.3551912568306011,65,171,183,869,59868,171,65,0.3551912568306011,294
526,526000,0.0327928165708576,0.0245283018867924,0.0279632666424288,0.0072463768115942,0.0021739130434782,0.0036339229340478,0.0250616571700279,0.0177631578947368,0.0206004389412083,0.3026315789473684,46,124,152,1020,59868,124,46,0.3026315789473684,340
527,527000,0.0378596593532129,0.0227642276422764,0.0338219784849913,0.0114942528735632,0.0034482758620689,0.0131958730515279,0.0294110760613914,0.0165745856353591,0.0272125082355942,0.3204419889502762,58,149,181,1201,59868,149,58,0.32044198895027626,398
528,528000,0.0259465746534712,0.0146551724137931,0.0221356506756779,0.0,0.0,0.0,0.0171988723417294,0.0097142857142857,0.0146727741621636,0.3371428571428571,59,153,175,1375,59868,153,59,0.33714285714285713,457
529,529000,0.0263988069543625,0.0188034188034188,0.0216499664535792,0.0058479532163742,0.0017543859649122,0.0082329601056623,0.0196666307298491,0.0132183908045977,0.0172547402361582,0.3218390804597701,56,149,174,1548,59868,148,57,0.3275862068965517,513
530,530000,0.0174660884837876,0.0106194690265486,0.021015978924823,0.0,0.0,0.0,0.0105543743244278,0.0064171122994652,0.012699495286123,0.3957219251336898,74,206,187,1734,59868,206,74,0.39572192513368987,587
531,531000,0.0456760546642899,0.0264,0.0379430044830338,0.0141242937853107,0.0033898305084745,0.0080293907008293,0.0355589139476607,0.0190217391304347,0.0283511391941747,0.3206521739130434,59,154,184,1917,59868,154,59,0.32065217391304346,646
532,532000,0.0327187807276302,0.0185840707964601,0.0245288934373554,0.0045045045045045,0.0013513513513513,0.0063416044057129,0.0215537730243612,0.0117647058823529,0.017331784408791,0.3903743315508021,73,193,187,2103,59868,192,74,0.39572192513368987,719
533,533000,0.0303523706218952,0.0204301075268817,0.0334879239322412,0.0,0.0,0.0,0.0197396536212325,0.0132867132867132,0.0217788596202687,0.3496503496503496,50,133,143,2245,59868,133,50,0.34965034965034963,769
534,534000,0.0461790254699535,0.0295238095238095,0.0507654073063587,0.0068027210884353,0.0020408163265306,0.0030212439894476,0.0336502013485613,0.0207792207792207,0.0355740826146143,0.3181818181818182,49,127,154,2398,59868,127,49,0.3181818181818182,818
535,535000,0.0238419647338513,0.0178571428571428,0.0218837622597821,0.0136612021857923,0.0032786885245901,0.0060908664353227,0.020252216089738,0.0127167630057803,0.0163151689343947,0.3526011560693641,61,162,173,2571,59868,162,61,0.35260115606936415,879
536,536000,0.0592334993818285,0.0311320754716981,0.0506407346947552,0.0253623188405797,0.0065217391304347,0.0160501626256748,0.048983010533819,0.0236842105263157,0.0401725352527967,0.3026315789473684,46,115,152,2722,59868,115,46,0.3026315789473684,925
537,537000,0.0207103242478767,0.0128440366972477,0.0185906127425851,0.0112994350282485,0.0033898305084745,0.0102530627026305,0.0174053095814597,0.0095238095238095,0.0156625445737916,0.3511904761904761,59,154,168,2890,59868,154,59,0.35119047619047616,984
538,538000,0.0203982692809977,0.0173076923076923,0.0242503916532949,0.006578947368421,0.0013157894736842,0.004033863110299,0.0145634444734653,0.0105555555555555,0.0157145240462522,0.4222222222222222,76,198,180,3069,59868,198,76,0.4222222222222222,1060
539,539000,0.0226608187134502,0.0122807017543859,0.0182067703551678,0.0074626865671641,0.0014925373134328,0.0057739224960379,0.0170349907918968,0.0082872928176795,0.0136045559542744,0.3701657458563536,67,173,181,3249,59868,173,67,0.3701657458563536,1127
