batch,interactions,strategy,recall_at_10,precision_at_10,ndcg_at_10,hr_at_10,recall_at_20,precision_at_20,ndcg_at_20,hr_at_20,mrr,update_emissions_mg,updated
1,1000,no_update,0.024417465580966677,0.01589403973509934,0.024336005773727187,0.11920529801324503,0.049101650914742966,0.01456953642384106,0.032979355375297004,0.24503311258278146,0.057206989873372915,0.0,False
2,2000,no_update,0.017214088400964066,0.009941520467836258,0.01883618621721926,0.09941520467836257,0.03701029336977797,0.01023391812865497,0.02557461657941732,0.18128654970760233,0.0547418411195501,0.0,False
3,3000,no_update,0.029598256681590013,0.01568627450980392,0.026102272022590637,0.12254901960784313,0.0408716985201991,0.010539215686274509,0.03036311384046502,0.1568627450980392,0.049684928361398956,0.0,False
4,4000,no_update,0.035153458935463164,0.018867924528301886,0.027361584959342312,0.16352201257861634,0.04459830595892654,0.013836477987421384,0.031112484246558422,0.23270440251572327,0.050418059352576546,0.0,False
5,5000,no_update,0.025061537813406514,0.013259668508287295,0.022154346451054432,0.1270718232044199,0.04357201751173152,0.011602209944751382,0.02904864070692716,0.20994475138121546,0.049992921115682515,0.0,False
6,6000,no_update,0.020438165131259758,0.012422360248447204,0.020645817180634237,0.11180124223602485,0.03702998111013033,0.011180124223602485,0.026528028993080224,0.18012422360248448,0.05066057384745729,0.0,False
7,7000,no_update,0.02872295096107888,0.014457831325301203,0.023355984083829075,0.12650602409638553,0.0477056917811691,0.01355421686746988,0.030998982415958814,0.21686746987951808,0.04374457376667456,0.0,False
8,8000,no_update,0.018847803771403087,0.014838709677419357,0.016407971756738922,0.13548387096774195,0.04193774698231404,0.015161290322580645,0.025206351798469966,0.24516129032258063,0.04077310022556203,0.0,False
9,9000,no_update,0.022671630140572163,0.011167512690355331,0.020320436551617842,0.10152284263959391,0.03557600932033205,0.009644670050761422,0.025051100338415535,0.15736040609137056,0.04337573185284991,0.0,False
10,10000,no_update,0.03522909251130667,0.01839080459770115,0.033685867315873634,0.14942528735632185,0.059900639120239844,0.016666666666666666,0.04285783637612444,0.2471264367816092,0.0694621880794081,0.0,False
11,11000,no_update,0.02284461407864618,0.016901408450704227,0.021663363371330274,0.14788732394366197,0.04029819922589329,0.01267605633802817,0.026411914835019857,0.19718309859154928,0.05121373766666576,0.0,False
12,12000,no_update,0.0241368213555678,0.014093959731543627,0.022916315838021218,0.12080536912751678,0.048356995344032476,0.015100671140939598,0.03352789104415271,0.21476510067114093,0.04886940916742276,0.0,False
13,13000,no_update,0.014979177414410577,0.009326424870466322,0.013822998502193939,0.07772020725388601,0.03911124731692427,0.01139896373056995,0.023319407996804365,0.16580310880829016,0.031973367880063525,0.0,False
14,14000,no_update,0.02739500946514521,0.01435897435897436,0.01998142234707402,0.13333333333333333,0.0394421859353986,0.011282051282051283,0.025014210605797907,0.1641025641025641,0.038220869544398954,0.0,False
15,15000,no_update,0.02317479766387801,0.0125,0.02168517062502985,0.10119047619047619,0.03740895410292613,0.01130952380952381,0.02751022683684513,0.18452380952380953,0.046588628652704286,0.0,False
16,16000,no_update,0.021131239602577182,0.0089171974522293,0.01761312632831418,0.08280254777070063,0.04105885975312727,0.010191082802547772,0.02610361444371352,0.17834394904458598,0.039174798637982164,0.0,False
17,17000,no_update,0.028880715244351606,0.016233766233766232,0.024002902477199026,0.14935064935064934,0.03778833423600421,0.012337662337662338,0.027981550293441883,0.18181818181818182,0.051655796351174496,0.0,False
18,18000,no_update,0.022979413155344557,0.015168539325842698,0.02403539565666914,0.12921348314606743,0.0411323933803236,0.012359550561797755,0.029449717401930295,0.1797752808988764,0.05929222551739684,0.0,False
19,19000,no_update,0.030157280024607394,0.019021739130434784,0.027597155005596896,0.15217391304347827,0.044432841419734005,0.013043478260869565,0.031145630207871134,0.20652173913043478,0.060742274268447034,0.0,False
20,20000,no_update,0.038069489154624554,0.017777777777777778,0.03250607831029051,0.15555555555555556,0.061332248107038675,0.013888888888888888,0.04043032405091362,0.2222222222222222,0.06217045185827435,0.0,False
21,21000,no_update,0.020818116161253414,0.012777777777777779,0.017634583934346457,0.1111111111111111,0.02894767699133898,0.01,0.020975561623045758,0.15555555555555556,0.039231180040003574,0.0,False
22,22000,no_update,0.02877830658729535,0.015730337078651686,0.022262127651532383,0.12921348314606743,0.05906415131464702,0.01544943820224719,0.03400490355061198,0.23595505617977527,0.04726079564888832,0.0,False
23,23000,no_update,0.03437966707255352,0.017333333333333333,0.026548646852456417,0.13333333333333333,0.04288664911172296,0.011666666666666667,0.029330814019339596,0.18666666666666668,0.046417014759120016,0.0,False
24,24000,no_update,0.032815616401956016,0.019867549668874173,0.034015631679077875,0.17218543046357615,0.04642680736851373,0.0152317880794702,0.03898576250443341,0.23841059602649006,0.07698981103733733,0.0,False
25,25000,no_update,0.03281401646786262,0.016666666666666666,0.030256176586117026,0.14743589743589744,0.05041201170249753,0.015384615384615387,0.03778768012235202,0.23076923076923078,0.06586866893040981,0.0,False
26,26000,no_update,0.01817259900593234,0.008333333333333333,0.013094885328061842,0.07777777777777778,0.03168917502250835,0.008333333333333333,0.01924210785961673,0.14444444444444443,0.025265083261729288,0.0,False
27,27000,no_update,0.02919787362832808,0.02076923076923077,0.027582674062486354,0.16923076923076924,0.04178858842939059,0.01653846153846154,0.032094745907433275,0.25384615384615383,0.062184061539265166,0.0,False
28,28000,no_update,0.02097009270922314,0.011111111111111112,0.01916920701489545,0.09595959595959595,0.028110557075261323,0.008333333333333333,0.022113426624405342,0.13131313131313133,0.044069311942118966,0.0,False
29,29000,no_update,0.011645870469399883,0.005882352941176471,0.009846747344146159,0.058823529411764705,0.03065609045579504,0.009358288770053475,0.01827831358330593,0.1497326203208556,0.024497080376949917,0.0,False
30,30000,no_update,0.031421899356681965,0.016304347826086956,0.024245791581143542,0.15217391304347827,0.04820384929080581,0.012771739130434783,0.030792424617741024,0.20652173913043478,0.04625732534056332,0.0,False
31,31000,no_update,0.026143939802028032,0.0175,0.023156531984441266,0.14375,0.041482172001473465,0.015312500000000001,0.02933185906043616,0.21875,0.05253261431013947,0.0,False
32,32000,no_update,0.02138373817540484,0.015555555555555555,0.02245337466665309,0.11666666666666667,0.040308942073196456,0.013611111111111112,0.029372042424789226,0.19444444444444445,0.050978760589828705,0.0,False
33,33000,no_update,0.032658644768628786,0.01567567567567568,0.0286472871261863,0.14054054054054055,0.06392046539849795,0.015675675675675675,0.04034643088417016,0.22702702702702704,0.05886613583982005,0.0,False
34,34000,no_update,0.02739204127657628,0.01616161616161616,0.022697462321304016,0.13636363636363635,0.04756168644622145,0.012626262626262626,0.02975751057065097,0.21717171717171718,0.04763895357994241,0.0,False
35,35000,no_update,0.033168614890601834,0.015568862275449102,0.028866747198077282,0.1437125748502994,0.05018649574851808,0.012275449101796405,0.03495764062541671,0.20359281437125748,0.055608576649389764,0.0,False
36,36000,no_update,0.027290094149687753,0.016455696202531647,0.026098026308304954,0.13291139240506328,0.05871150326097028,0.01677215189873418,0.038092116659527185,0.2468354430379747,0.06040340248074307,0.0,False
37,37000,no_update,0.015649101250367073,0.011392405063291141,0.018776976441068124,0.10759493670886076,0.026292677083816322,0.009810126582278483,0.022026139552039147,0.17721518987341772,0.05415928064285042,0.0,False
38,38000,no_update,0.023146132990423646,0.011764705882352941,0.019257927027798178,0.11176470588235295,0.03987220272866377,0.01,0.02511993833133004,0.16470588235294117,0.04142713675062063,0.0,False
39,39000,no_update,0.024458368142578665,0.013939393939393939,0.022552151895760604,0.12727272727272726,0.03909559251664515,0.01181818181818182,0.027636926492920863,0.18787878787878787,0.04909853861725519,0.0,False
40,40000,no_update,0.017821084683021363,0.012941176470588237,0.01655904089082921,0.10588235294117647,0.040887035953244194,0.013235294117647059,0.025383754917676943,0.2,0.03808884442011377,0.0,False
41,41000,no_update,0.028596610361316242,0.01818181818181818,0.026063188625653634,0.15454545454545454,0.0393096228390346,0.014090909090909093,0.030646118240716936,0.19090909090909092,0.044173254701329566,0.0,False
42,42000,no_update,0.02316461649803339,0.013259668508287295,0.021354157303232292,0.11049723756906077,0.03401861823601303,0.009944751381215469,0.025187618904915353,0.143646408839779,0.044488154571027505,0.0,False
43,43000,no_update,0.024200261736891333,0.014556962025316457,0.019830615196715248,0.13291139240506328,0.04427510602059637,0.012341772151898737,0.027072055572810037,0.21518987341772153,0.047085537702577326,0.0,False
44,44000,no_update,0.019226561212720383,0.011176470588235295,0.02189466695649743,0.09411764705882353,0.030165322224371422,0.01,0.02589999483261553,0.14705882352941177,0.05296620046620046,0.0,False
45,45000,no_update,0.031122798182454243,0.019867549668874173,0.02795745251724714,0.17218543046357615,0.036635203956556235,0.012582781456953645,0.02831391661137485,0.1986754966887417,0.058630534292785946,0.0,False
46,46000,no_update,0.023046289222759808,0.012299465240641712,0.02120069820278393,0.11764705882352941,0.037843420196361374,0.010160427807486633,0.026762403694467037,0.1657754010695187,0.0491761330735437,0.0,False
47,47000,no_update,0.021358744222889883,0.01488095238095238,0.018910031234996825,0.11904761904761904,0.0425774478244173,0.013988095238095235,0.027739331618839798,0.21428571428571427,0.04192397322994957,0.0,False
48,48000,no_update,0.02366064739466274,0.013529411764705882,0.025641192459316526,0.10588235294117647,0.043834412979327976,0.013823529411764707,0.03392074982099526,0.19411764705882353,0.061099362352777034,0.0,False
49,49000,no_update,0.020276106654783126,0.01,0.017313887341101945,0.09375,0.03512726858322218,0.0103125,0.024143735506413622,0.175,0.04260853984659131,0.0,False
50,50000,no_update,0.029314990421801565,0.018713450292397658,0.032744845833863806,0.14619883040935672,0.052061909398830694,0.014912280701754385,0.040281432705375264,0.2222222222222222,0.07959659163219536,0.0,False
51,51000,no_update,0.0544227440997776,0.027272727272727275,0.05384350288505077,0.22377622377622378,0.07869549863569004,0.02132867132867133,0.06294238137045753,0.32167832167832167,0.11325546922712912,0.0,False
52,52000,no_update,0.029425427144113937,0.020261437908496736,0.026482848977187806,0.16339869281045752,0.05240459031935555,0.016339869281045753,0.03457073215758428,0.24836601307189543,0.05886561934033554,0.0,False
53,53000,no_update,0.01768497466773329,0.011282051282051283,0.01761699173445808,0.1076923076923077,0.03352136050411913,0.009487179487179488,0.023464276324675123,0.15384615384615385,0.0434981869144765,0.0,False
54,54000,no_update,0.013323018665929273,0.010884353741496598,0.013948383517510102,0.08843537414965986,0.03768890183759989,0.014285714285714287,0.024193019681414244,0.21768707482993196,0.03729380863234405,0.0,False
55,55000,no_update,0.026802253363016407,0.01542857142857143,0.022671361251285136,0.14857142857142858,0.045338688477905856,0.014,0.02944214561766493,0.21714285714285714,0.05330207035580764,0.0,False
56,56000,no_update,0.028066725303933795,0.015976331360946748,0.027536507165117272,0.1242603550295858,0.040389181528829046,0.011834319526627219,0.03176380694180672,0.1893491124260355,0.06484660966909488,0.0,False
57,57000,no_update,0.0275269874412859,0.016,0.02203115553801856,0.13142857142857142,0.04610229779141465,0.013428571428571432,0.028173879854417123,0.2,0.046825898068710986,0.0,False
58,58000,no_update,0.016967430668353843,0.0125,0.014367913384015283,0.10625,0.03999358823398509,0.013437500000000002,0.023471703339852653,0.19375,0.03287335288980026,0.0,False
59,59000,no_update,0.02103174603174603,0.009708737864077669,0.018878170864011532,0.0970873786407767,0.04996404171161452,0.011893203883495147,0.03054450212875523,0.20388349514563106,0.04863506184818818,0.0,False
60,60000,no_update,0.02073901105241986,0.013253012048192772,0.02228657726420853,0.10240963855421686,0.035005951556637056,0.011445783132530122,0.028291678704013327,0.1686746987951807,0.051842038385270135,0.0,False
61,61000,no_update,0.018516475897975098,0.01503267973856209,0.01882756415496983,0.12418300653594772,0.042203964179392345,0.016339869281045753,0.02834846211001832,0.22875816993464052,0.04471353941547592,0.0,False
62,62000,no_update,0.015423280423280422,0.008888888888888889,0.013098172946662275,0.08333333333333333,0.031259920634920633,0.008333333333333333,0.018664353852320924,0.15,0.03231508596704675,0.0,False
63,63000,no_update,0.0273734707558237,0.016778523489932886,0.02866864058904731,0.12751677852348994,0.044583636633577416,0.014765100671140938,0.03550274142750448,0.20134228187919462,0.06531986773197528,0.0,False
64,64000,no_update,0.026581997230909458,0.014516129032258065,0.026054104010183304,0.12903225806451613,0.038169152843956416,0.010483870967741936,0.02995135420315534,0.17204301075268819,0.06282001717872586,0.0,False
65,65000,no_update,0.02089251089118884,0.012021857923497269,0.017315830360180896,0.1092896174863388,0.037032245473546374,0.01010928961748634,0.02398245616436284,0.16939890710382513,0.038685468730385746,0.0,False
66,66000,no_update,0.020264194617642894,0.013218390804597703,0.018608266839562692,0.12643678160919541,0.03071164946164946,0.009482758620689657,0.021591788024531832,0.1781609195402299,0.045651370705416826,0.0,False
67,67000,no_update,0.029085112418445754,0.016025641025641024,0.02677877176776179,0.1346153846153846,0.0507987587398856,0.014743589743589745,0.03456944954849183,0.21794871794871795,0.05378506727190937,0.0,False
68,68000,no_update,0.030907632556568726,0.015957446808510637,0.023538466223376544,0.13829787234042554,0.04489150624788923,0.01143617021276596,0.028741398887011625,0.18085106382978725,0.0432237258465356,0.0,False
69,69000,no_update,0.03257119020871381,0.019186046511627912,0.029483398397163102,0.1744186046511628,0.05089997112189082,0.015697674418604653,0.03589282085560219,0.23837209302325582,0.06638410846259683,0.0,False
70,70000,no_update,0.016138086072726595,0.011111111111111112,0.013802879340457801,0.09803921568627451,0.040551647577791367,0.013071895424836602,0.023592940862479664,0.17647058823529413,0.03195149582874952,0.0,False
71,71000,no_update,0.020435518072713193,0.011585365853658538,0.022176226958877672,0.10975609756097561,0.037569969783922436,0.01097560975609756,0.028820758865874596,0.18902439024390244,0.05955440669015765,0.0,False
72,72000,no_update,0.014441001348434727,0.013571428571428571,0.01562503957565365,0.11428571428571428,0.034253986302548715,0.012857142857142859,0.022199004111850655,0.18571428571428572,0.036819859338656336,0.0,False
73,73000,no_update,0.023319176319176318,0.01027027027027027,0.01810527320139514,0.0972972972972973,0.03828724372996819,0.01,0.0241871996906901,0.15675675675675677,0.03762330706603152,0.0,False
74,74000,no_update,0.030270819144889886,0.017365269461077845,0.024854733324242005,0.1497005988023952,0.04823910851099084,0.01407185628742515,0.031779672468985304,0.2155688622754491,0.05010425369706807,0.0,False
75,75000,no_update,0.019907574852655766,0.013194444444444446,0.022797248609997343,0.11805555555555555,0.03574295680323379,0.012152777777777778,0.02818994203675931,0.19444444444444445,0.06015812890812891,0.0,False
76,76000,no_update,0.02414353620235973,0.012352941176470589,0.020959721728384735,0.11176470588235295,0.043615180475042065,0.012058823529411764,0.028717069886262044,0.18235294117647058,0.046378546962457,0.0,False
77,77000,no_update,0.028340448565167667,0.016292134831460674,0.025390437983382468,0.12921348314606743,0.0370577557127458,0.011235955056179775,0.028449515581530093,0.16292134831460675,0.052011491270370455,0.0,False
78,78000,no_update,0.022753527336860667,0.012777777777777779,0.01803849529217808,0.1,0.029925918323906835,0.009166666666666668,0.021105149314692637,0.13333333333333333,0.03583119041452375,0.0,False
79,79000,no_update,0.016809621140229214,0.010679611650485438,0.014424607029645908,0.10679611650485436,0.028722504897773164,0.00825242718446602,0.0183447953846733,0.1650485436893204,0.03354431791452742,0.0,False
80,80000,no_update,0.013935196467927083,0.009289617486338797,0.014112745553300351,0.07103825136612021,0.02080586550425617,0.006830601092896175,0.015965353273531598,0.09836065573770492,0.03211306955914376,0.0,False
81,81000,no_update,0.022867688339591786,0.02030075187969925,0.02309307052990634,0.15037593984962405,0.03799609057768,0.016165413533834584,0.02646720772423049,0.21804511278195488,0.04895556844799146,0.0,False
82,82000,no_update,0.02635246665030186,0.016025641025641024,0.023686474568434385,0.15384615384615385,0.042953457291195624,0.014423076923076924,0.030394530454481705,0.23717948717948717,0.0564888413133531,0.0,False
83,83000,no_update,0.02699900512931073,0.013207547169811321,0.024402292792636768,0.11949685534591195,0.037346719742023304,0.010377358490566037,0.028172108261033585,0.1761006289308176,0.05196687970725589,0.0,False
84,84000,no_update,0.009478414282575849,0.009883720930232558,0.012169675671329443,0.0755813953488372,0.021367026316536718,0.009593023255813954,0.01615217180918436,0.13372093023255813,0.036578510219071096,0.0,False
85,85000,no_update,0.027811925692129973,0.015508021390374334,0.025528056306187975,0.13368983957219252,0.0496701047004104,0.012299465240641712,0.032563663312470424,0.18716577540106952,0.052883900029228756,0.0,False
86,86000,no_update,0.023015064129547937,0.014285714285714285,0.022756163671780526,0.11801242236024845,0.04022777299204626,0.012732919254658383,0.028934896014575447,0.19254658385093168,0.05061959489059848,0.0,False
87,87000,no_update,0.027870233679057207,0.01647058823529412,0.023730118522232387,0.13529411764705881,0.05479154765919472,0.014705882352941176,0.033355104759769785,0.2235294117647059,0.04602909765015938,0.0,False
88,88000,no_update,0.02314857007839464,0.012280701754385965,0.015181602302631075,0.10526315789473684,0.03939379334116177,0.011111111111111113,0.02206520336651431,0.18128654970760233,0.027968727340027106,0.0,False
89,89000,no_update,0.015635116720970194,0.011585365853658536,0.01475644279962935,0.11585365853658537,0.033006136353136074,0.010975609756097562,0.021143836222866072,0.1951219512195122,0.04208679379406367,0.0,False
90,90000,no_update,0.028169712342191733,0.016867469879518072,0.027603862690368876,0.14457831325301204,0.04540377733307346,0.015662650602409643,0.03421388803648059,0.23493975903614459,0.0652825687436266,0.0,False
91,91000,no_update,0.021842261021827587,0.014594594594594595,0.02012995552984077,0.12972972972972974,0.03443624085264952,0.011621621621621624,0.023983495045273213,0.1783783783783784,0.048288745231469685,0.0,False
92,92000,no_update,0.022093114241001563,0.011971830985915493,0.020821470552510768,0.1056338028169014,0.04137224007018626,0.011971830985915493,0.0277539955141707,0.19718309859154928,0.050324648885129414,0.0,False
93,93000,no_update,0.018691541262969832,0.010857142857142859,0.017250667435804848,0.09142857142857143,0.04047307442959617,0.010285714285714287,0.024547885417146635,0.17142857142857143,0.04116120061078045,0.0,False
94,94000,no_update,0.02684960126429641,0.013872832369942198,0.025437788200188965,0.1329479768786127,0.04293666250246345,0.011271676300578036,0.030723027093700638,0.18497109826589594,0.0615560549885162,0.0,False
95,95000,no_update,0.01161038608719111,0.00921985815602837,0.011691153769362979,0.0851063829787234,0.032194122992316596,0.011347517730496455,0.019953748812859537,0.19148936170212766,0.03588036085318873,0.0,False
96,96000,no_update,0.02386812839838905,0.014634146341463414,0.02557938111532132,0.12195121951219512,0.04540912582055839,0.013109756097560979,0.032837958167673716,0.20121951219512196,0.07152492849134472,0.0,False
97,97000,no_update,0.017917037584376294,0.015625,0.020750316392332664,0.11875,0.03354501282016605,0.0134375,0.025833623428844838,0.2,0.05277975394703336,0.0,False
98,98000,no_update,0.02433000641333975,0.014444444444444447,0.018932255548411308,0.12222222222222222,0.04077146618813285,0.012777777777777777,0.025521429793100195,0.18333333333333332,0.04125950438450438,0.0,False
99,99000,no_update,0.02889163394593593,0.013989637305699482,0.024076803427792025,0.11398963730569948,0.050222675185740404,0.012953367875647668,0.03269916452646981,0.18652849740932642,0.04757246630913195,0.0,False
100,100000,no_update,0.03516362892261337,0.018285714285714287,0.030808450829029416,0.14857142857142858,0.053321169007205134,0.014,0.03674176908575712,0.2,0.06577869457192766,0.0,False
101,101000,no_update,0.019029423735306087,0.010588235294117647,0.014058868097060221,0.08823529411764706,0.042458363069765165,0.011764705882352941,0.023151272448639775,0.17647058823529413,0.030714926527164732,0.0,False
102,102000,no_update,0.01664982937989073,0.012883435582822086,0.014894429718109323,0.11042944785276074,0.032777172271037304,0.012269938650306749,0.02093981081041051,0.17177914110429449,0.03147343454091921,0.0,False
103,103000,no_update,0.028438147933709742,0.016107382550335572,0.02268873573456959,0.1342281879194631,0.0442018895015497,0.016107382550335572,0.029988257737701238,0.2080536912751678,0.0446583145200865,0.0,False
104,104000,no_update,0.031671201814058955,0.017142857142857144,0.024341952688320637,0.13714285714285715,0.04963718820861678,0.012857142857142857,0.030548618571233428,0.17714285714285713,0.0442717599860457,0.0,False
105,105000,no_update,0.017288356139978662,0.012962962962962964,0.017525823532434488,0.09876543209876543,0.03263289259562623,0.011111111111111113,0.021770625008320714,0.16049382716049382,0.03994393745569069,0.0,False
106,106000,no_update,0.017019636137283196,0.00962566844919786,0.01743355425141194,0.09090909090909091,0.04362709401864382,0.011764705882352943,0.0275943061922458,0.20320855614973263,0.04924497522716096,0.0,False
107,107000,no_update,0.021647015265436317,0.01105263157894737,0.022921785955090333,0.09473684210526316,0.03695545682387787,0.010263157894736844,0.029282141075306998,0.1368421052631579,0.05073653384798895,0.0,False
108,108000,no_update,0.015337161537428647,0.012571428571428572,0.018495646002658215,0.10857142857142857,0.025422276750622672,0.010285714285714287,0.021816866143769396,0.16,0.048357253268133414,0.0,False
109,109000,no_update,0.020321685070323905,0.016,0.018153134188921314,0.12666666666666668,0.03817008447793384,0.014666666666666668,0.02523773928932825,0.2,0.03469343209823086,0.0,False
110,110000,no_update,0.025944517010913628,0.0155688622754491,0.025577914864319037,0.1437125748502994,0.04008211483114618,0.012275449101796405,0.029757908656308934,0.20958083832335328,0.06604629481244671,0.0,False
111,111000,no_update,0.017878459846007732,0.013605442176870748,0.02059761763210068,0.11564625850340136,0.033614268821612635,0.01292517006802721,0.026661234500497333,0.19047619047619047,0.04835049611855071,0.0,False
112,112000,no_update,0.024341011692985377,0.013750000000000002,0.022801484549418542,0.125,0.046084247623721306,0.013750000000000002,0.0312933531609844,0.20625,0.053570560738710894,0.0,False
113,113000,no_update,0.021456775489956267,0.012790697674418606,0.02054514135455238,0.11627906976744186,0.03725129224071537,0.011337209302325582,0.026248193004589346,0.1744186046511628,0.05048154517361264,0.0,False
114,114000,no_update,0.03564641845484874,0.01875,0.025879916239153068,0.175,0.054061937971174714,0.0159375,0.033171804198248445,0.25,0.04483005390077758,0.0,False
115,115000,no_update,0.024823647893500833,0.015000000000000003,0.0242247785720344,0.13125,0.03860669899272841,0.012812500000000001,0.028925643890597978,0.2,0.06019135021432816,0.0,False
116,116000,no_update,0.0181315422034141,0.012738853503184714,0.01539855316699173,0.11464968152866242,0.03959041254214388,0.011783439490445862,0.02272321334541419,0.21019108280254778,0.03502188651490578,0.0,False
117,117000,no_update,0.026313658295398362,0.014285714285714289,0.024698078827551248,0.10884353741496598,0.04763891278391816,0.013605442176870748,0.03295886804219872,0.20408163265306123,0.061350427616934225,0.0,False
118,118000,no_update,0.02954621585437756,0.016666666666666666,0.02561430689239418,0.1388888888888889,0.04481627758277262,0.012222222222222223,0.03082088583977746,0.19444444444444445,0.04838795089117586,0.0,False
119,119000,no_update,0.02762377685427263,0.02125,0.026984926436159525,0.2,0.049576746058758905,0.018125000000000002,0.03396182020559681,0.2875,0.06577421353156647,0.0,False
120,120000,no_update,0.02048394459479827,0.011976047904191617,0.01828043794568454,0.10778443113772455,0.036010317755901966,0.010778443113772457,0.023808516843831316,0.16766467065868262,0.041170499658477265,0.0,False
121,121000,no_update,0.02382680639918843,0.01206030150753769,0.02169244217833323,0.11557788944723618,0.0435717730625707,0.010804020100502512,0.028848419829887343,0.17587939698492464,0.052905234729798724,0.0,False
122,122000,no_update,0.035735485657991575,0.016568047337278107,0.030650833788828886,0.14201183431952663,0.05837887502798493,0.015088757396449702,0.03886501946808331,0.21893491124260356,0.06150569732008536,0.0,False
123,123000,no_update,0.03232012010341386,0.01946902654867257,0.033023193177387195,0.1504424778761062,0.04193269594939679,0.013716814159292035,0.03599051153998218,0.19469026548672566,0.07184843902699187,0.0,False
124,124000,no_update,0.03516225305695808,0.01931818181818182,0.03131431248370977,0.14772727272727273,0.05439891916862419,0.014204545454545454,0.037001128720465466,0.20454545454545456,0.06438213218376988,0.0,False
125,125000,no_update,0.01880099870060586,0.012658227848101266,0.01933609389882724,0.10759493670886076,0.03334727847898355,0.012341772151898736,0.025625283696412836,0.17721518987341772,0.04825474537872155,0.0,False
126,126000,no_update,0.020210607482294772,0.013513513513513514,0.02044328864642493,0.11351351351351352,0.035903947881517524,0.010540540540540542,0.025015011145275386,0.1783783783783784,0.05007876981561192,0.0,False
127,127000,no_update,0.014163961038961038,0.00681818181818182,0.013314615578565598,0.0625,0.02676583202151384,0.006818181818181818,0.01830746980451535,0.11363636363636363,0.032185002497502495,0.0,False
128,128000,no_update,0.022298951601662294,0.011518324607329844,0.02178444546251885,0.09947643979057591,0.03432048069769144,0.009162303664921465,0.025589112589455645,0.14659685863874344,0.04873987728079764,0.0,False
129,129000,no_update,0.019400491098272007,0.011976047904191617,0.02113134989147724,0.11377245508982035,0.034732508499680036,0.010778443113772455,0.027633809459719605,0.18562874251497005,0.05804552380811626,0.0,False
130,130000,no_update,0.02226689244135935,0.014012738853503185,0.022100753393592847,0.11464968152866242,0.03711498745704573,0.013057324840764334,0.02824957612046929,0.1910828025477707,0.051459444939163344,0.0,False
131,131000,no_update,0.03098528064581941,0.014925373134328358,0.028171133406798204,0.13432835820895522,0.04580025320183863,0.012686567164179105,0.034223733746357336,0.19402985074626866,0.05650629701101028,0.0,False
132,132000,no_update,0.035102458809486495,0.017341040462427747,0.030234035249864635,0.16184971098265896,0.05090228197925186,0.013294797687861274,0.03639839120064377,0.2138728323699422,0.060716193686987725,0.0,False
133,133000,no_update,0.03044410926763868,0.013846153846153847,0.02352117307612323,0.1282051282051282,0.048387843666481446,0.011282051282051283,0.03065409711360024,0.2,0.0455709334811502,0.0,False
134,134000,no_update,0.02016369534871064,0.012666666666666666,0.017754655199174157,0.11333333333333333,0.04017846965018219,0.011,0.024491598539644787,0.18666666666666668,0.04293933503144029,0.0,False
135,135000,no_update,0.02609644868048229,0.016402116402116404,0.02490095565338881,0.12698412698412698,0.04426670898733408,0.013492063492063491,0.0313684442609818,0.20105820105820105,0.05841951938197454,0.0,False
136,136000,no_update,0.039742697432757074,0.02206896551724138,0.03257286941089903,0.19310344827586207,0.05613096112110993,0.016551724137931035,0.038371171999916374,0.25517241379310346,0.06562402438670187,0.0,False
137,137000,no_update,0.01747172048896187,0.010919540229885057,0.017456315926605116,0.10344827586206896,0.03015866308209107,0.010632183908045977,0.02224908524854144,0.16091954022988506,0.0440187151140498,0.0,False
138,138000,no_update,0.024880430450378632,0.012435233160621761,0.020883217270266756,0.11917098445595854,0.041745351654678076,0.011139896373056995,0.02793543399260811,0.20207253886010362,0.04553787651006086,0.0,False
139,139000,no_update,0.02861175527625993,0.014012738853503185,0.02641852387171203,0.12101910828025478,0.039712956194758876,0.011146496815286623,0.030536456902585205,0.17834394904458598,0.05372781853673573,0.0,False
140,140000,no_update,0.02425529757414658,0.014024390243902441,0.023990711111042513,0.11585365853658537,0.032985972696664353,0.009451219512195122,0.026534210085087287,0.14634146341463414,0.05360085872998355,0.0,False
141,141000,no_update,0.027451202897631467,0.014444444444444446,0.024113389318169542,0.12777777777777777,0.04122901820026947,0.011111111111111112,0.02941338600250158,0.18888888888888888,0.04951658055566724,0.0,False
142,142000,no_update,0.01760534924240176,0.011235955056179775,0.01522441798215753,0.10112359550561797,0.04055211221725462,0.011235955056179775,0.023698020292382906,0.1797752808988764,0.035423367453231436,0.0,False
143,143000,no_update,0.012869715225541624,0.010919540229885057,0.014857520609951972,0.09195402298850575,0.02871670678596957,0.012068965517241383,0.020441167872200884,0.16666666666666666,0.04039209723193389,0.0,False
144,144000,no_update,0.014368738011023872,0.010714285714285716,0.013789326903920826,0.08333333333333333,0.042822063785778214,0.012202380952380954,0.024088782346600363,0.19047619047619047,0.03397884017631917,0.0,False
145,145000,no_update,0.027110858481428447,0.017532467532467535,0.023873498063279156,0.14935064935064934,0.04151957651409605,0.013961038961038964,0.02824845803750611,0.21428571428571427,0.04963148228698469,0.0,False
146,146000,no_update,0.02781370889748549,0.013829787234042554,0.020867237686673337,0.1276595744680851,0.04849167159672479,0.0125,0.02933994217577228,0.21808510638297873,0.04189563553921139,0.0,False
147,147000,no_update,0.027697050159174775,0.015469613259668509,0.02706200016658347,0.13812154696132597,0.04663962307408189,0.013259668508287295,0.03438349379756305,0.20441988950276244,0.05919999985969059,0.0,False
148,148000,no_update,0.02675854961011211,0.014062499999999999,0.020459311936822062,0.11458333333333333,0.046631772680292415,0.01328125,0.02857016717003524,0.18229166666666666,0.04070053879639309,0.0,False
149,149000,no_update,0.031248012815809422,0.01751412429378531,0.02578592705674905,0.13559322033898305,0.04850175173498681,0.013841807909604521,0.03180511938978473,0.1977401129943503,0.05192292244884468,0.0,False
150,150000,no_update,0.03221238495771106,0.016022099447513812,0.025514608627161744,0.13812154696132597,0.04696946642749971,0.012430939226519336,0.03149331840039184,0.20994475138121546,0.048857326878896074,0.0,False
151,151000,no_update,0.01711024978466839,0.011111111111111112,0.015321092263001554,0.09444444444444444,0.03138494114269308,0.01,0.021189326557003688,0.14444444444444443,0.03025367866376638,0.0,False
152,152000,no_update,0.0218648767168504,0.016477272727272726,0.022451465175948624,0.11363636363636363,0.040756695623621456,0.013920454545454547,0.027904712739597794,0.19318181818181818,0.051184665198570706,0.0,False
153,153000,no_update,0.032289181906528845,0.014285714285714287,0.025653700786352797,0.11734693877551021,0.04708510027387579,0.01020408163265306,0.03090485214789686,0.1683673469387755,0.046242513296045236,0.0,False
154,154000,no_update,0.010062487524547583,0.008588957055214723,0.013847423577728724,0.0736196319018405,0.02716051145900241,0.01012269938650307,0.02064157718618543,0.17177914110429449,0.04467846086751479,0.0,False
155,155000,no_update,0.02289036000074961,0.014285714285714287,0.0249850089656394,0.11688311688311688,0.03547049811660201,0.011688311688311689,0.029215573647784675,0.16233766233766234,0.0623033198233733,0.0,False
156,156000,no_update,0.02787784834035395,0.015267175572519083,0.02909428159539339,0.1450381679389313,0.03873069977470516,0.012977099236641223,0.033661268081722984,0.22900763358778625,0.0724163331515091,0.0,False
157,157000,no_update,0.03243792907429271,0.01696969696969697,0.030587210112455493,0.1393939393939394,0.07051873715510079,0.01787878787878788,0.04416314359693709,0.23636363636363636,0.0705279578548647,0.0,False
158,158000,no_update,0.02690416863692697,0.015384615384615387,0.0254452944362854,0.1346153846153846,0.04083250065349427,0.013782051282051282,0.03092879846124019,0.19230769230769232,0.05615875567500954,0.0,False
159,159000,no_update,0.02372895648063459,0.01337579617834395,0.022100215214922794,0.12101910828025478,0.04496314819148621,0.013057324840764334,0.030520892233354437,0.20382165605095542,0.05199521126267789,0.0,False
160,160000,no_update,0.021255101049464965,0.013068181818181819,0.0189436825661411,0.11931818181818182,0.039571574913187635,0.011363636363636364,0.025123229546142066,0.19886363636363635,0.045404962684374446,0.0,False
161,161000,no_update,0.020174083229874767,0.013186813186813189,0.019753460051661672,0.12087912087912088,0.036969862865020915,0.01153846153846154,0.025791100671661127,0.17582417582417584,0.049092299641750194,0.0,False
162,162000,no_update,0.019406196213875987,0.015068493150684932,0.02144583514834899,0.1232876712328767,0.03220102214629258,0.012671232876712329,0.025507979317801868,0.18493150684931506,0.04949688748938081,0.0,False
163,163000,no_update,0.024137596630738965,0.01450777202072539,0.026266712013504938,0.11917098445595854,0.04151501627499799,0.012435233160621761,0.032521436787404795,0.19689119170984457,0.06566857307785941,0.0,False
164,164000,no_update,0.01859761846819655,0.010382513661202186,0.014996447807655345,0.09836065573770492,0.035387284718604826,0.009562841530054647,0.02116599922322803,0.17486338797814208,0.04018303741125139,0.0,False
165,165000,no_update,0.022431900769987363,0.010837438423645322,0.015752472672750862,0.08374384236453201,0.033877513497837124,0.009113300492610837,0.020688060508866568,0.1477832512315271,0.026910359031483342,0.0,False
166,166000,no_update,0.014050355642051142,0.009411764705882354,0.013880345736672493,0.09411764705882353,0.025951738572845835,0.008529411764705883,0.01871791443177824,0.15294117647058825,0.0405741259893509,0.0,False
167,167000,no_update,0.027311182015263644,0.016,0.02426599566680236,0.14285714285714285,0.047951819222527496,0.014285714285714285,0.03269713039133432,0.2342857142857143,0.058199783753521035,0.0,False
168,168000,no_update,0.024341854047736405,0.015135135135135135,0.023189756011559443,0.11891891891891893,0.04581490272666743,0.013243243243243245,0.030432488142719375,0.21081081081081082,0.0519402385888454,0.0,False
169,169000,no_update,0.025023332261159496,0.013812154696132596,0.018489976282824696,0.1270718232044199,0.03904364207618455,0.01132596685082873,0.02442196582232976,0.19889502762430938,0.039021035087778155,0.0,False
170,170000,no_update,0.027285771508471758,0.014207650273224046,0.02317379716235985,0.12568306010928962,0.04576568957855375,0.011202185792349727,0.02924366035246398,0.18579234972677597,0.04251629238687047,0.0,False
171,171000,no_update,0.02601548384680915,0.01566265060240964,0.01863686981411783,0.12650602409638553,0.040189484112233935,0.013855421686746987,0.024893154212099523,0.1927710843373494,0.033375668842536316,0.0,False
172,172000,no_update,0.02580189696666969,0.01590909090909091,0.02082955564033639,0.13636363636363635,0.04291485030121393,0.013068181818181817,0.026828230780014718,0.20454545454545456,0.040833697459700134,0.0,False
173,173000,no_update,0.02333187255940065,0.014044943820224719,0.023805739794028877,0.1348314606741573,0.044620726696030205,0.012640449438202247,0.032093099074044035,0.20786516853932585,0.06546585437034876,0.0,False
174,174000,no_update,0.013938768727192748,0.013013698630136987,0.01672252143682635,0.10273972602739725,0.022156139803463693,0.010273972602739725,0.018562537819847708,0.1506849315068493,0.04013926731387183,0.0,False
175,175000,no_update,0.023180600079197707,0.014814814814814815,0.02092170829932772,0.13333333333333333,0.03493036462080606,0.011851851851851853,0.025517350611508498,0.1925925925925926,0.044538649886087106,0.0,False
176,176000,no_update,0.02852230650903727,0.020134228187919462,0.02783449970290177,0.1476510067114094,0.04514103453716127,0.014429530201342284,0.03268498360155665,0.2080536912751678,0.061924677034178977,0.0,False
177,177000,no_update,0.019931573538161954,0.01079136690647482,0.016493361014406373,0.07194244604316546,0.035344610558767406,0.012949640287769784,0.024414980738404743,0.16546762589928057,0.0364574965970939,0.0,False
178,178000,no_update,0.013157519378274725,0.0125,0.01460718478344985,0.09090909090909091,0.033069701027374984,0.011363636363636364,0.021010506203732352,0.17613636363636365,0.043042641160868714,0.0,False
179,179000,no_update,0.022158663888500154,0.013402061855670106,0.01884445848709608,0.11855670103092783,0.03992300149819858,0.011855670103092783,0.025389970741244085,0.17525773195876287,0.04039808009558416,0.0,False
180,180000,no_update,0.016938604506777474,0.010596026490066225,0.013167055253467626,0.10596026490066225,0.032973805192693814,0.009271523178807946,0.019080291895921905,0.18543046357615894,0.029884447963866904,0.0,False
181,181000,no_update,0.01954318326600935,0.008695652173913044,0.015821433502743253,0.08152173913043478,0.03188251211349037,0.008152173913043478,0.02105804757663515,0.14673913043478262,0.03707737207808718,0.0,False
182,182000,no_update,0.027529513763383855,0.015000000000000001,0.022048190902664667,0.12222222222222222,0.04344268030041609,0.011666666666666667,0.02704782566618673,0.17222222222222222,0.04492166012999346,0.0,False
183,183000,no_update,0.014044067146089204,0.009375000000000001,0.011108794671602223,0.08333333333333333,0.02898181047610227,0.008854166666666665,0.016540704685311425,0.15104166666666666,0.02479542037519011,0.0,False
184,184000,no_update,0.009719772514189266,0.007792207792207793,0.012559960356303744,0.07142857142857142,0.025616753063087663,0.009415584415584414,0.01908073052729187,0.16233766233766234,0.0399991893010871,0.0,False
185,185000,no_update,0.027056148320174986,0.014705882352941176,0.02962925665373705,0.12352941176470589,0.04049685793735519,0.010588235294117648,0.0331063440661454,0.17647058823529413,0.06515298427063132,0.0,False
186,186000,no_update,0.017231448309034517,0.012000000000000002,0.015574680794838362,0.11333333333333333,0.03513301000898332,0.010333333333333333,0.021998547519071127,0.18666666666666668,0.03763143338143338,0.0,False
187,187000,no_update,0.024445367066479505,0.015340909090909093,0.02233625739865749,0.13068181818181818,0.036241903863016296,0.010227272727272727,0.02558741422106561,0.17045454545454544,0.04919252090788468,0.0,False
188,188000,no_update,0.018411269422298832,0.011805555555555557,0.016779096424603176,0.10416666666666667,0.03787769670122612,0.010416666666666666,0.023552971166641776,0.1875,0.037699025815802124,0.0,False
189,189000,no_update,0.02014786374319843,0.010919540229885057,0.01718910074978334,0.09195402298850575,0.043149776453929325,0.012643678160919542,0.02630195616556029,0.20114942528735633,0.03941456579374269,0.0,False
190,190000,no_update,0.022530465719834487,0.013756613756613759,0.020774461908911,0.09523809523809523,0.034101556169702604,0.010846560846560847,0.025074691404390063,0.14285714285714285,0.03886148551488372,0.0,False
191,191000,no_update,0.03166145752409248,0.020134228187919465,0.028648826535963654,0.16778523489932887,0.04801588617426084,0.015436241610738257,0.033524629289252754,0.2214765100671141,0.062162541626511955,0.0,False
192,192000,no_update,0.018978117404364406,0.012269938650306749,0.02065142795036487,0.09815950920245399,0.03570279452795492,0.011042944785276074,0.02649497844570566,0.15950920245398773,0.049522732939322044,0.0,False
193,193000,no_update,0.024019621644479627,0.011627906976744186,0.019185583004558936,0.09883720930232558,0.03158036992000219,0.008720930232558141,0.022066184053003104,0.13372093023255813,0.037681600744996234,0.0,False
194,194000,no_update,0.014845018765189826,0.009289617486338799,0.015433184912162471,0.07650273224043716,0.026949311056028186,0.008469945355191258,0.020248688399142442,0.13114754098360656,0.03758925946727297,0.0,False
195,195000,no_update,0.024019758517170243,0.012790697674418606,0.01955589207753928,0.12790697674418605,0.04359521746432715,0.012209302325581399,0.027339520828438324,0.22093023255813954,0.04546329206289427,0.0,False
196,196000,no_update,0.021371115567919607,0.013414634146341465,0.01631770946769713,0.12195121951219512,0.04350126994791262,0.014939024390243904,0.025799627838581012,0.22560975609756098,0.039457843089478674,0.0,False
197,197000,no_update,0.013713128101306789,0.010344827586206896,0.01547092177966835,0.09655172413793103,0.02754306267751002,0.009655172413793102,0.020498251073885046,0.16551724137931034,0.03790547222489146,0.0,False
198,198000,no_update,0.027062531043362002,0.015384615384615385,0.023052012395461507,0.1242603550295858,0.05438008528399316,0.013905325443786986,0.032952727886311595,0.20710059171597633,0.04449695240061994,0.0,False
199,199000,no_update,0.028513710243341223,0.016,0.02903842665739343,0.14285714285714285,0.03806902114026703,0.012285714285714287,0.031971955684262636,0.17142857142857143,0.06572252058718224,0.0,False
200,200000,no_update,0.022410299148267063,0.012834224598930483,0.021778137708269682,0.11229946524064172,0.03867971600591921,0.010160427807486631,0.027337833327075504,0.1657754010695187,0.048125626601562436,0.0,False
201,201000,no_update,0.024328652377432862,0.012195121951219513,0.019788111918297047,0.10975609756097561,0.03968185922387937,0.010975609756097562,0.02628261755785666,0.17682926829268292,0.040575263685822094,0.0,False
202,202000,no_update,0.019505395314570656,0.009090909090909092,0.018389014463608053,0.0855614973262032,0.031725070287666184,0.008823529411764706,0.023007103433215204,0.16042780748663102,0.04256714872702191,0.0,False
203,203000,no_update,0.022630502031284392,0.01418918918918919,0.02157959449246226,0.11486486486486487,0.046489629015411385,0.014864864864864866,0.03117344926828048,0.22297297297297297,0.05268936107751897,0.0,False
204,204000,no_update,0.022787772775946853,0.012582781456953641,0.01914977158944483,0.10596026490066225,0.051524416440035005,0.012582781456953643,0.029826565043882744,0.2119205298013245,0.04395846910352887,0.0,False
205,205000,no_update,0.018358938572015943,0.013253012048192772,0.020272941465622207,0.1144578313253012,0.030660700951968323,0.011746987951807229,0.024329594976189136,0.1566265060240964,0.04986005398296979,0.0,False
206,206000,no_update,0.032658647863156864,0.022099447513812154,0.03286157386760175,0.1712707182320442,0.0448546624072377,0.0143646408839779,0.034772530854957545,0.19337016574585636,0.07031015275161145,0.0,False
207,207000,no_update,0.0227743233383763,0.01170212765957447,0.015558091279231846,0.10638297872340426,0.0431090852250781,0.011170212765957447,0.02343957565817898,0.17553191489361702,0.029995490679898824,0.0,False
208,208000,no_update,0.026319740793425004,0.012972972972972972,0.022648933950106035,0.11351351351351352,0.04584826245009311,0.011351351351351352,0.029664612312718105,0.2,0.0489090852945342,0.0,False
209,209000,no_update,0.030228798978798977,0.01911764705882353,0.024580121016570856,0.16176470588235295,0.043070955800735215,0.015441176470588236,0.029262363654107105,0.22794117647058823,0.05422834850705457,0.0,False
210,210000,no_update,0.0224573492805537,0.013812154696132596,0.021680776674952548,0.11602209944751381,0.03246490464722509,0.010773480662983427,0.02579149839645041,0.16574585635359115,0.04908204844339664,0.0,False
211,211000,no_update,0.017462322388430762,0.007482993197278912,0.01352654352722861,0.07482993197278912,0.02818284791323866,0.006802721088435374,0.017709464888981525,0.1292517006802721,0.027217683055017986,0.0,False
212,212000,no_update,0.015607828453056782,0.011320754716981133,0.013269307352677572,0.0880503144654088,0.02844785603338055,0.009748427672955976,0.01773004903734022,0.14465408805031446,0.023698892774919413,0.0,False
213,213000,no_update,0.019578047352057117,0.012371134020618556,0.01957176280741774,0.1134020618556701,0.04167000404792049,0.011855670103092785,0.027786699188173808,0.18041237113402062,0.05144043573235108,0.0,False
214,214000,no_update,0.01588978550937961,0.0106951871657754,0.012568998455959294,0.10160427807486631,0.026684828256294018,0.009090909090909092,0.01688427068246318,0.13903743315508021,0.025913237558326217,0.0,False
215,215000,no_update,0.01341111864617613,0.012101910828025478,0.01451372778164378,0.10191082802547771,0.023621021134381158,0.009872611464968154,0.01782828099126268,0.1592356687898089,0.03143369629413091,0.0,False
216,216000,no_update,0.025202224531054897,0.014204545454545454,0.022663117661285558,0.11931818181818182,0.034541831145370815,0.010227272727272729,0.02537910100413117,0.1534090909090909,0.04571231557361237,0.0,False
217,217000,no_update,0.03023931443989766,0.014835164835164836,0.02439975194545273,0.13186813186813187,0.0432403610123728,0.01098901098901099,0.028955977235649497,0.1813186813186813,0.04806724554623715,0.0,False
218,218000,no_update,0.029094650327704513,0.014525139664804473,0.022688312063565037,0.12849162011173185,0.042764827241391114,0.010893854748603353,0.02778399133040086,0.18994413407821228,0.04248318124751527,0.0,False
219,219000,no_update,0.010298613041113742,0.006666666666666668,0.01136192206614326,0.06111111111111111,0.03360108217691621,0.008333333333333333,0.019226829914648788,0.1388888888888889,0.03287470641959806,0.0,False
220,220000,no_update,0.02727922350450241,0.016911764705882355,0.024668604950707676,0.14705882352941177,0.046650735306810055,0.016544117647058824,0.03212585231909434,0.25,0.06226361389526113,0.0,False
221,221000,no_update,0.019936881576225838,0.012021857923497269,0.020238772711932914,0.10382513661202186,0.041861041205303505,0.012021857923497269,0.02890500455940249,0.21311475409836064,0.04927243536528925,0.0,False
222,222000,no_update,0.021735280070748764,0.01804511278195489,0.02193464922890148,0.15789473684210525,0.03833584513339857,0.018045112781954885,0.028697087826823654,0.22556390977443608,0.04717624689429201,0.0,False
223,223000,no_update,0.02527405627096644,0.0140625,0.021680348984844652,0.1171875,0.04439389970124998,0.013671875,0.029884541579805166,0.203125,0.045292969434622396,0.0,False
224,224000,no_update,0.019620807517370636,0.014044943820224719,0.021027352498943858,0.12359550561797752,0.041219859123031624,0.01348314606741573,0.028711821091413323,0.20224719101123595,0.057561510455508086,0.0,False
225,225000,no_update,0.03277012602296693,0.01590909090909091,0.023319147620558887,0.14204545454545456,0.05075240416149507,0.012784090909090912,0.03016732224028709,0.2159090909090909,0.043503705055342755,0.0,False
226,226000,no_update,0.009499623417075163,0.00703125,0.009728566120640492,0.0625,0.030606811409459617,0.009375,0.017546938404140337,0.1484375,0.029269532087655637,0.0,False
227,227000,no_update,0.017450772633103462,0.012571428571428572,0.017900815000591746,0.11428571428571428,0.03590995630657284,0.011714285714285714,0.02431615580302415,0.17142857142857143,0.04110469571217028,0.0,False
228,228000,no_update,0.02531576291894688,0.011363636363636364,0.019437063237690577,0.10227272727272728,0.03331956467274863,0.008522727272727272,0.022655561585475676,0.14204545454545456,0.036443766301676866,0.0,False
229,229000,no_update,0.017405183914617876,0.008962264150943396,0.013682275091290205,0.08018867924528301,0.038628172232596424,0.009433962264150943,0.021883607980480644,0.16981132075471697,0.03343261311418038,0.0,False
230,230000,no_update,0.021269977301479417,0.016058394160583942,0.017182957953230237,0.12408759124087591,0.03241221758526206,0.012408759124087593,0.021504953976298744,0.1897810218978102,0.031990805540555826,0.0,False
231,231000,no_update,0.021296560582274866,0.01168831168831169,0.021405774997308703,0.09740259740259741,0.041284986928956414,0.012337662337662337,0.03036980764834259,0.16883116883116883,0.05579904971993147,0.0,False
232,232000,no_update,0.021227831068382212,0.017272727272727273,0.02116684870897404,0.15454545454545454,0.033280843310739765,0.014090909090909091,0.025093480064857607,0.21818181818181817,0.04967869954887968,0.0,False
233,233000,no_update,0.028688779874794477,0.01256830601092896,0.02093363447091392,0.11475409836065574,0.036282580267819275,0.009016393442622951,0.023164584747192282,0.14754098360655737,0.03983561217167774,0.0,False
234,234000,no_update,0.021711448273948275,0.01488095238095238,0.020749348195765707,0.125,0.03168389976425691,0.011309523809523811,0.024161773665642438,0.17261904761904762,0.04857707603243317,0.0,False
235,235000,no_update,0.024498866213151928,0.013714285714285714,0.019256690695082575,0.11428571428571428,0.043991336705622414,0.012857142857142857,0.02717653281291156,0.18857142857142858,0.03887789136020007,0.0,False
236,236000,no_update,0.01789509064099228,0.012021857923497269,0.02177655158438298,0.09836065573770492,0.03372473761818024,0.009836065573770493,0.026152650712601293,0.14754098360655737,0.05476916071178366,0.0,False
237,237000,no_update,0.024073268814948378,0.015340909090909093,0.023750476221327744,0.14772727272727273,0.048538560467740036,0.014488636363636363,0.03281133745064786,0.23863636363636365,0.05512289834055772,0.0,False
238,238000,no_update,0.028855384469156923,0.017365269461077845,0.02605414122569993,0.1377245508982036,0.05949756331492858,0.016766467065868262,0.03699569121534463,0.25149700598802394,0.057613072388475135,0.0,False
239,239000,no_update,0.035323206750142506,0.01730769230769231,0.03230658481159781,0.14743589743589744,0.04563522494652948,0.01314102564102564,0.035825138061049366,0.19230769230769232,0.06621215884879852,0.0,False
240,240000,no_update,0.016272642762580843,0.011274509803921568,0.015230764426738482,0.08333333333333333,0.026654551373978617,0.009313725490196078,0.018829643835263803,0.13725490196078433,0.032302736460676724,0.0,False
241,241000,no_update,0.02000238414454101,0.011111111111111112,0.01874623191073569,0.10555555555555556,0.03597443597185599,0.010277777777777778,0.02514201336528945,0.16666666666666666,0.045829349815417926,0.0,False
242,242000,no_update,0.023442628903082987,0.013089005235602094,0.018720484366781757,0.11518324607329843,0.03825562300800413,0.010209424083769635,0.023633656168861705,0.15706806282722513,0.039027769786932086,0.0,False
243,243000,no_update,0.020525672263714535,0.010344827586206898,0.018496512982247082,0.09195402298850575,0.040096332106899404,0.010344827586206898,0.026389589214835772,0.1781609195402299,0.042031953131424674,0.0,False
244,244000,no_update,0.030202057512981884,0.01868131868131868,0.030597783505992054,0.15934065934065933,0.04143137878694602,0.01346153846153846,0.03411972517301142,0.1978021978021978,0.06877794510309054,0.0,False
245,245000,no_update,0.019160160254071502,0.011666666666666667,0.020946094504366696,0.1111111111111111,0.032818237714393544,0.010555555555555556,0.02672423599615285,0.17777777777777778,0.051622314900823675,0.0,False
246,246000,no_update,0.0180960630496049,0.009174311926605505,0.016059315582528613,0.09174311926605505,0.03697242544089187,0.011009174311926604,0.024571796301526717,0.1651376146788991,0.03660805300713558,0.0,False
247,247000,no_update,0.027388963099190373,0.019393939393939394,0.0234148457830831,0.1696969696969697,0.041077086549076186,0.015151515151515152,0.02872489281324341,0.24242424242424243,0.04759718049825002,0.0,False
248,248000,no_update,0.02121266579650912,0.012403100775193798,0.01784953391724466,0.12403100775193798,0.03484958873575764,0.011627906976744188,0.022967739419568922,0.1937984496124031,0.035944674347367124,0.0,False
249,249000,no_update,0.024385919242248873,0.013756613756613757,0.02012737502572195,0.13227513227513227,0.05507120930269249,0.01507936507936508,0.03208252744006983,0.24338624338624337,0.04738392744375839,0.0,False
250,250000,no_update,0.02372050346815103,0.01377245508982036,0.022508287559099494,0.09580838323353294,0.0375771829094507,0.011077844311377247,0.02722646839518116,0.16766467065868262,0.04502321224666009,0.0,False
251,251000,no_update,0.02911875318826605,0.015873015873015872,0.02739491843999392,0.12698412698412698,0.04868832733069474,0.014285714285714287,0.03513121916513344,0.21164021164021163,0.061577942381667375,0.0,False
252,252000,no_update,0.01796301988609681,0.010059171597633136,0.014831729898442421,0.09467455621301775,0.036071620687005305,0.010650887573964499,0.022439713350906984,0.17159763313609466,0.03368779417243337,0.0,False
253,253000,no_update,0.01875575448929319,0.012925170068027214,0.017394159688892904,0.11564625850340136,0.03352492334009469,0.011224489795918368,0.022366788834872874,0.17687074829931973,0.04100740736789893,0.0,False
254,254000,no_update,0.01935840063651158,0.009770114942528737,0.018356337036446308,0.09195402298850575,0.03397640278262467,0.009482758620689655,0.024141659520265167,0.16091954022988506,0.04146431883834467,0.0,False
255,255000,no_update,0.017813768461991633,0.012883435582822086,0.019629572704983715,0.11042944785276074,0.030255676337398753,0.0098159509202454,0.022761924075790762,0.15337423312883436,0.05008023610418718,0.0,False
256,256000,no_update,0.026906506399196967,0.016568047337278107,0.02479477223664795,0.14201183431952663,0.04798043432931219,0.015088757396449702,0.03296563368289825,0.21893491124260356,0.06115372896085337,0.0,False
257,257000,no_update,0.026965582034036647,0.017441860465116282,0.02950328117671582,0.13372093023255813,0.037908482802518816,0.012790697674418606,0.033180534404552084,0.19767441860465115,0.07065007530888805,0.0,False
258,258000,no_update,0.02544396989506429,0.013372093023255816,0.01875905579571954,0.12209302325581395,0.048860432563362935,0.012209302325581399,0.027239329453240407,0.20930232558139536,0.033493016396528165,0.0,False
259,259000,no_update,0.02690733981583655,0.014814814814814817,0.02338063686516624,0.1419753086419753,0.04900584145137522,0.012962962962962964,0.031638840589642454,0.20987654320987653,0.054818779962112145,0.0,False
260,260000,no_update,0.020424515960230247,0.01171875,0.021562464093018235,0.1015625,0.03350444672332802,0.0109375,0.02723758779017262,0.1875,0.04656023867880485,0.0,False
261,261000,no_update,0.025452500035125954,0.016025641025641024,0.021734147025738882,0.12179487179487179,0.03563162225172445,0.01217948717948718,0.025539059836667058,0.16666666666666666,0.04017874603653956,0.0,False
262,262000,no_update,0.024859488547779043,0.01345029239766082,0.02026426751342936,0.1111111111111111,0.041603083891945586,0.011695906432748537,0.02740085936119351,0.18128654970760233,0.0420898185413964,0.0,False
263,263000,no_update,0.02798065003377069,0.017919075144508672,0.025889849423363965,0.16184971098265896,0.039782873789056566,0.012716763005780347,0.029966654291525067,0.20809248554913296,0.061209850386911534,0.0,False
264,264000,no_update,0.023840066890392125,0.015748031496062992,0.02662325092276516,0.14173228346456693,0.03846306349054146,0.012598425196850395,0.030657708292739134,0.2047244094488189,0.06803268425882453,0.0,False
265,265000,no_update,0.01873570211964274,0.013675213675213675,0.016970665010872618,0.10256410256410256,0.035835767296630995,0.011965811965811968,0.022460797424232768,0.17094017094017094,0.03435985467024603,0.0,False
266,266000,no_update,0.023261292345588453,0.013414634146341465,0.02452181122579065,0.12195121951219512,0.03611899782288311,0.012500000000000002,0.030565183745140487,0.1951219512195122,0.05886728696538596,0.0,False
267,267000,no_update,0.016562974547267743,0.008900523560209424,0.014724221022585613,0.07329842931937172,0.03165285730730757,0.008638743455497384,0.021320624447160836,0.14659685863874344,0.035420788361964835,0.0,False
268,268000,no_update,0.02677182883949801,0.013736263736263736,0.019903223527852055,0.10989010989010989,0.037566973223422034,0.011538461538461539,0.025122400779103906,0.1813186813186813,0.039359839988390995,0.0,False
269,269000,no_update,0.0318580660195567,0.015527950310559006,0.026669058111703565,0.12422360248447205,0.0512901866939134,0.013043478260869566,0.03442692378944589,0.20496894409937888,0.052312533271564474,0.0,False
270,270000,no_update,0.02445205970353131,0.01644736842105263,0.02409970569355183,0.1513157894736842,0.04378874746559996,0.015460526315789477,0.03159528049971094,0.23026315789473684,0.06535846213085704,0.0,False
271,271000,no_update,0.031682340538089576,0.020394736842105264,0.031614836758200274,0.16447368421052633,0.047527870783723704,0.015460526315789475,0.03670528606417487,0.24342105263157895,0.06997360787308034,0.0,False
272,272000,no_update,0.03011550216519161,0.01552795031055901,0.024234362478661346,0.13043478260869565,0.04150171774395377,0.011490683229813664,0.02795008686871727,0.18012422360248448,0.04340962340140272,0.0,False
273,273000,no_update,0.01969538276787129,0.01241830065359477,0.015359946777557925,0.11764705882352941,0.03116549666013051,0.010457516339869282,0.020322567905084393,0.1830065359477124,0.03186834617433173,0.0,False
274,274000,no_update,0.037087446567147346,0.017127071823204422,0.031628600617168164,0.15469613259668508,0.05327783705828111,0.013535911602209946,0.03788475747833365,0.2154696132596685,0.06679030703563314,0.0,False
275,275000,no_update,0.02486153508473707,0.012565445026178013,0.021585547428460958,0.09947643979057591,0.045756158204491075,0.012041884816753928,0.029526551706196807,0.19895287958115182,0.04727512566894669,0.0,False
276,276000,no_update,0.024853426988392647,0.012690355329949238,0.020329173662255038,0.1218274111675127,0.043771818241809285,0.011675126903553299,0.028103491756514498,0.19289340101522842,0.04771130929823234,0.0,False
277,277000,no_update,0.018918326050227887,0.012269938650306749,0.02048200907372006,0.08588957055214724,0.04106777930758443,0.013496932515337425,0.028617864463297546,0.18404907975460122,0.04667823555409265,0.0,False
278,278000,no_update,0.028224314044794675,0.01875,0.0300631751951125,0.16875,0.0458455397649453,0.015000000000000003,0.03564504662345824,0.23125,0.07393871753246753,0.0,False
279,279000,no_update,0.03735705564276993,0.018857142857142857,0.030965936518466332,0.13714285714285715,0.054755338519313676,0.014,0.03774468821550057,0.2,0.05858918800006813,0.0,False
280,280000,no_update,0.022376702859159,0.0152046783625731,0.021586373911749834,0.1111111111111111,0.040962762673288994,0.013157894736842105,0.02753971348486528,0.19298245614035087,0.048017781599607685,0.0,False
281,281000,no_update,0.02414710661783806,0.01635220125786164,0.0230978383682332,0.14465408805031446,0.035935100148386204,0.014779874213836478,0.027540181033386662,0.1949685534591195,0.05314726558520005,0.0,False
282,282000,no_update,0.01893953849127485,0.01144578313253012,0.01727898497264185,0.10843373493975904,0.03772530092161559,0.012349397590361445,0.024592287249528076,0.1927710843373494,0.04248328495829335,0.0,False
283,283000,no_update,0.02180073661166098,0.012637362637362636,0.02119996797854466,0.12087912087912088,0.035012058436428184,0.01043956043956044,0.026806167669588342,0.17582417582417584,0.05008220002797794,0.0,False
284,284000,no_update,0.01895255258026997,0.011805555555555557,0.019590004320641466,0.10416666666666667,0.03652102434937579,0.011805555555555557,0.026628623211604096,0.18055555555555555,0.05163763025282633,0.0,False
285,285000,no_update,0.02359005980559865,0.011695906432748537,0.019991819581708873,0.11695906432748537,0.040253625816798456,0.011695906432748537,0.027073657068382127,0.1871345029239766,0.04587258608495912,0.0,False
286,286000,no_update,0.03391781643786991,0.017532467532467535,0.032218467692350594,0.14285714285714285,0.060362946831625214,0.01461038961038961,0.040824627519708515,0.21428571428571427,0.0663539466098169,0.0,False
287,287000,no_update,0.019590489600881496,0.01233766233766234,0.017845459889565627,0.11038961038961038,0.035012756243794504,0.01038961038961039,0.023595699319034467,0.16233766233766234,0.0369064040501156,0.0,False
288,288000,no_update,0.025239824783435328,0.01206896551724138,0.022156929471727392,0.1206896551724138,0.04400692932640194,0.01120689655172414,0.02961016757287042,0.21839080459770116,0.050729714091783056,0.0,False
289,289000,no_update,0.02804230628773362,0.016129032258064516,0.026950804716074677,0.13548387096774195,0.050400282568556595,0.014193548387096775,0.034775707307264626,0.23870967741935484,0.06413768630362057,0.0,False
290,290000,no_update,0.02468056431872221,0.0125,0.022310354749432323,0.11363636363636363,0.04134851309641979,0.010795454545454546,0.028826958782326096,0.17613636363636365,0.05102139254462115,0.0,False
291,291000,no_update,0.02174764990554464,0.014210526315789474,0.018713567668643367,0.12105263157894737,0.03624840965516023,0.011578947368421053,0.023602932812356738,0.18421052631578946,0.04059459546301651,0.0,False
292,292000,no_update,0.02422433188102063,0.01418918918918919,0.025381520564063165,0.12837837837837837,0.04130151080412978,0.012162162162162163,0.031830007309949705,0.19594594594594594,0.06278987073298219,0.0,False
293,293000,no_update,0.031410647879212154,0.017985611510791366,0.025779468707778416,0.1366906474820144,0.05392419575135514,0.017266187050359715,0.03522983392145046,0.23741007194244604,0.049520491270218424,0.0,False
294,294000,no_update,0.0228656212118835,0.01204819277108434,0.022047152318076812,0.1144578313253012,0.03710408768280923,0.010542168674698796,0.027251667952418925,0.1746987951807229,0.0500335114527177,0.0,False
295,295000,no_update,0.01938448781384021,0.013793103448275862,0.019818784084006315,0.12413793103448276,0.041911386202807564,0.013448275862068967,0.028246281585407516,0.23448275862068965,0.055043085154647016,0.0,False
296,296000,no_update,0.011256952923619591,0.007692307692307694,0.010163427723239554,0.07100591715976332,0.029185898174406883,0.008875739644970414,0.016905324774008516,0.16568047337278108,0.02671289037800295,0.0,False
297,297000,no_update,0.027875242588626118,0.01564245810055866,0.02415937126249269,0.15083798882681565,0.04407057580909901,0.012011173184357543,0.029661010062521562,0.20670391061452514,0.05516990163633885,0.0,False
298,298000,no_update,0.023534983534983532,0.012727272727272728,0.018177965627006566,0.11515151515151516,0.040309505309505306,0.01181818181818182,0.02533477831300776,0.1696969696969697,0.0344595998543367,0.0,False
299,299000,no_update,0.027254705830909037,0.013131313131313134,0.018483644538504318,0.12626262626262627,0.04716513556754198,0.012373737373737375,0.02647278605237008,0.21717171717171718,0.03666134857088511,0.0,False
300,300000,no_update,0.013488712866552774,0.010273972602739725,0.01582166358099129,0.0821917808219178,0.022927092480194273,0.008561643835616438,0.01835371488933383,0.13013698630136986,0.03819055403860739,0.0,False
301,301000,no_update,0.024153035899376223,0.015646258503401362,0.02085260406124558,0.14285714285714285,0.03777467503121944,0.012244897959183675,0.02560383723054685,0.22448979591836735,0.043923246954459434,0.0,False
302,302000,no_update,0.031873598444673565,0.021367521367521368,0.027364527965729232,0.17094017094017094,0.04456411255362738,0.01666666666666667,0.032968657102683714,0.23076923076923078,0.05035640160074549,0.0,False
303,303000,no_update,0.019845594885317546,0.013043478260869566,0.020586874956444744,0.12422360248447205,0.024255364790281033,0.008385093167701864,0.021048044607508167,0.15527950310559005,0.05408773965491847,0.0,False
304,304000,no_update,0.02378261649487381,0.011330049261083743,0.021356604185388272,0.09359605911330049,0.03403322248439606,0.008620689655172414,0.02555586396704624,0.13793103448275862,0.04384628529365372,0.0,False
305,305000,no_update,0.016476499492647127,0.013071895424836602,0.017292245626666414,0.1111111111111111,0.03526604614597087,0.011437908496732025,0.023724148959995573,0.1895424836601307,0.04702197097707933,0.0,False
306,306000,no_update,0.026194344511691024,0.014765100671140941,0.026245288756404743,0.14093959731543623,0.048879145176644004,0.014429530201342284,0.03519570202508155,0.2348993288590604,0.06508717694252841,0.0,False
307,307000,no_update,0.018910349668146052,0.01707317073170732,0.019424813796149396,0.14634146341463414,0.0334533790746629,0.014227642276422765,0.02425031135945433,0.21951219512195122,0.041971283098671146,0.0,False
308,308000,no_update,0.014681687754242454,0.011029411764705883,0.01585390110753682,0.08823529411764706,0.029590906383377823,0.010661764705882355,0.021671093419924667,0.14705882352941177,0.04241838635220989,0.0,False
309,309000,no_update,0.027416429488252694,0.013259668508287293,0.02287962418801857,0.10497237569060773,0.04516395207002941,0.012154696132596687,0.030265485578256632,0.17679558011049723,0.04667737822104686,0.0,False
310,310000,no_update,0.034628600658393405,0.016062176165803112,0.028451444799336534,0.12953367875647667,0.052767303586413614,0.013471502590673576,0.03499339260839579,0.19689119170984457,0.05289024658500428,0.0,False
311,311000,no_update,0.03044961017410734,0.01473684210526316,0.023973449100020167,0.14210526315789473,0.051732320999754444,0.012105263157894735,0.031372886664793015,0.21052631578947367,0.04983240143069864,0.0,False
312,312000,no_update,0.012891647458686565,0.011731843575418994,0.015417377234871396,0.1005586592178771,0.02187913673614246,0.009776536312849162,0.01840250775076692,0.13966480446927373,0.04275004602222376,0.0,False
313,313000,no_update,0.028389716326280828,0.01530054644808743,0.023492812099365597,0.12568306010928962,0.045154160139904975,0.011748633879781421,0.028772316040165866,0.18032786885245902,0.04916472360135761,0.0,False
314,314000,no_update,0.028519483554767296,0.015083798882681566,0.02562518073081627,0.13966480446927373,0.03849344813767042,0.010893854748603351,0.02898965524649687,0.19553072625698323,0.053496342420880194,0.0,False
315,315000,no_update,0.013316266559674267,0.009655172413793102,0.014778886257528517,0.08275862068965517,0.02759127124847206,0.00896551724137931,0.019709740469078238,0.1310344827586207,0.03944290383945557,0.0,False
316,316000,no_update,0.018857323232323232,0.009000000000000001,0.01730392364282652,0.08,0.04196042524548622,0.01,0.026181652885381483,0.165,0.03940539036127271,0.0,False
317,317000,no_update,0.026045417625697277,0.015384615384615387,0.027523132142640776,0.14102564102564102,0.04658599465040011,0.014102564102564105,0.03555457128324196,0.23076923076923078,0.06048075161852251,0.0,False
318,318000,no_update,0.02063232762097615,0.010344827586206896,0.01560294580715972,0.08374384236453201,0.03280294299356197,0.00812807881773399,0.01994343869783786,0.13793103448275862,0.03011858830824348,0.0,False
319,319000,no_update,0.019714544446506197,0.012315270935960592,0.01851898627275744,0.09852216748768473,0.0360212262704294,0.010098522167487684,0.024337327397729435,0.15763546798029557,0.044176496149799085,0.0,False
320,320000,no_update,0.010509913673071568,0.008666666666666666,0.0115776213756627,0.08666666666666667,0.031215992149738282,0.011000000000000001,0.019642854883286997,0.16666666666666666,0.033874628095216325,0.0,False
321,321000,no_update,0.03572256306672434,0.018965517241379314,0.026641807626947386,0.1839080459770115,0.051996027116957895,0.014655172413793105,0.033413104757914994,0.25862068965517243,0.05463062639786777,0.0,False
322,322000,no_update,0.024491590194543236,0.016216216216216217,0.022771199358299608,0.14189189189189189,0.043550458146019405,0.01452702702702703,0.029687213744531024,0.22297297297297297,0.0524964049248105,0.0,False
323,323000,no_update,0.029859130193972672,0.014619883040935675,0.02296504923502962,0.13450292397660818,0.04870918971622413,0.012280701754385965,0.030330708529311533,0.19883040935672514,0.044381092381608374,0.0,False
324,324000,no_update,0.02220576972915993,0.015189873417721522,0.020972610947933804,0.12658227848101267,0.04188137633377039,0.014556962025316457,0.027964476628968154,0.22784810126582278,0.046754088215172976,0.0,False
325,325000,no_update,0.014130081669348683,0.009424083769633508,0.015105758043905425,0.07853403141361257,0.028840510757717253,0.008900523560209424,0.020051249724748758,0.14136125654450263,0.0410076341620439,0.0,False
326,326000,no_update,0.030137124779981928,0.01153846153846154,0.026640048727981144,0.10989010989010989,0.0438796551433914,0.01043956043956044,0.03293923371999968,0.18681318681318682,0.05397718268342227,0.0,False
327,327000,no_update,0.027366265177193778,0.01337579617834395,0.022441026805544308,0.12738853503184713,0.05165853794369406,0.01305732484076433,0.031671855226059135,0.21019108280254778,0.044617132591881666,0.0,False
328,328000,no_update,0.024338757785214268,0.01787709497206704,0.024366825152070795,0.15083798882681565,0.03815710889406816,0.01312849162011173,0.02869797266185623,0.18994413407821228,0.06154966721344257,0.0,False
329,329000,no_update,0.017923832923832924,0.011891891891891894,0.01808525384368731,0.10810810810810811,0.04458848361104,0.012702702702702703,0.02820286496808601,0.21081081081081082,0.05128486520127386,0.0,False
330,330000,no_update,0.02299460101465698,0.013125000000000003,0.019835596217952327,0.1125,0.029381989797101733,0.009687500000000002,0.02256780859907,0.1375,0.038244047619047615,0.0,False
331,331000,no_update,0.03422202052155419,0.018120805369127517,0.03322712056829751,0.15436241610738255,0.04620049185210861,0.013758389261744965,0.03552045114232121,0.2080536912751678,0.07224833263023883,0.0,False
332,332000,no_update,0.026585586282028475,0.013953488372093025,0.02364795361674105,0.12209302325581395,0.04626181232169751,0.012500000000000002,0.030827865273566093,0.19767441860465115,0.051658907607860016,0.0,False
333,333000,no_update,0.01797698171970958,0.01263736263736264,0.017221073074895905,0.11538461538461539,0.03355128836544479,0.010164835164835165,0.02235920494610424,0.1813186813186813,0.03935396811442979,0.0,False
334,334000,no_update,0.02128240982730147,0.012865497076023392,0.021944432051317422,0.10526315789473684,0.044726278968804115,0.012573099415204679,0.030166049095191896,0.19883040935672514,0.05132108435160958,0.0,False
335,335000,no_update,0.029341432228320436,0.01517857142857143,0.024374397350746504,0.125,0.05025450692883753,0.012946428571428572,0.03103438804136827,0.19642857142857142,0.05367894754055468,0.0,False
336,336000,no_update,0.019223036223036224,0.012222222222222223,0.018330821385100525,0.1111111111111111,0.0393047759799384,0.011666666666666667,0.025814602503882907,0.2,0.049010652994141125,0.0,False
337,337000,no_update,0.01923033808627029,0.012429378531073447,0.014725201320502947,0.10734463276836158,0.03903142850395919,0.01186440677966102,0.02224108352131964,0.20903954802259886,0.033274511608588325,0.0,False
338,338000,no_update,0.01947690899569162,0.012578616352201259,0.017653356115362465,0.10062893081761007,0.03500136968524664,0.010691823899371069,0.023266156435149062,0.16981132075471697,0.03565100066209944,0.0,False
339,339000,no_update,0.02334997380710265,0.014473684210526317,0.019887982841468515,0.13815789473684212,0.037710305490383254,0.01118421052631579,0.024479993465414965,0.19736842105263158,0.03926007394059781,0.0,False
340,340000,no_update,0.02111637161248793,0.012345679012345678,0.01988310480784969,0.09876543209876543,0.03570582293439539,0.01080246913580247,0.025672584101461084,0.1728395061728395,0.04139111312313927,0.0,False
341,341000,no_update,0.01695352839931153,0.009036144578313253,0.01558183870459075,0.08433734939759036,0.031964763817173454,0.00963855421686747,0.021713862437929686,0.16265060240963855,0.03714063589851571,0.0,False
342,342000,no_update,0.01301612616345406,0.009523809523809523,0.012151239959104054,0.08163265306122448,0.030791203084872446,0.010544217687074831,0.01862738494590489,0.17687074829931973,0.03360423420526409,0.0,False
343,343000,no_update,0.021148386729821615,0.01329479768786127,0.02172328594691264,0.10982658959537572,0.028416463867840948,0.008959537572254336,0.023969905181255812,0.15028901734104047,0.04581881905921348,0.0,False
344,344000,no_update,0.02141348088531187,0.014084507042253521,0.018153246964932986,0.1267605633802817,0.035651941954758855,0.01232394366197183,0.02406422771372524,0.19014084507042253,0.041534153386887436,0.0,False
345,345000,no_update,0.02455751045177923,0.015340909090909093,0.024241085705396917,0.11363636363636363,0.04300161369701883,0.01335227272727273,0.031181565739816883,0.19886363636363635,0.05370516617592152,0.0,False
346,346000,no_update,0.025076501981263884,0.011111111111111112,0.022778329086634592,0.10052910052910052,0.039197381102143006,0.010317460317460319,0.028132646912028547,0.15873015873015872,0.04925439245614684,0.0,False
347,347000,no_update,0.022737885770143833,0.017333333333333333,0.02363585807269183,0.14666666666666667,0.04062456870265441,0.014666666666666668,0.029865129949044278,0.22,0.05740534640225043,0.0,False
348,348000,no_update,0.014286584516847676,0.009868421052631578,0.011986354238042429,0.09210526315789473,0.026772940395231416,0.008552631578947367,0.01643852397984416,0.13815789473684212,0.02569761128579566,0.0,False
349,349000,no_update,0.03260647105265674,0.019078947368421056,0.02947727513435991,0.16447368421052633,0.054266848808141324,0.016776315789473684,0.037900537802259014,0.24342105263157895,0.06100403549024618,0.0,False
350,350000,no_update,0.025466431253352406,0.01702127659574468,0.02288262447512288,0.12234042553191489,0.04413902117907124,0.013031914893617023,0.028816743961938635,0.18085106382978725,0.05003289877659978,0.0,False
351,351000,no_update,0.025916920403040694,0.013529411764705884,0.018411189513446866,0.12352941176470589,0.04413502333048619,0.012058823529411764,0.02578664312608338,0.19411764705882353,0.033154486552319375,0.0,False
352,352000,no_update,0.026290032067299685,0.01666666666666667,0.02684828504560383,0.15217391304347827,0.038746385735703576,0.013405797101449277,0.03212829839421906,0.2246376811594203,0.06325373499286542,0.0,False
353,353000,no_update,0.025834932012722873,0.01675977653631285,0.026145298244210684,0.1340782122905028,0.035002184269246304,0.011452513966480445,0.028307223826557978,0.1787709497206704,0.06487416215069845,0.0,False
354,354000,no_update,0.019040132376654,0.014925373134328358,0.021258571721387634,0.1044776119402985,0.02990701911298598,0.012313432835820894,0.024645091824354783,0.15671641791044777,0.047030939502405694,0.0,False
355,355000,no_update,0.03395212418092032,0.01856287425149701,0.030701430220206553,0.15568862275449102,0.05077324384635137,0.01437125748502994,0.0366895972581979,0.2275449101796407,0.06762645450123436,0.0,False
356,356000,no_update,0.03184558855644303,0.016352201257861635,0.0284298307064404,0.14465408805031446,0.054483514339022904,0.013207547169811325,0.035451827256911136,0.23270440251572327,0.060530026248672195,0.0,False
357,357000,no_update,0.02437572067709054,0.013013698630136988,0.020013708576152908,0.11643835616438356,0.054481037137472474,0.015410958904109588,0.03263968460459541,0.2328767123287671,0.04568072577530145,0.0,False
358,358000,no_update,0.03095956966804756,0.019999999999999997,0.028935680736063223,0.15,0.04447880946412988,0.015625,0.03387607848687825,0.2125,0.06211696225386241,0.0,False
359,359000,no_update,0.023247986417843546,0.011764705882352941,0.02013205194411927,0.11764705882352941,0.04563996591346016,0.013235294117647059,0.029394248342870084,0.21764705882352942,0.04956710171493453,0.0,False
360,360000,no_update,0.023879431930279388,0.013559322033898305,0.01883408888088861,0.11864406779661017,0.05159731927075245,0.013841807909604521,0.02967470360742381,0.21468926553672316,0.0387231850716397,0.0,False
361,361000,no_update,0.024227113120425223,0.015286624203821658,0.02576004463971026,0.1337579617834395,0.04056263623142604,0.012738853503184714,0.031279088979220715,0.21019108280254778,0.05840534096435183,0.0,False
362,362000,no_update,0.016848888021579658,0.01011904761904762,0.016091122975286306,0.09523809523809523,0.03693800090250439,0.011309523809523811,0.024420634814054647,0.17857142857142858,0.04199930603554553,0.0,False
363,363000,no_update,0.022739302978954396,0.01777777777777778,0.024592682290165757,0.14074074074074075,0.04062393086874224,0.014814814814814815,0.031428073747169015,0.2,0.05259777562065144,0.0,False
364,364000,no_update,0.02570883904199716,0.018292682926829267,0.025017556137501923,0.1402439024390244,0.04040971303639512,0.014634146341463414,0.029957737484353517,0.18902439024390244,0.054442603634629605,0.0,False
365,365000,no_update,0.0274387491163807,0.0189873417721519,0.027830310811777892,0.15822784810126583,0.04520801423574574,0.015822784810126583,0.03403221416317569,0.22151898734177214,0.06552671622747454,0.0,False
366,366000,no_update,0.023602215780129887,0.015950920245398775,0.02258510648886543,0.147239263803681,0.04204142823774725,0.013803680981595092,0.029515766475232925,0.22085889570552147,0.058891780359661985,0.0,False
367,367000,no_update,0.01930452772481741,0.013218390804597704,0.018162630534550223,0.10344827586206896,0.030769955381383367,0.010632183908045977,0.022249419691660124,0.16091954022988506,0.03629687891257764,0.0,False
368,368000,no_update,0.025800381930372786,0.013989637305699482,0.02316311039675455,0.12435233160621761,0.03866573333199362,0.010103626943005182,0.02772424132712222,0.17098445595854922,0.05132059218846783,0.0,False
369,369000,no_update,0.03054495263190915,0.014000000000000002,0.02457341408602853,0.13,0.04561551853943158,0.011000000000000001,0.030974821091749052,0.18,0.04574078187893977,0.0,False
370,370000,no_update,0.02370579036639843,0.014606741573033709,0.01978683504374216,0.12921348314606743,0.042670164221717426,0.011797752808988765,0.025804322080482073,0.19101123595505617,0.04257908534920049,0.0,False
371,371000,no_update,0.01752325088518834,0.010526315789473686,0.01728872971801864,0.0935672514619883,0.029011824463769546,0.009649122807017544,0.021702140315168542,0.1695906432748538,0.039208391975759316,0.0,False
372,372000,no_update,0.03389092066511421,0.0167741935483871,0.026638417125086668,0.14838709677419354,0.053686322395999825,0.014516129032258065,0.035120407644725064,0.23225806451612904,0.05678243995980938,0.0,False
373,373000,no_update,0.03308229127194645,0.019402985074626868,0.03210840371298902,0.16417910447761194,0.0563768544918828,0.016044776119402988,0.039805587120912866,0.26865671641791045,0.07651519216372965,0.0,False
374,374000,no_update,0.02003273959156312,0.014117647058823528,0.02270351217424784,0.1,0.03970066884153572,0.012352941176470589,0.028417837821411565,0.17647058823529413,0.05830190689437639,0.0,False
375,375000,no_update,0.03366483804413053,0.01834319526627219,0.02714609893629643,0.17159763313609466,0.046358661314876884,0.013609467455621301,0.03188572180593674,0.21893491124260356,0.04921274182407785,0.0,False
376,376000,no_update,0.015559517801785844,0.009278350515463918,0.015335795817631106,0.08762886597938144,0.025471152558781424,0.007216494845360825,0.018823042853428,0.1134020618556701,0.03490957066987995,0.0,False
377,377000,no_update,0.022323688555107024,0.01566265060240964,0.02049022445602155,0.13855421686746988,0.036784464291356914,0.0141566265060241,0.026046928952370485,0.20481927710843373,0.04850140901700079,0.0,False
378,378000,no_update,0.02082102424505696,0.013368983957219251,0.018014468713747553,0.10695187165775401,0.03576841302069361,0.011764705882352943,0.023905872340179296,0.17647058823529413,0.03822996583298565,0.0,False
379,379000,no_update,0.022738732880936214,0.013664596273291927,0.02581295946237697,0.11801242236024845,0.04775679443871664,0.014285714285714285,0.03542137888267535,0.18633540372670807,0.060720923484850566,0.0,False
380,380000,no_update,0.025134237107921318,0.01578947368421053,0.024211713435386317,0.12631578947368421,0.05093225487962331,0.01605263157894737,0.03563001487193303,0.22631578947368422,0.05520088967212969,0.0,False
381,381000,no_update,0.023287803241363612,0.010160427807486633,0.017947302049702327,0.09090909090909091,0.04064127665133858,0.010427807486631017,0.024994176404647406,0.18716577540106952,0.038159604252673895,0.0,False
382,382000,no_update,0.024335853798018104,0.016339869281045753,0.019621363759993234,0.13071895424836602,0.05061518705711317,0.01568627450980392,0.029269200426435472,0.21568627450980393,0.039445775046454946,0.0,False
383,383000,no_update,0.018912065109009082,0.01032258064516129,0.015859410028222654,0.08387096774193549,0.03009317036481722,0.009354838709677418,0.020003843577679245,0.13548387096774195,0.03398347408109718,0.0,False
384,384000,no_update,0.014656006117909896,0.009580838323353293,0.012686690698580548,0.07784431137724551,0.037376474272509785,0.010479041916167666,0.020865482972395405,0.17365269461077845,0.03281693819549996,0.0,False
385,385000,no_update,0.01877000883792055,0.012365591397849462,0.016679157006120424,0.0913978494623656,0.03668712206488098,0.011827956989247313,0.023267433045189682,0.15591397849462366,0.03381530050173314,0.0,False
386,386000,no_update,0.019754543891229485,0.012568306010928964,0.02013495543780647,0.12021857923497267,0.04509686948986124,0.012841530054644812,0.029538601954797492,0.21311475409836064,0.05134040885005205,0.0,False
387,387000,no_update,0.019526273814672545,0.012337662337662338,0.014703067986024054,0.11688311688311688,0.03607444726219664,0.012662337662337661,0.022265270530655624,0.2077922077922078,0.03097381779581932,0.0,False
388,388000,no_update,0.013040688487652417,0.011111111111111112,0.016486162030015364,0.08333333333333333,0.030976409072182527,0.011458333333333334,0.02294465264137682,0.1597222222222222,0.04355996260504775,0.0,False
389,389000,no_update,0.030718161519266488,0.018784530386740335,0.02805777748187298,0.16022099447513813,0.036235549288035476,0.011878453038674035,0.02951440529991295,0.17679558011049723,0.058024066173237444,0.0,False
390,390000,no_update,0.026232650618488767,0.0161849710982659,0.0216964609565116,0.15028901734104047,0.04506580044874842,0.014450867052023121,0.029381812732414015,0.2254335260115607,0.048986112841049395,0.0,False
391,391000,no_update,0.029667229284876345,0.017058823529411765,0.026327389331470934,0.1411764705882353,0.03925717897712783,0.012058823529411766,0.029789729663689667,0.19411764705882353,0.053396401752803135,0.0,False
392,392000,no_update,0.029836542195705355,0.016111111111111114,0.026199507548139486,0.15,0.04621340985401956,0.013333333333333336,0.03263784412113748,0.2,0.054699274490941155,0.0,False
393,393000,no_update,0.028732296901143515,0.020000000000000004,0.02735941944277208,0.1724137931034483,0.051251318893310444,0.017241379310344827,0.03547066443505314,0.2482758620689655,0.057768099011293206,0.0,False
394,394000,no_update,0.016650117532625436,0.010958904109589041,0.017089725621172735,0.0958904109589041,0.035640176472631686,0.0113013698630137,0.024392507667322122,0.1643835616438356,0.04314979019642067,0.0,False
395,395000,no_update,0.021680382013296584,0.01256281407035176,0.017685945157478282,0.12060301507537688,0.03822078605370063,0.010804020100502514,0.023690004746614982,0.18090452261306533,0.03862853366622211,0.0,False
396,396000,no_update,0.03292222657564821,0.01721854304635762,0.03322898538777151,0.15894039735099338,0.0454155795192161,0.013245033112582781,0.0384398130112087,0.2185430463576159,0.07845938538073531,0.0,False
397,397000,no_update,0.04276355620825667,0.024285714285714285,0.03983756143604136,0.2,0.06097457138355756,0.018214285714285714,0.04666941223657962,0.2857142857142857,0.08577807739461875,0.0,False
398,398000,no_update,0.023451655157475635,0.013440860215053764,0.01820364015486171,0.10752688172043011,0.03606783168494248,0.011559139784946238,0.023596733438366938,0.1881720430107527,0.036147462155526666,0.0,False
399,399000,no_update,0.02088162117115219,0.013580246913580249,0.021688967781611765,0.12345679012345678,0.04079257407956333,0.013888888888888888,0.029361475212205133,0.20987654320987653,0.05359823872250773,0.0,False
400,400000,no_update,0.028003491037006768,0.014117647058823532,0.023016048277496634,0.13529411764705881,0.04771297216235657,0.012941176470588237,0.031038316259223674,0.21764705882352942,0.050929140771610266,0.0,False
401,401000,no_update,0.026244429699386108,0.01656441717791411,0.028320574673607896,0.1411042944785276,0.05062362923195988,0.013803680981595092,0.03651869030531164,0.2147239263803681,0.07105610503656999,0.0,False
402,402000,no_update,0.012353499748751145,0.010055865921787711,0.012181082941952524,0.09497206703910614,0.033521215748869376,0.01005586592178771,0.019059967828662833,0.1564245810055866,0.031030375583448202,0.0,False
403,403000,no_update,0.02845975345975346,0.012972972972972972,0.02526758096289565,0.11891891891891893,0.043235368235368235,0.010270270270270273,0.03108482137768883,0.16216216216216217,0.0516005841005841,0.0,False
404,404000,no_update,0.023674732574189096,0.010869565217391304,0.019864880622077332,0.08695652173913043,0.03581457039337474,0.008152173913043478,0.02392773389596285,0.1358695652173913,0.04046263161428393,0.0,False
405,405000,no_update,0.01594878826310675,0.010126582278481013,0.017122822916259408,0.08860759493670886,0.028939876215054127,0.010443037974683544,0.022238557539844182,0.17721518987341772,0.04252045265242349,0.0,False
406,406000,no_update,0.022168391758173138,0.012429378531073447,0.02635346414772922,0.1016949152542373,0.033019436507522974,0.009887005649717515,0.03037984215723341,0.15254237288135594,0.0655916475024939,0.0,False
407,407000,no_update,0.02355238660229298,0.01317365269461078,0.02277238492943799,0.11377245508982035,0.04182902014838761,0.012275449101796409,0.028889239487140707,0.18562874251497005,0.05101848049883866,0.0,False
408,408000,no_update,0.02080510209122926,0.010982658959537574,0.023301656529957356,0.09826589595375723,0.036273297884202166,0.01069364161849711,0.02983354093030309,0.1791907514450867,0.06012926952568857,0.0,False
409,409000,no_update,0.015660101802958945,0.010857142857142859,0.015871728242690168,0.09714285714285714,0.029301263899008258,0.010285714285714287,0.02152027474111514,0.16,0.03994020265448837,0.0,False
410,410000,no_update,0.026429067698908973,0.011640211640211642,0.019049320515391013,0.1164021164021164,0.03538006672927308,0.00925925925925926,0.023088889437583113,0.164021164021164,0.03443894651877845,0.0,False
411,411000,no_update,0.029803551596745317,0.0162303664921466,0.02679981396554119,0.13612565445026178,0.04535525556467965,0.013089005235602094,0.03339606666497526,0.2094240837696335,0.06323010636526756,0.0,False
412,412000,no_update,0.031189760773466604,0.0163265306122449,0.02766033213963146,0.14285714285714285,0.05072874613986989,0.01326530612244898,0.03517216844519853,0.19387755102040816,0.056407400622586694,0.0,False
413,413000,no_update,0.01805576538255858,0.011842105263157897,0.01754690500715773,0.10526315789473684,0.030487050593449055,0.010526315789473684,0.02241691068853623,0.15789473684210525,0.043104592775645406,0.0,False
414,414000,no_update,0.024850096140418724,0.018333333333333333,0.024289905337011163,0.15833333333333333,0.03869642752707269,0.01583333333333333,0.02968249676609053,0.24166666666666667,0.05856433259006788,0.0,False
415,415000,no_update,0.03132248690792994,0.022151898734177215,0.03354280254679698,0.18354430379746836,0.05653909870682022,0.018037974683544303,0.04171240627976675,0.2721518987341772,0.08278849869872522,0.0,False
416,416000,no_update,0.02397393950219028,0.01513157894736842,0.025457518447018816,0.13815789473684212,0.046870730641047985,0.013815789473684212,0.03350503992852756,0.21710526315789475,0.06223665972016143,0.0,False
417,417000,no_update,0.029662247285198104,0.01639344262295082,0.022675494943731448,0.14207650273224043,0.05317402694451874,0.013934426229508195,0.031704119370767565,0.22950819672131148,0.04836785326177805,0.0,False
418,418000,no_update,0.025106862582754578,0.011475409836065575,0.02104230179227683,0.11475409836065574,0.04442549496507016,0.011748633879781423,0.028871838259931303,0.20218579234972678,0.04882790251642711,0.0,False
419,419000,no_update,0.03820933217484942,0.019540229885057474,0.03458368818129614,0.1781609195402299,0.05000298392003995,0.014942528735632184,0.03994918832953879,0.23563218390804597,0.07621557586394248,0.0,False
420,420000,no_update,0.02227437576407828,0.012987012987012988,0.019711876445898897,0.11688311688311688,0.04040433552977506,0.012012987012987014,0.026340185456051275,0.19480519480519481,0.044534178227787255,0.0,False
421,421000,no_update,0.016522915069426696,0.010465116279069766,0.0135370807214992,0.10465116279069768,0.03713921167751537,0.011918604651162791,0.02246322141882567,0.20930232558139536,0.03689114205867572,0.0,False
422,422000,no_update,0.017101661082869063,0.014379084967320262,0.019142026456852472,0.1111111111111111,0.039093693282158365,0.015359477124183007,0.027355116993888744,0.21568627450980393,0.04840850202047312,0.0,False
423,423000,no_update,0.029749337155958545,0.014516129032258065,0.02278687788459501,0.12365591397849462,0.03863653913526579,0.010752688172043012,0.02643475433603935,0.1827956989247312,0.046128179572202346,0.0,False
424,424000,no_update,0.02424616720282355,0.015204678362573098,0.023646277900487674,0.11695906432748537,0.03765764201780714,0.01169590643274854,0.028222199997886638,0.1695906432748538,0.052054404495879704,0.0,False
425,425000,no_update,0.011277500394733277,0.00641025641025641,0.01179951441791931,0.0641025641025641,0.030639236836429228,0.008974358974358974,0.019171789049874457,0.14102564102564102,0.03284048506422881,0.0,False
426,426000,no_update,0.026802917698871456,0.010982658959537574,0.023695293332491298,0.10404624277456648,0.044166107272415385,0.009826589595375723,0.03074487048451813,0.1676300578034682,0.05006813900897546,0.0,False
427,427000,no_update,0.025729181011135898,0.013736263736263741,0.023065246841014388,0.12637362637362637,0.04310614165732731,0.01153846153846154,0.029432888590635663,0.1813186813186813,0.05223359235071207,0.0,False
428,428000,no_update,0.018403230395430587,0.012707182320441988,0.020728343553866463,0.10497237569060773,0.035199764847148665,0.010497237569060774,0.02597146596355479,0.1712707182320442,0.05470633255813626,0.0,False
429,429000,no_update,0.030432377574584977,0.014432989690721649,0.026656681673614447,0.12371134020618557,0.039351403566381435,0.011082474226804126,0.03036709995875127,0.16494845360824742,0.054959749811893055,0.0,False
430,430000,no_update,0.01647542818141729,0.009473684210526316,0.014584483587821488,0.07894736842105263,0.03176255794915648,0.008157894736842105,0.02012456581691222,0.13157894736842105,0.0327844616141015,0.0,False
431,431000,no_update,0.025816469340565727,0.013855421686746987,0.025717539691560664,0.1144578313253012,0.03474482344964273,0.010542168674698794,0.028938669195479928,0.16265060240963855,0.05630627086947726,0.0,False
432,432000,no_update,0.024475557909292848,0.013855421686746987,0.021217191705048825,0.12048192771084337,0.03878785204086409,0.012349397590361445,0.02750765461409392,0.18674698795180722,0.04941999934469814,0.0,False
433,433000,no_update,0.01985534045957451,0.013407821229050279,0.017455542204462576,0.11173184357541899,0.030421793836965846,0.010614525139664807,0.020873409327244918,0.1564245810055866,0.03614892963722027,0.0,False
434,434000,no_update,0.02160663791244694,0.014473684210526317,0.021000621084930414,0.125,0.03229454188289939,0.009868421052631578,0.02413935690420955,0.15789473684210525,0.04947044577844439,0.0,False
435,435000,no_update,0.027594461497055273,0.015697674418604653,0.023414453384942094,0.13372093023255813,0.0418945318367523,0.013372093023255814,0.02900533573173387,0.20348837209302326,0.04994446198276568,0.0,False
436,436000,no_update,0.033779404944543755,0.01775147928994083,0.026521736628393258,0.14201183431952663,0.048547027970085345,0.013905325443786986,0.03231887439177032,0.20118343195266272,0.04931598825085369,0.0,False
437,437000,no_update,0.027358101240782806,0.01340782122905028,0.02452915988615105,0.12849162011173185,0.04601318916961375,0.012011173184357543,0.03189031250031191,0.20670391061452514,0.05361871931371386,0.0,False
438,438000,no_update,0.015791201914481013,0.010106382978723403,0.015349074831484542,0.09042553191489362,0.036984071544850644,0.010106382978723405,0.022946904746939386,0.17553191489361702,0.03901526633292492,0.0,False
439,439000,no_update,0.017017969314342678,0.011494252873563218,0.01638584925028404,0.10344827586206896,0.031232633960041813,0.009770114942528737,0.021549193551551493,0.16666666666666666,0.04302878516273947,0.0,False
440,440000,no_update,0.022829059829059827,0.01,0.020854354574816297,0.1,0.045720113220113226,0.010249999999999999,0.029476874602748716,0.185,0.05012192127188257,0.0,False
441,441000,no_update,0.01525724270747585,0.012804878048780489,0.01723714094547334,0.10975609756097561,0.046241299301288535,0.014024390243902438,0.02879727951400958,0.23780487804878048,0.0531222280880119,0.0,False
442,442000,no_update,0.027384351608207815,0.016049382716049384,0.023781087105355567,0.1419753086419753,0.04474481431180777,0.012037037037037039,0.029885225255764918,0.18518518518518517,0.05176566087872131,0.0,False
443,443000,no_update,0.02978274909113034,0.015476190476190477,0.02888326264185347,0.11904761904761904,0.044496181978905334,0.012499999999999997,0.03442423945229754,0.19642857142857142,0.0609368411004855,0.0,False
444,444000,no_update,0.014438607883412325,0.009395973154362415,0.01215223377443989,0.087248322147651,0.03157895802793735,0.01040268456375839,0.018442028318201995,0.18791946308724833,0.030913235377205705,0.0,False
445,445000,no_update,0.023508340715396408,0.013829787234042554,0.020568615840730994,0.11702127659574468,0.030651197858253553,0.00851063829787234,0.022715908849245136,0.14893617021276595,0.0448826218108133,0.0,False
446,446000,no_update,0.023067657575046734,0.012987012987012988,0.019828127410379596,0.11038961038961038,0.03641439020749365,0.011363636363636364,0.024982044970711974,0.17532467532467533,0.038521849053693366,0.0,False
447,447000,no_update,0.02608770454000009,0.014634146341463417,0.021771391942535443,0.12804878048780488,0.054393892189224725,0.013414634146341465,0.03190683297590144,0.22560975609756098,0.04807334931527901,0.0,False
448,448000,no_update,0.026493339326577315,0.012499999999999999,0.020222230934655777,0.125,0.038064902215484246,0.01032608695652174,0.024974001918447297,0.18478260869565216,0.04243179460886252,0.0,False
449,449000,no_update,0.027455135482546744,0.016312056737588655,0.024579147455457754,0.14184397163120568,0.039877201813389204,0.013120567375886525,0.029183878541509677,0.19858156028368795,0.05608019474200885,0.0,False
450,450000,no_update,0.017958364138546734,0.011224489795918368,0.01696185714342783,0.09183673469387756,0.02652126982029996,0.00816326530612245,0.020146475882011523,0.1326530612244898,0.039119256593746383,0.0,False
451,451000,no_update,0.01796425209123622,0.011640211640211642,0.01742419645230849,0.10052910052910052,0.03338998596935105,0.010846560846560846,0.022722265853259385,0.164021164021164,0.04190057173557591,0.0,False
452,452000,no_update,0.01985945953687889,0.012903225806451613,0.021170022832882582,0.12903225806451613,0.0411978115638086,0.012580645161290325,0.029450030063640113,0.21935483870967742,0.05669654019649025,0.0,False
453,453000,no_update,0.022088432243159338,0.009876543209876543,0.01974506698024116,0.09876543209876543,0.03515067788460367,0.010802469135802469,0.02594776923110371,0.18518518518518517,0.04571964890592341,0.0,False
454,454000,no_update,0.019070318835417314,0.014193548387096775,0.018171451498379888,0.11612903225806452,0.04798031594948017,0.015161290322580645,0.028204280693751575,0.23870967741935484,0.04503256203720599,0.0,False
455,455000,no_update,0.02840871754882133,0.016374269005847954,0.024080831634169395,0.15204678362573099,0.04339673472982097,0.012865497076023392,0.029919812530019355,0.2222222222222222,0.05391170087071994,0.0,False
456,456000,no_update,0.030511596405444697,0.017934782608695653,0.026994763596286473,0.1358695652173913,0.054263889312455446,0.015217391304347825,0.03603841071345334,0.21195652173913043,0.05423597585353877,0.0,False
457,457000,no_update,0.025467991604355235,0.013333333333333334,0.01786163060078561,0.09696969696969697,0.03924050404287559,0.011212121212121213,0.023021288116108138,0.15151515151515152,0.026855677992041627,0.0,False
458,458000,no_update,0.028123891263961264,0.014942528735632184,0.022025547489661235,0.12643678160919541,0.04933112113498423,0.013793103448275864,0.030333746504499576,0.20689655172413793,0.04291163757775267,0.0,False
459,459000,no_update,0.02589013389789333,0.014371257485029942,0.025243918592878598,0.1317365269461078,0.0549435459895767,0.014670658682634731,0.035651848937085125,0.25748502994011974,0.06605934168803786,0.0,False
460,460000,no_update,0.02645442178122157,0.013496932515337425,0.024792632023258772,0.12269938650306748,0.04171436986247101,0.01165644171779141,0.030922369226476447,0.17791411042944785,0.05296831060995622,0.0,False
461,461000,no_update,0.015192488328898657,0.01048951048951049,0.017571943572843,0.0979020979020979,0.027049386195659303,0.010139860139860141,0.021810937846613403,0.16783216783216784,0.04610442546260598,0.0,False
462,462000,no_update,0.02464365302426926,0.018072289156626512,0.024867561562731993,0.1566265060240964,0.036694117967493355,0.01355421686746988,0.028324989292947023,0.19879518072289157,0.0595505172046632,0.0,False
463,463000,no_update,0.013723683021595734,0.0070967741935483875,0.01555857651192659,0.06451612903225806,0.030238016507927092,0.00935483870967742,0.02264663000519282,0.16774193548387098,0.04426654819818707,0.0,False
464,464000,no_update,0.03320792014435631,0.020143884892086333,0.030608266816388834,0.1510791366906475,0.05814199885541343,0.016906474820143885,0.03957610040122167,0.23741007194244604,0.06474268768380846,0.0,False
465,465000,no_update,0.02177577357218076,0.011976047904191617,0.019588138250181287,0.11976047904191617,0.043946799485721645,0.011976047904191617,0.02856314004635727,0.20958083832335328,0.04476362668762698,0.0,False
466,466000,no_update,0.024491649654693137,0.013714285714285717,0.018448988031502675,0.12571428571428572,0.0378281277129757,0.011142857142857144,0.023217717759102852,0.19428571428571428,0.035634454591553226,0.0,False
467,467000,no_update,0.026335802507677503,0.016666666666666666,0.026919419320291293,0.13541666666666666,0.039521979756354755,0.011979166666666666,0.031038223582808343,0.17708333333333334,0.059013112405382144,0.0,False
468,468000,no_update,0.028511834026539902,0.015032679738562094,0.026579797518894242,0.13725490196078433,0.04437989842401607,0.012418300653594774,0.03193844002932746,0.20261437908496732,0.0593079779680581,0.0,False
469,469000,no_update,0.02972796004317743,0.014666666666666668,0.022163436095452245,0.10666666666666667,0.04499881559664168,0.012,0.028086350691179842,0.18666666666666668,0.039296610796610794,0.0,False
470,470000,no_update,0.012983324689491281,0.010691823899371069,0.012759424330173418,0.0880503144654088,0.040983803144410594,0.011635220125786164,0.022470760483855618,0.1761006289308176,0.03382478677326507,0.0,False
471,471000,no_update,0.014529971453048374,0.010256410256410256,0.01358433935223452,0.09230769230769231,0.02420233612541305,0.00794871794871795,0.016634674490044597,0.1282051282051282,0.03422860615168307,0.0,False
472,472000,no_update,0.03176249046529366,0.015760869565217394,0.02710327933166254,0.125,0.049705899713050734,0.011956521739130435,0.03395801992962839,0.18478260869565216,0.05390867435704392,0.0,False
473,473000,no_update,0.012328940900369473,0.007407407407407407,0.009922379401577397,0.06349206349206349,0.030936655936655934,0.009259259259259259,0.017296845911844088,0.14285714285714285,0.022377283360624067,0.0,False
474,474000,no_update,0.016518437990910288,0.013157894736842105,0.015271421764355808,0.09868421052631579,0.03915735679060774,0.013157894736842105,0.023677515605749586,0.19736842105263158,0.036014164142983196,0.0,False
475,475000,no_update,0.02200469312618845,0.012121212121212121,0.018239635238563923,0.11515151515151516,0.03621307733457266,0.011515151515151516,0.024483898408786342,0.2,0.045211258704081665,0.0,False
476,476000,no_update,0.031666038430649336,0.018404907975460124,0.032877530593056245,0.15337423312883436,0.044344263228222124,0.01441717791411043,0.037765514774173586,0.2085889570552147,0.06952127563725126,0.0,False
477,477000,no_update,0.039210024364289345,0.021212121212121213,0.03188925915328723,0.16363636363636364,0.059652544806809774,0.016666666666666666,0.039521525299478236,0.24242424242424243,0.06215133820115525,0.0,False
478,478000,no_update,0.02526897474021675,0.014364640883977901,0.022765327742356064,0.11602209944751381,0.05238316881898671,0.014364640883977903,0.03258642703318212,0.2154696132596685,0.04942596423982086,0.0,False
479,479000,no_update,0.026903984096444417,0.014743589743589745,0.02716846567171043,0.1346153846153846,0.037060576842322876,0.011538461538461539,0.030782307092211286,0.16666666666666666,0.058649093353040714,0.0,False
480,480000,no_update,0.01620485832250538,0.011176470588235295,0.019870209423610778,0.09411764705882353,0.0291714995244407,0.01,0.02486684065814468,0.14705882352941177,0.04781876559467162,0.0,False
481,481000,no_update,0.016515379523827582,0.009042553191489363,0.015559974750778931,0.0797872340425532,0.028188836593391487,0.00877659574468085,0.020962836471282244,0.13297872340425532,0.03692211771369106,0.0,False
482,482000,no_update,0.03351037897798008,0.018229166666666668,0.02970626901464396,0.15104166666666666,0.05189511201115061,0.015104166666666667,0.0367274276025445,0.21354166666666666,0.060584890246993574,0.0,False
483,483000,no_update,0.012615068754774635,0.008823529411764706,0.012413172444168544,0.07647058823529412,0.03350173111202523,0.010294117647058823,0.02013176790530164,0.16470588235294117,0.034235393949016237,0.0,False
484,484000,no_update,0.021766223501503864,0.012365591397849462,0.02161560883122393,0.10752688172043011,0.04795060732345885,0.012365591397849462,0.030112395858565733,0.20430107526881722,0.055159526682172236,0.0,False
485,485000,no_update,0.0369938346190786,0.017241379310344827,0.030649126998594522,0.15862068965517243,0.05512291407820732,0.01517241379310345,0.038353740463383496,0.23448275862068965,0.058530454220109385,0.0,False
486,486000,no_update,0.02346583906520901,0.014035087719298248,0.0192249969277525,0.12280701754385964,0.0414453305904069,0.013157894736842105,0.02602217522611642,0.19883040935672514,0.04304247963677109,0.0,False
487,487000,no_update,0.021862771829595024,0.013924050632911394,0.01878921218015649,0.12025316455696203,0.04423309280969026,0.01360759493670886,0.027395185692704094,0.2088607594936709,0.042219326761249794,0.0,False
488,488000,no_update,0.02475682877458429,0.01361256544502618,0.02310660766273191,0.1256544502617801,0.03878602601713232,0.012041884816753928,0.02963360572801763,0.18848167539267016,0.05644192408898291,0.0,False
489,489000,no_update,0.017655334373088562,0.012209302325581395,0.018864095733330727,0.09883720930232558,0.03187505694535724,0.011337209302325582,0.024543893700458074,0.1569767441860465,0.04468457329264443,0.0,False
490,490000,no_update,0.021727429057271985,0.010471204188481676,0.02115771622381694,0.09947643979057591,0.03775198042213749,0.008638743455497382,0.027068438193068447,0.15706806282722513,0.04891110871165335,0.0,False
491,491000,no_update,0.007540592266226201,0.0061797752808988755,0.007580864800661871,0.05056179775280899,0.024537728199251096,0.007022471910112359,0.013562674979032437,0.12921348314606743,0.020497733830429417,0.0,False
492,492000,no_update,0.02006060106972886,0.01206896551724138,0.01848702011076799,0.10344827586206896,0.04269207501066429,0.012356321839080461,0.026673668570482995,0.19540229885057472,0.04191519509457483,0.0,False
493,493000,no_update,0.03023167565021817,0.019310344827586205,0.026748241995686855,0.16551724137931034,0.043260583389411376,0.014827586206896554,0.03133801702839774,0.21379310344827587,0.061098173856794544,0.0,False
494,494000,no_update,0.02373482495765104,0.015217391304347825,0.020980543574602047,0.14130434782608695,0.035842901060292365,0.01141304347826087,0.025777664714863913,0.1793478260869565,0.043857829883245485,0.0,False
495,495000,no_update,0.026461038961038963,0.011229946524064172,0.022437072488113188,0.10695187165775401,0.04384586002233062,0.010160427807486631,0.029525527277046482,0.17647058823529413,0.04475544157503065,0.0,False
496,496000,no_update,0.020752007469654526,0.012,0.01554058200889156,0.10285714285714286,0.038431145791649995,0.010285714285714285,0.022094315722625876,0.17142857142857143,0.03054683085355354,0.0,False
497,497000,no_update,0.030439320671678666,0.015662650602409643,0.02609298436924422,0.13253012048192772,0.04511578733964073,0.013253012048192772,0.03165874673065464,0.21084337349397592,0.05650314315617945,0.0,False
498,498000,no_update,0.02348620028483553,0.014857142857142857,0.020542158584852883,0.13714285714285715,0.03919624987243613,0.012571428571428572,0.02598415852962554,0.2,0.05205471686895836,0.0,False
499,499000,no_update,0.015241209656726448,0.009580838323353293,0.014002144819638344,0.08383233532934131,0.029472013336509402,0.008682634730538923,0.01870287115121965,0.1497005988023952,0.03680578403632296,0.0,False
500,500000,no_update,0.03750259865198541,0.0178343949044586,0.039038295776297145,0.16560509554140126,0.05202926796743328,0.015286624203821658,0.045826793787657374,0.2484076433121019,0.09291171132684808,0.0,False
501,501000,no_update,0.023582908311449616,0.012777777777777779,0.01887455643267564,0.12777777777777777,0.038766785512870675,0.010833333333333335,0.02438296279988176,0.18888888888888888,0.04404252812986043,0.0,False
502,502000,no_update,0.026560608105593207,0.016875,0.02284641133195891,0.14375,0.0449193312905515,0.014687500000000001,0.029645848779296623,0.20625,0.04886852958810196,0.0,False
503,503000,no_update,0.02198926004896154,0.012437810945273632,0.01735797517830788,0.10945273631840796,0.04173361188286561,0.011194029850746268,0.0251017694563634,0.1890547263681592,0.03767275558089291,0.0,False
504,504000,no_update,0.024930503501932072,0.013756613756613755,0.02375444438032638,0.1164021164021164,0.03632460616587601,0.010846560846560846,0.02815703101379188,0.15873015873015872,0.051772793637873,0.0,False
505,505000,no_update,0.017815746239417125,0.01170212765957447,0.019062190962487097,0.11170212765957446,0.034518659860353275,0.010106382978723405,0.02465721065795595,0.17553191489361702,0.04687695957951541,0.0,False
506,506000,no_update,0.01866728854306494,0.01098901098901099,0.013479267727875294,0.08791208791208792,0.032210944734897426,0.009890109890109891,0.019347733788974347,0.15934065934065933,0.0254415193877821,0.0,False
507,507000,no_update,0.029597124439792313,0.017901234567901235,0.027137604921817934,0.14814814814814814,0.043686145507753106,0.013271604938271604,0.031869700622482316,0.19135802469135801,0.05872417984704421,0.0,False
508,508000,no_update,0.024273178909270634,0.01694915254237288,0.022279417857844645,0.14124293785310735,0.03840687164465828,0.012429378531073447,0.026498902688762642,0.2033898305084746,0.05107832869875689,0.0,False
509,509000,no_update,0.020715695966399696,0.010714285714285718,0.01767025913276914,0.09183673469387756,0.04170317161284419,0.010969387755102042,0.02635195920128355,0.1989795918367347,0.0421016645919107,0.0,False
510,510000,no_update,0.02365308585538338,0.014772727272727272,0.022869381008566628,0.13068181818181818,0.04383594119448872,0.01221590909090909,0.02980734166533634,0.20454545454545456,0.05672177875971325,0.0,False
511,511000,no_update,0.012225362591619679,0.008152173913043478,0.010920802030214213,0.07608695652173914,0.029914285987064814,0.008695652173913045,0.0170998497172333,0.15760869565217392,0.030440231245773712,0.0,False
512,512000,no_update,0.01695785622848865,0.014906832298136647,0.01812697026606784,0.12422360248447205,0.032646178691330824,0.012732919254658387,0.023901801532772004,0.16770186335403728,0.03903670163717662,0.0,False
513,513000,no_update,0.032050534181738616,0.01866666666666667,0.02856245334940981,0.15333333333333332,0.04693814764344296,0.015333333333333336,0.03380882172097571,0.22666666666666666,0.0606417498623381,0.0,False
514,514000,no_update,0.024913493892326843,0.014473684210526317,0.02335315828835667,0.13157894736842105,0.03629378027261323,0.011184210526315791,0.02742682041354482,0.17763157894736842,0.05231221897727316,0.0,False
515,515000,no_update,0.02589329663440652,0.021126760563380285,0.027653479901909507,0.14788732394366197,0.04997864677362546,0.01654929577464789,0.035000747187695185,0.23943661971830985,0.06813329069439261,0.0,False
516,516000,no_update,0.02398718645298587,0.014130434782608696,0.02505917602960227,0.11413043478260869,0.03964746693019999,0.012228260869565218,0.030828970980527174,0.1793478260869565,0.05720277608864565,0.0,False
517,517000,no_update,0.027043575428978596,0.017687074829931978,0.028994995202126065,0.1564625850340136,0.05321422871156195,0.018367346938775512,0.03760052709048703,0.24489795918367346,0.07568538722895202,0.0,False
518,518000,no_update,0.030128117913832204,0.014857142857142857,0.022418229534206656,0.13142857142857142,0.047753074696991395,0.013142857142857144,0.029594269133703024,0.21714285714285714,0.04408715536269717,0.0,False
519,519000,no_update,0.024426366825210755,0.013294797687861274,0.019708118872902174,0.1329479768786127,0.04689339988510965,0.014450867052023121,0.02913958515323247,0.2254335260115607,0.04215561724912286,0.0,False
520,520000,no_update,0.034351892535146845,0.01761006289308176,0.033759138303431364,0.13836477987421383,0.05419824140167839,0.015094339622641511,0.04075734618447829,0.23270440251572327,0.07070601416138539,0.0,False
521,521000,no_update,0.02552554207857238,0.012727272727272728,0.01845650139531974,0.11515151515151516,0.05325062844002239,0.012424242424242423,0.027852283201958507,0.22424242424242424,0.03838907264463133,0.0,False
522,522000,no_update,0.02668781271722448,0.01363636363636364,0.02029928002655139,0.10795454545454546,0.04105600681887447,0.011363636363636364,0.02603324247650832,0.17613636363636365,0.0387532571380288,0.0,False
523,523000,no_update,0.03264366170294005,0.015979381443298968,0.02889730772436375,0.14432989690721648,0.05329689149428384,0.012371134020618556,0.03592966360091981,0.1958762886597938,0.06084402634963581,0.0,False
524,524000,no_update,0.032826729824914795,0.01935483870967742,0.03410530018595607,0.15483870967741936,0.0562156278211059,0.015806451612903227,0.0422526045944637,0.23225806451612904,0.07472228987209512,0.0,False
525,525000,no_update,0.030957155203873068,0.013114754098360657,0.021871800342120152,0.11475409836065574,0.04898093964782858,0.011748633879781421,0.028943842108279966,0.1912568306010929,0.03924428581206736,0.0,False
526,526000,no_update,0.025061657170027892,0.017763157894736842,0.020600438941208304,0.1513157894736842,0.038610975818788695,0.014144736842105262,0.025821217010273283,0.21052631578947367,0.038921171244069235,0.0,False
527,527000,no_update,0.029411076061391494,0.01657458563535912,0.027212508235594207,0.143646408839779,0.04470024732408262,0.013259668508287295,0.032162082539500925,0.19889502762430938,0.06119611665191776,0.0,False
528,528000,no_update,0.017198872341729485,0.009714285714285715,0.014672774162163695,0.09142857142857143,0.03384739841882698,0.009714285714285715,0.021597038622362678,0.17714285714285713,0.03273394741285056,0.0,False
529,529000,no_update,0.019666630729849116,0.013218390804597701,0.01725474023615824,0.11494252873563218,0.03555115329540617,0.011494252873563218,0.02312573240033652,0.1781609195402299,0.03893418648142679,0.0,False
530,530000,no_update,0.0105543743244278,0.006417112299465241,0.012699495286123044,0.053475935828877004,0.022026888738118686,0.007219251336898396,0.01712415828152781,0.12299465240641712,0.03524179739805309,0.0,False
531,531000,no_update,0.03555891394766075,0.019021739130434784,0.028351139194174778,0.16304347826086957,0.04207425673218512,0.012771739130434783,0.031040427378209196,0.1793478260869565,0.05168905671623063,0.0,False
532,532000,no_update,0.021553773024361258,0.011764705882352943,0.017331784408791042,0.0962566844919786,0.03739704883736025,0.011497326203208556,0.024049811853842504,0.18181818181818182,0.032433222790998334,0.0,False
533,533000,no_update,0.01973965362123257,0.013286713286713287,0.02177885962026877,0.11888111888111888,0.031286230458905294,0.011188811188811189,0.026223511995054457,0.17482517482517482,0.05244972587629931,0.0,False
534,534000,no_update,0.03365020134856137,0.02077922077922078,0.03557408261461431,0.15584415584415584,0.055257319987749826,0.01720779220779221,0.04353505936498163,0.24675324675324675,0.08283276901396398,0.0,False
535,535000,no_update,0.020252216089738078,0.012716763005780347,0.01631516893439472,0.10982658959537572,0.03253086550711582,0.01040462427745665,0.0202676769802558,0.1676300578034682,0.038231221251452466,0.0,False
536,536000,no_update,0.048983010533819024,0.02368421052631579,0.0401725352527967,0.19736842105263158,0.06494715190220897,0.01611842105263158,0.04604665736243568,0.2631578947368421,0.07436892688924421,0.0,False
537,537000,no_update,0.0174053095814597,0.009523809523809525,0.01566254457379161,0.08928571428571429,0.0328211820496096,0.009523809523809525,0.022067188491887962,0.16666666666666666,0.03726004640906786,0.0,False
538,538000,no_update,0.014563444473465382,0.010555555555555556,0.015714524046252256,0.08888888888888889,0.03032025735393418,0.009166666666666667,0.02051049346696161,0.15555555555555556,0.03719557935566708,0.0,False
539,539000,no_update,0.017034990791896867,0.008287292817679558,0.013604555954274466,0.07734806629834254,0.03485924756642988,0.008011049723756908,0.019913450577657924,0.15469613259668508,0.028528295630993065,0.0,False
