batch,interactions,recall_existing,precision_existing,ndcg_existing,hr_existing,mrr_existing,recall_new_content,precision_new_content,ndcg_new_content,hr_new_content,mrr_new_content,recall_overall_content,precision_overall_content,ndcg_overall_content,hr_overall_content,mrr_overall_content,n_new_users,pct_new_users,n_users_trained,id_resolution_emissions_mg,recovered_history_seed_emissions_mg,expand_embeddings_emissions_mg,gt_split_emissions_mg,scoring_emissions_mg,history_update_emissions_mg,apply_content_seeds_emissions_mg,batch_emissions_mg,update_emissions_mg,updated
1,1000,0.029757217847769028,0.004133858267716535,0.015606667803340453,0.04133858267716536,0.013160854893138356,0.009335624284077892,0.002061855670103093,0.006353497187920807,0.020618556701030927,0.00781786941580756,0.024113643558088,0.0035612535612535613,0.013049523787113371,0.03561253561253561,0.011684303350970019,194,0.27635327635327633,65679,11.69894048125503,36.02206498791997,144.28740530015318,12.029274761010049,17.398106630006325,11.659548182844514,12.86889616900443,245.96423651219345,0.0,False
2,2000,0.016584158415841585,0.0019801980198019802,0.00871553019508882,0.019801980198019802,0.006716171617161716,0.026255707762557076,0.0036529680365296807,0.0216438434025041,0.0319634703196347,0.021961295933898672,0.01950966850828729,0.0024861878453038676,0.01262616637246996,0.023480662983425413,0.01132761115495922,205,0.28314917127071826,65679,11.751001218053494,37.958949489409775,141.96828226342012,11.668026045280568,14.582674967254578,11.667697423045349,13.095860680033505,242.69249208649737,501.55997633182807,True
3,3000,0.030243612596553768,0.00411764705882353,0.017791375427874116,0.0392156862745098,0.016135231870525988,0.0189873417721519,0.002109704641350211,0.009604226864967794,0.02109704641350211,0.008298171589310831,0.02667234594945438,0.0034805890227576977,0.01519384636574721,0.03346720214190094,0.013648774994156522,207,0.27710843373493976,65679,11.754738115157208,36.92858391649663,143.95793261338073,11.670074237933592,14.82628354778628,11.670933943450438,13.063901362467528,243.87244773667243,0.0,False
4,4000,0.01350189198486412,0.002352941176470588,0.006387416573593403,0.023529411764705882,0.006673669467787115,0.016870748299319727,0.0038095238095238095,0.012707582987514513,0.02857142857142857,0.01575963718820862,0.01448447507658034,0.002777777777777778,0.008230798444320394,0.025,0.009323743386243387,179,0.24861111111111112,65679,11.775306375349679,34.36850400585496,154.58184990787518,11.718059368241848,14.762858131994696,11.923828281141862,13.28974885051056,252.4201549209688,535.0277401599731,True
5,5000,0.02262142381902861,0.002594810379241517,0.013129432686243864,0.02594810379241517,0.010498051516015587,0.03271585166204,0.005381165919282512,0.022132555340450073,0.053811659192825115,0.024090682610861985,0.025730619135315266,0.003453038674033149,0.015902493945757656,0.034530386740331494,0.014684732088047004,178,0.24585635359116023,65679,11.762521196931765,33.64330342122074,146.47012297599798,11.685836712173932,15.187845775427832,11.683243510828868,14.626202874219816,245.05907646680095,0.0,False
6,6000,0.025735294117647058,0.0035714285714285718,0.014748397412655255,0.03361344537815126,0.013296151794050954,0.014150943396226415,0.0023584905660377358,0.01004762872817842,0.02358490566037736,0.014150943396226415,0.022165697674418606,0.0031976744186046516,0.013299904736624601,0.030523255813953487,0.013559546880767812,169,0.24563953488372092,65679,11.740981629088012,38.73939623974098,147.6512957168637,11.66922067426723,14.687929245085167,11.73587739135588,14.722981554923278,250.94768245132423,555.8787782106298,True
7,7000,0.023958333333333335,0.003125,0.010863508068072835,0.03125,0.007820767195767195,0.0163012729844413,0.003465346534653466,0.011039074995027303,0.0297029702970297,0.012678767876787678,0.02169040636782572,0.0032258064516129037,0.01091550882942885,0.030791788856304986,0.00925964716287297,147,0.2155425219941349,65679,11.779137544276272,31.604627588503483,140.6669458516082,11.670375546208797,14.45508614143949,11.696833741547431,13.898218643307054,235.77122505689073,0.0,False
8,8000,0.027327935222672066,0.004251012145748988,0.016118871098625864,0.038461538461538464,0.0167759141443352,0.030158730158730156,0.0033333333333333335,0.021945852909168572,0.03333333333333333,0.02,0.028172348484848484,0.003977272727272728,0.017857033286429794,0.036931818181818184,0.0177376443001443,151,0.21448863636363635,65679,11.874312549307007,32.91414499801857,163.04423963654563,11.699835243874496,14.911870279405228,11.709919525052394,13.114547430915536,259.26886966311883,506.314323064928,True
9,9000,0.03211736716891356,0.003711340206185567,0.015865606899942677,0.03711340206185567,0.011501390934380625,0.021059839865149598,0.005309734513274337,0.01724709286499236,0.048672566371681415,0.022640117994100293,0.02860259758993936,0.0042194092827004225,0.016304729021041454,0.040787623066104076,0.015041970843658607,160,0.2250351617440225,65679,11.780242788444161,34.032521022923405,151.8234114795663,11.661901881769403,14.772582476335963,11.687853739006382,13.285849358491559,249.0443627465372,0.0,False
10,10000,0.02068452380952381,0.0030241935483870967,0.010746222151567642,0.03024193548387097,0.010195052483358936,0.026272577996715927,0.0029556650246305425,0.013391086890686627,0.029556650246305417,0.0102275392915787,0.022307377886777027,0.0030042918454935624,0.011514330223157277,0.030042918454935622,0.010204487135817607,151,0.21602288984263232,65679,11.784319939773386,33.37778354436504,157.8891028995834,11.680094966099244,14.73528177790319,11.869503349249722,12.476138198195923,253.8122246751699,538.8803725053792,True
11,11000,0.03583509513742072,0.004862579281183933,0.01789567581119704,0.048625792811839326,0.015891472868217054,0.022606209150326795,0.004166666666666667,0.012780832637535603,0.041666666666666664,0.015081018518518518,0.03138217418804829,0.004628330995792426,0.01617398946943162,0.04628330995792426,0.015618669160043635,152,0.2131837307152875,65679,11.857962246589366,35.30217842175401,165.98195857200903,11.860513018181578,14.98690612614529,12.135604226421425,12.708274824999727,264.8333974361004,0.0,False
12,12000,0.02824290334171757,0.004150197628458498,0.01598077036257067,0.041501976284584984,0.01699761591065939,0.010382513661202184,0.0020491803278688526,0.006613839613580638,0.020491803278688523,0.008242258652094717,0.02243232323232323,0.003466666666666667,0.012933395558899245,0.034666666666666665,0.01414920634920635,158,0.21066666666666667,65679,11.956256469837154,35.02766124565022,179.94043141718404,11.77883280769048,15.213029041740398,11.73402377912299,13.314299305141816,278.96453406636715,508.34365000360265,True
13,13000,0.035524425287356325,0.004956896551724137,0.017217121462689177,0.04741379310344827,0.014591885604816638,0.03303964757709251,0.004845814977973569,0.015659570666442833,0.039647577092511016,0.014133627019089575,0.034708152436082974,0.004920405209840811,0.01670545137477612,0.04486251808972504,0.014441343348723957,141,0.2040520984081042,65679,11.778062295530328,34.77463559838859,145.03614454368287,11.673698272768839,15.242541325823957,11.686777884464643,13.274152934983006,243.46601285564222,0.0,False
14,14000,0.030349794238683128,0.004526748971193416,0.019178203322083826,0.043209876543209874,0.018761022927689594,0.03308333333333333,0.0055000000000000005,0.020527273648715188,0.05,0.021333333333333333,0.031146744412050537,0.004810495626822158,0.019571518286116293,0.04518950437317784,0.01951096765236707,122,0.17784256559766765,65679,11.721985516515744,28.890161398526654,145.70946981614773,11.672702693356525,14.727661739516451,11.688716174577257,13.638459648587267,238.04915698722763,545.8164460499593,True
15,15000,0.027794117647058823,0.004,0.014570134618038659,0.04,0.014162464985994397,0.027567140600315954,0.005213270142180095,0.01462789938372224,0.04739336492890995,0.012282780410742497,0.027718815513626833,0.004402515723270441,0.014589298714829908,0.04245283018867924,0.013538858939802336,124,0.1949685534591195,65679,11.873267993943795,29.053584423614776,155.944966113597,11.697689673298255,14.551109948727873,11.799085410116316,13.28671699293675,248.20642055623475,0.0,False
16,16000,0.01925351071692535,0.0033259423503325942,0.009821410612790899,0.031042128603104215,0.008061450744377573,0.023774866569626397,0.0030567685589519655,0.013838582598136724,0.03056768558951965,0.011717612809315865,0.020776143790849674,0.0032352941176470593,0.011174252354914715,0.030882352941176472,0.009292717086834733,138,0.20294117647058824,65679,11.718578844014358,30.729303549572805,149.18448760606157,11.66501124119819,14.579486112753157,11.688150805549622,12.634082547497567,242.19910070664727,541.7061854890576,True
17,17000,0.022945205479452058,0.0038812785388127853,0.01285581433672112,0.0319634703196347,0.01237587881423498,0.03230692918192917,0.006538461538461539,0.024596706774536993,0.05384615384615385,0.03067765567765568,0.026432380497566743,0.004871060171919771,0.017229212665993508,0.04011461318051576,0.019193159594305727,165,0.23638968481375358,65679,11.765533790796672,32.863041796163046,149.2542563354196,11.728338503175923,15.029668958077904,11.782077496002783,13.569449018868696,245.99236589850466,0.0,False
18,18000,0.032432432432432434,0.004573804573804574,0.019313900451281257,0.04573804573804574,0.01901049401049401,0.030760694108151736,0.005084745762711865,0.016109644320834983,0.046610169491525424,0.013559322033898305,0.03188218104536096,0.004741980474198048,0.018259222003881925,0.04602510460251046,0.017216244935910206,125,0.17433751743375175,65679,11.737182285503911,34.243584012350404,159.3995783534738,11.782449803919917,15.103269641566705,12.032053740106477,12.968615645325004,257.26673348224625,605.7033621066754,True
19,19000,0.03275109170305677,0.004148471615720525,0.018240977732652534,0.04148471615720524,0.014824634366119083,0.04233870967741935,0.005241935483870968,0.020382550827709595,0.05241935483870968,0.017394713261648743,0.036118980169971664,0.00453257790368272,0.018993258366610255,0.0453257790368272,0.015727438284095507,149,0.21104815864022664,65679,11.762026559235943,36.015173660209825,151.44195347014008,11.661079007933491,15.112671188930241,11.770205744918854,12.985641300795534,250.74875093216397,0.0,False
20,20000,0.022750737463126842,0.0028761061946902654,0.011806247994074747,0.028761061946902654,0.010449150161539543,0.029698216735253774,0.006584362139917696,0.018931526551487988,0.053497942386831275,0.020602260108432947,0.025179856115107913,0.004172661870503597,0.014297532439328587,0.03741007194244604,0.013999086445129611,135,0.19424460431654678,65679,11.775417933648086,35.49278609219636,151.58618006319742,11.669859383580533,14.636937398703962,11.677448501645413,13.03559367562407,249.87422304859584,563.2555858710152,True
21,21000,0.03708971553610504,0.004814004376367615,0.02144311222940896,0.04814004376367615,0.01870202493834879,0.02448377581120944,0.003539823008849558,0.011756579113675147,0.035398230088495575,0.010939036381514259,0.03291849682772084,0.004392386530014641,0.018237905078375517,0.043923865300146414,0.016133305445164888,128,0.18740849194729137,65679,11.746331796114868,28.78355325857708,152.11880379567035,11.715438328327444,14.678755242841095,11.705369211315041,13.161771329728635,243.91002296257452,0.0,False
22,22000,0.016251728907330565,0.0024896265560165978,0.010614131323642969,0.022821576763485476,0.011297997760653364,0.02196969696969697,0.0036363636363636364,0.012701954347695662,0.03636363636363636,0.014545454545454545,0.018043684710351376,0.002849002849002849,0.011268434835454354,0.027065527065527065,0.012315719260163704,125,0.17806267806267806,65679,11.812479980598603,28.103951884574442,166.2762650480685,11.677536457191037,14.963149964037498,11.674604371443229,12.844343316826059,257.35233102273935,597.4474218166677,True
23,23000,0.015822784810126583,0.0025316455696202536,0.009517925141511908,0.023206751054852322,0.00993905297702766,0.03138075313807531,0.0033472803347280337,0.01578619737158881,0.03347280334728033,0.01137178720860729,0.021037868162692847,0.002805049088359046,0.011619071092407252,0.02664796633941094,0.010419310314120973,144,0.20196353436185133,65679,11.779803247711357,33.2707832536687,147.26991990710383,11.670839780637474,15.156003988856664,11.671712897239061,13.505484001429673,244.32454707664672,0.0,False
24,24000,0.021147486772486773,0.0031746031746031746,0.010991553258569023,0.031746031746031744,0.01010959939531368,0.02745901639344262,0.0036885245901639345,0.009876692715801043,0.036885245901639344,0.0052416731720010415,0.023206327985739753,0.0033422459893048127,0.010627882172425456,0.03342245989304813,0.008521666242254476,139,0.1858288770053476,65679,11.735692091388236,36.32247459730078,142.73832100174243,11.70437354898468,15.48109134693644,11.681810010167812,13.38834447964926,243.05210707616965,560.194568485179,True
25,25000,0.02418604651162791,0.003488372093023256,0.012406332118760303,0.03255813953488372,0.010693060169804355,0.033524904214559385,0.004980842911877396,0.01659434140661565,0.04980842911877394,0.01593079121814754,0.027713458755426915,0.004052098408104197,0.013988199592175997,0.03907380607814761,0.012671421680104746,156,0.22575976845151954,65679,11.757042261225163,34.17527805517524,159.1170131453306,11.673368901263942,14.860641840679783,11.674927359400789,12.535405475478864,255.79367703855436,0.0,False
26,26000,0.04106650924832743,0.0055785123966942156,0.02370456412899876,0.05371900826446281,0.02217302899121081,0.013788988788988788,0.003418803418803419,0.005861472854527838,0.03418803418803419,0.0063678605345272,0.0321766209649218,0.004874651810584958,0.017889406248460884,0.04735376044568245,0.017022040942653756,137,0.19080779944289694,65679,11.711670248775938,30.66600712996366,147.90740561289664,11.698913571686273,15.381148559135555,11.68583277351247,13.061710157389467,242.11268805336,521.4451485699955,True
27,27000,0.025235911749069643,0.003728070175438597,0.013071161129139568,0.03728070175438596,0.011543615984405458,0.03166357452071737,0.004489795918367347,0.01536118043161787,0.044897959183673466,0.01220440557175251,0.027482384472398737,0.003994293865905849,0.013871524508750387,0.039942938659058486,0.011774562416502501,114,0.16262482168330955,65679,11.73577294535412,26.461282540263948,163.72541304736018,11.962991038540205,15.16675896997416,11.7157145743986,13.639545790283814,254.40747890617502,0.0,False
28,28000,0.035980991174473856,0.004684317718940937,0.017610831291061932,0.04480651731160896,0.014184689490188473,0.043741209563994375,0.005485232067510549,0.02620451161774554,0.05485232067510549,0.02380952380952381,0.038507326007326,0.004945054945054946,0.0204084991996114,0.04807692307692308,0.017318049014477584,129,0.1771978021978022,65679,11.851693493559676,33.44410036201437,149.96091394795138,11.687341609186927,15.324955355807205,11.681979837786793,15.209820047476509,249.16080465378286,589.2109874475453,True
29,29000,0.018078529657477024,0.002736842105263158,0.011195117127582288,0.02736842105263158,0.011958228905597328,0.023542600896860985,0.004035874439461884,0.010331298646044734,0.04035874439461883,0.00790269770090398,0.019824214308454997,0.0031518624641833815,0.010919140735916278,0.03151862464183381,0.010662550598080684,121,0.17335243553008595,65679,11.799332493081515,28.946891874239572,144.5658310894136,11.672871993637784,15.037082888478063,11.713083231813803,13.327104219879732,237.0621977905441,0.0,False
30,30000,0.016174242424242424,0.0025,0.008586401175330674,0.025,0.0069940476190476185,0.017959380407513187,0.0053941908713692945,0.014846891430356895,0.04979253112033195,0.021305078047816638,0.01680598729056879,0.0035242290748898684,0.010801934437388411,0.033773861967694566,0.01205859730088805,116,0.17033773861967694,65679,11.72045237153238,31.249651416672894,152.10901497795388,11.660918870771281,15.00578814088785,11.693343504133244,12.887862126560734,246.32703140851225,559.2528725316317,True
31,31000,0.018611290670114196,0.003393665158371041,0.011800703759860778,0.03167420814479638,0.012405731523378581,0.028392434988179668,0.006808510638297873,0.015659468457263445,0.05106382978723404,0.015413711583924352,0.022006518018334857,0.004579025110782866,0.013140156793671157,0.03840472673559823,0.013449860495650745,120,0.17725258493353027,65679,11.724351555466445,32.674815104050126,145.9170121469386,11.672684060545086,14.723528208335917,11.689641167912656,12.919341976645043,241.32137421989387,0.0,False
32,32000,0.025960784313725494,0.0037647058823529413,0.013075657916288818,0.03529411764705882,0.011460317460317459,0.028566919191919192,0.005078125,0.012623353389894756,0.046875,0.012901475694444445,0.0269404767202124,0.004258443465491924,0.012905628608275778,0.039647577092511016,0.012002074447008366,133,0.19530102790014683,65679,11.78537159767304,36.27737865116373,157.23162653129978,11.684233046121983,14.735583441800177,11.6860236262957,13.132169151337802,256.53238604569225,518.4504477854166,True
33,33000,0.027279358132749818,0.003938730853391685,0.01296999451812946,0.0350109409190372,0.010925289152860269,0.037197231833910036,0.005190311418685121,0.01969671020981637,0.04844290657439446,0.01863157027516889,0.031121537086684543,0.004423592493297587,0.015575920570270905,0.040214477211796246,0.013910698327588409,157,0.21045576407506703,65679,11.72948862462192,41.63455320741264,150.23517542700483,11.71848718125798,15.180049338696378,11.697088504056264,12.995355836206008,255.19019811925602,0.0,False
34,34000,0.020788336933045357,0.004103671706263499,0.010128456599623201,0.03455723542116631,0.009540951009633515,0.01845533498759305,0.002419354838709678,0.009475824870464456,0.024193548387096774,0.011155913978494626,0.01997457535432219,0.0035161744022503515,0.009900815715190896,0.030942334739803096,0.010104257361641328,121,0.170182841068917,65679,11.746207855559131,27.822164005566336,149.79201908499329,11.713573699979884,14.867358429322685,11.675931877192653,12.233690998564306,239.85094595117826,539.0176839433318,True
35,35000,0.02690120824449183,0.003411513859275053,0.012865305240052114,0.03411513859275053,0.010668595796527566,0.01046831955922865,0.002066115702479339,0.006475969048160171,0.02066115702479339,0.009090909090909092,0.021308016877637132,0.0029535864978902956,0.010690594468690863,0.029535864978902954,0.010131605384769942,104,0.14627285513361463,65679,11.835616403232246,30.763684664963236,172.69064711733853,11.822561541415672,15.735159729610842,11.849495124033327,13.345822312570144,268.04298689316397,0.0,False
36,36000,0.025699099287808964,0.00391705069124424,0.012526170450395425,0.03917050691244239,0.010650281618023552,0.03449900793650794,0.006696428571428571,0.018902594794678977,0.0625,0.02033553004535147,0.028694812870344782,0.004863221884498481,0.01469686809951323,0.04711246200607903,0.013947387465624544,106,0.16109422492401215,65679,11.806221801489992,34.94286097560639,171.35178380516675,12.072573337056774,14.727691990030351,11.885019568943362,12.787113746848961,269.57326522514256,600.2947492017123,True
37,37000,0.023868312757201644,0.003703703703703704,0.015377470812791835,0.03292181069958848,0.01602325429485923,0.02092050209205021,0.003765690376569038,0.01372676144500404,0.03765690376569038,0.017166434216643423,0.02289655172413793,0.003724137931034483,0.014833305931548687,0.034482758620689655,0.016400109469074987,122,0.16827586206896553,65679,11.758512117415048,27.574357410724975,149.57884587804907,11.670156306434892,14.961917581809981,11.675423944920022,12.994741743165699,240.2139549825197,0.0,False
38,38000,0.024400954411615394,0.0036247334754797443,0.013221041870844373,0.03624733475479744,0.01186837919247301,0.03837892603850051,0.006382978723404255,0.019312772748781466,0.05106382978723404,0.014768659236744343,0.029066896645021642,0.004545454545454546,0.015254503172428489,0.041193181818181816,0.012836512445887445,103,0.14630681818181818,65679,11.751766274228913,30.669158766562926,155.96274500134442,11.670392001169455,14.779933628885495,11.677186037971355,13.314943109465904,249.82612481962846,605.0600772248699,True
39,39000,0.018205128205128204,0.0024175824175824176,0.009593646864885577,0.024175824175824177,0.008781615210186638,0.0328011919965943,0.00574712643678161,0.017931952479598095,0.05363984674329502,0.016818707048592105,0.023525760397268777,0.0036312849162011174,0.01263316888365648,0.034916201117318434,0.011711337235080251,111,0.15502793296089384,65679,11.753394706940506,28.6736251885987,156.66507064924716,11.664895990842055,14.69077146733916,11.684149615380502,12.791062775564106,247.92297039391218,0.0,False
40,40000,0.03000710592503249,0.005399568034557235,0.01489330499036113,0.05183585313174946,0.015271349720593783,0.03340108401084011,0.007317073170731709,0.02058429489068374,0.06504065040650407,0.024864498644986452,0.031184706219967155,0.006064880112834978,0.016867893869739636,0.056417489421720736,0.01859986119506571,113,0.15937940761636107,65679,11.784329898317791,24.898675954277554,166.47719265242347,11.67963698041688,14.814862623408615,11.677812927289589,12.58110776390306,253.91361880003691,558.0256098380066,True
41,41000,0.027927927927927927,0.0037422037422037424,0.011630091457696971,0.035343035343035345,0.007324357324357324,0.01458032708032708,0.002380952380952381,0.00833911216156513,0.023809523809523808,0.006960191484001008,0.023339121088097898,0.0032742155525238748,0.010498677020281932,0.03137789904502047,0.0071991597912471035,120,0.16371077762619374,65679,11.791358229630566,30.39459160348798,143.71352226456165,11.663305915534522,14.822680257868537,11.678416014598847,12.911682104179562,236.97555638986165,0.0,False
42,42000,0.016173120728929385,0.0025056947608200456,0.0068902254196683424,0.022779043280182234,0.0058113678273131585,0.021469465648854963,0.00267175572519084,0.013488268401684069,0.026717557251908396,0.011486732097419121,0.018152639087018543,0.002567760342368046,0.0093562557496086,0.024251069900142655,0.007932545343387,124,0.1768901569186876,65679,11.771624350304794,26.945356241880187,165.90934234629594,11.700352384826084,15.057282300178636,11.736002304852528,12.997244388860546,256.11720431719874,548.1907571157386,True
43,43000,0.034700665188470065,0.004656319290465632,0.019510766400431787,0.04656319290465632,0.01710308661528174,0.016289437585733882,0.0037037037037037043,0.012234709927095709,0.037037037037037035,0.0215461493239271,0.028254082612872235,0.004322766570605188,0.016963098211641197,0.043227665706051875,0.01865879877407255,100,0.1440922190201729,65679,11.78410130560012,30.10651235737377,151.5212629911722,11.663389681965814,14.665943722794866,11.664622947132885,12.848879149304771,244.25471215534444,0.0,False
44,44000,0.032563025210084036,0.004621848739495798,0.019395233856146738,0.046218487394957986,0.020178904895291453,0.03516260162601626,0.005691056910569106,0.019143734181884593,0.056910569105691054,0.020030003871467285,0.03344875346260388,0.004986149584487534,0.01930954283139814,0.04986149584487535,0.020128171305456622,110,0.1523545706371191,65679,11.712664608337642,25.348346636880347,144.37689483721982,11.672809774695981,15.257374333041419,11.694301863245798,13.07909828306142,233.14149033648246,628.0497348954938,True
45,45000,0.03248587570621469,0.005084745762711865,0.01940313493586413,0.05084745762711865,0.021295976017525652,0.053114027980338145,0.00785123966942149,0.023406041847712326,0.07024793388429752,0.021192443919716645,0.040107269370852676,0.0061068702290076335,0.020882071535356143,0.05801526717557252,0.021257724463831333,111,0.16946564885496182,65679,11.817131737638931,33.78438280662518,164.16214166217748,11.759102973664392,14.821513483403297,11.69880736851675,12.600204143634052,260.6432841756601,0.0,False
46,46000,0.0333458177278402,0.005842696629213483,0.018707514997779784,0.056179775280898875,0.017739432851792403,0.04528552456839309,0.006772908366533865,0.01934902931566224,0.06374501992031872,0.014380572946309997,0.037651660280970625,0.006178160919540231,0.018938865707246018,0.05890804597701149,0.01652811986863711,112,0.16091954022988506,65679,11.75192351193441,31.265255378123967,158.64961439377225,11.661225102394674,15.309855079609358,11.696903766508088,13.74664831742603,254.08142554976877,549.2813917612472,True
47,47000,0.03912363067292645,0.004929577464788733,0.019499635394283295,0.04929577464788732,0.015965235859602057,0.03474903474903475,0.005405405405405405,0.017762394917905638,0.05019305019305019,0.016156462585034014,0.03746958637469586,0.0051094890510948905,0.018842780965988674,0.049635036496350364,0.016037539103232534,108,0.15766423357664233,65679,11.808216620740748,30.829687969413655,153.96710304900475,11.662147449617578,14.760738418276992,11.667727839375502,12.474152715134107,247.16977406156332,0.0,False
48,48000,0.02290794979079498,0.0033472803347280337,0.01208214303439653,0.03347280334728033,0.010790662150494788,0.027458492975734352,0.004980842911877395,0.014961429329087943,0.04597701149425287,0.015717934683451923,0.02451511050969779,0.003924221921515562,0.013099049290031792,0.037889039242219216,0.012530876130334857,104,0.14073071718538566,65679,11.704817975525389,25.296936647430794,148.88483449342073,11.665405049491456,15.389979935970244,11.718266947558648,12.508725825408074,237.16896687480534,579.4312132303206,True
49,49000,0.018162393162393164,0.002714932126696833,0.011817948935183252,0.027149321266968326,0.013593514328808445,0.016037735849056604,0.003018867924528302,0.009694201851927988,0.026415094339622643,0.013312368972746331,0.017366022316517366,0.002828854314002829,0.011021919264656172,0.026874115983026876,0.013488134527738489,113,0.15983026874115983,65679,11.726739243322903,27.25869976251058,150.4838367460508,11.685903794394353,14.958379336193344,11.806819063535368,12.965810433699515,240.88618837970685,0.0,False
50,50000,0.02433613445378151,0.0037647058823529413,0.012944019991955533,0.03764705882352941,0.01195704948646125,0.032236842105263154,0.005263157894736843,0.0175503210667889,0.04887218045112782,0.018492660221983526,0.02737750671904073,0.004341534008683068,0.014717212590950723,0.041968162083936326,0.01447292858291411,106,0.15340086830680175,65679,11.776621957115818,25.17881645681952,155.34154901170743,11.694683942953949,14.784378981318874,11.68593985521882,13.299631697868964,243.7616219030034,542.2878026828462,True
51,51000,0.015456989247311828,0.002534562211981567,0.00780981114057471,0.02534562211981567,0.007548825982005705,0.03526119402985074,0.006343283582089553,0.020582959021892607,0.05223880597014925,0.01877072968490879,0.02301756885090218,0.003988603988603989,0.012686169590992369,0.03561253561253561,0.011832971555193776,112,0.15954415954415954,65679,11.754060034108866,33.04820570989436,148.82830337564766,11.66413095200422,15.077802876593827,11.677277849508894,13.090853216535942,245.1406340142938,0.0,False
52,52000,0.037787056367432154,0.005427974947807933,0.018620339502622946,0.05219206680584551,0.015105046890015574,0.019262295081967213,0.0028688524590163933,0.012531281053889854,0.028688524590163935,0.014959016393442624,0.03153526970954357,0.004564315352697096,0.016565387550353413,0.04426002766251729,0.015055764122154163,101,0.1396957123098202,65679,11.716901242821848,23.86259616624781,159.5666699277902,11.701377061502926,15.349891582354392,11.79022551946532,12.755811271514956,246.74347277169744,605.9958582884731,True
53,53000,0.030306513409961686,0.003908045977011495,0.01743113502753046,0.03908045977011494,0.014469987228607917,0.04192179810050532,0.007224334600760456,0.028018606904621355,0.07224334600760456,0.03218057818818275,0.03468304618018085,0.005157593123209169,0.021420397353712272,0.05157593123209169,0.02114317551280302,111,0.15902578796561603,65679,11.82335682203134,34.49261111706375,153.95715920325446,11.719606787596176,15.655665810590524,11.769902359428514,12.669656744193624,252.08795884415838,0.0,False
54,54000,0.023860302414804788,0.0042654028436018955,0.01321064915560686,0.04028436018957346,0.014481305950500265,0.04547491039426524,0.0072580645161290334,0.0266301475351759,0.07258064516129033,0.029333077316948283,0.03186093342809761,0.0053731343283582094,0.018177866466253308,0.05223880597014925,0.019978678038379532,94,0.14029850746268657,65679,11.877262856577197,21.97836491620378,158.6402130116793,11.705573502919508,15.226599095693322,11.68999549143457,13.077666861271291,244.19567573577896,511.10333535004173,True
55,55000,0.026498538011695903,0.0035087719298245615,0.014589753493224797,0.03508771929824561,0.012506091617933722,0.017514502454261487,0.004016064257028112,0.007518934220685572,0.0321285140562249,0.006581883087907184,0.023325453112687154,0.0036879432624113482,0.012092400303349241,0.03404255319148936,0.01041371158392435,88,0.12482269503546099,65679,11.74838095819794,23.324408353526255,151.6893182713676,11.721736928912986,15.578794773065535,11.703592406469426,12.312638940765314,238.07887063230504,0.0,False
56,56000,0.02157894736842105,0.0029473684210526317,0.013797630142918156,0.029473684210526315,0.013876357560568086,0.03870656370656371,0.006177606177606178,0.024745028150011436,0.05791505791505792,0.024618496047067475,0.027622615803814712,0.004087193460490463,0.01766054033888159,0.039509536784741145,0.017666839669564463,101,0.13760217983651227,65679,11.719079907449025,24.524467530453315,152.35516365808692,12.033414495404848,14.850436901883008,11.677784704667433,12.577684544982926,239.73803174292746,514.2867900588335,True
57,57000,0.02618947427481344,0.00437636761487965,0.014524816978470434,0.0437636761487965,0.015313813344447917,0.032758620689655175,0.004137931034482759,0.015089969559912667,0.03793103448275862,0.011584564860426928,0.028739745306010363,0.00428380187416332,0.01474422025640651,0.041499330655957165,0.013866046195363463,109,0.1459170013386881,65679,11.762119885766475,31.868700075907835,161.750481700175,11.670583133518985,15.042712295677136,11.678672485349734,12.834087448412856,256.60735702480804,0.0,False
58,58000,0.02915681639085894,0.003782505910165485,0.01924105964089099,0.037825059101654845,0.018048519644264325,0.028301064015349726,0.005128205128205128,0.017091888564357186,0.047619047619047616,0.019127565556136983,0.028821154898741107,0.004310344827586208,0.018398065813457473,0.041666666666666664,0.018471766101076446,110,0.15804597701149425,65679,11.699179677353289,24.05317648500327,151.7442761967795,11.687584154384394,14.820154521068273,11.667557152386653,13.114523715541255,238.78645190251663,511.86826970784847,True
59,59000,0.027630023640661937,0.004042553191489362,0.0171568968120124,0.03829787234042553,0.01764099966227626,0.020454545454545454,0.0033057851239669425,0.01308351172892526,0.028925619834710745,0.01453659976387249,0.025191167290886392,0.0037921348314606746,0.015772403567479974,0.0351123595505618,0.016585852505796327,73,0.10252808988764045,65679,11.75895713593708,21.20008878576593,150.4827280668121,11.730421514800222,15.131471442147298,11.680767993984404,12.921589049232074,234.90602398867907,0.0,False
60,60000,0.030226608187134497,0.0043859649122807015,0.017077979516723636,0.043859649122807015,0.01679720133667502,0.021794871794871794,0.003076923076923077,0.012000837440056996,0.026923076923076925,0.01125,0.027164804469273742,0.003910614525139665,0.01523432457268268,0.03770949720670391,0.014782854482575152,119,0.16620111731843576,65679,11.861915196038908,26.971173308139306,143.38977834204778,11.661146080560458,14.935337349968048,11.679493795276052,12.49271548268635,232.9915595547169,564.036045868549,True
61,61000,0.034848484848484844,0.004318181818181818,0.017300622795232617,0.04318181818181818,0.013022186147186147,0.03101503759398496,0.004887218045112782,0.013537566003545857,0.04887218045112782,0.010374149659863946,0.03340415486307837,0.00453257790368272,0.015882813862387463,0.0453257790368272,0.012024484014568999,89,0.12606232294617564,65679,11.758881872533934,23.75472389699873,146.13271187460808,11.667079068501673,14.793842457561102,11.67720135324818,12.425554230949265,232.20999475440095,0.0,False
62,62000,0.03371369294605809,0.003734439834024897,0.01717413505550458,0.03734439834024896,0.013145458736745044,0.02527881040892193,0.005947955390334572,0.01576785459754002,0.040892193308550186,0.01809169764560099,0.030692410119840214,0.004527296937416778,0.016670420750321532,0.03861517976031957,0.014917147507027669,85,0.11318242343541944,65679,11.704273825602352,24.574858007164746,143.3491461349315,11.658738476423569,14.989192494610503,11.669361999464002,12.754976179474298,230.70054711767096,583.4847407880927,True
63,63000,0.028164347249834326,0.003578528827037774,0.015845547973394082,0.03578528827037773,0.014760642494240903,0.012077294685990338,0.0014492753623188406,0.006571972723811103,0.014492753623188406,0.005555555555555555,0.022464698331193838,0.00282413350449294,0.012559916691128483,0.028241335044929396,0.011499276646901806,105,0.13478818998716302,65679,11.771831220024065,25.534158819458252,152.51744065171437,11.658151390252225,15.200715031839229,11.664332063850146,12.163013863891736,240.50964304103,0.0,False
64,64000,0.02289944903581267,0.0033057851239669425,0.012371899613761705,0.030991735537190084,0.011658795749704841,0.023381294964028777,0.004316546762589929,0.011351961378831729,0.03597122302158273,0.010266072856000914,0.023075240594925633,0.003674540682414698,0.011999796163222946,0.03280839895013123,0.01115068949714619,90,0.11811023622047244,65679,11.702320451965898,23.721944621843406,143.36742270518872,11.6617241248812,15.21415882378696,11.677071550891815,12.375017011269362,229.71965928982735,508.32525139200834,True
65,65000,0.030475093263111697,0.004608294930875576,0.019847671729717225,0.04608294930875576,0.021684587813620072,0.026166097838452786,0.00477815699658703,0.017348694527898553,0.04436860068259386,0.019983476894739692,0.028738455492238156,0.004676753782668501,0.01884051860711355,0.0453920220082531,0.020998995655116703,97,0.13342503438789546,65679,11.766187127483507,23.74765590078959,152.08671907959715,11.662494108298505,14.965444878799195,11.690652723071738,13.827289483341055,239.74644330138074,0.0,False
66,66000,0.04474982381959126,0.0054968287526427064,0.020985609593628853,0.052854122621564484,0.014394778348266721,0.05363984674329502,0.006896551724137931,0.02627426796653331,0.06896551724137931,0.019683147844067383,0.04791099000908265,0.005994550408719347,0.022866181576364632,0.05858310626702997,0.016275247610397475,99,0.13487738419618528,65679,11.749494703040819,27.767817633514436,154.18595816320268,11.68770009225134,15.082905054510098,11.702750616390812,12.733319780695862,244.90994604360603,535.3132208191711,True
67,67000,0.02229199372056515,0.0037362637362637367,0.011974324523254856,0.03296703296703297,0.010411651840223269,0.02734223770809137,0.004471544715447155,0.01603130043601881,0.04065040650406504,0.015074525745257453,0.024064261938726985,0.003994293865905849,0.013398027910615675,0.03566333808844508,0.012047981341847246,64,0.0912981455064194,65679,11.79275180224898,22.875245271121447,153.2361324328227,12.131047354257962,15.492853624683722,12.544895536752144,12.793233502464417,240.86615952435136,0.0,False
68,68000,0.032534246575342464,0.004566210045662101,0.014078776133515356,0.04337899543378995,0.011046785533086903,0.03759116259116259,0.005791505791505791,0.02125027544278609,0.05405405405405406,0.020956670956670958,0.03441335883947075,0.005021520803443328,0.016743651773545656,0.047345767575322814,0.01472922502334267,82,0.11764705882352941,65679,11.697206106248137,20.79605001473889,149.84558672890418,12.165892213131247,15.12509686054514,11.690852609283485,13.506711779673331,234.82739631252443,523.896486994295,True
69,69000,0.024758753791011855,0.00347394540942928,0.014441400060798122,0.034739454094292806,0.013884950175272756,0.022270114942528736,0.0037931034482758625,0.011100742964975915,0.034482758620689655,0.009898741105637657,0.023717332050665382,0.0036075036075036075,0.013043433887943231,0.03463203463203463,0.01221683959779198,98,0.1414141414141414,65679,11.775822590265328,31.063556269562977,154.264171458994,11.691940510170918,14.754288157538264,11.686579343347937,12.633430297150083,247.86978862702955,0.0,False
70,70000,0.03211083944580277,0.004645476772616137,0.018778817665996667,0.04645476772616137,0.0188768579966624,0.035697808535178774,0.006228373702422145,0.019412522970005716,0.058823529411764705,0.020242214532871974,0.033595988538681947,0.005300859598853868,0.019041197082699555,0.05157593123209169,0.019442170373402463,93,0.1332378223495702,65679,11.732759905798417,21.717238760307623,143.00637807570376,11.7075083432977,14.90403289623049,11.674765305877411,12.651207635862304,227.3938909230777,579.3168192698081,True
71,71000,0.03025149453720882,0.0038548752834467125,0.013992585752823543,0.036281179138321996,0.010052910052910053,0.02450292397660819,0.004912280701754385,0.01412966589265235,0.042105263157894736,0.013351434140907822,0.02799482427581601,0.004269972451790634,0.01404639820440923,0.03856749311294766,0.011347785211421576,95,0.13085399449035812,65679,12.033529590768644,29.855818400537082,158.46068292717925,11.674447794006449,15.03387055084432,11.695208617684694,13.10482325517226,251.8583811361927,0.0,False
72,72000,0.04201161946259985,0.005228758169934641,0.018995060999790935,0.05228758169934641,0.013972749593664627,0.028500619578686492,0.0037174721189591076,0.011297616442308214,0.03717472118959108,0.006654570130406562,0.03701923076923076,0.004670329670329671,0.016150812942149657,0.046703296703296704,0.011268642072213501,86,0.11813186813186813,65679,11.733779002653932,21.5617856728495,164.1662788120779,11.94499120974607,15.333552754542845,11.948371635824017,12.611759858116578,249.30051894581086,556.5164896362759,True
73,73000,0.035688628899835796,0.004741379310344828,0.020167190680010418,0.04741379310344827,0.018267651888341542,0.014987080103359172,0.0034883720930232558,0.009726648959332182,0.027131782945736434,0.01024978466838932,0.02829112254320011,0.004293628808864267,0.016436359982039527,0.04016620498614958,0.015402541441322604,75,0.1038781163434903,65679,11.784068015496807,25.401653462868435,161.73702328681205,11.683045601680597,15.134553701438847,11.678579855289861,13.584989934214974,251.00391385780156,0.0,False
74,74000,0.03257747543461829,0.0045351473922902496,0.018401000061708514,0.04308390022675737,0.015361911960551419,0.03286852589641434,0.005577689243027888,0.02145556416718156,0.05179282868525897,0.024274331246442803,0.032683044315992296,0.004913294797687861,0.019508941666439347,0.046242774566473986,0.018594595834480226,80,0.11560693641618497,65679,11.776439593769172,27.786599199532137,159.8469070094727,11.675704222807726,15.022657972173226,11.6932873201539,12.61658406337407,250.4181793812829,499.755942937552,True
75,75000,0.03833333333333334,0.005681818181818183,0.021518668883160744,0.056818181818181816,0.019257756132756133,0.023154761904761904,0.0035714285714285713,0.010799151300866864,0.03214285714285714,0.008363095238095239,0.03243055555555555,0.004861111111111111,0.01734996760115757,0.04722222222222222,0.01502094356261023,92,0.12777777777777777,65679,11.785726779164897,27.354517453490047,170.02476376912213,11.671840693686097,14.85352828694414,11.69096710881834,14.402949476091663,261.7842935673173,0.0,False
76,76000,0.03297258297258297,0.004761904761904762,0.02043609260483026,0.045454545454545456,0.021806500377928948,0.017676767676767676,0.0030303030303030307,0.008526003597941008,0.030303030303030304,0.006758056758056758,0.027873977873977874,0.004184704184704185,0.016466062935867175,0.04040404040404041,0.016790352504638218,68,0.09812409812409813,65679,11.722324951987662,23.017091468638395,148.65347383952871,11.695729113622711,14.74634485991444,11.66294328475842,12.979876107668819,234.4777836261192,507.1567917821346,True
77,77000,0.03356342537014806,0.004201680672268907,0.0184146400019491,0.04201680672268908,0.01635404161664666,0.026923076923076925,0.0038461538461538464,0.016032937511682083,0.03461538461538462,0.015665445665445667,0.031217650103519668,0.004076086956521739,0.01757327770919173,0.03940217391304348,0.016110787612146307,95,0.12907608695652173,65679,11.718466179082288,22.412123942709695,155.8740207239992,11.767636000623028,15.882296956648556,11.814823981229349,13.011618285943548,242.48098607023564,0.0,False
78,78000,0.020295303476081508,0.003432494279176201,0.010864754268895138,0.032036613272311214,0.010646180669063964,0.030717761557177613,0.004744525547445256,0.020311803148776866,0.043795620437956206,0.021115745568300308,0.024311834438416717,0.003938115330520394,0.014505389139623116,0.03656821378340366,0.014680865313776707,87,0.12236286919831224,65679,11.945082012722319,21.240213574864885,173.81780668900004,11.708367971617617,15.24801866705644,11.698434705172122,12.747165763611623,258.405089384045,522.9776263199482,True
79,79000,0.026237989652623795,0.0031042128603104217,0.015082052370954911,0.031042128603104215,0.012583148558758315,0.03500576701268743,0.006228373702422146,0.021967062835942557,0.058823529411764705,0.02378892733564014,0.02966216216216216,0.004324324324324324,0.017770928079578464,0.041891891891891894,0.01695945945945946,82,0.11081081081081082,65679,11.716805982567301,20.559687361726418,144.67132543461574,11.847801508840794,15.026480263378994,11.687214105854382,12.51987060968407,228.02918526666772,0.0,False
80,80000,0.0274881777191246,0.004618937644341801,0.017001250685775793,0.03926096997690531,0.018100003665823528,0.0341726618705036,0.004676258992805756,0.01334872852981892,0.04316546762589928,0.010431654676258992,0.030101801620788963,0.004641350210970465,0.015573119659958619,0.040787623066104076,0.015101689996204764,79,0.1111111111111111,65679,11.703191268343238,21.459449840166567,146.7126914617492,11.66501140182491,15.248026657241343,11.678054802850834,12.550491851656687,231.01691728383275,526.3481209364651,True
81,81000,0.02944444444444444,0.004666666666666667,0.015920582330442204,0.044444444444444446,0.016395061728395062,0.03153153153153153,0.0037162162162162164,0.014896821100023976,0.037162162162162164,0.011190208065208065,0.03027256478999106,0.004289544235924933,0.015514371440088593,0.04155495978552279,0.01432986510064258,86,0.11528150134048257,65679,11.836888938084044,28.416034823973423,182.5224497104469,11.77025214179478,15.456321437672116,11.737307811461594,13.741783392612339,275.48103825604517,0.0,False
82,82000,0.03674768518518518,0.005324074074074075,0.019653066203736056,0.05324074074074074,0.01708645649617872,0.04126984126984127,0.006097560975609756,0.022198239136768258,0.056910569105691054,0.02013162988772745,0.038388467481387835,0.005604719764011799,0.020576536028995524,0.05457227138643068,0.018191342417006134,74,0.10914454277286136,65679,11.781578807427973,24.810056790440516,156.34588859052278,11.664217736399863,14.932144375826017,11.676823408246495,13.106225614824274,244.3169353236879,517.6877954434223,True
83,83000,0.029686677198525538,0.004502369668246445,0.018699151333102394,0.04265402843601896,0.020309561423305495,0.03022898154477102,0.005263157894736843,0.021360365183794028,0.05263157894736842,0.024530075187969923,0.02989634719285882,0.004796511627906976,0.01972805087421282,0.046511627906976744,0.021941329826504246,72,0.10465116279069768,65679,11.76722586573864,20.00446054607058,167.4617335862619,11.709941755602692,14.941199360393732,11.817441143306684,12.38080955783677,250.08281181521102,0.0,False
84,84000,0.03,0.004,0.014270134974957362,0.03777777777777778,0.011622574955908287,0.031219806763285025,0.004347826086956523,0.015465234692288882,0.043478260869565216,0.013122555785599264,0.03046372819100092,0.004132231404958678,0.0147244704046867,0.03994490358126722,0.012192815601906512,84,0.11570247933884298,65679,11.780232828065284,22.032789212672597,145.59480207891608,11.662354092882577,15.018137495687034,11.681034612881502,12.614947500724782,230.38429782182982,508.44850033533726,True
85,85000,0.0336595293855247,0.004918032786885246,0.01792001992739644,0.04918032786885246,0.01587115720605182,0.042506779860865464,0.007392996108949418,0.02104804040651912,0.06614785992217899,0.020756901982582916,0.03698371560213665,0.005847953216374269,0.019095314171745165,0.05555555555555555,0.01770688294811102,65,0.09502923976608187,65679,11.73248800607346,19.741699749338537,150.17672977846175,11.66133567550437,14.771037223068607,11.671337080423893,12.535722884357558,232.2903503972282,0.0,False
86,86000,0.01998572448251249,0.0025695931477516063,0.009421299443729355,0.02569593147751606,0.0072150844634784675,0.025551684088269456,0.0031358885017421607,0.010345397830086133,0.0313588850174216,0.006696255738067585,0.022104332449160033,0.002785145888594164,0.009773045115989825,0.027851458885941646,0.007017599258978569,90,0.11936339522546419,65679,11.723217238954199,21.288352544453215,144.79528934174118,11.668967001964015,15.433044908495786,11.67902103520191,12.671900428695704,229.259792499506,534.8070215315109,True
87,87000,0.03147790647790647,0.004054054054054054,0.018758677170469966,0.04054054054054054,0.016543329043329044,0.03228782287822878,0.004797047970479705,0.012667797045060245,0.04059040590405904,0.007429860012885843,0.031784881784881786,0.004335664335664336,0.01645010582223775,0.04055944055944056,0.013089133089133087,77,0.1076923076923077,65679,11.72628046434976,21.420497408636272,144.56739571588884,11.666365688216274,15.019736190634292,11.752689850666464,12.308339329185348,228.46130464757724,0.0,False
88,88000,0.02477973568281938,0.004185022026431718,0.012592641100498172,0.039647577092511016,0.011997412768337877,0.025090909090909087,0.004363636363636365,0.018159506165611995,0.04,0.01896969696969697,0.024897119341563783,0.004252400548696846,0.014692624492687887,0.039780521262002745,0.014627561129618742,82,0.11248285322359397,65679,11.706330738811555,20.908378666292805,144.83413650583088,11.67999750292803,14.94983977469444,11.707098029667407,12.903806771331904,228.68958798955703,603.1605951983404,True
89,89000,0.03329326923076924,0.005288461538461539,0.01789089701336286,0.04807692307692308,0.016616109584859585,0.04038339670468948,0.007224334600760456,0.02439672205256733,0.060836501901140684,0.023700887198986054,0.03603951890034364,0.006038291605301914,0.02041082629953484,0.053019145802650956,0.01936028707015452,65,0.09572901325478646,65679,12.270200797595553,24.21198991921919,176.4050489053981,11.677833003730099,14.871184919641733,11.695093755967335,13.56354180956365,264.6948931111157,0.0,False
90,90000,0.034949560689879595,0.005466970387243737,0.019824237073601654,0.05011389521640091,0.019655964132046136,0.043045112781954886,0.005639097744360903,0.028026692854425335,0.05639097744360902,0.027097505668934242,0.03800405268490375,0.005531914893617022,0.022919064361118107,0.0524822695035461,0.022463694697737253,71,0.10070921985815603,65679,11.745321234608863,23.75051421762975,152.40202438164542,11.674913027941159,14.96851376338315,11.676076868694096,12.859848156375476,239.07721165027792,661.3860890847187,True
91,91000,0.03818081143662539,0.00507399577167019,0.019025345059969268,0.0507399577167019,0.01743179301318836,0.061079545454545456,0.007575757575757576,0.030174025667839787,0.07575757575757576,0.024546055796055795,0.04638334302513407,0.005970149253731343,0.023018902292639306,0.05970149253731343,0.01998018565182744,55,0.07462686567164178,65679,11.808064901037973,22.606259404436834,170.91521348137212,11.678918180949015,15.537636081218443,11.730567538031922,13.059488769340266,257.33614835638656,0.0,False
92,92000,0.03308926080892608,0.004811715481171549,0.01625757786470768,0.04602510460251046,0.012981503619578935,0.020600991325898387,0.004089219330855019,0.010712516942973045,0.03717472118959108,0.010790995456422965,0.0285921463632307,0.004551539491298528,0.01426076208432399,0.0428380187416332,0.012192686088268416,86,0.11512717536813923,65679,11.737213332196905,26.18428340755291,170.53891630740281,11.718457895375234,15.318068916581051,11.733202534128239,12.85534705743052,260.08548945066764,511.8375960069255,True
93,93000,0.034880450070323483,0.004641350210970465,0.021239956994355765,0.046413502109704644,0.018585493269037575,0.030732860520094562,0.004255319148936171,0.01901022245335113,0.0425531914893617,0.016262805358550035,0.033333333333333326,0.004497354497354497,0.02040823061794927,0.04497354497354497,0.01771909381036365,72,0.09523809523809523,65679,11.807770109985293,24.37207226713839,150.98701850380093,11.67146414068898,15.636734706808708,11.686401984928318,12.786282962543027,238.94774467589366,0.0,False
94,94000,0.01693486590038314,0.0027586206896551726,0.010243257489670215,0.027586206896551724,0.009220945083014048,0.050447427293064874,0.006375838926174497,0.027697570808148896,0.06375838926174497,0.02284142963673165,0.030559345156889493,0.004229195088676672,0.017339281185313665,0.04229195088676671,0.014758331709218477,86,0.11732605729877217,65679,11.71272018957864,26.777195756506888,162.86927801376777,11.697164882328027,15.54838442069384,11.739216781395111,13.265797827143045,253.60975787141334,563.640859989549,True
95,95000,0.025018642803877705,0.003131991051454139,0.014137155050964337,0.03131991051454139,0.011246937253648661,0.03862068965517241,0.004482758620689656,0.020221465824788055,0.04482758620689655,0.015592501368363435,0.03037087290818634,0.003663500678426052,0.016531252913120208,0.036635006784260515,0.012956860718054748,81,0.10990502035278155,65679,11.798435279194997,26.44154171677765,168.48520794507382,11.717088139254205,15.505227653728193,11.751233278449458,13.360712903684458,259.05944691616276,0.0,False
96,96000,0.030633053221288516,0.004470588235294118,0.014345676883763536,0.04470588235294118,0.012549953314659197,0.045539906103286384,0.007042253521126761,0.026049807900065967,0.05985915492957746,0.023130449362843728,0.036604204446235473,0.005500705218617772,0.019033932467162538,0.05077574047954866,0.016788120984171758,56,0.07898448519040903,65679,11.792979494607003,20.772540705031595,155.33028458829256,11.672603245083124,14.97813369030071,11.707024961851719,13.037097705295707,239.29066439046244,572.0663139076182,True
97,97000,0.02540381791483113,0.003964757709251102,0.015480808710887526,0.039647577092511016,0.016794280120271312,0.037005365526492286,0.006338028169014084,0.018330563164151367,0.05985915492957746,0.01621534764140398,0.029868370112272547,0.004878048780487805,0.01657746218612727,0.04742547425474255,0.01657149309588334,69,0.09349593495934959,65679,11.780006268127806,25.31680194614583,157.77860066135824,11.680078384090908,15.236374877443392,11.714123305209267,13.223139113123505,246.7291245554989,0.0,False
98,98000,0.036835361947469565,0.005156950672645741,0.02202437561947948,0.04708520179372197,0.019503167485230264,0.01318407960199005,0.0026119402985074628,0.006998271831041116,0.026119402985074626,0.007566334991708125,0.027957849806589302,0.004201680672268907,0.016384325457992812,0.0392156862745098,0.015022675736961451,75,0.10504201680672269,65679,11.783704459887579,24.82826941153232,161.4792256990627,11.666688737477227,14.993495385008659,11.695304478573366,13.01870449423731,249.46539266577918,601.16261339304,True
99,99000,0.024591329068941008,0.0036247334754797443,0.01565663104665135,0.031982942430703626,0.0174687785561986,0.024492234169653522,0.0035842293906810036,0.010883199220595495,0.035842293906810034,0.008994708994708995,0.024554367201426026,0.003609625668449198,0.013876166501905917,0.03342245989304813,0.014307995925642985,76,0.10160427807486631,65679,11.821466094248667,20.961795396227945,159.87935349708744,11.733203526237412,15.27332994721159,11.717431832321267,12.104400558300698,243.49098085163502,0.0,False
100,100000,0.024634334103156273,0.003926096997690531,0.012517497245343208,0.03695150115473441,0.01198266065471608,0.04260029876227059,0.006690140845070424,0.021542371836332414,0.06338028169014084,0.019408115358819582,0.031750559993237816,0.00502092050209205,0.016092203498956785,0.04741980474198047,0.014923844944765449,80,0.11157601115760112,65679,11.889005644742657,21.43537038086507,179.61061090199237,11.700209994712496,16.433099517612625,11.738720628963472,13.014028207622431,265.82104527651114,586.2477434001867,True
101,101000,0.01605783866057839,0.00228310502283105,0.008322598604114329,0.0228310502283105,0.006684424150177576,0.025241935483870968,0.0038709677419354843,0.015843410161439357,0.03870967741935484,0.01467741935483871,0.019864081996434937,0.0029411764705882357,0.011439512484823899,0.029411764705882353,0.009997029114676172,82,0.10962566844919786,65679,11.725516622748678,20.60351234450808,162.67086869820037,11.689280220036903,15.536648723245284,11.707903911667428,13.578445403450434,247.51217592385717,0.0,False
102,102000,0.025602409638554216,0.0036144578313253017,0.010052679677598937,0.03614457831325301,0.006689615605278256,0.033995186522262334,0.005415162454873646,0.01933115270832555,0.05415162454873646,0.0235000859549596,0.028961946050096336,0.004335260115606936,0.013766750529493839,0.04335260115606936,0.0134186622625929,83,0.1199421965317919,65679,11.759864120199081,25.57128020157229,157.10172807286565,11.709266125543849,15.565435907222147,11.720922740918184,12.837794466750985,246.26629163507218,563.0268364546845,True
103,103000,0.02687150248125858,0.003547671840354767,0.014369139329070389,0.03325942350332594,0.012111533452996866,0.02927927927927928,0.005067567567567568,0.014152809167546427,0.0472972972972973,0.01330571643071643,0.027825588066551922,0.004149933065595717,0.014283418140568256,0.038821954484605084,0.012584730456216397,74,0.09906291834002677,65679,11.802312692495153,24.911832428031744,159.84555704435382,11.66846826012452,15.26141347662352,11.698081532222904,13.206978703973748,248.39464413782542,0.0,False
104,104000,0.04080854309687262,0.005263157894736842,0.022606445891463506,0.05263157894736842,0.019329119901202278,0.04109848484848485,0.007196969696969697,0.023202351545548658,0.06818181818181818,0.02277386964886965,0.04091773656680932,0.005991440798858773,0.022830866851061903,0.05848787446504993,0.020626429363947194,64,0.0912981455064194,65679,11.725337688409109,22.391191455840843,166.13857190317384,11.668986073305742,15.55270134454001,11.687765174260567,13.614054908447915,252.77860854797802,565.1561499536579,True
105,105000,0.02197881828316611,0.003043478260869565,0.01231838273667199,0.030434782608695653,0.012973602484472052,0.029477124183006534,0.005098039215686274,0.013405817093588408,0.047058823529411764,0.011658885776532834,0.024653039268423885,0.0037762237762237767,0.01270620897585197,0.03636363636363636,0.012504717504717506,68,0.0951048951048951,65679,11.768435083998884,21.30864891258799,155.99735319118957,11.832921497527405,15.336244007194132,11.830532326596865,13.594533493067884,241.6686685121627,0.0,False
106,106000,0.02317269076305221,0.0036144578313253013,0.013994382585911123,0.03614457831325301,0.015732453624019888,0.012991128010139416,0.002281368821292776,0.010529961769662154,0.022813688212927757,0.010931558935361217,0.019223205506391346,0.003097345132743363,0.012650514334180329,0.030973451327433628,0.013870159666619843,74,0.10914454277286136,65679,12.698746917096104,24.345180140980528,185.22269014168563,11.882031746922317,15.774292528539235,11.868506794424082,13.820043695086937,275.61149196473485,574.8384748038015,True
107,107000,0.03850446428571429,0.0046875,0.021783129355409377,0.046875,0.018540958049886622,0.038617886178861784,0.005574912891986063,0.01954184586137905,0.05574912891986063,0.01768292682926829,0.03854875283446711,0.005034013605442177,0.02090796151488325,0.050340136054421766,0.018205917287549937,69,0.09387755102040816,65679,11.757515423010956,20.981580991133452,158.73279221372687,11.676414670869217,15.082098720912985,11.739530318875813,12.543866212161303,242.51379855069058,0.0,False
108,108000,0.027466367713004484,0.0033632286995515697,0.01742120371829185,0.033632286995515695,0.015978005551996584,0.04507080610021786,0.006862745098039216,0.024663197828489775,0.06535947712418301,0.021969343292872704,0.034629875886524816,0.004787234042553192,0.020368078981218132,0.04654255319148936,0.018415970111448837,83,0.11037234042553191,65679,11.767129966339107,26.769057117626005,176.85289549965177,11.721810863118964,15.751003414388176,11.744354077594664,12.84354351413497,267.44979445285367,627.9898048427435,True
109,109000,0.039383561643835614,0.005251141552511415,0.02093703952128818,0.04794520547945205,0.017001884467637892,0.031735159817351595,0.0061643835616438354,0.017621178259784077,0.0547945205479452,0.01754457490758861,0.03632420091324201,0.005616438356164384,0.019610695016686535,0.050684931506849315,0.017218960643618178,61,0.08356164383561644,65679,11.770041054778858,20.714035616264947,168.81523196329852,15.39434591538158,15.144419970261612,11.679451897901593,12.420411252725415,255.93793767061254,0.0,False
110,110000,0.011032308904649329,0.0016548463356973995,0.005401489729425282,0.016548463356973995,0.005131524635070734,0.03128760529482551,0.005054151624548737,0.019668676970348953,0.04693140794223827,0.020728038507821903,0.019047619047619046,0.003,0.011047219537619363,0.02857142857142857,0.011303287981859412,71,0.10142857142857142,65679,11.740986864877678,19.52182394288765,147.86415225625376,11.664663561158918,15.183670437166064,11.674688538292067,12.73418455405989,230.38417015469602,555.8022421334949,True
111,111000,0.03896604938271605,0.005092592592592593,0.02055433549660033,0.046296296296296294,0.015701241916519695,0.03194805194805195,0.005454545454545455,0.019132346315489462,0.04727272727272727,0.017646464646464646,0.03623627668889338,0.005233380480905233,0.020001227965050845,0.04667609618104668,0.016457870276823598,68,0.09618104667609619,65679,11.832358740623828,19.826887505444702,148.12597108115887,11.665436195136547,14.959818223837795,11.675309634723297,12.675952874484365,230.7617342554094,0.0,False
112,112000,0.022546816479400746,0.0033707865168539327,0.011668381872172734,0.033707865168539325,0.010667023363652578,0.021981627296587924,0.003149606299212599,0.012104204198561872,0.031496062992125984,0.009726909136357955,0.02234144015259895,0.0032904148783977107,0.011826749355581662,0.032904148783977114,0.010325408179485431,67,0.09585121602288985,65679,11.71037256395696,20.150763267300086,146.40857383185073,11.666246122365997,14.86801732655807,11.673452800543826,12.735568852437208,229.2129947650129,582.2721845585993,True
113,113000,0.04005246166263115,0.005326876513317192,0.020187070908499638,0.053268765133171914,0.015160075329566857,0.031837606837606836,0.005813953488372094,0.020532172803785248,0.046511627906976744,0.0230297157622739,0.03689384386105697,0.005514157973174367,0.02031976284439187,0.05067064083457526,0.018185957940056303,55,0.08196721311475409,65679,11.716785478656233,16.938339904619404,149.58194874714616,11.66260891847376,14.630242805319105,11.686065600355345,12.845976026625017,229.061967481195,0.0,False
114,114000,0.030827638572513288,0.004555808656036446,0.017459234664876488,0.04555808656036447,0.017122247532270308,0.046445221445221445,0.007342657342657343,0.021953195643385128,0.06643356643356643,0.019943944943944945,0.036988505747126435,0.005655172413793103,0.01923202478881231,0.05379310344827586,0.01823535851122058,67,0.09241379310344827,65679,11.7122613925158,19.577879936380494,146.88655646179217,11.657849824944776,14.984810900842138,11.672975624585359,12.195962133844384,228.6882962749051,519.0729816674789,True
115,115000,0.035972222222222225,0.00475,0.017163794775717105,0.045,0.012231150793650794,0.019373673036093417,0.0028662420382165607,0.009635745861806884,0.028662420382165606,0.008664442422404207,0.028672580143168376,0.00392156862745098,0.01385314021133642,0.037815126050420166,0.010662598372682405,83,0.11624649859943978,65679,11.722406702524557,27.9489786912529,167.80289229535728,11.66255275676653,15.26604437796647,11.673673798742733,12.787703088448787,258.86425171105924,0.0,False
116,116000,0.036463046757164407,0.00497737556561086,0.021297327239229495,0.04751131221719457,0.019622207857501975,0.03766310794780545,0.00604982206405694,0.022426348759945928,0.0498220640569395,0.021564141670903238,0.036929460580912864,0.005394190871369295,0.02173613090080808,0.048409405255878286,0.020376956684010624,54,0.07468879668049792,65679,11.71622800762856,18.8360402724394,155.07773457833218,11.70193047212581,15.571557351337638,11.705990971236368,12.194964456556379,236.80444610965634,579.9765923203346,True
117,117000,0.01872809729952587,0.004112554112554113,0.010680050351600585,0.0367965367965368,0.01318800247371676,0.04148311306901615,0.007048458149779737,0.02724044759570282,0.05726872246696035,0.028791692888609183,0.026225032828806415,0.0050798258345428155,0.01613608834058637,0.04354136429608128,0.018328840970350403,47,0.06821480406386067,65679,11.72559166022491,17.52118961471927,151.36629810031528,11.730804745285761,15.697824619666234,11.69344675461953,12.26882792768752,232.00398342251847,0.0,False
118,118000,0.021901344269765324,0.003827751196172249,0.011390410658062552,0.03110047846889952,0.009024455077086655,0.03962585034013605,0.005782312925170068,0.02145116009679317,0.05782312925170068,0.02547511067919231,0.029220171214553236,0.004634831460674157,0.015544708881358622,0.042134831460674156,0.01581728196896736,67,0.09410112359550561,65679,11.78011392065359,19.68531065699164,161.09810660124708,11.734636085412864,15.228173853201742,11.702122068177335,12.772544628121551,244.0010078138058,522.1169442851877,True
119,119000,0.034694270317826896,0.006235565819861432,0.018888305814614783,0.057736720554272515,0.019665310311961583,0.050709876543209874,0.007777777777777778,0.024244806863763277,0.07407407407407407,0.02031305114638448,0.04084535663483032,0.006827880512091039,0.020945567952979072,0.06401137980085349,0.019914087019350175,62,0.08819345661450925,65679,11.72915006198566,19.061776057385792,154.2930917632218,11.679953780395492,15.453243085362944,11.75010304443197,13.018681255340391,236.98599904812406,0.0,False
120,120000,0.045333758503401364,0.005133928571428572,0.022935966973285555,0.05133928571428571,0.01682079081632653,0.029243404678944748,0.004181184668989548,0.016744320126724176,0.03832752613240418,0.0164924506387921,0.03905085843861354,0.004761904761904762,0.02051827629986635,0.04625850340136054,0.016692581794622612,65,0.08843537414965986,65679,11.739330412909032,23.836759609721646,172.75276041398695,11.697302217422711,15.368750544433873,11.769661450361513,13.818491960776447,260.9830566096122,542.2971588867481,True
121,121000,0.027841342486651415,0.003890160183066362,0.01380167612635199,0.038901601830663615,0.011632341723874904,0.03892770876466529,0.005797101449275362,0.01752146751949065,0.057971014492753624,0.012765988037727166,0.032132839110398714,0.004628330995792426,0.015241595375308893,0.04628330995792426,0.012071172555043521,80,0.11220196353436185,65679,11.72022385541316,21.22795625963958,149.5823892058573,11.712326532659079,14.950564374505149,11.675111929301817,12.925391471269032,233.79396362864512,0.0,False
122,122000,0.032101806239737275,0.005911330049261085,0.019349068218831134,0.04926108374384237,0.020539135194307608,0.030033557046979863,0.0046979865771812086,0.014608598677780795,0.04697986577181208,0.01202460850111857,0.03122632575757576,0.005397727272727273,0.01734244900969335,0.048295454545454544,0.016934974747474747,76,0.10795454545454546,65679,11.691744208244813,20.266733600851627,149.42526589670214,11.7159436745784,15.418437928960138,11.696138202718643,12.931214848341256,233.14547836039702,544.2285453153422,True
123,123000,0.02681159420289855,0.003260869565217392,0.012759022111786388,0.03260869565217391,0.00894582470669427,0.04721566312475403,0.008264462809917356,0.026996127094439312,0.0743801652892562,0.024326052735143648,0.033845475512142176,0.004985754985754986,0.01766696998329922,0.04700854700854701,0.014247840636729524,47,0.06695156695156695,65679,11.771827026774151,19.5442418763625,168.05594411256618,11.712065186367248,15.312067256037508,11.720326974579143,12.582942232969296,250.699414665656,0.0,False
124,124000,0.03536184210526316,0.0041666666666666675,0.018779118814756923,0.039473684210526314,0.01432748538011696,0.007263729246487867,0.0019157088122605363,0.0034849183188431078,0.019157088122605363,0.0037356321839080455,0.025133658763365874,0.003347280334728034,0.01321177386436152,0.03207810320781032,0.010471873547187354,55,0.07670850767085077,65679,11.839832350174495,18.378850747777232,166.87476859129913,11.68997660923321,15.29028746623251,11.727309154094257,13.739590481107179,249.540615399918,582.9084006534896,True
125,125000,0.03238341968911917,0.004145077720207254,0.016085131202904415,0.04145077720207254,0.015075252899087095,0.032669024228697406,0.0063758389261744965,0.021432517978350607,0.053691275167785234,0.024388782358581013,0.032507849737064075,0.005116959064327485,0.018414840646008162,0.04678362573099415,0.01913290169869117,66,0.09649122807017543,65679,11.785359010224594,23.672936722757278,156.58864770727587,11.668513613366516,14.996592553967458,11.686529647211842,13.22643689903591,243.62501615383945,0.0,False
126,126000,0.034516908212560385,0.004782608695652175,0.019850645919575926,0.04782608695652174,0.01903295376121463,0.021065675340768274,0.004089219330855019,0.011294076352104615,0.040892193308550186,0.013179323774119312,0.029553421734491693,0.004526748971193416,0.016693283486585823,0.04526748971193416,0.016872972325647224,63,0.08641975308641975,65679,11.696902797078689,21.71278812412858,149.27987057804236,11.666340476043647,14.995463658032392,11.673511489562749,12.486203465250645,233.51108058813904,643.0781238537659,True
127,127000,0.02847380410022779,0.003416856492027335,0.016264969732282208,0.03416856492027335,0.013676465270998299,0.026779661016949154,0.004067796610169492,0.015139368067369761,0.03728813559322034,0.016820016142050042,0.027792915531335147,0.003678474114441417,0.01581258214216072,0.035422343324250684,0.014939881493015008,61,0.08310626702997276,65679,11.997654742620934,22.367855737295827,170.00956419851997,11.680714334508234,15.807496174705115,11.79576574011909,12.532087902000777,256.19113882976995,0.0,False
128,128000,0.020716510903426792,0.0025700934579439253,0.011004501089960457,0.02570093457943925,0.008611481975967956,0.05436241610738255,0.006711409395973154,0.029773755662460325,0.06711409395973154,0.02528363694471077,0.03452708907254362,0.004269972451790634,0.018708685473713845,0.04269972451790634,0.015454873409418864,61,0.08402203856749312,65679,11.837447557630497,20.209218417444053,168.53489020922373,11.68235404186424,15.896855458927273,11.729250842085204,13.390975828350694,253.28099235552568,574.5403380180702,True
129,129000,0.028392330383480824,0.0042035398230088495,0.016379984217997398,0.03982300884955752,0.014223381092850118,0.03433583959899749,0.00456140350877193,0.01780044066889951,0.03859649122807018,0.013230297967140071,0.030690702332493373,0.004341926729986432,0.01692927877499482,0.03934871099050204,0.013839353018457496,49,0.06648575305291723,65679,11.79826206862411,20.746592143697228,161.45005725029526,11.677645134877679,15.065911811343312,11.694994175498463,12.343836662223605,244.77729924655964,0.0,False
130,130000,0.03617424242424242,0.005454545454545454,0.020161748735891882,0.05454545454545454,0.02046356421356421,0.04050254788262168,0.006273062730627307,0.02142557405283369,0.055350553505535055,0.01834036197504832,0.037823990355635925,0.0057665260196905765,0.02064345993264467,0.05485232067510549,0.019654298662737484,67,0.09423347398030943,65679,11.80333464376182,22.500362022476182,168.63628728767955,11.779078395543486,15.212718518869961,11.733949056222382,13.237667340043613,254.90339726459698,576.6136623853585,True
131,131000,0.04247244749428155,0.0054585152838427945,0.02360828472496196,0.05240174672489083,0.02162091911000208,0.02831282325664348,0.005243445692883895,0.020696747766764556,0.04868913857677903,0.027600915522263837,0.03725779967159277,0.005379310344827586,0.022536035941736157,0.05103448275862069,0.023823207443897102,54,0.07448275862068965,65679,11.807811439168425,21.12266562614984,153.1187211223778,11.677386118777445,15.113920669149184,11.692999469709031,12.566349204060078,237.0998536493918,0.0,False
132,132000,0.035794183445190156,0.0046979865771812086,0.017295637277455346,0.0447427293064877,0.015773587585668124,0.024544270833333333,0.004687500000000001,0.013210827272561444,0.04296875,0.012450396825396825,0.03169748696064485,0.004694167852062589,0.015808138897294835,0.044096728307254626,0.014563435616067193,54,0.07681365576102418,65679,11.778545586163535,20.786856471027846,157.82567747717192,11.664475137423969,14.949530703453618,11.67612029980003,12.342791211941705,241.02399688698267,546.5512660242089,True
133,133000,0.04218518518518519,0.005333333333333334,0.026087042557574835,0.05333333333333334,0.02418783068783069,0.05277777777777778,0.007482993197278912,0.032594739097723216,0.07142857142857142,0.032171201814058956,0.046370967741935484,0.006182795698924732,0.02865863231940767,0.06048387096774194,0.027342549923195084,64,0.08602150537634409,65679,11.776865338028465,20.068565952033325,165.72256744940006,11.996620268697743,16.03598649316251,11.877096194851111,13.164318048847212,250.6420197450204,0.0,False
134,134000,0.01893095768374165,0.00244988864142539,0.011707099197763544,0.024498886414253896,0.011308198112207022,0.03580246913580246,0.005208333333333333,0.01717692071573242,0.052083333333333336,0.01548996913580247,0.025523895673149402,0.0035278154681139757,0.013844559980904707,0.035278154681139755,0.012942323016949885,61,0.08276797829036635,65679,11.83449856026475,20.818992714222162,161.35054817582872,11.703092473738796,15.613741416578563,11.824299341475776,13.34540284483876,246.49057552694754,545.5932173483585,True
135,135000,0.03369565217391304,0.005797101449275362,0.020441213437769213,0.050724637681159424,0.018974771873322596,0.027487562189054727,0.004477611940298508,0.015060813365811741,0.04477611940298507,0.01650527126273395,0.031256109481915935,0.005278592375366569,0.018326921327381233,0.04838709677419355,0.018004352278545827,59,0.08651026392961877,65679,11.781882690839463,20.80454787856123,159.80471196350155,11.667712847288069,14.84807178542269,11.787594774145816,13.945301817058775,244.63982375681758,0.0,False
136,136000,0.029029733959311424,0.0035211267605633804,0.014039432709283388,0.035211267605633804,0.011433415306654742,0.04671445639187574,0.00752688172043011,0.022707972342768997,0.07168458781362007,0.019239631336405532,0.03602836879432624,0.005106382978723405,0.017469961159981947,0.04964539007092199,0.014522683778002927,67,0.0950354609929078,65679,11.740348067543206,19.190414214678707,155.5860682633803,11.717146143869206,15.326854456668148,11.76297404131832,12.358551753313684,237.68235694077157,604.3360931218406,True
137,137000,0.01706267217630854,0.002727272727272727,0.008692636927201153,0.025,0.009103535353535353,0.028502415458937197,0.004710144927536231,0.018044153992653352,0.03985507246376811,0.017733494363929146,0.021472405620450313,0.0034916201117318434,0.012297411661928537,0.030726256983240222,0.01243016759776536,61,0.08519553072625698,65679,13.28683977933065,23.065956936907384,192.3711307899312,12.121311036422666,15.589986502806408,11.740085496703134,13.245913034504175,281.4212235766056,0.0,False
138,138000,0.022261345852895145,0.003286384976525822,0.010728601304247297,0.03286384976525822,0.008433936955063715,0.035464535464535464,0.005244755244755245,0.019662667592802618,0.04895104895104895,0.016976079476079473,0.027564874264312464,0.0040730337078651695,0.014317285234762497,0.03932584269662921,0.011865190832887462,59,0.08286516853932584,65679,12.606143978091676,22.204020065336174,163.23305962781532,11.6701972304456,15.96492891162149,11.672488023348194,12.847103408833437,250.1979412454919,545.9512413806267,True
139,139000,0.03221649484536082,0.003608247422680412,0.014259721427730116,0.03608247422680412,0.010229504172803142,0.023094149037545263,0.005031446540880504,0.014624746879750003,0.0440251572327044,0.0182602076470001,0.028107562880933985,0.00424929178470255,0.014424137991104513,0.039660056657223795,0.013846733216421601,67,0.09490084985835694,65679,11.987458862203205,20.834620099774437,161.04300660349514,11.659300527655514,15.038572932793425,11.686265974170107,12.51304221598637,244.7622672160782,0.0,False
140,140000,0.02621283255086072,0.003990610328638498,0.015169371473359072,0.03990610328638498,0.014430099113197705,0.023582044282681226,0.0035031847133757963,0.01378426354092482,0.03503184713375796,0.014073400060661208,0.025096525096525095,0.0037837837837837837,0.014581636485812646,0.03783783783783784,0.014278743028743029,54,0.07297297297297298,65679,11.709586774405478,18.04712045376522,153.35261832589987,11.662389416064457,15.437159944148293,11.682133216922574,12.60111932745167,234.49212745865756,541.1363230883453,True
141,141000,0.0255,0.00375,0.011102039994684914,0.0375,0.008902777777777777,0.031058382257012396,0.005136986301369863,0.01742699379439944,0.04452054794520548,0.017123287671232876,0.02784544453619598,0.004335260115606936,0.013770951135604916,0.04046242774566474,0.01237154784842646,56,0.08092485549132948,65679,11.737597429423152,18.115990475173206,161.65538697099356,11.754478413769643,15.559123401398534,11.69645498139138,12.719284796985919,243.2383164691354,0.0,False
142,142000,0.03776486671223513,0.005023923444976076,0.01629463051195203,0.045454545454545456,0.010436128199286094,0.031107099879663057,0.004693140794223826,0.025193027205183568,0.04693140794223827,0.026985559566787002,0.035111339499828705,0.004892086330935253,0.01984118574076517,0.0460431654676259,0.017032088614822426,60,0.08633093525179857,65679,11.718318700199015,17.11036276011435,184.58047582443905,11.77465554176582,15.153245005200544,11.756770161422402,14.391979420880219,266.4858074140214,582.2622331131955,True
143,143000,0.022458333333333337,0.004,0.012613188696305695,0.04,0.012658730158730157,0.045155038759689924,0.006644518272425249,0.020480237381439517,0.059800664451827246,0.015991667985023467,0.0322039942938659,0.005135520684736092,0.01599119390918056,0.04850213980028531,0.014089848968593619,63,0.0898716119828816,65679,11.729751588585025,18.62021947741932,154.70923963468996,11.680575141032046,14.842823320412869,11.676584394063049,12.7255824683703,235.98477602457257,0.0,False
144,144000,0.036875000000000005,0.00475,0.017191137374884903,0.045,0.01303769841269841,0.023285048285048283,0.005594405594405594,0.012350376866684052,0.05244755244755245,0.01325202575202575,0.031209218381230044,0.005102040816326531,0.015172977746101454,0.048104956268221574,0.013127053542505436,59,0.08600583090379009,65679,11.709069533780148,18.030148597802942,149.28634945063357,11.689393010300142,14.865850929871026,11.704347444727038,12.747291546891248,230.0324505140061,699.7920675438224,True
145,145000,0.027211690363349132,0.004028436018957347,0.01379328873323628,0.037914691943127965,0.01417099225156097,0.038853161843515546,0.006430868167202572,0.025997139552302692,0.05787781350482315,0.02493620170469045,0.032150977717144154,0.00504774897680764,0.018971184510493653,0.04638472032742155,0.0187384958530934,58,0.0791268758526603,65679,11.869080225962447,19.55463108929689,157.67086349471882,11.677003948579179,15.402763037450363,11.772658428721439,12.848923593627992,240.79592381835712,0.0,False
146,146000,0.03146487294469357,0.004708520179372198,0.016009368113239882,0.04035874439461883,0.012941312548935869,0.018092105263157895,0.0036184210526315794,0.009161903643327226,0.029605263157894735,0.008432539682539682,0.026044444444444443,0.004266666666666667,0.013233862514768617,0.036,0.011113756613756614,57,0.076,65679,11.784655665800226,18.66022951756141,152.68289706320272,11.65781540962696,15.095858515501437,11.681814438321837,12.564978485812839,234.1282490958274,527.6737440413765,True
147,147000,0.026128266033254157,0.0028503562945368173,0.012778526552057693,0.028503562945368172,0.009015759906496248,0.02600574712643678,0.004827586206896551,0.015468754733917593,0.041379310344827586,0.019094143404488232,0.02607829348335677,0.0036568213783403658,0.013875806682492815,0.03375527426160337,0.013126492978813655,63,0.08860759493670886,65679,11.743872393318867,18.911089056175555,153.0096723632024,11.665269617877616,15.461553793436057,11.667535515708094,12.643866169628758,235.10285890934733,0.0,False
148,148000,0.01341176470588235,0.0025882352941176473,0.0077265337203636115,0.02588235294117647,0.008698412698412698,0.02297794117647059,0.0029411764705882353,0.014146003822714965,0.029411764705882353,0.013398692810457514,0.017144906743185077,0.0027259684361549495,0.010231692784695847,0.027259684361549498,0.010532668351893601,40,0.05738880918220947,65679,11.708010653685431,15.662438233990382,156.33281316854152,11.71262716283261,15.359777462212175,11.757399610720643,13.065267005007986,235.59833329699077,552.5238138415627,True
149,149000,0.018222768222768224,0.002702702702702703,0.009801261309852408,0.02702702702702703,0.009025584025584026,0.02191464821222607,0.0038062283737024223,0.01007703864196294,0.03806228373702422,0.009504586148184764,0.01975574712643678,0.0031609195402298854,0.00991577229976612,0.031609195402298854,0.009224480021893817,47,0.06752873563218391,65679,11.756621724035021,16.996878962768914,153.18141110566563,11.66582617055656,14.890402189923769,11.667795168701645,12.683642321764665,232.8425776434162,0.0,False
150,150000,0.039437751004016065,0.005301204819277109,0.022512889685506077,0.05060240963855422,0.019387072097915473,0.03167892156862745,0.0051470588235294126,0.02378822124725044,0.051470588235294115,0.026893674136321193,0.036365841824357106,0.005240174672489083,0.02301782445231025,0.050946142649199416,0.02235911831981701,45,0.06550218340611354,65679,11.698080901290098,15.941695652083032,150.27543431958557,11.813535348861869,15.674662369041803,11.668884708743166,12.585037242551778,229.65733054215735,564.7817946351357,True
151,151000,0.034394654088050314,0.004245283018867925,0.017078068126359862,0.04009433962264151,0.012673143156633721,0.032319969599087964,0.005054151624548737,0.01689202925767906,0.05054151624548736,0.015648100395392814,0.033574842956177894,0.00456490727532097,0.017004554907209247,0.0442225392296719,0.013848696872947944,54,0.07703281027104136,65679,11.798832596235375,20.06049135615251,154.6338536488473,11.715340342471903,15.49237827992711,11.703740856627842,13.184705103919114,238.58934218418113,0.0,False
152,152000,0.025448028673835124,0.0030107526881720434,0.011718598090968988,0.030107526881720432,0.008249701314217442,0.042517583734762644,0.00726643598615917,0.02711233005437079,0.06228373702422145,0.02796863843576646,0.03199060349161769,0.004641909814323608,0.017618848140601776,0.042440318302387266,0.015807755462927876,38,0.050397877984084884,65679,11.723409135175334,16.016579062277934,157.1194706846829,11.719992378741996,15.455649928358683,11.77897791231064,12.750087275206766,236.5641663767543,504.50386538723745,True
153,153000,0.031411862990810356,0.004260651629072682,0.017333354131474854,0.042606516290726815,0.016540358833591916,0.029004004004004005,0.005705705705705706,0.018853470184643305,0.04504504504504504,0.01795485962152629,0.03031648451730419,0.004918032786885246,0.01802488233599001,0.04371584699453552,0.017183840749414522,52,0.07103825136612021,65679,11.750271465188478,18.08343541044588,152.02397011519764,11.69226187178185,14.991555282811708,11.674014951251754,12.2083905082504,232.42389960492773,0.0,False
154,154000,0.02406330749354005,0.00310077519379845,0.011491766122894822,0.031007751937984496,0.008339485665067061,0.03484240112427223,0.006143344709897611,0.016616700536142615,0.06143344709897611,0.01594885963486646,0.028707828719723185,0.004411764705882353,0.013700009921544238,0.04411764705882353,0.011618230625583566,60,0.08823529411764706,65679,11.727809166334202,18.078143406943802,156.10712581755337,11.653750487478076,14.924012724737423,11.66812018990604,12.416014201321879,236.57497599427478,546.588018548233,True
155,155000,0.02425618746708794,0.004739336492890996,0.013221572069617618,0.04739336492890995,0.016662905288497704,0.016666666666666666,0.003333333333333334,0.010312920686182581,0.02962962962962963,0.012098765432098767,0.02129495825305074,0.004190751445086706,0.012086693639664643,0.04046242774566474,0.01488209927516286,57,0.08236994219653179,65679,11.722333949748531,19.12780903946809,167.98206575961706,11.881927870369125,15.89485985505068,11.813369647339922,13.35093825349798,251.77330437509139,0.0,False
156,156000,0.024588235294117647,0.0035294117647058825,0.011765992996648156,0.03529411764705882,0.011320261437908496,0.03445836814257867,0.00631578947368421,0.017928312266693183,0.05964912280701754,0.01722500696184907,0.028550190029063265,0.0046478873239436625,0.014239600027581723,0.04507042253521127,0.01369047619047619,35,0.04929577464788732,65679,11.773693227246085,17.7680149834325,172.7115713413274,11.72599729994117,15.489620337844068,11.757064755049672,12.236665045156636,253.46262698999755,555.6303355384873,True
157,157000,0.021151271753681394,0.0036144578313253013,0.011055190612072217,0.03132530120481928,0.0101396060432205,0.04079225407638692,0.005904059040590407,0.02283381454324103,0.05904059040590406,0.021974755461840332,0.028910318706237073,0.004518950437317784,0.015708262165055813,0.04227405247813411,0.014815007635707344,55,0.08017492711370262,65679,11.777599667375792,17.61934850802449,152.86807464594264,11.662950032118037,14.869363601940911,11.672270521984052,12.52378997221304,232.99339694959897,0.0,False
158,158000,0.021268368136117554,0.0034802784222737818,0.012931012457424902,0.030162412993039442,0.013537178212352226,0.03985133020344288,0.007042253521126761,0.02245192353265658,0.06338028169014084,0.019571596244131455,0.028649572649572647,0.0048951048951048955,0.016712744968426015,0.043356643356643354,0.015934065934065933,57,0.07972027972027972,65679,11.737445555312643,18.400629744258488,152.1363365694639,11.661382503747042,14.960763851282199,11.677479652749678,12.483002443886004,233.05704032069994,531.1977502581722,True
159,159000,0.025784379172229636,0.003971962616822431,0.014896743202825038,0.035046728971962614,0.014339489689956979,0.036000802246289605,0.005054151624548737,0.014436440309844232,0.04693140794223827,0.009414933241648042,0.029798491500619157,0.004397163120567376,0.014715886605157404,0.03971631205673759,0.012404593042890913,55,0.07801418439716312,65679,11.829956061679137,18.278404656818516,164.27515820055527,11.684823732677208,15.033621787535756,11.673218424837483,12.662163522983438,245.43734638708682,0.0,False
160,160000,0.0308002808002808,0.004914004914004914,0.017283810661114677,0.04668304668304668,0.018685893685893684,0.033923900358163304,0.00597609561752988,0.01487986459181257,0.05976095617529881,0.011545879972174792,0.031991813488773974,0.005319148936170213,0.016366803877839863,0.05167173252279635,0.015962271433396052,40,0.060790273556231005,65679,11.796525029153514,16.01671306279695,153.7944777741107,11.690704929470662,15.042920439634067,11.726824770158517,12.472688685455369,232.54085469077978,562.3284774527449,True
161,161000,0.02304147465437788,0.0029953917050691246,0.014174533092347492,0.029953917050691243,0.014042498719918075,0.032005665994430034,0.006741573033707865,0.02064182440267567,0.04868913857677903,0.02450062421972534,0.026455795749661653,0.00442225392296719,0.01663782379114581,0.037089871611982884,0.01802583610714852,41,0.05848787446504993,65679,11.715132772205372,16.452504650349418,160.3230216264545,11.673856843377738,15.075548321821785,11.699221337341248,13.034223054486649,239.97350860603672,0.0,False
162,162000,0.032999164578111945,0.004511278195488721,0.01625678405659979,0.045112781954887216,0.013382663006723158,0.020719351570415403,0.00425531914893617,0.014298600111364839,0.03900709219858156,0.01936001350894968,0.027914131878889588,0.004405286343612335,0.015445906123330693,0.042584434654919234,0.015857865417336782,56,0.08223201174743025,65679,11.727389736509997,20.4783128592706,151.7004071862199,11.764154560334195,14.968688468688928,11.768585628998963,12.735315085263267,235.14285352528583,582.9706919622396,True
163,163000,0.026296296296296297,0.004197530864197531,0.01278775129161155,0.03950617283950617,0.011111111111111112,0.02711187214611872,0.004109589041095891,0.01477980531970728,0.0410958904109589,0.013441780821917807,0.026637972262075562,0.004160688665710187,0.013622299033654526,0.040172166427546625,0.01208751793400287,48,0.06886657101865136,65679,11.720278235510806,17.750801495186597,153.8308631411217,11.656209038507503,14.96269526085614,11.685957312213002,12.056063406498673,233.66286788989444,0.0,False
164,164000,0.03856812933025404,0.005311778290993072,0.024144339247043234,0.050808314087759814,0.025124637999926685,0.021839080459770115,0.0031034482758620693,0.012778609772700185,0.03103448275862069,0.012450738916256157,0.03185799907791609,0.004426002766251729,0.019585471269782537,0.042876901798063624,0.020041054688357592,53,0.07330567081604426,65679,11.711230920738448,17.848390999289364,161.28083622291012,11.663900292377406,15.26382735363152,11.675537257935243,12.21462418356245,241.65834723044455,551.3650183133212,True
165,165000,0.02727272727272727,0.003409090909090909,0.013730489595312543,0.03409090909090909,0.012123917748917749,0.03811149032992036,0.005119453924914676,0.017518895231400697,0.04778156996587031,0.011759846145511675,0.03160527512505684,0.004092769440654843,0.015244818178360056,0.03956343792633015,0.01197838844496416,49,0.06684856753069578,65679,11.73696282509573,16.972701951931125,161.45550057135304,11.739124098034125,15.483718086711784,11.772323634501314,12.55852945797331,241.71886062560043,0.0,False
166,166000,0.022515290519877676,0.0032110091743119264,0.011977074144248496,0.02981651376146789,0.010646024464831804,0.044380587484035755,0.005363984674329502,0.02453241144135215,0.05363984674329502,0.02133886760323542,0.030703012912482064,0.004017216642754663,0.016678570607008975,0.03873744619799139,0.014650087677347363,44,0.06312769010043041,65679,11.724713864527669,16.0122575263294,158.6955744090207,11.67636824508933,15.275939473355372,11.783701831316606,13.405435089930418,238.57399043956949,567.1494831865631,True
167,167000,0.028501105083383563,0.004556962025316456,0.015107490788729895,0.0379746835443038,0.01393409684548925,0.03905160390516039,0.005439330543933055,0.023046786550492034,0.05439330543933055,0.02316862588829116,0.03247834359821741,0.004889589905362776,0.01810037988504086,0.04416403785488959,0.017415252115567572,37,0.0583596214511041,65679,11.757133139236874,18.868242126657275,175.92337639285583,11.681061593715736,15.573570142826675,11.729211511518622,12.924712885359346,258.45730779217035,0.0,False
168,168000,0.03234398782343988,0.00410958904109589,0.01724324198691743,0.03881278538812785,0.013482097557440023,0.02817745803357314,0.004316546762589929,0.018033128644410173,0.039568345323741004,0.020467911385177572,0.030726256983240222,0.004189944134078212,0.017549929823206512,0.03910614525139665,0.016194466613461026,46,0.06424581005586592,65679,11.738181173864826,19.136189538707104,164.2194496938587,11.739007204442098,15.19357596209414,11.70001978231805,12.499700235035771,246.22612359032067,602.150646051347,True
169,169000,0.04752431476569407,0.006100795755968171,0.02419365807311347,0.058355437665782495,0.01814239400446297,0.028275862068965516,0.004482758620689655,0.017771684015229345,0.04482758620689655,0.019121510673234813,0.03915542228885557,0.005397301349325338,0.021401495439250805,0.05247376311844078,0.01856809690392899,51,0.07646176911544228,65679,11.787443138053245,20.23913472232186,171.24176132619905,11.745470847479567,15.174891896271859,11.787419427117252,12.853056995346112,254.82917835278894,0.0,False
170,170000,0.018756875687568755,0.003465346534653465,0.009952411070067339,0.0297029702970297,0.009732044633034733,0.02054794520547945,0.003767123287671233,0.014389604775701096,0.03424657534246575,0.017212981082844095,0.01950830140485313,0.0035919540229885057,0.011813992337373456,0.031609195402298854,0.01287059843094326,36,0.05172413793103448,65679,11.851919405683752,15.65934649749856,159.5489628237884,11.6977084338582,15.070141482470545,11.73460957884509,12.540372970437641,238.10306119258217,583.7416258108046,True
171,171000,0.02735632183908046,0.003908045977011494,0.01295587616404503,0.0367816091954023,0.009295748950921364,0.03790173313141511,0.005653710247349824,0.0259457037605409,0.05653710247349823,0.02957400863761288,0.03151280010611487,0.004596100278551532,0.018075822138708446,0.04456824512534819,0.017288433479241277,51,0.07103064066852367,65679,11.74810032646134,18.419221767401737,153.09736411527052,11.67540829476177,15.095077788879196,11.680882524289782,12.224704607072256,233.94075942413662,0.0,False
172,172000,0.02033639143730887,0.0032110091743119264,0.011123520846768457,0.03211009174311927,0.011729102956167177,0.03333333333333334,0.003934426229508198,0.014066605005781104,0.03934426229508197,0.009107468123861566,0.02568600989653621,0.0035087719298245615,0.012334911762421437,0.03508771929824561,0.010650022492127756,44,0.059379217273954114,65679,11.707651622977489,17.204566587852852,151.5456435955409,11.679268375808238,15.466345028053441,11.679538879538764,12.204452043459991,231.48746613323166,605.8386448915265,True
173,173000,0.027634340890008397,0.0042821158690176326,0.015453459229718388,0.04030226700251889,0.014975410819239535,0.03317514863906617,0.0058419243986254305,0.015467859648339657,0.05154639175257732,0.013972072219494902,0.029977909283868585,0.00494186046511628,0.015459550104455,0.04505813953488372,0.014551033591731266,45,0.06540697674418605,65679,11.769691008092774,16.3546373523199,174.47810996965018,11.845889208370043,15.738915259022601,12.041925773517704,13.545672135698016,255.77484070667123,0.0,False
174,174000,0.03641975308641975,0.004938271604938272,0.01925178357269616,0.04691358024691358,0.016473642955124435,0.009669211195928753,0.0015267175572519084,0.0037615983500842456,0.015267175572519083,0.0029307524536532166,0.02591204397801099,0.0035982008995502253,0.013167183080455797,0.034482758620689655,0.011153946836105755,46,0.06896551724137931,65679,11.84563193359911,17.511918279616843,159.83692058244014,11.672052690189783,14.741982379315456,11.672937268419892,12.757213221734066,240.0386563553153,607.2449115732126,True
175,175000,0.028868360277136258,0.0036951501154734415,0.01345582200904693,0.03695150115473441,0.009821657685399023,0.03490990990990991,0.005067567567567568,0.013874792001093218,0.04391891891891892,0.007932486057486058,0.031321444901691815,0.004252400548696845,0.013625938768506053,0.039780521262002745,0.009054586626603087,44,0.06035665294924554,65679,11.728050666306999,17.58356371915626,155.74559450282078,11.669998352017984,15.145197841529011,11.718747040131984,12.542761469128138,236.13391359109113,0.0,False
176,176000,0.035572898993326545,0.00498812351543943,0.016213483312244023,0.0498812351543943,0.012248802925762546,0.013120567375886525,0.0024822695035460994,0.008904625050637785,0.024822695035460994,0.009805245975458742,0.02656641604010025,0.003982930298719772,0.013281622672453185,0.03982930298719772,0.011268599426494164,48,0.06827880512091039,65679,11.706476635661712,17.836488623204637,162.38918436206617,11.660938360802398,14.896324505811464,11.686339222938269,12.290340599255266,242.46609230973993,552.7900489697702,True
177,177000,0.017960426179604264,0.0025114155251141556,0.011015973856442395,0.02511415525114155,0.010026636225266361,0.04071842927264614,0.006827309236947791,0.02523771280404647,0.060240963855421686,0.028413654618473894,0.02620896005175481,0.0040756914119359534,0.01617057792915479,0.03784570596797671,0.016690926734594855,31,0.04512372634643377,65679,11.732155717480985,15.49487014854134,160.25411367909248,11.681935037852199,15.00230657662527,11.66730645388303,12.102262635774185,237.9349502492495,0.0,False
178,178000,0.021819885361552032,0.003703703703703704,0.0154392546284851,0.034722222222222224,0.016790674603174603,0.03129984051036683,0.006060606060606061,0.015848912521721988,0.045454545454545456,0.01370400432900433,0.02541573041799902,0.004597701149425287,0.015594642105230126,0.03879310344827586,0.015619868637110014,42,0.0603448275862069,65679,11.708080943431675,16.397232594347887,159.16031237619976,11.713401221094543,15.299352235029207,11.719049967967576,13.005861033504873,239.00329037157553,579.5399268051088,True
179,179000,0.024981357196122298,0.0038031319910514544,0.0141311146524531,0.035794183445190156,0.014065551649444267,0.020761245674740483,0.0024221453287197234,0.010033693645754536,0.02422145328719723,0.007107156588125446,0.023324275362318844,0.003260869565217391,0.012522208849551082,0.03125,0.01133324706694272,43,0.058423913043478264,65679,11.779175828535715,16.857965746214234,166.30570669098898,11.72489529381593,15.750140309300775,11.700600843003727,13.129403111641903,247.24788782350126,0.0,False
180,180000,0.027658371040723977,0.004298642533936652,0.015712665020494215,0.042986425339366516,0.016057063851181497,0.047454844006568145,0.007758620689655172,0.023680414170165212,0.06896551724137931,0.020012315270935957,0.03447258725448636,0.005489614243323442,0.01845527303640471,0.05192878338278932,0.01741851537845603,34,0.050445103857566766,65679,11.722200059557931,14.7580738524139,154.05667114544443,11.673586303106998,14.913846638167637,11.684928713090459,12.282339482680428,231.09164619446176,574.6272758084814,True
181,181000,0.029853951890034362,0.0038659793814432995,0.013917392843866519,0.03865979381443299,0.009863361152020945,0.033958916900093374,0.0058823529411764705,0.020298517476876606,0.058823529411764705,0.025287892934951754,0.03148189291268606,0.004665629860031105,0.016448009922276425,0.04665629860031104,0.015980399417413416,41,0.06376360808709176,65679,11.765375008312983,16.229887677590703,157.16056904326038,11.667391292172201,14.83865138413032,11.700763366831456,13.10902621250165,236.4716639847997,0.0,False
182,182000,0.018784972022382097,0.0031175059952038378,0.010007210362271337,0.02877697841726619,0.009852118305355716,0.03506172839506173,0.006296296296296297,0.018434656887193153,0.06296296296296296,0.020398295120517343,0.025181950509461426,0.004366812227074236,0.013319307249795194,0.042212518195050945,0.01399690395323583,41,0.05967976710334789,65679,11.766739576341001,16.195189439155435,164.71526745862053,11.729866533277677,15.304686949255132,11.741065263679019,13.061148261037104,244.51396348136592,585.6711876108673,True
183,183000,0.021806853582554516,0.0032710280373831773,0.014000619016712441,0.03271028037383177,0.015358440884141816,0.03367623472153089,0.006968641114982578,0.01706382849409879,0.0627177700348432,0.015184447762844975,0.026571206571206575,0.004755244755244756,0.015230187016726262,0.044755244755244755,0.015288600288600289,38,0.05314685314685315,65679,11.731847433096853,16.492226711614656,160.7870447787735,11.674050511792377,15.018131455712957,11.715268488296516,13.903867330924967,241.32243671021183,0.0,False
184,184000,0.020862607338017175,0.003747072599531616,0.01231728758585479,0.03278688524590164,0.010889929742388758,0.032992036405005684,0.007167235494880546,0.0222258550216078,0.05460750853242321,0.026014410314751612,0.02579861111111111,0.005138888888888888,0.016349524056237612,0.041666666666666664,0.017044753086419753,41,0.05694444444444444,65679,11.770519064827067,17.353936629743714,187.7297448758114,11.829929369780444,15.644382320684214,11.90277249492333,12.340630946169885,268.57191570194004,620.8219242722635,True
185,185000,0.028457234212629898,0.0035971223021582736,0.013045542998928442,0.03357314148681055,0.009840698869475847,0.01896135265700483,0.003985507246376812,0.009645159871947027,0.036231884057971016,0.010712847941108812,0.024675324675324677,0.0037518037518037527,0.011691277857446667,0.03463203463203463,0.010188048283286379,38,0.05483405483405483,65679,11.821122449282019,16.143088882064617,160.33783439253767,11.664599824920408,15.032290505936906,11.685669301458868,12.640696074386891,239.32530143058736,0.0,False
186,186000,0.03192721257237387,0.003970223325062035,0.019961856442902555,0.03970223325062035,0.01882902044192367,0.039160401002506263,0.006766917293233083,0.020418061190119862,0.06390977443609022,0.020760233918128656,0.03480318883906328,0.00508221225710015,0.02014324726915039,0.04932735426008968,0.019596887085676324,58,0.08669656203288491,65679,11.709088954509062,18.46812436968881,157.45598192437592,11.659159194640779,15.013762684520927,11.671062898357953,12.414573545949104,238.39175357204255,557.9217795769614,True
187,187000,0.02568932568932569,0.0036855036855036856,0.013751535008286755,0.036855036855036855,0.012669162669162667,0.05467625899280575,0.008273381294964029,0.02740781220036902,0.07553956834532374,0.023573997944501542,0.037453365774533655,0.005547445255474453,0.019293790569452986,0.052554744525547446,0.017094774649519175,37,0.05401459854014599,65679,11.83744389764152,18.279139303731263,170.37691696492053,11.659396691524048,14.948067729711468,11.678320764027529,12.23618468836063,251.01547003991698,0.0,False
188,188000,0.025023172285946006,0.004866180048661801,0.017005002953467227,0.04866180048661801,0.023121113814544472,0.021310432569974554,0.0030534351145038168,0.012646717687551837,0.030534351145038167,0.012987701441899915,0.023577796646147318,0.004160475482912333,0.015308315375948902,0.041604754829123326,0.019176159815089976,36,0.05349182763744428,65679,11.831835128567336,16.563436469982374,164.11255389807422,11.661698244583295,15.444029657640801,11.700427670735536,12.785076595189793,244.09905766477337,564.612164827255,True
189,189000,0.022807498856881575,0.004197530864197531,0.011615305138858828,0.0345679012345679,0.012279051538310798,0.01287769206043073,0.0024590163934426227,0.00897829523849631,0.02459016393442623,0.012067395264116576,0.019074258705365384,0.0035439137134052386,0.010623886932867373,0.030816640986132512,0.012199476606256268,27,0.04160246533127889,65679,11.783741259180358,15.777806103664528,158.05782955630175,11.690842713768523,14.75891602914503,11.679547521722956,12.786663724270731,236.5353469080539,0.0,False
190,190000,0.031998556998557,0.004545454545454545,0.019869727365940608,0.03896103896103896,0.018791658077372368,0.053131991051454136,0.007046979865771812,0.03357268772752515,0.06375838926174497,0.03093240651965484,0.04028508771929824,0.005526315789473683,0.025242730244561914,0.04868421052631579,0.023552109440267335,43,0.056578947368421055,65679,11.696931730920124,15.978904721380971,154.63842460226863,11.680091298704731,15.36808065032147,11.677708525240082,12.332903693096364,233.3730452219324,572.0217013992224,True
191,191000,0.01746031746031746,0.0030952380952380953,0.010958605028807569,0.02857142857142857,0.013214285714285717,0.02435465768799102,0.003703703703703704,0.012494395018269332,0.037037037037037035,0.011208647319758432,0.020316132031613202,0.003347280334728034,0.011594769083019764,0.03207810320781032,0.012383498262159351,45,0.06276150627615062,65679,11.864138832543002,16.54596447812906,158.81659413045924,11.939296887517049,15.773284728348713,11.744591352044754,12.832200314477626,239.51607072351945,0.0,False
192,192000,0.040817535545023695,0.006872037914691944,0.023119425337496512,0.06635071090047394,0.021190664259384637,0.03421985815602837,0.004964539007092198,0.02421642782275463,0.04964539007092199,0.026556343577620174,0.03817471590909091,0.006107954545454545,0.02355884962846638,0.05965909090909091,0.023339984668109662,46,0.06534090909090909,65679,11.746540802784477,16.81192268758458,161.50803086212306,11.71335592135836,15.553293744474672,11.701123447893647,13.099671682614833,242.13393914883363,554.509465808109,True
193,193000,0.029909706546275394,0.004063205417607223,0.01342866377521244,0.03837471783295711,0.012349063026263929,0.044424743892829,0.006382978723404256,0.02409205665591273,0.06382978723404255,0.0225177304964539,0.035555555555555556,0.004965517241379311,0.017576355902602068,0.04827586206896552,0.01630432402846196,28,0.038620689655172416,65679,11.729540724453313,14.821530262179582,165.69350177995935,11.712616538622767,15.338987755145194,11.80707529742364,12.016728934874376,243.1199812926582,0.0,False
194,194000,0.0418976279650437,0.005617977528089888,0.02164567473623968,0.056179775280898875,0.02140092741216337,0.055799999999999995,0.008,0.02701088315194457,0.08,0.024782539682539684,0.04689848121502797,0.006474820143884892,0.023575605821025615,0.06474820143884892,0.02261733470366564,34,0.04892086330935252,65679,11.796359245599962,15.351672032287711,163.14788903602772,11.711282003723511,15.077567587243323,11.669837999384036,12.676687995649694,241.43129589991597,541.5611621569366,True
195,195000,0.020091155457009114,0.003547671840354767,0.012105281614234397,0.03325942350332594,0.011727026361172704,0.03546099290780142,0.004609929078014185,0.014949571819069475,0.04609929078014184,0.010636890690082178,0.02600424435349401,0.003956343792633016,0.01319953787312047,0.03819918144611187,0.011307629008856838,51,0.06957708049113233,65679,11.765842793845515,18.25127536690674,171.15725698720053,11.737622612903454,15.647153158507287,11.78795631315288,12.578157119969013,252.9252643524854,0.0,False
196,196000,0.026010520487264675,0.004186046511627907,0.014910547430566906,0.04186046511627907,0.016007751937984496,0.028268551236749116,0.0035335689045936395,0.016834797115020467,0.0353356890459364,0.014634864546525324,0.02690676551125359,0.003927068723702665,0.015674309928042862,0.03927068723702665,0.015462833099579241,49,0.06872370266479663,65679,11.746248818889082,16.63401926958741,172.2711405882371,11.676626790829703,15.02108778429767,11.676711114683158,12.586060741504035,251.61189510802816,653.4171632900932,True
197,197000,0.03016385048643113,0.004516129032258065,0.016785839946311554,0.04516129032258064,0.01861068441713603,0.031798573087771696,0.005574912891986063,0.020139830398408463,0.05574912891986063,0.026146230850063602,0.03078774062816616,0.004920212765957447,0.018065886834279392,0.04920212765957447,0.02148661769672408,41,0.05452127659574468,65679,11.812696930055267,19.47096699964068,157.09387364765126,11.664463925212253,15.371692011850735,11.695447835372018,12.392773159008996,239.50191450879123,0.0,False
198,198000,0.026965432854083815,0.003854389721627409,0.011646570767198756,0.03854389721627409,0.010655654124604874,0.011069182389937106,0.002264150943396227,0.005523401410820213,0.022641509433962263,0.005675351901766996,0.02121064272703617,0.003278688524590164,0.009429849620422372,0.03278688524590164,0.008852675860872582,35,0.04781420765027322,65679,11.719502038626262,15.775811760099234,154.55936830617577,11.769404167291665,18.955764929842744,11.673476304194242,12.329603819583035,236.78293132581297,600.7971520684551,True
199,199000,0.030512906097018247,0.004672897196261682,0.01818441191848873,0.04672897196261682,0.01660361964100282,0.02187194525904203,0.0036290322580645167,0.010464396559099075,0.036290322580645164,0.01011904761904762,0.02734284945823407,0.0042899408284023674,0.015352216934570631,0.042899408284023666,0.014224664224664224,39,0.057692307692307696,65679,11.754474590119912,19.422089492349137,166.90741455319124,11.658945432174717,15.141750544178656,11.675602249405781,12.234867484930966,248.79514434635038,0.0,False
200,200000,0.02822822822822823,0.00472972972972973,0.015388981017121283,0.0472972972972973,0.015683540683540685,0.022565157750342936,0.005761316872427983,0.01626400702575385,0.037037037037037035,0.01773466588281403,0.026225133430373603,0.005094614264919942,0.01569848803327516,0.043668122270742356,0.016409047850095882,40,0.05822416302765648,65679,11.71125755233815,16.124358155955587,162.67862617593,11.665915923511626,15.108687190804048,11.697654752104715,13.058983709485217,242.0454834601293,587.6075961179783,True
201,201000,0.02194524342175349,0.0031319910514541385,0.010718079706508614,0.03131991051454139,0.009482085153226094,0.04363344988344988,0.006293706293706295,0.01934296291199289,0.05944055944055944,0.015136252636252637,0.030407490417722345,0.0043656207366985,0.01408331380851203,0.04229195088676671,0.011688213257108207,39,0.05320600272851296,65679,11.75081169557668,17.401386204124456,156.55908090728144,11.66638074520665,15.169540044476793,11.67514677406778,11.936928945147084,236.1592753158809,0.0,False
202,202000,0.028340024534403922,0.0044496487119437935,0.01631172362239647,0.04449648711943794,0.016167614586818334,0.04334738109572547,0.004966887417218543,0.023612525209529736,0.04966887417218543,0.01936560496163145,0.03455706387805153,0.004663923182441702,0.01933619835396608,0.04663923182441701,0.01749243364469702,34,0.04663923182441701,65679,11.718485412148816,16.249662151968103,156.17085472974247,11.720434067066797,15.111408622939248,11.802731569351966,12.063166253933888,234.83674280715132,661.1797072979264,True
203,203000,0.026003941857600393,0.003991130820399113,0.01400036132457843,0.03991130820399113,0.012364058705522119,0.0388196915776987,0.0071174377224199285,0.024067806933669056,0.0711743772241993,0.029229509122747556,0.030923649058894963,0.005191256830601093,0.017865050144461582,0.05191256830601093,0.01883836412524937,36,0.04918032786885246,65679,11.833326305027425,15.740672519720667,174.28662887401802,11.664504390662689,15.137046541588429,11.678890980040823,12.37092806613549,252.71199767719355,0.0,False
204,204000,0.02226162332545311,0.0035460992907801418,0.011735411325483806,0.03546099290780142,0.01096007354872603,0.05316091954022988,0.006551724137931035,0.030950959311304607,0.06551724137931035,0.02692528735632184,0.034829359513791486,0.004768583450210379,0.019550991852676,0.047685834502103785,0.017453638772011844,42,0.05890603085553997,65679,11.705636177472556,16.90925415775979,155.78472539753975,11.674561452609812,15.056974939975376,11.671278743477508,12.283168698473679,235.08559956730846,543.9884481869134,True
205,205000,0.030753968253968256,0.004285714285714285,0.014871962016958264,0.04285714285714286,0.012409297052154196,0.017905824039653035,0.0037174721189591076,0.00949872578105919,0.02973977695167286,0.008926358647548238,0.02573778422835027,0.0040638606676342524,0.012774138290605795,0.03773584905660377,0.011049485106088879,37,0.05370101596516691,65679,11.736302079373706,14.939477928119228,160.64996648877673,11.668457917043963,14.992409802017104,11.672445025243118,13.51362828910796,239.1726875296818,0.0,False
206,206000,0.032916666666666664,0.00525,0.019932155937420072,0.045,0.022315476190476195,0.03972688670140899,0.006687898089171975,0.02247704440743921,0.054140127388535034,0.02316247093317157,0.035911637382225615,0.0058823529411764705,0.02105133658109796,0.049019607843137254,0.022687964074518698,48,0.06722689075630252,65679,11.707692956539063,16.577848077181656,176.65675530713355,11.805912365533967,15.49093678647473,11.763216276605704,13.970541130156612,257.9729028996253,621.6087896901284,True
207,207000,0.02306903622693096,0.003349282296650718,0.01268335886145895,0.03349282296650718,0.012087985114300903,0.027777777777777773,0.003666666666666667,0.017232725933103245,0.03666666666666667,0.016753968253968254,0.025036476986337708,0.003481894150417827,0.01458420861284236,0.034818941504178275,0.014037560242295617,48,0.06685236768802229,65679,11.808958357090171,21.098187811013915,160.01074369763336,11.668812105736226,15.104283566255706,11.674560428887037,12.73962334970291,244.10516931631935,0.0,False
208,208000,0.02219730941704036,0.0033632286995515697,0.01271333979708804,0.03139013452914798,0.012172574560466937,0.02896677327647477,0.005597014925373134,0.01607074816093289,0.055970149253731345,0.016447524283345175,0.024738228624783247,0.004201680672268907,0.01397354349668247,0.04061624649859944,0.01377717753768174,36,0.05042016806722689,65679,11.709508369678323,15.765156597125074,172.41292286131193,11.766091701115311,15.580378000160099,11.805409006263034,12.361302035010514,251.40076857066427,674.3117288216804,True
209,209000,0.02426894768251442,0.002844638949671773,0.013574397496510505,0.028446389496717725,0.010475495814664304,0.05163934426229508,0.006885245901639345,0.0250411455514413,0.06885245901639345,0.019785323965651837,0.03522429014554999,0.004461942257217848,0.0181641063636416,0.04461942257217848,0.014201870599508394,36,0.047244094488188976,65679,11.871433143129106,19.15416304822115,189.11346260604145,11.794463053466098,15.799089440160508,11.759824106491457,13.385901303661353,272.8783367011711,0.0,False
210,210000,0.02432640492686682,0.003002309468822171,0.015344207646480047,0.03002309468822171,0.01301550643352029,0.025207591933570583,0.003914590747330961,0.016957976521926734,0.03914590747330961,0.016641247246229455,0.024673202614379084,0.0033613445378151267,0.01597931836636873,0.03361344537815126,0.014442443644124316,37,0.05182072829131653,65679,11.750379674699275,19.005745673553175,172.66646366009832,11.709435863094253,15.450488808632645,11.702025408358296,12.096312416734477,254.38085150517043,624.188432590822,True
211,211000,0.023717696444969173,0.004112554112554114,0.01583548210357237,0.03463203463203463,0.015168693740122311,0.029277244494635802,0.005652173913043478,0.017419393886336655,0.05217391304347826,0.01567632850241546,0.025565523108875714,0.004624277456647399,0.01636192677125414,0.04046242774566474,0.015337416276722636,23,0.033236994219653176,65679,11.7314173455757,16.76597368241439,163.1736121600752,11.781365988949855,15.273632046008956,11.718270182661804,12.306647270768355,242.7509186764543,0.0,False
212,212000,0.032079646017699116,0.003982300884955753,0.016315114559307155,0.03982300884955752,0.011823992133726646,0.02242063492063492,0.003968253968253968,0.014062700175168882,0.03968253968253968,0.015690350214159737,0.02862215909090909,0.003977272727272728,0.01550885259225766,0.03977272727272727,0.013207972582972582,36,0.05113636363636364,65679,11.85194823669078,17.779564001313418,168.37503923287923,11.744618213044289,15.372066957786146,11.74869864811745,13.582125958797043,250.45406124862834,645.3197164665025,True
213,213000,0.025853304284676835,0.00392156862745098,0.011817044444962763,0.0392156862745098,0.008898744683058409,0.014290012033694344,0.0025270758122743686,0.007878798672726445,0.02527075812274368,0.008724428399518654,0.021501358695652173,0.0033967391304347825,0.010334851402966213,0.033967391304347824,0.008833139233954452,42,0.057065217391304345,65679,11.995307313092397,18.774051962947013,178.14261531903796,11.729574562080458,15.923318337870974,11.790197563019134,13.0872782657665,261.44234332381444,0.0,False
214,214000,0.016468725257323832,0.003087885985748218,0.012058762496627616,0.030878859857482184,0.015485616257587752,0.03356401384083045,0.004498269896193772,0.019540185467463077,0.04498269896193772,0.016791618608227605,0.023427230046948355,0.0036619718309859155,0.015104017762221207,0.036619718309859155,0.016017214397496086,40,0.056338028169014086,65679,11.804013243049694,19.537630489036005,163.8332744604426,11.670424818963077,15.019435990137886,11.669424072907608,12.038860360039095,245.573063434576,609.4697915935282,True
215,215000,0.019774011299435026,0.00314769975786925,0.011678967786503293,0.031476997578692496,0.011735654713862946,0.03269675925925926,0.005555555555555556,0.01962784061638429,0.04861111111111111,0.01814649470899471,0.02508321445553971,0.004136947218259629,0.014944695853558539,0.03851640513552068,0.014369494825985553,34,0.04850213980028531,65679,11.860999668586448,19.16715470338948,180.43960642871727,11.681466775839699,15.128714119599929,11.679309309384212,12.27884166660198,262.236092672119,0.0,False
216,216000,0.0235191637630662,0.003170731707317074,0.015428836081415138,0.02926829268292683,0.015263259775454898,0.04408737257574467,0.007364341085271319,0.02374586990978597,0.06976744186046512,0.026693429309708378,0.03146317255598693,0.0047904191616766475,0.018641103637881715,0.04491017964071856,0.019677906092576754,29,0.04341317365269461,65679,11.714097832668525,15.688649338332915,164.51486838924,11.696889046161619,14.921106369997217,11.74374576565218,12.095105055939804,242.37446179799227,632.0528698427474,True
217,217000,0.03808210784313726,0.006127450980392157,0.022892489423726736,0.051470588235294115,0.0210813492063492,0.047496025437201904,0.00641891891891892,0.023777956628237618,0.060810810810810814,0.021793221793221795,0.042040232286096255,0.00625,0.023264788134714266,0.05539772727272727,0.021380659271284273,37,0.052556818181818184,65679,11.795795252858564,18.114030600743792,165.15942027450768,11.679598899666521,15.170034459902059,11.70522909423044,12.354818049939432,245.9789266318485,0.0,False
218,218000,0.030125772525208715,0.005236907730673317,0.015491003725703919,0.04738154613466334,0.015461346633416459,0.029891304347826088,0.004710144927536233,0.018685029763097688,0.04710144927536232,0.022443639291465377,0.03003018431699955,0.005022156573116692,0.016793147280091923,0.047267355982274745,0.018307894304940096,38,0.056129985228951254,65679,11.757159343150914,18.01916387314528,180.34486398881,11.836234049850125,15.08186139462242,11.83284053629663,12.550600152927416,261.4227233388028,660.4232873353294,True
219,219000,0.021750594177064767,0.003676470588235294,0.011512076156289868,0.03431372549019608,0.00992258014316838,0.025790576330144678,0.0057553956834532375,0.01597186241721351,0.0539568345323741,0.020126755738266527,0.02338778811082018,0.004518950437317785,0.013319394786809945,0.04227405247813411,0.014057799990744599,45,0.06559766763848396,65679,11.832672519265785,19.841829174610524,189.53756737480342,11.727947123091331,15.471635070249402,11.777657833958454,13.623867718665084,273.813176814644,0.0,False
220,220000,0.03975340136054421,0.00510204081632653,0.01997038534910631,0.05102040816326531,0.01731049562682216,0.01919568822553897,0.004477611940298508,0.008923708010239418,0.04477611940298507,0.008893034825870647,0.03140572390572391,0.0048484848484848485,0.015484764853930055,0.048484848484848485,0.013892496392496394,39,0.05909090909090909,65679,11.79595612149642,18.19283846091202,184.20438002701712,11.690602494882075,15.296512066359513,11.738441217712392,12.926351152076077,265.8450815404556,638.6455991615748,True
221,221000,0.023291925465838508,0.0033816425120772944,0.014764513348234077,0.033816425120772944,0.014904915267234106,0.03574561403508772,0.004934210526315789,0.015957087099876352,0.049342105263157895,0.013028665413533834,0.028564796392094444,0.00403899721448468,0.015269447081519942,0.0403899721448468,0.01411051421497104,39,0.054317548746518104,65679,11.822874608519163,20.01521668476558,176.4465698057549,11.672754954242247,15.48501521995982,11.720886028604438,12.728478995652214,259.8917962974984,0.0,False
222,222000,0.030642152944311215,0.004796163069544364,0.017320342718768655,0.04316546762589928,0.01470442693464276,0.0336038961038961,0.004545454545454546,0.01504051226066387,0.045454545454545456,0.011286332714904144,0.03190038314176245,0.004689655172413793,0.016351807848291038,0.044137931034482755,0.013252326217843459,31,0.04275862068965517,65679,11.784870714848239,17.91782983028012,176.88621107204983,11.675659245549696,15.35478838575466,11.705178784390814,12.030243776300908,257.35478180917426,634.2683514332232,True
223,223000,0.03314176245210728,0.004367816091954023,0.01718273799942519,0.04367816091954023,0.014440795475278234,0.042377701934015924,0.007849829351535836,0.02119556924631057,0.06825938566552901,0.020433122054282465,0.03685897435897436,0.005769230769230769,0.018797792333679883,0.05357142857142857,0.016852542298970867,37,0.050824175824175824,65679,11.902611468994628,18.998673331299678,176.370112380142,11.715160358666266,15.883987421985712,11.693886917893416,12.736679464317447,259.3011113432991,0.0,False
224,224000,0.019444444444444445,0.0034063260340632608,0.008898609131960025,0.0340632603406326,0.008055265901981232,0.038256355173648414,0.006015037593984963,0.023775812504866576,0.05639097744360902,0.022692147034252298,0.026835830343954422,0.004431314623338257,0.014744009570945462,0.04283604135893648,0.013806241354247262,48,0.07090103397341212,65679,11.765484482284538,18.65921567345552,177.71081050353686,11.667498594589155,15.172312983577353,11.699325177985664,13.586715683869265,260.2613630992983,667.918678147264,True
225,225000,0.02628852628852629,0.0034965034965034965,0.01212849368122301,0.03496503496503497,0.009760609760609761,0.018117472804972806,0.004924242424242425,0.012052099851919748,0.045454545454545456,0.018007455507455507,0.02317574400907734,0.00404040404040404,0.012099391270059864,0.03896103896103896,0.012902265283217662,31,0.044733044733044736,65679,11.78847376313852,17.93800343642682,176.81208470013422,11.668804226955265,14.921931051001259,11.699114225952044,11.97370890751448,256.8021203111226,0.0,False
226,226000,0.023675140025850926,0.004028436018957347,0.012477996315524304,0.035545023696682464,0.010491424057774769,0.033393501805054154,0.004693140794223827,0.01741014702812012,0.04332129963898917,0.013146811070998797,0.027526336324619587,0.004291845493562232,0.014432510975594462,0.03862660944206009,0.011543701887049528,31,0.044349070100143065,65679,11.706442497053104,15.058052263164367,163.165051422956,11.67089757483919,15.49298458795867,11.69649327034672,13.620981393527853,242.41090300984587,685.5119137283011,True
227,227000,0.024728487886382624,0.004511278195488722,0.015270768122888795,0.03508771929824561,0.015371762740183792,0.03287356321839081,0.005862068965517242,0.01404085170767265,0.05172413793103448,0.010935960591133005,0.02815674891146589,0.0050798258345428155,0.014753096482231783,0.0420899854862119,0.01350473425945124,31,0.04499274310595065,65679,11.807476164568676,16.429040196774825,169.48835400366903,11.664942043146386,14.981879001063625,11.683472238552262,12.443513258353356,248.49867690612817,0.0,False
228,228000,0.03864734299516908,0.004347826086956523,0.020733316357541904,0.04106280193236715,0.015631469979296063,0.04361370716510903,0.005919003115264798,0.031496504456568875,0.056074766355140186,0.03141967067200712,0.04081632653061224,0.005034013605442177,0.02543397401711695,0.047619047619047616,0.022526724975704567,30,0.04081632653061224,65679,11.720718712221467,14.696477705689048,164.9984335189425,11.671535157659063,15.139575991793276,11.694552865426644,12.485437136819378,242.40673108855134,631.496872936621,True
229,229000,0.030656303972366145,0.0036269430051813468,0.014133985730068585,0.03626943005181347,0.01154186199522987,0.03343982960596379,0.006070287539936103,0.017799648755459103,0.051118210862619806,0.01740706932400223,0.031902718168812585,0.004721030042918456,0.015775405654170488,0.04291845493562232,0.014168199468628653,33,0.04721030042918455,65679,11.895801073594225,17.342744300846704,191.41675281811322,11.703218521424974,15.745306085779287,11.784136233039533,13.1338885974025,273.02184763020045,0.0,False
230,230000,0.02890992541594951,0.0045783132530120485,0.01532502604578916,0.043373493975903614,0.01577261426659017,0.03470194647201946,0.006569343065693431,0.018535288247754998,0.058394160583941604,0.019929614181438998,0.031213283571774136,0.0053701015965166915,0.016601676036121005,0.04934687953555878,0.017425760821987237,29,0.0420899854862119,65679,12.109623141340343,17.27148690466862,195.5130877697858,11.767218095676268,15.522862446298857,12.040767474574832,12.22156732040569,276.44661315275044,631.7470464840685,True
231,231000,0.01835205992509363,0.002471910112359551,0.008481541625805387,0.024719101123595506,0.007212413055109685,0.04151515151515151,0.006181818181818182,0.022699429573494252,0.06181818181818182,0.01964069264069264,0.027199074074074066,0.003888888888888889,0.013911984939158776,0.03888888888888889,0.011959325396825397,26,0.03611111111111111,65679,11.809488057720753,17.141368419570924,158.74281293089265,11.659961655849372,15.14539122646208,11.685355602281122,11.902552843862102,238.086930736639,0.0,False
232,232000,0.015384615384615385,0.002564102564102564,0.006630781532397227,0.02564102564102564,0.005156695156695156,0.039732650739476676,0.007167235494880546,0.025944723779499666,0.06143344709897611,0.02479007530202069,0.025829673011224987,0.004538799414348463,0.014916264809704717,0.040995607613469986,0.013579214018452673,38,0.055636896046852125,65679,11.746039599705437,17.117390714138647,186.55699659213266,11.710592526525954,15.087480883982373,11.728164769478354,12.17694829877547,266.12361338473886,663.4022644389504,True
233,233000,0.027142601538736804,0.0038647342995169085,0.016134423069587345,0.03864734299516908,0.01392818802239092,0.045270270270270266,0.006081081081081082,0.020851428109232715,0.057432432432432436,0.014897039897039898,0.03470005216484089,0.004788732394366198,0.01810094911428457,0.04647887323943662,0.014332103733512184,35,0.04929577464788732,65679,11.94780866593803,16.395413987471684,187.39215287590093,11.701035796757298,15.457161750803694,11.77315941365553,12.447603678356067,267.11433616888326,0.0,False
234,234000,0.032956397718011406,0.004400977995110024,0.0176421153675389,0.044009779951100246,0.016635619202856368,0.029800188663064917,0.0053511705685618735,0.015730374077808102,0.05351170568561873,0.015983171417954026,0.03162347892220774,0.00480225988700565,0.016834755698570666,0.0480225988700565,0.016360079813469642,37,0.052259887005649715,65679,11.910171005394265,19.30146754637596,192.54356812367647,11.670861464752047,15.066175253292124,11.693891090985842,12.541599337403952,274.7277338218807,647.7849804917001,True
235,235000,0.02658565773727331,0.0037558685446009393,0.013369605958855285,0.03755868544600939,0.012785975109918772,0.03090507726269316,0.004304635761589404,0.01497936934868062,0.04304635761589404,0.011317407757805108,0.02837750484809308,0.003983516483516484,0.014037392420019092,0.03983516483516483,0.01217676173033316,37,0.050824175824175824,65679,11.844846856956526,16.959582772729796,167.5406568777682,11.80356528554527,15.885257259512509,12.774810110333101,12.321571719819957,249.13029088266538,0.0,False
236,236000,0.028938207136640554,0.003655352480417755,0.016591299918697858,0.03655352480417755,0.01608230759666791,0.0310127674258109,0.0068840579710144935,0.015506399062378084,0.05434782608695652,0.01683201058201058,0.029807066984608714,0.005007587253414264,0.016136925660208846,0.04400606980273141,0.016396295493412334,24,0.036418816388467376,65679,11.799716911509162,13.916483539599955,178.85401201439555,11.673149102831015,15.10940347537737,11.703120173761627,12.643652408855788,255.69953762633045,705.1567508702117,True
237,237000,0.01943765281173594,0.003667481662591687,0.012229032910010873,0.03667481662591687,0.013871424690495595,0.024784885895997005,0.004713804713804714,0.018575851203615962,0.04377104377104377,0.02285286729731174,0.02168712621970412,0.004107648725212465,0.014899011710578454,0.039660056657223795,0.017649736948603802,22,0.031161473087818695,65679,11.764456275431545,15.370598604402819,176.99288967279458,11.665592219878285,15.452140571664552,11.697975696695062,12.618925576218798,255.56257861708565,0.0,False
238,238000,0.02602157102157102,0.005128205128205128,0.017558100080274856,0.046153846153846156,0.022343304843304844,0.044487015751383564,0.006513409961685824,0.02496469173945812,0.06513409961685823,0.022456364410387397,0.03342476775656499,0.0056835637480798775,0.020527563095707777,0.053763440860215055,0.02238863287250384,30,0.04608294930875576,65679,11.716335413664014,15.162868167994947,176.43677651771327,11.67685858541323,15.019686820411104,11.75636772832167,15.02067850442379,256.789571737942,706.8101606569344,True
239,239000,0.0330318690783807,0.0041343669250646,0.016865749062592125,0.041343669250646,0.014193429309708377,0.035281385281385275,0.005194805194805195,0.016802314768443388,0.05194805194805195,0.012899402185116472,0.03402877697841727,0.00460431654676259,0.01683763717396218,0.0460431654676259,0.013619961173918007,29,0.041726618705035974,65679,11.7828559517974,16.861253417904678,179.78096718207493,11.686356755108429,15.602228080252578,11.683503970238984,13.905149751664014,261.302315109041,0.0,False
240,240000,0.03375527426160338,0.004303797468354431,0.018100845046143257,0.04050632911392405,0.014574040586698816,0.032039337474120085,0.004658385093167702,0.014941653484514438,0.043478260869565216,0.012629399585921325,0.03298465829846583,0.004463040446304045,0.016682072824602844,0.04184100418410042,0.013700715060547696,44,0.061366806136680614,65679,11.770045298870047,19.394408393352826,183.7371408447974,11.663382679216738,15.198725642928679,11.715089696828773,13.072997050778135,266.5517896067726,710.5129425169777,True
241,241000,0.021208622016936105,0.003926096997690531,0.009865659554758986,0.03233256351039261,0.009548553832618498,0.03175835551611949,0.004968944099378882,0.016427326971537506,0.049689440993788817,0.01687740313516711,0.025707978555660677,0.004370860927152318,0.012664145525888367,0.039735099337748346,0.012674235257016714,37,0.04900662251655629,65679,11.74745818544043,19.006158779533155,186.7631749374321,11.678314806390366,15.924519522841907,11.710327144670574,13.186898918798873,270.0168522951074,0.0,False
242,242000,0.03178541888219308,0.004218362282878412,0.0151633768406489,0.04218362282878412,0.01081373823309307,0.04691069574247144,0.006230529595015576,0.0284173298005688,0.056074766355140186,0.02549572269198437,0.03849151539068666,0.005110497237569061,0.021039784161276366,0.04834254143646409,0.017323292116109796,32,0.04419889502762431,65679,11.715946940937805,17.237623472166064,178.146949674024,11.706246293125,15.427739356088654,11.697039721286773,13.027833348722151,258.95937880635046,661.1568953057978,True
243,243000,0.03329197684036394,0.004962779156327543,0.0202343920842299,0.04962779156327544,0.018509984639016895,0.04947538337368846,0.008135593220338985,0.027727604511867385,0.0711864406779661,0.02617567931127253,0.0401316687133306,0.006303724928366763,0.023401294184735716,0.05873925501432665,0.021749783963251012,31,0.044412607449856735,65679,11.812175695208316,17.681024473553684,186.02999115671648,11.757270827028599,15.419245773390378,11.732137478376314,12.607189062041613,267.03903446631534,0.0,False
244,244000,0.043188494275450795,0.006521739130434783,0.020988354423202075,0.06038647342995169,0.016555478874319452,0.02923976608187134,0.005263157894736842,0.017883035528710328,0.04912280701754386,0.01895711500974659,0.037501244582789646,0.006008583690987125,0.01972223727737926,0.055793991416309016,0.017534686740695325,30,0.04291845493562232,65679,11.7725742209418,16.18178255050062,176.88399564244617,11.672836366216632,15.175990258575744,11.700289953703313,12.891369302797662,256.2788382951819,649.1174313063841,True
245,245000,0.03321812596006144,0.004377880184331798,0.015514423670313526,0.041474654377880185,0.012660010240655401,0.015758547008547008,0.003525641025641026,0.011582293581201547,0.03205128205128205,0.017948717948717947,0.025915996425379808,0.004021447721179625,0.01386988668934444,0.03753351206434316,0.01487190944295502,30,0.040214477211796246,65679,11.757616071972343,17.04599000226792,178.1673148376628,11.66986488962407,15.473514632963203,11.739081998363154,13.00357790967599,258.8569603425295,0.0,False
246,246000,0.02843314093314093,0.004797979797979798,0.01736119261758257,0.047979797979797977,0.021410533910533908,0.023737373737373738,0.0033333333333333335,0.009695147271346426,0.03333333333333333,0.006212121212121211,0.026298701298701297,0.004132231404958679,0.013876626551111592,0.04132231404958678,0.014502164502164502,29,0.03994490358126722,65679,11.721089200306123,15.39993755461655,177.58790777119836,11.719523436759527,15.399925912928936,11.790712240916656,12.618795461188936,256.2378915779151,788.5337230877643,True
247,247000,0.029014417101665427,0.0044742729306487695,0.019104033663307873,0.042505592841163314,0.02012179965200099,0.02350420687755622,0.0054421768707483,0.013478805608032978,0.04421768707482993,0.01320321779505453,0.0268281798467557,0.004858299595141701,0.016872161803320268,0.043184885290148446,0.017376775271512112,33,0.044534412955465584,65679,11.762892472066966,15.453502120621465,178.92751421372256,11.669889600662842,15.332438341675303,11.68924115377279,12.469713266211047,257.30519116873296,0.0,False
248,248000,0.02771317829457364,0.0037209302325581397,0.01359316199720956,0.03488372093023256,0.009974160206718343,0.014354958985831471,0.002348993288590604,0.008611537813423161,0.02348993288590604,0.007530361137743688,0.022245115995115992,0.00315934065934066,0.011553980669231061,0.03021978021978022,0.00897381388452817,26,0.03571428571428571,65679,11.750528875975608,16.3746258433628,180.8979249212639,11.674134157368954,15.339236828670888,11.720793493569248,12.85192058339546,260.60916470360684,703.0833036202611,True
249,249000,0.035529833515615505,0.005687203791469195,0.018012615328341402,0.04976303317535545,0.015600315955766192,0.038482834994462894,0.004651162790697674,0.018528017389099292,0.046511627906976744,0.014325264989716816,0.03675922970528779,0.0052558782849239285,0.018227187970510317,0.048409405255878286,0.015069485608904695,26,0.035961272475795295,65679,11.958071075485188,17.40495017821253,185.05635634377683,11.758160130853623,15.755735281008931,11.713230510579375,12.813321694588042,266.4598252145045,0.0,False
250,250000,0.035465622280243685,0.005221932114882507,0.021065777342722962,0.04960835509138381,0.01974802105350408,0.051845637583892615,0.006711409395973154,0.026582391963066037,0.06711409395973154,0.021014434856716734,0.04263338228095938,0.005873715124816446,0.023479802536353265,0.05726872246696035,0.020302193319814466,30,0.04405286343612335,65679,11.8521618345524,16.785326296203664,181.80785684127065,11.841202816664786,15.613848587392454,11.738796798832496,12.183096661122494,261.8222898360389,682.7267606439591,True
251,251000,0.025615655233069478,0.0034300791556728235,0.015778587553221392,0.0316622691292876,0.013449135150982117,0.04270500532481363,0.006070287539936102,0.020697727787652186,0.054313099041533544,0.017229575536284798,0.03334537572254335,0.004624277456647399,0.01800357439336133,0.04190751445086705,0.0151590742269933,28,0.04046242774566474,65679,11.885017734358794,15.469184987015883,205.66720560150077,11.747563944008999,15.041756492334413,11.687784498282117,12.772814879657979,284.27132813715895,0.0,False
252,252000,0.037214611872146114,0.0052054794520547945,0.015429950737534927,0.049315068493150684,0.010219612959338986,0.01512428870919437,0.0028301886792452833,0.008171851956185278,0.02830188679245283,0.008721423579914143,0.02692951265425643,0.004099560761346999,0.012050630953539044,0.03953147877013177,0.00952206651328174,47,0.06881405563689605,65679,11.73595125564253,16.78164147395078,168.98876956425445,11.667817789468016,15.194682497526868,11.681593472590013,12.653533660894611,248.70398971432726,625.603362554683,True
253,253000,0.02327919566898685,0.0034802784222737818,0.010731930474660317,0.03480278422273782,0.010359812912017088,0.02753164556962025,0.004430379746835442,0.012249079910349977,0.04430379746835443,0.009452230259192283,0.025078090138331104,0.0038821954484605094,0.011373723274764642,0.038821954484605084,0.0099758823654406,33,0.04417670682730924,65679,11.773285260224808,18.238911744766774,180.84384803804255,11.710315493351775,15.33608675849396,11.671910220500958,12.210974762116855,261.7853322774977,0.0,False
254,254000,0.03070175438596491,0.0040100250626566416,0.017037071097475317,0.040100250626566414,0.016590086326928433,0.0325588066551922,0.0051204819277108436,0.0207044229337297,0.045180722891566265,0.019317747179192962,0.03154517621001889,0.004514363885088919,0.018702680960179085,0.04240766073871409,0.01782891451154105,38,0.05198358413132695,65679,11.812148871859218,15.553741238821805,179.564966345247,11.674068298800355,15.514259223275984,11.713161764209667,14.230777440060738,260.0631231822748,681.8411146824466,True
255,255000,0.02632620744259699,0.0033254156769596203,0.012901216387610003,0.0332541567695962,0.009948912264826753,0.026836158192090395,0.005084745762711864,0.016601509190433173,0.04745762711864407,0.01828087167070218,0.02653631284916201,0.004050279329608939,0.014425778366426811,0.03910614525139665,0.01338177263456593,48,0.0670391061452514,65679,11.77834900314978,20.10027495075173,192.849868681233,11.78821849925904,15.833333224635204,11.697265042714955,13.483579330203499,277.5308887319472,0.0,False
256,256000,0.028907280796449563,0.004030226700251889,0.014388063404613982,0.04030226700251889,0.011841789612570468,0.02522863450015768,0.004966887417218544,0.01364466930458629,0.04304635761589404,0.01356958898349627,0.027317937189181823,0.004434907010014306,0.014066883121054091,0.04148783977110158,0.012588278038921815,31,0.044349070100143065,65679,11.750690632139627,15.735303670910694,165.75533293802792,11.6858658508745,15.22458971472962,11.718242889285913,12.255823945983568,244.12584964195185,662.0118345790071,True
257,257000,0.033402074740657414,0.004461942257217849,0.017856629763762618,0.04461942257217848,0.015200183310419531,0.047818181818181815,0.008,0.028498316848312562,0.06909090909090909,0.031059163059163057,0.039445412311265964,0.005945121951219513,0.02231770285560901,0.054878048780487805,0.021848383662408054,27,0.041158536585365856,65679,11.805601331210669,15.243828504568624,168.80597478641235,11.684629258656987,14.908765055637874,11.678111300122973,12.901501396406223,247.0284116330157,0.0,False
258,258000,0.02784845914616907,0.004071246819338422,0.011975133095893594,0.04071246819338423,0.010718324649622359,0.04284933645589384,0.006229508196721311,0.024430516835865966,0.05901639344262295,0.02527712724434036,0.03440328375858462,0.00501432664756447,0.017417671836139403,0.04871060171919771,0.017079979078546415,32,0.045845272206303724,65679,11.719020824502158,14.923212696915655,168.07351401060265,11.706438847070011,15.155341450939774,11.69135255610354,12.587156544480171,245.85603693061395,640.6018603975217,True
259,259000,0.025809636650868877,0.004028436018957347,0.01756326882719164,0.035545023696682464,0.017442450914014897,0.02599388379204893,0.003975535168195719,0.01621557039494095,0.039755351681957186,0.019215086646279307,0.025890075656430794,0.004005340453938585,0.01697488780269768,0.037383177570093455,0.018216351961345287,30,0.04005340453938585,65679,11.750643292618435,14.926662459613382,166.66222044656175,11.666816564309679,15.818643784221154,11.66917773834375,12.279147658611489,244.77331194427967,0.0,False
260,260000,0.017158931082981714,0.0027848101265822785,0.01060782114142401,0.027848101265822784,0.010872011251758087,0.02903349605477265,0.00486322188449848,0.013423545801898175,0.0486322188449848,0.015213248419935349,0.022554969585356327,0.0037292817679558015,0.011887342430506884,0.03729281767955801,0.012844755766026483,35,0.04834254143646409,65679,11.715736125433862,15.71384170317991,182.1258144943383,11.694513557924946,15.377443126574075,11.728745894334924,12.96145596657583,261.3175508683618,619.4258406899411,True
261,261000,0.027077977720651243,0.003856041131105399,0.019087548185919432,0.038560411311053984,0.02140102827763496,0.03679050567595459,0.006191950464396285,0.02810854683350585,0.05572755417956656,0.02948916408668731,0.03148408239700374,0.0049157303370786515,0.023179939426327317,0.046348314606741575,0.02507022471910112,34,0.047752808988764044,65679,11.77976932992264,17.406265245129006,177.2539616886615,11.666868046072976,15.176222185303567,11.689880373921824,12.621905836091019,257.59487270510255,0.0,False
262,262000,0.025390946502057612,0.0032098765432098768,0.011888626396843585,0.03209876543209877,0.009447383891828335,0.057692307692307696,0.007692307692307693,0.03365626431514806,0.07384615384615385,0.030836385836385836,0.039771689497716894,0.0052054794520547945,0.021579698072801055,0.050684931506849315,0.01896988475755599,34,0.04657534246575343,65679,11.730915689983634,14.662851693852952,160.30029863486894,11.665105593944292,15.356653678466614,11.712340241581964,12.719216618883866,238.14738215158226,586.8441353564235,True
263,263000,0.029522613065326633,0.0035175879396984926,0.01688961026627272,0.035175879396984924,0.014432280449868391,0.040772779700115336,0.006228373702422145,0.02273653315876467,0.06228373702422145,0.02387955182072829,0.034255215914604564,0.004657933042212519,0.01934923285132392,0.046579330422125184,0.018406460109516878,33,0.048034934497816595,65679,11.772874076110273,15.73792071560276,185.0003800762945,11.685279476481014,15.801386002489703,11.701920131418353,12.714577664912907,264.4143381433095,0.0,False
264,264000,0.04169071669071669,0.005555555555555556,0.027223761726531678,0.05555555555555555,0.027324835658168994,0.011904761904761906,0.0020547945205479454,0.006472842666546296,0.02054794520547945,0.00685882800608828,0.029049003322259133,0.004069767441860466,0.018416685613863462,0.040697674418604654,0.018638681247692877,24,0.03488372093023256,65679,11.761891093697852,15.548637596285442,181.12375571310847,11.661543885738146,15.582397779156931,11.762699760831108,13.339986189547792,260.78091201836577,583.2838451763079,True
265,265000,0.03390201224846894,0.0047244094488188984,0.01936889907175905,0.04461942257217848,0.01820501603966171,0.020080321285140562,0.0030120481927710845,0.011471170824164972,0.02710843373493976,0.009245314591700133,0.027466105656848993,0.003927068723702665,0.015691415511869523,0.0364656381486676,0.01403303724481845,36,0.05049088359046283,65679,11.800866764027917,17.76257176835938,161.3729720446877,11.663768136077612,15.052335903098513,11.68038768958879,12.717424144437217,242.05032645027714,0.0,False
266,266000,0.017114695340501793,0.0024193548387096775,0.01055019405186259,0.024193548387096774,0.010752688172043012,0.02101879327398615,0.003857566765578635,0.0129456245025197,0.03857566765578635,0.013633366303989449,0.018970380818053596,0.0031029619181946405,0.011688783701892838,0.031029619181946404,0.012121924463250276,44,0.06205923836389281,65679,11.718992678100282,16.41452055231585,160.06984183608574,11.663927227484328,15.484021722328434,11.689687415411543,12.532672330034522,239.5736637617607,625.3321958093194,True
267,267000,0.033877721943048576,0.004773869346733668,0.016138111085306564,0.04522613065326633,0.015117252931323284,0.03752436647173489,0.005847953216374269,0.018890818101001176,0.05555555555555555,0.015683885640025992,0.03556306306306306,0.005270270270270271,0.01741030811147894,0.05,0.015379129129129131,34,0.04594594594594595,65679,11.863013109236764,16.160377480672892,171.8150866690249,11.685007195366692,15.62123382031766,11.68952940588941,12.602284269747077,251.43653195025541,0.0,False
268,268000,0.023900700402005887,0.004438642297650131,0.012214964530732357,0.044386422976501305,0.014739525052840981,0.02527056277056277,0.004220779220779221,0.012068518177899175,0.03896103896103896,0.010099721706864564,0.024511290285530517,0.004341534008683068,0.012149688877081677,0.041968162083936326,0.012671421680104749,29,0.041968162083936326,65679,11.69106421836097,14.337175745782194,161.43679858254822,11.782189650255681,15.084072530702208,11.680885333320568,12.334678087116968,238.34686414808678,575.7913952500194,True
269,269000,0.03391812865497076,0.005513784461152882,0.016308844018504926,0.05012531328320802,0.014156422803039343,0.04789590254706533,0.008637873754152824,0.025193171767168634,0.07308970099667775,0.026831197595317196,0.039928571428571424,0.0068571428571428585,0.020129104950430323,0.06,0.019606575963718825,27,0.03857142857142857,65679,11.772088246625456,14.780495171312635,165.553095036991,11.665265180621498,14.970980549172674,11.67569186402706,12.498980257874548,242.91659630662488,0.0,False
270,270000,0.02369077306733167,0.0042394014962593525,0.010863795206150391,0.03740648379052369,0.009721727427463089,0.0375,0.004794520547945206,0.023275021287437112,0.04794520547945205,0.020076375298978037,0.02950937950937951,0.004473304473304474,0.01609334501240684,0.04184704184704185,0.014084724799010514,38,0.05483405483405483,65679,11.751366142342956,15.762458224349851,159.28791833924595,11.660353925857514,15.180112267615398,11.67241159194532,12.440964128945797,237.75558462030278,594.9356344025214,True
271,271000,0.029019391261659304,0.004123711340206186,0.016640845480071224,0.041237113402061855,0.014507650139093439,0.02860215053763441,0.005483870967741936,0.01659087243456722,0.054838709677419356,0.016848438300051203,0.028834083776777188,0.004727793696275072,0.01661865114754079,0.04727793696275072,0.015547255196252332,36,0.05157593123209169,65679,11.763219048249729,16.173453569745533,167.3104218680166,11.66277125541626,15.03780004591393,11.672674612439593,12.372769803037365,245.993110202819,0.0,False
272,272000,0.02586206896551724,0.002988505747126437,0.012666703901264207,0.029885057471264367,0.010091224229155265,0.019958202716823404,0.0037617554858934174,0.011551513837578974,0.03761755485893417,0.012059013783151714,0.023364279398762157,0.0033156498673740055,0.012194892720474304,0.033156498673740056,0.010923750578922994,25,0.033156498673740056,65679,11.705962402991377,14.68424751455144,162.09830952831905,11.671113459621463,15.44520209603717,11.685175458991948,12.268749242899668,239.55875970341214,664.9295489002672,True
273,273000,0.02434928631402183,0.00327455919395466,0.01382281596981744,0.0327455919395466,0.012569469433449283,0.023903211216644054,0.004477611940298508,0.013451229739477927,0.03880597014925373,0.014642264866145463,0.024145139923828444,0.0038251366120218584,0.01365275942997627,0.03551912568306011,0.01351808482956024,37,0.050546448087431695,65679,11.722338652514486,16.14889464784941,163.71529464070943,11.661037299576238,15.648472687423975,11.695479860296398,12.443730539296594,243.0352483276665,0.0,False
274,274000,0.03934416143718469,0.00516795865633075,0.020224740599788023,0.05167958656330749,0.0180304335343095,0.025612052730696798,0.003672316384180792,0.01210219104182737,0.03672316384180791,0.009215541207066632,0.03278388278388278,0.004453441295546558,0.016344332308940425,0.044534412955465584,0.013819270398217764,30,0.04048582995951417,65679,11.89442632859583,14.89303076895876,173.35297460577272,11.821367774583758,15.648044472182931,11.850524831991116,12.911214298139129,252.37158308022424,686.5997950737112,True
275,275000,0.044788975021533166,0.0062015503875969,0.023785490291432357,0.059431524547803614,0.021694147081743977,0.04319833852544133,0.00778816199376947,0.02543062457684674,0.07165109034267912,0.026153389704791575,0.0440677966101695,0.006920903954802261,0.024531377446260067,0.06497175141242938,0.023715922338803694,33,0.046610169491525424,65679,11.716098740843783,15.504301084989791,167.23681629807197,11.66778065339602,15.482224956842039,11.696152097478985,12.68616520180843,245.989539033431,0.0,False
276,276000,0.02457002457002457,0.0031941031941031942,0.013013322767838184,0.03194103194103194,0.01021996021996022,0.03498699368264586,0.006688963210702341,0.01824903170100107,0.06020066889632107,0.017985878855444073,0.028981743783443495,0.004674220963172805,0.015230712245197535,0.043909348441926344,0.013508925761050408,25,0.03541076487252125,65679,11.756395044332235,14.863079050242423,173.9215317532461,11.664950479911562,15.213713760953151,11.69467415781944,12.441116680500519,251.5554609270054,649.6586881444277,True
277,277000,0.04144620811287478,0.005291005291005291,0.020571634892866678,0.05026455026455026,0.015426849752246579,0.023951048951048954,0.004545454545454545,0.014884427351375979,0.045454545454545456,0.01645408163265306,0.033591238693279506,0.004956268221574344,0.018018194772197384,0.048104956268221574,0.01588805590263316,33,0.048104956268221574,65679,11.707625744344918,15.471225166402425,167.4020651978858,11.680631678973041,15.162036863192174,11.703577637994789,12.517620928964579,245.64478321775775,0.0,False
278,278000,0.027955555555555553,0.004266666666666667,0.015266517104180859,0.042666666666666665,0.014825396825396825,0.03804347826086957,0.004347826086956522,0.021164972214830824,0.043478260869565216,0.016508152173913045,0.032951996410946614,0.0043068640646029615,0.01818795920474504,0.04306864064602961,0.01565884765750176,41,0.05518169582772544,65679,11.819144504043866,19.197341830423653,182.62165853863422,11.675884807188508,15.54493544286828,11.76053358725726,13.346782912926347,265.9662816233421,613.0748551290421,True
279,279000,0.01800898931000972,0.0033163265306122456,0.00908446398316117,0.03316326530612245,0.010068432134758665,0.03655465833116263,0.005730659025787967,0.023331523076413715,0.05157593123209169,0.023331968890708144,0.026743724112145165,0.004453441295546559,0.015794617321278764,0.04183535762483131,0.016315361052203155,35,0.04723346828609987,65679,11.73430315781765,17.589148813224043,170.41905358003427,11.679403955938694,15.671162563651864,11.753339985764999,12.525971872817676,251.3723839292492,0.0,False
280,280000,0.03596698113207547,0.0047169811320754715,0.018501576625012523,0.04716981132075472,0.016607704402515723,0.0109375,0.0018750000000000004,0.005474847733579885,0.01875,0.005703124999999999,0.025201612903225805,0.0034946236559139786,0.012898682478159776,0.03494623655913978,0.011917562724014336,22,0.02956989247311828,65679,11.732971378602963,14.177898857659077,166.41951160312198,11.669934729646725,15.33367169181954,11.679260231739486,12.18334653410591,243.19659502669566,663.4582912602438,True
281,281000,0.012542517006802721,0.0017857142857142859,0.005547867991826872,0.017857142857142856,0.005232628765792031,0.03088235294117647,0.00392156862745098,0.01594501055340923,0.0392156862745098,0.012077238302728497,0.020582617000955112,0.0027220630372492838,0.010105927624841487,0.027220630372492838,0.008233274207486242,31,0.044412607449856735,65679,11.768605214290684,16.28200680414693,177.5364126916923,11.685318776127884,15.151582591799162,11.697694471096698,12.624266785804528,256.7458873349582,0.0,False
282,282000,0.016676920552889545,0.0028423772609819124,0.009622909590148958,0.028423772609819122,0.009173126614987079,0.05374465575703965,0.0086687306501548,0.026286155066957636,0.08359133126934984,0.02254656248464298,0.03354012966689023,0.005492957746478874,0.017203512814105586,0.05352112676056338,0.015257098144422087,31,0.04366197183098591,65679,11.787409676389249,16.153468613527842,174.99260033032593,11.660809213914769,15.101582241744405,11.689583109653068,12.498568922075792,253.88402210763107,658.5071240545193,True
283,283000,0.02346123101518785,0.003117505995203837,0.016417457296016992,0.03117505995203837,0.015477142095847132,0.05069632844999096,0.006529209621993128,0.025564420936304465,0.06529209621993128,0.020550373643157146,0.034655317672712856,0.004519774011299435,0.020177014385457184,0.04519774011299435,0.017562326248766927,25,0.03531073446327684,65679,11.74981548965337,15.376413246476206,175.57344920407502,11.739158731260968,15.09253795764498,11.68381108732075,12.06557908209338,253.2807647985247,0.0,False
284,284000,0.01608910891089109,0.002227722772277228,0.010908004961612839,0.022277227722772276,0.009934386295772434,0.04605200267660836,0.006624605678233439,0.02160272722975563,0.05993690851735016,0.019199088678583946,0.029262808389021986,0.004160887656033287,0.015610122796566048,0.038834951456310676,0.014007771393346982,30,0.04160887656033287,65679,11.711628953386954,15.031640611201658,168.7491709331246,11.695774554953964,15.009697088175233,11.6975261029717,12.564734128611699,246.4601723724258,631.5355822487378,True
285,285000,0.019061583577712607,0.0029569892473118283,0.0105753748149232,0.026881720430107527,0.009800093872674517,0.027253879079721776,0.005056179775280899,0.013655564469748768,0.0449438202247191,0.012628187979311575,0.023067706103420387,0.003983516483516484,0.012081621404370869,0.03571428571428571,0.011183062968777257,33,0.04532967032967033,65679,11.826272785425695,17.746079635866387,175.94444493074235,11.669985261530957,15.674890408684528,11.690707221678753,12.32866206485328,256.88104230878196,0.0,False
286,286000,0.029861111111111106,0.004427083333333334,0.01589116442456265,0.0390625,0.012958829365079366,0.04036152704707945,0.0073654390934844195,0.02202948778964667,0.0679886685552408,0.022610054408921266,0.03489048265167668,0.005834464043419268,0.018831229754107642,0.052917232021709636,0.017581464969524674,27,0.036635006784260515,65679,11.709075390581303,14.413782495559246,161.46289361423928,11.672688211838977,15.149955304494256,11.680524270918369,12.780303051074249,238.8692223387057,562.3699433683627,True
287,287000,0.035175879396984924,0.004773869346733668,0.020472556610114746,0.04522613065326633,0.018871141421392675,0.026257861635220123,0.005031446540880504,0.0157069100735967,0.03459119496855346,0.014334381551362685,0.031215083798882683,0.004888268156424581,0.018355970578532707,0.040502793296089384,0.016856211758446395,35,0.04888268156424581,65679,11.73364343404204,15.360635091138386,164.637276966334,11.665832896828876,14.959442087431052,11.688634053014235,12.228736387065453,242.27420091585404,0.0,False
288,288000,0.030696833707304912,0.004712041884816755,0.018224752338699548,0.04450261780104712,0.019342641070389764,0.03466445649989954,0.006329113924050633,0.01662938724472545,0.056962025316455694,0.015635674100863972,0.03249306408332196,0.0054441260744985676,0.01750249536205798,0.050143266475644696,0.01766441533633511,20,0.02865329512893983,65679,11.739502382118738,14.007670756432944,170.36702943271086,11.666476226496192,15.091850306098165,11.685684358636594,12.01077858697941,246.5689920494729,658.5167475195997,True
289,289000,0.021318879855465222,0.0032520325203252032,0.011641243456443356,0.02710027100271003,0.008943089430894308,0.024417426545086118,0.0033434650455927053,0.013495519647291891,0.03343465045592705,0.0116333767549573,0.022779369627507165,0.00329512893982808,0.012515250428920674,0.03008595988538682,0.010211147496247781,32,0.045845272206303724,65679,11.754000139779786,17.3984790673154,175.15925306588187,11.669278903753133,15.199562855755522,11.6883427206671,12.30868892149184,255.17760567464464,0.0,False
290,290000,0.0249554367201426,0.0032085561497326204,0.012054071119039915,0.03208556149732621,0.009499405822935235,0.026595744680851064,0.004559270516717325,0.017752426430484997,0.03951367781155015,0.018553094996863997,0.025723091512565195,0.0038406827880512096,0.014720868981721893,0.03556187766714083,0.013736480841744,20,0.02844950213371266,65679,11.746109860377718,13.798077236865103,167.7403596267446,11.663258400212984,15.099119777817194,11.71166456165329,12.460760833360451,244.21935029703135,595.0587797862449,True
291,291000,0.030091002747252744,0.004326923076923077,0.015161076866899836,0.04326923076923077,0.014699710012210014,0.024978614200171084,0.004191616766467066,0.015171509710348646,0.041916167664670656,0.01647538256819694,0.02781428571428571,0.004266666666666667,0.01516572295984904,0.042666666666666665,0.01549047619047619,24,0.032,65679,11.811905225450614,14.932606406031779,167.27001533028974,11.66498448978981,15.149543815845545,11.672930612965926,11.933626840238132,244.43561272061154,0.0,False
292,292000,0.01957885304659498,0.0029569892473118283,0.00875806242383879,0.02956989247311828,0.006496415770609319,0.023020257826887658,0.0035911602209944757,0.012433960192609502,0.03591160220994475,0.011395027624309393,0.021276112624886465,0.003269754768392371,0.01057097113268756,0.0326975476839237,0.008912352406902815,30,0.04087193460490463,65679,11.73955048636155,15.510666347862134,168.7903210624564,11.672001328871806,15.727405074966727,11.707128947519019,12.542529722464613,247.68960297050225,610.6796379809765,True
293,293000,0.028985507246376812,0.0036231884057971015,0.014078268300538677,0.033816425120772944,0.011005674411471513,0.026865671641791045,0.0035820895522388064,0.013477002169470184,0.03283582089552239,0.010082918739635158,0.028037383177570093,0.0036048064085447266,0.013809344196522728,0.03337783711615487,0.010592959925403184,27,0.036048064085447265,65679,11.77433436144737,14.004085045482562,165.06652228623352,11.660806038399363,15.181346598336365,11.678420182792415,12.441231438536926,241.80674595122855,0.0,False
294,294000,0.045201465201465195,0.0056410256410256415,0.02226537394618198,0.05384615384615385,0.016972934472934475,0.025529865125240844,0.0037572254335260123,0.01498211967825836,0.03757225433526012,0.017236673089274245,0.035953674948240165,0.004755434782608696,0.018841452782185276,0.04619565217391304,0.017096920289855072,31,0.042119565217391304,65679,11.70594909544187,15.164076158841189,161.26710651276355,11.664432249453016,15.020661817716219,11.673076974222374,11.940559439538312,238.43586224797653,569.51945042924,True
295,295000,0.029210758377425042,0.004232804232804233,0.019924970543596023,0.042328042328042326,0.021879986562526245,0.029362696029362697,0.005705705705705706,0.013936139865222174,0.05405405405405406,0.011915486915486915,0.029281919049851536,0.004922644163150493,0.017120075162585482,0.04781997187060478,0.01721306900631795,21,0.029535864978902954,65679,11.785062066060892,14.163057552224467,161.0006274686826,11.661228380532851,15.00619232330802,11.683738858569992,12.351336338867203,237.65124298824605,0.0,False
296,296000,0.02000805152979066,0.003140096618357488,0.010200375997472333,0.03140096618357488,0.009359903381642512,0.028760271525544837,0.004180064308681672,0.018406368136060006,0.03536977491961415,0.01791200939110907,0.023762452107279692,0.0035862068965517237,0.013720463659680285,0.03310344827586207,0.013028461959496444,29,0.04,65679,11.736419078089977,14.373407878881528,168.99676407433617,11.69732303080151,15.219479676503722,11.694170481274524,12.63826026184911,246.3558244817365,573.0197022137673,True
297,297000,0.021662245800176835,0.0031830238726790454,0.012426083970017867,0.03183023872679045,0.010709022777988296,0.03861021936864634,0.0064606741573033704,0.02725622263010758,0.06179775280898876,0.02955123060460139,0.02989345806535438,0.0047748976807639835,0.01962871611598231,0.04638472032742155,0.01986021784793954,38,0.05184174624829468,65679,11.7312053264651,15.686744047033185,161.11251186942675,11.663635579084453,15.127481418436561,11.68654876998465,12.680404006398804,239.68853101682953,0.0,False
298,298000,0.028205128205128206,0.00358974358974359,0.01739617919678201,0.035897435897435895,0.016032763532763533,0.029659763313609467,0.0038461538461538464,0.01783824045199061,0.03550295857988166,0.01739809335963182,0.028880494505494504,0.003708791208791209,0.017601421922414574,0.03571428571428571,0.016666666666666666,39,0.05357142857142857,65679,11.752491239080953,15.66786148493593,159.7118184602231,11.662033978815378,14.984707585291579,11.683912680360287,12.714583469214391,238.17740889792162,513.6928680912756,True
299,299000,0.020100502512562814,0.0022613065326633165,0.010406682214981073,0.022613065326633167,0.008577610273590172,0.03562901744719926,0.005234159779614326,0.019564438548522054,0.05234159779614325,0.018044077134986226,0.02750766535260622,0.0036793692509855458,0.014774968087616257,0.03679369250985545,0.01309315228500511,23,0.030223390275952694,65679,11.77792527123911,14.07194703567649,159.24775188536077,11.668145762616655,15.24789676435323,11.684057696609296,12.415118810449322,236.1128432263049,0.0,False
300,300000,0.039178634416729655,0.005026455026455027,0.02136914388305439,0.05026455026455026,0.018768371546149326,0.041684541684541686,0.005705705705705707,0.023847628228217135,0.05105105105105105,0.020323895323895322,0.04035228718773023,0.005344585091420534,0.02252995300673821,0.05063291139240506,0.019496907999017703,29,0.040787623066104076,65679,11.728785494491412,14.342999759997532,160.96498523535118,11.673195110056822,14.987709155922513,11.690776583334062,12.39828595006598,237.7867372892195,534.6983851786946,True
301,301000,0.0216260162601626,0.0036585365853658543,0.01087723732756924,0.03414634146341464,0.010090979481223384,0.04589989350372737,0.00670926517571885,0.027630001073668944,0.06070287539936102,0.02584182767888838,0.03213462425080683,0.0049792531120331955,0.01812981692996095,0.04564315352697095,0.016909811411886102,30,0.04149377593360996,65679,11.748060865651722,15.446110754324671,159.93231818819953,11.657032855300065,15.036566768072968,11.66761016396789,12.14316555253614,237.63086514805298,0.0,False
302,302000,0.030098280098280097,0.0041769041769041775,0.014015549549885008,0.04176904176904177,0.01088881088881089,0.020792079207920793,0.003630363036303631,0.012485318148881881,0.036303630363036306,0.015405469118340405,0.02612676056338028,0.003943661971830986,0.013362507135090716,0.03943661971830986,0.01281634249944109,29,0.04084507042253521,65679,11.697174998603899,14.662950296728816,162.5357044867104,11.677608009019735,14.960995021406909,11.696711640390989,12.401296349134894,239.63244080199564,512.0386224874984,True
303,303000,0.025694444444444443,0.003888888888888889,0.01195462980983391,0.03611111111111111,0.010376984126984127,0.03728070175438596,0.005882352941176471,0.02156153878206905,0.058823529411764705,0.021713597719789667,0.031173743289409465,0.004831625183016105,0.01649786787430236,0.04685212298682284,0.015738223058867278,30,0.043923865300146414,65679,11.728992293374985,14.39066348890572,167.3070519192521,11.662415649982272,14.853782993790032,11.682732570517107,12.386723162838287,244.0123620786605,0.0,False
304,304000,0.022884283246977544,0.0028497409326424875,0.011870635798669914,0.02849740932642487,0.010706061353729748,0.024563221794492152,0.004885993485342019,0.013811989284229411,0.048859934853420196,0.015535649656170826,0.02362805544623726,0.003751803751803752,0.01273065819414865,0.03751803751803752,0.012845575940814036,33,0.047619047619047616,65679,11.735189391931522,14.265698844412311,163.0797752809887,11.690652424872772,14.923028001406768,11.704876207080384,12.626761125344999,240.0259812760375,545.82023273822,True
305,305000,0.0392602495543672,0.0053475935828877,0.020671562156752657,0.05080213903743316,0.01800993124522536,0.035256410256410256,0.00521978021978022,0.018539685138951923,0.046703296703296704,0.01665467469038898,0.03728545618789521,0.005284552845528456,0.019620067259084002,0.04878048780487805,0.017341484922785734,22,0.02981029810298103,65679,11.775377935230313,14.500230894026744,160.99158159402216,11.663352495389079,15.081972056907311,11.67618507721957,12.152977180684976,237.8416772334802,0.0,False
306,306000,0.04314720812182741,0.005583756345177666,0.024419422306109148,0.0532994923857868,0.020711465635323507,0.027120758483033934,0.004790419161676647,0.01409775684922789,0.04790419161676647,0.012900389696796882,0.03579441391941392,0.005219780219780221,0.019683932934408135,0.050824175824175824,0.017127812663526948,22,0.03021978021978022,65679,11.697455605502727,13.856769069342523,158.6010829513762,11.665515102482482,15.05762535894406,11.679399990360828,12.457244471131279,235.0150925491401,596.9378655223123,True
307,307000,0.029021712311867752,0.004145077720207254,0.01668487243292504,0.038860103626943004,0.016263672999424293,0.03243512974051896,0.005089820359281438,0.017278947164412792,0.05089820359281437,0.017036165763710674,0.03060515873015873,0.004583333333333333,0.016960457100031856,0.044444444444444446,0.01662202380952381,25,0.034722222222222224,65679,11.719517307218208,14.124244494234661,161.35614740839245,11.663262060479518,14.991204730530061,11.670219004805693,12.245561043566777,237.77015604922735,0.0,False
308,308000,0.03876769996172981,0.005970149253731343,0.02182600085075791,0.050746268656716415,0.019141198768064437,0.040260420920798276,0.00628930817610063,0.01709436084092976,0.059748427672955975,0.01224543276430069,0.03949462992342012,0.006125574272588055,0.019521771872005458,0.055130168453292494,0.01578307688568025,24,0.036753445635528334,65679,11.729544032418326,13.672791926960803,159.1166506976216,11.749407937855505,14.760668295976664,11.752061324366014,12.611679721330482,235.3928039365294,554.6631652327827,True
309,309000,0.02469135802469136,0.0029100529100529104,0.012335146828370924,0.0291005291005291,0.008909674981103552,0.030854430379746837,0.00569620253164557,0.018643355309373524,0.05379746835443038,0.02121885674100864,0.027497598463016335,0.004178674351585015,0.015207472303870668,0.040345821325648415,0.014514432093682814,26,0.037463976945244955,65679,11.787274503571865,14.459479110745521,162.039744909942,11.660081188386018,14.913859308934851,11.674066621308876,12.327205970635857,238.86171161352496,0.0,False
310,310000,0.02203856749311295,0.003305785123966942,0.013309448201366742,0.03305785123966942,0.01361340679522498,0.027857142857142858,0.003714285714285715,0.015244147944555343,0.037142857142857144,0.01301360544217687,0.024894810659186535,0.0035063113604488078,0.014259160557770685,0.03506311360448808,0.013318974153476255,33,0.04628330995792426,65679,11.697599609616915,15.134664873267534,160.46996485619135,11.661298881998627,14.938918306423021,11.670938024205268,12.962374142472255,238.53575869417497,583.4080184705937,True
311,311000,0.02086720867208672,0.0029810298102981034,0.00971874056528445,0.02981029810298103,0.007730029681249194,0.02552910052910053,0.0041666666666666675,0.012768127020011844,0.041666666666666664,0.01194491685563114,0.023089046493301815,0.0035460992907801418,0.011172065173494953,0.03546099290780142,0.009738826972869525,28,0.03971631205673759,65679,11.805150524346608,16.52916146147043,162.1929366817654,11.662584067567705,14.909389279310625,11.673697333181021,12.516783503668805,241.2897028513106,0.0,False
312,312000,0.04031547619047619,0.00575,0.027124992519847336,0.0525,0.027465277777777776,0.03409961685823755,0.005172413793103448,0.017504446774464003,0.05172413793103448,0.015476190476190475,0.03742360580595874,0.005481283422459893,0.022649123643652957,0.05213903743315508,0.021887467108055343,24,0.03208556149732621,65679,11.73544414120875,14.342053029414714,162.6069409028652,11.689283111154802,15.209970325363864,11.712166253202705,12.196428331168185,239.49228609437822,562.7385219131864,True
313,313000,0.031148867313915855,0.0036407766990291263,0.016413279759138182,0.03640776699029126,0.012367082755432269,0.01698077015297559,0.003625377643504532,0.010536785572937229,0.03625377643504532,0.0121085695103822,0.024837103975731162,0.0036339165545087484,0.013795353008623357,0.03633916554508748,0.012251917366318442,18,0.024226110363391656,65679,11.736145086371774,13.024515620546628,163.27339063709755,11.66593008036787,15.174195149486591,11.679000127468031,12.146330821694029,238.69950752303248,0.0,False
314,314000,0.023474178403755864,0.0033802816901408457,0.013555824778630743,0.030985915492957747,0.011137938743572546,0.03646153846153846,0.0058461538461538455,0.017081235191458904,0.05846153846153846,0.01416117216117216,0.0296813725490196,0.004558823529411765,0.015240763578879497,0.04411764705882353,0.012582866479925304,28,0.041176470588235294,65679,11.721682406568013,14.26778049265498,161.48321755124485,11.699778380835912,14.899566066262082,11.689684347920837,12.699618867101359,238.461328112588,525.6429871996482,True
315,315000,0.027178796046720573,0.0032345013477088954,0.01852360602565647,0.03234501347708895,0.016512642792966242,0.018084066471163243,0.0026392961876832845,0.008349796810073975,0.026392961876832845,0.006003584229390682,0.02282303370786517,0.002949438202247191,0.013651037286171034,0.02949438202247191,0.011479512216871766,24,0.033707865168539325,65679,11.766336930452148,14.186236463681334,167.82555708252934,11.666541814198128,14.997930891824662,11.679928822810881,12.300490116912144,244.42302212240867,0.0,False
316,316000,0.03167115902964959,0.00431266846361186,0.016574188374071843,0.04043126684636118,0.014846190048346383,0.03303482587064677,0.0053731343283582094,0.015195122211693767,0.04776119402985075,0.012208007581141905,0.032318224740321054,0.00481586402266289,0.01591981561996893,0.043909348441926344,0.013594361257250777,24,0.0339943342776204,65679,11.732640527922777,14.089726250859913,166.62826720947876,11.679872379655176,15.038456890659191,11.719525087966476,13.347147667347459,244.23563601388972,631.0148426672823,True
317,317000,0.012967581047381547,0.0014962593516209479,0.006143951470624963,0.014962593516209476,0.004138463365396033,0.03980099502487562,0.006567164179104478,0.020892876827140736,0.05970149253731343,0.017540867093105896,0.025181159420289857,0.0038043478260869567,0.012857117223930377,0.035326086956521736,0.010238742236024844,29,0.03940217391304348,65679,11.72817374461843,14.954322378274432,163.84363185667493,11.666255418013582,15.176065858407695,11.682850351163454,12.266803363747414,241.31810297089996,0.0,False
318,318000,0.020777479892761394,0.002680965147453083,0.008502650044303945,0.024128686327077747,0.005286395165751734,0.034141726866185065,0.005263157894736843,0.022063773463826042,0.04953560371517028,0.021340114993365772,0.02697956577266922,0.0038793103448275866,0.014796102435835033,0.035919540229885055,0.012736612844371466,28,0.040229885057471264,65679,11.699278068988406,15.123968874652949,163.02595181816315,11.661802397477938,14.86978332859712,11.682077677210856,12.58837436995952,240.65123653504995,634.4225261854797,True
319,319000,0.030844444444444445,0.004,0.01294669569198196,0.037333333333333336,0.00964232804232804,0.04371693121693122,0.006349206349206349,0.02520592894164546,0.06349206349206349,0.02236583522297808,0.03672101449275362,0.005072463768115942,0.018543302175523992,0.04927536231884058,0.015450885668276973,24,0.034782608695652174,65679,11.717817671813568,14.687069924912421,163.3158737705531,11.659024330978873,14.907013880433029,11.710045294377469,12.291072198800101,240.28791707186855,0.0,False
320,320000,0.02175582990397805,0.003209876543209877,0.013082136216604801,0.03209876543209877,0.01289339604154419,0.01757188498402556,0.0022364217252396168,0.010631255113949209,0.022364217252396165,0.009850905218317359,0.01993190962550294,0.002785515320334262,0.012013715903051597,0.027855153203342618,0.011567073440332493,18,0.025069637883008356,65679,11.742336406911358,13.71168602418149,163.50426536979046,11.66989864598289,15.000879352466967,11.69093817676714,12.04085947431599,239.3608634504163,626.2264559772634,True
321,321000,0.021778350515463916,0.003350515463917526,0.010307935207815493,0.028350515463917526,0.007391384388807069,0.031384615384615386,0.004615384615384616,0.014745884400725138,0.043076923076923075,0.010862026862026862,0.026157082748948103,0.003927068723702665,0.012330843325200675,0.03506311360448808,0.00897337429595494,33,0.04628330995792426,65679,11.812967958324538,18.019474823771642,179.05939909601543,15.488706573252298,14.95167629630978,11.667198944742552,12.771379808901306,263.7708035013176,0.0,False
322,322000,0.017539267015706808,0.002879581151832461,0.008980413961050147,0.02617801047120419,0.0068239424914817584,0.04142441860465116,0.006395348837209303,0.02104879684359014,0.06395348837209303,0.019337163159837578,0.028856749311294765,0.004545454545454546,0.01469876618087626,0.0440771349862259,0.012753071843980937,21,0.028925619834710745,65679,11.702626162957142,14.168554949206547,161.23799017395135,11.66963860704806,15.316194708403508,11.687982925584484,11.999469095996806,237.7824566231479,619.6905489757876,True
323,323000,0.03887510339123242,0.005210918114143921,0.01884124837722797,0.04962779156327544,0.013894796959313088,0.033673723536737234,0.004657534246575343,0.01706641077217191,0.04657534246575343,0.013465970863231138,0.03640309343434343,0.004947916666666667,0.017997738317533356,0.048177083333333336,0.01369099289021164,16,0.020833333333333332,65679,11.780820795975755,13.65474459130711,161.7524144568172,11.673650628346577,15.301214223023551,11.672092758624464,11.895373097148276,237.73031055124295,0.0,False
324,324000,0.02921401515151515,0.003693181818181818,0.012143554557132848,0.036931818181818184,0.008486652236652237,0.029154078549848937,0.00513595166163142,0.015463017577927316,0.04833836858006042,0.015822663405744977,0.02918496827720839,0.004392386530014641,0.013752254791222114,0.0424597364568082,0.012041878732947547,32,0.04685212298682284,65679,11.741139199744621,14.801741848424754,161.76655196098454,11.666254216835537,14.880442272630079,11.687142951133378,13.19371859165308,239.736991041406,606.91694431389,True
325,325000,0.03577127659574468,0.00425531914893617,0.018917173014214778,0.0425531914893617,0.014745862884160755,0.04882677708764665,0.006956521739130434,0.026087420061646473,0.06376811594202898,0.02137451115711985,0.042018360742355196,0.005547850208044383,0.02234815114370706,0.052704576976421634,0.017917684873302073,27,0.03744798890429958,65679,11.72636616308953,13.681161393941377,163.1871017274966,11.66819142689457,15.015835541809519,11.67392459691663,12.423484079676639,239.37606492982485,0.0,False
326,326000,0.016666666666666666,0.002,0.008115630190259461,0.02,0.00587797619047619,0.02815533980582524,0.004207119741100325,0.012739439989202742,0.042071197411003236,0.0124145990650845,0.02167371885284438,0.0029619181946403386,0.010130802585003432,0.029619181946403384,0.008726800546264579,14,0.019746121297602257,65679,11.69985129639839,12.51941534166634,161.55574106754833,11.666138378857438,15.000772105588922,11.680545945635945,12.90961998812179,237.03208412381716,568.0512223024404,True
327,327000,0.023122109736282967,0.003412073490813649,0.011295960857128822,0.03412073490813648,0.01008936382952131,0.040420002809383335,0.00648967551622419,0.02238582663394806,0.058997050147492625,0.02196235426323922,0.03126653439153439,0.004861111111111111,0.01651743932704788,0.04583333333333333,0.01567956349206349,26,0.03611111111111111,65679,11.717333970706623,14.576180511066683,163.95241387104355,11.676268472426976,14.99689641723534,11.69531445927019,12.17465534281148,240.78906304456086,0.0,False
328,328000,0.021293916023993144,0.0030848329048843194,0.010923827609769215,0.030848329048843187,0.0093259068837475,0.03850190213826577,0.005509641873278237,0.024082231994579824,0.05234159779614325,0.023518737155100795,0.029600430597771024,0.00425531914893617,0.01727555738594774,0.041223404255319146,0.01617696724079703,30,0.0398936170212766,65679,11.722833008265265,14.09343960143139,159.45529186150998,11.662400649509186,15.145698391977325,11.679649028151218,12.243279085610848,236.0025916264552,588.2357876300093,True
329,329000,0.043937680613142356,0.006596306068601583,0.022943189325647227,0.06068601583113457,0.020857938602001927,0.03464912280701755,0.004678362573099415,0.017244319406910704,0.04678362573099415,0.01295019957300659,0.03953173502410673,0.005686546463245492,0.02023998057085126,0.05409153952843273,0.017106972238733677,26,0.036061026352288486,65679,11.73603197582307,16.12251671573306,167.37354764037593,11.661433472837102,14.962683379859953,11.665253338510873,12.285420894320165,245.80688741746016,0.0,False
330,330000,0.024791666666666667,0.0032500000000000007,0.01316784322131943,0.0325,0.0109265873015873,0.030559130559130558,0.0048048048048048055,0.017210871994319626,0.04504504504504504,0.016449783116449783,0.02741181056324303,0.003956343792633016,0.01500458071300983,0.03819918144611187,0.01343576084367353,21,0.0286493860845839,65679,11.728133593819079,13.707022813086445,163.21585594319953,11.664438332587013,15.075336110947912,11.6754339649916,12.252635509441001,239.3188562680726,561.9933268366794,True
331,331000,0.012077294685990336,0.002318840579710145,0.009299180391293736,0.02318840579710145,0.012270531400966183,0.03684131959994029,0.00658307210031348,0.02122537355517567,0.05642633228840126,0.021137483206448725,0.023974469305794603,0.004367469879518073,0.01502878222755629,0.0391566265060241,0.016530407343660354,29,0.043674698795180725,65679,11.716292622448998,13.815089062951813,161.28683396646193,11.672041916183096,14.854973175076891,11.682929670076003,12.964251129204962,237.9924115424037,0.0,False
332,332000,0.014595103578154424,0.0025423728813559325,0.00958165545609395,0.022598870056497175,0.01033427495291902,0.01800057372346529,0.0030120481927710845,0.010113812133668966,0.030120481927710843,0.010098728246318607,0.01624323198667222,0.0027696793002915453,0.009839200670313929,0.026239067055393587,0.010220278587625526,21,0.030612244897959183,65679,11.724114307998246,13.551882757589784,163.08613466178846,11.658864560309956,14.935991449915864,11.683333868445223,12.438859228774968,239.0791808348225,547.7037787079975,True
333,333000,0.022206703910614526,0.0030726256983240226,0.010998393884598842,0.030726256983240222,0.01034628003901747,0.023940269749518305,0.004046242774566474,0.012675674047785267,0.04046242774566474,0.010171804752729607,0.023058712121212122,0.0035511363636363635,0.01182273896480126,0.03551136363636364,0.0102605294011544,20,0.028409090909090908,65679,11.720071434712098,13.964672934935196,161.86875228635378,11.663822563817705,14.894066535042771,11.670687592141293,11.931025724526423,237.71309907152929,0.0,False
334,334000,0.019776745386501482,0.0035230352303523044,0.008976889116261363,0.032520325203252036,0.008532283735535768,0.030317928548017042,0.004424778761061947,0.016015267400245916,0.04424778761061947,0.01507702392658145,0.024824006815532235,0.003954802259887006,0.012346960074270916,0.038135593220338986,0.011665994081248318,30,0.0423728813559322,65679,11.705142514611966,14.694261514208717,163.48728599102634,11.65722502535771,14.901117117438467,11.666468510557193,12.4644559114373,240.57595658463774,531.3241954080228,True
335,335000,0.04512239678480087,0.006138107416879797,0.027929140771044445,0.058823529411764705,0.026321398124467172,0.023175542406311637,0.0035502958579881664,0.01352038147845032,0.03550295857988166,0.014204705550859398,0.03494676334182507,0.004938271604938272,0.021248536325369802,0.04801097393689986,0.020703507740544774,20,0.027434842249657063,65679,11.733781860367998,14.07239584061415,165.88413780502242,11.662277665219767,15.026062873901846,11.673821361690706,12.127852476784273,242.18032988360116,0.0,False
336,336000,0.03068283917340521,0.005390835579514825,0.01557816328958975,0.04582210242587601,0.014715697599794632,0.02089627391742195,0.00392749244712991,0.013260993256587307,0.03625377643504532,0.016057641586342493,0.026068376068376066,0.004700854700854701,0.01448559451334501,0.04131054131054131,0.015348437570659791,17,0.024216524216524215,65679,11.690493362470633,13.563178124648134,163.19852162763326,11.661998641415705,14.848348849433313,11.672143201829632,11.971632590146442,238.6063163975771,613.1488764698767,True
337,337000,0.0353988603988604,0.0041666666666666675,0.018159444814964936,0.041666666666666664,0.014139109347442681,0.017701863354037266,0.003726708074534162,0.012072733744368503,0.037267080745341616,0.012334861480824213,0.027043386720806077,0.003958944281524927,0.015285660409199467,0.039589442815249266,0.01328725038402458,17,0.024926686217008796,65679,11.763648011697825,15.002776564382314,172.4057643102961,11.65907770239727,14.808613158528994,11.670113834044704,11.969101024827955,249.27909460617516,0.0,False
338,338000,0.03307223672758921,0.004177545691906005,0.017740096933598355,0.04177545691906005,0.01369617472750632,0.03028169014084507,0.004507042253521127,0.018379842820812273,0.04225352112676056,0.019580818242790073,0.03172990063233965,0.004336043360433604,0.018047833776363858,0.04200542005420054,0.016526863681335224,22,0.02981029810298103,65679,11.692937246871038,14.211564996896575,165.59199657048552,11.666977715041327,15.132411877505358,11.684088008362403,12.318025191998538,242.29800160716076,517.4562743424094,True
339,339000,0.015731292517006803,0.0027472527472527475,0.00818846858209739,0.027472527472527472,0.00840964590964591,0.02937216553287982,0.005357142857142857,0.017810929139147454,0.041666666666666664,0.014866780045351474,0.02227891156462585,0.004,0.01280724964948142,0.03428571428571429,0.011509070294784582,14,0.02,65679,11.712879812025845,13.11452598945495,166.8301005375572,11.664469011796186,14.915712736096598,11.67628507003915,12.063691588293235,241.97766474526316,0.0,False
340,340000,0.02998345740281224,0.0037220843672456576,0.01644241030877475,0.03722084367245657,0.014015912403009178,0.0351207729468599,0.005507246376811594,0.017417864257397556,0.05507246376811594,0.01724407637451116,0.032352941176470584,0.004545454545454545,0.016892318881334738,0.045454545454545456,0.015504838298955947,21,0.02807486631016043,65679,11.730902167217394,13.45430258803404,162.96212305763612,11.658670306474717,15.079367992276715,11.669683567056,11.970418243273384,238.52546792196836,558.4766501818273,True
341,341000,0.029649595687331536,0.003504043126684637,0.017173358403245204,0.03504043126684636,0.014536003080477472,0.057415336706889836,0.007356948228882834,0.03072180003656384,0.07084468664850137,0.024972968297218977,0.043457220286488574,0.005420054200542005,0.023910862575911785,0.052845528455284556,0.01972620123026627,26,0.03523035230352303,65679,11.804775981283377,16.809989119487277,165.95627256449364,11.664934226690571,15.046809136387562,11.673089816255366,12.247585199548494,245.2034560441463,0.0,False
342,342000,0.018708333333333334,0.0027500000000000003,0.008462279151153457,0.025,0.006197420634920634,0.029483282674772033,0.00425531914893617,0.018106058441561677,0.03951367781155015,0.018667679837892602,0.023571101966163695,0.003429355281207133,0.01281454717110449,0.03155006858710562,0.011825287956975199,24,0.03292181069958848,65679,11.700836744149568,13.644486630742803,164.82404139003813,11.665310047120903,15.108716649087084,11.680649524919984,12.344245749695837,240.96828673575428,525.652042214414,True
343,343000,0.017714285714285714,0.0029333333333333334,0.011794509045402196,0.029333333333333333,0.013673015873015873,0.03128930817610063,0.005031446540880504,0.020527294358119254,0.050314465408805034,0.02349256264350604,0.023943516800659655,0.0038961038961038965,0.01580176118024206,0.03896103896103896,0.01817895508371699,22,0.031746031746031744,65679,11.905967308351029,17.25531266538738,173.97352407866327,11.661550324254533,14.865832432459092,11.685394000232607,12.228647071871324,253.57622788121924,0.0,False
344,344000,0.011479591836734694,0.0017857142857142857,0.005808791444488009,0.017857142857142856,0.005728660511823777,0.04109062980030722,0.008064516129032258,0.019762559212768368,0.06451612903225806,0.01713133640552995,0.024555691222357887,0.004558404558404559,0.011970711684042012,0.038461538461538464,0.010764030208474652,28,0.039886039886039885,65679,11.744156965282082,16.00647108296327,164.34594540071234,11.6591370095398,14.927066250142174,11.674194195843146,12.704639321348132,243.06161022583092,610.876539791444,True
345,345000,0.017982456140350878,0.002105263157894737,0.009239556308115304,0.021052631578947368,0.006812865497076022,0.015700483091787436,0.002318840579710145,0.010966403757263803,0.02318840579710145,0.011086956521739131,0.01689655172413793,0.002206896551724138,0.010061297508054935,0.022068965517241378,0.008846743295019157,30,0.041379310344827586,65679,11.77768840512905,15.855270744880023,169.85036657912732,11.670673938896092,15.089816520735821,11.686863880228104,12.250812111591625,248.18149218058804,0.0,False
346,346000,0.034323858742463395,0.005943152454780361,0.020040639402390363,0.05167958656330749,0.020969197325786473,0.03061801881246326,0.005555555555555557,0.019352442599619903,0.04938271604938271,0.019357485792670978,0.03263512155917219,0.0057665260196905765,0.019727030732773442,0.05063291139240506,0.020234746500569285,18,0.02531645569620253,65679,11.757371752407764,14.285265687086213,166.32373274064193,11.672109822474797,14.994808525903291,11.68320563221803,12.354059477387436,243.07055363811946,567.176111628015,True
347,347000,0.034222222222222216,0.004533333333333334,0.017078144775012738,0.042666666666666665,0.013003174603174602,0.03234463276836158,0.005084745762711865,0.019646648558957164,0.05084745762711865,0.020380459151645595,0.03331047096479195,0.004801097393689987,0.018325401756516615,0.04663923182441701,0.016585559692555575,27,0.037037037037037035,65679,11.79023655906164,15.631806441124274,172.13567936724684,11.664835028124543,15.108995031931638,11.690538929076677,12.946766360488748,250.96885771705433,0.0,False
348,348000,0.032325776658270355,0.004534005037783376,0.019993358969302193,0.04030226700251889,0.019254528007676623,0.014944034293879494,0.0027863777089783283,0.011358604752909588,0.02476780185758514,0.012464985994397758,0.0245281339031339,0.0037500000000000003,0.016119712286114952,0.03333333333333333,0.01620866402116402,23,0.03194444444444444,65679,11.739595326548669,15.024159230991874,166.94239312725622,11.665323919024528,15.027348082619074,11.675034811642337,12.651462654555967,244.7253171526387,558.0526417101605,True
349,349000,0.01646778667504056,0.0031088082901554407,0.0094323603369201,0.02849740932642487,0.008358006415001234,0.045974310776942355,0.0062499999999999995,0.026075666351402016,0.0625,0.025071794068504596,0.02946776251124077,0.004492753623188406,0.01676506327663387,0.043478260869565216,0.015721762134805615,14,0.020289855072463767,65679,11.755898960935651,14.104870617370757,178.17258186392237,11.67021585618544,15.076693472032554,11.680289292603785,11.880826371157838,254.34137643420843,0.0,False
350,350000,0.017914438502673796,0.00267379679144385,0.009728230555430288,0.026737967914438502,0.009171547406841524,0.009429153924566768,0.0018348623853211012,0.004728144530104418,0.01834862385321101,0.0045871559633027525,0.013956252971944841,0.002282453637660485,0.007395808115656308,0.02282453637660485,0.007033036704933995,26,0.037089871611982884,65679,11.782333473653317,15.396083904023472,166.78535385314385,11.681231062432573,15.114723371845162,11.69662500885571,13.63305513210622,246.0894058060603,575.6036650180207,True
351,351000,0.03236914600550964,0.004132231404958678,0.01987136200239136,0.04132231404958678,0.01960514233241506,0.031563421828908554,0.005309734513274337,0.016099304076611688,0.05014749262536873,0.015167158308751226,0.03198005698005698,0.004700854700854701,0.018049812662164426,0.045584045584045586,0.017462013295346628,24,0.03418803418803419,65679,11.768565019082411,14.204387500493798,169.98397692438715,11.670044295725157,15.000134722387148,11.685583396481292,12.319953745620893,246.63264560417784,0.0,False
352,352000,0.02807017543859649,0.0034210526315789475,0.01439646170266725,0.034210526315789476,0.010921052631578946,0.021769662921348316,0.0030898876404494386,0.013153485298356063,0.03089887640449438,0.013634742286427682,0.025022644927536232,0.003260869565217392,0.013795239420147164,0.03260869565217391,0.012233652518978604,22,0.029891304347826088,65679,11.788390667510917,14.57632659673802,164.58415007250537,11.66441549213526,15.043554144833493,11.673139690471235,12.62947236965739,241.95944903385166,540.1841902970828,True
353,353000,0.030892255892255895,0.005050505050505051,0.017029057720229727,0.045454545454545456,0.01702541285874619,0.03167115902964959,0.004043126684636119,0.01801032918345076,0.04043126684636118,0.016722286398836265,0.0312690134724033,0.0045632333767926985,0.017503701413652154,0.04302477183833116,0.01687878976014569,31,0.04041720990873533,65679,11.752473413534359,16.90705982670959,167.70547976202587,11.666176040897591,15.219377228481434,11.687790570258372,12.53753844146499,247.47589528337218,0.0,False
354,354000,0.020157325467059978,0.002359882005899705,0.01243659004168328,0.02359882005899705,0.010377159713442899,0.04690816326530613,0.0074285714285714285,0.02532884506628198,0.07142857142857142,0.021927437641723356,0.0337462851613795,0.0049346879535558785,0.018985631055630368,0.047895500725689405,0.016244499735065775,28,0.040638606676342524,65679,11.747788076860166,13.79119401073714,164.7801864441134,11.664336205308157,14.894442259799634,11.686440060526548,12.52983639610239,241.09422345344743,595.3448549237405,True
355,355000,0.02680365296803653,0.003287671232876713,0.01301373932335067,0.03287671232876712,0.010114155251141553,0.029832347140039444,0.004437869822485207,0.013274753712532847,0.04142011834319527,0.00928547947778717,0.028259838786154578,0.0038406827880512096,0.01313923415058193,0.03698435277382646,0.009715730768362348,19,0.02702702702702703,65679,11.769425270924394,14.060805562848833,177.21865419317862,11.664530342042623,15.1194694952006,11.68131639917025,12.073591915962023,253.58779317932732,0.0,False
356,356000,0.021025641025641025,0.0030769230769230774,0.011409285446602139,0.03076923076923077,0.011847781847781846,0.032368596141051226,0.005089820359281438,0.020476937142558563,0.05089820359281437,0.01986384374108925,0.026258440761203188,0.004005524861878454,0.015592428632305791,0.04005524861878453,0.01554579935104797,23,0.031767955801104975,65679,11.739321828713178,14.202111685013286,166.03263844927608,11.661718129302168,15.021996264102944,11.685663316357564,12.369640545323302,242.7130902180885,552.2441481069507,True
357,357000,0.01994818652849741,0.0028497409326424875,0.010184195153778086,0.02849740932642487,0.009135208487540094,0.01935234456724428,0.0028653295128939827,0.010901515276708497,0.02865329512893983,0.010156001273479784,0.01966526293056905,0.002857142857142857,0.010524800218951845,0.02857142857142857,0.009619911456646152,25,0.034013605442176874,65679,11.796590286938802,15.785915977645226,165.8796840941501,11.685230682872971,15.168207379040455,11.698419223549195,12.813556326624065,244.8276039708208,0.0,False
358,358000,0.024864864864864864,0.0032432432432432435,0.01379442178413379,0.02972972972972973,0.011402831402831402,0.027345421480530593,0.004878048780487805,0.018809633912206046,0.042682926829268296,0.021197493224932248,0.02603051324586538,0.0040114613180515755,0.01615114037726803,0.03581661891117478,0.01600548051121117,28,0.04011461318051576,65679,11.796355748133758,15.112077093482057,165.963738109981,11.681194015289442,14.968541313081785,11.680582957862562,12.375227625038843,243.5777168628694,618.967190393227,True
359,359000,0.021533161068044787,0.0028423772609819124,0.010522468987614718,0.028423772609819122,0.00864505147450884,0.03195164075993091,0.0038860103626943004,0.01722003966353997,0.038860103626943004,0.013601036269430052,0.026735661923242775,0.0033635187580853825,0.013866922132384638,0.03363518758085381,0.011119838189695887,19,0.02457956015523933,65679,11.779925813526493,14.13406696956776,173.1210235198788,11.671980823524386,15.363354879144309,11.698355841832653,12.47147478933286,250.24018263680728,0.0,False
360,360000,0.013959390862944163,0.002284263959390863,0.009941195802005904,0.02030456852791878,0.010702199661590524,0.03913690476190476,0.005357142857142857,0.01741908314347881,0.05357142857142857,0.013760156840513984,0.02554794520547945,0.0036986301369863017,0.013383072715341377,0.03561643835616438,0.012109697760382692,16,0.021917808219178082,65679,11.755032425231349,14.287702690990445,165.9708677529681,11.661596903883575,15.08524275409262,11.672319743999404,12.263655156358189,242.6964174275237,598.087107393508,True
361,361000,0.028894472361809045,0.003266331658291458,0.016397230459366842,0.032663316582914576,0.013145090532025205,0.020421810699588476,0.004012345679012346,0.011894937697591177,0.040123456790123455,0.012978884969625713,0.025092336103416435,0.003601108033240997,0.014376810992863635,0.036011080332409975,0.013070505210394406,19,0.02631578947368421,65679,11.81014557216642,14.392828187242968,185.92426817676255,11.68217322899956,15.402234238265367,11.71886962808566,12.849230712597137,263.77974974411967,0.0,False
362,362000,0.0192495126705653,0.0023391812865497076,0.012550659388347096,0.023391812865497075,0.011005523066926575,0.045842217484008525,0.00626865671641791,0.023310950399062984,0.0626865671641791,0.019368633025349444,0.032408384328620664,0.004283604135893649,0.017875175619646685,0.04283604135893648,0.015143841879440107,29,0.04283604135893648,65679,11.809726734285375,16.618511000321412,167.38444231159667,11.667500876583192,15.025462606177431,11.701124356083836,12.668578053098845,246.87534593814678,703.5266202860269,True
363,363000,0.03858290304073437,0.004518072289156626,0.02028353653130037,0.045180722891566265,0.017090982979537196,0.028922193877551024,0.00505952380952381,0.015154615879254776,0.047619047619047616,0.013003117913832199,0.033723624180211006,0.004790419161676647,0.01770372015542115,0.04640718562874251,0.015034811329721509,17,0.025449101796407185,65679,11.826169581591328,17.031358736346867,171.64973981489973,11.670872318125802,15.118728092011757,11.717022999457871,12.351973207369582,251.36586474980294,0.0,False
364,364000,0.021929824561403504,0.002368421052631579,0.009978501949705074,0.02368421052631579,0.00643483709273183,0.041158900836320185,0.005645161290322581,0.024742916358751595,0.056451612903225805,0.02380845707458611,0.03144208037825059,0.003989361702127659,0.017282175035031277,0.0398936170212766,0.015029234211415063,26,0.034574468085106384,65679,11.784502103789896,15.202229331129358,180.44314558682274,11.665345374001213,15.521831793485763,11.707492851814605,12.090214044274683,258.4147610853183,702.3984463530031,True
365,365000,0.03853296193129062,0.004735376044568245,0.020175602136708916,0.04735376044568245,0.016832471150019897,0.02800925925925926,0.0038888888888888888,0.014720542110600804,0.03888888888888889,0.012210097001763669,0.0332637923041261,0.004311543810848402,0.017444278618768832,0.043115438108484005,0.014518069629335276,24,0.03337969401947149,65679,11.765293736087923,15.940573650924383,169.8970585900794,11.670859798057487,15.050024734009071,11.683566443404514,13.026142816618957,249.03351976918174,0.0,False
366,366000,0.04530381332706914,0.006976744186046512,0.025780189218778365,0.06201550387596899,0.025713670481112342,0.042446145124716554,0.00625,0.023258164703624264,0.05952380952380952,0.02233560090702948,0.04397576835336171,0.006639004149377594,0.02460812803331256,0.06085753803596127,0.02414377922676678,13,0.017980636237897647,65679,11.724876741420198,14.058943564904114,167.20000070133412,11.671928744710902,15.072378069774794,11.680755195253578,12.100496652456272,243.50937966985396,735.8534727065492,True
367,367000,0.01926129426129426,0.0038461538461538464,0.010006322835775228,0.035897435897435895,0.011212861212861214,0.034722222222222224,0.0056547619047619055,0.02093846693482153,0.05654761904761905,0.021725009448223732,0.026416765053128687,0.004683195592286502,0.015065827542771863,0.045454545454545456,0.01607798766889676,17,0.023415977961432508,65679,11.753764120991939,13.143343297633558,177.065342423538,11.67014136949085,15.204128041512721,11.69616604937418,12.137329995554058,252.67021529809531,0.0,False
368,368000,0.01968174204355109,0.002763819095477387,0.010789384455055666,0.02512562814070352,0.00992462311557789,0.032703488372093026,0.004651162790697674,0.017035718801241648,0.046511627906976744,0.013860049833887042,0.02571877807726864,0.003638814016172507,0.013685259138462642,0.03504043126684636,0.011749133615710436,14,0.018867924528301886,65679,11.74459362965341,13.36217427075348,182.15074596777959,11.66587710563216,15.281014526358216,11.699887145610877,11.918195412602417,257.82248805839015,861.3159330151942,True
369,369000,0.019620811287477953,0.0026455026455026454,0.010552039394715287,0.026455026455026454,0.009549004787100026,0.03540489642184557,0.005649717514124294,0.01585710577829086,0.05649717514124294,0.015068155322392609,0.027254098360655732,0.004098360655737705,0.013117604285132981,0.040983606557377046,0.01221810217711857,16,0.02185792349726776,65679,11.738327852228725,12.976977180473304,179.87977739150617,11.669775063394283,15.194876565899351,11.697923464781823,12.832828535175311,255.99048605345897,0.0,False
370,370000,0.018292682926829267,0.002168021680216802,0.008692083369598475,0.02168021680216802,0.007771970576848626,0.042137476459510353,0.005649717514124294,0.02469266933196499,0.05367231638418079,0.021704331450094164,0.029967727063162745,0.0038727524204702625,0.01652639516859951,0.03734439834024896,0.014593624448396235,22,0.030428769017980636,65679,11.738807757816216,13.703994027391975,180.4833002323203,11.675241409853099,15.237922128319425,11.696574831410178,12.789132902812916,257.32497328992406,656.9978558904899,True
371,371000,0.016689373297002725,0.001907356948228883,0.007420392164048199,0.01907356948228883,0.005154405086285195,0.03876592890677398,0.005633802816901409,0.025223097619200146,0.05070422535211268,0.023920187793427233,0.027544189420920726,0.003739612188365652,0.01617379997094424,0.03462603878116344,0.014381348107109879,27,0.037396121883656507,65679,11.776027101617625,14.775645660852765,187.97039973331152,11.6698619783695,15.163289509040334,11.700899614136562,12.090464291542036,265.1465878888704,0.0,False
372,372000,0.033677863910422046,0.0041343669250646,0.018393360750293204,0.041343669250646,0.015643328821623396,0.024071887708251343,0.004132231404958678,0.01223575648304162,0.030303030303030304,0.010498928680746863,0.02902857142857143,0.0041333333333333335,0.015413080284943438,0.036,0.013153439153439151,30,0.04,65679,11.743821021120704,15.2433316112921,180.82443108394241,11.657688144789402,15.256305287369987,11.683125024863905,12.18176524869774,258.59046742207624,705.7301281972184,True
373,373000,0.024336283185840708,0.0026548672566371685,0.009371325695782216,0.02654867256637168,0.005111907103057545,0.013684339715267552,0.0023195876288659794,0.007324082700990677,0.023195876288659795,0.006550687285223369,0.01865133949040414,0.0024759284731774417,0.00827871182786046,0.024759284731774415,0.005879784284185935,26,0.03576341127922971,65679,11.793577950114376,15.182015818571148,175.5552357688983,11.682732058454492,23.701260365910358,11.684618494267607,12.538750091245499,262.13819054746176,0.0,False
374,374000,0.031189083820662766,0.0038011695906432757,0.01706932983242091,0.038011695906432746,0.014586234103777962,0.026512931888185435,0.005747126436781609,0.01720645498261419,0.05459770114942529,0.01952654625068418,0.028830676759065504,0.004782608695652175,0.01713848860382274,0.0463768115942029,0.0170778697952611,22,0.03188405797101449,65679,11.750400031873554,14.174185464815858,171.9321091435966,11.66782025610602,15.035425013298909,11.685114798376528,12.291004281073103,248.53605898914057,818.1865338170169,True
375,375000,0.030634469696969698,0.004261363636363636,0.013205334825193314,0.03977272727272727,0.008897005772005771,0.030515297906602255,0.004347826086956522,0.017805098601079983,0.043478260869565216,0.01475845410628019,0.030575482225410486,0.00430416068866571,0.015482118903645106,0.04160688665710186,0.011798296554394115,22,0.03156384505021521,65679,11.749686392448222,13.216794560094725,170.62963514460904,11.662684197000228,15.223372044737005,11.7122447275686,12.897044318255224,247.09146138471303,0.0,False
376,376000,0.028306878306878305,0.003968253968253968,0.014151809057995682,0.03968253968253968,0.011301125388426975,0.017546882178507285,0.003746397694524496,0.010662757361644546,0.03170028818443804,0.014500709025204702,0.023156921539230383,0.003862068965517242,0.012481876728845554,0.03586206896551724,0.012832512315270933,23,0.031724137931034485,65679,11.757221957620079,14.033903454141461,169.56211027605028,11.65540392933373,15.165716673454233,11.698219455957837,12.36644785637675,246.23902360293434,797.4257153450237,True
377,377000,0.035562825639161515,0.004325699745547073,0.020325062416510574,0.04071246819338423,0.017726887192536046,0.01730225988700565,0.0022598870056497176,0.00816115121414789,0.022598870056497175,0.006034212178279975,0.02690922419838082,0.0033467202141900937,0.014560638633864803,0.0321285140562249,0.012185780157667707,19,0.025435073627844713,65679,11.715546544055488,13.751664379252349,168.4979813906251,11.667654688685136,15.186581729748072,11.681569991983665,12.122195904434863,244.6231946287847,0.0,False
378,378000,0.017004504504504504,0.0024324324324324327,0.007075693704863476,0.024324324324324326,0.004451951951951952,0.03625478927203065,0.005172413793103449,0.02413869804195605,0.05172413793103448,0.02536261631089217,0.026334726090993497,0.0037604456824512538,0.015345784943454305,0.037604456824512536,0.014586925763805986,16,0.022284122562674095,65679,11.69873309342373,13.468815290712532,170.89765871386442,11.672410983515347,15.162136830199069,11.697937112253864,12.325252686989918,246.9229447109589,760.5243644114579,True
379,379000,0.03523662551440329,0.004629629629629629,0.022456723130121425,0.046296296296296294,0.0220679012345679,0.04109536576024512,0.005898123324396784,0.026533978524601112,0.05630026809651475,0.026027703306523677,0.03837193413950946,0.0053084648493543765,0.024638668986851586,0.05164992826398852,0.0241869918699187,18,0.02582496413199426,65679,11.7318513715714,13.190147913205719,170.4856478698391,11.665429336393807,14.991732409125325,11.682444814753445,12.92005960951137,246.66731332440014,0.0,False
380,380000,0.03113658070678128,0.004011461318051576,0.014900891326879304,0.04011461318051576,0.013796789011688725,0.027164502164502165,0.004,0.013217531866842777,0.037142857142857144,0.012253968253968257,0.029147700177743097,0.004005722460658083,0.014058007477075607,0.03862660944206009,0.013024275041442424,14,0.020028612303290415,65679,11.703825225972686,13.397289277822244,171.69091839638884,11.660215559122777,15.080144439016951,11.695413979023739,11.86236763464632,247.09017451199352,642.4849829524404,True
381,381000,0.026201201201201202,0.0032432432432432435,0.013640120450920952,0.032432432432432434,0.010850493350493349,0.02883392487429754,0.006211180124223602,0.021547041219355464,0.059006211180124224,0.031223503894311347,0.027426254702266263,0.004624277456647399,0.017319352369180942,0.044797687861271675,0.02033042022203872,14,0.02023121387283237,65679,11.727489746177211,13.787863077541207,167.94018379640008,11.663909971482145,14.978014197253309,11.68126646750034,11.829289995740622,243.60801725209492,0.0,False
382,382000,0.0293576087854017,0.004632152588555859,0.016408503757044186,0.043596730245231606,0.015554041780199817,0.04507113821138212,0.0067073170731707325,0.01837897843125742,0.06402439024390244,0.012814556716995742,0.03677349029867015,0.005611510791366907,0.01733845439465849,0.053237410071942444,0.014261162498572568,12,0.017266187050359712,65679,11.700343165665927,12.894209185043692,168.51429688588547,11.663365613312493,14.992360087257017,11.68978372875773,12.023937302291232,243.4782959682136,891.454766744404,True
383,383000,0.019283746556473826,0.0027548209366391185,0.010145679020094778,0.027548209366391185,0.008504963050417595,0.024251497005988023,0.0038922155688622755,0.01210648355777128,0.03293413173652695,0.012279013401767893,0.02166427546628407,0.0032998565279770448,0.011085289802855109,0.03012912482065997,0.010313474983489331,26,0.03730272596843615,65679,11.77076418534817,15.978903688679269,184.99295512233726,11.671543989677513,15.101710309550764,11.697826304335468,13.211181713851383,264.42488531377984,0.0,False
384,384000,0.021490094745908697,0.0033591731266149867,0.012918856000225387,0.028423772609819122,0.01191091423649563,0.052721088435374146,0.006122448979591837,0.020582952030706092,0.061224489795918366,0.012725021981581746,0.03616438356164384,0.004657534246575342,0.016519931258382758,0.043835616438356165,0.01229343335507719,17,0.023287671232876714,65679,11.771535135179922,14.379615089987752,174.80895217961145,11.66701751822985,15.102218159729341,11.682891200293088,12.111599115044447,251.52382839807584,758.981057525171,True
385,385000,0.012054794520547946,0.0019178082191780824,0.004867701068729714,0.01643835616438356,0.003682322243966079,0.0353707886316582,0.006211180124223602,0.0187861901980375,0.052795031055900624,0.019482648131716455,0.0229831061708791,0.003930131004366812,0.011391359729045737,0.033478893740902474,0.011088006284512834,16,0.023289665211062592,65679,11.86175612710727,15.412956252486287,187.51808776357183,11.669673219694143,15.029038602509814,11.7004842724866,12.17847572779207,265.370471965648,0.0,False
386,386000,0.0246415770609319,0.0034946236559139786,0.018072657372775854,0.03225806451612903,0.017921146953405017,0.04311175337186897,0.005491329479768787,0.023201535740593388,0.05491329479768786,0.019398568676025324,0.033542246982358394,0.004456824512534819,0.020544233856431657,0.04317548746518106,0.018633107839235972,17,0.023676880222841225,65679,11.76082611997753,13.174853814995613,173.11870161415555,11.667034997442371,15.098181479822337,11.694484775226499,12.119418127287673,248.63350092890755,768.8973881578853,True
387,387000,0.03175046554934823,0.003910614525139664,0.014465220619462212,0.03910614525139665,0.009981599716236588,0.038267875125881166,0.0075528700906344415,0.022679486969646452,0.07250755287009064,0.026266004891382536,0.03488147073052733,0.005660377358490566,0.01841140663094405,0.055152394775036286,0.017804731955675356,21,0.030478955007256895,65679,11.756654144129408,13.924439789148035,176.8553366683634,11.669698720989663,14.975208727258105,11.694428588782113,12.223489532309229,253.09925617097994,0.0,False
388,388000,0.03359173126614987,0.0041343669250646,0.017709909019628402,0.03617571059431524,0.013277757270005332,0.0263849765258216,0.003943661971830986,0.014453142286914114,0.03943661971830986,0.01420523138832998,0.03014375561545373,0.004043126684636119,0.016151752429178844,0.03773584905660377,0.013721494887263081,20,0.026954177897574125,65679,11.74591999816843,13.356851624846122,179.7223773252754,11.671942025559545,15.314944656730223,11.694421654662168,12.502321554835882,256.00877884007775,825.5902457855179,True
389,389000,0.033654428692596626,0.005089058524173028,0.01732441896537464,0.05089058524173028,0.015620582414475545,0.030416666666666665,0.004571428571428572,0.014232871709594523,0.04285714285714286,0.01187641723356009,0.03212923796705761,0.004845222072678332,0.015868104645693562,0.047106325706594884,0.013856843769360593,14,0.018842530282637954,65679,11.752306331797024,13.086020019398292,181.88943661276434,11.673088611496851,15.262590307124624,11.693594460099321,12.449588745161444,257.8066250878419,0.0,False
390,390000,0.030964256026600166,0.004239401496259352,0.014402986511154637,0.04239401496259352,0.011103194394964969,0.032468780019212294,0.005187319884726225,0.016462347087022912,0.043227665706051875,0.013347971273043317,0.03166221033868093,0.004679144385026738,0.015358331591136311,0.0427807486631016,0.012144554791613615,17,0.022727272727272728,65679,11.74539922949025,13.956939999670848,175.57301929754797,11.687437729029915,15.395791829575511,11.718616700184814,12.07328124314122,252.1504860286405,730.9877954346789,True
391,391000,0.024549716259560816,0.0031088082901554407,0.011798351881584167,0.031088082901554404,0.008731186775228226,0.02077562326869806,0.003601108033240997,0.009941663885418749,0.036011080332409975,0.010047047443169326,0.022725823930643204,0.0033467202141900937,0.010901076959742512,0.03346720214190094,0.009367098021716496,20,0.02677376171352075,65679,11.892759258086416,14.00940143456153,179.13924060680708,11.666649178065924,15.185260737765605,11.689396588770995,11.991653239507016,255.57436104356458,0.0,False
392,392000,0.03271441202475685,0.0037135278514588855,0.014229896025828656,0.03713527851458886,0.009945897014862532,0.028847969782813974,0.00396600566572238,0.016976836188614012,0.039660056657223795,0.015722379603399436,0.03084474885844749,0.0038356164383561643,0.015558210926463218,0.038356164383561646,0.012739182430963255,25,0.03424657534246575,65679,11.7485032559983,13.359169482141109,173.02005513011864,11.665168106439472,15.09263969889929,11.680437940447819,12.514618416809009,249.08059203085364,698.4828543227517,True
393,393000,0.016397124887690923,0.0024258760107816715,0.010588295055077244,0.02425876010781671,0.01045544003765028,0.021942110177404293,0.004643962848297214,0.012269881456868664,0.043343653250773995,0.013767261290481102,0.018977860116188648,0.0034582132564841502,0.011370935412106969,0.03314121037463977,0.011996820822469237,15,0.021613832853025938,65679,11.737740194833757,12.904469725599776,172.4931680612829,11.668053308044879,14.932443892640146,11.679419468280106,12.51993820852726,247.93523285920884,0.0,False
394,394000,0.02423312883435583,0.0033742331288343563,0.012295376681174232,0.03374233128834356,0.011468984321745057,0.03347183748845799,0.004986149584487534,0.01916694130556174,0.04709141274238227,0.016458910433979686,0.02908782144590005,0.0042212518195050945,0.015906198849156603,0.040756914119359534,0.014091056121623808,12,0.017467248908296942,65679,11.733189850149373,13.251907939187957,174.36471427798028,11.66822554546365,14.960285534937334,11.698824459061008,12.06265451098032,249.7398021177599,793.8567939659303,True
395,395000,0.022961606294939624,0.0034188034188034192,0.010541690489122612,0.03418803418803419,0.01073802740469407,0.021768707482993196,0.003316326530612245,0.012368973985950996,0.03316326530612245,0.012661969549724652,0.02233224379926937,0.0033647375504710637,0.011505748538593307,0.033647375504710635,0.011753081672327971,20,0.026917900403768506,65679,11.804342079563268,14.421839985317986,181.35402370544895,11.672537043372344,15.280204667261765,11.704794402489505,12.389700204645804,258.6274420880996,0.0,False
396,396000,0.02476190476190476,0.0034285714285714293,0.0119900325276362,0.03428571428571429,0.01037641723356009,0.032905807977441213,0.0054441260744985676,0.014292133532448337,0.045845272206303724,0.010946240960567608,0.028828030973953724,0.004434907010014306,0.013139436319738395,0.04005722460658083,0.010660921497831368,22,0.031473533619456366,65679,11.769891484325612,14.003096358322642,182.3907428883942,11.668652015572878,15.122617319202059,11.709862709013974,14.293964827327699,260.9588276021591,811.3900380107841,True
397,397000,0.028427925665494725,0.0035911602209944752,0.012770961157920051,0.03591160220994475,0.010730728755590634,0.0400297619047619,0.0056547619047619055,0.021034530515097898,0.05654761904761905,0.019171626984126982,0.034012763740557436,0.004584527220630373,0.016748839816962683,0.045845272206303724,0.01479396916359667,16,0.022922636103151862,65679,11.908612512295802,16.23318916971206,191.64874893809468,11.693816391405987,15.24639865468913,11.716999961886021,11.913694217796644,270.36145984588035,0.0,False
398,398000,0.023539727505733174,0.00339943342776204,0.012912279323299707,0.031161473087818695,0.011271864742119699,0.024644308943089426,0.004878048780487805,0.01629180724938391,0.04878048780487805,0.01692436120789779,0.02407174323473883,0.0041116005873715125,0.014540010835422498,0.039647577092511016,0.013994359368808707,20,0.02936857562408223,65679,11.794267514741996,13.592341735729763,176.48511925619226,11.664394583388304,14.909998563350513,11.698022363754168,12.470702955735824,252.61484697289285,761.0649815107396,True
399,399000,0.021052631578947368,0.002368421052631579,0.009251286172105145,0.02368421052631579,0.005880325814536341,0.03198198198198198,0.004324324324324324,0.01712811348155503,0.043243243243243246,0.016437151437151437,0.026444444444444444,0.0033333333333333335,0.013137187644767087,0.03333333333333333,0.011088359788359788,13,0.017333333333333333,65679,11.804812358073846,13.751534348627192,176.01005123851766,11.668376818929627,15.388284634598737,11.6902800841312,11.902293055837676,252.21563253871594,0.0,False
400,400000,0.022383720930232557,0.0026162790697674423,0.011127891170411026,0.02616279069767442,0.00809454595791805,0.024709892660284304,0.004438642297650131,0.013690841685968817,0.04177545691906005,0.015520742674789673,0.023609200672474403,0.003576341127922972,0.012478111318222077,0.0343878954607978,0.012006833911923321,15,0.02063273727647868,65679,11.724761719345,13.548366124327416,176.01715682719066,11.66507441505149,15.190605181014671,11.70205249156897,12.016500979455946,251.86451773795415,713.6317403821923,True
401,401000,0.018896447467876037,0.0026455026455026454,0.01215275063169523,0.023809523809523808,0.010279667422524565,0.02589612768184197,0.004120879120879121,0.014690300259737365,0.038461538461538464,0.012774725274725276,0.022330252855859326,0.0033692722371967657,0.013397586298281939,0.03099730458221024,0.011503658067000386,21,0.02830188679245283,65679,11.747143356138912,14.333807745042781,178.66000489685786,11.66589966217213,15.259553218099908,11.694039765475228,12.185873954045912,255.54632259783273,0.0,False
402,402000,0.03485714285714286,0.004,0.021597715998296355,0.04,0.01973809523809524,0.03736356003358522,0.005289672544080605,0.01860914890871284,0.05037783375314862,0.015424213346127704,0.036189201249442214,0.004685408299866131,0.020009414613336978,0.04551539491298527,0.017445443148254393,16,0.0214190093708166,65679,11.736197437550722,13.71674063097017,170.72081097518898,11.664741711242543,15.233849775198038,11.693663367673413,12.160804755856347,246.92680865368027,733.679222213568,True
403,403000,0.016621129326047358,0.002459016393442623,0.011399299532096818,0.02459016393442623,0.012295081967213113,0.01870748299319728,0.0026239067055393588,0.01140351306903793,0.026239067055393587,0.012855754546716646,0.01763046544428773,0.0025387870239774336,0.011401337956879332,0.02538787023977433,0.012566324131909461,15,0.021156558533145273,65679,11.78316031386073,13.439087398425809,176.52108564525372,11.667199240339432,15.123610459938375,11.696766507224288,12.516387867395062,252.7472974324374,0.0,False
404,404000,0.024216524216524215,0.003703703703703704,0.014713096944582808,0.03418803418803419,0.014893953782842672,0.04987953514739228,0.008035714285714287,0.029298562605183258,0.07738095238095238,0.027924225245653817,0.036767865807167115,0.005822416302765648,0.02184659980042233,0.055312954876273655,0.021266837642383494,17,0.024745269286754003,65679,11.742686438803718,13.708057466227386,176.6715444894984,11.663027887326427,14.99102940569208,11.691602940261392,12.24262992666203,252.71057855447143,643.1141744351054,True
405,405000,0.02775926697209496,0.004081632653061224,0.015343764489379286,0.04081632653061224,0.01468601045860521,0.03499382461918485,0.005187319884726226,0.01805842729156603,0.04899135446685879,0.01834774255523535,0.03139751552795031,0.00463768115942029,0.016708964478305083,0.04492753623188406,0.0165274902231424,16,0.02318840579710145,65679,11.743269861974603,13.096849287241863,177.3849977815545,11.661843835913954,14.994767812970267,11.679327385188953,12.050210956210394,252.6112669210545,0.0,False
406,406000,0.031024930747922435,0.00443213296398892,0.01595500959286935,0.0443213296398892,0.013027085257002153,0.019339261809141327,0.0030120481927710845,0.011986319416617555,0.030120481927710843,0.01400602409638554,0.025426601617077806,0.003751803751803752,0.014053703476685228,0.03751803751803752,0.013496071829405163,19,0.027417027417027416,65679,11.732315658097292,12.925883630277024,176.93988404274273,11.66893629095389,15.039852823695021,11.699169004869558,13.05547233790283,253.06151378853835,814.2852593687467,True
407,407000,0.020844564240790658,0.003773584905660377,0.00944131895800428,0.03234501347708895,0.007527916827108201,0.035339063992359115,0.004297994269340974,0.01983119165944799,0.04297994269340974,0.01728293991904307,0.027870370370370375,0.0040277777777777786,0.014477521142454078,0.0375,0.012256393298059965,21,0.029166666666666667,65679,11.801512709713746,15.679203817620113,184.2291173586863,11.672831055603572,15.176987670478814,11.702396781165803,12.10315843261367,262.365207825882,0.0,False
408,408000,0.020095367847411442,0.0032697547683923703,0.011875203914470705,0.02997275204359673,0.012942779291553134,0.03062248995983936,0.004819277108433735,0.017198354991354393,0.045180722891566265,0.017787817938420346,0.025095374344301386,0.0040057224606580835,0.014403510291474115,0.03719599427753934,0.015243999364171036,16,0.022889842632331903,65679,11.762857628300205,13.484698730109601,180.73462837914224,11.668234395412203,15.058436665854602,11.691948384823236,13.073416595121845,257.47422077876394,658.5129789975774,True
409,409000,0.023360287511230905,0.0035040431266846364,0.014745876291609037,0.03504043126684636,0.015476190476190477,0.040330417881438284,0.006122448979591837,0.022266936785241585,0.061224489795918366,0.022298579295663843,0.031512605042016806,0.004761904761904762,0.01835893476404036,0.047619047619047616,0.018753612556133566,18,0.025210084033613446,65679,11.75003133688235,13.451460906893642,182.87054831533922,11.663035736020344,15.014817218939047,11.671170855903634,12.138124135752104,258.55918850573033,0.0,False
410,410000,0.022894736842105263,0.003157894736842105,0.009917509655606603,0.031578947368421054,0.007535505430242273,0.04057765151515152,0.006534090909090909,0.021521998169160297,0.0625,0.019427534271284273,0.03139799635701275,0.004781420765027323,0.015497810142998543,0.04644808743169399,0.013254076676207824,15,0.020491803278688523,65679,11.733652905715486,12.944556723265555,173.5652266026122,11.661195020495896,15.14811797931337,11.675898440449695,12.456996586529545,249.18564425838176,724.6422474254944,True
411,411000,0.016320227064028716,0.0027548209366391185,0.008195583311417072,0.027548209366391185,0.007341816432725523,0.06099999999999999,0.008285714285714287,0.03436265740070938,0.08285714285714285,0.03626077097505669,0.03825279442390242,0.005469845722300141,0.021040570592275848,0.0546984572230014,0.0215376566708965,10,0.014025245441795231,65679,11.85215808505169,16.420645751552556,187.14889942408885,11.675850812270516,15.280340927154024,11.699924678199025,12.005057511060846,266.0828771893775,0.0,False
412,412000,0.019980506822612085,0.002631578947368421,0.009712950036338102,0.02631578947368421,0.0073911630929174785,0.019646182495344507,0.002793296089385475,0.00946776606184616,0.027932960893854747,0.007370089562826993,0.01980952380952381,0.0027142857142857142,0.00958755594652651,0.027142857142857142,0.007380385487528345,19,0.027142857142857142,65679,11.766595632206611,13.690807085325885,177.50582840250772,11.666855632697093,15.045254478679437,11.697376544328453,12.504450343203688,253.87716811894887,918.7530199724903,True
413,413000,0.0489556135770235,0.006005221932114883,0.025997579996612084,0.06005221932114883,0.02043495379004517,0.026862197392923653,0.00335195530726257,0.016317602931752804,0.0335195530726257,0.013728163518666311,0.038281601439496174,0.004723346828609987,0.021320883924790732,0.04723346828609987,0.01719469614206456,17,0.022941970310391364,65679,11.87577574973675,13.833409761798698,178.85505272857705,11.66147653636207,15.286634069744398,11.69549733831543,12.327359158015305,255.5352053425497,0.0,False
414,414000,0.016898148148148148,0.0025,0.00881450686887748,0.025,0.006841931216931216,0.02300925925925926,0.0036111111111111114,0.01269219633362558,0.03611111111111111,0.013062169312169313,0.019953703703703703,0.0030555555555555557,0.010753351601251529,0.030555555555555555,0.009952050264550264,14,0.019444444444444445,65679,11.755544310210198,13.528476773078113,181.04821366524138,11.664492729351883,15.177412200612084,11.697260075549387,12.080952679627277,256.95235243367034,882.8385166773645,True
415,415000,0.020072661217075384,0.0032697547683923703,0.010874057655690779,0.0326975476839237,0.010392067817135938,0.022633744855967076,0.004320987654320988,0.017230517223664504,0.040123456790123455,0.021021947873799726,0.021273516642547032,0.0037626628075253256,0.013854510477721873,0.0361794500723589,0.015376266280752532,15,0.02170767004341534,65679,11.794440043927379,13.647448828146835,184.38690401559322,11.66309716552072,15.086182933665704,11.699275756421601,12.372263818422047,260.6496125616975,0.0,False
416,416000,0.01425438596491228,0.0023391812865497076,0.006172171539893512,0.023391812865497075,0.0050751879699248124,0.03281397544853635,0.00396600566572238,0.018121789272836912,0.039660056657223795,0.014285714285714285,0.023681055155875298,0.0031654676258992807,0.012241545726553973,0.031654676258992806,0.00975334018499486,14,0.02014388489208633,65679,11.746098464077148,13.005213884892397,171.2343250004078,11.665189228127204,15.040179287190147,11.695518597976129,12.274576988796637,246.6611014514675,830.8594771843092,True
417,417000,0.017790262172284643,0.0025280898876404497,0.00787080098610677,0.02247191011235955,0.005531032637774211,0.02033816425120773,0.0037681159420289855,0.010965560371278327,0.03768115942028986,0.012926155969634229,0.019044222539229674,0.0031383737517831673,0.00939389939963628,0.029957203994293864,0.009170572651314449,14,0.019971469329529243,65679,11.744018184323135,13.29632032212591,173.5759812849791,11.665910924746337,15.065343711484491,11.695136598460776,11.999317347605176,249.04202837372492,0.0,False
418,418000,0.021475327291037263,0.003625377643504532,0.012592517677252947,0.03323262839879154,0.013561597851628063,0.015735388567758506,0.003179190751445087,0.007810305228153259,0.02601156069364162,0.008898752179099,0.018541769243394058,0.0033973412112259975,0.01014843273280909,0.029542097488921712,0.011178518674825912,19,0.028064992614475627,65679,11.73564917680836,13.546057085950247,178.00081468033468,11.66426308341073,14.92902157715359,11.682755498093611,12.27755713542611,253.83611823717732,751.081307988899,True
419,419000,0.02521246458923513,0.00396600566572238,0.014180107726872997,0.039660056657223795,0.011751877332613878,0.0385628067382942,0.006406685236768803,0.017374421661454042,0.06128133704735376,0.014392934518282708,0.03194388710540396,0.0051966292134831464,0.015790723882090126,0.05056179775280899,0.013083533975387907,17,0.023876404494382022,65679,11.782464753279376,14.478332839434893,184.47442498967237,11.66628107829304,15.127483347587845,11.6847914058138,12.398425489584808,261.6122039036661,0.0,False
420,420000,0.034722222222222224,0.0044444444444444444,0.019153408715678034,0.041666666666666664,0.015119047619047619,0.02302943969610636,0.0034188034188034192,0.011926373374480667,0.03418803418803419,0.00947632614299281,0.028949835911861226,0.003938115330520394,0.015585631775086928,0.0379746835443038,0.012333400308083853,14,0.01969057665260197,65679,11.722524619589558,13.146963512233878,173.92508616143056,11.671785638045495,15.154451629528776,11.703867926565747,12.404496133461285,249.7291756208553,725.7667725248662,True
421,421000,0.03428571428571429,0.004285714285714286,0.019180017757144802,0.04285714285714286,0.018252834467120182,0.01978021978021978,0.003296703296703297,0.009793603485091043,0.03296703296703297,0.008886054421768708,0.026890756302521007,0.0037815126050420172,0.014394786951784064,0.037815126050420166,0.013477613267529234,19,0.02661064425770308,65679,11.85825187682843,15.0818045307477,195.67498263362015,11.67285337966284,15.238740593032096,11.709229858020143,12.4329379046495,273.6688007765609,0.0,False
422,422000,0.023342670401493928,0.002521008403361345,0.011851793024101364,0.025210084033613446,0.008473389355742298,0.018242087254063302,0.003293413173652695,0.009617070999758963,0.03293413173652695,0.010570525615435797,0.02087726552270691,0.002894356005788712,0.010771623478326602,0.02894356005788712,0.00948705579675189,19,0.027496382054992764,65679,11.771165533552841,15.308155243476396,186.18831001460111,11.666436877250108,15.123190805765852,11.698283337413518,12.568492010395227,264.3240338224551,780.8232041883745,True
423,423000,0.020520231213872833,0.003179190751445087,0.00812062426278955,0.031791907514450865,0.0062975961097348375,0.019814046990827994,0.0034300791556728235,0.012522225206620398,0.03430079155672823,0.014412405243539808,0.020151067323481115,0.0033103448275862072,0.010421599101012848,0.03310344827586207,0.01053968253968254,14,0.019310344827586208,65679,11.743396553520746,14.140901644060788,174.14302692780882,11.663818436341566,15.180911181356116,11.697032775120908,12.076396804200362,250.6454843224093,0.0,False
424,424000,0.011023622047244094,0.0015748031496062992,0.005908494673469042,0.015748031496062992,0.0049722951297754454,0.016351744186046513,0.002325581395348837,0.00895001199515335,0.020348837209302327,0.008842054263565892,0.013551724137931034,0.0019310344827586205,0.007351642202654424,0.01793103448275862,0.006808429118773948,12,0.016551724137931035,65679,11.765744229341735,13.10394341116905,170.96939236196928,11.668807948561621,15.072485106154554,11.68154753786177,12.085142233164703,246.34706282822273,712.4994222818538,True
425,425000,0.028001792114695338,0.004301075268817204,0.016464414354833035,0.043010752688172046,0.014944956477214541,0.04081196581196581,0.005325443786982249,0.020125915994758194,0.05325443786982249,0.018514605053066593,0.034100156494522686,0.004788732394366198,0.018207495417219943,0.04788732394366197,0.016644310306282134,12,0.016901408450704224,65679,11.76418422155212,13.19169492006167,186.26373907593143,11.68407036755692,15.167487316863904,11.711831952199159,13.151774456349186,262.9347823105144,0.0,False
426,426000,0.024304440877474583,0.004213483146067416,0.01504789172385304,0.03932584269662921,0.014559925093632959,0.04197722567287785,0.006521739130434783,0.021895923192240332,0.055900621118012424,0.022075569358178056,0.032697710352577604,0.005309734513274337,0.018300201654267063,0.0471976401179941,0.01812930186823992,18,0.02654867256637168,65679,11.786749200604074,14.44220514912331,187.42027026197317,11.667673133708423,14.957332796522449,11.70040932169103,12.335221513865013,264.3098613774875,817.7118557459173,True
427,427000,0.03139032815198618,0.004145077720207254,0.01573524311761311,0.038860103626943004,0.013536269430051812,0.031125017983024025,0.00513595166163142,0.014185558133659019,0.04833836858006042,0.010866541984366759,0.031267848841070596,0.004602510460251046,0.015019837636875588,0.043235704323570434,0.012303801111332491,10,0.01394700139470014,65679,11.789329553119066,13.46990083322952,204.21389613323183,11.669461435326323,15.130052670980776,11.701506225536562,12.27032684547602,280.24447369690006,0.0,False
428,428000,0.03314917127071823,0.0033149171270718232,0.015427371324281803,0.03314917127071823,0.010259361571516266,0.03468208092485549,0.005202312138728324,0.01700164488767462,0.049132947976878616,0.01640173410404624,0.03389830508474576,0.00423728813559322,0.016196719704131963,0.04096045197740113,0.013261142498430635,19,0.026836158192090395,65679,11.757406234214063,15.960901180722686,184.46902640267825,11.668162535227733,15.15348977301767,11.689311956220028,12.567409478303482,263.26570756038393,678.9001771775604,True
429,429000,0.011524822695035462,0.0013297872340425532,0.008568553999177813,0.013297872340425532,0.007978723404255319,0.039621574886938016,0.005865921787709497,0.020510316670923654,0.05865921787709497,0.0189511838254855,0.02522868820552745,0.0035422343324250684,0.014393010452154669,0.035422343324250684,0.013330413909432981,14,0.01907356948228883,65679,11.897586837505969,13.965517205061229,189.89702240423955,11.674341401063382,15.32671703313726,11.716213717150037,12.176606999536599,266.654005597694,0.0,False
430,430000,0.017045454545454544,0.001988636363636364,0.007814127360920207,0.019886363636363636,0.0053109217171717175,0.025045045045045043,0.004324324324324324,0.015303983132652651,0.03783783783783784,0.015337837837837839,0.0211449676823638,0.0031855955678670358,0.011652419099896666,0.029085872576177285,0.010449369036626655,11,0.015235457063711912,65679,11.7785994832309,12.691083578014739,178.94597570553006,11.667401193127258,15.201116197099962,11.709686474320469,12.234110402631337,254.22797303395473,796.0082202650709,True
431,431000,0.030594621268196395,0.004145077720207254,0.013445887220781648,0.04145077720207254,0.009674932149025412,0.03455056179775281,0.005056179775280899,0.015248651756010817,0.05056179775280899,0.012958132691278757,0.03249261968938519,0.004582210242587602,0.01431082546140373,0.04582210242587601,0.011250160441535106,11,0.014824797843665768,65679,11.817532938690478,13.759296473486726,185.23460110655975,11.68668573756082,15.566303852715402,11.70888630955269,12.015010955407357,261.78831737397326,0.0,False
432,432000,0.03602423217807833,0.0053254437869822485,0.02193708529074161,0.05325443786982249,0.022812764158918003,0.030373086734693876,0.005357142857142858,0.015477141198559044,0.050595238095238096,0.016385582010582007,0.03320704394517451,0.005341246290801188,0.01871669773143398,0.05192878338278932,0.01960870896330837,15,0.02225519287833828,65679,11.776744256869476,13.496042823135657,180.06126928568622,11.666741241395107,14.981256174134705,11.700956900451143,12.58245274221581,256.2654634238881,801.5116645652132,True
433,433000,0.03260869565217391,0.004927536231884058,0.015714216907440143,0.04927536231884058,0.011939268461007591,0.040038314176245204,0.006321839080459771,0.02104216417786994,0.05459770114942529,0.019866356504287537,0.03633958633958634,0.005627705627705628,0.018389722896054242,0.05194805194805195,0.015919970681875444,12,0.017316017316017316,65679,11.777985574973338,12.68837520240762,182.16462790188183,11.665857497678012,15.062625444178801,11.695666197408805,12.163506902945764,257.21864472147416,0.0,False
434,434000,0.022434017595307915,0.0035190615835777126,0.01374781253512006,0.03519061583577713,0.017232230135455943,0.01300692383778437,0.0032640949554896144,0.011547845731985303,0.02967359050445104,0.01824925816023739,0.01774827925270403,0.003392330383480826,0.01265431871114305,0.032448377581120944,0.017737744065177696,19,0.028023598820058997,65679,11.754713906825254,13.687274002277539,180.19701760535466,11.66237663183245,14.952125261757931,11.693160835074545,12.231501935217048,256.1781701783394,827.7554610283399,True
435,435000,0.021701388888888885,0.0028645833333333336,0.013696766343820792,0.028645833333333332,0.013896122685185185,0.019718992248062017,0.003488372093023256,0.00972555915698295,0.03197674418604651,0.009895256552233295,0.020764652014652014,0.00315934065934066,0.011820261848941374,0.03021978021978022,0.012005603523460667,19,0.0260989010989011,65679,11.807321149998051,15.284273411020344,183.7299348791399,11.669476036785253,15.20772255250713,11.702176742095505,12.316663250161453,261.7175680217077,0.0,False
436,436000,0.02077562326869806,0.002770083102493075,0.00947881577635063,0.027700831024930747,0.006555863342566942,0.025210084033613446,0.0033613445378151267,0.015603617346075795,0.03361344537815126,0.013912231559290384,0.02298050139275766,0.0030640668523676884,0.012524155832606736,0.03064066852367688,0.01021355617455896,13,0.018105849582172703,65679,11.748873650047065,13.668343490286228,183.49367799122552,11.667934694759019,15.203646908101831,11.695096365560431,12.325720237599258,259.80329333757936,728.0637136791169,True
437,437000,0.021149535702849824,0.003170028818443804,0.01294787198563001,0.03170028818443804,0.011806413247335437,0.03723809523809523,0.006,0.021374160811720826,0.054285714285714284,0.024312925170068028,0.029228439343216957,0.004591104734576757,0.01717915044923372,0.043041606886657105,0.01808658422718681,16,0.02295552367288379,65679,11.81418921786248,16.61842603317698,189.98763898328554,11.673369118225807,15.047024540887355,11.698289309691745,12.63665349202081,269.47559069515074,0.0,False
438,438000,0.0346441947565543,0.004213483146067416,0.016886507903667768,0.042134831460674156,0.013411806670233636,0.04834579180509413,0.006976744186046512,0.028435689297202926,0.061046511627906974,0.025551402731635284,0.04137755102040816,0.005571428571428572,0.02256210561706219,0.05142857142857143,0.019377551020408165,19,0.027142857142857142,65679,11.784823694821478,15.214127961016288,185.96657980485264,11.672610839119635,15.150962097726373,11.70573334319247,12.490817438648438,263.9856551793773,830.9515390438615,True
439,439000,0.03792415169660678,0.005089820359281438,0.02042333540454512,0.05089820359281437,0.019697509742419923,0.022321428571428572,0.003296703296703297,0.010354608959607993,0.03296703296703297,0.007480812837955694,0.029787488061127028,0.004154727793696275,0.015172595539277047,0.04154727793696275,0.013326624823759495,18,0.025787965616045846,65679,11.809304411219967,14.116786887646837,182.50740813355316,11.673649672222508,15.180443861340098,11.706028486824227,12.495093678621672,259.4887151314285,0.0,False
440,440000,0.028037383177570093,0.0034267912772585674,0.01399567275960136,0.03115264797507788,0.011175394352964448,0.035427574171029666,0.005235602094240838,0.020409465763497857,0.05235602094240838,0.018785838942907005,0.03205310573731626,0.004409672830725462,0.017480834818617664,0.04267425320056899,0.015310799521325837,11,0.015647226173541962,65679,11.760279574002386,12.712849300350326,179.0100607708678,11.66441762481818,15.08425484494924,11.70001100192497,12.4641966210981,254.396069738011,820.9951722652764,True
441,441000,0.010481586402266289,0.00169971671388102,0.007422114519081623,0.0169971671388102,0.008116372139035028,0.048672738183486886,0.00647887323943662,0.02533982425571641,0.0647887323943662,0.020715403532304943,0.029631104597652322,0.004096045197740114,0.016406276887027033,0.04096045197740113,0.014433683077750876,11,0.015536723163841809,65679,11.762132435116923,13.60923933993452,183.05241650581894,11.66758857609751,15.081347562756475,11.69185801205841,12.141742387117294,259.00632481890005,0.0,False
442,442000,0.02525252525252525,0.0030303030303030303,0.015351632900478154,0.030303030303030304,0.01426767676767677,0.03050925925925926,0.005555555555555556,0.02087153877525078,0.05277777777777778,0.02594797178130511,0.027995169082125605,0.004347826086956522,0.018231583791663872,0.042028985507246375,0.02036174373130895,10,0.014492753623188406,65679,11.747382068882928,13.33301553235744,192.65628878289976,11.669379246875833,15.161064585489381,11.715171666787372,12.538138197404347,268.8204400806971,788.1983533810088,True
443,443000,0.02703703703703704,0.0038888888888888888,0.014778643601816712,0.03888888888888889,0.013224206349206348,0.019858003442340788,0.004216867469879518,0.014972119846976127,0.04216867469879518,0.02166164658634538,0.02359276080374346,0.004046242774566474,0.014871467465101287,0.04046242774566474,0.017272226809799063,11,0.015895953757225433,65679,11.818920500117347,13.789705145400566,185.26117107511843,11.666557548306589,15.099241252536366,11.697732194976274,12.283216289071808,261.6165440055274,0.0,False
444,444000,0.029158512720156553,0.003561643835616439,0.015095804004245926,0.03561643835616438,0.011806914546640573,0.03430185633575464,0.00423728813559322,0.01410794090031259,0.0423728813559322,0.009231234866828086,0.031690840453010134,0.003894297635605007,0.014609429124145229,0.03894297635605007,0.010538777402476985,11,0.015299026425591099,65679,11.747685171592526,13.124901995148486,178.69072887474746,11.665954922246424,15.136592188325082,11.696565354657462,12.157767153408994,254.2201956601264,841.7214388943551,True
445,445000,0.043876818685978994,0.005597964376590331,0.020339442800639713,0.05597964376590331,0.015676117775354412,0.035179640718562874,0.0041916167664670665,0.016762718774798235,0.041916167664670656,0.013734435890124512,0.03988114132543293,0.0049518569463548835,0.018696216081752433,0.04951856946354883,0.01478406585009061,20,0.027510316368638238,65679,11.802627723545012,17.08221368848517,187.46921353940405,11.6639282035369,15.05277067845312,11.674074246237343,12.105386055560885,266.8502141352225,0.0,False
446,446000,0.027493261455525605,0.004043126684636119,0.015831408389785126,0.03773584905660377,0.015475120865956444,0.026800976800976803,0.0038461538461538464,0.015607707807258833,0.038461538461538464,0.013151200651200649,0.027138476941367874,0.003942181340341655,0.015716765515691494,0.03810775295663601,0.014284149928039544,8,0.010512483574244415,65679,11.710504625755958,12.196830528110603,179.88367498625314,11.664467969130232,15.240986975362247,11.683328227318768,12.004731536396918,254.3845248483279,733.9533373439955,True
447,447000,0.019981834695731154,0.0021798365122615805,0.011875873235005028,0.021798365122615803,0.009471908654469962,0.04856256332320162,0.007180851063829788,0.027065248361384873,0.07180851063829788,0.0239129517055049,0.0344452989809652,0.004710632570659489,0.019562555667735612,0.047106325706594884,0.016779892755666645,12,0.016150740242261104,65679,11.786384777945358,13.838589243558852,176.17014890522475,11.668504979911454,15.279343055618622,11.698205296034603,12.282427009457919,252.72360326775157,0.0,False
448,448000,0.020395395395395394,0.0033033033033033035,0.01012614221391625,0.03303303303303303,0.009709709709709708,0.023664825046040516,0.0038674033149171273,0.01296080973363703,0.03591160220994475,0.011654827676927122,0.022098321342925657,0.0035971223021582736,0.011602616519152108,0.034532374100719423,0.010722850291195612,11,0.015827338129496403,65679,11.73837534693134,13.065870059253415,175.01986815618432,11.669210852965906,15.065622530979761,11.695244871684496,12.035931073461903,250.29012289146115,820.6012717136002,True
449,449000,0.01818181818181818,0.0030303030303030307,0.009502847987161861,0.030303030303030304,0.011218243036424854,0.018134920634920632,0.004571428571428572,0.009520179632592284,0.037142857142857144,0.008431972789115647,0.018158796945613214,0.0037868162692847127,0.009511355807499377,0.033660589060308554,0.009850508693425944,14,0.019635343618513323,65679,11.81675626543699,15.00980726154566,176.25686578065515,11.666929996156927,15.06264659412171,11.678351672705922,11.957523360084377,253.44888093070674,0.0,False
450,450000,0.01802990325417766,0.002638522427440633,0.00931970327366912,0.026385224274406333,0.00739100389496168,0.021370582617000953,0.0031518624641833815,0.010390892347103662,0.02865329512893983,0.008794969754855142,0.019631410256410256,0.0028846153846153848,0.00983322660695024,0.027472527472527472,0.008064058956916099,13,0.017857142857142856,65679,11.75543156672898,13.123436770678953,175.3773087151411,11.669289556592854,15.234919602313823,11.704746348484285,12.542078863697625,251.40721142363765,791.2884627190308,True
451,451000,0.020163487738419618,0.0029972752043596735,0.010226159893670409,0.027247956403269755,0.007493188010899182,0.02277016742770167,0.0038356164383561648,0.012718039942854439,0.038356164383561646,0.013161556860186996,0.021463266545233756,0.0034153005464480873,0.01146869571054496,0.03278688524590164,0.010319628762251712,12,0.01639344262295082,65679,11.859117451495926,15.828687658037133,190.78039885389586,11.665612315969742,15.3091101802727,11.711262538238731,12.191544772388596,269.3457337702987,0.0,False
452,452000,0.01406381192275399,0.0020151133501259445,0.009352872137095736,0.020151133501259445,0.009553796329614969,0.0184037558685446,0.003098591549295775,0.008278837441197078,0.030985915492957747,0.007718533422758774,0.01611258865248227,0.0025265957446808512,0.008845847779324428,0.02526595744680851,0.008687415569064506,10,0.013297872340425532,65679,11.775650238632362,12.585809446630236,186.97760044034118,11.667188679509444,15.360356103000239,11.700607482179048,12.112909801909044,262.18012219220157,744.5228672747218,True
453,453000,0.02463963963963964,0.004054054054054054,0.011308759880358505,0.04054054054054054,0.008591806091806093,0.040310077519379844,0.005523255813953488,0.02222966833564191,0.05232558139534884,0.021760797342192693,0.032189542483660134,0.0047619047619047615,0.016570374038086085,0.046218487394957986,0.014936530167622605,13,0.018207282913165267,65679,11.884831688568909,13.228598891135146,189.17884764962923,11.670153893472701,15.315621412048674,11.708701268764443,12.042645242460459,265.02940004607956,0.0,False
454,454000,0.015201465201465201,0.001923076923076923,0.011532832358788232,0.019230769230769232,0.011843711843711845,0.036953027978669,0.0068376068376068385,0.018875221518026186,0.06267806267806268,0.01742413964636187,0.025879505110274342,0.004335664335664336,0.0151372779460505,0.04055944055944056,0.014583194583194584,9,0.012587412587412588,65679,11.768248255272784,13.113342435921993,179.47529748207901,11.673666780842584,15.191173034334593,11.705919287230415,11.719001352772374,254.64664862845376,709.2126551124788,True
455,455000,0.021482530689329555,0.0028328611898017,0.011707203902490217,0.028328611898016998,0.010355681460497325,0.02620018115942029,0.004076086956521739,0.017447451691382777,0.04076086956521739,0.020187413733609386,0.02389042995839112,0.0034674063800277394,0.014637039112354934,0.03467406380027739,0.015373819430684896,13,0.018030513176144243,65679,11.793781282687377,13.446183518450727,181.48646366888954,11.664222543061875,15.148388788743805,11.687306792795837,12.159791711874313,257.3861383065035,0.0,False
456,456000,0.030977777777777778,0.004266666666666667,0.014582518681378618,0.042666666666666665,0.01350687830687831,0.024437503615015326,0.004424778761061948,0.013280955372711654,0.038348082595870206,0.015170670037926673,0.027872521557642662,0.004341736694677871,0.013964549547431699,0.04061624649859944,0.014296829843048331,8,0.011204481792717087,65679,11.709744675181266,12.726598795920196,176.4202292572903,11.667500750434101,15.26384705524686,11.695509140929872,11.894687180102892,251.37811685510547,682.2656229364954,True
457,457000,0.030548068283917342,0.003773584905660377,0.012600845760236228,0.03773584905660377,0.008100158302314638,0.020791088090515025,0.004297994269340974,0.01142053999463092,0.034383954154727794,0.013196434256606175,0.02581864316239316,0.004027777777777778,0.01202872532663032,0.03611111111111111,0.010570436507936508,13,0.018055555555555554,65679,11.791548077733083,14.67129667237499,191.5693995566681,11.674278856010911,15.256194373702847,11.699893906313985,11.998766449639042,268.66137789244294,0.0,False
458,458000,0.027243589743589747,0.0035714285714285718,0.01196836918775228,0.03571428571428571,0.008297357404500261,0.039255661489876276,0.006422018348623854,0.01592675378443395,0.0581039755351682,0.010723993980874714,0.03292802890572534,0.004920405209840811,0.013841584474459812,0.04630969609261939,0.00944570785381205,8,0.011577424023154847,65679,11.761277274979776,13.135859982416065,192.93966050976107,11.67684997616103,15.147214643185247,11.709321670161366,15.427508371801402,271.79769242846595,697.2381151130191,True
459,459000,0.028491859468723218,0.0035989717223650383,0.012538909170538882,0.03598971722365039,0.0081976578120537,0.03722554890219561,0.005688622754491018,0.016022405462886125,0.05389221556886228,0.012627126698982987,0.032526509912402024,0.004564315352697095,0.014148159186643972,0.04426002766251729,0.010243913148477462,4,0.005532503457814661,65679,11.918095445595522,12.83030824417164,186.5939798709748,11.670066753732833,15.345152711843113,11.703769611071113,11.82812151934165,261.8894941567307,0.0,False
460,460000,0.025383920505871727,0.0037940379403794034,0.012271589214425239,0.037940379403794036,0.010797092097905105,0.03868330464716006,0.0051204819277108436,0.025223721579712203,0.05120481927710843,0.026509609868043606,0.03168263025609673,0.004422253922967191,0.01840583735319167,0.0442225392296719,0.018238683966216064,11,0.015691868758915834,65679,11.76757704884901,13.039226089583966,183.1935219762659,11.670051139223148,15.1777382658147,11.699335538073452,12.47418764049879,259.02163769830895,788.4990058629749,True
461,461000,0.01570767195767196,0.0026455026455026454,0.01178685309170065,0.021164021164021163,0.011728395061728396,0.05452674897119341,0.006481481481481482,0.03142621609202639,0.06481481481481481,0.028780864197530863,0.033624169040835705,0.0044159544159544165,0.02085117447646638,0.04131054131054131,0.019598765432098767,12,0.017094017094017096,65679,11.786485179687833,13.686370757048927,182.47421489719918,11.667973772611084,15.11868693249152,11.699091207850731,12.07787973250829,258.51070247939754,0.0,False
462,462000,0.013316151202749139,0.002061855670103093,0.007004788312840911,0.020618556701030927,0.00715922107674685,0.028545618789521224,0.004878048780487806,0.016703276506270036,0.04878048780487805,0.016531165311653117,0.020739762219286657,0.0034346103038309117,0.011732320866837405,0.034346103038309116,0.011727579627183325,11,0.01453104359313078,65679,11.752641684681375,12.889614550981587,175.81044950210068,11.6656521823022,15.292356617291336,11.695732128724767,11.996746858145002,251.10319352422695,794.5716902055256,True
463,463000,0.02412201029367242,0.004087193460490463,0.010530917911711677,0.04087193460490463,0.008563643441027636,0.0434296525627795,0.006191950464396285,0.021778161883535156,0.058823529411764705,0.02017543859649123,0.03316022544283413,0.005072463768115942,0.015795932118811654,0.04927536231884058,0.013999309868875086,10,0.014492753623188406,65679,11.777204392438012,14.515572393958287,185.69020573355743,11.662750652563503,14.929077782444011,11.67777676347459,11.874465492778263,262.1270532112141,0.0,False
464,464000,0.015132139812446717,0.0020460358056265987,0.006424087515401876,0.020460358056265986,0.005736207526488856,0.024919093851132685,0.0038834951456310687,0.014235135004675093,0.038834951456310676,0.012742076334309346,0.019452380952380954,0.002857142857142857,0.009872107049952483,0.02857142857142857,0.008828798185941043,6,0.008571428571428572,65679,11.716713727349948,12.755791612750755,176.33399501820745,11.667070590470896,14.975175609777125,11.68787184563369,11.707838430463635,250.84445683465347,812.8651311941071,True
465,465000,0.025839793281653745,0.0041343669250646,0.011023526008646214,0.03875968992248062,0.0090111152126656,0.035953789799943646,0.005621301775147929,0.016030728260744066,0.05325443786982249,0.012794683948530101,0.030555008210180624,0.004827586206896552,0.013357918231003558,0.04551724137931035,0.01077504105090312,8,0.011034482758620689,65679,11.768884105145538,13.383044404124966,189.52406379724175,11.680661547219806,15.211359719213835,11.704602612350179,15.267193631207654,268.53980981650375,0.0,False
466,466000,0.029572940287226,0.004497354497354498,0.01900487160670447,0.03968253968253968,0.01781620055429579,0.02911931818181818,0.003693181818181818,0.01496191186667588,0.036931818181818184,0.011807810245310245,0.029354207436399216,0.00410958904109589,0.017055389649868767,0.038356164383561646,0.014919004131332899,10,0.0136986301369863,65679,11.775772935873619,13.110119078507676,179.91865435701416,11.66632144911084,15.191103996448074,11.690316882306817,12.099897952810856,255.45218665207204,800.1795839476799,True
467,467000,0.02921810699588477,0.00345679012345679,0.012823435858891851,0.0345679012345679,0.008452870860278268,0.023303655739916364,0.00311614730878187,0.009428736231387028,0.031161473087818695,0.006219928953640001,0.02646375172760397,0.0032981530343007917,0.011242526929460183,0.032981530343007916,0.007412991581857016,15,0.01978891820580475,65679,11.878830780354122,13.92906555813811,193.27780657074635,11.670347311698581,15.462356714901482,11.70666318561775,12.049018035031889,269.97408815648834,0.0,False
468,468000,0.01767123287671233,0.0024657534246575346,0.010549157663393099,0.024657534246575342,0.009660795825179386,0.033182730923694774,0.004819277108433735,0.02126193184238446,0.04819277108433735,0.02081540447504303,0.025059780009564804,0.003586800573888092,0.015651942494706056,0.035868005738880916,0.014974038395846143,11,0.015781922525107604,65679,11.788064302631351,12.91563844285637,187.2485999653284,11.665551678863295,15.068034455056889,11.700995410646176,12.230466204521395,262.6173504599039,866.2222767817917,True
469,469000,0.020172910662824207,0.0023054755043227667,0.011907346514737419,0.023054755043227664,0.009633594071634418,0.025559284116331096,0.0036912751677852353,0.013667147740080533,0.03691275167785235,0.012755672738894216,0.022661498708010337,0.0029457364341085274,0.012720401964585865,0.02945736434108527,0.011076042820228867,10,0.015503875968992248,65679,11.84898015244018,13.315838564009752,187.5441554968216,11.667199382225935,14.903979949021373,11.709224280509467,12.223063164673587,263.21244098970186,0.0,False
470,470000,0.02839165131982812,0.004143646408839779,0.01407133151721874,0.03867403314917127,0.012106463211435589,0.02460089399744572,0.003735632183908047,0.015401009202609658,0.034482758620689655,0.016789819376026274,0.026533646322378715,0.0039436619718309866,0.014723060861607526,0.036619718309859155,0.01440196735971384,7,0.009859154929577466,65679,11.763902287798,12.452385600769666,182.88306935232424,11.665650861691912,15.17883043683499,11.704047709171217,12.211361154867983,257.859247403458,1004.2517917913663,True
471,471000,0.0213903743315508,0.003208556149732621,0.011617218335335437,0.03208556149732621,0.01098803157626687,0.01798941798941799,0.003869047619047619,0.012500441386996094,0.03571428571428571,0.015558862433862434,0.019780907668231613,0.0035211267605633804,0.012035194314712873,0.03380281690140845,0.013151128996199418,11,0.015492957746478873,65679,11.768085494578973,12.878314113062839,184.99543888617075,11.68322326150495,15.22010214172198,11.704869905149184,12.527779006232809,260.7778128084215,0.0,False
472,472000,0.018308080808080808,0.002272727272727273,0.007288451151979067,0.022727272727272728,0.004405162738496072,0.040814393939393935,0.005397727272727273,0.020392659446783683,0.05397727272727273,0.017533594877344877,0.028899286987522282,0.0037433155080213907,0.01345513740835771,0.0374331550802139,0.01058324845089551,14,0.01871657754010695,65679,11.761112500396909,13.814785604859825,176.6750703340869,11.663054161337172,15.247099612258896,11.678805897863409,11.762462194142564,252.6023903049457,782.0704676209656,True
473,473000,0.025285839929639398,0.003430079155672824,0.013766792197914646,0.0316622691292876,0.013309879800644972,0.03426954516872773,0.004087193460490463,0.019867783520243782,0.04087193460490463,0.01727109554085031,0.029705437547260603,0.0037533512064343165,0.01676821822377898,0.036193029490616625,0.015258628026724539,10,0.013404825737265416,65679,11.789255816518907,13.47149014296889,184.21996413159337,11.669863622276733,15.302326978827718,11.701772793026866,11.959364359437341,260.11403784464983,0.0,False
474,474000,0.03402061855670103,0.005154639175257732,0.01869217072666746,0.04896907216494845,0.016894738995254458,0.04263392857142857,0.0059375,0.02204971098416106,0.059375,0.017884424603174603,0.0379136400322841,0.005508474576271187,0.020209703046438578,0.05367231638418079,0.01734205452425791,13,0.018361581920903956,65679,11.740424023021223,13.19392072585135,177.21666808340197,11.667889049382651,15.122204454154353,11.690445694934049,13.39153152457584,254.02308355532145,721.0728880809869,True
475,475000,0.03926482873851295,0.004511278195488722,0.02294976978026329,0.045112781954887216,0.019688109161793373,0.039417989417989414,0.006349206349206349,0.020150223767362457,0.05714285714285714,0.017679516250944823,0.039332399626517266,0.005322128851540616,0.021714675951042334,0.05042016806722689,0.01880196523053666,10,0.014005602240896359,65679,11.852772510034804,16.462972784514474,197.98018954664263,11.692606897706348,15.321371603205236,11.710860098212983,12.624537062855268,277.6453105031718,0.0,False
476,476000,0.013441112152452358,0.002577319587628866,0.0070114408316153095,0.020618556701030927,0.00799991818033055,0.035606060606060606,0.004545454545454545,0.018021812831666813,0.045454545454545456,0.015007215007215007,0.02362834472862328,0.003481894150417827,0.012071918213254582,0.03203342618384401,0.011220542070124243,4,0.005571030640668524,65679,11.814865907677774,12.321504433754349,181.61242913905528,11.663735396350017,15.142677085078216,11.69761333724706,11.80334186667853,256.0561671658412,758.0919632914074,True
477,477000,0.03568376068376068,0.004615384615384616,0.019214579363113653,0.046153846153846156,0.015094627594627597,0.01678141135972461,0.0030120481927710845,0.011006318939096323,0.030120481927710843,0.014414802065404474,0.026991821659411688,0.0038781163434903052,0.015440143821875767,0.038781163434903045,0.014782020841577629,10,0.013850415512465374,65679,11.791691198914656,12.828448973212225,184.85290854164393,11.667992852293363,15.18837187297617,11.692311269184685,12.07266052694056,260.09438523516565,0.0,False
478,478000,0.02236842105263158,0.0028947368421052633,0.010545889755162725,0.02894736842105263,0.007500000000000001,0.034806910569105697,0.005182926829268293,0.01749236385225912,0.04878048780487805,0.01629766744096012,0.02813088512241055,0.0039548022598870055,0.013764030297320378,0.038135593220338986,0.011575755537619943,12,0.01694915254237288,65679,11.751827266703874,13.424569130393582,182.51633063159912,11.680414969961195,15.26697367454366,11.709761180755951,12.469637520495791,258.81951437445315,740.707521751871,True
479,479000,0.019083969465648856,0.0027989821882951657,0.012664243938764507,0.027989821882951654,0.012365200533139463,0.029310854776693287,0.004658385093167702,0.01382515510186074,0.043478260869565216,0.013655969634230504,0.02368964368964369,0.0036363636363636364,0.013187059875151902,0.03496503496503497,0.012946497946497946,12,0.016783216783216783,65679,11.801732011651467,12.986813964777078,175.79956258173547,11.66516872141976,15.169408506710003,11.695348847984288,11.983536375381743,251.10157100965978,0.0,False
480,480000,0.02564102564102564,0.0028205128205128207,0.01007279033427174,0.028205128205128206,0.0060002035002035,0.034396135265700484,0.0055072463768115944,0.017677445461686873,0.05217391304347826,0.01607430411778238,0.029750566893424035,0.004081632653061225,0.013642322332854354,0.03945578231292517,0.010728862973760933,13,0.017687074829931974,65679,11.748813608214448,13.651363232669578,178.19939767910188,11.669628114441277,15.280596243893996,11.702155431170258,11.75824948879134,254.0102037982828,852.978562167761,True
481,481000,0.02968036529680365,0.00410958904109589,0.014007728722235453,0.0410958904109589,0.010365296803652968,0.02569258266309204,0.004289544235924933,0.016672098400119566,0.04289544235924933,0.01696029618281629,0.02766485998193315,0.004200542005420054,0.015354354589241921,0.04200542005420054,0.013698541747322235,6,0.008130081300813009,65679,11.838843890388251,13.348200024854151,193.62752098933677,11.673663134426082,15.375276059492737,11.708230537532671,12.326085077229987,269.8978197132607,0.0,False
482,482000,0.03246977547495682,0.004145077720207254,0.017204895888476145,0.04145077720207254,0.013877580393124435,0.03177240684793555,0.005438066465256798,0.017776108173541,0.0513595166163142,0.018462571332661968,0.03214783821478382,0.004741980474198047,0.017468593610033285,0.04602510460251046,0.015994221956565052,11,0.015341701534170154,65679,11.7826499009821,13.606237712460167,189.00407699473652,11.67515942634978,15.356285073764298,11.709954792105126,15.41437899416076,268.54874289455876,820.4655301199404,True
483,483000,0.022277227722772276,0.003465346534653466,0.01054447735883781,0.0297029702970297,0.007838283828382838,0.03271221532091098,0.006211180124223602,0.01810660434319072,0.052795031055900624,0.018849206349206348,0.026905417814508725,0.004683195592286502,0.013898478583302872,0.03994490358126722,0.012721916131007042,9,0.012396694214876033,65679,11.851085243652637,13.033593111277941,179.45525511409156,11.664051519810759,15.184208193741444,11.698642610802334,11.901228847810419,254.78806464118708,0.0,False
484,484000,0.02632275132275132,0.003174603174603175,0.010832741246299056,0.031746031746031744,0.0071092634584698075,0.0334920634920635,0.005714285714285714,0.020567690407990266,0.05396825396825397,0.021229528848576467,0.02958152958152958,0.004329004329004329,0.01525771813797688,0.04184704184704185,0.013527565908518287,5,0.007215007215007215,65679,11.723837490429379,12.454224675606529,177.4858959339709,11.668290952449034,15.187855775644632,11.696923295612116,12.223844568004516,252.44087269171715,770.9791454744708,True
485,485000,0.016666666666666666,0.0026666666666666666,0.008397810482379248,0.02666666666666667,0.008888888888888889,0.03354381936471488,0.005970149253731343,0.01766509100414183,0.05373134328358209,0.017255389718076285,0.02462983026363308,0.004225352112676056,0.012770400587717931,0.03943661971830986,0.012836463223787167,8,0.011267605633802818,65679,11.813499550317186,13.858266283361953,187.46350785037168,11.664956728107967,15.139096463612223,11.680985266993016,11.994487457478442,263.61479960024246,0.0,False
486,486000,0.01049538203190596,0.0025188916876574307,0.007192814399033107,0.02518891687657431,0.009711726840190315,0.0257396449704142,0.004437869822485207,0.013330990939905163,0.038461538461538464,0.012873344604113835,0.01750566893424036,0.003401360544217687,0.010015540481774271,0.031292517006802724,0.01116564085951841,7,0.009523809523809525,65679,11.722683938841794,12.52289275682772,174.73861627526065,11.665715681286049,15.214221442960696,11.692050256084663,11.8634249248184,249.41960527607998,714.857238257316,True
487,487000,0.01940700808625337,0.003234501347708895,0.009890064513594974,0.029649595687331536,0.009892825054550122,0.037619047619047614,0.004857142857142858,0.019527126735312775,0.045714285714285714,0.015666666666666666,0.028247803975959312,0.004022191400832178,0.014568250058118178,0.03744798890429958,0.01269566078858728,9,0.012482662968099861,65679,11.737080128748634,12.980205029322622,198.69845172926227,11.667441891183294,15.116152559502272,11.688155034106362,12.47271865140176,274.3602050235272,0.0,False
488,488000,0.027627377481604883,0.0034985422740524785,0.015154789398026837,0.03206997084548105,0.013119533527696793,0.023253493013972056,0.004191616766467066,0.013229843334304457,0.041916167664670656,0.012549900199600797,0.025469508335091786,0.003840472673559823,0.014205111428627612,0.03692762186115214,0.012838503200393894,9,0.013293943870014771,65679,11.725077590452049,12.763093282075477,183.2820099917365,11.66026905313755,14.87145711465132,11.68071864826592,12.068144856769436,258.0507705370882,803.0246492395365,True
489,489000,0.02642487046632124,0.0038860103626943004,0.016501287469798096,0.03367875647668394,0.01451496833621186,0.01675431762108817,0.004966887417218543,0.013550212343817574,0.039735099337748346,0.018745401030169244,0.02217994756041952,0.00436046511627907,0.01520590274880083,0.036337209302325583,0.016371931524547804,8,0.011627906976744186,65679,11.784601523068261,13.076180242266311,189.8664757492008,11.669323111640484,15.002987582390936,11.682721828720766,12.252429298753587,265.33471933604113,0.0,False
490,490000,0.0306140350877193,0.004210526315789474,0.015344958717773307,0.042105263157894736,0.01554720133667502,0.026259689922480626,0.004069767441860466,0.01884342565806074,0.040697674418604654,0.019770902547065337,0.028545119705340696,0.004143646408839779,0.01700721372807562,0.04143646408839779,0.017554042795755502,7,0.009668508287292817,65679,11.724774842514218,12.455086305040997,183.06413256818922,11.666401102894408,15.173697485160176,11.694316483845668,12.012123215165982,257.79053200281066,751.7704852183505,True
491,491000,0.02694585448392555,0.0035532994923857864,0.014730285715751544,0.03553299492385787,0.013776085730400452,0.03656220322886989,0.005128205128205129,0.018330556408296533,0.05128205128205128,0.016670058336725004,0.03147651006711409,0.004295302013422819,0.016426520632641866,0.042953020134228186,0.015139554703313091,12,0.016107382550335572,65679,11.816098119565854,15.447985911021256,188.91231248691076,11.673729657046827,15.527469077736278,11.709721972785747,11.958703709957774,267.0460209350245,0.0,False
492,492000,0.04206349206349206,0.005194805194805195,0.020646646582476242,0.05194805194805195,0.020294784580498864,0.0422998986828774,0.005775075987841946,0.021038728185422167,0.05167173252279635,0.017083996719255076,0.0421724245253657,0.0054621848739495795,0.02082731163481407,0.05182072829131653,0.018815303899337513,6,0.008403361344537815,65679,11.7864365068443,12.90025645245274,186.05250826553288,11.667319529007347,15.087523880352727,11.678843005846762,12.328194260335934,261.5010819003727,658.1706774415053,True
493,493000,0.02066234014124833,0.0032258064516129032,0.010293618120003229,0.02977667493796526,0.008246681633778407,0.01833333333333333,0.002857142857142857,0.010107846692564303,0.02857142857142857,0.010055555555555555,0.01957980045629448,0.0030544488711819386,0.01020727017896256,0.029216467463479414,0.009087459685069245,7,0.009296148738379814,65679,11.801003925004938,13.31091454309652,186.89463103860328,11.66664586665922,15.232756486238674,11.695160203606392,11.82304902230813,262.42416108551714,0.0,False
494,494000,0.025431425976385102,0.003542234332425069,0.014647927572415299,0.035422343324250684,0.014615501059642749,0.028641598915989164,0.004268292682926829,0.015115923699919171,0.042682926829268296,0.014103029423151375,0.026946442845723423,0.0038848920863309355,0.014868794809568204,0.03884892086330935,0.014373643941989265,1,0.0014388489208633094,65679,11.74510133822304,11.906463785904542,193.65385333763862,11.66920320927467,15.028838301123226,11.683274930396337,11.704659405864515,267.39139430842494,886.5663433688665,True
495,495000,0.020273972602739727,0.003287671232876712,0.014397421654447741,0.03287671232876712,0.016989562948467058,0.029080901177675374,0.005483870967741936,0.015643253804943094,0.05161290322580645,0.020455709165386585,0.024318636096413875,0.004296296296296297,0.014969581605045608,0.04148148148148148,0.018581422692533805,5,0.007407407407407408,65679,11.80188205085475,13.24816051351263,192.6504658333328,11.669194879715405,15.01297691286485,11.709257631054015,12.30699639909183,268.39893422042627,0.0,False
496,496000,0.017676767676767676,0.0024064171122994654,0.012028230596143826,0.02406417112299465,0.013591800356506239,0.027278265107212474,0.003801169590643275,0.015757502179424634,0.038011695906432746,0.01783625730994152,0.02226295779019243,0.0030726256983240226,0.013809530709945552,0.030726256983240222,0.015619180633147114,7,0.009776536312849162,65679,11.76862011181834,13.198044032880496,196.41240711842923,11.66684114950467,15.199648527308707,11.693161008519137,11.866066060295388,271.80478800875596,843.5650271719775,True
497,497000,0.01809630804476165,0.003350515463917526,0.00800999335517701,0.03350515463917526,0.008038782523318605,0.05172413793103448,0.006896551724137932,0.028122042591237236,0.06583072100313479,0.023671443499029707,0.03326926099203327,0.0049504950495049506,0.01708459548573318,0.04809052333804809,0.015092274533575804,3,0.004243281471004243,65679,11.872066310425478,14.852815221566562,199.53361151037186,11.673506105536191,15.264990585905913,11.70901924552048,11.774940380127052,276.68094935945356,0.0,False
498,498000,0.01760204081632653,0.0033163265306122456,0.01225703793843598,0.03316326530612245,0.015107709750566894,0.025242524252425243,0.0056105610561056115,0.014934798593021915,0.0429042904290429,0.013434438681963434,0.02093307172443863,0.004316546762589928,0.013424464525974886,0.03741007194244604,0.014378211716341214,9,0.012949640287769784,65679,11.763997552149963,12.796244295676384,201.17719520512668,11.666216617411962,15.055813512521166,11.691500548638434,12.022333809424968,276.1733015409496,881.4540087310752,True
499,499000,0.02550839964633068,0.0034482758620689655,0.012247600740971977,0.034482758620689655,0.010565870910698497,0.026864035087719295,0.00493421052631579,0.014291881132459333,0.046052631578947366,0.01269188596491228,0.026113558492413116,0.0041116005873715125,0.013160172310740195,0.039647577092511016,0.011514929025942242,6,0.00881057268722467,65679,11.748073103945433,12.448778473228561,196.416957217449,11.666312520364208,15.05525932332663,11.692954951958434,12.21452863708894,271.2428642273612,0.0,False
500,500000,0.02788800705467372,0.003968253968253968,0.015574061559922966,0.03968253968253968,0.014072604350382129,0.018784334573808258,0.0029239766081871343,0.008581819762214378,0.029239766081871343,0.0077485380116959065,0.023563762626262624,0.003472222222222222,0.012252746706011387,0.034722222222222224,0.011068672839506173,10,0.013888888888888888,65679,11.74445837287541,13.030406245839732,200.5231686172393,11.676676039684697,15.178239828994577,11.709819834948565,12.315250826011592,276.1780197655939,898.2981941309531,True
501,501000,0.032136752136752135,0.00435897435897436,0.01750943842922909,0.04358974358974359,0.014446479446479447,0.03025641025641025,0.004307692307692308,0.01585185826564986,0.04,0.015810744810744806,0.03128205128205128,0.004335664335664336,0.01675599290032944,0.04195804195804196,0.015066600066600065,6,0.008391608391608392,65679,11.844537004757072,12.529258917259867,194.02114079286602,11.670508625605258,15.32849322982699,11.711702123162748,12.241194161488611,269.3468348549666,0.0,False
502,502000,0.01598053014309172,0.0027093596059113304,0.008199550054525934,0.027093596059113302,0.007207365704902651,0.039580462410044405,0.006109324758842444,0.01935275748815669,0.05787781350482315,0.01479482468228449,0.026217041907418477,0.0041841004184100415,0.013037273223088229,0.040446304044630406,0.010498439264129642,4,0.005578800557880056,65679,11.750218305850435,12.270484016252414,180.69779924806406,11.666589029735164,15.17286350988245,11.703156432063544,11.711074548281797,254.97218509012987,814.5723025739238,True
503,503000,0.02141597379692618,0.0029478458049886623,0.012054556889805106,0.02947845804988662,0.010588309397833206,0.029166666666666664,0.0034375000000000005,0.013409959035666589,0.034375,0.00996031746031746,0.02467513505621258,0.0031537450722733252,0.012624502601599684,0.03153745072273324,0.010324239200717518,3,0.003942181340341655,65679,11.768232727416006,12.19412143504961,181.88677220509763,11.666283723454907,15.43428606454178,11.696790140014457,11.708023964551728,256.3545102601261,0.0,False
504,504000,0.017082974447315533,0.0028423772609819124,0.00940811816907333,0.028423772609819122,0.009197735941921989,0.032720178372352283,0.0046822742474916385,0.017281152757170345,0.043478260869565216,0.016070764983808463,0.02389860706187237,0.0036443148688046646,0.01283965948371037,0.03498542274052478,0.012193414780878339,5,0.007288629737609329,65679,11.733390651913478,12.29784486472818,180.21192587386327,11.66520596229681,15.030145046446286,11.693800461454185,12.573245693703328,255.2055585544055,730.1844099784072,True
