batch,interactions,recall_existing,precision_existing,ndcg_existing,hr_existing,mrr_existing,recall_new_content,precision_new_content,ndcg_new_content,hr_new_content,mrr_new_content,recall_overall_content,precision_overall_content,ndcg_overall_content,hr_overall_content,mrr_overall_content,n_new_users,pct_new_users,n_users_trained,id_resolution_emissions_mg,recovered_history_seed_emissions_mg,expand_embeddings_emissions_mg,gt_split_emissions_mg,scoring_emissions_mg,history_update_emissions_mg,apply_content_seeds_emissions_mg,batch_emissions_mg,update_emissions_mg,updated
1,1000,0.029757217847769028,0.004133858267716535,0.015606667803340453,0.04133858267716536,0.013160854893138356,0.009335624284077892,0.002061855670103093,0.006353497187920807,0.020618556701030927,0.00781786941580756,0.024113643558088,0.0035612535612535613,0.013049523787113371,0.03561253561253561,0.011684303350970019,194,0.27635327635327633,65679,11.73259494864924,37.15671900805166,155.76573019968336,11.660862267982202,14.76745606375301,11.669779369171048,12.71185000992377,255.46499186721428,0.0,False
2,2000,0.016584158415841585,0.0019801980198019802,0.00871553019508882,0.019801980198019802,0.006716171617161716,0.026255707762557076,0.0036529680365296807,0.0216438434025041,0.0319634703196347,0.021961295933898672,0.01950966850828729,0.0024861878453038676,0.01262616637246996,0.023480662983425413,0.01132761115495922,205,0.28314917127071826,65679,11.764231952975427,37.72913819008439,153.93550821976413,11.66574590433277,14.858201984487485,11.6924999102369,13.886876085215938,255.53220224709705,0.0,False
3,3000,0.03220439691027926,0.004313725490196079,0.01855497532118222,0.041176470588235294,0.01644880174291939,0.0189873417721519,0.002109704641350211,0.009181087061402655,0.02109704641350211,0.007735583684950773,0.028011034035130417,0.0036144578313253013,0.015580930451613604,0.03480589022757698,0.013684367098021715,207,0.27710843373493976,65679,11.819485561154371,51.4264368806093,158.32429131318585,11.684294594617016,14.76191705417399,11.689675835320273,13.832596568901346,273.53869780796214,0.0,False
4,4000,0.01546267629858961,0.0025490196078431374,0.006732912791890686,0.025490196078431372,0.00631730469965764,0.015918367346938776,0.0033333333333333335,0.01231088242002985,0.02857142857142857,0.015918367346938776,0.015595586187691449,0.002777777777777778,0.00835982060009794,0.02638888888888889,0.009117614638447973,179,0.24861111111111112,65679,11.748398605411275,43.43023408529966,153.9937856609734,11.663648189649171,14.630534910930288,11.666451701945181,12.8917122763745,260.0247654305835,0.0,False
5,5000,0.021623419827012644,0.0023952095808383238,0.013438500734088735,0.023952095808383235,0.011377245508982036,0.03357000498256103,0.005381165919282512,0.019126712606106145,0.04932735426008968,0.016228913089899637,0.025303100061387352,0.0033149171270718232,0.015190532843839956,0.031767955801104975,0.012871612733491187,178,0.24585635359116023,65679,11.795600979076609,38.31074718077618,142.42426360647448,11.65936561312573,15.139546562703034,11.688346303109169,13.813146279522673,244.83101652478788,0.0,False
6,6000,0.02906162464985994,0.004201680672268907,0.01579322997549973,0.03991596638655462,0.013674636521275178,0.012971698113207548,0.0023584905660377358,0.010065115219714104,0.018867924528301886,0.010220125786163521,0.024103682170542633,0.003633720930232558,0.014028171358891367,0.03343023255813953,0.01261016519010705,169,0.24563953488372092,65679,11.866701126849204,36.41352957651014,157.4974170630971,11.666241549349552,14.685041768948718,11.668783121373355,14.11613440705688,257.91384861318494,0.0,False
7,7000,0.013888888888888888,0.0020833333333333333,0.007408088128895929,0.020833333333333332,0.006128472222222222,0.007178217821782178,0.0014851485148514854,0.00738850220353967,0.01485148514851485,0.010451045104510451,0.011901270772238515,0.0019061583577712614,0.007402287019039675,0.01906158357771261,0.0074087650700553915,147,0.2155425219941349,65679,11.839448208833579,39.389852376775636,150.6224964632763,11.725462075258454,14.626907638402592,11.70274947023299,13.384220446512138,253.2911366792917,0.0,False
8,8000,0.025978407557354928,0.004251012145748988,0.01432178403639014,0.03643724696356275,0.013941906047169206,0.015873015873015872,0.0019047619047619048,0.012521024972853326,0.01904761904761905,0.012585034013605442,0.022964015151515152,0.0035511363636363635,0.01378462579300558,0.03125,0.013537157287157287,151,0.21448863636363635,65679,11.808505777663111,34.28218097442214,143.0005740584556,11.667673366049046,14.902987580308562,11.6686072846252,12.866866408561915,240.19739545008562,0.0,False
9,9000,0.0274781919111816,0.0032989690721649486,0.013511671200204944,0.032989690721649485,0.009953362788414334,0.018109987357774967,0.004424778761061947,0.012058380621562927,0.04424778761061947,0.015228613569321533,0.024500394120647282,0.0036568213783403666,0.013049725109103542,0.03656821378340366,0.011630165427633782,160,0.2250351617440225,65679,11.758163952142828,31.316985273715463,135.73600244566566,11.664569149949598,14.572484939387714,11.668497792251697,12.857544205724555,229.57424775883752,0.0,False
10,10000,0.016767473118279568,0.002620967741935484,0.008784244647227242,0.024193548387096774,0.008142921146953405,0.02134646962233169,0.0024630541871921183,0.012519639163227908,0.024630541871921183,0.010509031198686371,0.018097281831187407,0.002575107296137339,0.009869058791359053,0.024320457796852647,0.008830074709903036,151,0.21602288984263232,65679,11.741759044361661,32.62580705332141,141.60066879558528,11.703731930454673,14.635565789287204,11.768306835357578,12.883645681779303,236.9594851301471,0.0,False
11,11000,0.02949260042283298,0.004228329809725159,0.013462602413772031,0.042283298097251586,0.011967683479311386,0.014027777777777776,0.002916666666666667,0.008716997846678178,0.029166666666666667,0.0109375,0.02428705002337541,0.0037868162692847127,0.011865203962015335,0.037868162692847124,0.01162091765177319,152,0.2131837307152875,65679,11.853720972971031,32.99444409987553,148.97286671130888,11.70067814911576,14.697301886749253,11.7206519969844,12.714361265786858,244.65402508279172,0.0,False
12,12000,0.026595999520900707,0.004150197628458498,0.01449722489908274,0.039525691699604744,0.016465901248509947,0.00628415300546448,0.001639344262295082,0.004694326452107692,0.01639344262295082,0.006505334374186833,0.01998787878787879,0.0033333333333333335,0.011308015271000192,0.032,0.013225396825396824,158,0.21066666666666667,65679,11.826319235743247,32.11483109453539,138.28286642138733,11.663287913847576,14.763628168325619,11.67653788454329,12.562159788147374,232.8896305065298,0.0,False
13,13000,0.03261494252873563,0.004310344827586207,0.014809005767160554,0.040948275862068964,0.012439278872468526,0.02055800293685756,0.003524229074889868,0.010193228249221135,0.030837004405286344,0.012261380323054334,0.02865412445730825,0.004052098408104197,0.01329267943348147,0.03762662807525326,0.012380837525555325,141,0.2040520984081042,65679,11.735680058009603,30.12573341005381,139.79297736756115,11.687576924905226,14.695003300769713,11.717213107340866,13.204623930289545,232.9588080989299,0.0,False
14,14000,0.032407407407407406,0.004732510288065843,0.018112519398175365,0.04526748971193416,0.01602570383434581,0.026416666666666665,0.0045000000000000005,0.017834753447322903,0.045,0.020388888888888887,0.030660835762876575,0.004664723032069971,0.018031538071396222,0.04518950437317784,0.01729776944791522,122,0.17784256559766765,65679,11.811642999941945,26.110399124314522,141.4785029546185,11.68954096777107,14.817465920995664,11.68432646203501,13.290979784628867,230.8828582143056,0.0,False
15,15000,0.02661764705882353,0.0035294117647058825,0.011650488325581349,0.03529411764705882,0.009218487394957982,0.021287519747235386,0.0037914691943127963,0.012298255577911067,0.037914691943127965,0.011058451816745654,0.02484931865828092,0.0036163522012578613,0.011865392241055518,0.036163522012578615,0.009828915843066787,124,0.1949685534591195,65679,11.706626255377634,28.21197476935225,145.11396112447179,11.670521822135065,14.816718860648919,11.724202350286983,13.526216145135459,236.7702213274081,0.0,False
16,16000,0.014449371766444938,0.0031042128603104213,0.008124384187072757,0.026607538802660754,0.007224685883222469,0.021591460456089277,0.0030567685589519655,0.011096657856833047,0.03056768558951965,0.009405974908158313,0.016854575163398694,0.0030882352941176473,0.009125341055271442,0.027941176470588237,0.007959267040149395,138,0.20294117647058824,65679,11.808840376915063,30.009988992741114,139.0348955511928,11.67201126095127,14.606067764241608,11.674122131280495,12.870442891031036,231.6763689683534,538.4885445919351,True
17,17000,0.019901065449010654,0.0036529680365296807,0.01179122944693019,0.02968036529680365,0.011434550989345508,0.031879578754578745,0.006153846153846154,0.022671865115772283,0.05384615384615385,0.027312271062271062,0.024362975849365535,0.004584527220630373,0.015844188292057613,0.03868194842406877,0.017348887979260475,165,0.23638968481375358,65679,11.785145993592483,31.977662126600816,148.78049397455771,11.680402409949137,15.018161193982964,11.703642611889977,13.178961659521955,244.12446997009505,0.0,False
18,18000,0.029313929313929316,0.004158004158004158,0.018974394925204197,0.04158004158004158,0.019983994983994984,0.030155367231638416,0.004661016949152543,0.015690670077036322,0.0423728813559322,0.01271690879741727,0.029590887959088798,0.004323570432357043,0.017893559410326068,0.04184100418410042,0.017592039140156297,125,0.17433751743375175,65679,11.7125718304004,27.7155299334619,149.669865655999,11.665769089350478,14.704124037430432,11.693522072232787,12.814151440565698,239.97553405944066,0.0,False
19,19000,0.030151798710750674,0.003930131004366812,0.016606544122217688,0.039301310043668124,0.013439211201219936,0.032930107526881726,0.004032258064516129,0.017550421120060677,0.04032258064516129,0.016346646185355862,0.031127748549844864,0.00396600566572238,0.016938104314094544,0.039660056657223795,0.014460519807545303,149,0.21104815864022664,65679,11.747943051751593,30.414764240655444,150.48637034174428,11.724036985428892,14.931319432408621,11.747120013786555,13.267702736461002,244.31925680223634,0.0,False
20,20000,0.022750737463126842,0.0028761061946902654,0.011782108479252602,0.028761061946902654,0.010486023317881725,0.026268861454046638,0.005761316872427984,0.018144298854156648,0.0411522633744856,0.01951793062904174,0.02398081534772182,0.0038848920863309355,0.014006586552780202,0.033093525179856115,0.01364394198926573,135,0.19424460431654678,65679,11.77674322150931,28.77292788640469,145.67344617581745,11.660612870393466,14.650041945661087,11.67065183997791,12.960106093590738,237.16453003335465,0.0,False
21,21000,0.03326039387308534,0.004157549234135667,0.020684204977355927,0.04157549234135667,0.018987704490986766,0.022418879056047197,0.003982300884955753,0.009393382817528712,0.035398230088495575,0.006296530411574659,0.0296730112249878,0.004099560761346999,0.01694814962139553,0.03953147877013177,0.01478828232122522,128,0.18740849194729137,65679,11.73556225694556,27.207629415376168,146.13158139025177,11.672095162462877,14.67474536891427,11.688140465085025,13.039045122830231,236.1487991818659,0.0,False
22,22000,0.01867219917012448,0.0026970954356846473,0.009514385754666186,0.024896265560165973,0.008582789962458013,0.024696969696969696,0.004090909090909091,0.013046346177568278,0.04090909090909091,0.017278138528138528,0.02056030389363723,0.003133903133903134,0.010621267938481655,0.029914529914529916,0.01130782797449464,125,0.17806267806267806,65679,11.733797965900704,26.360642114389883,146.8275655044232,11.723966873829205,14.745917048814526,11.670949403440495,12.709207322820006,235.77204623361803,0.0,False
23,23000,0.010196905766526019,0.0016877637130801688,0.00776287594230274,0.016877637130801686,0.009464369432723862,0.029288702928870293,0.0029288702928870294,0.01514735179294874,0.029288702928870293,0.010709304642359035,0.01659654043945769,0.0021037868162692847,0.010238177104019983,0.021037868162692847,0.009881675905518823,144,0.20196353436185133,65679,11.771034075950224,29.457043995618875,139.27987031745957,11.667003730052652,14.73314858538733,11.669710524573814,13.120588703724803,231.69839993276727,0.0,False
24,24000,0.020238095238095236,0.0025793650793650793,0.011206572727152789,0.025793650793650792,0.01047178130511464,0.020491803278688523,0.0020491803278688526,0.006851115015957996,0.020491803278688523,0.002951795472287275,0.020320855614973262,0.0024064171122994654,0.009785808447030425,0.02406417112299465,0.008018737798149562,139,0.1858288770053476,65679,11.77823634622259,27.91685277167555,144.6098011439441,11.663136526953236,14.805533374131867,11.663704552438391,13.02420335194416,235.46146806730988,0.0,False
25,25000,0.015465116279069768,0.002558139534883721,0.00841463468736055,0.023255813953488372,0.007739018087855298,0.027777777777777776,0.0038314176245210726,0.015585357991448926,0.038314176245210725,0.01537736422793894,0.02011577424023155,0.0030390738060781476,0.011123113388325914,0.02894356005788712,0.010624124227597455,156,0.22575976845151954,65679,11.734886991281861,31.94439580523397,149.17060075886855,11.796220268762113,14.957185116987182,11.95531971402361,12.606784646917827,244.1653933020751,0.0,False
26,26000,0.038175460902733625,0.005165289256198347,0.02311060469456562,0.049586776859504134,0.020752984389348025,0.009973359973359974,0.002136752136752137,0.0036951484276070493,0.021367521367521368,0.003601953601953602,0.02898424695082077,0.004178272980501393,0.016783004741267146,0.0403899721448468,0.01516337268426405,137,0.19080779944289694,65679,11.775538715173491,29.70199006403166,148.1081108779328,11.721187424405983,14.977495880250276,11.738453888625322,12.919502130703462,240.94227898112297,0.0,False
27,27000,0.01993620414673046,0.0028508771929824563,0.011501587404193013,0.02850877192982456,0.011832532720690615,0.022042583267073063,0.0036734693877551027,0.012027365106369021,0.036734693877551024,0.011052802073210237,0.020672385151700414,0.0031383737517831673,0.011685347086123284,0.03138373751783167,0.011560016303240267,114,0.16262482168330955,65679,11.704531951125045,24.659238013868823,138.4602815284637,11.666950092936203,14.910781460088403,11.677433512498336,12.869651666696722,225.9488682256772,0.0,False
28,28000,0.03156822810590631,0.004276985743380856,0.01615167121816224,0.04073319755600815,0.01370138686839298,0.043741209563994375,0.005907172995780591,0.02414069368457457,0.05907172995780591,0.020855937311633516,0.03553113553113553,0.004807692307692308,0.01875249309252999,0.046703296703296704,0.01603054683411826,129,0.1771978021978022,65679,11.707332394314887,26.89069192095793,141.15807423885178,11.66170728831347,14.854363923393066,11.675043289150963,12.68163934560907,230.6288524005912,0.0,False
29,29000,0.01597326649958229,0.0025263157894736847,0.009540905754141245,0.02526315789473684,0.010121971595655806,0.016722720478325858,0.0031390134529147985,0.007178051325179156,0.03139013452914798,0.005324222364581109,0.01621270523491154,0.0027220630372492833,0.008786011001048774,0.027220630372492838,0.00858916632555601,121,0.17335243553008595,65679,11.713929307335079,26.677597853456103,148.27399315721965,11.676777189065234,15.177883706148087,11.71850179308709,12.421364554498007,237.66004756080926,0.0,False
30,30000,0.01768939393939394,0.0025,0.00897047216517259,0.025,0.00695887445887446,0.017821067821067817,0.0049792531120331955,0.012621249002458739,0.04979253112033195,0.017732002897978005,0.01773599218533139,0.003377386196769456,0.010262450458544046,0.033773861967694566,0.010771391277999207,116,0.17033773861967694,65679,11.766218228509775,25.213834232941032,143.5186825341217,11.660997512095635,14.476935717601739,11.665160696588961,12.533088520920096,230.83491744277896,0.0,False
31,31000,0.016725921137685843,0.0031674208144796376,0.01144383465682761,0.029411764705882353,0.012575414781297135,0.02354609929078014,0.00425531914893617,0.012805466657066092,0.0425531914893617,0.013617021276595746,0.01909333896039952,0.0035450516986706053,0.011916483874044809,0.033973412112259974,0.0129369768586903,120,0.17725258493353027,65679,11.729976461883826,26.031615464935236,140.97679311126862,11.766585811565783,14.636474921001993,11.725613915476371,12.982724690569631,229.84978437670148,0.0,False
32,32000,0.02862745098039216,0.004,0.013314629692603032,0.03764705882352941,0.011563958916900093,0.010988794191919192,0.002734375,0.006629279875859881,0.0234375,0.00896267361111111,0.021996766490158564,0.0035242290748898684,0.010801487911272273,0.032305433186490456,0.01058608955084726,133,0.19530102790014683,65679,11.830467246305016,29.285024117690906,145.38376039105634,12.016767977067467,15.300306380919976,11.812677969708085,13.066404444128308,238.6954085268761,581.9621195578394,True
33,33000,0.015609044493070752,0.00262582056892779,0.00898868581960416,0.02188183807439825,0.009229446702094404,0.02162629757785467,0.0034602076124567475,0.014650019030805242,0.03460207612456748,0.01572472126105344,0.01794012511170688,0.002949061662198392,0.011181883270056054,0.02680965147453083,0.011745712583514192,157,0.21045576407506703,65679,11.717830202774213,30.998842354162946,142.95509417541416,11.672857599722905,14.856667541916432,11.740843332733174,13.240868623132924,237.18300382985674,0.0,False
34,34000,0.016468682505399568,0.0036717062634989204,0.009974841221028059,0.03023758099352052,0.011507079433645307,0.01845533498759305,0.002419354838709678,0.01036597945266459,0.024193548387096774,0.012298387096774192,0.017161635832521907,0.0032348804500703233,0.010111271996619986,0.02812939521800281,0.011783091107985623,121,0.170182841068917,65679,11.863403304208584,27.0958052276081,141.4692825439153,11.66425225798684,14.886370616768591,11.708241224567262,12.301449085674182,230.9888042607289,0.0,False
35,35000,0.0251954513148543,0.0034115138592750536,0.012568354421511926,0.03411513859275053,0.0112202592479778,0.009779614325068868,0.002066115702479339,0.005384127687622493,0.02066115702479339,0.005657221566312476,0.01994842944210033,0.0029535864978902956,0.010123090188598785,0.029535864978902954,0.009326792132699305,104,0.14627285513361463,65679,11.706995210627666,24.136607648750015,142.12818513448417,11.783036717885262,15.595721252302866,11.70432755128771,12.502265898160433,229.55713941349813,0.0,False
36,36000,0.024403016338500207,0.0032258064516129037,0.012158205220697993,0.03225806451612903,0.010176651305683562,0.025570436507936507,0.005357142857142858,0.016085510166392692,0.049107142857142856,0.018866921768707485,0.024800435970648734,0.003951367781155016,0.013495160095828105,0.037993920972644375,0.013135041250542769,106,0.16109422492401215,65679,11.730305606834705,25.79041569057694,150.03189431450798,11.707891658304174,14.958429059457046,11.685306662246806,12.70792022507912,238.61216321700675,0.0,False
37,37000,0.030041152263374483,0.004526748971193416,0.017405279175235027,0.0411522633744856,0.017555032987131753,0.02092050209205021,0.0033472803347280337,0.012403900966911487,0.029288702928870293,0.013319386331938634,0.027034482758620693,0.00413793103448276,0.015756548979663543,0.037241379310344824,0.01615873015873016,122,0.16827586206896553,65679,11.733115075799466,26.048671790247433,143.7431774854777,11.682004803902773,15.081934719331572,11.699225825563541,12.714184893059672,232.70231459338214,0.0,False
38,38000,0.02729464920296477,0.003837953091684435,0.013725707525822004,0.03837953091684435,0.010952888618133821,0.03128672745694022,0.005957446808510639,0.016120037672433335,0.04680851063829787,0.013054711246200609,0.02862723214285714,0.004545454545454546,0.014524951253739139,0.041193181818181816,0.011654491341991343,103,0.14630681818181818,65679,11.745358668229303,25.026159499516933,149.13402474175768,11.727503327679454,15.152351154741616,11.777295094652848,12.989931985812886,237.55262447239073,0.0,False
39,39000,0.02363215731636784,0.0035164835164835173,0.0112603202627264,0.035164835164835165,0.009257805686377114,0.028544061302681993,0.004597701149425288,0.01783292999846242,0.0421455938697318,0.017512011190172108,0.025422669802999117,0.003910614525139664,0.013656201744607828,0.03770949720670391,0.012266671100469983,111,0.15502793296089384,65679,11.71767330403889,24.99088788440393,140.48837411595633,11.670506980835867,15.274006862416034,11.713788604698905,12.579387909278026,228.434625661628,0.0,False
40,40000,0.024643535010705635,0.004103671706263499,0.01162230943371718,0.038876889848812095,0.011430799821728548,0.034620596205962056,0.006504065040650406,0.02455157537221585,0.056910569105691054,0.02926184023744999,0.028105251589031557,0.004936530324400564,0.016108345288259735,0.045133991537376586,0.01761759240602682,113,0.15937940761636107,65679,11.737145617876642,25.6653202639779,154.37688888914406,11.809006053275715,15.265355447971821,11.851015159698372,12.738257052757538,243.44298848470203,0.0,False
41,41000,0.02519057519057519,0.0033264033264033266,0.0119768386824179,0.031185031185031187,0.008831633831633831,0.013257575757575758,0.001984126984126984,0.008995701248452441,0.01984126984126984,0.00804673721340388,0.02108809789573773,0.0028649386084583905,0.010951945594615313,0.027285129604365622,0.00856179215660798,120,0.16371077762619374,65679,11.837602457176812,25.530503509717597,147.01011731115682,11.67352363524131,14.892154382720873,11.673848785033817,13.29384013797584,235.91159021902305,0.0,False
42,42000,0.017995444191343964,0.0025056947608200456,0.006860551121151155,0.022779043280182234,0.004649817406081643,0.021087786259541986,0.003435114503816794,0.011429295282861423,0.03435114503816794,0.009557130740336848,0.019151212553495008,0.0028530670470756064,0.00856812739842375,0.02710413694721826,0.006483934515318253,124,0.1768901569186876,65679,11.702369953504183,27.083065465029893,140.9444285974011,11.666679202946076,14.726908094822925,11.677334304373982,12.118962213878218,229.91974783195636,0.0,False
43,43000,0.03691796008869179,0.004656319290465632,0.019982972738096915,0.04434589800443459,0.016737056980959418,0.015603566529492454,0.003292181069958848,0.009909141606026602,0.03292181069958848,0.014373897707231041,0.02945485110470701,0.004178674351585015,0.016455680281190453,0.040345821325648415,0.015909610722290836,100,0.1440922190201729,65679,11.703215387187313,23.08883648736125,139.11236499391035,11.665804363580195,14.672654807007524,11.68676263034983,12.478175881423804,224.40781455082023,0.0,False
44,44000,0.028711484593837537,0.003991596638655463,0.01857410489069606,0.03991596638655462,0.019986327864479122,0.027439024390243903,0.0040650406504065045,0.013353651027818918,0.04065040650406504,0.012566137566137565,0.028277931671283472,0.004016620498614959,0.016795390693649277,0.04016620498614958,0.01745811898166469,110,0.1523545706371191,65679,11.694515901062783,25.090586170263553,147.97765444320328,11.789550518323534,15.740035133136182,11.85480640544974,13.317418854455129,237.4645674258942,0.0,False
45,45000,0.02885391444713479,0.004600484261501211,0.015979617766810537,0.04600484261501211,0.018092547753564704,0.031136228596121644,0.005785123966942148,0.01848337548729678,0.049586776859504134,0.019323101141282956,0.029697151125081082,0.005038167938931298,0.016904670237585608,0.04732824427480916,0.0185471949594087,111,0.16946564885496182,65679,11.887429609992035,25.38740028611153,153.71367548969693,11.714711288262139,14.692296242345067,11.790908644077753,12.43096025790695,241.6173818183924,0.0,False
46,46000,0.028164794007490633,0.005168539325842696,0.017899845545062867,0.04719101123595506,0.01885143570536829,0.036520584329349265,0.00597609561752988,0.01712194180165891,0.055776892430278883,0.014186112692088788,0.031178160919540225,0.0054597701149425295,0.017619308419208852,0.05028735632183908,0.017168970078452837,112,0.16091954022988506,65679,11.798368040041515,24.929935721760415,139.35212289209116,11.659619274422342,15.109359236816639,11.682967736934696,12.599088154530842,227.1314610565976,0.0,False
47,47000,0.036384976525821594,0.004225352112676057,0.016793465764831515,0.04225352112676056,0.012289477606379015,0.018146718146718147,0.003474903474903475,0.00809268412040879,0.03474903474903475,0.007754182754182754,0.02948905109489051,0.003941605839416058,0.01350368117226876,0.03941605839416058,0.010574672691461012,108,0.15766423357664233,65679,11.69514128855284,23.769463374184383,138.76068508456365,11.66274309251196,14.774327848030358,11.686828721144128,12.541605280176269,224.8907946891636,0.0,False
48,48000,0.024476987447698745,0.0033472803347280337,0.013151777643286289,0.03347280334728033,0.011793517965066082,0.034802043422733075,0.005363984674329502,0.016325389758773064,0.04980842911877394,0.014372377303411786,0.028123590437528188,0.004059539918809202,0.014272633884344542,0.03924221921515562,0.0127043194363898,104,0.14073071718538566,65679,11.775129874592311,23.897689032933293,155.62426035776318,11.70270069448566,15.674299646026984,11.708334680062341,12.83416831168553,243.2165825975493,543.866905890554,True
49,49000,0.015899949723479134,0.00248868778280543,0.009748714764038964,0.024886877828054297,0.010168426344896933,0.016037735849056604,0.003018867924528302,0.009041357661586492,0.026415094339622643,0.01179245283018868,0.01595159515951595,0.002687411598302687,0.009483580913756211,0.02545968882602546,0.010777149143485777,113,0.15983026874115983,65679,11.723419855974582,25.41271633596867,151.0976998148443,11.999787171845453,17.72654373687066,11.88973708485079,13.074329129234355,242.9242331295888,0.0,False
50,50000,0.02374789915966386,0.0037647058823529413,0.01438271580711814,0.03764705882352941,0.014784313725490196,0.032236842105263154,0.005263157894736843,0.017106357202495624,0.04887218045112782,0.018268886501969207,0.02701571221831714,0.004341534008683068,0.015431179788551441,0.041968162083936326,0.016125697746537108,106,0.15340086830680175,65679,12.923823271018819,25.377055962364988,172.2051660858273,12.085654189560383,15.437763558789202,11.870685772977229,13.3879827409894,263.28813158152735,0.0,False
51,51000,0.01814516129032258,0.002995391705069125,0.009371960254061581,0.029953917050691243,0.008744788237875795,0.030286069651741295,0.005597014925373134,0.01698866411821588,0.048507462686567165,0.01784825870646766,0.022780151946818615,0.003988603988603988,0.012279761729265787,0.037037037037037035,0.012220187220187221,112,0.15954415954415954,65679,11.953605255772896,25.383521082184696,149.79109167462605,11.665996217184379,14.66740108587751,11.673601847141807,12.817695153726286,237.95291231651362,0.0,False
52,52000,0.03413361169102297,0.00501043841336117,0.018235083932953686,0.04592901878914405,0.015377605461112767,0.01721311475409836,0.0024590163934426227,0.01213753428247884,0.02459016393442623,0.015339578454332552,0.028423236514522818,0.004149377593360996,0.016177266346901316,0.03872752420470263,0.015364772003776154,101,0.1396957123098202,65679,11.744925093716205,25.0827288798567,143.07823445771155,11.664787984498604,14.85987007275244,11.670403458993729,12.962518297656572,231.0634682451858,0.0,False
53,53000,0.027432950191570882,0.00367816091954023,0.014289973540490017,0.034482758620689655,0.010960591133004925,0.03270414629730219,0.006083650190114069,0.020353393496648654,0.060836501901140684,0.023059629428450718,0.02941908855232638,0.004584527220630373,0.016574614584142913,0.044412607449856735,0.015519397825988084,111,0.15902578796561603,65679,11.756222689923712,25.85725284165452,141.15320461604435,11.66070578365909,14.743866632712862,11.670408961604247,12.221093810551102,229.0627553361499,0.0,False
54,54000,0.019431279620853083,0.003317535545023697,0.011379774737225875,0.030805687203791468,0.012282780410742497,0.03808243727598566,0.00685483870967742,0.025597573891227514,0.06854838709677419,0.03068996415770609,0.026334991708126032,0.004626865671641792,0.016642482483781706,0.04477611940298507,0.019096185737976782,94,0.14029850746268657,65679,11.737394938994214,21.539434068103617,155.1682704644397,11.686579978078052,14.75643329879213,11.738214470926115,13.605484064522708,240.23181128385653,0.0,False
55,55000,0.021637426900584796,0.0030701754385964912,0.011384962111052811,0.03070175438596491,0.009420252018936228,0.01651048639000446,0.004016064257028112,0.0071807858481170205,0.0321285140562249,0.00679384203480589,0.01982663514578408,0.0034042553191489366,0.009900082835207404,0.031205673758865248,0.00849262636496679,88,0.12482269503546099,65679,11.77472214196687,23.368293965427693,149.92391890117884,11.707051846939626,14.78239839484974,11.697575720249,12.303700418178284,235.55766138879008,0.0,False
56,56000,0.022982456140350875,0.0029473684210526317,0.013110169031711347,0.029473684210526315,0.011122807017543859,0.028410553410553412,0.004633204633204634,0.01724840985167105,0.04247104247104247,0.01664828093399522,0.024897820163487735,0.0035422343324250684,0.014570392972269334,0.0340599455040872,0.013072531464902037,101,0.13760217983651227,65679,11.72766129115682,24.24767673282931,141.65551866611622,11.674359209422336,15.289622089477081,11.755750511148467,12.686048101312464,229.0366366014627,0.0,False
57,57000,0.029471749985973177,0.004595185995623633,0.014947145867025982,0.045951859956236324,0.014399465110624848,0.027011494252873563,0.0037931034482758625,0.013474337192070723,0.03793103448275862,0.0118431855500821,0.028516630625064356,0.00428380187416332,0.014375372753589535,0.0428380187416332,0.01340706742313168,109,0.1459170013386881,65679,11.809111006828507,25.470279953913877,153.1437877154533,11.688239744520393,15.260439118319411,11.746394024786735,12.560826798428334,241.67907836225055,0.0,False
58,58000,0.028762805358550032,0.003782505910165485,0.02029467173671297,0.037825059101654845,0.01923055274119104,0.023417059131344845,0.00402930402930403,0.013510235118943266,0.040293040293040296,0.014692714692714692,0.026665982484948003,0.0038793103448275866,0.01763353495991537,0.03879310344827586,0.017450624885969712,110,0.15804597701149425,65679,11.71068415945463,26.718948198294417,148.40884916898085,11.690759588598581,15.04877535405541,11.744275723528375,13.200302150986193,238.52259434389845,0.0,False
59,59000,0.022310874704491723,0.0031914893617021275,0.014856944428399625,0.031914893617021274,0.01590678824721378,0.015289256198347109,0.0024793388429752068,0.01117899255514168,0.02066115702479339,0.01285583103764922,0.01992431335830212,0.0029494382022471916,0.013606854044511391,0.028089887640449437,0.014869805600142678,73,0.10252808988764045,65679,11.733400437911879,20.966185490252364,151.85829891823516,11.68991523886262,14.917276720156913,11.673927662367301,12.668243284837121,235.50724775262339,0.0,False
60,60000,0.029532163742690055,0.004824561403508772,0.017358262066691416,0.046052631578947366,0.01898409217488165,0.016666666666666666,0.002307692307692308,0.008686807408598594,0.019230769230769232,0.008141025641025642,0.02486033519553072,0.003910614525139664,0.014209409816545981,0.036312849162011177,0.015046665779906003,119,0.16620111731843576,65679,11.709166511969515,31.992821870583526,147.37078561717286,11.693572187613382,14.989094887583876,11.702467445137005,12.494193985274071,241.95210250533424,0.0,False
61,61000,0.031385281385281384,0.004090909090909091,0.015866329943170894,0.038636363636363635,0.012271825396825397,0.022243107769423558,0.0033834586466165413,0.009297482868747858,0.03383458646616541,0.007372598162071846,0.02794077971131795,0.003824362606232295,0.013391381895300458,0.036827195467422094,0.010425940914609468,89,0.12606232294617564,65679,11.76783378325011,23.29350010748035,147.13886522068827,11.664426657079229,15.132138891170433,11.671123808686817,12.967732087185158,233.63562055554036,0.0,False
62,62000,0.03129322268326418,0.003526970954356847,0.015804640406425798,0.035269709543568464,0.011254363432786667,0.02890777128695344,0.006691449814126395,0.016857539664743508,0.04460966542750929,0.01708414468637517,0.03043878003931266,0.004660452729693741,0.016181777424385136,0.03861517976031957,0.013342527423752458,85,0.11318242343541944,65679,11.71778751652211,22.222911727834415,147.9263039060631,11.685176114956814,15.568527385323438,11.729609104303707,12.562443008609648,233.41275876361325,0.0,False
63,63000,0.02468522200132538,0.002982107355864811,0.014799940844141454,0.02982107355864811,0.01481902237369434,0.012077294685990338,0.0014492753623188406,0.009267903688799928,0.014492753623188406,0.009057971014492754,0.020218228498074454,0.0024390243902439024,0.01283993794956602,0.024390243902439025,0.012777879658495831,105,0.13478818998716302,65679,11.739069228196286,24.97902572226596,149.87690728859513,11.694561827486904,15.508388517066624,11.69698480623857,12.315395702521686,237.81033309237117,0.0,False
64,64000,0.018767217630853993,0.002892561983471074,0.011741172163535806,0.026859504132231406,0.01216712580348944,0.013489208633093525,0.002517985611510791,0.009855527973410773,0.017985611510791366,0.010705721137375813,0.016841644794400697,0.0027559055118110236,0.011053233731967881,0.023622047244094488,0.011633962421363997,90,0.11811023622047244,65679,11.726818615651059,23.486031837226946,156.9436824178129,12.1346766851875,15.67582036839793,11.768324260998803,11.93986166150851,243.67521584678366,636.7772895227303,True
65,65000,0.03335527759490893,0.004608294930875576,0.020272627848330223,0.04608294930875576,0.020851620217979667,0.026450511945392493,0.004436860068259386,0.014491929610558072,0.04436860068259386,0.014781407443523483,0.03057247658348071,0.0045392022008253095,0.01794285538111256,0.0453920220082531,0.018405165826073665,97,0.13342503438789546,65679,11.757441327125278,24.764762056431884,153.9516995214714,11.688124270287787,15.444394592226823,11.683584475195852,13.199313160582731,242.48931940332173,0.0,False
66,66000,0.03928823114869627,0.004651162790697675,0.01635334374725596,0.046511627906976744,0.010123661867847912,0.04269293924466338,0.00574712643678161,0.021203337317888496,0.05747126436781609,0.01648421820835614,0.04049889710652653,0.005040871934604905,0.01807793274171794,0.05040871934604905,0.012385385580208467,99,0.13487738419618528,65679,11.761901836188082,22.396136201023598,146.83275117437222,11.686577201908133,15.068768453512654,11.67426358361992,13.718113722110958,233.13851217273557,0.0,False
67,67000,0.023390894819466247,0.0037362637362637367,0.011823740281859622,0.03296703296703297,0.009394732251875109,0.024632210607820365,0.003658536585365854,0.012336670454256139,0.036585365853658534,0.012037037037037037,0.023826506351470683,0.003708987161198288,0.012003741455054407,0.034236804564907276,0.010321988995312817,64,0.0912981455064194,65679,11.828780319602522,21.6512248956309,156.5783202502058,11.691830637886035,14.914847030544214,11.678817123376984,12.784338726982286,241.12815898422875,0.0,False
68,68000,0.021404109589041095,0.0029680365296803654,0.010489238028276381,0.02511415525114155,0.008985649054142205,0.031799656799656795,0.005019305019305019,0.01897364631859886,0.04633204633204633,0.01963136605993749,0.025267017376056113,0.0037302725968436155,0.013641980850648721,0.03299856527977044,0.012941518070642892,82,0.11764705882352941,65679,11.72926878393113,25.18112787928614,153.00145683289773,11.835743159702151,15.529810328231836,11.824643213784874,13.385980736174002,242.48803093400784,0.0,False
69,69000,0.025723738626964435,0.0032258064516129032,0.01389602147473552,0.03225806451612903,0.012337035724132497,0.01864942528735632,0.0037931034482758625,0.011538911151181486,0.03103448275862069,0.011522988505747126,0.02276334776334776,0.003463203463203463,0.012909640531256919,0.031746031746031744,0.01199638104400009,98,0.1414141414141414,65679,11.870932456414796,24.426674747505402,162.4334529085128,12.072525805879863,16.147503198064157,11.88495541968454,12.613335724980661,251.44938026104222,0.0,False
70,70000,0.02722086389568052,0.004156479217603913,0.0168185345844203,0.04156479217603912,0.019396903015484922,0.019838523644752016,0.0038062283737024223,0.015291550651052614,0.03806228373702422,0.019992310649750097,0.02416427889207259,0.0040114613180515755,0.01618630198163626,0.04011461318051576,0.01964342566061764,93,0.1332378223495702,65679,11.987065265627733,22.442115042570208,150.7823299015318,11.665064769690591,14.735853663166292,11.671754428510539,12.567202543993517,235.8513856150907,0.0,False
71,71000,0.025613275613275612,0.0031746031746031746,0.010798102533094411,0.031746031746031744,0.0075927725587589525,0.02935672514619883,0.005614035087719299,0.01535347899739119,0.05263157894736842,0.014136730715678083,0.02708281158694382,0.004132231404958678,0.012586370153376205,0.03994490358126722,0.010161681752590844,95,0.13085399449035812,65679,11.737545477976536,22.782466826874735,145.28964389093693,11.669055248707261,14.91186733805494,11.794040522837557,12.932460895398457,231.1170802007864,0.0,False
72,72000,0.034386347131445165,0.004575163398692811,0.015366340580147096,0.0457516339869281,0.011525227374900578,0.02447335811648079,0.003345724907063197,0.012142555570806804,0.03345724907063197,0.009023721012568596,0.030723443223443225,0.004120879120879121,0.014175134306091413,0.04120879120879121,0.010600907029478458,86,0.11813186813186813,65679,11.726626376093453,21.468033735875387,145.6549499711142,11.661212543642025,15.19424559018323,11.699883571410913,12.77216493091385,230.17711671923308,0.0,False
73,73000,0.027119252873563215,0.003448275862068966,0.015476780287841458,0.034482758620689655,0.01403256704980843,0.015503875968992248,0.0034883720930232558,0.011061767689349926,0.027131782945736434,0.013258274886181864,0.02296860572483841,0.0034626038781163434,0.013899116506109028,0.03185595567867036,0.013755880930396166,75,0.1038781163434903,65679,11.828904309618693,20.475871964041602,155.82682169887687,11.669715493774213,14.883407336685472,11.697826444178466,12.993507107587899,239.37605435476326,0.0,False
74,74000,0.027966742252456534,0.0038548752834467125,0.015218076301648238,0.036281179138321996,0.012515747039556564,0.0300132802124834,0.005577689243027888,0.02013863368717549,0.04780876494023904,0.02367672168468981,0.028709055876685936,0.004479768786127168,0.01700284494871087,0.04046242774566474,0.01656401963482888,80,0.11560693641618497,65679,11.772533166913568,22.261434241981764,146.67868569831836,11.659223832748145,14.818026639870642,11.677832315523663,13.089225201018406,231.95696109637456,0.0,False
75,75000,0.03340909090909091,0.004545454545454545,0.019866789769280704,0.045454545454545456,0.018238636363636363,0.020059523809523812,0.0032142857142857142,0.011201768913594127,0.03214285714285714,0.011567460317460318,0.028217592592592593,0.0040277777777777786,0.0164970594365137,0.04027777777777778,0.01564429012345679,92,0.12777777777777777,65679,11.72691370071241,21.53440473081844,144.3509112173426,11.68815017122543,15.074767967665492,11.698284775013557,13.100180683494472,229.17361324627237,0.0,False
76,76000,0.03026695526695527,0.004329004329004329,0.018097989351685433,0.04329004329004329,0.01876674912389198,0.013852813852813853,0.0021645021645021645,0.005693811019653282,0.021645021645021644,0.00393733250876108,0.024795574795574794,0.0036075036075036075,0.01396326324100805,0.03607503607503607,0.013823610252181682,68,0.09812409812409813,65679,11.779975709801105,19.54206965726346,149.11063794401448,11.68468358602251,14.866245359269891,11.687280488233142,13.064166013994349,231.73505875859894,0.0,False
77,77000,0.03253301320528211,0.004201680672268907,0.016837330526232534,0.04201680672268908,0.013948912898492729,0.022115384615384617,0.003076923076923077,0.013649746510287674,0.026923076923076925,0.012670940170940172,0.02885287267080745,0.0038043478260869562,0.015711281824947666,0.036684782608695655,0.013497455141476879,95,0.12907608695652173,65679,11.788134215946073,23.418047183840912,152.26145329045454,11.680576292676797,15.30724663784816,11.698440011316535,12.923627399540061,239.07752503162308,0.0,False
78,78000,0.02792306854091751,0.003890160183066362,0.01383600811728618,0.036613272311212815,0.012082743089608078,0.025243309002433087,0.004379562043795621,0.01669354111930856,0.040145985401459854,0.017050457652647438,0.02689036233340031,0.004078762306610409,0.014937223367010697,0.0379746835443038,0.013997164735561358,87,0.12236286919831224,65679,11.808108108381926,21.570684560514447,146.27658802378664,11.666385838497023,15.07904211050376,11.775087022970753,12.767556073971924,230.9434517386265,0.0,False
79,79000,0.018055115616091223,0.0024390243902439024,0.011637588514791393,0.024390243902439025,0.010372012811037203,0.028662053056516725,0.004498269896193772,0.018613808503715086,0.04498269896193772,0.021972318339100346,0.0221975546975547,0.003243243243243243,0.014362085240195374,0.032432432432432434,0.014902402402402403,82,0.11081081081081082,65679,11.802557661068358,20.585850408549184,145.4343607451454,11.66131001819129,15.602886395908039,11.68373207367443,12.930647875601665,229.70134517813835,0.0,False
80,80000,0.020251842076322444,0.003464203233256351,0.01278186651537509,0.03002309468822171,0.01476135488837567,0.016786570743405272,0.0025179856115107916,0.007634898389406338,0.025179856115107913,0.006235011990407673,0.018896925858951176,0.0030942334739803095,0.010769409217176335,0.02812939521800281,0.011427566807313643,79,0.1111111111111111,65679,11.73743532097843,20.82046984823796,143.89404839336774,11.714769120117763,15.114131119545876,11.732717368439365,12.788964204479836,227.80253537516694,594.8069892504036,True
81,81000,0.022407407407407404,0.004222222222222223,0.014106091990462841,0.04,0.016202821869488536,0.032657657657657664,0.004054054054054054,0.014288090768703332,0.04054054054054054,0.010482357357357358,0.026474530831099196,0.004155495978552279,0.014178305982901427,0.040214477211796246,0.013933039703817183,86,0.11528150134048257,65679,12.00434692908564,23.36115753778789,155.13942325756994,11.694010796078903,15.242741507884988,11.688127148072603,12.928683077735592,242.05849025421557,0.0,False
82,82000,0.036168981481481476,0.005092592592592593,0.016974294927954273,0.05092592592592592,0.013228431804820695,0.03977932636469222,0.005691056910569106,0.02071211323176005,0.04878048780487805,0.01800393599174087,0.037478929624947324,0.005309734513274336,0.018330494489512118,0.05014749262536873,0.014961136863791732,74,0.10914454277286136,65679,11.887009783783514,20.511570184549715,146.41434176517615,11.66470931722105,14.778260313864228,11.679393508531867,13.083783352799832,230.01906822592633,0.0,False
83,83000,0.02731700895208004,0.0042654028436018955,0.0167829554514267,0.04028436018957346,0.01854547506206274,0.03546528659310614,0.006390977443609024,0.02112086275922548,0.06390977443609022,0.022389306599832914,0.030467360481895363,0.005087209302325582,0.018460111474500066,0.04941860465116279,0.020031607604282024,72,0.10465116279069768,65679,11.760626022035842,19.714003641358584,151.34302011138647,11.706361404795196,15.147229187099931,11.716819123073346,12.719052807273757,234.1071122970231,0.0,False
84,84000,0.024629629629629626,0.0033333333333333335,0.012402427371441026,0.03333333333333333,0.011333333333333334,0.03180354267310789,0.003985507246376812,0.014014678253863096,0.03985507246376811,0.01081924315619968,0.027356902356902357,0.0035812672176308543,0.013015349194510573,0.03581267217630854,0.011137894092439548,84,0.11570247933884298,65679,11.767148867677935,22.501361858547757,153.74857143643854,11.664439933781884,14.932146797350804,11.676128775256478,12.786139060076696,239.0759367291301,0.0,False
85,85000,0.02622950819672131,0.00351288056206089,0.01734653487702626,0.0351288056206089,0.016610906657745065,0.02780725543371458,0.005447470817120623,0.013308531838237589,0.04669260700389105,0.014966648137854364,0.026822316734597437,0.0042397660818713455,0.015829331980873204,0.039473684210526314,0.015993107769423556,65,0.09502923976608187,65679,11.708158094033555,19.2267541940655,153.3454931229826,11.670528804928749,14.961254259961143,11.685202435773867,13.062574802956417,235.65996571470183,0.0,False
86,86000,0.022127052105638832,0.00278372591006424,0.01130435228030845,0.027837259100642397,0.008855919241358215,0.01800232288037166,0.002439024390243903,0.008908982203083863,0.024390243902439025,0.007404181184668989,0.020557029177718834,0.002652519893899204,0.010392586746935165,0.026525198938992044,0.008303334596438044,90,0.11936339522546419,65679,11.762759561655123,26.800349556439784,161.82670372456158,11.670866061436191,14.93557043769425,11.680272349302856,13.045371964039154,251.72189365512895,0.0,False
87,87000,0.03160660660660661,0.004054054054054054,0.01658026712430041,0.04054054054054054,0.013576076076076074,0.031672816728167276,0.004797047970479706,0.014253199670654847,0.04059040590405904,0.010547355473554735,0.031631701631701634,0.004335664335664336,0.015698259739771812,0.04055944055944056,0.012428127428127428,77,0.1076923076923077,65679,11.736320780841163,21.411637500558246,166.40923726499514,11.764773897401938,15.559451469571856,11.937067495654958,12.734396365426948,251.55288477445026,0.0,False
88,88000,0.018722466960352423,0.003303964757709251,0.01108587529517067,0.03303964757709251,0.011542025033214462,0.022545454545454542,0.0032727272727272726,0.017114284046024025,0.03272727272727273,0.01666666666666667,0.020164609053497942,0.003292181069958848,0.013359966387742237,0.03292181069958848,0.013475188886711523,82,0.11248285322359397,65679,11.99151955611627,29.4881508714831,167.92619425755328,11.67524345048465,14.992318428670714,11.673175931307956,12.985455214029745,260.73205770964574,0.0,False
89,89000,0.02455929487179487,0.004086538461538462,0.01453163806087893,0.03365384615384615,0.014005265567765567,0.04065272496831432,0.0064638783269961985,0.025550344881684468,0.060836501901140684,0.023794435391393566,0.030792832596956306,0.005007363770250369,0.01879956132136767,0.044182621502209134,0.01779694695747715,65,0.09572901325478646,65679,11.72326611549937,19.623734284664184,149.797631493722,11.722254199136167,15.443891192994801,11.731034204327806,13.227785213558441,233.26959670390278,0.0,False
90,90000,0.028929384965831435,0.004555808656036446,0.017291838090784106,0.04100227790432802,0.017150269371226094,0.03176691729323308,0.004135338345864662,0.01872689344904251,0.041353383458646614,0.018045112781954885,0.03,0.004397163120567376,0.017833291601843305,0.04113475177304964,0.017487898232579083,71,0.10070921985815603,65679,11.817196031979616,19.832872478323104,155.70320500152627,11.66455774605571,15.616224015968516,11.70371259886019,14.22291218875979,240.56068006147322,0.0,False
91,91000,0.029371790999697975,0.0040169133192389005,0.01650718843039343,0.040169133192389,0.015391456089130508,0.047821969696969696,0.006060606060606061,0.023273951247298228,0.06060606060606061,0.020032166907166905,0.035980810234541576,0.0047489823609226595,0.0189311034692847,0.04748982360922659,0.017053800262755485,55,0.07462686567164178,65679,11.78702827212344,19.707695144179084,160.83585210462104,12.056486689632912,15.41581500969294,11.722591960743046,12.640183001566552,244.16565218255903,0.0,False
92,92000,0.028730822873082287,0.0041841004184100415,0.01431420402406822,0.04184100418410042,0.011345221491665005,0.021220570012391568,0.0044609665427509295,0.011239197690259415,0.040892193308550186,0.011906237092110698,0.02602632753235163,0.00428380187416332,0.013206872425949652,0.041499330655957165,0.011547247189817469,86,0.11512717536813923,65679,11.77549542541803,21.51243286357615,152.36820655543937,11.660712198914569,14.978405647830122,11.68065060194387,12.791215253611654,236.7671185467338,0.0,False
93,93000,0.036568213783403664,0.004430379746835443,0.018445862596616982,0.04219409282700422,0.014093999062353492,0.028486997635933806,0.0039007092198581565,0.018799229328899172,0.03900709219858156,0.017710795902285262,0.03355379188712522,0.004232804232804233,0.01857767399675399,0.041005291005291,0.015443121693121694,72,0.09523809523809523,65679,11.711497324939229,19.70310810080894,152.2295727506458,11.67476456606642,15.157133550814523,11.684246978598683,12.753497879776365,234.91382115164996,0.0,False
94,94000,0.021992337164750957,0.0034482758620689655,0.012178809871053409,0.034482758620689655,0.010665936872833423,0.04697986577181208,0.005369127516778524,0.02388529092268801,0.053691275167785234,0.018613508043038244,0.032150977717144154,0.004229195088676672,0.016938061376356426,0.04229195088676671,0.013897009463175902,86,0.11732605729877217,65679,11.721611113540975,21.855275416551855,160.7165236434914,11.763504127140777,15.534002295317789,11.712550386577119,12.418299848684228,245.7217668313041,0.0,False
95,95000,0.02110365398956003,0.0024608501118568234,0.012224991071615583,0.024608501118568233,0.00990820638471645,0.027126436781609198,0.0034482758620689655,0.013867148806787497,0.034482758620689655,0.01132183908045977,0.023473541383989147,0.002849389416553596,0.012871158972836555,0.028493894165535955,0.010464452628631733,81,0.10990502035278155,65679,11.746872305585383,20.92573689343319,157.4355751500188,11.70683956117427,15.633595613906426,11.80265163719732,13.78372845056361,243.03499961187902,0.0,False
96,96000,0.027322128851540617,0.004235294117647059,0.013079478671267812,0.04,0.011129785247432307,0.03204225352112676,0.004929577464788733,0.018172145354029924,0.045774647887323945,0.01757629107981221,0.02921284169521123,0.004513399153737659,0.015119418499059688,0.04231311706629055,0.013712024537130319,56,0.07898448519040903,65679,12.025255250191352,18.079559931129946,156.6976863447006,11.827078340777286,15.575860775045303,11.727048640889498,12.179420446255252,238.11190972898925,540.7456795011555,True
97,97000,0.018795888399412628,0.003303964757709251,0.013084813105876242,0.03303964757709251,0.015662366268093142,0.03876592890677398,0.006690140845070422,0.019376823364157907,0.06338028169014084,0.017634976525821595,0.026480836236933796,0.004607046070460705,0.0155061287066242,0.044715447154471545,0.01642147373854691,69,0.09349593495934959,65679,11.729595024594087,21.472348904313236,157.92385127367388,11.694007764902898,15.419238577417394,11.720811098271666,12.660506283138083,242.62035892631124,0.0,False
98,98000,0.0373959000640615,0.00515695067264574,0.021177623515700867,0.04708520179372197,0.018407004057228272,0.01243781094527363,0.002238805970149254,0.006076720822392692,0.022388059701492536,0.0063891850272447285,0.02802787781779378,0.004061624649859944,0.01550949757479528,0.037815126050420166,0.013896114001156017,75,0.10504201680672269,65679,11.920173915432736,22.70170394634216,161.59696918718532,11.818626725900588,15.450307368491956,11.6905318835632,12.626427339287178,247.80474036620316,0.0,False
99,99000,0.024484719260838665,0.0036247334754797443,0.014012317327657939,0.03411513859275053,0.015034521271195044,0.026284348864994027,0.0035842293906810036,0.01124217384310069,0.035842293906810034,0.009202366729248448,0.02515597147950089,0.003609625668449198,0.012979068621519608,0.034759358288770054,0.012859158815041167,76,0.10160427807486631,65679,11.983930990912967,20.736561340561206,158.45374357150234,11.697296800072115,15.232264518279248,11.728379835002773,12.457965452745967,242.29014250907665,0.0,False
100,100000,0.021362586605080832,0.0032332563510392614,0.010892567082657349,0.03233256351039261,0.009862898200080648,0.045241143832693134,0.006690140845070423,0.025251993354626353,0.06338028169014084,0.024892410015649454,0.030820759900257805,0.004602510460251046,0.01658026172873712,0.044630404463040445,0.015816010272077217,80,0.11157601115760112,65679,11.819208743948927,20.94404979358436,157.46115988767366,11.663976462024383,14.905144752320327,11.675388965189104,12.959446285563947,241.42837489030472,0.0,False
101,101000,0.016057838660578385,0.0020547945205479454,0.006275795237882873,0.02054794520547945,0.004388635210553019,0.025913978494623655,0.0038709677419354843,0.01663277922346696,0.03870967741935484,0.015353302611367128,0.02014260249554367,0.002807486631016043,0.010568128173084834,0.02807486631016043,0.00893281555046261,82,0.10962566844919786,65679,11.803161632042286,20.05827899661042,152.51505987711258,11.680970027919123,15.216695624525183,11.68949946885045,13.113900469916008,236.07756609697606,0.0,False
102,102000,0.02078313253012048,0.003132530120481928,0.009120470224309883,0.03132530120481928,0.007151462994836488,0.033995186522262334,0.005415162454873646,0.019379018797599696,0.05415162454873646,0.02306887857429374,0.026071772639691713,0.004046242774566475,0.013226854552057394,0.04046242774566474,0.013523029635746399,83,0.1199421965317919,65679,11.813102231784944,21.164547704254076,155.97420335512064,11.662535284607396,14.815602327755,11.677783529569219,12.796983091391962,239.90475752448322,0.0,False
103,103000,0.027980149931369446,0.003547671840354767,0.013958759244240485,0.03325942350332594,0.010550628233555062,0.020833333333333332,0.004391891891891893,0.010959336494216156,0.04054054054054054,0.011026651651651653,0.025148211895199845,0.0038821954484605094,0.012770232960428972,0.03614457831325301,0.010739253309534433,74,0.09906291834002677,65679,11.786902933467319,20.086687420380056,145.7418106830359,11.691002164991582,15.033242345596081,11.675190637064347,12.719636860850091,228.73447304538539,0.0,False
104,104000,0.03852021357742181,0.005034324942791763,0.020531573415264796,0.05034324942791762,0.01716882786676837,0.036047979797979794,0.006439393939393939,0.019107802527150695,0.06060606060606061,0.018447871572871574,0.03758915834522111,0.0055634807417974325,0.01999537439320756,0.05420827389443652,0.017650521930122502,64,0.0912981455064194,65679,11.728193316559722,18.40371641850802,146.48205962385086,11.661425481215847,15.343873173118139,11.675930061894741,12.531345522922427,227.82654359806978,0.0,False
105,105000,0.019804905239687847,0.002826086956521739,0.012953507877270195,0.02826086956521739,0.01531055900621118,0.02816993464052288,0.004705882352941177,0.013186113713865662,0.043137254901960784,0.011274509803921568,0.022788237403622017,0.0034965034965034965,0.013036465203608438,0.033566433566433566,0.01387112887112887,68,0.0951048951048951,65679,11.725979192672014,20.001285724324802,150.84938066372774,11.708493632290457,15.379310167956683,11.787675658712221,12.825524561665969,234.2776496013499,0.0,False
106,106000,0.01748326639892905,0.0033734939759036144,0.013366202918570207,0.033734939759036145,0.01774431057563588,0.015842839036755384,0.002281368821292776,0.008814204079132318,0.022813688212927757,0.007323918160420061,0.016846935431006228,0.0029498525073746312,0.01160045705607439,0.029498525073746312,0.013702181954394342,74,0.10914454277286136,65679,11.759427212015838,20.029016494903935,163.1751272489837,11.679124789609752,15.08847059823043,11.7852055642291,13.036296750899151,246.55266865887188,0.0,False
107,107000,0.03441220238095238,0.004464285714285714,0.02173035266779665,0.044642857142857144,0.020439165249433105,0.03571428571428571,0.005226480836236934,0.017745218560513924,0.05226480836236934,0.01479177036668326,0.034920634920634915,0.004761904761904762,0.020174252683048153,0.047619047619047616,0.018233992009502216,69,0.09387755102040816,65679,11.808003555924957,21.39952637192702,158.86629560121074,11.694865027975926,15.247807987509715,11.68499589255384,12.240489894413397,242.9419843315156,0.0,False
108,108000,0.034753363228699555,0.003811659192825112,0.01892400352849453,0.03811659192825112,0.01522795216741405,0.03363289760348584,0.004901960784313725,0.015519707410907429,0.049019607843137254,0.013090050835148874,0.03429742907801418,0.00425531914893617,0.017538744735965735,0.0425531914893617,0.01435800827423168,83,0.11037234042553191,65679,11.713465069028429,21.57670384493951,148.44778767453272,11.66445180857123,15.2464160374996,11.718337797849559,12.817606977993945,233.184769210415,0.0,False
109,109000,0.03748097412480974,0.005022831050228311,0.017761459678245366,0.04794520547945205,0.012721062549829673,0.019863013698630135,0.004109589041095891,0.010226792345855483,0.03424657534246575,0.009165035877364645,0.030433789954337903,0.004657534246575343,0.014747592745289412,0.04246575342465753,0.011298651880843662,61,0.08356164383561644,65679,11.710087891959182,18.202297039037614,162.082742884994,11.838065486505233,16.811979456569926,11.812634391157594,12.78163514110975,245.23944229133326,0.0,False
110,110000,0.013790386130811664,0.0016548463356973997,0.0060393968814364,0.016548463356973995,0.004964539007092198,0.02557160048134777,0.003971119133574007,0.01625669044184641,0.039711191335740074,0.017943097816744025,0.018452380952380953,0.0025714285714285717,0.010082525904627219,0.025714285714285714,0.01010034013605442,71,0.10142857142857142,65679,11.97508751465265,21.446703525211664,162.77199254459072,11.660359464583243,15.521821141933206,11.722480379033895,12.625959830973866,247.72440440097927,0.0,False
111,111000,0.028356481481481483,0.004166666666666667,0.014651105492317433,0.037037037037037035,0.011383928571428573,0.022857142857142857,0.0036363636363636364,0.013824466135774852,0.03272727272727273,0.013044733044733043,0.026217417660133358,0.0039603960396039604,0.014329569674708935,0.03536067892503536,0.012029927482544172,68,0.09618104667609619,65679,11.722803941516258,23.415833083045847,155.2618304460837,11.661695330497658,14.835622125702885,11.689135411087348,13.069741458801577,241.65666179673528,0.0,False
112,112000,0.02179775280898876,0.003146067415730337,0.012178795961299794,0.03146067415730337,0.011588193329766364,0.018700787401574805,0.002755905511811024,0.010166801708031123,0.027559055118110236,0.008119297587801524,0.020672389127324747,0.0030042918454935624,0.011447685030927489,0.030042918454935622,0.010327678997206895,67,0.09585121602288985,65679,11.727864346919997,20.618016047486282,145.74416963580862,11.672664897568325,14.895974402951568,11.675043177127725,12.441357469968745,228.77508997783127,612.2211353823647,True
113,113000,0.030770782889426956,0.00387409200968523,0.016780699831136205,0.0387409200968523,0.013470925093201122,0.03493838203140529,0.005813953488372093,0.02103505186644972,0.050387596899224806,0.02317429555801649,0.03237322786503114,0.004619970193740686,0.01841650135887225,0.043219076005961254,0.01720187826745204,55,0.08196721311475409,65679,11.797759871558927,17.65466787917447,149.06664822727026,11.690169815385676,14.817398520355907,11.681067288993319,13.450857623518997,230.15856922625755,0.0,False
114,114000,0.028549734244495063,0.004328018223234624,0.017169546108901763,0.04328018223234624,0.01783725639078714,0.035081585081585084,0.005944055944055944,0.019105774160134238,0.055944055944055944,0.019505494505494506,0.031126436781609194,0.004965517241379311,0.017933354691870712,0.04827586206896552,0.01849534756431308,67,0.09241379310344827,65679,11.72533334595216,19.536430100955403,148.8008348226391,11.67254770803594,15.130503302207554,11.676312742729678,12.564177656881892,231.10613967940174,0.0,False
115,115000,0.02708333333333333,0.0032500000000000003,0.014566337578610953,0.0325,0.011110119047619047,0.02786624203821656,0.0044585987261146496,0.012525111325891652,0.03821656050955414,0.009168688706905268,0.02742763772175537,0.0037815126050420172,0.013668655445062128,0.0350140056022409,0.010256324752123071,83,0.11624649859943978,65679,11.714880463184475,26.30958984786713,170.17184800129786,11.781005735046756,16.15477966895179,11.8317916016214,12.507265167827075,260.4711604857965,0.0,False
116,116000,0.02922322775263952,0.004072398190045249,0.017077906957525278,0.038461538461538464,0.016072326366444012,0.036328588374851714,0.005338078291814947,0.02092065825717607,0.0498220640569395,0.01906880189798339,0.03198478561549101,0.004564315352697096,0.01857142440593727,0.042876901798063624,0.017236931656018795,54,0.07468879668049792,65679,11.83661058874047,18.857996506721484,149.6574884362681,11.676845868405227,15.002808043639016,11.797110229458397,12.419644667943652,231.24850434117633,0.0,False
117,117000,0.01939806225520511,0.004112554112554113,0.011277852626725019,0.0367965367965368,0.012316189101903387,0.04478707782672541,0.007048458149779736,0.024198024009898882,0.06167400881057269,0.022190755891196418,0.027762803234501348,0.0050798258345428155,0.01553457091987519,0.04499274310595065,0.015569493399682078,47,0.06821480406386067,65679,11.727706486698574,17.100053540893,147.50426655515957,11.673047096004419,15.09173712165024,11.822688966170446,12.230272052063395,227.14977181863966,0.0,False
118,118000,0.02882205513784461,0.004784688995215311,0.01343881796266231,0.03827751196172249,0.011156679577732209,0.021485260770975057,0.003741496598639456,0.012702268128396008,0.03741496598639456,0.018631897203325774,0.025792536115569822,0.004353932584269663,0.013134680811996166,0.037921348314606744,0.014243356518637416,67,0.09410112359550561,65679,11.719154039253887,19.482785196082986,147.486075630969,11.715820484793637,15.260027009127153,12.150470130520286,12.829454421325881,230.64378691207284,0.0,False
119,119000,0.025118222808753986,0.005080831408775982,0.014168289552405632,0.04387990762124711,0.016981011034128815,0.038858024691358024,0.0059259259259259265,0.017107514061109524,0.05555555555555555,0.013821281599059376,0.03039524486892908,0.005405405405405406,0.015297152450485362,0.04836415362731152,0.01576745918851182,62,0.08819345661450925,65679,12.000208253350186,19.648442124702015,170.0088148850684,11.758289592968262,15.129915781439408,11.862556649651356,12.897589618962591,253.3058169061422,0.0,False
120,120000,0.045705782312925165,0.005133928571428572,0.021658055761565067,0.05133928571428571,0.014840206916099772,0.025178364028538246,0.004181184668989548,0.015269682336061416,0.03832752613240418,0.015199657098611803,0.03769031422092646,0.004761904761904762,0.01916354804303507,0.04625850340136054,0.014980563654033042,65,0.08843537414965986,65679,11.963671392285768,19.94025747220629,151.22806413521428,11.676255914742917,15.098108040345615,11.687736677999661,12.643758477759448,234.23785211055394,0.0,False
121,121000,0.025553012967200608,0.0036613272311212816,0.013940241008186,0.036613272311212815,0.012486833024590461,0.025276052449965492,0.0036231884057971015,0.012164094009630916,0.036231884057971016,0.008856682769726247,0.025445802444399923,0.0036465638148667602,0.013252700234551773,0.0364656381486676,0.011081613571094637,80,0.11220196353436185,65679,11.948299198476231,21.27906282427261,165.99586456562955,11.686664933195646,15.681101436779144,11.84076967669645,14.664756347121388,253.09651898217103,0.0,False
122,122000,0.028407224958949102,0.005172413793103448,0.016797766131443726,0.046798029556650245,0.018568691844553915,0.023042505592841166,0.003355704697986577,0.01187870547516085,0.03355704697986577,0.009479865771812082,0.026136363636363638,0.004403409090909091,0.014715550115005804,0.041193181818181816,0.014721433080808081,76,0.10795454545454546,65679,11.722160703608875,20.264880564314915,156.58936646349014,12.39083056320256,15.583717602130065,11.781240130799564,13.27628223158489,241.60847825913103,0.0,False
123,123000,0.021376811594202894,0.002608695652173913,0.009663100846612982,0.02608695652173913,0.006606280193236715,0.03791814246359701,0.006198347107438017,0.02454080984042165,0.05785123966942149,0.02408664567755477,0.027079093745760414,0.0038461538461538464,0.014791883719122522,0.037037037037037035,0.01263227513227513,47,0.06695156695156695,65679,11.895331022818144,18.973102640186536,170.1092114178987,11.711180244129704,15.526258988783626,11.794675981037505,12.90915369926704,252.91891399412128,0.0,False
124,124000,0.03360745614035088,0.0041666666666666675,0.016497065686586227,0.039473684210526314,0.01214929685324422,0.010137292464878671,0.0019157088122605363,0.00391053087635383,0.019157088122605363,0.003150276713495104,0.025063923756392374,0.003347280334728034,0.011915356362359374,0.03207810320781032,0.008873502911159814,55,0.07670850767085077,65679,11.719067790551263,17.4678704877515,147.5556132343528,11.671217370785858,14.95495648062839,11.713268055692227,12.774263751381964,227.856257171144,0.0,False
125,125000,0.025906735751295335,0.003367875647668394,0.012279874758797911,0.03367875647668394,0.01265112262521589,0.022868235904419155,0.0050335570469798654,0.016085315181764422,0.040268456375838924,0.020134228187919462,0.02458294488233466,0.004093567251461989,0.01393780055710788,0.03654970760233918,0.01591130604288499,66,0.09649122807017543,65679,11.777811331173393,19.08840405419332,154.32881491663636,11.698408246739456,14.808204614844001,11.674749078829926,13.18841705912066,236.56480930153714,0.0,False
126,126000,0.029444444444444443,0.004565217391304348,0.013893763222435303,0.043478260869565216,0.011369047619047619,0.01641883519206939,0.003345724907063197,0.008487900867556917,0.03345724907063197,0.009242048740190004,0.0246380124980948,0.00411522633744856,0.011899007428934225,0.039780521262002745,0.010584187950443094,63,0.08641975308641975,65679,11.74072014233085,19.855530671776535,160.14661667246298,11.75627575544097,15.64814789520308,11.828701885319148,12.6518337192974,243.62782674183094,0.0,False
127,127000,0.025056947608200455,0.0029612756264236905,0.015379090543820438,0.029612756264236904,0.012743609212857505,0.03316384180790961,0.005084745762711864,0.018866533352162373,0.05084745762711865,0.01977804681194512,0.028315168029064485,0.0038147138964577656,0.016780719465429254,0.03814713896457766,0.01557080143592405,61,0.08310626702997276,65679,12.073817364448292,24.542227144465357,174.52571957082137,11.820628037090275,15.811027400308708,11.764003853623194,13.298936900579816,263.836360271337,0.0,False
128,128000,0.01791277258566978,0.002102803738317757,0.007895584105972962,0.02102803738317757,0.005402573802106512,0.04261744966442953,0.005369127516778524,0.02490828845673125,0.053691275167785234,0.023055821881325236,0.02805325987144169,0.003443526170798898,0.014878760271986695,0.03443526170798898,0.012648672875945602,61,0.08402203856749312,65679,11.851304181582922,18.17557495898542,162.9688946850061,11.833396322567802,15.36898971123829,11.715261425002122,13.18130694797498,245.09472823235762,591.8852270592051,True
129,129000,0.02662241887905605,0.003982300884955752,0.01360414190832674,0.03761061946902655,0.011319181064756286,0.02907268170426065,0.0038596491228070177,0.016850696308282252,0.031578947368421054,0.013571428571428571,0.027569942495315625,0.003934871099050204,0.014859593745487286,0.035278154681139755,0.012190131593116669,49,0.06648575305291723,65679,11.747154992386433,18.095846879867537,157.64181734503197,11.706799723620875,15.289092914490265,11.709662519565622,12.120269760461378,238.3106441354241,0.0,False
130,130000,0.031764069264069265,0.005227272727272727,0.01673425878513812,0.05,0.01589556277056277,0.03373748023194517,0.005535055350553505,0.016959528488668982,0.05166051660516605,0.013364669360979324,0.03251624137700087,0.005344585091420534,0.016820121077201225,0.05063291139240506,0.014930904382381175,67,0.09423347398030943,65679,11.715914106973091,19.061027828906617,150.68762552448987,11.671256172775257,15.058233527792675,11.681977967782641,12.627664989460497,232.50370011818066,0.0,False
131,131000,0.03810563526720732,0.00502183406113537,0.021736668783736365,0.048034934497816595,0.019580474111041798,0.018013197788478687,0.004119850187265918,0.011698883978290619,0.03745318352059925,0.01681231793591344,0.030706075533661736,0.004689655172413793,0.01803999493124807,0.044137931034482755,0.01856102900930487,54,0.07448275862068965,65679,11.75454278425775,17.875434556800794,160.37086080850082,11.670415150544233,15.144602837899313,11.93782205757138,12.311214839633156,241.06489303520743,0.0,False
132,132000,0.019574944071588368,0.0029082774049217002,0.012004078093233866,0.029082774049217,0.013493838997194701,0.028450520833333333,0.005078125,0.011974543768146818,0.046875,0.009857080853174605,0.022807017543859647,0.003698435277382646,0.011993323061623219,0.03556187766714083,0.012169500327395064,54,0.07681365576102418,65679,11.734355078868441,18.211039859467036,159.677364236277,11.68732093942415,15.835260758066683,11.690581769127629,12.780174287366219,241.61609692859713,0.0,False
133,133000,0.04007407407407407,0.00488888888888889,0.024517994272501866,0.04666666666666667,0.02169047619047619,0.049376417233560094,0.0071428571428571435,0.029347336426573594,0.06802721088435375,0.028607871720116616,0.04375,0.005779569892473119,0.026426363349514082,0.05510752688172043,0.024423963133640553,64,0.08602150537634409,65679,11.783639547034708,22.03605690975774,162.8514883788429,11.689660292704684,15.6872312094547,11.672708184973235,12.754188012283063,248.47497253505102,0.0,False
134,134000,0.014922048997772832,0.0022271714922048997,0.00851559287015385,0.022271714922048998,0.008599356594902251,0.02943672839506173,0.004166666666666667,0.015009578251134569,0.041666666666666664,0.01381035052910053,0.02059399969847731,0.0029850746268656717,0.011053269654037768,0.029850746268656716,0.010635674441644592,61,0.08276797829036635,65679,11.724747586774885,18.895180033007275,152.06496645542995,11.65990556209473,14.974486344007666,11.67156092182764,12.495912348892135,233.48675925203432,0.0,False
135,135000,0.03385668276972625,0.004830917874396135,0.01966612652095554,0.04589371980676329,0.019319837435779464,0.021890547263681594,0.0037313432835820895,0.012526201275667405,0.03731343283582089,0.01302712627339493,0.029154447702834797,0.004398826979472141,0.01686040809612091,0.04252199413489736,0.016847041847041843,59,0.08651026392961877,65679,11.766615104609468,18.028735377755012,150.93487671371392,11.667332725624757,14.987955086351313,11.709570852683203,13.223120349195593,232.3182062099333,0.0,False
136,136000,0.028247261345852894,0.003286384976525822,0.012041046064650077,0.03286384976525822,0.00881585811163276,0.03270609318996416,0.005734767025089606,0.020431769897324602,0.05734767025089606,0.02077146270694658,0.030011820330969264,0.00425531914893617,0.01536163038992127,0.0425531914893617,0.013547225036586738,67,0.0950354609929078,65679,11.744320897490168,19.291926722321552,160.87981847227178,11.740859528458492,15.49737715297872,11.786525967706629,12.858959150895133,243.79978789212248,0.0,False
137,137000,0.01819903581267218,0.0029545454545454545,0.008466520145580227,0.02727272727272727,0.007765151515151516,0.0321256038647343,0.005434782608695652,0.021278135662377937,0.04710144927536232,0.019857085346215782,0.02356737768748942,0.003910614525139665,0.013405075847586049,0.034916201117318434,0.012426288019863438,61,0.08519553072625698,65679,11.822009321316163,21.666304497763853,162.06313295309693,11.673182353601208,18.728055948311063,11.68101451613085,13.001123036239514,250.6348226264596,0.0,False
138,138000,0.019444444444444445,0.002816901408450705,0.00926335844540203,0.028169014084507043,0.007240666219539459,0.02847152847152847,0.004545454545454545,0.013695188790206609,0.04195804195804196,0.011391386391386392,0.02307049224184056,0.0035112359550561797,0.011043559960309488,0.033707865168539325,0.008907949884073478,59,0.08286516853932584,65679,11.751140827492845,18.300368440499206,165.2977243931722,11.899885757608864,15.290545529414445,11.779436170707147,13.432497666401865,247.7515987852966,0.0,False
139,139000,0.031142611683848794,0.003865979381443299,0.016291359303067795,0.03865979381443299,0.013612747504500082,0.027191728606822944,0.0047169811320754715,0.015354430836636465,0.0440251572327044,0.019299690526105622,0.029363035453687007,0.00424929178470255,0.01586934336493017,0.04107648725212465,0.01617428841224875,67,0.09490084985835694,65679,11.823793690593497,19.45412072928976,162.54467019360953,11.670987994802374,15.16252504540211,11.687236792227996,13.052130679785945,245.39546512571118,0.0,False
140,140000,0.01956181533646322,0.002816901408450705,0.009904341071197104,0.028169014084507043,0.009251807139131082,0.029420685471640885,0.00445859872611465,0.01735609285729532,0.041401273885350316,0.016877717116570618,0.023745173745173744,0.0035135135135135136,0.013066300612865806,0.033783783783783786,0.012487666237666239,54,0.07297297297297298,65679,11.763112688065181,17.781446903793185,164.78886121396724,11.731327999378593,15.898050500062766,11.733315222972607,13.26679007293552,246.9629046011751,0.0,False
141,141000,0.027666666666666666,0.004,0.013013980155019422,0.0375,0.009950396825396826,0.02480838225701239,0.004794520547945205,0.015370516718632545,0.0410958904109589,0.015839041095890412,0.026460569777043766,0.004335260115606936,0.014008356855272358,0.03901734104046243,0.012435200477107992,56,0.08092485549132948,65679,11.774603834169284,21.06551202979423,163.48130021295177,11.662524600691837,15.375180580222414,11.681661012778733,12.644273048353917,247.68505531896216,0.0,False
142,142000,0.034973798131692865,0.004784688995215311,0.0173626036104083,0.045454545454545456,0.012575947444368497,0.03252535671308234,0.004693140794223827,0.02386606783043212,0.04693140794223827,0.023987164059366222,0.03399794450154162,0.00474820143884892,0.019954631795942975,0.0460431654676259,0.017124015073655362,60,0.08633093525179857,65679,11.730718739368095,17.155074593162844,163.54201541489422,11.669817402762405,15.311338632570394,11.678909992027254,13.577050568508442,244.66492534329367,0.0,False
143,143000,0.018208333333333333,0.0027500000000000003,0.008679411448457169,0.0275,0.008218253968253968,0.028100775193798444,0.0049833887043189366,0.01452732080494686,0.04318936877076412,0.014405684754521964,0.022456015216357584,0.003708987161198288,0.01119042530908969,0.034236804564907276,0.010875053778049499,63,0.0898716119828816,65679,11.729864209511497,18.541780892902814,151.401817412751,11.66762015892414,14.903809724603478,11.703313358923939,13.100377857795664,233.04858361541255,0.0,False
144,144000,0.03945833333333333,0.005,0.018308310534624752,0.0475,0.014026785714285714,0.0166999666999667,0.004195804195804196,0.010624818847844837,0.038461538461538464,0.014374514374514372,0.02997015132583646,0.004664723032069971,0.01510498892759989,0.043731778425655975,0.014171757138229444,59,0.08600583090379009,65679,11.774584895943295,18.88075992886179,167.70753651941527,11.704050767509521,15.394983796816753,11.704989366714823,12.665842258834104,249.83274753409552,601.9084440576291,True
145,145000,0.028988941548183256,0.004028436018957346,0.014184625927054885,0.037914691943127965,0.011317986910403971,0.046355841371918546,0.0067524115755627015,0.02562645060941504,0.06430868167202572,0.023083499208901136,0.03635743519781719,0.005184174624829467,0.019039206385737025,0.04911323328785812,0.0163099027696572,58,0.0791268758526603,65679,11.782270449157972,21.22745986705976,152.55641691645783,11.667571435849954,15.191673903895698,11.726578641756136,13.23511981456138,237.38709102873875,0.0,False
146,146000,0.036902092675635274,0.00515695067264574,0.02034232280305745,0.04708520179372197,0.017045697202647876,0.02138157894736842,0.0042763157894736845,0.010692739797312724,0.039473684210526314,0.010749530075187969,0.03061111111111111,0.0048000000000000004,0.016431025158062256,0.044,0.014493650793650791,57,0.076,65679,11.746714458318873,18.783444597908485,160.60399385449398,11.690869701388994,15.470396439551394,11.789359130362499,12.925482922650222,243.01026110467444,0.0,False
147,147000,0.023040380047505936,0.002850356294536817,0.012929788215825452,0.026128266033254157,0.011427817366059648,0.019875478927203066,0.004827586206896551,0.012292015049044314,0.03793103448275862,0.014932950191570881,0.021749492108141897,0.0036568213783403658,0.012669655700542007,0.030942334739803096,0.012857477730895454,63,0.08860759493670886,65679,11.815417048671728,22.58801466890892,159.89062428775625,11.762574730081464,15.139665795492474,12.02392750525999,12.648931534776919,245.86915557094775,0.0,False
148,148000,0.020862745098039218,0.0037647058823529413,0.010858946133322885,0.03764705882352941,0.010195144724556487,0.013786764705882353,0.001838235294117647,0.008389519749261994,0.01838235294117647,0.00821078431372549,0.018101386896221903,0.0030129124820659973,0.009895267544421077,0.03012912482065997,0.009420760173988295,40,0.05738880918220947,65679,11.759613426885752,15.87436337120024,168.90989527891531,11.671068791782591,15.346400416907379,11.776217822910551,13.36244852445656,248.70000763305842,0.0,False
149,149000,0.012489762489762489,0.0019656019656019656,0.0074779726931151124,0.019656019656019656,0.0072130572130572135,0.015570934256055362,0.0027681660899653983,0.006831994217381715,0.02768166089965398,0.005507497116493657,0.013769157088122604,0.0022988505747126436,0.007209743124886733,0.022988505747126436,0.006504857690202519,47,0.06752873563218391,65679,11.720450499803913,16.80887182307911,151.5832705045253,11.700733954220222,15.51552697209857,11.794022165383112,13.297239706812347,232.4201156259226,0.0,False
150,150000,0.033493975903614456,0.004819277108433735,0.021212938344337837,0.04578313253012048,0.02012621916236374,0.040716911764705876,0.006617647058823529,0.02551607628688843,0.0661764705882353,0.025163398692810455,0.03635371179039301,0.005531295487627366,0.02291665525900124,0.053857350800582245,0.022120560985189806,45,0.06550218340611354,65679,11.813299626642348,16.552933190708274,173.36629493430732,11.876208784324104,15.623978656849335,11.916177751557234,13.346904252177493,254.4957971965661,0.0,False
151,151000,0.03557389937106918,0.004481132075471699,0.01817211647574099,0.04481132075471698,0.014221136567834679,0.02472924187725632,0.004332129963898917,0.012462812846334147,0.04332129963898917,0.011840295685061028,0.03128863528292915,0.00442225392296719,0.015916086368257826,0.0442225392296719,0.013280347802459073,54,0.07703281027104136,65679,11.73164308827107,17.16524793457519,156.96295427286566,11.663129210262579,15.006339548359616,11.686328259506718,12.948268408252694,237.16391072209353,0.0,False
152,152000,0.027240143369175625,0.0032258064516129032,0.012813235612825958,0.030107526881720432,0.009437617340843148,0.03828844109731551,0.006920415224913495,0.02451464942547089,0.05536332179930796,0.028171856978085354,0.03147483573447062,0.004641909814323608,0.01729826027045777,0.03978779840848806,0.01661824765273041,38,0.050397877984084884,65679,11.700934647099203,15.949621828270644,161.48419101825323,11.690120882680565,15.155239170470958,11.693087805471347,12.923582764987064,240.59677811723301,0.0,False
153,153000,0.024728487886382624,0.003258145363408522,0.013842063291999817,0.03258145363408521,0.0130395433027012,0.028278278278278276,0.005105105105105106,0.02042734057607748,0.042042042042042045,0.020737404070737406,0.02634335154826958,0.004098360655737705,0.016837824679428588,0.036885245901639344,0.01654143897996357,52,0.07103825136612021,65679,11.758151315495457,20.24828299544701,159.68526592829295,11.725482797327047,15.565750810679624,11.713760112219695,12.259396175988424,242.95609013545018,0.0,False
154,154000,0.025872093023255813,0.003359173126614987,0.010550556473869354,0.03359173126614987,0.006724498584963701,0.024887907381382586,0.00477815699658703,0.01176183794649678,0.04778156996587031,0.011384690394929304,0.025448024798154556,0.003970588235294118,0.01107247628486911,0.039705882352941174,0.00873249299719888,60,0.08823529411764706,65679,11.761073027312385,18.520204739864987,171.19151702131575,11.695222140888085,15.355700236523163,11.699044646325262,13.597512512376897,253.82027432460654,0.0,False
155,155000,0.024716956292785672,0.004739336492890996,0.01347769204982526,0.045023696682464455,0.01733901301436846,0.016975308641975308,0.003703703703703704,0.010195213126861948,0.03333333333333333,0.011022927689594357,0.02169637122671805,0.004335260115606936,0.01219695605387137,0.04046242774566474,0.014874644462794752,57,0.08236994219653179,65679,11.727019340802835,21.472031963697123,154.8083583480797,11.669493558762179,14.7737994934255,11.66619738017516,12.361548780273623,238.47844886521614,0.0,False
156,156000,0.022823529411764704,0.0035294117647058825,0.011681300033696862,0.03294117647058824,0.01226423902894491,0.02603731551099972,0.0038596491228070177,0.012585141081916622,0.03859649122807018,0.0103411306042885,0.02411357031075341,0.0036619718309859155,0.01204410946854564,0.035211267605633804,0.011492287055667336,35,0.04929577464788732,65679,11.72714425447252,15.463501856355366,160.45854872611537,11.676636340413049,15.07823242258982,11.733833673664707,12.72134945129455,238.85924672490538,0.0,False
157,157000,0.020883534136546186,0.0033734939759036144,0.01106215984220153,0.02891566265060241,0.009882386689615606,0.03630586305863059,0.005535055350553505,0.02041844345879759,0.05166051660516605,0.019223335090493763,0.02697602850664075,0.004227405247813411,0.014758301037678981,0.037900874635568516,0.01357246980424823,55,0.08017492711370262,65679,12.184556493204102,17.502072897586373,176.70368038899542,11.778270310562611,15.447990750566687,12.037535429873515,13.681871708651205,259.3359779794399,0.0,False
158,158000,0.028035576179427684,0.004408352668213458,0.013610447926724507,0.04176334106728538,0.01235038485618532,0.038051643192488264,0.006690140845070422,0.019349342406811208,0.05985915492957746,0.01644589760786944,0.032013986013986015,0.005314685314685315,0.01588995286706664,0.04895104895104895,0.013977133977133977,57,0.07972027972027972,65679,12.550117271713235,20.959020113800463,182.41242673138618,12.170172655388834,15.892712768035555,11.83476128305272,12.802291266732214,268.6215020901092,0.0,False
159,159000,0.024560525144637295,0.004205607476635515,0.01619821179365907,0.035046728971962614,0.016361630321910698,0.03148816686722824,0.004332129963898918,0.01290894194453951,0.039711191335740074,0.009109793135063892,0.02728244962287515,0.00425531914893617,0.014905832008969541,0.03687943262411347,0.013512326916582234,55,0.07801418439716312,65679,12.270766871221028,18.219059461838107,159.45870595126394,11.666554802301777,15.122790211631598,11.68092923336389,13.729027909130387,242.14783444075076,0.0,False
160,160000,0.02696267696267696,0.004914004914004914,0.01540380048338156,0.044226044226044224,0.016806091806091807,0.03104652098676003,0.00597609561752988,0.016541414154774264,0.055776892430278883,0.01678207803705812,0.02852049588371777,0.005319148936170213,0.015837753418821633,0.0486322188449848,0.016796931538572875,40,0.060790273556231005,65679,11.734826514786523,18.649771491172086,156.54083042747345,11.664856431538306,15.022929695102105,11.744047747758168,12.90392070073948,238.26118300857013,629.3458131578639,True
161,161000,0.027265745007680493,0.003686635944700461,0.01361372557736463,0.03686635944700461,0.011078194718747714,0.025427350427350424,0.00599250936329588,0.01575167374497552,0.03745318352059925,0.018570536828963796,0.0265655290976261,0.00456490727532097,0.014428036790991033,0.037089871611982884,0.013931911328487647,41,0.05848787446504993,65679,11.716590634057445,16.9743597996444,156.9376664880273,11.681325257417718,15.95800548241655,11.824473099913968,12.976217119847755,238.06863788132512,0.0,False
162,162000,0.03383458646616541,0.004260651629072682,0.015223820662504434,0.042606516290726815,0.011621315192743764,0.03135764944275582,0.005319148936170213,0.01934202498998131,0.04964539007092199,0.022994765281999327,0.03280889448290329,0.004698972099853157,0.016929156375204108,0.04552129221732746,0.01633102580239144,56,0.08223201174743025,65679,11.759575250763765,18.52948277769606,163.73481903979996,11.709680872884487,15.87052629629937,11.700931301018846,13.284401490960828,246.58941702942332,0.0,False
163,163000,0.03246913580246913,0.0049382716049382715,0.016351353985993945,0.04691358024691358,0.013464628649813836,0.018378995433789954,0.003767123287671233,0.012280732281619527,0.03767123287671233,0.013288214829310719,0.0265662362505978,0.004447632711621234,0.014646014620603227,0.043041606886657105,0.013390722142515542,48,0.06886657101865136,65679,11.790131275689342,17.395129804156916,166.85900610973607,11.753090738038374,15.42703034664722,11.725193902918651,12.656863524591888,247.60644570177848,0.0,False
164,164000,0.025096227867590457,0.0036951501154734415,0.01782582893676452,0.03464203233256351,0.019152095018145826,0.029022988505747124,0.0037931034482758625,0.013736098439266653,0.03793103448275862,0.01061302681992337,0.026671277086214844,0.0037344398340248964,0.016185411448141583,0.035961272475795295,0.01572701925399021,53,0.07330567081604426,65679,11.772000124490866,21.005553438230294,168.973659209426,11.734664358671598,15.055537536390329,11.677135967849694,12.235231811749681,252.45378244680845,0.0,False
165,165000,0.028787878787878786,0.003409090909090909,0.014274657687246766,0.03409090909090909,0.011707251082251083,0.032423208191126277,0.0040955631399317415,0.016188969580542032,0.040955631399317405,0.012613088466330786,0.03024101864483856,0.003683492496589359,0.015039860122083757,0.036834924965893585,0.012069338876978713,49,0.06684856753069578,65679,11.71664073920664,16.400214293339765,152.0455536151849,11.784026602901232,15.08579592296444,11.673440173311233,12.92130685891929,231.6269782058275,0.0,False
166,166000,0.026529051987767584,0.003669724770642202,0.012313116531332127,0.034403669724770644,0.010039864569681083,0.030970625798212,0.004214559386973181,0.01658946868794182,0.0421455938697318,0.013989235540959679,0.0281922525107604,0.0038737446197991392,0.013914447826705343,0.03730272596843615,0.011518753843000615,44,0.06312769010043041,65679,11.712582421004313,16.163827421505907,150.58563591589802,11.674601570831056,15.075940703067337,11.680184921779302,12.967477808177586,229.86025076226352,0.0,False
167,167000,0.033822857873490784,0.005316455696202532,0.016272244190071762,0.05063291139240506,0.014991963029937713,0.034518828451882845,0.004602510460251046,0.018657943551576166,0.04602510460251046,0.0193614265789998,0.034085219022127536,0.005047318611987382,0.01717158511656948,0.04889589905362776,0.016639126733763956,37,0.0583596214511041,65679,11.755310894721871,16.630785119979564,162.23975847151627,11.872854178182624,15.166201897835741,11.827062066094296,12.59642607929351,242.08839870762387,0.0,False
168,168000,0.03272450532724505,0.0038812785388127853,0.016109548246583425,0.0365296803652968,0.011351199536131042,0.019398766700924972,0.003956834532374101,0.014188241264386147,0.039568345323741004,0.0177757793764988,0.027550545357807925,0.003910614525139665,0.015363565926680013,0.03770949720670391,0.013845659306553161,46,0.06424581005586592,65679,11.803464140307252,17.062290184284567,162.4770861186828,11.828686393877685,15.693407677999648,11.708389218996473,12.854297766921874,243.4276215010703,0.0,False
169,169000,0.04089301503094606,0.00583554376657825,0.022058529851656822,0.05570291777188329,0.018204496652772514,0.011896551724137932,0.002413793103448276,0.009015234225932523,0.02413793103448276,0.011642036124794744,0.02828585707146427,0.004347826086956522,0.016387531753515823,0.041979010494752625,0.015351252944956094,51,0.07646176911544228,65679,11.772888517828928,19.975179184450464,168.40383383440877,11.714133020139517,15.43508392316123,11.716422324295483,13.447876590480522,252.46541739476493,0.0,False
170,170000,0.017794279427942792,0.003465346534653466,0.008958244019725298,0.027227722772277228,0.008168316831683169,0.021118721461187213,0.003767123287671233,0.013940559113851681,0.03424657534246575,0.01567732115677321,0.019189016602809708,0.0035919540229885057,0.011048525639674874,0.03017241379310345,0.011318646232439333,36,0.05172413793103448,65679,11.715531924659517,15.483333457175231,152.86304792026806,11.676810904338863,14.79118868870366,11.678888083399563,12.38059069959274,230.58939167813764,0.0,False
171,171000,0.025057471264367817,0.003448275862068966,0.009330828893065449,0.03218390804597701,0.005478014960773581,0.03230691569914185,0.004593639575971731,0.021310098575991778,0.045936395759717315,0.02301166638622469,0.027914842817349784,0.0038997214484679664,0.014052463043856746,0.037604456824512536,0.012388910996153336,51,0.07103064066852367,65679,11.738582594296442,18.003239118248583,155.6994308061499,11.713628275289434,15.806531519182986,11.7220578052038,12.6241210675615,237.30759118593267,0.0,False
172,172000,0.021292048929663607,0.0034403669724770644,0.01201834321346508,0.034403669724770644,0.011839231105286152,0.02349726775956284,0.0029508196721311475,0.010811807188367134,0.029508196721311476,0.007335415040333073,0.022199730094466935,0.003238866396761134,0.011521725821218286,0.032388663967611336,0.009985433669644196,44,0.059379217273954114,65679,11.742265194146507,17.529962297334333,163.20550323407207,11.790825544658045,15.538416999152926,11.690490042244594,12.520390298365047,244.0178536099735,0.0,False
173,173000,0.02385600335852225,0.003778337531486146,0.01346307177838154,0.03526448362720403,0.01312522490104354,0.021319478535973383,0.003436426116838488,0.010560361913995104,0.03436426116838488,0.010256095565373914,0.022783141842008123,0.003633720930232558,0.012235326763066927,0.03488372093023256,0.011911683277962349,45,0.06540697674418605,65679,11.704438964123264,15.589249079905887,153.10057546757267,11.69830218170076,14.978500657104876,11.690566363797839,12.919043937568986,231.68067665177432,0.0,False
174,174000,0.034362139917695475,0.004691358024691358,0.018047432075907987,0.044444444444444446,0.014189692337840487,0.013486005089058523,0.0019083969465648854,0.006765020923710291,0.019083969465648856,0.007729007633587786,0.02616191904047976,0.0035982008995502253,0.013615660378942775,0.034482758620689655,0.011651912139168512,46,0.06896551724137931,65679,11.71057049189489,17.129834021120672,153.68877900608786,11.66437375366841,14.996819727754184,11.674083384149991,12.926291591060235,233.7907519757362,0.0,False
175,175000,0.028290993071593534,0.0036951501154734415,0.012498875889975905,0.03695150115473441,0.008537702994977822,0.02787162162162162,0.0037162162162162164,0.010525316634240002,0.033783783783783786,0.005892052767052767,0.028120713305898493,0.003703703703703704,0.011697540444574222,0.03566529492455418,0.007463474644544603,44,0.06035665294924554,65679,11.763128214818675,17.26405002053927,153.21942133485894,11.677844577603903,16.43665952443668,11.82624801312343,12.309750461944603,234.4971021473255,0.0,False
176,176000,0.03280171926252687,0.0040380047505938245,0.014620999557127066,0.040380047505938245,0.01000546695321042,0.012529550827423167,0.0024822695035460994,0.007752795527973937,0.024822695035460994,0.008569739952718676,0.024669782564519405,0.0034139402560455197,0.011865902066058528,0.034139402560455195,0.009429542324279167,48,0.06827880512091039,65679,11.819344559273192,17.953390375496923,166.12426190652783,11.772205212909338,15.435309246199235,11.907142240946689,12.864065571438488,247.8757191127917,572.0039683495895,True
177,177000,0.016362252663622526,0.00228310502283105,0.010874784217126328,0.0228310502283105,0.010109081684424148,0.04090138331102187,0.007630522088353415,0.02684796548722572,0.06827309236947791,0.0320504239178938,0.025256348051107873,0.004221251819505095,0.016664190528996415,0.039301310043668124,0.018061620572537605,31,0.04512372634643377,65679,11.914079289188084,15.467185827386377,154.57861922049676,11.660132157420566,15.138207969292438,11.71886910947273,12.043521756127662,232.52061532938464,0.0,False
178,178000,0.021241181657848326,0.003703703703703704,0.013835061373469524,0.034722222222222224,0.01456036890064668,0.02435539606592238,0.005303030303030303,0.012530077925545197,0.03409090909090909,0.011500420875420875,0.022422435398841933,0.004310344827586207,0.013340067651843054,0.034482758620689655,0.013399698960043787,42,0.0603448275862069,65679,11.809871803894477,16.288100945338613,168.37046527806015,11.708033393939555,15.540336941059774,11.761859933366592,12.658470057290428,248.1371383529496,0.0,False
179,179000,0.02423564504101417,0.0035794183445190158,0.013764035433988447,0.03355704697986577,0.013955470331309255,0.02422145328719723,0.0027681660899653983,0.01006542345485069,0.02768166089965398,0.006535947712418301,0.02423007246376812,0.003260869565217391,0.012311727197615061,0.03125,0.011042097998619738,43,0.058423913043478264,65679,11.844175268574396,16.41807371760562,160.46196639465938,11.6639471660282,15.745558397547988,11.674647070095133,13.071266161707173,240.8796341762179,0.0,False
180,180000,0.020116892911010556,0.0031674208144796385,0.01183247401636008,0.03167420814479638,0.014535301300007181,0.03688423645320197,0.00646551724137931,0.023493899226890293,0.0603448275862069,0.02528051450465244,0.025888441429984456,0.004302670623145401,0.01584649575054852,0.04154302670623145,0.01823395035561208,34,0.050445103857566766,65679,11.719836017318187,14.66818392552305,153.88376321453373,11.672029666905114,15.259883580406864,11.677295996645466,12.438905495980313,231.3198978973127,0.0,False
181,181000,0.025343642611683845,0.0030927835051546395,0.014941172865812641,0.030927835051546393,0.013233308787432499,0.038860877684407096,0.007058823529411765,0.021395470124031053,0.06666666666666667,0.023671023965141612,0.03070428793601422,0.004665629860031105,0.0175008086369568,0.04510108864696734,0.017372682613740156,41,0.06376360808709176,65679,11.738425815359388,15.952250805556512,168.3452005540459,11.696808432090645,14.771886062844853,11.71010158976249,13.178359627621926,247.39303288728172,0.0,False
182,182000,0.025979216626698644,0.004076738609112711,0.012087730091036041,0.03836930455635491,0.010540139317117734,0.04061728395061728,0.007037037037037038,0.020269131916023905,0.07037037037037037,0.022523515579071136,0.031732168850072774,0.005240174672489084,0.015303128188192844,0.050946142649199416,0.015249763175527366,41,0.05967976710334789,65679,11.990317416735174,16.60859595335046,169.74218597653328,11.682715278321654,15.502290807503648,11.709150612299046,12.957699845959903,250.19295589070316,0.0,False
183,183000,0.025311526479750775,0.0035046728971962616,0.014290374028447857,0.035046728971962614,0.015494733719032783,0.03057906089264974,0.005923344947735192,0.014725663840916592,0.05226480836236934,0.011918588573640839,0.027425907425907423,0.0044755244755244755,0.014465098750375866,0.04195804195804196,0.014059274059274056,38,0.05314685314685315,65679,11.824419290332177,16.559478710903576,160.3317813140062,11.670068538451039,15.723767449023207,11.699001982577728,12.11575677252663,239.92427405782055,0.0,False
184,184000,0.025273224043715847,0.004215456674473068,0.013323969984733612,0.03747072599531616,0.011006096427642095,0.03128555176336746,0.006484641638225256,0.019139309729918123,0.04778156996587031,0.022122000108348232,0.027719907407407405,0.005138888888888889,0.015690490186593423,0.041666666666666664,0.01552965167548501,41,0.05694444444444444,65679,11.780688820371699,16.740653263548623,156.9478039033026,15.507524042251974,15.033841182156282,11.698306167207129,12.575154311453286,240.28397169029162,0.0,False
185,185000,0.018545163868904875,0.0026378896882494006,0.009198168106122959,0.026378896882494004,0.006963952647405885,0.023128019323671496,0.0050724637681159425,0.01240986057858814,0.04710144927536232,0.014889579020013801,0.02037037037037037,0.0036075036075036075,0.010477283722862338,0.03463203463203463,0.010120479168098218,38,0.05483405483405483,65679,11.729799347805214,15.676456685445594,156.47845635270025,11.701246661430243,14.849240329121994,11.744253778887826,12.710892665170059,234.89034582056118,0.0,False
186,186000,0.030272952853598014,0.003970223325062035,0.01929422063939242,0.03722084367245657,0.018123990704635867,0.03728070175438596,0.006766917293233083,0.019733279950495532,0.05639097744360902,0.017496121255519755,0.03305929247633284,0.00508221225710015,0.01946879429672191,0.04484304932735426,0.017874344555958908,58,0.08669656203288491,65679,11.720977511398,19.331730204491528,158.97212228694474,11.677355296245418,15.391496632669032,11.77654040853543,12.450424729699982,241.32064706998415,0.0,False
187,187000,0.031067431067431067,0.003931203931203931,0.014861669879506746,0.03931203931203931,0.012407862407862407,0.04673261390887291,0.007194244604316547,0.025090721923883254,0.06474820143884892,0.02268470937535686,0.0374249797242498,0.005255474452554745,0.019013022388027434,0.049635036496350364,0.016578611980071833,37,0.05401459854014599,65679,11.733349726275598,15.638712324780869,162.03846965993225,11.837014894044984,15.030825345388465,11.87315195654709,12.373368503897087,240.52489241086636,0.0,False
188,188000,0.026239717298111455,0.004866180048661801,0.016709358063502645,0.04866180048661801,0.022633530297763875,0.021310432569974554,0.0030534351145038168,0.013229482180909106,0.030534351145038167,0.013432994062765055,0.024320738696667375,0.004160475482912333,0.015354636694647508,0.041604754829123326,0.019051746503455272,36,0.05349182763744428,65679,11.773197180216243,16.681992923567314,168.2918897212421,11.974505753312158,15.400351097795417,11.79842172027018,12.373514452185264,248.29387284858865,0.0,False
189,189000,0.02021490626428898,0.004197530864197531,0.011013288360643895,0.037037037037037035,0.011793062904174015,0.013661202185792351,0.002459016393442623,0.0067184739729734344,0.02459016393442623,0.00640775435857403,0.017750955886549104,0.003543913713405239,0.009398596972983507,0.032357473035439135,0.00976838603957248,27,0.04160246533127889,65679,12.049737550430539,14.86889710707734,184.5417634497998,11.690377358160308,15.125156907658255,11.71268844991219,13.466672507372879,263.4552933304113,0.0,False
190,190000,0.02775974025974026,0.00367965367965368,0.01590488860620495,0.032467532467532464,0.014405964405964406,0.04697986577181208,0.006040268456375839,0.028263370401951596,0.053691275167785234,0.025932140193885157,0.03529605263157894,0.004605263157894736,0.020750714362958236,0.04078947368421053,0.018925438596491227,43,0.056578947368421055,65679,11.806390165632063,18.479648435834605,174.8011244941186,11.70597750855401,16.0226024135679,11.72955121158531,12.999414682017541,257.54470891131,0.0,False
191,191000,0.012698412698412698,0.0026190476190476194,0.009065878811412116,0.023809523809523808,0.012721088435374148,0.017508417508417508,0.0030303030303030307,0.011727775409722285,0.030303030303030304,0.012405804072470739,0.014690841469084146,0.002789400278940028,0.010168505435816745,0.026499302649930265,0.012590489473334661,45,0.06276150627615062,65679,11.808362001736183,18.40896371550077,171.05083876485517,11.663885189590328,15.054062061654882,11.827480515494425,13.477099241529512,253.29069149036127,0.0,False
192,192000,0.03485387045813586,0.006161137440758294,0.02214012396757118,0.05687203791469194,0.024522304972541938,0.0351063829787234,0.005673758865248227,0.02283846236009799,0.05673758865248227,0.023585781830462685,0.03495501893939394,0.005965909090909091,0.02241985610775948,0.056818181818181816,0.0241471636002886,46,0.06534090909090909,65679,11.841093436999738,17.10321841823237,160.74601503791862,11.67560630825626,15.214848070904674,11.87968548911622,12.87042578473202,241.3308925461599,612.7166043231185,True
193,193000,0.017945823927765236,0.0031602708803611743,0.009226403669376751,0.029345372460496615,0.00848023934931384,0.028861308116627266,0.004964539007092199,0.017846559710580082,0.04609929078014184,0.017823370482944946,0.022191570881226055,0.003862068965517242,0.012579347122644805,0.03586206896551724,0.012114395183360702,28,0.038620689655172416,65679,11.798506641236273,17.984513832371153,180.61512095975118,11.691454420856285,15.69516936349158,11.740357449795125,12.400917115518162,261.92603978301975,0.0,False
194,194000,0.03627965043695381,0.005168539325842697,0.020770610948706643,0.051685393258426963,0.022258783663278044,0.0498,0.0072,0.024482099556202938,0.072,0.022471428571428573,0.04114308553157474,0.005899280575539568,0.022105678793129774,0.058992805755395686,0.02233527463743291,34,0.04892086330935252,65679,11.825861305832241,15.408750599917031,171.98858514573533,11.670225164191194,15.32063742903933,11.690256889428097,12.549034141474957,250.45335067561817,0.0,False
195,195000,0.023232323232323233,0.004212860310421286,0.013654310457297952,0.03991130820399113,0.01415637208320135,0.03546099290780142,0.004609929078014185,0.014438648792327773,0.04609929078014184,0.010090903973882698,0.027936941033803245,0.0043656207366985,0.0139560613583599,0.04229195088676671,0.012592303861062389,51,0.06957708049113233,65679,11.730696395269302,21.680775401260178,162.22782211423177,11.66754607003634,15.209377092630094,11.683242711786612,12.799988344955327,246.9994481301696,0.0,False
196,196000,0.024460132890365447,0.0037209302325581397,0.01383774434504446,0.037209302325581395,0.014757290513104466,0.029858657243816252,0.004240282685512368,0.018058229462875313,0.04240282685512368,0.015999214762465644,0.026602885193348025,0.003927068723702665,0.015512915857451376,0.03927068723702665,0.01525022818851711,49,0.06872370266479663,65679,11.738555497319004,17.27769436222354,174.0298580889532,11.895609524636974,15.952834102196666,11.793243930378894,12.792811809818339,255.48060731552664,0.0,False
197,197000,0.018335893497183817,0.0032258064516129037,0.014279003718015876,0.03225806451612903,0.018533026113671275,0.031159780985564958,0.005574912891986063,0.019092075561290615,0.05226480836236934,0.022280294231513745,0.023230116514690983,0.004122340425531916,0.016115907466712487,0.0398936170212766,0.01996316700439041,41,0.05452127659574468,65679,12.040620216459407,16.76919006684402,164.87727057481334,11.675254573621785,15.200259101837144,11.685882637030298,12.065427463361921,244.31390463396787,0.0,False
198,198000,0.02535943713673906,0.0036402569593147758,0.011410918363088798,0.034261241970021415,0.009980965976683322,0.0057861635220125785,0.001509433962264151,0.0033414117010444533,0.01509433962264151,0.0036837376460017966,0.018273484257090813,0.002868852459016393,0.008489580568769466,0.0273224043715847,0.007701231676641512,35,0.04781420765027322,65679,11.73400066771524,15.915109024704222,167.95050578885528,11.673510945622855,16.028848831867172,11.684629096883615,13.088367949616597,248.07497230526502,0.0,False
199,199000,0.026813529149977748,0.003738317757009346,0.01585874331107058,0.037383177570093455,0.014064122533748702,0.024560117302052785,0.0036290322580645167,0.013688765657985134,0.036290322580645164,0.0164426523297491,0.025986833679141372,0.0036982248520710057,0.015062656834790713,0.03698224852071006,0.01493671926364234,39,0.057692307692307696,65679,11.864244616632824,19.171200151019143,163.78376354457546,11.684443103218701,15.794014780086407,11.839933456186946,12.662450156485095,246.8000498082046,0.0,False
200,200000,0.03367117117117117,0.00518018018018018,0.018398635371057535,0.04954954954954955,0.017034892034892033,0.024348422496570644,0.005761316872427983,0.01489285987509127,0.0411522633744856,0.014854007446600037,0.03037360504609413,0.005385735080058225,0.017158601243663356,0.046579330422125184,0.016263487442526744,40,0.05822416302765648,65679,11.876662308681063,16.241214601205034,186.5603372613947,11.992923484180352,15.442992135163147,11.843468727228135,13.876812755810041,267.83441127366245,0.0,False
201,201000,0.017098114413550653,0.0029082774049217002,0.009622687336778143,0.029082774049217,0.009939277724512625,0.027899184149184148,0.004545454545454546,0.014316243358759766,0.04195804195804196,0.012654012654012654,0.021312447216267134,0.0035470668485675315,0.01145400660319935,0.034106412005457026,0.01099850581433119,39,0.05320600272851296,65679,11.98572448330576,20.35733013866503,170.4622948934184,11.682990792093173,16.098742676988465,11.677194946879688,11.95324698437944,254.21752491572997,0.0,False
202,202000,0.023711943793911006,0.00351288056206089,0.012297681887983318,0.0351288056206089,0.009621389539422327,0.039735099337748346,0.004304635761589404,0.023230112644053665,0.04304635761589404,0.019067328918322295,0.030349794238683128,0.0038408779149519895,0.016826617537274467,0.038408779149519894,0.013534522176497485,34,0.04663923182441701,65679,11.697590093180665,16.208473035510263,167.55647754572445,11.659215647177867,15.043975350591266,11.693113727034854,12.210764690059882,246.06961008927922,0.0,False
203,203000,0.0303118290923169,0.004656319290465632,0.014940633214725475,0.04434589800443459,0.012970295287368459,0.029922894424673784,0.004982206405693951,0.020796107008151994,0.0498220640569395,0.028266395526182004,0.0301625249371151,0.0047814207650273225,0.017188431214661064,0.04644808743169399,0.018842158903634314,36,0.04918032786885246,65679,11.775872664314402,15.167260067200372,156.51469402655493,11.691227441490426,15.883646731433554,11.699721834804166,13.091458338949924,235.82388110474776,0.0,False
204,204000,0.018124507486209612,0.0028368794326241132,0.010169280281276031,0.028368794326241134,0.011823145333783631,0.04109195402298851,0.005172413793103448,0.02842456975155138,0.05172413793103448,0.027312534209085935,0.027466105656849,0.0037868162692847127,0.017594292828793354,0.037868162692847124,0.018123177274649925,42,0.05890603085553997,65679,11.809045815783236,16.852735237472828,167.25955010217507,11.69944552945057,15.3561161208432,11.708476634911257,11.988877187660286,246.67424662829643,0.0,False
205,205000,0.030753968253968256,0.004047619047619048,0.015507726821553054,0.04047619047619048,0.01368575207860922,0.025650557620817846,0.004089219330855019,0.011589955701460087,0.03717472118959108,0.009329084793768809,0.028761490082244805,0.0040638606676342524,0.013978147095420966,0.03918722786647315,0.01198481811689359,37,0.05370101596516691,65679,11.725980657240065,14.895019217683881,156.72993706034728,11.661389226730323,15.040947582964371,11.675198948984944,13.68272522193903,235.41119791588991,0.0,False
206,206000,0.02791666666666667,0.0045000000000000005,0.017441671379788592,0.04,0.020319444444444446,0.03112816058675931,0.005414012738853504,0.01578536728918608,0.044585987261146494,0.01381306237994136,0.02932900432900433,0.004901960784313725,0.016713268740504016,0.04201680672268908,0.01745809434885065,48,0.06722689075630252,65679,11.723111826233978,16.98060593245676,168.18343412683402,11.706565664799939,15.678321543498297,11.707648120029557,13.771050824139264,249.7507380379918,0.0,False
207,207000,0.015892002734107995,0.0026315789473684214,0.009081376136285952,0.02631578947368421,0.008133021948811422,0.03311111111111111,0.004666666666666667,0.019220629934353858,0.04666666666666667,0.017924603174603173,0.02308661626210373,0.003481894150417827,0.013317833154977279,0.034818941504178275,0.012224211876022458,48,0.06685236768802229,65679,11.75979130892124,19.82084402701173,189.68515084439446,17.563938833162208,15.274256360393867,11.882505261344434,13.048524426836906,279.0350110620649,0.0,False
208,208000,0.02462630792227205,0.0038116591928251124,0.012134296250969612,0.033632286995515695,0.009820983699907465,0.019327469793887702,0.004104477611940299,0.011115644687388215,0.03731343283582089,0.011795190713101159,0.022637388288648794,0.00392156862745098,0.011751945243911047,0.0350140056022409,0.0105620025788093,36,0.05042016806722689,65679,11.864348958903758,16.08336757423501,188.86416608807076,11.676461503677682,15.369646117764646,11.733995152682365,12.513580320769325,268.1055657161035,611.2737544301389,True
209,209000,0.017704396260194946,0.002188183807439825,0.010438018473450557,0.02188183807439825,0.008466187350213608,0.04672131147540984,0.006557377049180328,0.025386532836633884,0.06557377049180328,0.02172521467603435,0.029318778334526365,0.003937007874015748,0.016421347713307402,0.03937007874015748,0.013773278340207475,36,0.047244094488188976,65679,11.767546815186215,16.482800520474516,166.20276076442093,11.709564543604944,15.949777216542337,11.73519889074992,12.414052041692658,246.26170079267155,0.0,False
210,210000,0.018937644341801382,0.0023094688221709007,0.012045639053597642,0.023094688221709007,0.010706037611349391,0.027580071174377226,0.003914590747330961,0.016992437194262546,0.03914590747330961,0.014926848556741796,0.022338935574229692,0.0029411764705882353,0.013992488181786491,0.029411764705882353,0.012367169089858167,37,0.05182072829131653,65679,11.79175386815251,16.467434582397022,170.02963002029497,11.676836775373346,15.08554823494851,11.67609231878669,12.09474406677069,248.8220398667237,0.0,False
211,211000,0.020218417945690674,0.003246753246753247,0.01407253137299976,0.030303030303030304,0.012734487734487735,0.033078298513081125,0.006086956521739131,0.01693786849700605,0.05652173913043478,0.013266045548654246,0.024492655706528543,0.004190751445086706,0.015024883307279309,0.03901734104046243,0.01291116157445637,23,0.033236994219653176,65679,11.71279384643703,14.829994339708719,162.30685631826725,11.717719439099938,15.198230519118672,11.71203302743895,12.505406894854076,239.98303438492465,0.0,False
212,212000,0.023783185840707963,0.002876106194690266,0.012537055297628944,0.028761061946902654,0.009479034976822589,0.018452380952380953,0.0031746031746031746,0.00886014203088405,0.031746031746031744,0.007114512471655328,0.021875000000000002,0.002982954545454546,0.011220887480555488,0.029829545454545456,0.008632643398268398,36,0.05113636363636364,65679,11.752529890239616,16.079735263158092,163.95152546091336,11.670661423435202,14.949889486401414,11.696510586856057,12.786817446076848,242.88766955708059,0.0,False
213,213000,0.013979665940450255,0.002178649237472767,0.008975166875766532,0.02178649237472767,0.00912266141024311,0.012484957882069794,0.002166064981949459,0.00800009165013429,0.021660649819494584,0.010649819494584838,0.013417119565217392,0.002173913043478261,0.008608188835684831,0.021739130434782608,0.009697420634920633,42,0.057065217391304345,65679,11.774185994538334,16.594738437805677,177.31083878849697,11.675897682646152,15.553380558218366,11.71538120255111,13.148235964481614,257.7726586287382,0.0,False
214,214000,0.025376088677751388,0.004275534441805226,0.01457262589683759,0.04275534441805225,0.014911586170493533,0.0301038062283737,0.004152249134948097,0.019063343245859784,0.04152249134948097,0.01772395232602845,0.027300469483568075,0.004225352112676056,0.01640053760651,0.04225352112676056,0.016056338028169012,40,0.056338028169014086,65679,11.769094430236215,19.18980802515652,182.40264512935784,11.681257726936511,15.111903203864074,11.69006067529288,12.191370847715321,264.0361400385594,0.0,False
215,215000,0.01937046004842615,0.0029055690072639227,0.009883457116321789,0.029055690072639227,0.00917310426995657,0.028182870370370372,0.005208333333333333,0.016409697368013877,0.04513888888888889,0.015879905202821867,0.02299096528768426,0.003851640513552069,0.01256470846081155,0.03566333808844508,0.011928537463487533,34,0.04850213980028531,65679,11.756667609975901,17.989501013684905,169.99076023219152,11.6626624193511,15.123250726285786,11.735013226647773,12.653055845586458,250.91091107372347,0.0,False
216,216000,0.02386759581881533,0.003414634146341464,0.013916502632358073,0.02926829268292683,0.012696476964769648,0.04740963171195729,0.007364341085271319,0.02667263073008953,0.07364341085271318,0.02669496739264181,0.03296017854401088,0.004940119760479043,0.018843270670104655,0.04640718562874251,0.01810307955517536,29,0.04341317365269461,65679,11.894042093577028,15.909020082319202,163.16908479918624,11.779516784368727,15.11173040154301,11.890803141671736,12.340132153780548,242.0943294564465,0.0,False
217,217000,0.04283088235294118,0.006372549019607843,0.021806895581980176,0.056372549019607844,0.017640250544662308,0.04555089849207496,0.006756756756756757,0.02392187737104519,0.06418918918918919,0.022958226083226084,0.043974525502349704,0.006534090909090909,0.022696149288746147,0.05965909090909091,0.019876217532467533,37,0.052556818181818184,65679,11.840742545315974,16.6600780958856,182.5138595019163,11.70883392270089,15.255285754432746,11.758674507277023,12.74486832889693,262.48234265642543,0.0,False
218,218000,0.026800751743828833,0.004738154613466334,0.013787609093803216,0.04239401496259352,0.015270355856390768,0.03170289855072464,0.004710144927536231,0.01763331518971336,0.04710144927536232,0.020394812514377733,0.028799263588294478,0.004726735598227475,0.01535543019051104,0.04431314623338257,0.017359499191109233,38,0.056129985228951254,65679,15.786670292221306,16.199186985803305,165.47704324723634,11.768283039850779,15.505556157535683,11.700823248625426,12.572517528494643,249.0100804997675,0.0,False
219,219000,0.01968954248366013,0.0029411764705882357,0.009546481729107993,0.02696078431372549,0.007791588857765328,0.022792974411679448,0.005035971223021582,0.015431990486881132,0.046762589928057555,0.022175117049217766,0.020947201486560086,0.0037900874635568515,0.011931571284007314,0.03498542274052478,0.013620482206488036,45,0.06559766763848396,65679,11.797012970000964,16.54836206395338,177.49667486306743,11.748349056699137,15.120714764144116,11.733705005727291,12.491373210257727,256.93619193385007,0.0,False
220,220000,0.03932823129251701,0.005357142857142857,0.020644459276902307,0.05102040816326531,0.01720825234855847,0.01515339966832504,0.0033582089552238806,0.007824597435215578,0.033582089552238806,0.008488805970149253,0.029511784511784513,0.004545454545454545,0.015438818407853756,0.04393939393939394,0.013667628667628667,39,0.05909090909090909,65679,11.810127516186098,16.128404914689256,161.456782759882,11.719817990731018,15.572052247420087,11.833655757929884,13.098217696835835,241.61905888367417,0.0,False
221,221000,0.029330572808833676,0.0038647342995169085,0.01739193740029466,0.03864734299516908,0.01615481941568898,0.01425438596491228,0.0019736842105263163,0.007912108378241288,0.019736842105263157,0.007931286549707603,0.022947340496087012,0.0030640668523676884,0.013378193636082648,0.03064066852367688,0.012672989344298535,39,0.054317548746518104,65679,11.850475665847737,16.701792507123336,174.20545110626017,11.7457869279608,15.276400422842284,11.707026069174287,12.771866287564215,254.25879898677283,0.0,False
222,222000,0.02917665867306155,0.004316546762589928,0.01702341875370774,0.03836930455635491,0.015996726428381104,0.02711038961038961,0.0038961038961038965,0.012608799956350909,0.03896103896103896,0.009964440321583178,0.028298850574712642,0.00413793103448276,0.015147966906003044,0.038620689655172416,0.013434044882320745,31,0.04275862068965517,65679,11.75389320600545,16.177708634754207,159.45755209959694,11.673441465645528,15.099290817645327,11.676464382617823,12.342557129015052,238.18090773528036,0.0,False
223,223000,0.030727969348659002,0.00413793103448276,0.015492780371937511,0.041379310344827586,0.012129173508483852,0.03612059158134243,0.006825938566552901,0.01699334186013551,0.05460750853242321,0.014664933094967225,0.03289835164835165,0.005219780219780221,0.016096715146720494,0.046703296703296704,0.013149747078318506,37,0.050824175824175824,65679,11.763847205560618,15.958747139589724,158.82852983998413,11.666911250193813,15.382934041900665,11.703326041861972,13.282527494537511,238.58682301362842,0.0,False
224,224000,0.012875101378751013,0.0024330900243309003,0.007635194949540504,0.024330900243309004,0.009914841849148419,0.03625581811672037,0.006390977443609024,0.020962386952583952,0.06390977443609022,0.02082736603413295,0.022061616374762606,0.003988183161004431,0.012871580581460087,0.03988183161004431,0.014202480598344704,48,0.07090103397341212,65679,11.750874381731558,16.128285540303878,157.30599031255065,11.666248286475167,15.901343878736707,11.69019325442111,13.325303405344046,237.7682390595631,651.7584952406147,True
225,225000,0.02046102046102046,0.0030303030303030303,0.01105574968271292,0.030303030303030304,0.010515410515410516,0.025275592463092467,0.004545454545454546,0.017491824345636082,0.045454545454545456,0.022052368927368927,0.022295143128476462,0.0036075036075036075,0.013507587649540792,0.03607503607503607,0.014910442291394672,31,0.044733044733044736,65679,11.814837898568854,15.62861772251567,162.78701146396622,11.673192410924237,15.995509913838134,11.67841657316593,12.063705537954107,241.64129152093312,0.0,False
226,226000,0.023675140025850926,0.004028436018957346,0.012328357457070843,0.035545023696682464,0.010778229143158053,0.03219013237063778,0.004332129963898918,0.017478410642197545,0.039711191335740074,0.013421866941722536,0.02704946460311267,0.004148783977110158,0.014369222596241224,0.03719599427753934,0.011825850988941117,31,0.044349070100143065,65679,11.780426381183261,15.183600251156282,161.25919285878143,11.667268323065084,14.91273526751935,11.682049322628284,13.21147937922984,239.6967517835635,0.0,False
227,227000,0.029741019214703426,0.005012531328320802,0.017011342136555,0.040100250626566414,0.015603492859131958,0.030574712643678163,0.005517241379310345,0.014764136564189066,0.05172413793103448,0.012818828680897646,0.03009192065795839,0.0052249637155297535,0.01606549363730083,0.04499274310595065,0.01443142811067339,31,0.04499274310595065,65679,11.801469859309965,14.454533783278546,165.909328783187,11.691848067735267,15.296103314493825,11.681851648973062,12.543864875688705,243.37900033266635,0.0,False
228,228000,0.036231884057971016,0.0038647342995169085,0.019292235254021527,0.03864734299516908,0.014804271144850858,0.04413291796469366,0.005607476635514019,0.02814287229679248,0.0529595015576324,0.025932107006873362,0.03968253968253968,0.004625850340136055,0.023157615513517412,0.044897959183673466,0.01966418313357089,30,0.04081632653061224,65679,11.88975423231653,14.934503218794193,163.74444815898948,11.715621617031102,15.383788110404083,11.695954805601705,13.57227409561068,242.93634423874778,0.0,False
229,229000,0.030008635578583763,0.003886010362694301,0.013210537524476146,0.03626943005181347,0.01043774159059133,0.02308306709265176,0.004472843450479233,0.014268517583667435,0.038338658146964855,0.017197880217049547,0.02690748688602766,0.004148783977110157,0.013684282529521747,0.03719599427753934,0.013464813679405952,33,0.04721030042918455,65679,11.773781596030597,16.175296102247106,162.74764780298267,11.675527420679233,15.176476293940478,11.700256489527439,12.692719545417951,241.9417052508255,0.0,False
230,230000,0.02079747561675272,0.003855421686746988,0.012016640027310743,0.03614457831325301,0.013212851405622488,0.03077858880778589,0.006204379562043795,0.0193426118970253,0.051094890510948905,0.02010340632603406,0.024766742691270993,0.0047895500725689405,0.01493001635866312,0.0420899854862119,0.015953072085147558,29,0.0420899854862119,65679,11.747002538337048,15.555523243795943,167.14099765502422,11.691876851752102,19.149831303924557,11.68689239965104,12.500495090647657,249.4726190831326,0.0,False
231,231000,0.010861423220973783,0.0015730337078651688,0.004828320510171603,0.015730337078651686,0.0035205992509363296,0.03878787878787879,0.006545454545454545,0.021002019111694463,0.06181818181818182,0.020311688311688312,0.021527777777777774,0.003472222222222222,0.01100577483714214,0.03333333333333333,0.009933862433862434,26,0.03611111111111111,65679,11.882323838252606,15.054882465989628,169.80660393452197,11.679765190092395,15.846227104626687,11.684859233918043,12.117657359742019,248.07231912714334,0.0,False
232,232000,0.009853479853479853,0.0020512820512820513,0.004022213650679511,0.020512820512820513,0.0030698005698005697,0.034613196814562,0.006143344709897611,0.02479336441369951,0.051194539249146756,0.024448778373693046,0.020475144669873803,0.003806734992679356,0.012932824446528499,0.03367496339677892,0.012241162936624137,38,0.055636896046852125,65679,11.741863672073972,19.38317707478321,162.10216154041723,11.667389469116607,14.8752887524084,11.724737847218503,12.56156874859804,244.05618710461596,0.0,False
233,233000,0.025934872070137772,0.003381642512077295,0.015742062032003786,0.033816425120772944,0.013313779618127441,0.039639639639639644,0.005067567567567569,0.01618502278490666,0.0472972972972973,0.009838856713856713,0.03164840897235264,0.004084507042253521,0.01592673299377738,0.03943661971830986,0.011865079365079365,35,0.04929577464788732,65679,11.768466151168555,16.15519755526762,159.6937851509883,11.660290546083862,15.278432673751507,11.671188919121223,12.52808045244802,238.7554414488291,0.0,False
234,234000,0.026640179299103502,0.003667481662591687,0.014681997555080737,0.03667481662591687,0.014140179299103503,0.023111225452362574,0.004347826086956522,0.0112515518035345,0.043478260869565216,0.011476084302171258,0.02514984427060698,0.0039548022598870055,0.013233264109159374,0.03954802259887006,0.013015088332884941,37,0.052259887005649715,65679,11.702993867129807,16.479729942051048,157.75856022694214,11.669356525190189,15.00097542338208,11.69005275421242,12.004696407788561,236.30636514669624,0.0,False
235,235000,0.026350915953235753,0.003286384976525822,0.01347831818346448,0.03286384976525822,0.011299277144347567,0.024590034689372438,0.003973509933774835,0.012225555397123057,0.039735099337748346,0.009781351834331965,0.025620440483885867,0.0035714285714285718,0.012958628126493175,0.03571428571428571,0.010669588348159776,37,0.050824175824175824,65679,11.865335425201295,17.056667940565372,173.4092710509727,11.680129677171802,15.751911224229364,11.694387061070287,12.250642136030221,253.70834451524107,0.0,False
236,236000,0.025021758050478675,0.0031331592689295045,0.013862192239276847,0.031331592689295036,0.011382568693273653,0.027540545203588684,0.006521739130434783,0.015157955936116442,0.05434782608695652,0.018567402806533243,0.02607666738926223,0.004552352048558422,0.014404879311094338,0.0409711684370258,0.014391694968326228,24,0.036418816388467376,65679,11.790566551511672,14.623070748912003,164.8899285066202,11.78510454999393,15.051355750902996,11.744202843444462,12.7905218550578,242.67475080644303,0.0,False
237,237000,0.019682151589242053,0.0039119804400978,0.013723585415425925,0.039119804400977995,0.01682966585167074,0.024784885895997005,0.0047138047138047135,0.017701763865858873,0.04713804713804714,0.019489872267650043,0.021828769279194207,0.00424929178470255,0.01539712507516896,0.042492917847025496,0.017948761185305095,22,0.031161473087818695,65679,11.819978839963664,14.677459331272068,177.64787752060084,11.736283963337257,15.793781284856312,11.71456797237347,12.322629352259916,255.71257826466353,0.0,False
238,238000,0.01676231176231176,0.00358974358974359,0.011098015401035314,0.035897435897435895,0.01628917378917379,0.031289910600255426,0.004597701149425288,0.016621645700860062,0.04597701149425287,0.013674511950374018,0.022586740789505764,0.003993855606758833,0.013312558424467357,0.039938556067588324,0.015240899227074344,30,0.04608294930875576,65679,11.801715844361738,13.999210184953427,162.83472571658464,11.67390331330287,14.792493340964885,11.694468193684804,13.709502654266071,240.5060192481184,0.0,False
239,239000,0.03496985357450474,0.0041343669250646,0.017883018130234966,0.041343669250646,0.015188056273327592,0.027867965367965365,0.0035714285714285718,0.013047080768209285,0.03571428571428571,0.00956374974232117,0.03182254196642686,0.0038848920863309355,0.0157398976877833,0.03884892086330935,0.01269555783944273,29,0.041726618705035974,65679,11.737380955348375,14.369708312214623,173.162245114461,11.683426781539108,16.118240144719074,11.700179249951592,14.0127847207544,252.78396527898818,0.0,False
240,240000,0.03375527426160337,0.004050632911392405,0.015464133169505529,0.0379746835443038,0.01035764516777175,0.036180124223602485,0.005590062111801243,0.017024237808851754,0.049689440993788817,0.014139061421670119,0.03484425848442584,0.004741980474198048,0.016164765936408577,0.043235704323570434,0.012055854419871156,44,0.061366806136680614,65679,11.792138871910552,19.587643434959556,170.39872531121603,11.671730445403373,15.12005302781172,11.682931976175759,13.011661422243638,253.2648844897206,597.6417541744688,True
241,241000,0.014164742109314857,0.002540415704387991,0.007676331190702068,0.020785219399538105,0.007371054657428791,0.02399438036083999,0.004037267080745341,0.013254312573847554,0.040372670807453416,0.014475500345065563,0.01835698517817723,0.003178807947019868,0.010055284840202527,0.02913907284768212,0.01040103016924209,37,0.04900662251655629,65679,11.789671773967946,18.93587384264872,188.3026574741875,11.739563669621589,15.807196275752222,11.748252713161822,12.95297661900452,271.2761923683443,0.0,False
242,242000,0.023159636062861866,0.0027295285359801493,0.009608235612206688,0.02729528535980149,0.0058755760368663585,0.04649532710280374,0.006230529595015576,0.02702722857181133,0.0529595015576324,0.023861444889482275,0.03350598526703499,0.0042817679558011055,0.017331297407832506,0.03867403314917127,0.013849973691133912,32,0.04419889502762431,65679,12.282183479345177,18.335191178012188,178.0850470929074,12.227450422550024,16.280797594331318,11.990617439491814,13.075610903315326,262.27689810995327,0.0,False
243,243000,0.03391232423490488,0.005210918114143921,0.019138936433241827,0.052109181141439205,0.01719642364803655,0.053510895883777235,0.00847457627118644,0.032144144834233064,0.07457627118644068,0.030536723163841806,0.04219538818392686,0.00659025787965616,0.024635407032514624,0.06160458452722063,0.022834515850275162,31,0.044412607449856735,65679,11.774622068541628,14.980339132844577,168.68830132540924,11.66686501019587,15.154053123522804,11.69101606172951,12.30177264743837,246.256969369682,0.0,False
244,244000,0.04295623860841252,0.006521739130434783,0.019891374422913957,0.057971014492753624,0.015176175139943257,0.0195906432748538,0.0035087719298245615,0.014549725250870345,0.031578947368421054,0.016875522138680033,0.03342949372992291,0.005293276108726753,0.017713448794827506,0.04721030042918455,0.015869041942003313,30,0.04291845493562232,65679,11.71237622524246,15.551377472750039,160.45513499333975,11.718951890393736,15.152631520506944,11.731468184200677,12.550174877848374,238.87211516428198,0.0,False
245,245000,0.024001536098310294,0.0034562211981566822,0.01310595321074092,0.03225806451612903,0.013095238095238096,0.019497863247863245,0.004166666666666667,0.010963622555728974,0.035256410256410256,0.014191595441595442,0.022117962466487937,0.003753351206434316,0.012209965054757372,0.03351206434316354,0.013553768245457253,30,0.040214477211796246,65679,11.788226638650979,15.688733754307126,178.43668904694854,11.71027452610829,15.41863255592746,11.847072533002766,12.655192137472904,257.54482119241806,0.0,False
246,246000,0.027801827801827803,0.005050505050505051,0.01968065392381691,0.050505050505050504,0.02827080327080327,0.011111111111111112,0.0015151515151515152,0.00562017702836105,0.015151515151515152,0.004393939393939394,0.02021513839695658,0.003443526170798898,0.013289528062246066,0.03443526170798898,0.017417683326774236,29,0.03994490358126722,65679,11.83539764811059,14.292442959140672,175.70341968693725,11.676393926005058,15.005519561156477,11.683302943266138,12.704486755443778,252.90096348006,0.0,False
247,247000,0.02796109868257519,0.004250559284116331,0.018085016748427794,0.03803131991051454,0.018995241646248356,0.023670940237566888,0.0044217687074829945,0.0122132151157042,0.04081632653061224,0.012003293380844403,0.026258930554596188,0.004318488529014845,0.01575531407633503,0.03913630229419703,0.016221108326371487,33,0.044534412955465584,65679,11.766436618571019,15.154682347681693,161.45431531881803,11.742090617578027,15.433984787663334,11.686109757755304,12.456150311923597,239.69376975999103,0.0,False
248,248000,0.025,0.0030232558139534887,0.011252320313014142,0.030232558139534883,0.007641196013289036,0.011670395227442208,0.0020134228187919465,0.006951168581970493,0.020134228187919462,0.007036326834984554,0.019543650793650794,0.00260989010989011,0.009491684027504516,0.0260989010989011,0.007393598465027037,26,0.03571428571428571,65679,11.722200653499492,16.34336449506113,173.97378388579742,11.681718709105615,15.587443792958178,11.732735921171633,12.599752107184115,253.6409995647776,0.0,False
249,249000,0.027038522299185803,0.004502369668246445,0.014404077983045108,0.037914691943127965,0.011594448205822613,0.030177187153931338,0.004318936877076412,0.01713455342329748,0.04318936877076412,0.01542872963138744,0.02834521402986133,0.004426002766251729,0.015540831935349346,0.040110650069156296,0.0131907396430218,26,0.035961272475795295,65679,11.77766950424819,15.020810206142766,181.50779781628268,11.73775132776167,16.041445372885764,11.705673167800024,12.096038074144166,259.88718546926526,0.0,False
250,250000,0.03426056102296311,0.005483028720626632,0.020932011746784267,0.05221932114882506,0.019842305938911682,0.04093959731543624,0.006040268456375839,0.018086480423082817,0.053691275167785234,0.012541280494300628,0.03718325238149027,0.005726872246696035,0.019686830638909032,0.05286343612334802,0.016647437242150898,30,0.04405286343612335,65679,11.7391738555378,15.036179614805189,174.7539111488644,11.695119388518972,15.005348760838144,11.728050191561756,12.540774685848577,252.49855764597484,0.0,False
251,251000,0.026275285839929635,0.00395778364116095,0.01482132963658813,0.036939313984168866,0.012172802278343177,0.02949946751863685,0.004792332268370607,0.014473796433986812,0.04472843450479233,0.012560221106546985,0.027733622350674374,0.004335260115606936,0.014664136150440423,0.04046242774566474,0.01234803651711166,28,0.04046242774566474,65679,11.71961045363934,14.761149644784698,176.886671370613,11.67952782227255,15.16832317607908,11.764900121558064,12.276933156196712,254.25711574514344,0.0,False
252,252000,0.03591324200913242,0.004931506849315068,0.017326445983003234,0.04657534246575343,0.01245379430310937,0.018268942797244687,0.0031446540880503146,0.011501149839144055,0.031446540880503145,0.01391883797544175,0.02769818029700899,0.004099560761346999,0.014614229037546105,0.03953147877013177,0.013135908340886382,47,0.06881405563689605,65679,11.727032767833157,16.892588352426795,171.72510217082493,11.689221906016623,15.238023072350337,11.722086772081308,13.096112634128353,252.0901676756615,0.0,False
253,253000,0.029466357308584684,0.00394431554524362,0.011316221691469517,0.03944315545243619,0.007275439177991382,0.0290084388185654,0.004113924050632912,0.015639453312307212,0.04113924050632911,0.013386578259995981,0.02927264614011602,0.004016064257028112,0.013145058628798447,0.040160642570281124,0.009860606446951827,33,0.04417670682730924,65679,11.753572930511824,15.394767697199384,177.07069600068903,11.876501223542778,15.398942699695883,11.684997166555577,12.161237096075528,255.34071481427,0.0,False
254,254000,0.02568922305764411,0.003508771929824561,0.014095919306973187,0.03508771929824561,0.013108167243505591,0.028793746414228345,0.004518072289156626,0.018780597832660915,0.04216867469879518,0.019180292598967297,0.02709921177773435,0.0039671682626539,0.016223570839843673,0.038303693570451436,0.015865958786615418,38,0.05198358413132695,65679,11.73330128802219,15.07631977708257,165.28609658483794,11.662883701399341,15.167355520442904,11.679660997424012,13.324305365242095,243.92992323445102,0.0,False
255,255000,0.027117973079968327,0.0035629453681710215,0.01167491557756084,0.035629453681710214,0.008059043094672548,0.01672316384180791,0.002711864406779661,0.011080571909494262,0.02711864406779661,0.012966101694915255,0.022835195530726254,0.0032122905027932957,0.011430039345606033,0.03212290502793296,0.010080806065442937,48,0.0670391061452514,65679,11.770789586015852,19.285454540093895,165.53116187689733,11.730274238577753,15.09592076751054,11.908472698288207,13.57243836656863,248.89451207395217,0.0,False
256,256000,0.024769101595298066,0.0032745591939546607,0.011767281535215553,0.0327455919395466,0.00849726120506977,0.01261431725007884,0.0026490066225165563,0.006416826215737734,0.026490066225165563,0.008609271523178808,0.019517678315961576,0.003004291845493563,0.009455639895040585,0.030042918454935622,0.008545654790289983,31,0.044349070100143065,65679,11.954603945318887,17.53914768706788,191.44967003109636,12.077796601783763,16.581341725815935,12.745757634866074,13.621638826816218,275.96995645276513,690.3930931205088,True
257,257000,0.030777402824646916,0.004199475065616798,0.01598308101390401,0.04199475065616798,0.014372161813106696,0.038282828282828286,0.006545454545454545,0.02229332269836869,0.06181818181818182,0.026069264069264072,0.0339237320944638,0.005182926829268293,0.018628380500531734,0.05030487804878049,0.019275672667440957,27,0.041158536585365856,65679,11.775375375569496,16.950268031279414,175.64351179702453,11.672208958785069,15.385211463117553,11.702931828228014,13.67834114802957,256.80784860203363,0.0,False
258,258000,0.017670342097823016,0.003053435114503817,0.008546983184940323,0.030534351145038167,0.009127993860818289,0.037090614303729064,0.005901639344262295,0.02254982857222314,0.05573770491803279,0.02378350247202706,0.026156277660575655,0.004297994269340974,0.014665705023222928,0.04154727793696275,0.015531905216718971,32,0.045845272206303724,65679,11.757402096815305,16.412627562689686,185.48807186571926,11.708595204232285,15.465798001226826,11.71112518028039,13.538565093770828,266.0821850047346,0.0,False
259,259000,0.03173380726698262,0.0054502369668246444,0.018479586625075838,0.04739336492890995,0.01770292635221545,0.026758409785932722,0.0036697247706422016,0.014210252856431932,0.03669724770642202,0.014439833017814667,0.029561637739207832,0.004672897196261682,0.016615671882290045,0.042723631508678236,0.016278318180854897,30,0.04005340453938585,65679,11.819547021063581,16.394488002183238,172.91232680836933,11.670272599725863,15.299406862789855,11.68362809315926,12.720106644381612,252.49977603167272,0.0,False
260,260000,0.016033755274261603,0.0027848101265822785,0.009536334685357379,0.02531645569620253,0.009310829817158932,0.03575419852015597,0.005167173252279635,0.014766806342385216,0.0486322188449848,0.012322091957350316,0.02499511691500642,0.0038674033149171273,0.011913165037791298,0.03591160220994475,0.010679207226168552,35,0.04834254143646409,65679,11.724351049888227,15.741412126402121,181.37704985576875,11.70058757868353,15.947048998946055,11.79354150869505,12.65655891384554,260.9405500322293,0.0,False
261,261000,0.023864610111396744,0.0033419023136246786,0.016445676312697506,0.033419023136246784,0.018623250499857184,0.04352793749078578,0.007120743034055728,0.028938755557774004,0.06191950464396285,0.02676544301931299,0.032784911717495986,0.0050561797752808986,0.022113182767977996,0.046348314606741575,0.02231696985910469,34,0.047752808988764044,65679,11.754852030101958,15.279324380446102,176.47473293339044,11.929573673227779,15.827014808955653,11.909271550897271,12.241164825288475,255.41593420230768,0.0,False
262,262000,0.02168724279835391,0.0029629629629629632,0.009534559192740781,0.02962962962962963,0.007214383695865177,0.06205128205128205,0.008307692307692308,0.03493552811165307,0.07692307692307693,0.02908913308913309,0.03965753424657534,0.005342465753424658,0.020843209738831872,0.050684931506849315,0.01695314198738856,34,0.04657534246575343,65679,11.857027411327214,15.004756804284924,172.35989750902237,11.689664269787237,16.094647078593315,11.763956171861878,13.131392496701366,251.90134174157834,0.0,False
263,263000,0.02135678391959799,0.002261306532663317,0.012741749092878398,0.022613065326633167,0.010472002871500359,0.024625144175317186,0.004152249134948097,0.016339623634846524,0.04152249134948097,0.01981380787609161,0.022731683648714217,0.003056768558951966,0.014255265457694682,0.03056768558951965,0.014401816039370624,33,0.048034934497816595,65679,11.717674498687437,17.4941867382844,177.7433535921774,11.675804046665238,15.14254695031414,11.682383705607924,12.325017039044317,257.78096657078083,0.0,False
264,264000,0.035377585377585376,0.0047979797979797985,0.025554186366825972,0.047979797979797977,0.02696007696007696,0.01141552511415525,0.0017123287671232876,0.006558125299071617,0.017123287671232876,0.006887366818873668,0.02520764119601329,0.003488372093023256,0.017491904634581393,0.03488372093023256,0.018440845330380214,24,0.03488372093023256,65679,11.695449372739475,14.028826557335726,165.76082040638263,11.871509846841931,16.887802988724275,11.695154103680272,12.842042228455863,244.78160550416018,0.0,False
265,265000,0.036832895888014,0.004986876640419948,0.017545608159123694,0.047244094488188976,0.01407324084489439,0.013052208835341365,0.002108433734939759,0.0077218062317755045,0.018072289156626505,0.006454388984509466,0.025759700794763907,0.003646563814866761,0.012971271216796065,0.033660589060308554,0.01052561276965204,36,0.05049088359046283,65679,11.730529465084349,15.15928911050013,172.92286124025168,11.804673141199707,15.69342820662012,11.747727206481983,12.993313615275447,252.05182198541343,0.0,False
266,266000,0.01935483870967742,0.0024193548387096775,0.010976750389515635,0.024193548387096774,0.010416666666666666,0.02992087042532146,0.004747774480712167,0.014257578139714658,0.04747774480712166,0.013381376289388158,0.024377056887635164,0.003526093088857546,0.012536184736225186,0.03526093088857546,0.011825844583249378,44,0.06205923836389281,65679,11.843702385452847,16.875836563026713,181.95457550773676,11.766962197762298,16.05906466520257,11.677254231956535,12.801263235703853,262.97865878684155,0.0,False
267,267000,0.027386934673366836,0.0037688442211055275,0.012572450174395775,0.035175879396984924,0.011539842067480259,0.032651072124756333,0.004970760233918129,0.0184207503762521,0.04678362573099415,0.016214146477304372,0.02981981981981982,0.004324324324324324,0.015275313240659102,0.04054054054054054,0.013700128700128699,34,0.04594594594594595,65679,11.765058485962987,15.682821602275299,179.0844058825597,11.85418993047971,16.074028109172577,11.744327278087606,12.727317436497799,258.93214872503574,0.0,False
268,268000,0.019331509801483692,0.0039164490861618795,0.009181544365661829,0.0391644908616188,0.010011811513116996,0.026461038961038963,0.00487012987012987,0.013378987773910538,0.048701298701298704,0.013238249845392703,0.02250936071485999,0.004341534008683068,0.011052474278455753,0.04341534008683068,0.011449934532423678,29,0.041968162083936326,65679,11.738497999208564,15.340192872304037,187.52515011755122,11.698651930694414,15.548504007825702,11.704182031349596,12.949084773436482,266.50426373237,0.0,False
269,269000,0.024644945697577275,0.0037593984962406013,0.012361618733163717,0.03258145363408521,0.010723236663086286,0.0430047988187523,0.007308970099667775,0.021450626424725804,0.0664451827242525,0.021280915466961977,0.03253968253968254,0.005285714285714286,0.016269892040535413,0.047142857142857146,0.015263038548752833,27,0.03857142857142857,65679,11.83172538529731,15.984044790806617,180.2341738630364,11.717041395256643,15.367244472652697,11.710784507457106,13.033952367111358,259.8789667816181,0.0,False
270,270000,0.024774373589834933,0.0042394014962593525,0.011871567621304322,0.034912718204488775,0.010968610220480545,0.047773972602739724,0.0058219178082191785,0.024808539118332758,0.05821917808219178,0.019311263318112636,0.03446540232254518,0.004906204906204907,0.017322643634482247,0.044733044733044736,0.014483840674316866,38,0.05483405483405483,65679,11.816843109899168,18.302075779200177,174.68392356258244,11.670697559126864,15.068482552685335,11.68973201853829,12.919333284747147,256.1510878667794,0.0,False
271,271000,0.02822164948453608,0.003350515463917526,0.014265799852947247,0.03350515463917526,0.011321796759941088,0.01962365591397849,0.0038709677419354843,0.011524884984386096,0.03870967741935484,0.01253584229390681,0.024403056351480417,0.0035816618911174787,0.013048488091838424,0.03581661891117478,0.011860986037203801,36,0.05157593123209169,65679,11.736348265470319,15.957607932839956,172.7597175370521,11.662380926438786,15.07210825252292,11.775862174351337,12.955159303912334,251.91918439258777,0.0,False
272,272000,0.026819923371647514,0.0032183908045977008,0.012464605292290714,0.03218390804597701,0.009906951286261628,0.01682340647857889,0.003448275862068966,0.011501324925711863,0.034482758620689655,0.012974573319400906,0.02259062776304156,0.0033156498673740055,0.012057063598738123,0.033156498673740056,0.011204791377205172,25,0.033156498673740056,65679,11.72836587405579,14.761304588190027,189.00232291194087,11.690184824414418,16.067275859177332,11.711125951607837,12.296565843311624,267.2571458526979,756.2682753212979,True
273,273000,0.02686817800167926,0.0035264483627204034,0.016393696189261224,0.03526448362720403,0.014107792571268641,0.02343283582089552,0.003880597014925374,0.011544141493837586,0.03582089552238806,0.012433072731580192,0.025295992714025498,0.0036885245901639345,0.014174296157885652,0.03551912568306011,0.013341356579061497,37,0.050546448087431695,65679,11.800995952271354,18.933309255439458,184.90134787904623,11.703937798368536,15.764659567554794,11.744705244912112,12.746919084954955,267.59587478254747,0.0,False
274,274000,0.03417620278085394,0.004392764857881137,0.017443873011699987,0.04392764857881137,0.01675997703129486,0.022080979284369116,0.003672316384180791,0.01074666010331576,0.03672316384180791,0.009165097300690522,0.02839791787160208,0.004048582995951417,0.014244394780164205,0.04048582995951417,0.013131653921127607,30,0.04048582995951417,65679,11.818633074214823,15.798114756271353,179.23758281836177,11.734302051105704,16.035665395236485,11.71192029514323,12.717045880059064,259.05326427039245,0.0,False
275,275000,0.03910422049956933,0.005426356589147287,0.025176332909349074,0.05167958656330749,0.025387596899224804,0.02866043613707165,0.005607476635514019,0.019610192007568316,0.0529595015576324,0.024803441625871534,0.03436911487758945,0.005508474576271187,0.022652701229304413,0.052259887005649715,0.025122746838848534,33,0.046610169491525424,65679,11.754105667505232,15.440809015207503,180.17538878702112,11.665403923610818,15.341114140227097,11.7079535612713,13.184557817916275,259.26933291275935,0.0,False
276,276000,0.019656019656019656,0.002702702702702703,0.013066580543737253,0.02702702702702703,0.011616161616161616,0.03164251207729468,0.006354515050167224,0.016580214553894097,0.06020066889632107,0.01875696767001115,0.024732451998740954,0.004249291784702551,0.014554649338407076,0.04107648725212465,0.014640384010072394,25,0.03541076487252125,65679,11.7603187041182,14.909640823679293,184.38455589239732,18.82651644873057,15.104931306492153,11.675675013408938,12.513246637660401,269.17488482648685,0.0,False
277,277000,0.03196649029982363,0.003968253968253968,0.017317394613715988,0.03968253968253968,0.013483665070966657,0.019567932067932066,0.0038961038961038965,0.01179060806481859,0.03571428571428571,0.013342609771181199,0.02639979068550497,0.003935860058309038,0.014835980244823278,0.037900874635568516,0.013420334120042574,33,0.048104956268221574,65679,11.761954192140989,16.657556731150546,183.99308494665422,11.69476637968847,15.09686420678169,11.728642255903754,13.093934985539125,264.02680369785884,0.0,False
278,278000,0.018622222222222224,0.0032000000000000006,0.011202835030746603,0.032,0.012469841269841268,0.03294836956521739,0.0038043478260869567,0.018735693645771115,0.03804347826086957,0.015620686680469289,0.02571781067743383,0.0034993270524899065,0.014933779809116752,0.034993270524899055,0.014030421500138862,41,0.05518169582772544,65679,11.76401229033286,19.147852852355317,191.4399277188339,11.781887403916613,16.388221283747395,11.730639926738062,13.36410064223248,275.6166421181566,0.0,False
279,279000,0.011631438289601554,0.002295918367346939,0.006375860073927049,0.02295918367346939,0.00911078717201166,0.031261479685548446,0.00515759312320917,0.02010537408895825,0.045845272206303724,0.020709964979305953,0.020876896382969256,0.0036437246963562757,0.012842257363057804,0.033738191632928474,0.014573827731722468,35,0.04723346828609987,65679,11.80542175900634,17.22287916394727,182.2401400077417,11.671344574776255,15.679424840403522,11.729858321554708,13.73000536658564,264.07907403401543,0.0,False
280,280000,0.0294811320754717,0.0037735849056603774,0.013869563038121637,0.03773584905660377,0.011902890086852353,0.013124999999999998,0.0021875,0.005281586930995011,0.021875,0.00410094246031746,0.022446236559139784,0.0030913978494623655,0.0101758098737661,0.030913978494623656,0.008547213688342721,22,0.02956989247311828,65679,11.754604619829134,15.873374678218589,190.34595927934495,11.770544648653791,15.715564445809015,11.708075673425022,12.514399242158358,269.6825225874388,0.0,False
281,281000,0.01254251700680272,0.0017857142857142857,0.005839824997357606,0.017857142857142856,0.004683956916099774,0.029411764705882353,0.0032679738562091504,0.013516127943786083,0.032679738562091505,0.009154217242452535,0.019937917860553964,0.0024355300859598855,0.00920508101685204,0.024355300859598854,0.006643698549142676,31,0.044412607449856735,65679,11.749864027146838,15.649197669623248,202.87712145224123,11.821688668825491,16.00410080432324,11.729303417723491,13.116836939081056,282.94811297896456,0.0,False
282,282000,0.015255731922398588,0.0028423772609819124,0.009362801671958349,0.025839793281653745,0.008523030228456584,0.037748783724015925,0.006811145510835914,0.018429496763335492,0.06501547987616099,0.016084328468229395,0.025488486474401963,0.0046478873239436625,0.013487509438880626,0.04366197183098591,0.01196288844176168,31,0.04366197183098591,65679,11.808567823179406,16.20281685137115,181.7771152075459,11.662590842079211,15.499825958900647,11.673309460655258,12.272217737252511,260.8964438809841,0.0,False
283,283000,0.02965627498001599,0.004316546762589928,0.01598568258753986,0.04316546762589928,0.013414982299874386,0.03333333333333333,0.004467353951890034,0.01769607172006682,0.044673539518900345,0.014394807178312334,0.031167608286252355,0.004378531073446328,0.01668868151065476,0.043785310734463276,0.013817706932113712,25,0.03531073446327684,65679,11.740021430728387,14.784145678889416,175.19781878698458,11.674571928674272,15.668301475896262,11.695898157762507,13.02025608193591,253.78101354087136,0.0,False
284,284000,0.017326732673267328,0.002227722772277228,0.0116666777204283,0.022277227722772276,0.010767326732673266,0.035010993212885956,0.005047318611987382,0.015969104899899063,0.0473186119873817,0.014602423514095438,0.025101920732988697,0.0034674063800277394,0.013558313526104076,0.033287101248266296,0.012453492723950422,30,0.04160887656033287,65679,11.882555220249502,17.218845108302183,200.60566277249615,11.722938090333312,16.523741652521572,12.036627161510216,12.921204107410599,282.91157411282353,0.0,False
285,285000,0.017921146953405017,0.002688172043010753,0.010705251356894109,0.026881720430107527,0.011640211640211642,0.018425628678437667,0.003370786516853933,0.009591896013906675,0.03089887640449438,0.009479222400570714,0.0181678440607012,0.003021978021978022,0.010160808359499155,0.028846153846153848,0.010583464154892728,33,0.04532967032967033,65679,12.16047398165665,16.960247757560886,199.30450257524268,11.721909326758983,16.759214477510277,12.07650073178912,13.555567685674674,282.53841653619327,0.0,False
286,286000,0.028038194444444442,0.004166666666666667,0.01532753391498959,0.0390625,0.013154141865079365,0.03350195602320248,0.00538243626062323,0.022044517386619063,0.053824362606232294,0.026089302576554698,0.030655165729792593,0.0047489823609226595,0.018544759376977655,0.04613297150610583,0.019349680170575694,27,0.036635006784260515,65679,11.855933543705731,16.310905219016348,182.78347400142724,11.672654910019343,15.796503538903494,11.673997314498585,12.39882417457261,262.49229270214335,0.0,False
287,287000,0.026381909547738693,0.0037688442211055275,0.014087630926431066,0.035175879396984924,0.013410305495732631,0.022064989517819707,0.004402515723270441,0.01256549897954371,0.02830188679245283,0.012678446640710791,0.02446461824953445,0.004050279329608939,0.01341160025728277,0.03212290502793296,0.013085262037776003,35,0.04888268156424581,65679,11.701517220311096,14.99418683402476,179.8034659994674,11.680213808054617,16.009892511353875,11.695750552181972,13.237905885185587,259.1229328105793,0.0,False
288,288000,0.024432809773123912,0.003926701570680628,0.01412162687148063,0.03664921465968586,0.01610986453918391,0.023852220212979707,0.005063291139240506,0.013167171321576902,0.04430379746835443,0.013826100060277274,0.024169964069677537,0.004441260744985674,0.01368952378585086,0.04011461318051576,0.01507595397280211,20,0.02865329512893983,65679,11.805376929768796,15.371358153576375,183.27507153226287,11.702707180510918,15.383800584856111,11.72327910797799,12.00858346336875,261.2701769523218,666.9383605386048,True
289,289000,0.021228545618789525,0.0027100271002710027,0.011032881059090801,0.024390243902439025,0.008739837398373983,0.026443768996960486,0.0033434650455927053,0.013541479659659345,0.03343465045592705,0.011577893568775028,0.023686723973256923,0.003008595988538682,0.012215300743312936,0.02865329512893983,0.010077545822531496,32,0.045845272206303724,65679,11.75948499743118,17.295216311136173,191.50984177902785,11.78706257067008,15.618747291196167,11.722503880914893,13.255304681478176,272.9481615118545,0.0,False
290,290000,0.02406417112299465,0.0034759358288770055,0.011832156384152798,0.03208556149732621,0.00927552839317545,0.025582573454913878,0.00425531914893617,0.01731882838268091,0.0364741641337386,0.018266029816181792,0.02477477477477477,0.0038406827880512096,0.014399887660846608,0.034139402560455195,0.013483031904084534,20,0.02844950213371266,65679,12.331397166123747,15.362037580859965,190.2809298776481,11.756700917714413,15.592051197374502,11.729073688293568,12.091694795837714,269.14388522385207,0.0,False
291,291000,0.019273695054945052,0.003125,0.009232186880639936,0.03125,0.008823641636141636,0.024807527801539775,0.0041916167664670665,0.01609542159175829,0.038922155688622756,0.016745081266039352,0.021738095238095237,0.0036000000000000003,0.012288614071991309,0.034666666666666665,0.012351322751322752,24,0.032,65679,11.738539944877724,15.188372831334561,168.30460157456207,11.894080301153021,15.38650951364573,11.67910650753945,12.37483438040754,246.5660450535201,0.0,False
292,292000,0.012970430107526883,0.002150537634408602,0.005419795419330387,0.021505376344086023,0.004147465437788018,0.027854511970534068,0.003867403314917127,0.014564036319793397,0.03867403314917127,0.012548232921161098,0.020311080835603994,0.0029972752043596735,0.009929625400212689,0.02997275204359673,0.00829062324293932,30,0.04087193460490463,65679,11.767604899834417,15.52901868530354,168.4138418700798,12.956802951283318,15.26061551687663,11.747260762806633,12.550741066125193,248.22588575230955,0.0,False
293,293000,0.02644927536231884,0.003381642512077295,0.013283243892511945,0.033816425120772944,0.011036346905912122,0.019402985074626865,0.0026865671641791047,0.011673025277378561,0.023880597014925373,0.010223880597014927,0.0232977303070761,0.0030707610146862483,0.012563052656103824,0.029372496662216287,0.010672960773094283,27,0.036048064085447265,65679,11.807584191336762,14.306528367868943,171.70604333019423,11.851523606956626,15.76679333825659,11.71066568994572,12.569883546906247,249.71902207146513,0.0,False
294,294000,0.042271062271062275,0.005128205128205128,0.020814935841359277,0.04871794871794872,0.015762108262108263,0.026974951830443156,0.003757225433526011,0.012291078861354898,0.03757225433526012,0.01139554087530966,0.03508022774327122,0.004483695652173913,0.016807796554563742,0.043478260869565216,0.01370934696342305,31,0.042119565217391304,65679,11.763573645920399,15.69891812586155,181.6065285375479,11.675411281317217,15.549154221250472,11.746115446534255,12.893207367900562,260.93290862633233,0.0,False
295,295000,0.02072310405643739,0.0034391534391534392,0.014180257296916113,0.03439153439153439,0.015199042579994961,0.028206778206778204,0.0048048048048048055,0.01421575065364298,0.04504504504504504,0.010604652271318937,0.024228116000267898,0.004078762306610409,0.01419688076778819,0.03938115330520394,0.013047239524032774,21,0.029535864978902954,65679,11.789456766705953,15.357755311473653,165.95363820760824,11.711072248316023,15.048921954377569,11.683478398097357,12.419380475831021,243.96370336240977,0.0,False
296,296000,0.023993558776167472,0.0038647342995169085,0.01193825742775805,0.03864734299516908,0.010583927612913121,0.0285816362986781,0.00482315112540193,0.013766066178866655,0.03536977491961415,0.011284642474353086,0.025961685823754792,0.004275862068965517,0.012722324354095673,0.037241379310344824,0.010884510125889436,29,0.04,65679,11.72697475554374,14.680653087031924,172.40088566990164,11.679772914469089,15.444608104778212,11.714298180157122,12.903917063739057,250.55110977562077,0.0,False
297,297000,0.02431476569407604,0.0034482758620689655,0.012627910829219376,0.034482758620689655,0.010347985347985348,0.03780765115034778,0.0053370786516853935,0.026609449423844658,0.05337078651685393,0.03021223470661673,0.03086792697979601,0.0043656207366985,0.01941839887790505,0.04365620736698499,0.019995560752723098,38,0.05184174624829468,65679,11.766867109921918,17.589644224755286,171.40784811751908,11.659363754634722,15.24744016564994,11.675201658387092,12.781840890804808,252.12820592167284,0.0,False
298,298000,0.02735042735042735,0.0041025641025641026,0.016587183748503005,0.041025641025641026,0.01566239316239316,0.03905325443786982,0.004437869822485207,0.019837390648628196,0.04437869822485207,0.01619352869352869,0.032783882783882785,0.004258241758241759,0.018096208380703988,0.042582417582417584,0.015908991801848946,39,0.05357142857142857,65679,11.864474189202113,15.979146339731297,171.71515061442653,11.700102676814872,15.790082984343258,11.69299450363981,12.8067685229577,251.54871983111556,0.0,False
299,299000,0.023450586264656615,0.002763819095477387,0.010914664740841261,0.02763819095477387,0.008284477945281966,0.029299488390397484,0.00440771349862259,0.01647509293124908,0.04132231404958678,0.015779002142638505,0.02624053563606783,0.0035479632063074905,0.013567010907882048,0.03416557161629435,0.011859395532194481,23,0.030223390275952694,65679,11.763165395084485,13.811714836470257,177.20637293930363,11.669580734646745,15.328517599680346,11.68982850294209,13.18058499563679,254.64976500376434,0.0,False
300,300000,0.02601410934744268,0.0031746031746031746,0.015876741193129044,0.031746031746031744,0.015182245737801293,0.03281853281853282,0.005105105105105106,0.019891915504599896,0.042042042042042045,0.016106582773249438,0.029200991226307683,0.004078762306610409,0.017757265870653367,0.03656821378340366,0.015615163083517515,29,0.040787623066104076,65679,11.764301337716109,16.105790200615644,168.24941774797043,11.677679793722916,15.3553307479376,11.70077636356015,13.236494490115325,248.08979068163816,0.0,False
301,301000,0.020325203252032516,0.0029268292682926834,0.008866344205037392,0.02926829268292683,0.00783778552071235,0.030457933972310967,0.004792332268370607,0.01944428553943463,0.04472843450479233,0.019581368223540743,0.02471184877823882,0.0037344398340248964,0.013445729596000511,0.035961272475795295,0.012921798502711367,30,0.04149377593360996,65679,11.7759981036053,16.9221980871187,170.35381474864164,11.703633240420231,15.176414310855147,11.695580022438868,12.482579355488355,250.1102178685682,0.0,False
302,302000,0.02805077805077805,0.0036855036855036856,0.014565422490870769,0.036855036855036855,0.012308412308412309,0.022442244224422443,0.0039603960396039604,0.012896621585938088,0.039603960396039604,0.015284980879040285,0.02565727699530516,0.003802816901408451,0.013853244076512174,0.038028169014084505,0.013578694388553544,29,0.04084507042253521,65679,11.756394254575087,15.20305823564383,170.0557160148747,11.697727320167385,15.151280792116694,11.714767597453823,12.12698997068995,247.70593418552147,0.0,False
303,303000,0.024768518518518523,0.003611111111111112,0.011895999848697806,0.03333333333333333,0.010636022927689595,0.028379772961816305,0.004334365325077399,0.015262681818492746,0.043343653250773995,0.014386456336920735,0.026476329917032703,0.003953147877013177,0.013488149594296292,0.03806734992679356,0.012409653954309884,30,0.043923865300146414,65679,11.741210079269093,14.843866036604037,184.32528088963008,11.907782337505779,15.591849670398839,11.800470973793997,13.695458137633064,263.9059181248349,0.0,False
304,304000,0.012521588946459413,0.0018134715025906738,0.007377636194380672,0.018134715025906734,0.007102763385146805,0.022283091501332543,0.003908794788273616,0.011757612055679953,0.03908794788273615,0.011983609947779328,0.016845948664130483,0.002741702741702742,0.009317971821247741,0.027417027417027416,0.009264985455461646,33,0.047619047619047616,65679,11.87004374504641,16.231425445725755,175.05336152701113,11.672197786943839,15.277854776798993,11.745869144999531,12.688525562437603,254.53927798896322,638.6997344825924,True
305,305000,0.04237967914438503,0.0053475935828877,0.020938942900628296,0.053475935828877004,0.01847041847041847,0.026327838827838825,0.004120879120879121,0.013833965236000962,0.038461538461538464,0.011843711843711843,0.03446251129177958,0.004742547425474255,0.017434590773359532,0.04607046070460705,0.015201961543424958,22,0.02981029810298103,65679,11.817778542422275,14.74665247168383,177.653493072194,11.670544790190473,15.435578241934644,11.682801748319482,12.474175319798775,255.4810241865435,0.0,False
306,306000,0.0461082910321489,0.005583756345177666,0.023879535720223055,0.0532994923857868,0.01886229957295947,0.020034930139720557,0.0038922155688622764,0.012016318442570536,0.038922155688622756,0.0121542629027659,0.03414606227106227,0.004807692307692308,0.018436795925256103,0.046703296703296704,0.015784711320425606,22,0.03021978021978022,65679,11.709703565287999,15.174834241224456,170.76469458691957,11.661142983843131,15.503192998464478,11.676256585949062,12.5087707549959,248.9985957166846,0.0,False
307,307000,0.02643103873673822,0.0038860103626943004,0.016265632104451012,0.03626943005181347,0.017511719713792253,0.028692614770459077,0.004790419161676647,0.01539936901217808,0.04491017964071856,0.01475738998194088,0.02748015873015873,0.004305555555555556,0.01586378228109107,0.04027777777777778,0.01623401675485009,25,0.034722222222222224,65679,11.748866073371666,14.283823290883735,165.56764668751444,11.720778331100746,16.336780096187773,11.696407370073715,12.421351617997178,243.77565346712925,0.0,False
308,308000,0.034290088021431304,0.0053731343283582094,0.02074160126864124,0.04477611940298507,0.020202558635394455,0.03337076969152441,0.005345911949685534,0.013700548767417931,0.050314465408805034,0.009043376260357392,0.0338423954809866,0.005359877488514548,0.017312727309393136,0.04747320061255743,0.014768224798852668,24,0.036753445635528334,65679,11.813139348518241,14.266808371063423,179.4911230578039,11.745372678381717,15.2312879148353,11.76313991690936,13.004600480467921,257.31547176797983,0.0,False
309,309000,0.024250440917107582,0.0029100529100529104,0.012054462892133971,0.0291005291005291,0.009284454522549761,0.023997890295358648,0.004746835443037975,0.013858168975333329,0.04746835443037975,0.017127536668675905,0.024135446685878963,0.003746397694524496,0.01287574693001725,0.037463976945244955,0.012855656191391063,26,0.037463976945244955,65679,11.769390851346095,14.18529241949129,171.4658515488826,11.668542930068359,15.035213402320169,11.678990133462408,12.712900802819282,248.51618208839022,0.0,False
310,310000,0.025344352617079888,0.003856749311294766,0.013476543780702559,0.03856749311294766,0.012943285670558396,0.015714285714285715,0.002285714285714286,0.010934497540278058,0.022857142857142857,0.010979591836734694,0.020617110799438988,0.003085553997194951,0.012228694995080433,0.030855539971949508,0.011979340590841292,33,0.04628330995792426,65679,11.75284643330221,15.344770542213837,166.12574481417175,11.676590768894268,15.451474470587478,11.712574065944615,12.976219660995604,245.04022075610976,0.0,False
311,311000,0.02222222222222222,0.0032520325203252037,0.009760139976783907,0.032520325203252036,0.007124575214006107,0.02103174603174603,0.0035714285714285713,0.010524625134289742,0.03273809523809524,0.010230064247921392,0.0216548463356974,0.0034042553191489366,0.010124490349722856,0.032624113475177303,0.00860463807272318,28,0.03971631205673759,65679,11.778623689825963,14.659366400993079,182.91033261719213,11.824765467696729,15.582720646972748,11.814828974651693,13.130202591457586,261.7008403887899,0.0,False
312,312000,0.04364880952380952,0.00625,0.026632804329730937,0.0575,0.02594345238095238,0.031226053639846745,0.004597701149425287,0.017468157615300222,0.04597701149425287,0.01747514139755519,0.03786923860453272,0.005481283422459893,0.022369038211252475,0.05213903743315508,0.022003649944826415,24,0.03208556149732621,65679,11.820472172199835,14.888504632409871,176.8623585359508,11.78154846735724,15.571997563648686,11.887216741890416,12.237359517525137,255.049457630982,0.0,False
313,313000,0.031755663430420716,0.0038834951456310682,0.015354031160002798,0.03640776699029126,0.010716212051163507,0.015570901069390493,0.0030211480362537764,0.00900083505983938,0.027190332326283987,0.009469860451733564,0.02454549338802367,0.003499327052489906,0.012523737877157453,0.03230148048452221,0.010160973317097139,18,0.024226110363391656,65679,11.731083148586174,13.131181177267193,168.40174126382666,11.696280127357351,15.551559986629048,11.693901198928103,12.437175852697546,244.6429227552921,0.0,False
314,314000,0.02769953051643192,0.0036619718309859163,0.01344539808437675,0.03380281690140845,0.010352112676056338,0.031076923076923075,0.005538461538461538,0.01958331945408762,0.055384615384615386,0.021277167277167275,0.02931372549019608,0.0045588235294117645,0.016378963444900328,0.04411764705882353,0.015573646125116714,28,0.041176470588235294,65679,11.751776686871885,14.498285943007062,164.4248555473654,11.672221348568712,15.357681702007909,11.684921585999874,12.879492102990664,242.26923491681154,0.0,False
315,315000,0.03265947888589398,0.004043126684636119,0.017370534121928058,0.04043126684636118,0.013753048389166984,0.01466275659824047,0.0017595307917888565,0.005437899542317496,0.017595307917888565,0.002870874645068193,0.024040262172284645,0.002949438202247191,0.011655606605569628,0.02949438202247191,0.00854122079543428,24,0.033707865168539325,65679,11.704619029134777,14.595168563322215,177.9153368725861,11.800632413599965,15.990577299729303,11.774796686403466,12.884530672163663,256.6656615369395,0.0,False
316,316000,0.02448337825696316,0.002964959568733154,0.012322531928228301,0.029649595687331536,0.00990566037735849,0.037412935323383086,0.005671641791044776,0.017231028087669954,0.05373134328358209,0.01468846244965648,0.030618508026440037,0.00424929178470255,0.014651634213515771,0.04107648725212465,0.012175120284185438,24,0.0339943342776204,65679,12.077611000207988,14.409296493933521,209.08859340373897,11.672299985721057,15.627843393539731,11.708449504918562,12.80474499351647,287.3888387755763,0.0,False
317,317000,0.013798836242726516,0.0017456359102244387,0.006604506448422286,0.017456359102244388,0.004519455329929145,0.029104477611940297,0.004776119402985075,0.016268340594757992,0.04776119402985075,0.015214404169628049,0.020765398550724633,0.0031249999999999997,0.011003126610137587,0.03125,0.009387400793650793,29,0.03940217391304348,65679,11.772600621504093,16.13713361668656,169.52056143948457,11.669628961888389,15.259711933293673,11.703410482857834,12.648310692198184,248.71135774791327,0.0,False
318,318000,0.019526362823949955,0.002949061662198392,0.009862481398132762,0.02680965147453083,0.008630154474658496,0.023821809425524594,0.004024767801857585,0.016508397183890036,0.04024767801857585,0.019736842105263157,0.021519795657726694,0.003448275862068966,0.01294672105158046,0.033045977011494254,0.013784551176792555,28,0.040229885057471264,65679,11.770322089876828,15.386629972469201,174.67379294872077,11.701458587864977,15.269346616289535,11.708138961619152,12.395269364112727,252.90495854095317,0.0,False
319,319000,0.026933333333333333,0.004,0.010544944561068161,0.037333333333333336,0.007220105820105819,0.031812169312169306,0.004761904761904762,0.017271812581579064,0.047619047619047616,0.01701058201058201,0.029160628019323665,0.004347826086956522,0.013615906048692703,0.042028985507246375,0.011689671037497126,24,0.034782608695652174,65679,11.855798826426733,14.563623308039286,184.6679292135389,11.796512993683672,15.867436046673733,11.740035469373634,12.373229768714022,262.86456562645,0.0,False
320,320000,0.02381344307270233,0.0034567901234567903,0.012436169748534264,0.0345679012345679,0.011761708798745836,0.01437699680511182,0.001597444089456869,0.007001658508696345,0.01597444089456869,0.00516506922257721,0.019699783348808418,0.0026462395543175488,0.010067086157908542,0.026462395543175487,0.008886014944510766,18,0.025069637883008356,65679,11.734111597896945,14.026137994699317,173.1946018050101,11.676747454114622,15.278763030937558,11.681485759487686,12.31493494878444,249.9067825909307,709.4483222440939,True
321,321000,0.02229381443298969,0.0036082474226804126,0.01048782445324161,0.030927835051546393,0.007470135820651283,0.020615384615384615,0.002769230769230769,0.012208677167175486,0.027692307692307693,0.010542124542124543,0.021528751753155682,0.003225806451612903,0.011272224357909926,0.029453015427769985,0.008870411184576682,33,0.04628330995792426,65679,11.929702066690307,18.55057833914653,199.15538388023955,11.915366982112596,16.658139734809787,11.83465148008045,12.929922248647308,282.9737447317265,0.0,False
322,322000,0.019720767888307154,0.003141361256544503,0.010756766880885726,0.031413612565445025,0.009463558547328181,0.03173449612403101,0.0052325581395348845,0.016850722195521615,0.05232558139534884,0.015333148763381321,0.025413223140495864,0.004132231404958678,0.013644260859170499,0.04132231404958678,0.012244741790196335,21,0.028925619834710745,65679,12.372927450418626,14.929217322739996,182.39859745509958,11.706362579536055,15.95173711620157,11.7695037309129,12.720736956378653,261.8490826112874,0.0,False
323,323000,0.03143093465674111,0.004466501240694789,0.015246873898093751,0.04218362282878412,0.011464610658159045,0.03175591531755915,0.004109589041095891,0.016397799537025366,0.0410958904109589,0.013181126331811262,0.031585385101010104,0.0042968749999999995,0.01579386329680474,0.041666666666666664,0.012280402612433863,16,0.020833333333333332,65679,11.765429463586607,14.079882508927222,180.923254632967,11.663378455803453,15.534104801970262,11.693491071690376,12.361609004696295,258.02114993964125,0.0,False
324,324000,0.02637310606060606,0.00340909090909091,0.011404775328314187,0.03409090909090909,0.008242018398268398,0.018580060422960724,0.00392749244712991,0.01337501360901516,0.03625377643504532,0.016205102383350118,0.02259638848218643,0.0036603221083455345,0.012359605300366928,0.03513909224011713,0.01210114109089219,32,0.04685212298682284,65679,11.714966912837465,14.885124246827308,168.41190258456984,11.678887575389263,15.037626950376026,11.709569674805964,13.301452304229077,246.73953024903497,0.0,False
325,325000,0.03178191489361702,0.003989361702127659,0.01599828991801845,0.0398936170212766,0.012469393785883147,0.048706004140786754,0.006956521739130436,0.025896869504880994,0.06376811594202898,0.021955371520588914,0.039880126808004755,0.005409153952843274,0.020734780843770985,0.05131761442441054,0.01700845386698369,27,0.03744798890429958,65679,11.747187877927946,14.000733321292703,194.0399761072853,11.687687711051108,15.617717969609867,11.696042304415455,12.92747973900832,271.7168250305907,0.0,False
326,326000,0.018333333333333333,0.002,0.007504717732729657,0.02,0.004395833333333333,0.025728155339805825,0.0038834951456310687,0.012647326302993657,0.038834951456310676,0.01268685467714594,0.02155618241654913,0.0028208744710860366,0.009745995656864459,0.028208744710860368,0.008009268587547854,14,0.019746121297602257,65679,11.718949984210191,12.561661557206062,171.28515341709172,11.671392578252448,15.269513804816448,11.69809483086981,13.553272325578236,247.75803849802492,0.0,False
327,327000,0.025746781652293466,0.003937007874015748,0.013241120015933699,0.03937007874015748,0.012171395242261383,0.035257760921477733,0.005604719764011799,0.018655596872027495,0.05014749262536873,0.016475862714800765,0.03022486772486772,0.004722222222222222,0.015790436202344528,0.044444444444444446,0.014198082010582012,26,0.03611111111111111,65679,11.79454663007007,15.710103346902592,182.56722573063712,11.687727158704586,15.493406146524503,11.742042695064846,13.03504864932914,262.03010035723287,0.0,False
328,328000,0.02592116538131962,0.0033419023136246786,0.011418669905161953,0.033419023136246784,0.008950503937650468,0.028171323625869077,0.004683195592286502,0.020847946598730394,0.04132231404958678,0.021830862739953646,0.027007345491388047,0.00398936170212766,0.015970302138892466,0.03723404255319149,0.015168017561634583,30,0.0398936170212766,65679,11.847689920616023,15.735153883297826,191.48089841618255,11.743120942597773,15.55384805196347,11.715574737752865,12.727983341592752,270.8042692940033,0.0,False
329,329000,0.040482472672446285,0.0060686015831134575,0.018594194384950944,0.055408970976253295,0.014649034635842021,0.026608187134502925,0.0035087719298245615,0.013885436557084345,0.03508771929824561,0.011907082521117609,0.03390132752129978,0.004854368932038835,0.016360636580331836,0.04576976421636616,0.01334841379917663,26,0.036061026352288486,65679,11.765072879171834,14.713594144802332,189.10875175483233,11.660895836748676,15.250812226377807,11.688189818281902,12.752776280738898,266.9400929409538,0.0,False
330,330000,0.027916666666666666,0.0032500000000000007,0.013141102379530797,0.0325,0.009343253968253968,0.026455026455026457,0.004204204204204204,0.015423026534198277,0.03903903903903904,0.014339339339339341,0.027252647307217565,0.003683492496589359,0.014177774608049582,0.03547066848567531,0.011612962602048551,21,0.0286493860845839,65679,11.733675817748868,13.857267364317249,168.4188584695906,11.659846678571672,15.140956496587087,11.674457084706603,12.339901174829304,244.82496308635137,0.0,False
331,331000,0.013526570048309178,0.002318840579710145,0.008202073340635132,0.02318840579710145,0.008240165631469978,0.029974623078071357,0.005956112852664577,0.016847341924335,0.047021943573667714,0.018128327611086233,0.02142857142857143,0.0040662650602409645,0.012355447855996966,0.03463855421686747,0.012990653088544656,29,0.043674698795180725,65679,11.72729604108358,13.987824404676497,166.64346492233085,11.665648135858465,14.89602286734726,11.687365411308658,13.064796294939839,243.67241807754516,0.0,False
332,332000,0.0160075329566855,0.0025423728813559325,0.009655526152295748,0.022598870056497175,0.009945296385974352,0.021765633964429144,0.00391566265060241,0.012074395181269622,0.0391566265060241,0.012829890992541594,0.018794252394835485,0.003206997084548105,0.010826174137163571,0.030612244897959183,0.011341339256791151,21,0.030612244897959183,65679,11.722855504381346,13.5878789116195,175.87853552263056,11.871601260052266,15.890689559969196,11.80217269015904,12.626967339529616,253.38070078834153,0.0,False
333,333000,0.020810055865921787,0.0030726256983240226,0.012615682826833776,0.030726256983240222,0.012461204220980758,0.013824662813102118,0.002601156069364162,0.008461218836419884,0.02601156069364162,0.007939948619139369,0.017376893939393942,0.002840909090909091,0.010573858195181494,0.028409090909090908,0.010239109848484848,20,0.028409090909090908,65679,11.941833311435168,14.2952537946911,188.5262193792314,11.724142803495873,15.254424224467321,11.695742562156664,12.402048110718432,265.839664186196,0.0,False
334,334000,0.010743321718931475,0.002168021680216802,0.005968342186335277,0.018970189701897018,0.007678410117434508,0.02265650606358571,0.004424778761061947,0.01324485850908577,0.04129793510324484,0.01343002294329728,0.0164475159178549,0.0032485875706214687,0.009452436866296317,0.029661016949152543,0.010432360326428122,30,0.0423728813559322,65679,11.72389134121432,14.81183751171622,182.2300711936814,11.845737535431944,15.23218687345118,11.702634281740565,12.532910437845768,260.0792691750814,0.0,False
335,335000,0.03020338570210693,0.004347826086956522,0.021000605099295123,0.043478260869565216,0.021447854504120487,0.02613412228796844,0.0038461538461538464,0.013389237593144003,0.03550295857988166,0.011763877148492531,0.028316676464824612,0.00411522633744856,0.0174716034297765,0.039780521262002745,0.01695788969451521,20,0.027434842249657063,65679,11.73243573025784,13.685278260011646,177.96824024617075,11.659120670026724,15.32893125537338,11.67775798378845,12.635261795762576,254.68702594139134,0.0,False
336,336000,0.03270440251572328,0.005121293800539084,0.017013138442164844,0.04582210242587601,0.016358618919265818,0.015105740181268883,0.002416918429003021,0.009772174288490051,0.021148036253776436,0.011945523425885963,0.02440645773979107,0.0038461538461538464,0.013598951640360915,0.03418803418803419,0.014277800388911499,17,0.024216524216524215,65679,11.7401937865802,13.748365840213218,177.76876890680805,11.706223028873364,15.38633099600062,11.712785900355737,12.45168176255973,254.5143502213909,648.2940982760615,True
337,337000,0.03400997150997151,0.004166666666666667,0.017885259975940718,0.041666666666666664,0.013992504409171075,0.017598343685300204,0.003726708074534162,0.012843990719715412,0.034161490683229816,0.014294340924775708,0.026261373035566582,0.003958944281524927,0.015505071265523496,0.03812316715542522,0.014135013731787924,17,0.024926686217008796,65679,11.798541081922686,15.729240889161833,182.86832971034505,11.71318975876079,15.23322463968524,11.741536350307058,12.433996775293444,261.5180592054761,0.0,False
338,338000,0.028285465622280244,0.003394255874673629,0.015826843842310014,0.033942558746736295,0.01244871316672883,0.03004694835680751,0.0050704225352112674,0.017244499329471794,0.04788732394366197,0.018355689693717862,0.029132791327913278,0.004200542005420054,0.01650877839236751,0.04065040650406504,0.015290144964941712,22,0.02981029810298103,65679,11.75961062498121,14.609251180061623,186.17293185246854,11.716532975908356,16.492082836869205,11.721010958837264,12.030008765262501,264.5014291943887,0.0,False
339,339000,0.017170329670329672,0.002472527472527473,0.010959797121914753,0.024725274725274724,0.012828144078144078,0.02986111111111111,0.004761904761904762,0.016596962866689102,0.03869047619047619,0.012902730536659109,0.023261904761904758,0.0035714285714285713,0.013665636679406441,0.03142857142857143,0.012863945578231293,14,0.02,65679,11.779284475557649,13.930357348410084,184.45078037172823,11.710046717072764,15.24590208157317,11.766950683417265,12.503798355725792,261.38712003348496,0.0,False
340,340000,0.027191894127377995,0.00347394540942928,0.014764600422063932,0.034739454094292806,0.013388672259640001,0.028771566597653554,0.00463768115942029,0.014498014071673036,0.0463768115942029,0.014483551874856223,0.027920486376368726,0.004010695187165776,0.014641642813929092,0.040106951871657755,0.013893663526016469,21,0.02807486631016043,65679,11.768861548563937,13.911166384120154,170.4968518445038,11.676742119479112,15.847652244993515,11.69431355187156,12.458484859895202,247.8540725534273,0.0,False
341,341000,0.029649595687331536,0.003504043126684637,0.014216386826346673,0.03504043126684636,0.010620160013691012,0.04651615414558193,0.006267029972752044,0.025945397120220634,0.05994550408719346,0.02198326196963799,0.038037166085946574,0.004878048780487806,0.0200491060375279,0.04742547425474255,0.01627091667742074,26,0.03523035230352303,65679,11.714737895726635,14.665901822100146,201.16423464575095,11.963170937240308,16.419841198475616,12.044877407774157,13.420829764798636,281.3935936718664,0.0,False
342,342000,0.024958333333333336,0.0034999999999999996,0.010971741005873458,0.0325,0.007683531746031746,0.03404255319148936,0.005167173252279636,0.020292778745116917,0.0486322188449848,0.019790611279972982,0.029058070416095108,0.004252400548696846,0.01517835474553203,0.039780521262002745,0.013147494937618394,24,0.03292181069958848,65679,12.26108826642147,14.1293617993421,194.30351582779005,12.3797094125494,17.54415489509109,12.060094101748465,12.845528919600003,275.52345322254257,0.0,False
343,343000,0.021714285714285714,0.003466666666666667,0.010868032997080737,0.034666666666666665,0.010599999999999998,0.03128930817610063,0.005345911949685535,0.021961068064726356,0.05345911949685535,0.02671084156933214,0.026108018965161822,0.00432900432900433,0.015958343461022016,0.04329004329004329,0.01799285370713942,22,0.031746031746031744,65679,11.719297297041464,14.165334195861966,174.28238838412824,11.667128344952648,15.12993135575902,11.676253766995659,12.486444310372269,251.12677765511128,0.0,False
344,344000,0.01062925170068027,0.0015306122448979593,0.006184540410242822,0.015306122448979591,0.006214569160997732,0.027380952380952377,0.0064516129032258064,0.015530864667091622,0.04838709677419355,0.015075524833589348,0.01802672636005969,0.003703703703703704,0.010311834597740155,0.029914529914529916,0.01012752679419346,28,0.039886039886039885,65679,11.719293997375368,14.84124590600544,170.9200479657197,11.669133546429734,15.085510432652494,11.745229739998365,13.41534215525131,249.3958037434324,0.0,False
345,345000,0.018421052631578946,0.001842105263157895,0.00950781230462252,0.018421052631578946,0.007009189640768589,0.02463768115942029,0.002608695652173913,0.013658110798424624,0.02608695652173913,0.011578099838969406,0.021379310344827585,0.0022068965517241376,0.01148278193270766,0.022068965517241378,0.00918336070060208,30,0.041379310344827586,65679,11.74169714356077,17.045371359047934,180.4644694146651,11.777255915168539,16.085484339761756,12.065611151898526,12.135789794198715,261.3156791183014,0.0,False
346,346000,0.02773471145564169,0.004651162790697674,0.017431439996804986,0.041343669250646,0.0199038185472294,0.04026308054085832,0.005864197530864198,0.020998080519160484,0.05246913580246913,0.018658142269253383,0.033443841671689775,0.005203938115330521,0.01905674453863787,0.046413502109704644,0.019336168597771975,18,0.02531645569620253,65679,11.779190122046534,13.715312604606344,182.95452222635845,11.778402314338576,15.586192519734254,11.709583797508971,12.591931145583546,260.1151347301767,0.0,False
347,347000,0.027555555555555552,0.0037333333333333333,0.014398338363445652,0.034666666666666665,0.011453968253968253,0.02629808985741189,0.00423728813559322,0.014708802633164004,0.0423728813559322,0.014990807999282577,0.02694493435234176,0.003978052126200275,0.014549098790716293,0.038408779149519894,0.013171445990376033,27,0.037037037037037035,65679,11.719356460285212,15.402337884787286,186.55177856718996,11.665220368994866,15.070855703083751,11.668381510940296,12.172448977026962,264.25037947230834,0.0,False
348,348000,0.028043660789252727,0.003778337531486147,0.015327104460639472,0.03526448362720403,0.01309823677581864,0.0172660157180281,0.002476780185758514,0.010061838597597067,0.02476780185758514,0.010899798515897587,0.02320868945868946,0.0031944444444444446,0.012965047691524616,0.030555555555555555,0.01211199294532628,23,0.03194444444444444,65679,11.765649278822066,13.990860350601707,166.81894472872494,11.669276297074372,15.57594004898688,11.682068501592259,12.818413694243302,244.3211529000455,0.0,False
349,349000,0.015172449887475795,0.0028497409326424875,0.007774179750344134,0.02849740932642487,0.008058845299777942,0.031994047619047616,0.004605263157894737,0.022840647720862247,0.04276315789473684,0.0231359649122807,0.02258370454022628,0.0036231884057971015,0.014412159841702838,0.034782608695652174,0.01470151828847481,14,0.020289855072463767,65679,11.760461181800629,13.408584138271952,174.0775298789271,11.714849877539347,15.145020874449134,11.691162641672136,12.271208717190563,250.06881730985083,0.0,False
350,350000,0.020053475935828877,0.00267379679144385,0.010730894538551233,0.026737967914438502,0.009558823529411765,0.014780835881753312,0.0021406727828746177,0.005632109861921864,0.021406727828746176,0.003575069171399446,0.01759391345696624,0.0024251069900142657,0.008352431501093594,0.024251069900142655,0.006767542965831125,26,0.037089871611982884,65679,11.738551151455056,14.270253798534526,180.84539888271743,11.784322081195842,15.073883353117212,11.67287990959387,13.055291406868786,258.44058058348276,0.0,False
351,351000,0.026170798898071626,0.0035812672176308543,0.01697261916412651,0.03581267217630854,0.01770737679828589,0.024680432645034417,0.004424778761061947,0.0114593256250939,0.04424778761061947,0.010901577936976166,0.025451092117758783,0.003988603988603988,0.014310216728610761,0.039886039886039885,0.0144208158097047,24,0.03418803418803419,65679,11.780740587025162,14.021415355350285,170.71942474559953,11.67686604175433,14.935197821808188,11.713304549659798,12.156370399168948,247.00331950036622,0.0,False
352,352000,0.03728070175438596,0.004473684210526316,0.018574836130852267,0.04473684210526316,0.013851294903926482,0.015683520599250936,0.0025280898876404497,0.010673178768960035,0.025280898876404494,0.010404405207775995,0.026834239130434784,0.0035326086956521748,0.014752838819937003,0.035326086956521736,0.012184049344375433,22,0.029891304347826088,65679,11.715851980870218,13.8191918093028,165.9803747312144,11.696933417223999,20.429480812614308,11.761224835551975,12.88236523291908,248.28542281969678,711.8714769500517,True
353,353000,0.0311026936026936,0.005050505050505051,0.013578614726534419,0.045454545454545456,0.010240299823633158,0.03414195867026056,0.004043126684636119,0.01937638430399386,0.04043126684636118,0.016651692123390235,0.032572794437201215,0.0045632333767926985,0.01638301174509694,0.04302477183833116,0.013341507833033256,31,0.04041720990873533,65679,11.772814412391863,14.563512381438048,169.02176011041047,11.66376612832254,15.385161500652833,11.689000589426568,12.961287411988875,247.05730253463122,0.0,False
354,354000,0.023107177974434612,0.0026548672566371685,0.011512973738784413,0.02654867256637168,0.008610759938193565,0.0396547619047619,0.006,0.021189828028914393,0.06,0.020043083900226757,0.03151306240928882,0.0043541364296081275,0.016428647180795286,0.04354136429608128,0.014418181399313473,28,0.040638606676342524,65679,11.774891622115536,13.838880922226181,166.88704742093273,11.670970318469752,14.989479450167043,11.676521373016335,12.917041219195902,243.75483232612348,0.0,False
355,355000,0.02406392694063927,0.0030136986301369864,0.01197647939894835,0.030136986301369864,0.008922591867797347,0.029585798816568046,0.004142011834319527,0.013072737511961087,0.038461538461538464,0.009163379355687047,0.026718824087245137,0.0035561877667140826,0.012503556557125171,0.034139402560455195,0.009038361669940617,19,0.02702702702702703,65679,11.711166605921086,13.373693952115072,177.416312863915,11.735834261339395,15.163659037600862,11.688596896666791,12.056416951497507,253.1456805690557,0.0,False
356,356000,0.023589743589743587,0.0033333333333333335,0.012744496009784625,0.03333333333333333,0.012893772893772894,0.03752495009980039,0.0053892215568862286,0.02183092724182084,0.05389221556886228,0.01983414124132687,0.03001841620626151,0.0042817679558011055,0.016936302683127298,0.04281767955801105,0.01609554503200912,23,0.031767955801104975,65679,11.752461503852786,14.414727224743018,172.80086599637258,11.683829447828309,15.670864698294483,11.67909341216744,12.338209763096408,250.34005204635505,0.0,False
357,357000,0.025647668393782384,0.0036269430051813476,0.012006919380677166,0.03367875647668394,0.009628670120898101,0.02517851457679538,0.0040114613180515755,0.012656636784586619,0.03724928366762178,0.010942829854004639,0.025424900118777672,0.00380952380952381,0.012315424651377029,0.03537414965986395,0.010252672497570458,25,0.034013605442176874,65679,11.697345746283784,14.361219452294073,165.80267961013863,11.863608507869937,16.235112937787456,11.72430727677809,12.205547765528625,243.8898212966806,0.0,False
358,358000,0.021216216216216215,0.002702702702702703,0.011219502720950215,0.02702702702702703,0.0087012012012012,0.03344298245614035,0.005487804878048781,0.019259206715773042,0.04878048780487805,0.0199598335269067,0.026961745337555926,0.004011461318051576,0.014997472506483004,0.03724928366762178,0.013991790603538456,28,0.04011461318051576,65679,11.794227120151547,15.225369548066414,177.12908441995523,11.855210333061583,15.224798704013832,11.726355565996883,12.83831340860575,255.79335909985127,0.0,False
359,359000,0.021533161068044787,0.0028423772609819124,0.010358822479453352,0.028423772609819122,0.007812435913211107,0.029792746113989636,0.0036269430051813468,0.01736414823071532,0.03626943005181347,0.014330948268772103,0.02565761103924105,0.003234152652005175,0.013856954096513014,0.03234152652005175,0.011067475718187232,19,0.02457956015523933,65679,11.804766208281524,13.348279019262389,178.32315539606515,11.69039155397844,16.345463936279224,11.68649331240168,12.571805177497009,255.7703546037654,0.0,False
360,360000,0.012267343485617598,0.0017766497461928932,0.009533297630371994,0.015228426395939087,0.010575296108291032,0.017708333333333333,0.002678571428571428,0.009357699595213079,0.026785714285714284,0.009193121693121692,0.014771689497716897,0.002191780821917808,0.009452474425148166,0.02054794520547945,0.009939117199391173,16,0.021917808219178082,65679,11.755509368979734,13.553568877208711,177.4178575417451,11.750639264451745,16.523349542441057,11.736893662933623,12.671120861201812,255.40893911896177,0.0,False
361,361000,0.02512562814070352,0.002763819095477387,0.014535396206558169,0.02763819095477387,0.011567759432081041,0.022890946502057613,0.0037037037037037043,0.011066697992955989,0.037037037037037035,0.010090877914951989,0.024122807017543855,0.0031855955678670358,0.012978805872476306,0.03185595567867036,0.01090500373741371,19,0.02631578947368421,65679,11.742861048436026,14.412771911970212,178.40712713608485,11.847034394329992,15.345787776413488,11.931169157500253,13.001096437509352,256.6878478622442,0.0,False
362,362000,0.011208576998050682,0.0014619883040935672,0.009197131875308441,0.014619883040935672,0.009259259259259259,0.03701137171286425,0.0053731343283582094,0.018096597936378207,0.05373134328358209,0.015185974887467424,0.023976577336990927,0.0033973412112259967,0.013600855849397615,0.033973412112259974,0.012191976741459753,29,0.04283604135893648,65679,11.817218669704644,15.18313001720728,181.39983533137226,11.751107322502396,15.875022338060486,11.880606386127646,12.718272576331401,260.62519264130617,0.0,False
363,363000,0.02653471026965003,0.003313253012048193,0.015301894603225575,0.03313253012048193,0.014131526104417669,0.022473781179138324,0.0038690476190476183,0.011578558980662092,0.03869047619047619,0.011113473167044596,0.024492087254063304,0.0035928143712574854,0.013429079080499035,0.03592814371257485,0.01261346354909229,17,0.025449101796407185,65679,11.786664707372218,14.102758782497116,190.39813483034962,11.730813534893691,16.139570455139808,12.321128560033312,13.312784702720904,269.7918555730066,0.0,False
364,364000,0.024561403508771926,0.002631578947368421,0.010072087322403047,0.02631578947368421,0.005868838763575606,0.0320489844683393,0.004838709677419356,0.019012643556679264,0.04838709677419355,0.01831583888035501,0.028265366430260043,0.003723404255319149,0.014494809289358835,0.03723404255319149,0.01202613137453563,26,0.034574468085106384,65679,11.862784492652768,17.180348648379585,175.7004758843328,11.766309112440364,15.544877922268885,11.725457270156392,12.60791698803887,256.38817031826966,0.0,False
365,365000,0.023676880222841225,0.0030640668523676884,0.013729469126039734,0.03064066852367688,0.012754786222752798,0.021064814814814817,0.002777777777777778,0.012274342474575999,0.027777777777777776,0.011087962962962963,0.02236903106165971,0.0029207232267037552,0.013000893890258169,0.02920723226703755,0.011920215466807955,24,0.03337969401947149,65679,11.93792230483326,14.129804017687375,177.63716638370676,11.702058007295735,15.557316298459023,11.74612836471467,13.735825074398523,256.44622045109537,0.0,False
366,366000,0.03453723279304675,0.0054263565891472885,0.020893724833791552,0.04909560723514212,0.021303474016652307,0.02954931972789115,0.004761904761904762,0.01859626372732039,0.044642857142857144,0.02009755291005291,0.03221919850550555,0.005117565698478562,0.019826025066468855,0.04702627939142462,0.020743045950514828,13,0.017980636237897647,65679,11.959848694842456,13.958174672326628,181.04122949434696,11.667586638008931,15.437237654333803,11.68892371145036,12.364020122210274,258.1170209875195,0.0,False
367,367000,0.022100122100122098,0.0038461538461538464,0.0096481916073361,0.038461538461538464,0.00862128612128612,0.025049603174603172,0.004761904761904762,0.016123723585066904,0.047619047619047616,0.018385062358276645,0.02346517119244392,0.004269972451790634,0.012645132026781762,0.04269972451790634,0.01314005859460405,17,0.023415977961432508,65679,11.750162898976901,13.060782583437792,175.13023258614035,11.696733624111388,15.287881299397288,11.69576509205128,12.553152170968751,251.17471025508377,0.0,False
368,368000,0.02269681742043551,0.003517587939698492,0.011042932234893006,0.032663316582914576,0.009770080561537848,0.028585271317829453,0.0037790697674418613,0.015405137670437646,0.0377906976744186,0.01268918420081211,0.025426774483378257,0.003638814016172507,0.013065302409862489,0.03504043126684636,0.011123411628802463,14,0.018867924528301886,65679,11.824978079055803,13.583287526972022,191.14678969747723,11.71306034054853,15.518529331709496,11.696968303817613,11.98084882476913,267.4644621043498,656.0849041005456,True
369,369000,0.019357406262168166,0.0029100529100529104,0.009733422955766916,0.0291005291005291,0.008980011757789537,0.028342749529190202,0.004802259887005649,0.013763281759564903,0.0480225988700565,0.014319343556631692,0.023702777186383743,0.0038251366120218575,0.011682289098587255,0.03825136612021858,0.0115621476277214,16,0.02185792349726776,65679,11.731697696665266,13.302118119729034,189.81929461539536,12.827429379302924,15.514724352377884,11.809564305270692,12.830977961092449,267.8358064298336,0.0,False
370,370000,0.018292682926829267,0.002168021680216802,0.008215172404502171,0.02168021680216802,0.005792145223039532,0.05061205273069679,0.006497175141242938,0.027634514121983585,0.062146892655367235,0.023507981346964395,0.03411710465652374,0.004287690179806362,0.017723397809742036,0.04149377593360996,0.014466289051351292,22,0.030428769017980636,65679,11.879770520265009,13.71587041093525,199.38283895747088,12.294654540279115,15.330357618636992,11.714183154057366,13.42089029252036,277.73856549416496,0.0,False
371,371000,0.019959128065395095,0.002452316076294278,0.010675211315609525,0.02452316076294278,0.008544180615025302,0.03648558014755198,0.0050704225352112674,0.01870396264468981,0.04788732394366197,0.01526939414263358,0.028085015169502705,0.003739612188365651,0.014622866054977255,0.036011080332409975,0.011850899177768985,27,0.037396121883656507,65679,11.759075776496264,16.490818435313525,210.70494330077682,11.721313578155756,16.366241900142576,11.7423147600465,13.070685130484039,291.85539288141547,0.0,False
372,372000,0.027131782945736434,0.0031007751937984496,0.014228946479172807,0.031007751937984496,0.011053689348262992,0.022760068214613672,0.0035812672176308543,0.011925952741683702,0.030303030303030304,0.010137085137085137,0.025015873015873016,0.0033333333333333335,0.013114297510228079,0.030666666666666665,0.01061005291005291,30,0.04,65679,11.817341430131467,17.60086035021424,191.40930057999495,11.688154996650212,15.431242279609346,11.694001938664101,12.58672952203499,272.2276310972993,0.0,False
373,373000,0.02654867256637168,0.002654867256637168,0.01076990930095628,0.02654867256637168,0.006030809570632579,0.005952380952380952,0.001288659793814433,0.0030965026752016057,0.01288659793814433,0.003203240058910162,0.015556428898932339,0.0019257221458046766,0.00667461112930179,0.01925722145804677,0.004521735333289666,26,0.03576341127922971,65679,11.742435362629976,14.576774176627838,183.9829290767314,11.868541916579268,15.75624928217001,11.724947119692853,12.572984571690426,262.2248615061218,0.0,False
374,374000,0.02631578947368421,0.0029239766081871343,0.013492439047253484,0.029239766081871343,0.009722222222222222,0.02220258706059923,0.004885057471264369,0.01510535357540755,0.04597701149425287,0.0178639846743295,0.024241304778389174,0.00391304347826087,0.014305908983192056,0.03768115942028986,0.01382850241545894,22,0.03188405797101449,65679,11.795082859658578,14.248258107016355,185.40473104657062,11.797667793786438,15.363864221504265,11.715580726462393,12.670411995735487,262.99559675073414,0.0,False
375,375000,0.02637310606060606,0.003693181818181819,0.01274413857473851,0.036931818181818184,0.010309568903318904,0.028703703703703707,0.004057971014492754,0.015213877014313393,0.04057971014492753,0.012254428341384863,0.02752670173760561,0.0038737446197991392,0.013966605951572562,0.03873744619799139,0.011272232470223862,22,0.03156384505021521,65679,11.726099198999806,13.30725364884211,178.9807965459217,11.699041734133942,15.48881512430933,11.705097033382073,13.268143354658314,256.1752466402472,0.0,False
376,376000,0.027777777777777776,0.003703703703703704,0.013362827676512288,0.037037037037037035,0.010294364659444026,0.01226350081443428,0.003170028818443804,0.008234076113518509,0.025936599423631124,0.011015049631764329,0.02035232383808096,0.0034482758620689655,0.010908101066362162,0.031724137931034485,0.010639299397920087,23,0.031724137931034485,65679,11.784405893056071,15.004112970465332,182.30894702549182,11.750115547506933,15.372532291335617,11.69447687868197,12.715665259815934,260.6302558663537,0.0,False
377,377000,0.033018296377075006,0.004071246819338422,0.01981736328112819,0.03816793893129771,0.017966194111232278,0.02153954802259887,0.002824858757062147,0.009139563916689304,0.02824858757062147,0.0058526141153259804,0.02757856824121884,0.0034805890227576977,0.01475720133332181,0.03346720214190094,0.012225622064979496,19,0.025435073627844713,65679,11.812343217940114,13.865955562700204,186.53690489105202,11.821682177420856,15.558683822511355,11.690017466522985,12.576090518814919,263.86167765696246,0.0,False
378,378000,0.01475225225225225,0.002162162162162162,0.0062191362547174955,0.021621621621621623,0.004473401973401973,0.032806513409961685,0.004597701149425287,0.018614705764682184,0.04597701149425287,0.01734742747673782,0.023502785515320333,0.0033426183844011146,0.012227016741441327,0.033426183844011144,0.010713180351063358,16,0.022284122562674095,65679,11.735954536476466,13.590095326226903,176.0170588161608,11.687731558684966,15.176069718930707,11.673287097738182,12.233951304452262,252.1141483586703,0.0,False
379,379000,0.03729423868312757,0.004629629629629629,0.019683366273921983,0.046296296296296294,0.017853468547912994,0.038414400612792034,0.005630026809651475,0.02726429093418848,0.05093833780160858,0.029612962253712925,0.03789369406299105,0.005164992826398853,0.02374030300029129,0.04878048780487805,0.024146569196784404,18,0.02582496413199426,65679,11.7247065885423,12.620452291375873,168.91648241196268,11.721236735387496,15.256814691749776,11.8205071750338,12.972704851094141,245.03290474514606,0.0,False
380,380000,0.026838586437440307,0.004011461318051576,0.01757627570302777,0.04011461318051576,0.020877109200891437,0.022164502164502164,0.003714285714285715,0.012487323370393376,0.037142857142857144,0.012578231292517006,0.02449820089305068,0.003862660944206009,0.015028159370521278,0.03862660944206009,0.016721733996412108,14,0.020028612303290415,65679,11.738345916556536,13.538980940960844,181.67205175129152,11.69276715991263,15.364961633568264,11.873353560731825,12.272509599522973,258.15297056254457,0.0,False
381,381000,0.0234984984984985,0.0029729729729729734,0.014021633085076972,0.02972972972972973,0.012694122694122692,0.029299763383614317,0.005279503105590062,0.022397141647639562,0.052795031055900624,0.030757665384994574,0.026197931002844295,0.004046242774566474,0.017918907300604654,0.04046242774566474,0.021099412790164238,14,0.02023121387283237,65679,11.777567811926959,13.335309648920823,181.20818400226003,11.704177649757286,15.652450449807343,11.889590780980729,12.785314075697274,258.35259441935045,0.0,False
382,382000,0.020456609693666913,0.003269754768392371,0.013982381276256674,0.02997275204359673,0.015224255006271354,0.028963414634146343,0.0036585365853658543,0.012561110813098866,0.036585365853658534,0.009068912117692606,0.02447133202528886,0.003453237410071943,0.013311623417385078,0.033093525179856115,0.012319287427201096,12,0.017266187050359712,65679,11.84050276252513,12.949909162507378,181.59833908742985,11.816084372659464,15.494394842566205,11.702374909161595,12.022838437569794,257.42444357441946,0.0,False
383,383000,0.015610651974288335,0.002203856749311295,0.009520177904127394,0.02203856749311295,0.009228650137741047,0.025249500998003993,0.0035928143712574854,0.010941669056203704,0.03293413173652695,0.010494487216044103,0.020229555236728838,0.0028694404591104736,0.010201351569541292,0.027259684361549498,0.009835234906970918,26,0.03730272596843615,65679,11.75677167594702,14.584407698983725,176.90820168389521,11.695234603828485,15.166293414831111,11.79052546447512,13.100509063251886,255.00194360521255,0.0,False
384,384000,0.027433247200689063,0.003875968992248062,0.01635580056898128,0.03617571059431524,0.015011689430294082,0.04227405247813411,0.0052478134110787176,0.01852521452606763,0.04956268221574344,0.01302582257392753,0.034406392694063925,0.00452054794520548,0.017375127948817744,0.04246575342465753,0.014078604044357469,17,0.023287671232876714,65679,11.831267838727232,14.47662962379692,196.4177632936548,11.75170750153387,15.41084684843208,11.690075713860493,12.207197907565526,273.78548872757085,684.5035113106635,True
385,385000,0.010684931506849314,0.0019178082191780822,0.00519092410263587,0.01643835616438356,0.004181343770384866,0.03480378317334839,0.006211180124223602,0.019063247014372824,0.055900621118012424,0.020509218180025632,0.021989546116183672,0.003930131004366812,0.011692944448457266,0.034934497816593885,0.01183429218363716,16,0.023289665211062592,65679,11.822170576492042,13.619892672886436,173.81867039595323,11.664438929595565,15.09229454833838,11.703193056017414,12.115715508909108,249.8363756881922,0.0,False
386,386000,0.021057347670250894,0.0029569892473118283,0.014937791222773077,0.026881720430107527,0.01515083632019116,0.03516377649325626,0.004624277456647399,0.021255600080474814,0.046242774566473986,0.018998302596568494,0.027855153203342618,0.0037604456824512538,0.01798230635475748,0.036211699164345405,0.017004907812707255,17,0.023676880222841225,65679,11.70274993962661,13.175259627490332,182.78731708201713,11.665314691725047,15.143565973221861,11.713972100035885,12.771563256061548,258.9597426701784,0.0,False
387,387000,0.028864059590316574,0.00335195530726257,0.01275651268310166,0.0335195530726257,0.008301188259288817,0.03700906344410876,0.007250755287009064,0.019926562586180974,0.0634441087613293,0.02098019469620678,0.03277697145621674,0.005224963715529754,0.016201050444958343,0.047895500725689405,0.014392263920565807,21,0.030478955007256895,65679,11.785925675564247,14.835361012169312,180.5544212628296,11.711870160482917,14.936649909536026,11.707264375951375,12.607900634342695,258.1393930308762,0.0,False
388,388000,0.03359173126614987,0.0041343669250646,0.01593877468880163,0.03617571059431524,0.011006521471637751,0.02873239436619718,0.003943661971830986,0.013972815560906094,0.03943661971830986,0.012166331321260899,0.031266846361185985,0.004043126684636119,0.014998187774511987,0.03773584905660377,0.011561417019638046,20,0.026954177897574125,65679,11.852680288138018,13.252189735649122,190.84599471808073,11.785969860872436,15.431271966459548,11.769865225969012,12.813452687873706,267.75142448304257,0.0,False
389,389000,0.022416091118381196,0.0033078880407124683,0.011746996334443633,0.03307888040712468,0.011103033240437822,0.027559523809523805,0.004,0.013746262819369786,0.037142857142857144,0.011780045351473922,0.02483897327437032,0.0036339165545087484,0.012688777316575736,0.034993270524899055,0.011421948770535583,14,0.018842530282637954,65679,11.975536422903499,13.013866630828819,176.78312211008574,11.667991264133203,15.151114324832292,11.694691965838388,12.369990698063438,252.65631341668538,0.0,False
390,390000,0.022028262676641725,0.002743142144638404,0.011019701889454794,0.02743142144638404,0.009444642362348097,0.01738712776176753,0.003170028818443804,0.011907908069536698,0.03170028818443804,0.012664105027217418,0.019875222816399286,0.0029411764705882357,0.011431744061230757,0.029411764705882353,0.010938163144045497,17,0.022727272727272728,65679,11.766983173150392,13.802729042597385,186.3639526227534,11.657769471512536,15.747483041991806,11.768635155520734,12.450282699846827,263.5578352073731,0.0,False
391,391000,0.01770293609671848,0.0023316062176165805,0.009628508803770962,0.023316062176165803,0.007609589604408258,0.01892890120036934,0.0038781163434903052,0.010083756094331297,0.038781163434903045,0.011064943059402893,0.018295403837572513,0.0030789825970548865,0.009848514522502263,0.030789825970548863,0.009279445825630565,20,0.02677376171352075,65679,11.814146849725704,13.918691468634004,175.8734696364478,11.779855411925277,15.597825542057464,11.896385974236034,12.486538079198306,253.3669129622246,0.0,False
392,392000,0.030061892130857644,0.0034482758620689663,0.013293773900517305,0.034482758620689655,0.008640688813102605,0.023182247403210576,0.00339943342776204,0.0140514320617702,0.0339943342776204,0.015472818022393094,0.026735159817351598,0.003424657534246576,0.013660148326438224,0.03424657534246575,0.011944444444444445,25,0.03424657534246575,65679,11.932363929503808,13.478877042102933,180.9831683992208,11.710387016986012,15.682530833310837,11.712252606307928,12.520256727752145,258.01983655518444,0.0,False
393,393000,0.020440251572327043,0.0026954177897574125,0.012051339802134532,0.026954177897574125,0.010751722072476788,0.025855078873654725,0.004953560371517028,0.014040603182005493,0.04953560371517028,0.015918472652218785,0.02296040894744065,0.003746397694524496,0.01297717852216093,0.037463976945244955,0.013156420108869677,15,0.021613832853025938,65679,11.76137969290114,12.920487966389116,169.24964753077532,11.663864009456294,14.938198920719238,11.69043464722963,12.447544261093292,244.67155702856402,0.0,False
394,394000,0.01707566462167689,0.00245398773006135,0.010356032926555828,0.024539877300613498,0.011459246275197194,0.035318559556786706,0.00443213296398892,0.016953601314533377,0.0443213296398892,0.012576397133183837,0.02666181465308103,0.003493449781659389,0.01382287745066048,0.034934497816593885,0.012046278967676348,12,0.017467248908296942,65679,11.721794228342075,13.32388037204868,184.00370834834035,11.668322477828564,15.002242520614772,11.686818916542553,12.808538882205788,260.21530574592276,0.0,False
395,395000,0.022249355582688916,0.0037037037037037043,0.011495055613670506,0.037037037037037035,0.012831818387373944,0.024744897959183672,0.0035714285714285713,0.011193407174350304,0.03316326530612245,0.009959102688694526,0.02356598090110876,0.003633916554508748,0.011335908657797664,0.034993270524899055,0.011316199876092205,20,0.026917900403768506,65679,11.750767996226985,14.76742939436615,185.87194120732454,11.948132378980514,16.111394041826156,11.81759127270865,12.38545294590665,264.65270923733965,0.0,False
396,396000,0.024857142857142855,0.0037142857142857142,0.01151897937499583,0.03428571428571429,0.009400226757369614,0.02517396643471142,0.004297994269340974,0.010509697793938738,0.034383954154727794,0.007577204711875197,0.02501532801961986,0.004005722460658083,0.01101506053123485,0.034334763948497854,0.008490019756114174,22,0.031473533619456366,65679,11.840974195417854,13.673724589088888,184.74791732110697,11.710804463826996,15.290785113683537,11.803314624039828,13.591816321822936,262.65933662898703,0.0,False
397,397000,0.0208312405826218,0.0033149171270718237,0.010794022473908036,0.03314917127071823,0.011110014908357451,0.03258928571428571,0.004464285714285714,0.019493156279799882,0.044642857142857144,0.02012589758125472,0.026491273769210733,0.003868194842406877,0.014981571125454828,0.03868194842406877,0.015450038659207715,16,0.022922636103151862,65679,11.833595991439516,14.467891346431339,182.40745259283375,11.662756068259172,15.016140637882923,11.699373229159814,12.223709455000398,259.3109193210069,0.0,False
398,398000,0.020234722784297852,0.00311614730878187,0.01084357610970478,0.028328611898016998,0.00896173389091236,0.025660569105691054,0.004878048780487805,0.016683227707275136,0.04878048780487805,0.016590447154471544,0.0228480525837354,0.003964757709251102,0.013656213002513996,0.0381791483113069,0.012636062746194903,20,0.02936857562408223,65679,11.738785431439357,13.4409035760924,171.81961919042476,11.66367018888559,14.840348802877546,11.701035880690158,12.338271138612189,247.542634209022,0.0,False
399,399000,0.019078947368421053,0.0023684210526315787,0.01023124972246175,0.02368421052631579,0.007897869674185464,0.028828828828828833,0.004324324324324324,0.0149525019734256,0.043243243243243246,0.01453989703989704,0.023888888888888887,0.0033333333333333335,0.01256040083293725,0.03333333333333333,0.011174603174603176,13,0.017333333333333333,65679,11.733090244173127,13.042230428486622,170.3130231239386,11.658293231339712,15.432106171525684,11.683874723222853,11.949668443048122,245.8122863657347,0.0,False
400,400000,0.027834302325581393,0.0037790697674418604,0.012113898000688269,0.0377906976744186,0.0077657807308970095,0.02255584566289527,0.0039164490861618795,0.012827062949976216,0.03655352480417755,0.014623482116954701,0.02505349228182791,0.0038514442916093537,0.012489609383875729,0.037138927097661624,0.01137857252025065,15,0.02063273727647868,65679,11.708441714289307,13.513934952261163,180.05762969523775,11.70486916217406,15.289712097868446,11.706768660024736,12.419560099827255,256.40091638168275,655.2122663263938,True
401,401000,0.019400352733686066,0.0026455026455026454,0.009314676363865319,0.023809523809523808,0.0069958847736625515,0.027269754055468345,0.004120879120879121,0.014746010242453407,0.038461538461538464,0.01238880167451596,0.02326081375946605,0.0033692722371967657,0.011979104304304758,0.03099730458221024,0.009641466649552902,21,0.02830188679245283,65679,11.873790709646116,14.891578799566819,183.91459032493506,11.833352212095583,15.543692164790567,11.813966328960701,12.1896178366665,262.06058837666137,0.0,False
402,402000,0.037714285714285714,0.004285714285714286,0.02518778862391444,0.04285714285714286,0.022749433106575963,0.03736356003358522,0.005541561712846348,0.019318442455935333,0.05037783375314862,0.015834033025468795,0.03752788933511825,0.0049531459170013385,0.022068470780959012,0.04685408299866131,0.01907418031916024,16,0.0214190093708166,65679,11.73865092689297,13.790291162135704,180.0228137708998,11.689347066953793,15.44837653559561,11.703950361569015,12.066081871417445,256.4595116954643,0.0,False
403,403000,0.017987249544626594,0.00273224043715847,0.011068141426842499,0.0273224043715847,0.010458409228901032,0.013119533527696793,0.0026239067055393588,0.006809080761760548,0.026239067055393587,0.007915683280114766,0.015632346027268453,0.0026798307475317347,0.009007693178431907,0.02679830747531735,0.00922828934112432,15,0.021156558533145273,65679,11.829479923106124,13.042559462161929,178.34651077758278,11.686988584988512,15.288102040822427,11.701584320011893,13.405552365938767,255.30077747461243,0.0,False
404,404000,0.0349002849002849,0.004558404558404559,0.017848482920638106,0.042735042735042736,0.01522181522181522,0.04685019841269841,0.00744047619047619,0.02789675264536333,0.0744047619047619,0.027966742252456538,0.04074478408539544,0.005967976710334788,0.022762920515263543,0.05822416302765648,0.02145514197915945,17,0.024745269286754003,65679,11.723927050732996,14.703372439681118,173.21082818866353,11.677587378716714,15.598855602358409,11.718812462632734,12.612511513201973,251.24589463598747,0.0,False
405,405000,0.024906289046230736,0.004373177842565598,0.014867034443537212,0.04081632653061224,0.017042667407098894,0.03211198023878139,0.004899135446685879,0.01586877282129153,0.04610951008645533,0.014947852339783175,0.028530020703933744,0.00463768115942029,0.01537080722191511,0.043478260869565216,0.015989187945709683,16,0.02318840579710145,65679,11.736791438052286,13.042519631245586,195.16343996235642,11.728392260809684,15.557314164763024,11.753907279560272,12.735639912053731,271.718004648841,0.0,False
406,406000,0.03000923361034164,0.004155124653739612,0.015335391347844188,0.038781163434903045,0.011476058567471309,0.015574201568177473,0.003313253012048193,0.01111372525085136,0.03313253012048193,0.013771753681392235,0.023093749284225473,0.003751803751803752,0.013312890418260323,0.03607503607503607,0.012575872099681624,19,0.027417027417027416,65679,11.823653681616864,13.944139949928491,188.8890649206082,11.691990130596741,15.326130313089713,11.724604839141728,13.000024855061575,266.3996086900433,0.0,False
407,407000,0.018373764600179695,0.003773584905660377,0.007979846756045274,0.029649595687331536,0.005943824070508706,0.04011461318051576,0.005157593123209169,0.021426912061039964,0.05157593123209169,0.01940351116568882,0.028912037037037038,0.0044444444444444444,0.014497938133049646,0.04027777777777778,0.012468033509700176,21,0.029166666666666667,65679,11.755871864846391,15.526810950405867,188.2326235964904,11.696691121443337,15.24589746541849,11.717765824939551,12.338038159795396,266.51369898333945,0.0,False
408,408000,0.02202543142597638,0.0029972752043596735,0.011637628713847908,0.027247956403269755,0.01025907183945331,0.030120481927710843,0.0051204819277108436,0.016614637400194393,0.04216867469879518,0.015590935169248423,0.02587029089175012,0.004005722460658083,0.014001529835259974,0.034334763948497854,0.01279151622499262,16,0.022889842632331903,65679,11.795105941153627,13.10412615747325,185.71674838746554,11.722716976469982,15.284642959453866,11.713514604785868,12.544385689580718,261.8812407163828,0.0,False
409,409000,0.020664869721473494,0.0032345013477088954,0.011366640953987832,0.03234501347708895,0.01044046549437385,0.03620019436345967,0.0055393586005830905,0.02008973639814804,0.05539358600583091,0.020648803739182747,0.028127917833800184,0.004341736694677872,0.01555714758892754,0.04341736694677871,0.015344471121782046,18,0.025210084033613446,65679,11.768518557747631,13.40138643038391,183.58778579498357,11.666646193606024,15.177995974169356,11.708710249955235,13.079734545243248,260.390777746089,0.0,False
410,410000,0.01381578947368421,0.001842105263157895,0.006999479828029725,0.018421052631578946,0.007491645781119466,0.03205492424242424,0.0051136363636363645,0.019260620824628767,0.048295454545454544,0.018693632756132755,0.022586520947176683,0.003415300546448088,0.01289554762967298,0.03278688524590164,0.012878393616098532,15,0.020491803278688523,65679,11.79459813709094,13.637718713210845,194.4849310454716,11.707062445007189,15.604609800018432,11.739502937632707,13.419909052972411,272.3883321314041,0.0,False
411,411000,0.01815677435512146,0.0027548209366391185,0.009607649876349688,0.027548209366391185,0.007995539813721631,0.05076190476190476,0.0074285714285714285,0.030610196474920873,0.07428571428571429,0.03390249433106576,0.03416209783671214,0.005049088359046284,0.019917455359519273,0.05049088359046283,0.020712838665152833,10,0.014025245441795231,65679,11.809087757136405,13.816168412381092,196.30221025740414,11.742842203260606,15.250737521788071,11.714234217141684,12.057237960466649,272.6925183295786,0.0,False
412,412000,0.019980506822612085,0.002631578947368421,0.009356134476118824,0.02631578947368421,0.00699317738791423,0.022998137802607073,0.0036312849162011174,0.010693316330830089,0.036312849162011177,0.008185909373060211,0.021523809523809525,0.003142857142857143,0.010040007481814014,0.03142857142857143,0.007603174603174603,19,0.027142857142857142,65679,11.786157384438557,13.69975060146189,184.2554033724686,11.686170722877144,15.449933982655818,11.76966496486964,13.63339770545091,262.2804787342225,0.0,False
413,413000,0.04242819843342036,0.004960835509138382,0.02220191034854694,0.04960835509138381,0.017341166231505653,0.025698324022346366,0.002793296089385475,0.01503886791995486,0.027932960893854747,0.012534361975702757,0.03434547908232119,0.003913630229419703,0.018741223183316218,0.03913630229419703,0.015018850545166334,17,0.022941970310391364,65679,11.744277836733819,13.811367474803049,171.65681083475272,11.66861778588435,19.135181050566885,11.685747240697264,12.235078815370226,251.9370810388083,0.0,False
414,414000,0.014675925925925926,0.0025,0.007827060469427674,0.025,0.006859567901234567,0.029953703703703705,0.0044444444444444444,0.015195844957434347,0.044444444444444446,0.014895282186948853,0.022314814814814815,0.003472222222222222,0.011511452713431009,0.034722222222222224,0.01087742504409171,14,0.019444444444444445,65679,11.743161709584783,13.496770483706344,188.56771338161826,11.749601296032196,15.646722426543302,11.805818521185007,12.41571549803755,265.4255033167075,0.0,False
415,415000,0.0170299727520436,0.0029972752043596735,0.00962833726918647,0.02997275204359673,0.010402880498248347,0.02479423868312757,0.004629629629629629,0.01893553330939545,0.043209876543209874,0.023756858710562413,0.02067052580800772,0.0037626628075253256,0.013992348147663617,0.0361794500723589,0.016664369558725564,15,0.02170767004341534,65679,11.83644298753672,14.148147482420658,187.7614807945793,11.732960853522156,15.44636071705574,11.782875517368785,12.765502459877176,265.4737708123605,0.0,False
416,416000,0.01425438596491228,0.002631578947368421,0.006977131073972168,0.02631578947368421,0.005794579040193075,0.027856468366383377,0.00311614730878187,0.015412338802277253,0.031161473087818695,0.012046404964251987,0.021163069544364508,0.0028776978417266188,0.011261488380578923,0.02877697841726619,0.00896996688363595,14,0.02014388489208633,65679,11.94488910752356,12.968934374843478,171.28086098290584,11.668991139163198,15.237831622577636,11.678993947036865,12.686175037357472,247.46667621140807,691.6613116319248,True
417,417000,0.01638576779026217,0.0022471910112359553,0.0072705691425116285,0.02247191011235955,0.005675940788300339,0.023961352657004834,0.004057971014492754,0.01082617309313638,0.04057971014492753,0.011829997699562918,0.020114122681883027,0.0031383737517831673,0.009020474082548061,0.03138373751783167,0.008704684917238413,14,0.019971469329529243,65679,11.766664904544477,14.065714884270442,187.49036234980144,11.701963672700044,15.413287898696781,11.709653542135712,12.485911555462636,264.6335588076115,0.0,False
418,418000,0.01706948640483384,0.0027190332326283992,0.008912882928971215,0.02416918429003021,0.008962739174219537,0.017753922378199834,0.003179190751445087,0.009193540281287542,0.031791907514450865,0.011018212680062391,0.017419286769360626,0.0029542097488921715,0.009056320807703045,0.028064992614475627,0.010013247051651778,19,0.028064992614475627,65679,11.741646346374868,13.563754741749424,179.1542241333516,11.731593317854117,15.335233570751283,11.698097113377326,12.655444223352852,255.87999344681143,0.0,False
419,419000,0.02237960339943343,0.00311614730878187,0.013384828503032709,0.031161473087818695,0.01338526912181303,0.020921209709510544,0.004456824512534819,0.012098049886719732,0.04178272980501393,0.012309324844143786,0.021644261637239162,0.0037921348314606746,0.012736017374863667,0.03651685393258427,0.01284276350989834,17,0.023876404494382022,65679,11.71952581137392,13.523744222643241,179.3829075417558,11.72083668003754,15.501311789956063,11.872973219737016,12.459192355124271,256.18049162062783,0.0,False
420,420000,0.032407407407407406,0.0038888888888888888,0.0190950760938183,0.03611111111111111,0.01625,0.020892687559354226,0.002849002849002849,0.010459306165373999,0.02849002849002849,0.008510830733052956,0.026722925457102673,0.0033755274261603376,0.014831847901295164,0.03234880450070324,0.012429397450494496,14,0.01969057665260197,65679,11.799445362628557,13.089242379360488,183.29108590962872,11.661814397712078,16.0108794265007,12.061323377027255,12.279713094670575,260.1935039475284,0.0,False
421,421000,0.032,0.004285714285714286,0.01606453439228665,0.04285714285714286,0.013602040816326532,0.021749084249084248,0.003296703296703297,0.012348577505003944,0.03296703296703297,0.012591575091575094,0.02677404295051354,0.0037815126050420172,0.014170124998769976,0.037815126050420166,0.013086901427237563,19,0.02661064425770308,65679,11.940805201143823,13.49550537720068,181.04042094153894,11.759172883776813,15.934518281870979,11.868954862229163,12.766186056820118,258.8055636045806,0.0,False
422,422000,0.017740429505135387,0.00196078431372549,0.009968103588145467,0.0196078431372549,0.007679738562091502,0.013572854291417165,0.0029940119760479044,0.008450938950886028,0.02694610778443114,0.01027944111776447,0.015726000964785335,0.0024602026049204053,0.009234770753348576,0.023154848046309694,0.008936324167872649,19,0.027496382054992764,65679,11.850274805283444,14.484899867273082,178.6982096022849,11.674051621571312,15.061215432363163,11.68669122013355,12.607960965471676,256.0633035143811,0.0,False
423,423000,0.010886319845857417,0.0017341040462427748,0.0050628902932099325,0.017341040462427744,0.004142581888246628,0.020605603719060183,0.00316622691292876,0.011290704416749862,0.0316622691292876,0.011378104451983078,0.015967159277504105,0.0024827586206896553,0.00831853381434322,0.02482758620689655,0.007925013683634373,14,0.019310344827586208,65679,11.717590286897117,13.549270508048107,170.16651015169805,11.66528198312533,15.08892233154091,11.678895510333632,11.987145548092437,245.85361631973558,0.0,False
424,424000,0.007961504811898513,0.0013123359580052493,0.00529899746993294,0.013123359580052493,0.004943132108486439,0.022165697674418606,0.0029069767441860465,0.01091259875063466,0.02616279069767442,0.008393318567737172,0.014701149425287356,0.0020689655172413794,0.007962554491396929,0.019310344827586208,0.006580186097427477,12,0.016551724137931035,65679,11.721044465451413,12.951414103887227,171.17134222544018,11.672592268530124,15.062156181563925,11.699113081714563,12.092842323715992,246.37050465030342,0.0,False
425,425000,0.02867383512544803,0.004032258064516129,0.014294406021821082,0.04032258064516129,0.0114652671104284,0.03213346482577252,0.004142011834319527,0.01622903823534769,0.04142011834319527,0.014924391847468771,0.030320813771517997,0.004084507042253521,0.01521539994882389,0.04084507042253521,0.013112005365526494,12,0.016901408450704224,65679,11.727358567303892,12.747686689060234,195.84776642476987,11.68824490908882,15.224646047889978,11.726114151053292,12.551588820672311,271.5134056098384,0.0,False
426,426000,0.020933654360620654,0.003370786516853933,0.013578235927897695,0.03089887640449438,0.01477394328517924,0.038472345459923105,0.0055900621118012426,0.02559850679101524,0.052795031055900624,0.02629399585921325,0.029263239218991433,0.004424778761061948,0.01928697813722491,0.04129793510324484,0.020245118696446126,18,0.02654867256637168,65679,11.732899111063787,13.635985870938395,185.80914769994462,11.833122467386215,15.33148524326955,11.748348019674504,12.496692432639733,262.5876808449168,0.0,False
427,427000,0.03203799654576857,0.004404145077720208,0.017285402679227364,0.04145077720207254,0.01505469199769718,0.024982016975974675,0.004229607250755287,0.013679565164127676,0.03927492447129909,0.013691075624610367,0.028780633592349072,0.004323570432357044,0.015620783129020953,0.040446304044630406,0.014425184299661286,10,0.01394700139470014,65679,11.825113085367489,13.599341673997678,201.7240848151275,11.678583317631386,15.183748753339055,11.697981853492356,12.23209080930543,277.9409443082609,0.0,False
428,428000,0.0216390423572744,0.0024861878453038676,0.011067611080486409,0.024861878453038673,0.00817219152854512,0.03420038535645472,0.004624277456647399,0.017051431435923057,0.046242774566473986,0.018985686760253237,0.027777777777777773,0.0035310734463276836,0.013991907468877764,0.03531073446327684,0.013456752757600218,19,0.026836158192090395,65679,11.724319227232606,15.010667590298343,180.62283201866757,11.673642287921005,15.259705999720596,11.730041761803811,13.355170361467605,259.3763792471116,0.0,False
429,429000,0.01551418439716312,0.0018617021276595746,0.008332189429119024,0.018617021276595744,0.00658983451536643,0.04164338919925512,0.005865921787709497,0.01997253658266264,0.05865921787709497,0.01714330052318879,0.028258401453224342,0.003814713896457766,0.014009633953599426,0.03814713896457766,0.011737165347519571,14,0.01907356948228883,65679,11.79528931942453,13.895749959663695,186.8511218253849,11.69304222382872,15.417205600110062,11.818252478562608,12.527346887530877,263.9980082945054,0.0,False
430,430000,0.01278409090909091,0.001704545454545455,0.00643658909943062,0.017045454545454544,0.004820526695526696,0.018308763308763305,0.0035135135135135136,0.01316495983235344,0.03513513513513514,0.014766194766194767,0.015615294216402249,0.0026315789473684214,0.009884646123227633,0.02631578947368421,0.009917337202655762,11,0.015235457063711912,65679,11.72612210192936,12.575017378321785,183.3418339482057,11.71830756609149,15.278054988202005,11.814231221540794,12.595540372653534,259.04910757694466,0.0,False
431,431000,0.024919812484579324,0.003367875647668394,0.010554405988384797,0.031088082901554404,0.006897154371247635,0.028023006955591224,0.003932584269662921,0.013370523417486693,0.03932584269662921,0.010317460317460317,0.026408676678218456,0.003638814016172507,0.01190553510531239,0.03504043126684636,0.008538163693150216,11,0.014824797843665768,65679,11.715988026697598,12.880956155286727,172.2112516728963,11.690942961911643,15.175103476511298,11.69187141236705,12.347839973211872,247.71395367888252,0.0,False
432,432000,0.03060016906170752,0.004733727810650888,0.019548346927742252,0.047337278106508875,0.019554804170188785,0.026115480914588058,0.005357142857142858,0.013789673085629565,0.050595238095238096,0.015110071806500374,0.02836447882812868,0.005044510385756677,0.016677554033157887,0.04896142433234421,0.01733903254674768,15,0.02225519287833828,65679,11.715246159213489,13.22860343813681,174.1489272299168,12.054298200378511,14.86371759931715,11.752756570934665,12.091045489562301,249.85459468745972,712.1532705546551,True
433,433000,0.03188405797101449,0.00463768115942029,0.01585368037311634,0.0463768115942029,0.01228548424200598,0.040756704980842905,0.006321839080459771,0.019457992944555337,0.05747126436781609,0.01767241379310345,0.03633958633958633,0.005483405483405483,0.01766363820119826,0.05194805194805195,0.014990609038228084,12,0.017316017316017316,65679,11.803091302192703,13.102390550773224,176.55564095678255,11.67938490126419,14.935396946524904,11.686502997432235,12.933826358946243,252.69623401391607,0.0,False
434,434000,0.024389051808406646,0.003519061583577713,0.012902960634767681,0.03225806451612903,0.013033561420658195,0.025173095944609297,0.003857566765578635,0.015032236223080444,0.03857566765578635,0.01928312373416231,0.0247787610619469,0.003687315634218289,0.013961317379990987,0.035398230088495575,0.016139907290349767,19,0.028023598820058997,65679,11.796366550409498,14.52694757098083,182.07836579667293,11.739236956048726,14.859721822690908,11.687686071876202,12.22322532273834,258.91155009141744,0.0,False
435,435000,0.020399305555555556,0.0026041666666666665,0.013954745647383767,0.026041666666666668,0.01472387566137566,0.016085271317829455,0.0029069767441860465,0.007971756428580262,0.029069767441860465,0.008716315983757845,0.01836080586080586,0.0027472527472527475,0.011127618873663429,0.027472527472527472,0.011885138670852956,19,0.0260989010989011,65679,11.752633038847327,13.540577661286246,172.63619644289352,11.670430746735239,15.117155062221999,11.68624966257914,12.873138205415913,249.2763808199794,0.0,False
436,436000,0.019390581717451522,0.002493074792243767,0.008953513071209536,0.024930747922437674,0.006209602954755309,0.02754435107376284,0.00392156862745098,0.016376225997079125,0.036414565826330535,0.015950824774354187,0.0234447539461467,0.0032033426183844015,0.012644193453570877,0.03064066852367688,0.011053079541937481,13,0.018105849582172703,65679,11.968755672275844,13.188201377911657,208.45494632115714,16.44344325504865,15.913132349526515,11.835706120538747,12.657275656191569,290.4614607526501,0.0,False
437,437000,0.02058917707332693,0.003170028818443804,0.012663120791145606,0.02881844380403458,0.011146562371346232,0.04009523809523809,0.006285714285714286,0.0197602742797015,0.054285714285714284,0.01799092970521542,0.030384186194803122,0.004734576757532282,0.016226971179946988,0.04160688665710186,0.01458347566668944,16,0.02295552367288379,65679,11.877430727225136,13.69468005568697,189.71243833784678,11.666756077749474,14.921852643512423,11.698046866737144,12.730722510012615,266.3019272187705,0.0,False
438,438000,0.037453183520599245,0.0044943820224719105,0.01763544721644701,0.0449438202247191,0.013388398430533261,0.04543881506090808,0.006395348837209303,0.02554181393028363,0.05813953488372093,0.02248062015503876,0.04137755102040816,0.005428571428571429,0.021520861715818147,0.05142857142857143,0.01785657596371882,19,0.027142857142857142,65679,11.725190611544534,14.12699301814313,186.15993236484329,11.713247008660055,15.17133312775587,11.706361880386984,12.421803516765584,263.02486152809945,0.0,False
439,439000,0.02594810379241517,0.0038922155688622755,0.014879214502618514,0.03592814371257485,0.01459937268320502,0.018315018315018312,0.0024725274725274724,0.007528905882010236,0.024725274725274724,0.00525030525030525,0.021967526265520534,0.0031518624641833806,0.011046102270668065,0.03008595988538682,0.009723927775503708,18,0.025787965616045846,65679,11.757073691553988,13.92522211010605,181.91045421447893,11.66748954936625,15.26549407129818,11.687391744619191,12.756201298064207,258.9693266794868,0.0,False
440,440000,0.02751817237798546,0.003115264797507788,0.013242066405814627,0.03115264797507788,0.009375463581071058,0.03357329842931937,0.005235602094240838,0.0185002448777741,0.05235602094240838,0.01712789827973074,0.03080844001896633,0.004267425320056899,0.01609928429527198,0.04267425320056899,0.013588024114339903,11,0.015647226173541962,65679,11.794704070089423,12.59544979906324,198.72745696550288,11.725432959158733,15.272194813648055,11.807413791892207,12.946974738664574,274.8696271380191,0.0,False
441,441000,0.012747875354107648,0.00169971671388102,0.007399452719332293,0.0169971671388102,0.007073159764377895,0.039161001094285004,0.005633802816901409,0.02184720451235283,0.056338028169014086,0.019890453834115807,0.025991744898970593,0.003672316384180791,0.01464373504492875,0.03672316384180791,0.013499910321944222,11,0.015536723163841809,65679,11.99298968954099,13.220886512926855,191.4949249878506,11.809262750267502,15.333794834260228,11.723211790048982,12.130646307784154,267.7057168726793,0.0,False
442,442000,0.017676767676767676,0.002121212121212121,0.01153625160986888,0.021212121212121213,0.00994949494949495,0.026342592592592595,0.004722222222222223,0.016281782479942514,0.044444444444444446,0.01895061728395062,0.022198067632850243,0.003478260869565218,0.014012180759472515,0.03333333333333333,0.01464573268921095,10,0.014492753623188406,65679,12.11715068807906,13.058421740402837,178.7433951578321,11.727525508625769,15.00112787763963,11.689501465989016,12.23986862972093,254.57699106828935,0.0,False
443,443000,0.023877314814814813,0.003333333333333334,0.011602668808319857,0.03333333333333333,0.009446649029982363,0.018853987378083765,0.004216867469879518,0.014460558952104035,0.04216867469879518,0.02197958500669344,0.02146727910817506,0.003757225433526012,0.012973795293487987,0.03757225433526012,0.015459560510138545,11,0.015895953757225433,65679,11.71236418523458,12.56881461619841,175.3772531277731,11.719274219640363,14.975023572755264,11.69498741024344,12.583379001590567,250.63109613343573,0.0,False
444,444000,0.02945205479452055,0.003561643835616439,0.016818863138417982,0.03561643835616438,0.013983474668406175,0.028652138821630344,0.0033898305084745766,0.012651272259808943,0.03389830508474576,0.00883104654291095,0.029058215775879196,0.003477051460361614,0.014766947740604908,0.03477051460361613,0.011446674172682516,11,0.015299026425591099,65679,11.727547085088608,12.630450420270112,177.3980315448176,11.738654135146076,15.33213284057866,11.722837066241443,12.540815041456321,253.09046813359882,0.0,False
445,445000,0.025004893325504013,0.004071246819338422,0.014295316906293666,0.03816793893129771,0.013955531321943535,0.03218562874251497,0.0038922155688622764,0.014186590790907814,0.038922155688622756,0.009712717422298262,0.028303883186964342,0.003988995873452545,0.014245365706102643,0.03851444291609354,0.01200628807231283,20,0.027510316368638238,65679,11.768356729113805,13.70875490999679,185.21845409677496,11.760246512865224,16.27897164682701,11.866310481556397,12.323876560471625,262.9249709376058,0.0,False
446,446000,0.025247079964061097,0.0035040431266846364,0.011975711202737355,0.03504043126684636,0.01076669661575322,0.02322954822954823,0.0030769230769230774,0.014002473463383461,0.03076923076923077,0.01203296703296703,0.02421312808960641,0.0032851511169513796,0.013014393570216963,0.0328515111695138,0.011415639405126923,8,0.010512483574244415,65679,11.772359470474392,12.271060978868986,188.29208198176127,11.714827794884197,15.63247841088189,11.723298052684905,12.585919194146866,263.9920258837025,0.0,False
447,447000,0.01589464123524069,0.001907356948228883,0.011221770019121226,0.01907356948228883,0.010142294883439297,0.04618794326241135,0.006382978723404256,0.02615155709072738,0.06382978723404255,0.023688154339750085,0.031224764468371465,0.004172274562584119,0.01877708622224897,0.04172274562584118,0.016997265483133583,12,0.016150740242261104,65679,11.754051454260228,14.294124652119988,193.0032103705792,11.66850548700582,15.376905829200815,11.708033336388368,12.81244212028576,270.6172732498402,0.0,False
448,448000,0.01839339339339339,0.003003003003003003,0.009848284241217817,0.03003003003003003,0.010172076838743507,0.022697974217311234,0.004419889502762431,0.01210729429455763,0.03867403314917127,0.011237174427782163,0.02063549160671463,0.0037410071942446045,0.011024919693461,0.034532374100719423,0.01072684709375357,11,0.015827338129496403,65679,11.761956218908631,13.817312874864207,196.560309066951,11.69416455934491,15.406617495689057,11.732849827250647,13.061152282528576,274.03436232553696,687.618689257985,True
449,449000,0.017033976124885213,0.0033057851239669425,0.008602911251808069,0.03305785123966942,0.01010756919847829,0.01674603174603175,0.003142857142857143,0.007316484271607716,0.03142857142857143,0.006344671201814059,0.016892628954340034,0.0032258064516129037,0.00797142535689906,0.03225806451612903,0.008260424319330351,14,0.019635343618513323,65679,11.871691922016314,15.394192294265752,191.09456464858064,11.67876259777767,15.437969116571804,11.705965897917947,12.320602371662659,269.50374884879284,0.0,False
450,450000,0.020668425681618294,0.002902374670184697,0.010979211514471926,0.029023746701846966,0.009176194664321314,0.01819825351343976,0.0028653295128939827,0.00915229196145434,0.02865329512893983,0.00845272206303725,0.019484236002093147,0.0028846153846153848,0.010103394311170912,0.028846153846153848,0.00882936507936508,13,0.017857142857142856,65679,11.740224335865523,13.2285806414556,196.51927899649868,12.150533602012237,16.107606819720786,11.94503459778229,12.842629853349052,274.53388884668414,0.0,False
451,451000,0.029155313351498634,0.003814713896457766,0.013706753223520994,0.035422343324250684,0.009602742095930109,0.018356164383561642,0.003287671232876713,0.008839534522743605,0.03287671232876712,0.008949771689497716,0.023770491803278688,0.0035519125683060116,0.011279793079007679,0.03415300546448088,0.009277148928788273,12,0.01639344262295082,65679,11.845136845822779,13.117512758870076,208.21417181909885,11.805164856965034,15.553924023581356,12.106987296950367,12.109672317350828,284.75256991863927,0.0,False
452,452000,0.014903442485306463,0.002267002518891688,0.009015916154567758,0.022670025188916875,0.009091999520211107,0.019342723004694834,0.0028169014084507044,0.007861310496444503,0.028169014084507043,0.005906550413592666,0.016999113475177303,0.0025265957446808512,0.00847085630266117,0.02526595744680851,0.007588230327592029,10,0.013297872340425532,65679,11.743924912488435,12.551693557599775,185.80686483293806,11.670074886199755,15.399774486224427,11.708715187630503,12.492637492339531,261.3736853554205,0.0,False
453,453000,0.019909909909909908,0.0029729729729729734,0.007841790969845268,0.02972972972972973,0.005408622908622909,0.027713178294573645,0.00436046511627907,0.01757642970963607,0.0377906976744186,0.018030177187153933,0.023669467787114845,0.0036414565826330533,0.01253186901814784,0.03361344537815126,0.011489595838335335,13,0.018207282913165267,65679,11.733504321348454,12.721521556430249,181.90153646005513,11.664290746948858,15.169855086288875,11.687571475432756,12.45708747196761,257.3353671184719,0.0,False
454,454000,0.020695970695970695,0.0024725274725274724,0.01275367280711877,0.024725274725274724,0.011060962846677132,0.026448243114909783,0.004273504273504274,0.014610786229025261,0.042735042735042736,0.015060145615701173,0.02351981351981352,0.0033566433566433566,0.013665346668781957,0.033566433566433566,0.013024198024198023,9,0.012587412587412588,65679,11.721394863994927,13.12354795612869,181.46026632040457,11.720196685299777,15.193024371001895,11.71628984919515,11.719530530807099,256.6542505768321,0.0,False
455,455000,0.018649669499527857,0.00254957507082153,0.01067906931491196,0.025495750708215296,0.008863932730788254,0.02321105072463768,0.003532608695652174,0.011961640431112088,0.035326086956521736,0.011854080400276053,0.020977808599167824,0.0030513176144244107,0.01133369645882548,0.030513176144244106,0.010390110736851374,13,0.018030513176144243,65679,11.738261820437579,12.96464209118997,184.56294476676405,11.746695526865247,15.300909957299824,11.733154050119765,12.19263460280895,260.2392428154854,0.0,False
456,456000,0.02231111111111111,0.0032000000000000006,0.010815246525469054,0.032,0.01092063492063492,0.02296257736132801,0.005014749262536874,0.012816184258733071,0.04424778761061947,0.015150770239265815,0.02262042071730653,0.004061624649859944,0.011765271583699449,0.037815126050420166,0.012929060513094125,8,0.011204481792717087,65679,11.709204822490937,12.756585690998357,181.22597129424656,11.675693740331727,15.213535391855881,11.691564126253828,12.343790029900603,256.6163450960779,0.0,False
457,457000,0.02425876010781671,0.002964959568733154,0.010284465132246663,0.029649595687331536,0.007336456595216703,0.014243075453677173,0.00343839541547278,0.009103862676394446,0.022922636103151862,0.012825760676763543,0.019403935185185184,0.0031944444444444446,0.009712200886284965,0.02638888888888889,0.0099972442680776,13,0.018055555555555554,65679,11.724939885410235,13.132127433979068,191.6532373435198,11.6730206041471,15.324690928603113,11.700364533989704,12.38815954182626,267.59654027147525,0.0,False
458,458000,0.025183150183150187,0.0035714285714285718,0.012850848546524046,0.03571428571428571,0.010301107622536195,0.030923827227119182,0.005504587155963303,0.01471010432258302,0.04892966360856269,0.013515120625212368,0.027899794746649262,0.004486251808972503,0.013730698964427496,0.041968162083936326,0.011822066018882225,8,0.011577424023154847,65679,11.780199495992072,12.713794297208869,184.41366426602545,11.707384154319156,15.194230439802281,11.714952266539402,12.015132599491052,259.53935751937826,0.0,False
459,459000,0.02335047129391602,0.0030848329048843194,0.012449843941584786,0.030848329048843187,0.010882604970008569,0.03642714570858284,0.005089820359281438,0.015422626405646832,0.05089820359281437,0.012144758102841935,0.029391424619640387,0.00401106500691563,0.01382316253494125,0.040110650069156296,0.011465674328744868,4,0.005532503457814661,65679,11.742124000235776,12.273121483746818,186.3470672937295,11.723865767310215,21.413221988508813,11.702273274377673,12.261311914479878,267.4629857223887,0.0,False
460,460000,0.02755194218608853,0.0037940379403794042,0.013261350966000472,0.03523035230352303,0.011079924291306406,0.03868330464716006,0.0051204819277108436,0.025026284888857327,0.05120481927710843,0.024966532797858095,0.03282385707492697,0.004422253922967191,0.018833331083530396,0.042796005706134094,0.01765674886216969,11,0.015691868758915834,65679,11.716426970925786,12.951012907630455,187.38916139490746,11.672363231213234,15.056654716405493,11.676501221358215,12.381082953483169,262.8432033959238,0.0,False
461,461000,0.027171516754850085,0.003968253968253968,0.015205210425778775,0.03439153439153439,0.013002855463172924,0.05118312757201646,0.005555555555555557,0.025284703199463923,0.05555555555555555,0.019956398197138934,0.038253798670465335,0.0047008547008547015,0.01985728401363346,0.04415954415954416,0.016212182878849547,12,0.017094017094017096,65679,11.717615326561903,13.240533395131315,185.10094063511895,11.660000591301456,15.632916713248513,11.724510221744477,12.512223684923995,261.58874056803063,0.0,False
462,462000,0.014604810996563572,0.0023195876288659794,0.006520827137932739,0.023195876288659795,0.005680330551464573,0.025971093044263774,0.0037940379403794042,0.012909099043711458,0.037940379403794036,0.010387361810126037,0.020145310435931305,0.0030383091149273453,0.009634793232030953,0.03038309114927345,0.007974775114801535,11,0.01453104359313078,65679,11.812914440412214,12.960717992283044,201.18745924760373,11.787678361657727,15.783129392543671,11.870746459585746,12.598738863250913,278.001384757337,0.0,False
463,463000,0.015947623372691493,0.0029972752043596735,0.006941805745952452,0.02997275204359673,0.007313697504433198,0.03994668042655659,0.006191950464396285,0.02125655778983214,0.058823529411764705,0.020440807902108213,0.02718196457326892,0.004492753623188406,0.01364276938388454,0.043478260869565216,0.013458707154359328,10,0.014492753623188406,65679,11.877082713218634,13.269638148155627,198.39710162780634,11.679989119689482,15.119748516145837,11.690263391317401,12.375411675702441,274.40923519203574,0.0,False
464,464000,0.014279624893435634,0.001790281329923274,0.0061613052332271335,0.017902813299232736,0.005281532903016279,0.02052704576976422,0.0035598705501618125,0.011495434678446041,0.03559870550161812,0.00977423331792264,0.017037414965986396,0.0025714285714285713,0.008515942374045194,0.025714285714285714,0.007264739229024943,6,0.008571428571428572,65679,11.752510617107914,12.954683192623051,193.95522942769472,11.696290083157423,15.21430525397438,11.72229633147892,11.74662861067044,269.04194351670685,732.5296728118714,True
465,465000,0.018518518518518517,0.00310077519379845,0.009690299756413983,0.028423772609819122,0.009560723514211885,0.03511552550014088,0.005029585798816569,0.017228738981773108,0.047337278106508875,0.013521414482952946,0.02625615763546798,0.004,0.013204772112512444,0.037241379310344824,0.011407224958949098,8,0.011034482758620689,65679,11.739519669734522,13.202560925934526,197.23416847297614,11.672995628125848,15.235242317668263,11.69108178428191,12.184681962373878,272.96025076109504,0.0,False
466,466000,0.03486394557823129,0.005555555555555556,0.0215357628261927,0.05026455026455026,0.01936360964138742,0.026278409090909092,0.00340909090909091,0.013457911617824418,0.03409090909090909,0.010783053751803752,0.03072407045009784,0.00452054794520548,0.017640689366815118,0.04246575342465753,0.015226136116547075,10,0.0136986301369863,65679,11.746930408174094,12.990748100655258,188.4318512584138,11.66038228656019,15.550953001486345,11.689179257701188,12.369800768435857,264.4398450814267,0.0,False
467,467000,0.022222222222222223,0.0024691358024691358,0.011257294653604063,0.024691358024691357,0.008998628257887517,0.014400377714825306,0.00198300283286119,0.006835541911779614,0.019830028328611898,0.005177840730248661,0.018579595426561128,0.0022427440633245384,0.00919808790180455,0.022427440633245383,0.007219290530636176,15,0.01978891820580475,65679,11.74716273430465,13.346670216407563,195.5247381753844,11.785427738636445,15.723963554953313,11.785649683043742,12.683070393565421,272.59668249629556,0.0,False
468,468000,0.018356164383561645,0.002465753424657534,0.009550894157899241,0.024657534246575342,0.007831050228310503,0.03017068273092369,0.004819277108433735,0.01789518676961558,0.045180722891566265,0.01635589978963473,0.023983739837398373,0.0035868005738880927,0.013525506994470008,0.03443328550932568,0.011891667236000093,11,0.015781922525107604,65679,11.779308018156076,12.989412381342325,210.53121447409117,11.824203972415903,15.795563898385323,11.76188003704226,12.898721352710973,287.58030413414406,0.0,False
469,469000,0.01585014409221902,0.0017291066282420751,0.010189312942129398,0.01729106628242075,0.00851287681258863,0.02488814317673378,0.003355704697986577,0.013954658550018572,0.03355704697986577,0.011894108873974645,0.020025839793281652,0.00248062015503876,0.011928960990425482,0.024806201550387597,0.01007505844715147,10,0.015503875968992248,65679,11.93778222449704,12.810928268214283,198.3047119908099,11.681939924762519,14.860567634417121,11.720936656273162,12.663496128578755,273.98036282755277,0.0,False
470,470000,0.02341927562922038,0.003867403314917127,0.010446912225608217,0.03591160220994475,0.008045032009120406,0.021966794380587486,0.003735632183908046,0.01149639597886312,0.034482758620689655,0.011461184090494436,0.02270735524256651,0.003802816901408451,0.010961307079316255,0.035211267605633804,0.009719427677174155,7,0.009859154929577466,65679,11.716847855891555,12.350976740044262,197.92590743730742,11.679141321302433,15.208200485533618,11.730501674106497,13.086749957424981,273.69832547161076,0.0,False
471,471000,0.017825311942959002,0.00267379679144385,0.009522348089108523,0.026737967914438502,0.00896782955606485,0.02518187830687831,0.004761904761904762,0.01387131069578663,0.041666666666666664,0.01449239417989418,0.02130672926447574,0.0036619718309859155,0.011580448702973091,0.03380281690140845,0.011582271406215068,11,0.015492957746478873,65679,11.783842567225644,13.37165571219101,197.5256511293766,11.913118042189419,15.675910723933484,11.80852937598953,12.625293640461388,274.70400119136707,0.0,False
472,472000,0.012205387205387205,0.0017676767676767678,0.005094456082215533,0.015151515151515152,0.0030753968253968257,0.03465909090909091,0.004829545454545455,0.01988435093356312,0.048295454545454544,0.019326073232323233,0.022771836007130123,0.003208556149732621,0.012054406600496751,0.03074866310160428,0.010722773958068076,14,0.01871657754010695,65679,11.930602754617325,14.07200272707243,196.20648940604778,11.661676524055142,15.442058312081786,11.683479343688186,12.34461989294,273.34092896050265,0.0,False
473,473000,0.01956904133685136,0.0031662269129287598,0.012003721645249715,0.029023746701846966,0.012870126062738201,0.035422343324250684,0.0038147138964577656,0.01714274207492173,0.03814713896457766,0.012821677263094158,0.02736818588025022,0.0034852546916890083,0.014531899256093722,0.03351206434316354,0.012846291331546024,10,0.013404825737265416,65679,11.780834260760598,13.692688726640867,182.08124638929846,11.670179136585856,15.514705220681657,11.70139748188359,12.376526548840694,258.81757776469175,0.0,False
474,474000,0.02414089347079038,0.003865979381443299,0.015558818064403106,0.03608247422680412,0.016583824251350025,0.02857142857142857,0.0040625,0.01568058483628697,0.040625,0.013214285714285711,0.026143395211191828,0.003954802259887006,0.015613853893503159,0.038135593220338986,0.015060868980360506,13,0.018361581920903956,65679,11.762412874788408,13.268576037617219,185.29358442437305,11.659682721487652,15.169072548060214,11.690451559687176,12.636712955926832,261.4804931219406,0.0,False
475,475000,0.03258145363408521,0.0040100250626566416,0.02068095824018735,0.040100250626566414,0.019388749651907546,0.03544973544973544,0.005714285714285715,0.018008490354118143,0.050793650793650794,0.01723481985386747,0.033846872082166204,0.004761904761904762,0.019501928290450936,0.04481792717086835,0.018438486505713395,10,0.014005602240896359,65679,11.728591576692926,13.061229447552947,186.30769496152942,11.741572021523039,15.83600771129512,11.737284793422731,12.529842180336592,262.94222269235274,0.0,False
476,476000,0.010758356763511402,0.002061855670103093,0.0063484115797449,0.01804123711340206,0.007266609392898053,0.03924242424242424,0.005151515151515152,0.019406524987348378,0.051515151515151514,0.016619769119769118,0.023849919810922597,0.003481894150417827,0.012350051446749284,0.033426183844011144,0.01156541539549896,4,0.005571030640668524,65679,11.743688647702921,12.329937702670879,191.51480235929387,11.702681910419344,15.504610352073955,11.695998436117572,12.234406138816878,266.7261255470954,0.0,False
477,477000,0.03333333333333333,0.004615384615384616,0.01841979516472127,0.046153846153846156,0.015184167684167684,0.017785427423981637,0.003313253012048193,0.011160607075232809,0.03313253012048193,0.014737521514629946,0.026183880754517875,0.004016620498614959,0.015081775156812449,0.04016620498614958,0.014978784681000747,10,0.013850415512465374,65679,11.730103291751615,12.812130185835269,179.70062020791767,11.664372706859938,15.290722700733728,11.694242580823078,12.48124736008549,255.3734390340068,0.0,False
478,478000,0.019298245614035085,0.002368421052631579,0.010542179132208123,0.02368421052631579,0.008494152046783625,0.0195630081300813,0.0033536585365853662,0.0120708246401837,0.03353658536585366,0.014675280681378241,0.01942090395480226,0.002824858757062147,0.011250365186750481,0.02824858757062147,0.011357725764505425,12,0.01694915254237288,65679,11.776079104630632,13.53103057166738,184.65628869224204,11.67714692554278,15.704125213095166,11.684727007604812,12.403039350433742,261.4324368652165,0.0,False
479,479000,0.01653944020356234,0.002035623409669211,0.009802671673339076,0.020356234096692113,0.00872208085948544,0.020215912451937296,0.004037267080745342,0.010177312386716007,0.034161490683229816,0.011002661934338952,0.018195138195138193,0.0029370629370629366,0.00997139098761512,0.026573426573426574,0.009749139749139749,12,0.016783216783216783,65679,11.819957316777652,13.064203543411423,186.67640615638302,11.848696866378905,15.214985055550523,11.709022343486808,12.44940944764017,262.7826807296285,0.0,False
480,480000,0.016666666666666666,0.001794871794871795,0.0065266172634411675,0.017948717948717947,0.0038319088319088315,0.0278743961352657,0.004347826086956523,0.015250846445307716,0.04057971014492753,0.013953301127214171,0.021927437641723356,0.002993197278911565,0.01062166361411322,0.02857142857142857,0.008582766439909297,13,0.017687074829931974,65679,11.77542373248519,13.709733534983393,183.00440462687416,11.66008664565954,15.227147142332642,11.692451909295354,11.701245432926832,258.77049302455714,737.9284867136404,True
481,481000,0.019406392694063926,0.0027397260273972603,0.010782590011212264,0.0273972602739726,0.009006305718634486,0.027479892761394103,0.004289544235924933,0.018455202952660257,0.04289544235924933,0.01871781777947998,0.02348690153568202,0.0035230352303523035,0.01466048245993869,0.03523035230352303,0.013914698670796232,6,0.008130081300813009,65679,11.754264662211522,12.729541223610585,196.8283181276176,11.69982363155575,15.634318215607124,11.712457126306086,12.773434211937884,273.1321571988466,0.0,False
482,482000,0.03506044905008635,0.004404145077720208,0.018571493320372258,0.04404145077720207,0.016686199522987086,0.026485397784491438,0.004531722054380665,0.015783370989028142,0.04229607250755287,0.017080276219249027,0.031101813110181308,0.004463040446304045,0.01728436850632079,0.043235704323570434,0.016868123353479002,11,0.015341701534170154,65679,11.731781799612095,13.040947648784718,193.11951886347157,11.661083247960224,15.020430198464663,11.677400004656002,12.504537998780929,268.75569976173017,0.0,False
483,483000,0.02042079207920792,0.0032178217821782185,0.010597213927410106,0.0297029702970297,0.011085572842998586,0.030150103519668733,0.005279503105590062,0.016261910308156314,0.043478260869565216,0.014503845016267376,0.024735996326905416,0.004132231404958678,0.013109655021900847,0.03581267217630854,0.012601666010756922,9,0.012396694214876033,65679,11.79215645860654,12.967439059596853,181.5447944399362,11.665750189543411,15.299449131728204,11.6877381094449,11.876193282772673,256.8335206716288,0.0,False
484,484000,0.021031746031746033,0.0026455026455026454,0.009595639692934999,0.026455026455026454,0.007190098261526832,0.03283068783068783,0.005396825396825396,0.02049586064223421,0.050793650793650794,0.021577223481985385,0.026394901394901398,0.0038961038961038965,0.014550285578980094,0.03751803751803752,0.013729700634462539,5,0.007215007215007215,65679,11.743857238177835,12.462990708617117,182.6718896698054,11.659508624056736,15.040668514126887,11.704239557513985,12.227380943391486,257.51053525568943,0.0,False
485,485000,0.016666666666666666,0.0026666666666666666,0.009984664537330656,0.02666666666666667,0.010980952380952381,0.028109452736318406,0.0050746268656716425,0.015156181709218135,0.04776119402985075,0.014832977967306326,0.022065727699530517,0.003802816901408451,0.012424746583221225,0.036619718309859155,0.012798457411133468,8,0.011267605633802818,65679,11.720872437864793,12.573652272418467,186.42000702775997,11.673458026439931,15.27737854575828,11.691270719010882,12.40298487983904,261.7596239090914,0.0,False
486,486000,0.011125104953820318,0.002267002518891688,0.008151913569702721,0.022670025188916875,0.011009155971372595,0.018343195266272188,0.0038461538461538464,0.009329633878502152,0.03550295857988166,0.008793556870479948,0.014444444444444442,0.002993197278911565,0.008693504677694839,0.02857142857142857,0.00999028182701652,7,0.009523809523809525,65679,11.719931335724132,12.583604847543617,191.93132289285762,11.678469071102482,15.268387987488197,11.69909853654394,12.733879394682956,267.61469406594296,0.0,False
487,487000,0.017722371967654988,0.0026954177897574125,0.009834798589336013,0.026954177897574125,0.011323963547683223,0.029047619047619044,0.004,0.01485085222026312,0.037142857142857144,0.012173469387755103,0.023220064724919096,0.0033287101248266294,0.012269776080077326,0.0319001386962552,0.011736345023446271,9,0.012482662968099861,65679,11.746026332970505,13.016982079172568,184.13926454863284,11.671826809972474,15.798959621338149,11.708043565095139,12.017458982771512,260.09856193995324,0.0,False
488,488000,0.039775093710953766,0.004956268221574345,0.01986304197705817,0.04956268221574344,0.016330001388310426,0.024937624750499,0.0041916167664670665,0.0118792683444917,0.041916167664670656,0.009734103222127173,0.03245498347049307,0.004579025110782866,0.015924223080046054,0.04579025110782865,0.013075895055215588,9,0.013293943870014771,65679,11.72274772440196,12.924778603262688,184.8548038684561,11.659430134841609,14.904314447838907,11.680292103438683,12.073947104951355,259.8203139871913,0.0,False
489,489000,0.03212435233160622,0.004663212435233161,0.01838350885177805,0.04145077720207254,0.01719508183238753,0.019815608362550318,0.004635761589403974,0.012303040637825356,0.039735099337748346,0.015442026700304846,0.02672138622891017,0.004651162790697674,0.015714466118327886,0.040697674418604654,0.016425572166851237,8,0.011627906976744186,65679,11.711298266381398,12.68525424810707,179.440397652747,11.664901738039912,15.05178807334473,11.682613507701944,11.82048277251213,254.05673625883418,0.0,False
490,490000,0.022807017543859647,0.003947368421052632,0.014071520386329724,0.034210526315789476,0.01517439431913116,0.024806201550387597,0.0037790697674418604,0.014832306523985051,0.0377906976744186,0.014171511627906976,0.023756906077348067,0.0038674033149171273,0.014432998882674245,0.03591160220994475,0.01469788652109094,7,0.009668508287292817,65679,11.74748651744384,12.551424886070306,191.77347079926687,11.686759607693054,16.153907775484644,11.740382894503965,14.263754584548094,269.9171870650108,0.0,False
491,491000,0.024407783417935702,0.003299492385786802,0.013710362472797919,0.03299492385786802,0.012851502699218434,0.030864197530864196,0.004273504273504274,0.016057873714840028,0.042735042735042736,0.015672907339574004,0.0274496644295302,0.0037583892617449664,0.014816371125088898,0.03758389261744966,0.014180781932459785,12,0.016107382550335572,65679,11.818738465368961,13.708626304287375,196.27583263537306,11.709533376175196,15.430056744036857,11.71544982539463,12.288344393873718,272.9465817445098,0.0,False
492,492000,0.04076479076479077,0.005194805194805195,0.020711525572696194,0.05194805194805195,0.0195403009688724,0.03267477203647416,0.00425531914893617,0.017924044185352248,0.03951367781155015,0.016932021035364498,0.037037037037037035,0.004761904761904762,0.019427097874606336,0.046218487394957986,0.018338446489706995,6,0.008403361344537815,65679,11.824208163868644,12.6093775047742,188.78092656549052,11.671310842564786,15.163463938011601,11.725011178992384,12.761982525172355,264.5362807188745,0.0,False
493,493000,0.020041992746707385,0.0032258064516129032,0.01057503263940499,0.02977667493796526,0.008446571349797156,0.019523809523809523,0.0025714285714285717,0.011228505157112573,0.025714285714285714,0.011126984126984128,0.019801137331017807,0.0029216467463479417,0.01087877152545765,0.027888446215139442,0.009692447142646346,7,0.009296148738379814,65679,11.77947524311218,13.465871512602368,193.73102979772239,11.663944406853366,15.585943753393394,11.72295450335703,13.972807495959971,271.92202671300066,0.0,False
494,494000,0.02823191038449894,0.0038147138964577656,0.016349268612340963,0.03814713896457766,0.014243544829375891,0.03524728997289973,0.005182926829268293,0.018197013479379173,0.04878048780487805,0.017119144405729772,0.0315427657873701,0.0044604316546762585,0.01722129784455468,0.04316546762589928,0.015600662327281033,1,0.0014388489208633094,65679,11.738815684864123,11.86551539691938,197.76184373343497,11.679320502777646,15.303627604934533,11.707276139194533,11.761140271515647,271.8175393336408,0.0,False
495,495000,0.02164383561643836,0.0035616438356164386,0.014601507536979764,0.03561643835616438,0.016129593389867365,0.02771377368151562,0.004838709677419355,0.01372664642283878,0.04516129032258064,0.01868151561699949,0.02443151087595532,0.004148148148148148,0.014199719469744644,0.04,0.017301587301587304,5,0.007407407407407408,65679,11.75239642195458,12.636605201177264,203.87831834214887,11.6620817134927,15.121879174712083,11.691092168614192,12.591432877878672,279.33380589997836,0.0,False
496,496000,0.01923648247177659,0.0029411764705882357,0.011904795005937626,0.029411764705882353,0.013226805873864697,0.027391395154553053,0.0043859649122807015,0.015454867327859495,0.04093567251461988,0.01684535412605588,0.023131706127516187,0.0036312849162011174,0.013600499941827682,0.034916201117318434,0.014955218586503505,7,0.009776536312849162,65679,11.762362100042889,12.768223284720381,191.12511704200142,11.666316118763564,15.249282507789896,11.703115105288209,12.625705364061046,266.9001215226674,722.6443576064389,True
497,497000,0.014659881927923163,0.002835051546391753,0.007216327402880804,0.028350515463917526,0.008024464081165111,0.04806687565308255,0.00658307210031348,0.026111830662800165,0.06583072100313479,0.022252077424491215,0.02973319309952973,0.004526166902404527,0.015742021235857148,0.04526166902404526,0.014443995419950159,3,0.004243281471004243,65679,11.723759137632905,12.40524309090163,188.70124568287628,11.676478410022062,15.288434523419436,11.68919622457354,11.749121319182265,263.23347838860815,0.0,False
498,498000,0.02227891156462585,0.0038265306122448987,0.01589540642038543,0.03826530612244898,0.0194515306122449,0.024997499749974998,0.004950495049504951,0.013919525584540874,0.039603960396039604,0.012481010005762481,0.023464137780684544,0.004316546762589928,0.015033979235837372,0.03884892086330935,0.016412584218339615,9,0.012949640287769784,65679,11.71850635622862,13.235429249275343,191.73257079141416,11.872156031822456,15.722476453094991,12.010483154384355,12.603557384527342,268.8951794207473,0.0,False
499,499000,0.013572060123784263,0.0021220159151193636,0.008994784294590047,0.021220159151193633,0.010487979453496695,0.021107456140350877,0.003947368421052633,0.013104122216820243,0.039473684210526314,0.014070332080200499,0.01693587860988742,0.002936857562408223,0.01082920239790573,0.02936857562408223,0.012087150082744795,6,0.00881057268722467,65679,11.971355243750592,12.847800847565205,212.73828987503074,11.914474905477812,15.866547937559705,11.955658689360993,12.74181189034329,290.0359393890883,0.0,False
500,500000,0.026565255731922397,0.003968253968253969,0.016001656590456294,0.03968253968253968,0.015170697908793145,0.020246322877901828,0.002631578947368421,0.007856793675526412,0.02631578947368421,0.0047375382901698685,0.02356376262626263,0.003333333333333333,0.012132846705864599,0.03333333333333333,0.01021494708994709,10,0.013888888888888888,65679,11.868824665889344,13.40389936932418,189.02956984939712,11.669464697550147,15.323643984793689,11.69879666454432,12.276118018961224,265.27031725046,0.0,False
501,501000,0.03662393162393163,0.005128205128205128,0.02144620499773269,0.05128205128205128,0.01880850630850631,0.03179487179487179,0.004307692307692308,0.015218864744091261,0.04,0.014354090354090354,0.03442890442890443,0.004755244755244755,0.01861559579153204,0.046153846153846156,0.016783771783771783,6,0.008391608391608392,65679,11.794206191600987,12.58977253110194,187.79686528103133,11.669561392035899,15.127612759513465,11.679510530049342,12.168380246119215,262.82590893145215,0.0,False
502,502000,0.009617640159512079,0.001724137931034483,0.006293943004303239,0.017241379310344827,0.007309992962702322,0.031541877201041194,0.005144694533762058,0.016162834224273864,0.04823151125401929,0.013758740366457406,0.019127316198445907,0.0032078103207810326,0.01057459177614545,0.030683403068340307,0.01010714839166722,4,0.005578800557880056,65679,11.718891856360436,12.300738023190982,180.61663936189132,11.687776588775733,15.179643169688228,11.74866992648127,11.74186461871951,254.99422354510747,0.0,False
503,503000,0.018216175359032503,0.0024943310657596376,0.009767716414402439,0.024943310657596373,0.008776949933412518,0.03229166666666666,0.0037500000000000007,0.015859587344521708,0.0375,0.01212673611111111,0.02413491020586947,0.0030223390275952696,0.012329344137974273,0.030223390275952694,0.010185532820224016,3,0.003942181340341655,65679,11.74284224325639,12.242119785621508,185.14111199663398,11.680418146087224,15.407919507659518,11.691770525873446,11.696412192230277,259.60259439736234,0.0,False
504,504000,0.017082974447315533,0.0028423772609819124,0.009476110578328844,0.028423772609819122,0.009395635946023544,0.037736900780379036,0.0053511705685618735,0.02248019135189888,0.05016722408026756,0.020553962945267294,0.026085195983155163,0.003935860058309038,0.01514406998255252,0.037900874635568516,0.014259105002545236,5,0.007288629737609329,65679,11.727175891262931,12.821191394757347,180.51447355438287,11.660439603794481,14.985299013253739,11.689435575057416,12.178860131717428,255.57687516422624,0.0,False
