batch,interactions,recall_existing,precision_existing,ndcg_existing,hr_existing,mrr_existing,recall_new_content,precision_new_content,ndcg_new_content,hr_new_content,mrr_new_content,recall_overall_content,precision_overall_content,ndcg_overall_content,hr_overall_content,mrr_overall_content,n_new_users,pct_new_users,n_users_trained,id_resolution_emissions_mg,recovered_history_seed_emissions_mg,expand_embeddings_emissions_mg,gt_split_emissions_mg,scoring_emissions_mg,history_update_emissions_mg,apply_content_seeds_emissions_mg,batch_emissions_mg,update_emissions_mg,updated
1,1000,0.029757217847769028,0.004133858267716535,0.015606667803340453,0.04133858267716536,0.013160854893138356,0.009335624284077892,0.002061855670103093,0.006353497187920807,0.020618556701030927,0.00781786941580756,0.024113643558088,0.0035612535612535613,0.013049523787113371,0.03561253561253561,0.011684303350970019,194,0.27635327635327633,65679,11.745520696941039,35.87177909168129,153.43820803433692,11.87883372423201,17.84469389568065,11.66706542244083,12.650319119482585,255.09641998479535,0.0,False
2,2000,0.016584158415841585,0.0019801980198019802,0.00871553019508882,0.019801980198019802,0.006716171617161716,0.026255707762557076,0.0036529680365296807,0.0216438434025041,0.0319634703196347,0.021961295933898672,0.01950966850828729,0.0024861878453038676,0.01262616637246996,0.023480662983425413,0.01132761115495922,205,0.28314917127071826,65679,11.755856096330014,37.32708596444279,148.67285565376213,11.660707147557124,14.745507459381193,11.679069019964773,12.986727706320753,248.8278090477588,0.0,False
3,3000,0.03220439691027926,0.004313725490196079,0.01855497532118222,0.041176470588235294,0.01644880174291939,0.0189873417721519,0.002109704641350211,0.009181087061402655,0.02109704641350211,0.007735583684950773,0.028011034035130417,0.0036144578313253013,0.015580930451613604,0.03480589022757698,0.013684367098021715,207,0.27710843373493976,65679,11.765358401590259,36.1670848377779,147.85879079198384,11.676989908088837,14.9028832260663,11.679019776726596,13.033351043646594,247.08347798588034,0.0,False
4,4000,0.01546267629858961,0.0025490196078431374,0.006732912791890686,0.025490196078431372,0.00631730469965764,0.015918367346938776,0.0033333333333333335,0.01231088242002985,0.02857142857142857,0.015918367346938776,0.015595586187691449,0.002777777777777778,0.00835982060009794,0.02638888888888889,0.009117614638447973,179,0.24861111111111112,65679,11.753841965068176,33.67476919183417,147.85554236741868,11.674259311976552,14.742054172215422,11.672253633239093,12.578856852454075,243.95157749420616,0.0,False
5,5000,0.021623419827012644,0.0023952095808383238,0.013438500734088735,0.023952095808383235,0.011377245508982036,0.03357000498256103,0.005381165919282512,0.019126712606106145,0.04932735426008968,0.016228913089899637,0.025303100061387352,0.0033149171270718232,0.015190532843839956,0.031767955801104975,0.012871612733491187,178,0.24585635359116023,65679,11.724898892660676,31.9384309852371,142.1309544728875,11.751296736119782,14.70033941986925,11.675465348569844,13.298155368117373,237.2195412234615,0.0,False
6,6000,0.02906162464985994,0.004201680672268907,0.01579322997549973,0.03991596638655462,0.013674636521275178,0.012971698113207548,0.0023584905660377358,0.010065115219714104,0.018867924528301886,0.010220125786163521,0.024103682170542633,0.003633720930232558,0.014028171358891367,0.03343023255813953,0.01261016519010705,169,0.24563953488372092,65679,11.752243787347153,30.45207991163746,146.68019805606627,12.003525675883912,14.7682264771186,11.685095781715669,12.903370494636796,240.24474018440583,0.0,False
7,7000,0.013888888888888888,0.0020833333333333333,0.007408088128895929,0.020833333333333332,0.006128472222222222,0.007178217821782178,0.0014851485148514854,0.00738850220353967,0.01485148514851485,0.010451045104510451,0.011901270772238515,0.0019061583577712614,0.007402287019039675,0.01906158357771261,0.0074087650700553915,147,0.2155425219941349,65679,11.720195077705295,29.164288752134325,156.34443167909905,12.022589644583581,15.46973675034145,11.785619472480958,13.496259661799002,250.00312103814363,0.0,False
8,8000,0.025978407557354928,0.004251012145748988,0.01432178403639014,0.03643724696356275,0.013941906047169206,0.015873015873015872,0.0019047619047619048,0.012521024972853326,0.01904761904761905,0.012585034013605442,0.022964015151515152,0.0035511363636363635,0.01378462579300558,0.03125,0.013537157287157287,151,0.21448863636363635,65679,11.774400498492863,30.233390320346093,146.61291510587083,11.693093138364762,14.507617591644033,11.67518937625952,12.499885719782691,238.99649175076078,0.0,False
9,9000,0.0274781919111816,0.0032989690721649486,0.013511671200204944,0.032989690721649485,0.009953362788414334,0.018109987357774967,0.004424778761061947,0.012058380621562927,0.04424778761061947,0.015228613569321533,0.024500394120647282,0.0036568213783403666,0.013049725109103542,0.03656821378340366,0.011630165427633782,160,0.2250351617440225,65679,11.754506091759751,29.79102359153404,142.02875674266656,11.670894303413958,14.906312097603697,11.672862622170207,13.181261000346465,235.00561644949465,0.0,False
10,10000,0.016767473118279568,0.002620967741935484,0.008784244647227242,0.024193548387096774,0.008142921146953405,0.02134646962233169,0.0024630541871921183,0.012519639163227908,0.024630541871921183,0.010509031198686371,0.018097281831187407,0.002575107296137339,0.009869058791359053,0.024320457796852647,0.008830074709903036,151,0.21602288984263232,65679,11.709277426642794,39.35569242284739,149.8118184494403,11.706543460329906,14.727671847586647,11.73519017287931,12.421768439365831,251.46796221909213,0.0,False
11,11000,0.02949260042283298,0.004228329809725159,0.013462602413772031,0.042283298097251586,0.011967683479311386,0.014027777777777776,0.002916666666666667,0.008716997846678178,0.029166666666666667,0.0109375,0.02428705002337541,0.0037868162692847127,0.011865203962015335,0.037868162692847124,0.01162091765177319,152,0.2131837307152875,65679,11.746492256901453,32.2278998699738,162.2597627290996,11.985503441368836,15.097883580261849,11.688160216555017,12.882741075362185,257.88844316952276,0.0,False
12,12000,0.026595999520900707,0.004150197628458498,0.01449722489908274,0.039525691699604744,0.016465901248509947,0.00628415300546448,0.001639344262295082,0.004694326452107692,0.01639344262295082,0.006505334374186833,0.01998787878787879,0.0033333333333333335,0.011308015271000192,0.032,0.013225396825396824,158,0.21066666666666667,65679,11.79297703014651,30.54286906181876,148.45890096593703,11.667678616869223,15.037531234306842,11.66365036746244,12.928887762401944,242.09249503894276,0.0,False
13,13000,0.03261494252873563,0.004310344827586207,0.014809005767160554,0.040948275862068964,0.012439278872468526,0.02055800293685756,0.003524229074889868,0.010193228249221135,0.030837004405286344,0.012261380323054334,0.02865412445730825,0.004052098408104197,0.01329267943348147,0.03762662807525326,0.012380837525555325,141,0.2040520984081042,65679,11.767398871875834,28.25575142878728,144.12825881822323,11.683878302124786,14.699139854397123,11.676179796361787,13.093034462549614,235.30364153431967,0.0,False
14,14000,0.032407407407407406,0.004732510288065843,0.018112519398175365,0.04526748971193416,0.01602570383434581,0.026416666666666665,0.0045000000000000005,0.017834753447322903,0.045,0.020388888888888887,0.030660835762876575,0.004664723032069971,0.018031538071396222,0.04518950437317784,0.01729776944791522,122,0.17784256559766765,65679,11.785459646360737,25.80577246361678,153.18487072078648,11.7629708266849,14.940486563528362,11.738665742241569,13.631578903060964,242.84980486627978,0.0,False
15,15000,0.02661764705882353,0.0035294117647058825,0.011650488325581349,0.03529411764705882,0.009218487394957982,0.021287519747235386,0.0037914691943127963,0.012298255577911067,0.037914691943127965,0.011058451816745654,0.02484931865828092,0.0036163522012578613,0.011865392241055518,0.036163522012578615,0.009828915843066787,124,0.1949685534591195,65679,11.714565187306587,25.725847596384884,145.81829974029273,11.845589564130933,14.48172505716036,11.734152508626611,13.26334377357158,234.5835234274737,0.0,False
16,16000,0.014449371766444938,0.0031042128603104213,0.008124384187072757,0.026607538802660754,0.007224685883222469,0.021591460456089277,0.0030567685589519655,0.011096657856833047,0.03056768558951965,0.009405974908158313,0.016854575163398694,0.0030882352941176473,0.009125341055271442,0.027941176470588237,0.007959267040149395,138,0.20294117647058824,65679,11.747294117630744,28.776048202971452,147.71655932652692,11.674739749579881,14.811819709897172,11.67036882593342,12.345917500044234,238.74274743258383,0.0,False
17,17000,0.018683409436834095,0.00319634703196347,0.009951265133574957,0.02968036529680365,0.010029354207436399,0.026751373626373625,0.005384615384615385,0.0182017543729748,0.046153846153846156,0.019337606837606842,0.021688668303997818,0.004011461318051576,0.013024513274325614,0.03581661891117478,0.013496611634147452,165,0.23638968481375358,65679,11.701943926526598,31.277584685699722,141.32043262389797,11.761742118738747,14.654592981710838,11.751226347504057,12.975218193093072,235.442740877171,0.0,False
18,18000,0.030353430353430355,0.004365904365904366,0.018891127555582515,0.04365904365904366,0.018696168696168695,0.017443502824858754,0.003389830508474576,0.008394577883210701,0.029661016949152543,0.007608622545063223,0.026104137610413764,0.004044630404463041,0.015436196282667942,0.03905160390516039,0.015046711385623518,125,0.17433751743375175,65679,11.77952940392777,27.799404831402136,155.91549013465982,11.7068120106395,15.251192314409169,11.702056853371555,12.289027113935626,246.44351266234557,0.0,False
19,19000,0.029060095653982116,0.0037117903930131003,0.01457797460197648,0.03711790393013101,0.011128439731059817,0.024865591397849465,0.0032258064516129032,0.014224617780989842,0.03225806451612903,0.014471326164874553,0.02758667206259274,0.0035410764872521247,0.014453849259760208,0.03541076487252125,0.012302711452853098,149,0.21104815864022664,65679,11.700130331734893,29.497752442053834,148.79788711023855,11.681686078975247,14.669498058164296,11.689544846051579,12.813464953582987,240.84996382080138,0.0,False
20,20000,0.02053834808259587,0.0026548672566371685,0.01053055482222477,0.02654867256637168,0.009481668773704172,0.033950617283950615,0.007407407407407408,0.021408168151142486,0.053497942386831275,0.020883140636227055,0.025227817745803356,0.004316546762589928,0.014333806676796002,0.03597122302158273,0.013468082676715768,135,0.19424460431654678,65679,11.748762266314966,27.92283565511682,152.0461458663306,11.672476766547145,14.727979886249368,11.679680226083477,12.950319311893187,242.74819997853555,0.0,False
21,21000,0.03599562363238512,0.004595185995623633,0.02023960087956432,0.045951859956236324,0.017778125108540866,0.01946902654867257,0.003097345132743363,0.007941643567938873,0.02654867256637168,0.005162241887905604,0.03052708638360176,0.004099560761346999,0.016170291432379327,0.03953147877013177,0.013603616165841641,128,0.18740849194729137,65679,11.738876675707575,27.40622909383657,154.96073670028497,11.714667448311372,15.19543235916146,11.761464261053103,12.869190350298446,245.64659688865348,0.0,False
22,22000,0.017980636237897647,0.0024896265560165978,0.00934799669148956,0.022821576763485476,0.008338273068563525,0.015606060606060606,0.0027272727272727275,0.00716503877252283,0.02727272727272727,0.009507575757575758,0.017236467236467237,0.002564102564102564,0.008663878825146711,0.024216524216524215,0.008704721204721206,125,0.17806267806267806,65679,11.757342133707043,26.161242178404308,161.2498927834327,11.665040899512189,14.789180670915156,11.664457136735356,12.27697089812782,249.56412670083458,0.0,False
23,23000,0.009563994374120956,0.0018987341772151902,0.006828427841569846,0.0189873417721519,0.007823488045007033,0.03138075313807531,0.0033472803347280337,0.012730951635053693,0.03347280334728033,0.0071528192867105,0.016877045348293596,0.0023842917251051896,0.008806973685388414,0.023842917251051893,0.007598677619715488,144,0.20196353436185133,65679,11.703734420057815,28.92267868783837,146.90611277205778,11.677205110997498,15.044710978934228,11.702437267162303,13.676986306321998,239.63386554337,0.0,False
24,24000,0.01825396825396825,0.0023809523809523807,0.010247652741846212,0.023809523809523808,0.009845836482741245,0.012295081967213115,0.0012295081967213116,0.0038292493432122866,0.012295081967213115,0.0015027322404371586,0.016310160427807485,0.002005347593582888,0.008153948959404128,0.020053475935828877,0.007124289109583228,139,0.1858288770053476,65679,11.761981216230552,32.01303120138523,149.3511553222653,11.659749358756272,14.946931810588815,11.677408248319567,13.231972760447547,244.6422299179933,0.0,False
25,25000,0.012558139534883722,0.0018604651162790699,0.005307765533147944,0.01627906976744186,0.004528423772609819,0.016283524904214558,0.0026819923371647508,0.007265694064217809,0.02681992337164751,0.006077054065559812,0.013965267727930535,0.002170767004341534,0.006047301490614275,0.020260492040520984,0.005113362276893391,156,0.22575976845151954,65679,11.72678839158562,31.39679142119111,147.93659385729103,11.663369216020035,15.307030769023608,11.700486230565264,13.22743559746889,242.95849548314558,0.0,False
26,26000,0.038175460902733625,0.005165289256198347,0.021293322145002333,0.049586776859504134,0.017498852157943067,0.0056998556998557,0.0017094017094017094,0.002887204048329357,0.017094017094017096,0.004527879527879528,0.027591489290653637,0.00403899721448468,0.015294670843301111,0.03899721448467967,0.013271543529203695,137,0.19080779944289694,65679,11.73313354155877,37.26268555295006,151.79184049610942,11.66654914180193,14.764423787348539,11.678578790718687,12.913453689256983,251.8106649997444,0.0,False
27,27000,0.01774322169059011,0.0026315789473684214,0.011415406650932361,0.02631578947368421,0.011686333890281259,0.026124215920134287,0.004081632653061225,0.01572581524909175,0.04081632653061224,0.014664723032069971,0.020672385151700414,0.0031383737517831673,0.012921897530460254,0.03138373751783167,0.012727283019722393,114,0.16262482168330955,65679,11.805984223596,24.366754682758618,161.5938409472318,11.754264089841246,14.89319592854442,11.804907882399275,12.955738605815656,249.17468636018705,0.0,False
28,28000,0.03054989816700611,0.004073319755600814,0.016670879972728463,0.038696537678207736,0.014549995150809814,0.03741209563994374,0.005063291139240507,0.020279627789064617,0.05063291139240506,0.018851717902350816,0.032783882783882785,0.004395604395604396,0.017845705841508228,0.042582417582417584,0.015950418628990055,129,0.1771978021978022,65679,11.853139985218766,26.320297931539496,155.57821520306453,11.662572511964877,14.867602008005083,11.665222095969332,12.678353540048274,244.62540327581036,0.0,False
29,29000,0.01492063492063492,0.0025263157894736847,0.00953248598912366,0.02526315789473684,0.010444444444444445,0.020926756352765318,0.0031390134529147985,0.01123865156317477,0.03139013452914798,0.009043348281016442,0.016839496065857096,0.0027220630372492838,0.010077579002036837,0.027220630372492838,0.00999681630054123,121,0.17335243553008595,65679,11.711667824310796,25.939616760575767,146.68553806077966,11.665110306635466,14.73069863078616,11.67692831933586,12.68190066150681,235.0914605639305,0.0,False
30,30000,0.016931818181818183,0.0022727272727272726,0.008149843120018199,0.022727272727272728,0.006056096681096681,0.0203567985725662,0.0058091286307053935,0.012829644798520695,0.058091286307053944,0.017628268458143977,0.018143889068999202,0.0035242290748898684,0.00980598438950293,0.03524229074889868,0.010151388014824137,116,0.17033773861967694,65679,11.70996383124956,24.212820852029594,145.1161884905702,11.660447453047846,14.721579152917123,11.679180528553594,12.941361760738374,232.0415420691063,0.0,False
31,31000,0.017857142857142856,0.003393665158371041,0.010915062975326326,0.03167420814479638,0.011500754147812972,0.020709219858156026,0.0034042553191489357,0.01058188950878994,0.03404255319148936,0.010867950016886186,0.01884715481465851,0.0033973412112259975,0.010799411919733931,0.03249630723781388,0.011281095402218003,120,0.17725258493353027,65679,11.803425984653268,24.92403102700904,146.31309721048913,11.696899723516452,14.663185247133434,11.689553258340673,12.602318564669881,233.6925110158119,0.0,False
32,32000,0.026274509803921573,0.0037647058823529413,0.012089046124590996,0.03529411764705882,0.010592903828197945,0.009382891414141413,0.0023437500000000003,0.007493480830412763,0.0234375,0.01081814236111111,0.019924650321126093,0.0032305433186490457,0.010361491476559239,0.030837004405286344,0.010677574994755613,133,0.19530102790014683,65679,11.752059498217408,27.68732782765758,146.20133078374099,11.710657328372134,15.430992986873587,11.708234709351812,12.823812769490948,237.31441590370446,0.0,False
33,33000,0.011232676878191102,0.002188183807439825,0.00727982605210928,0.0175054704595186,0.008265603834531624,0.014705882352941176,0.0024221453287197234,0.010997389161410772,0.02422145328719723,0.014302191464821224,0.012578194816800715,0.002278820375335121,0.008720008007321253,0.020107238605898123,0.010604174645729606,157,0.21045576407506703,65679,11.773926369649038,31.377087284557152,152.17084581506737,11.767265538127278,15.317322130932107,11.748704191369072,13.293118501791005,247.448269831493,0.0,False
34,34000,0.014668826493880488,0.003455723542116631,0.009859561423439437,0.028077753779697623,0.012874112928108607,0.014423076923076922,0.0020161290322580645,0.010352719812196539,0.020161290322580645,0.011928763440860215,0.014583107937538316,0.0029535864978902956,0.01003157728899747,0.02531645569620253,0.012544370772218871,121,0.170182841068917,65679,11.719020770904406,26.866171702909224,150.69472317366834,11.804052025461004,15.293184991422779,11.727690548697655,12.33667251540789,240.4415157284713,0.0,False
35,35000,0.024662402274342573,0.0031982942430703624,0.012989564128378695,0.031982942430703626,0.012146749246962464,0.006336088154269972,0.0012396694214876034,0.0029171819834018483,0.012396694214876033,0.003168044077134986,0.01842475386779184,0.002531645569620253,0.009561270908850712,0.02531645569620253,0.009090706137119639,104,0.14627285513361463,65679,11.852254291724526,24.913431066588345,176.55807679754776,11.883609211811933,15.563466636820886,11.996157540232824,12.993553698376417,265.7605492431027,0.0,False
36,36000,0.024492164901151078,0.00391705069124424,0.013342988749744001,0.03917050691244239,0.012346390168970814,0.015153769841269843,0.0031249999999999997,0.0099480590128842,0.03125,0.015114795918367346,0.02131313679565959,0.003647416413373861,0.012187267988259814,0.0364741641337386,0.013288826168765379,106,0.16109422492401215,65679,11.770128542696808,25.85711003655171,161.80496827184615,11.675608817976121,14.524208433112918,11.668821755029743,12.68744960304137,249.98829546025482,0.0,False
37,37000,0.03353909465020576,0.0051440329218107,0.01742654685206365,0.047325102880658436,0.01562887843752041,0.0198744769874477,0.0029288702928870294,0.01115010068587876,0.02510460251046025,0.010865378229394965,0.02903448275862069,0.004413793103448276,0.015357483909004079,0.04,0.01405856595511768,122,0.16827586206896553,65679,11.764518887728837,25.661121656882223,153.3328060791938,11.660263252765215,14.976574471919566,11.668334170593376,12.89753090499314,241.96114942407615,0.0,False
38,38000,0.026228551121941317,0.0036247334754797443,0.013774523130818454,0.03624733475479744,0.011504552069584052,0.017912867274569404,0.00425531914893617,0.010393077742629164,0.03404255319148936,0.00936676798378926,0.023452719155844157,0.003835227272727273,0.012645773604931404,0.03551136363636364,0.010790945165945165,103,0.14630681818181818,65679,11.708281089881437,24.91398666251872,149.77844114371848,11.66954452018129,15.571546391604517,11.680431196288769,12.868953253865682,238.19118425805888,0.0,False
39,39000,0.022114627227409183,0.0035164835164835165,0.011677898734282972,0.035164835164835165,0.011119832548403978,0.026181353767560662,0.0038314176245210726,0.014584274258832715,0.038314176245210725,0.013803746275010643,0.023597051287436468,0.0036312849162011183,0.012737345678287838,0.036312849162011177,0.012098186574443559,111,0.15502793296089384,65679,11.715168976494938,24.260998810008566,152.55859347052848,11.732702209511434,14.966059759239162,11.71822794766679,12.910543466734815,239.86229464018422,0.0,False
40,40000,0.02793470028891195,0.004751619870410367,0.012869444109655476,0.04535637149028078,0.011839624258630738,0.03326558265582656,0.005691056910569105,0.022876368932430717,0.04878048780487805,0.024638663053297198,0.02978434353610658,0.005077574047954866,0.016341522397952668,0.0465444287729196,0.01628047551883941,113,0.15937940761636107,65679,11.795577068965738,24.739794067021524,157.13834262273164,11.669301161769743,15.439886357963491,11.67685340183744,12.689952740596242,245.14970742088585,0.0,False
41,41000,0.02519057519057519,0.0033264033264033266,0.011959448259774231,0.031185031185031187,0.008620433620433618,0.010612073112073113,0.001984126984126984,0.008438768134146034,0.01984126984126984,0.008999433106575963,0.02017859357559221,0.0028649386084583905,0.010749064369380907,0.027285129604365622,0.008750730851685831,120,0.16371077762619374,65679,11.760627305117122,24.827670210659374,161.17586148610766,11.912289637374188,15.425518161606838,11.712641232886762,13.20093591467876,250.01554394843072,0.0,False
42,42000,0.015261958997722097,0.002050113895216401,0.005777297123627599,0.02050113895216401,0.004220450518855986,0.019656488549618323,0.0034351145038167942,0.01093336867596426,0.03435114503816794,0.009747970434993335,0.01690442225392297,0.002567760342368046,0.0077043880604495745,0.025677603423680456,0.006286370944002898,124,0.1768901569186876,65679,11.756174269777347,27.264847082243694,151.9320368806379,11.774778822829997,14.995727465650505,11.68966685794956,12.192272370927308,241.60550375001628,0.0,False
43,43000,0.027309682187730968,0.003547671840354767,0.016714503333275905,0.03325942350332594,0.015117199873297432,0.010802469135802469,0.00205761316872428,0.007214818201499635,0.0205761316872428,0.009945130315500685,0.0215297790585975,0.0030259365994236313,0.01338824470644358,0.02881844380403458,0.013306230273089062,100,0.1440922190201729,65679,11.714530216415387,23.256000257352444,153.568299062129,12.905582871949179,15.24214929970319,11.782732350083466,12.649291662633274,241.11858572026597,0.0,False
44,44000,0.028711484593837537,0.0037815126050420172,0.01654892161234806,0.037815126050420166,0.01689925970388155,0.027439024390243903,0.0040650406504065045,0.012043608046024973,0.04065040650406504,0.009823848238482384,0.028277931671283472,0.0038781163434903044,0.015013870175623018,0.038781163434903045,0.014488523941432529,110,0.1523545706371191,65679,11.917723522821694,25.320710672394746,158.12721563938752,11.80784578320819,15.356901318755098,11.668465129883662,12.987231060706053,247.18609312715697,0.0,False
45,45000,0.031275221953188055,0.004842615012106538,0.016926843399577913,0.048426150121065374,0.018551827510665284,0.024877113379787177,0.0049586776859504135,0.018389333113426415,0.045454545454545456,0.023839039748130657,0.028911340617672008,0.004885496183206107,0.017467183110648654,0.04732824427480916,0.02050527081061432,111,0.16946564885496182,65679,11.769954537992067,25.022967965322024,146.6889118106121,11.695419837495432,14.696508490456145,11.685470636353667,12.627085398451628,234.18631867668307,0.0,False
46,46000,0.025730337078651685,0.0044943820224719105,0.016876161304449053,0.04044943820224719,0.0182673443909399,0.026560424966799466,0.00398406374501992,0.013554979732587487,0.0398406374501992,0.011254980079681275,0.02602969348659004,0.004310344827586207,0.01567843634103346,0.040229885057471264,0.01573846013501186,112,0.16091954022988506,65679,11.763644553642802,24.181527659006623,147.87026447849252,11.677113306430078,14.877640207933487,11.67949046484984,12.649067786666897,234.69874845702225,0.0,False
47,47000,0.03247261345852895,0.003990610328638498,0.015310833590015392,0.03990610328638498,0.011700760116253072,0.011711711711711712,0.002316602316602317,0.008637153416243219,0.023166023166023165,0.009045780474351903,0.024622871046228713,0.0033576642335766426,0.012787500502413942,0.033576642335766425,0.010696906499826207,108,0.15766423357664233,65679,11.75188083510359,23.548830952584492,149.76787738629412,11.809234867118587,14.7017216746443,11.720481592748106,12.876197680564832,236.17622498905803,0.0,False
48,48000,0.02510460251046025,0.0031380753138075313,0.01283768423473009,0.03138075313807531,0.011884007438400743,0.028735632183908042,0.004597701149425288,0.01321582761401606,0.0421455938697318,0.011690384966247035,0.02638700947225981,0.0036535859269282815,0.012971236903192388,0.035182679296346414,0.011815623858925617,104,0.14073071718538566,65679,11.763303205417074,24.754780017592278,161.52975158312614,11.879090270503974,15.08954342229439,11.694686737038356,12.983634478460488,249.6947897144327,0.0,False
49,49000,0.011940673705379587,0.0020361990950226246,0.007482452712085734,0.01809954751131222,0.007999353587588881,0.012264150943396227,0.0026415094339622643,0.005229458810145218,0.026415094339622643,0.006430068882899072,0.012061920477762061,0.0022630834512022634,0.006637978335827972,0.021216407355021217,0.007411149278193125,113,0.15983026874115983,65679,11.776150990671155,26.045481518749067,144.8149942350919,11.683336791603466,15.031983749214453,11.680605916428167,13.0483511497307,234.0809043514889,0.0,False
50,50000,0.02610084033613445,0.004,0.014946199105816354,0.04,0.014300653594771241,0.02299498746867168,0.004135338345864662,0.015336467161409158,0.041353383458646614,0.018425528105979232,0.024905244297429536,0.004052098408104197,0.015096432539662499,0.04052098408104197,0.015888521351618314,106,0.15340086830680175,65679,11.716273385574752,23.73345356687824,149.07390282744433,11.662255755389914,14.737756905303101,11.678501718882794,12.82512466628874,235.42726882576181,0.0,False
51,51000,0.01747311827956989,0.002304147465437788,0.009449748666618232,0.02304147465437788,0.008643296028088656,0.02394278606965174,0.0037313432835820895,0.012380047178647609,0.033582089552238806,0.011918088130774697,0.019943019943019943,0.002849002849002849,0.010568438127051097,0.027065527065527065,0.009893501560168227,112,0.15954415954415954,65679,11.765480795308466,24.91425153497255,146.48718396609306,11.737932581336318,14.855854981822569,11.714007159987355,12.762942953379804,234.2376539729001,0.0,False
52,52000,0.03152400835073069,0.0043841336116910235,0.019029177823584296,0.04175365344467641,0.017158763296550354,0.02540983606557377,0.003278688524590164,0.012402617071773696,0.03278688524590164,0.012960252406973717,0.029460580912863066,0.00401106500691563,0.01679282813694282,0.03872752420470263,0.015741838459680784,101,0.1396957123098202,65679,11.732174333606988,23.330486306621935,146.06135284560457,12.056510180623315,15.361114237291694,11.688116033343674,12.398790044070365,232.62854398116255,0.0,False
53,53000,0.0178544061302682,0.002988505747126437,0.011067441736557939,0.027586206896551724,0.010063856960408686,0.022247872533043635,0.0045627376425855515,0.013394255326464398,0.045627376425855515,0.01893596475345525,0.019509823986901348,0.0035816618911174787,0.01194416376255421,0.034383954154727794,0.013406785827989267,111,0.15902578796561603,65679,11.726510385983573,25.645079444257952,153.41383354107973,11.823760865186175,14.988954028041096,11.688833022207787,12.55537218651688,241.8423434732732,0.0,False
54,54000,0.019036334913112164,0.003080568720379147,0.010600719518903042,0.02843601895734597,0.010787632588580455,0.03405017921146953,0.0064516129032258064,0.02455160514168531,0.06451612903225806,0.03096358166922683,0.02459369817578773,0.004328358208955225,0.01576462942106723,0.041791044776119404,0.018255745084103294,94,0.14029850746268657,65679,11.763549496736012,21.732990571746157,148.08780646712037,11.733549789420469,14.871999576716172,11.736854594808152,13.126012050853827,233.0527625474012,0.0,False
55,55000,0.020687134502923976,0.003289473684210526,0.010289346440866055,0.03289473684210526,0.008689257866889444,0.008143685854529228,0.0028112449799196785,0.004347874540509861,0.024096385542168676,0.00536431440045898,0.016256895193065408,0.003120567375886525,0.008190869131378547,0.029787234042553193,0.007514916131937408,88,0.12482269503546099,65679,12.021343699750165,24.86688374494714,170.8155502166183,12.224085732951902,16.061299362978357,12.100172517310465,12.647691938205696,260.737027212762,0.0,False
56,56000,0.022350877192982458,0.0029473684210526317,0.013113377841651695,0.029473684210526315,0.011286549707602338,0.01287001287001287,0.0019305019305019305,0.007593700469715393,0.019305019305019305,0.007115278543849973,0.019005449591280654,0.0025885558583106268,0.011165698768992972,0.025885558583106268,0.009814670645733315,101,0.13760217983651227,65679,11.84191967984992,24.484026620147024,154.75333851420677,11.933156861355931,15.097123924764922,11.814477766096399,12.618619320019578,242.54266268644056,0.0,False
57,57000,0.021375469898445826,0.0032822757111597373,0.012259588937692096,0.03282275711159737,0.01264544475704213,0.016666666666666666,0.002413793103448276,0.007601242504744982,0.02413793103448276,0.005406403940886699,0.019547420451034907,0.002945113788487283,0.010451127805758142,0.029451137884872823,0.009835107626272285,109,0.1459170013386881,65679,11.730453819669071,24.391186435678,141.9408618243429,11.676937503349652,15.16278557386029,11.689115658294197,12.90007634879159,229.49141716398572,0.0,False
58,58000,0.02639873916469661,0.003546099290780142,0.017765756748888265,0.03546099290780142,0.01756538706893317,0.019143554857840573,0.0029304029304029304,0.009290238953825983,0.029304029304029304,0.008215593929879644,0.02355295566502463,0.0033045977011494257,0.01444130795858366,0.033045977011494254,0.013898011311804417,110,0.15804597701149425,65679,11.71067468071392,24.87293926224654,142.75241913330217,11.745794152461311,14.689858538054906,11.66933024335584,13.080332186270194,230.52134819640486,0.0,False
59,59000,0.02195626477541371,0.0034042553191489366,0.013331574189322801,0.03404255319148936,0.014615839243498819,0.016322314049586777,0.0028925619834710746,0.012364870776244347,0.024793388429752067,0.015059687786960515,0.020041354556803996,0.0032303370786516852,0.013003003647237147,0.03089887640449438,0.014766697877652935,73,0.10252808988764045,65679,11.748407168487088,20.15520063324179,139.38393753099194,11.702848014152542,16.069881434802383,11.692023806708987,12.455043778850094,223.20734236723482,0.0,False
60,60000,0.02587719298245614,0.004166666666666667,0.016067979701547618,0.041666666666666664,0.019471421609579508,0.008974358974358974,0.0015384615384615385,0.007824613993217471,0.011538461538461539,0.009615384615384616,0.01973929236499069,0.0032122905027932966,0.013074578746008739,0.030726256983240222,0.015892413762525495,119,0.16620111731843576,65679,11.737344827606952,26.634183622236545,153.25743929004918,11.698356039270205,15.117399593317025,11.685068385598393,12.562962693044021,242.69275445112234,0.0,False
61,61000,0.03062770562770563,0.004318181818181818,0.013724467211710008,0.04090909090909091,0.00930465367965368,0.022556390977443608,0.0033834586466165413,0.014523102878421344,0.03383458646616541,0.015574650912996776,0.02758667206259274,0.003966005665722379,0.014025369601717396,0.03824362606232295,0.011667003912046406,89,0.12606232294617564,65679,11.72557752157112,22.534477170656555,145.27081103827416,11.671505172007949,14.952652008170045,11.687903134058667,12.802887582239602,230.6458136269781,0.0,False
62,62000,0.028008298755186723,0.0029045643153526968,0.013030020854834748,0.029045643153526972,0.008604195481788843,0.014622057001239157,0.0037174721189591076,0.0131743683996206,0.026022304832713755,0.019531480498023248,0.023213493120284066,0.0031957390146471376,0.013081724569278683,0.02796271637816245,0.012518229662037916,85,0.11318242343541944,65679,11.775319051466129,21.72131256164729,146.5540466547323,11.71911313324614,15.292577494996351,11.696158736137358,12.408062764465711,231.1665903966913,0.0,False
63,63000,0.027170311464546057,0.0033797216699801196,0.014148032192534346,0.033797216699801194,0.013559910378995867,0.013888888888888888,0.0018115942028985507,0.008930171722678052,0.018115942028985508,0.008281573498964802,0.022464698331193838,0.00282413350449294,0.012299342218618637,0.028241335044929396,0.01168979358966522,105,0.13478818998716302,65679,11.71693958284918,24.342891007713906,146.52128672439957,11.667998872840272,15.306418112663936,12.005705262337074,12.509042413061735,234.0702819758657,0.0,False
64,64000,0.015668044077134985,0.0024793388429752063,0.009062529318017317,0.022727272727272728,0.008712121212121213,0.013489208633093525,0.0025179856115107916,0.006624292158694115,0.017985611510791366,0.0067745803357314146,0.014873140857392825,0.0024934383202099737,0.008172988727083132,0.02099737532808399,0.008005249343832021,90,0.11811023622047244,65679,11.83036259933684,22.710912601095824,151.63830544164327,11.76268795423374,15.327371994527939,12.03249854028754,11.823861520456752,237.1260006515819,0.0,False
65,65000,0.03840245775729646,0.005069124423963134,0.021060057697352745,0.05069124423963134,0.019562394850413282,0.017918088737201365,0.0027303754266211604,0.008920320646427043,0.027303754266211604,0.009129692832764505,0.0301467216872994,0.0041265474552957355,0.01616742639622313,0.04126547455295736,0.015357743280714395,97,0.13342503438789546,65679,11.740415457286296,23.619549962768797,143.76869042424107,11.683414650413143,19.526240927221494,11.717835881039363,12.930985969737685,234.98713327270784,0.0,False
66,66000,0.02614517265680056,0.003171247357293869,0.010921375621114901,0.03171247357293869,0.006838316722037652,0.008620689655172414,0.001149425287356322,0.005538664981289002,0.011494252873563218,0.004857690202517789,0.019913714804722978,0.002452316076294278,0.009007359984882531,0.02452316076294278,0.006134033995069417,99,0.13487738419618528,65679,11.76184022197782,22.959225849196464,151.0539054768306,11.702311202392568,15.889878283586317,11.771850843493581,12.813207772185281,237.95221964966262,0.0,False
67,67000,0.021925693354264784,0.0035164835164835165,0.009922579588141604,0.03296703296703297,0.007057387057387058,0.014130855594270228,0.0020325203252032522,0.006333034693683033,0.02032520325203252,0.005052264808362369,0.019190272399972827,0.0029957203994293866,0.008662910481099082,0.028530670470756064,0.00635373502705885,64,0.0912981455064194,65679,11.7298238945171,18.149433805923763,140.5613797640058,11.7030152568115,15.508635782635755,11.712679282120664,12.542368490395251,221.90733627640986,0.0,False
68,68000,0.016837899543378994,0.0025114155251141556,0.007969683715788174,0.02054794520547945,0.0064588316300645075,0.023273273273273273,0.0042471042471042475,0.010991425928736843,0.03474903474903475,0.010433903291046147,0.01922923641001116,0.003156384505021521,0.009092540578275554,0.02582496413199426,0.00793593860308351,82,0.11764705882352941,65679,11.752019528139812,20.55185639304388,143.91108463400124,11.709781221225235,14.998972370436348,11.778736384672472,13.368193301110942,228.0706438326299,0.0,False
69,69000,0.02076095947063689,0.0027295285359801493,0.011642564113967533,0.02729528535980149,0.010987041632202923,0.015632183908045976,0.0020689655172413794,0.008741041836723105,0.020689655172413793,0.0071592775041050905,0.01861471861471861,0.0024531024531024535,0.010428362872407814,0.024531024531024532,0.009385235575711767,98,0.1414141414141414,65679,11.783093526132603,23.507737166663517,148.15107173709805,11.949694080776174,16.23657181268681,11.813474305739923,12.89797928149053,236.33962191058762,0.0,False
70,70000,0.019641401792991033,0.0031784841075794628,0.011626779499416057,0.03178484107579462,0.014475880001552375,0.009457900807381776,0.0027681660899653983,0.007129189406389921,0.02768166089965398,0.011072664359861593,0.01542502387774594,0.003008595988538682,0.009764596781816409,0.03008595988538682,0.013066812207213355,93,0.1332378223495702,65679,11.902521191698574,23.387048684226503,164.33806207845348,11.711114072578827,15.327053046423899,11.949455166325452,15.18447145969562,253.79972569940236,0.0,False
71,71000,0.018810554524840237,0.0024943310657596376,0.009040360591679338,0.024943310657596373,0.007401108591584783,0.016978557504873294,0.0035087719298245615,0.010953452420900432,0.03508771929824561,0.011854636591478696,0.018091382140968917,0.0028925619834710746,0.009791367714720677,0.028925619834710745,0.009149394376667104,95,0.13085399449035812,65679,12.181930662352736,24.108134686010725,165.65543923748385,11.732388564632268,15.415723066642546,11.758606577053076,13.524121939278988,254.3763447334542,0.0,False
72,72000,0.03329702251270878,0.004357298474945534,0.015080380693048154,0.04357298474945534,0.0117794031192724,0.01982651796778191,0.0026022304832713753,0.010308681534544943,0.026022304832713755,0.007670974213725142,0.02831959706959707,0.003708791208791209,0.013317211635853974,0.03708791208791209,0.010261316064887492,86,0.11813186813186813,65679,14.599893030473044,21.606587641508774,156.20907122846154,11.698211903641425,15.300405527773897,11.702058697809353,12.440133905534944,243.55636193520297,0.0,False
73,73000,0.021731321839080456,0.0028017241379310344,0.012923078614422538,0.028017241379310345,0.011748255336617405,0.016795865633074933,0.0031007751937984496,0.008736484676154786,0.027131782945736434,0.010012919896640826,0.019967682363804244,0.0029085872576177286,0.011427038121246525,0.027700831024930747,0.011128149320670095,75,0.1038781163434903,65679,11.957632581841015,19.98791358078303,158.5222799026613,11.662908758907491,14.987383583759534,11.69892292814112,13.927062947800135,242.74410428389362,0.0,False
74,74000,0.027210884353741496,0.0036281179138321997,0.015037651817741101,0.034013605442176874,0.012785696289097651,0.024867197875166006,0.004780876494023905,0.020176673669085668,0.04780876494023904,0.024394485549864033,0.02636078998073218,0.004046242774566474,0.016901661188676774,0.03901734104046243,0.0169963987521791,80,0.11560693641618497,65679,11.76494829409694,24.569439902318024,141.79930336955317,11.656299036561652,15.208142176408728,11.694779291148565,12.755556764273285,229.44846883436037,0.0,False
75,75000,0.028295454545454544,0.0038636363636363642,0.017559804913733653,0.038636363636363635,0.017278138528138528,0.007440476190476189,0.0014285714285714286,0.00466590150813995,0.014285714285714285,0.005654761904761905,0.020185185185185184,0.002916666666666667,0.012545509144891658,0.029166666666666667,0.01275793650793651,92,0.12777777777777777,65679,11.734728340852262,24.712850143264465,142.66137213471418,11.663931691521107,15.06251911882403,11.679925763733584,13.227973693075157,230.7433008859848,0.0,False
76,76000,0.019264069264069265,0.002597402597402598,0.011670386761610172,0.025974025974025976,0.011444375730090016,0.0101010101010101,0.0017316017316017316,0.004047314863138327,0.017316017316017316,0.00284992784992785,0.016209716209716212,0.002308802308802309,0.00912936279545289,0.023088023088023088,0.00857955977003596,68,0.09812409812409813,65679,11.697967248258667,21.501620304620328,154.500264890927,11.787838728623962,15.52989116362924,11.871385456548728,14.149935752990478,241.0389035455984,0.0,False
77,77000,0.029906962785114045,0.0037815126050420172,0.016426028106354473,0.037815126050420166,0.013903061224489796,0.023076923076923078,0.003076923076923077,0.012867047936643334,0.03076923076923077,0.011457570207570206,0.027494177018633537,0.003532608695652174,0.015168779676836951,0.035326086956521736,0.013039164941338856,95,0.12907608695652173,65679,12.0208266089529,26.758824054749773,167.12075067485884,11.689952588267438,15.464029705019449,11.745895277182756,12.686308094509574,257.48658700354076,0.0,False
78,78000,0.025253350768224908,0.0036613272311212816,0.01363956370280421,0.034324942791762014,0.012694780429334205,0.016119221411192212,0.0032846715328467154,0.009459033947401793,0.029197080291970802,0.00851581508515815,0.021733306543433126,0.0035161744022503523,0.012028501602972617,0.03234880450070324,0.01108432121090349,87,0.12236286919831224,65679,11.79589268883105,24.347153547057964,148.70755241061516,11.66268614774535,14.831168158774972,11.680518723806987,12.950236723513475,235.97520840034497,0.0,False
79,79000,0.02359835286664555,0.0028824833702882483,0.011332572483681004,0.028824833702882482,0.008308696723330868,0.02433679354094579,0.0038062283737024223,0.012595295078963105,0.03806228373702422,0.011278629098698303,0.02388674388674389,0.0032432432432432435,0.01182571684859523,0.032432432432432434,0.009468575718575718,82,0.11081081081081082,65679,11.703787347723537,22.955369626168064,143.03242834809438,11.668085104863529,15.567055058285373,11.693372613728187,12.633489580946705,229.25358767980978,0.0,False
80,80000,0.018866160783019902,0.003002309468822171,0.01206077492182675,0.02771362586605081,0.013493896403827121,0.02398081534772182,0.003237410071942446,0.009272778558050537,0.03237410071942446,0.005945243804956035,0.020865983524211373,0.0030942334739803095,0.010970672264822831,0.029535864978902954,0.010542383854620141,79,0.1111111111111111,65679,11.739988171253351,23.111805031887645,145.21532111305692,11.705000202970329,15.14986429974191,11.749145856887466,13.35013870685034,232.02126338264796,0.0,False
81,81000,0.02555555555555555,0.004222222222222223,0.013430728809538307,0.04,0.01191005291005291,0.029842342342342343,0.0033783783783783786,0.012155638683435357,0.033783783783783786,0.0070838695838695825,0.027256478999106347,0.003887399463806971,0.012924794925722662,0.03753351206434316,0.00999510617473084,86,0.11528150134048257,65679,11.79412732560739,24.97569461230864,147.58629248933647,11.757552568415763,15.49311483792573,11.70131646185263,12.71947583460567,236.0275741300523,0.0,False
82,82000,0.022665895061728395,0.003472222222222222,0.010737344279964126,0.034722222222222224,0.00889182833627278,0.03218157181571816,0.004471544715447155,0.01406949169804246,0.044715447154471545,0.00954477997160924,0.026118485742379547,0.0038348082595870206,0.011946353520151842,0.038348082595870206,0.009128739991571851,74,0.10914454277286136,65679,11.743856409448389,22.870247987787778,139.82018888512167,11.66273161260986,14.975094856969907,11.674863763275894,14.184018686660277,226.93100220187378,0.0,False
83,83000,0.019615587151132177,0.003317535545023697,0.012867359901882707,0.030805687203791468,0.013500526592943655,0.015289847996614911,0.0033834586466165413,0.009966587564515727,0.03383458646616541,0.01179436686955484,0.017943135675693812,0.003343023255813954,0.011745840364470473,0.03197674418604651,0.012840877630121815,72,0.10465116279069768,65679,11.744638241183159,21.717022131082647,153.89462782265315,11.728333117577705,14.89969919953385,11.69780708570184,12.446103550875499,238.12823114860785,0.0,False
84,84000,0.012962962962962963,0.0017777777777777779,0.00764562194422972,0.017777777777777778,0.00762962962962963,0.01682769726247987,0.0025362318840579713,0.009259205497870992,0.025362318840579712,0.010144927536231883,0.01443220079583716,0.002066115702479339,0.008259050402638801,0.02066115702479339,0.008585858585858586,84,0.11570247933884298,65679,11.790400321499279,25.014236133026614,143.30245288158434,11.71476280058953,15.1698426985869,11.70470949803798,12.56260685194438,231.259011185269,0.0,False
85,85000,0.02740046838407494,0.003747072599531616,0.015543862400720665,0.03747072599531616,0.014353555629902233,0.016920174507723148,0.004669260700389106,0.009041994878635771,0.038910505836575876,0.014494163424124514,0.02346269714690767,0.004093567251461988,0.013100909252802804,0.038011695906432746,0.014406386336210898,65,0.09502923976608187,65679,11.80073739762491,22.754436954271206,152.05506403046658,11.728681163471894,15.398489596685911,11.726685306742008,12.870444123732478,238.334538572995,0.0,False
86,86000,0.019271948608137045,0.002355460385438972,0.009130399485540107,0.023554603854389723,0.006575235376091909,0.01800232288037166,0.002439024390243903,0.006283993754517731,0.024390243902439025,0.0037456445993031364,0.01878868258178603,0.002387267904509284,0.008046953272272969,0.023872679045092837,0.005498189549913688,90,0.11936339522546419,65679,11.721005916700417,24.8529487424827,142.28474112379374,11.666285339613502,15.05875481449398,11.67618606670931,12.879753281212075,230.1396752850057,0.0,False
87,87000,0.02297297297297297,0.002927927927927928,0.012835876678368571,0.02927927927927928,0.01097972972972973,0.023985239852398525,0.004059040590405905,0.01296568409949471,0.03690036900369004,0.010982252679669654,0.023356643356643357,0.003356643356643357,0.012885076414207988,0.032167832167832165,0.01098068598068598,77,0.1076923076923077,65679,11.801642510477633,23.968901605574132,142.68899245315285,11.670611105820544,14.972150436068365,11.68511424110702,12.960841847292626,229.74825419949315,0.0,False
88,88000,0.019473368041649976,0.003083700440528634,0.010327781820723653,0.030837004405286344,0.009905775819872736,0.017575757575757578,0.0021818181818181823,0.0070925764467006935,0.02181818181818182,0.004363636363636364,0.018757534189632954,0.0027434842249657062,0.009107368270852166,0.027434842249657063,0.007815119646395367,82,0.11248285322359397,65679,11.749982986947183,25.48326744336235,169.42508783825485,11.952397423600075,15.7332991383638,11.83699188479076,12.905432061859068,259.0864587771781,0.0,False
89,89000,0.018469551282051282,0.002884615384615385,0.011198929900246872,0.02403846153846154,0.01216613247863248,0.01655576679340938,0.0034220532319391636,0.012980146681211169,0.026615969581749048,0.013371356147021547,0.017728276877761413,0.0030927835051546395,0.011888856282269863,0.025036818851251842,0.01263295696285387,65,0.09572901325478646,65679,12.238779035472769,22.05516557184442,160.76950742599516,11.819048170224471,15.69374549322336,11.791353567186524,13.56397315848551,247.9315724224322,0.0,False
90,90000,0.024107820804859532,0.0036446469248291574,0.01302725243927383,0.03416856492027335,0.011837871063383592,0.022869674185463658,0.0033834586466165418,0.013970124605338967,0.03383458646616541,0.01489139515455305,0.023640661938534275,0.0035460992907801418,0.013383002788455852,0.03404255319148936,0.012989980862321289,71,0.10070921985815603,65679,11.8111286180958,23.153159974760584,159.02549352966867,11.691077549082912,15.248675670025829,11.713438903392797,13.77475225622371,246.41772650125026,0.0,False
91,91000,0.02161985301520185,0.003382663847780127,0.012088335116456097,0.03382663847780127,0.01206751904426323,0.009943181818181818,0.001893939393939394,0.006509781431314491,0.01893939393939394,0.008838383838383838,0.017437164825224526,0.002849389416553596,0.010090047229241193,0.028493894165535955,0.010910813895888523,55,0.07462686567164178,65679,11.791966718032592,20.752572746005754,150.71679557237746,11.676206977079968,15.322686007686325,11.686948505517519,12.896952968289439,234.84412949498903,0.0,False
92,92000,0.028312412831241283,0.003765690376569038,0.012724876150944205,0.03765690376569038,0.009437470943747094,0.020910780669144983,0.004089219330855019,0.010708662530427094,0.040892193308550186,0.011714462736767569,0.025647032574743416,0.0038821954484605094,0.01199882332106589,0.038821954484605084,0.010257431843777226,86,0.11512717536813923,65679,11.750594330239144,24.577737329348203,143.4123609917251,11.666246294818327,15.451431435258705,11.669928769133392,12.97206152704039,231.5003606775633,0.0,False
93,93000,0.020519389190275267,0.002953586497890295,0.011940629931379228,0.029535864978902954,0.01085911861228317,0.020508274231678485,0.003191489361702128,0.013904086618248133,0.031914893617021274,0.01416891815827986,0.020515243134290755,0.0030423280423280425,0.012673030441560484,0.03042328042328042,0.012093726379440664,72,0.09523809523809523,65679,11.749462594357052,22.100335839349977,142.92580699948667,11.793442670500475,15.331423960811275,11.777984698264909,13.051159686257307,228.72961644902765,0.0,False
94,94000,0.018850574712643675,0.002988505747126437,0.011822278166656498,0.029885057471264367,0.012866265280058383,0.008389261744966443,0.0010067114093959733,0.004800928047226151,0.010067114093959731,0.004865771812080537,0.014597544338335607,0.0021828103683492503,0.008967759291362851,0.021828103683492497,0.009613677212585808,86,0.11732605729877217,65679,11.727047948915242,23.75304356209626,142.00966741331408,11.666225045205147,15.11867036014386,11.691406023642964,12.425888319879396,228.39194867319694,0.0,False
95,95000,0.023436667731969743,0.002684563758389262,0.012844232901124996,0.026845637583892617,0.009917971662938107,0.015057471264367817,0.002413793103448276,0.01059138558385401,0.02413793103448276,0.009894636015325671,0.020139561930606707,0.002578018995929444,0.011957766521194757,0.025780189959294438,0.009908789386401325,81,0.10990502035278155,65679,11.747758436854438,22.283533006386968,144.6542704634998,11.66936198158594,15.179837613423647,11.694654278873728,13.561400808752982,230.79081658937753,0.0,False
96,96000,0.019142857142857145,0.003058823529411765,0.008763238629189237,0.03058823529411765,0.007828197945845003,0.020598591549295775,0.0031690140845070424,0.011826656869526404,0.03169014084507042,0.014172535211267608,0.019725972194237353,0.0031029619181946405,0.00999033422898579,0.031029619181946404,0.010369512167819643,56,0.07898448519040903,65679,11.765865974788792,18.80511466930898,143.5810024881523,11.704594935359191,15.387460310673646,11.686429918611463,12.645112971637618,225.57558126853198,0.0,False
97,97000,0.01659324522760646,0.003083700440528634,0.00975748015744411,0.030837004405286344,0.010494021397105098,0.021453722334004027,0.0035211267605633804,0.013259331375089419,0.035211267605633804,0.01654929577464789,0.018463672731965416,0.0032520325203252037,0.011105076018976994,0.032520325203252036,0.012824235385210993,69,0.09349593495934959,65679,11.721853254213071,22.86137015055159,159.87823605757845,11.848159348744336,15.811017974456249,11.813966736912151,12.406936436896304,246.34153995935216,0.0,False
98,98000,0.03034913516976297,0.004260089686098655,0.019186444720640707,0.04035874439461883,0.01819880418535127,0.010696517412935322,0.002238805970149254,0.006756874308772495,0.022388059701492536,0.008990760483297798,0.022972522342270242,0.0035014005602240898,0.014521003725709782,0.03361344537815126,0.014742563692143525,75,0.10504201680672269,65679,11.76591265080601,22.878119898095406,157.61567653632332,11.668720607881793,15.539659083491086,11.673739161437158,13.166314888374275,244.30814282640904,0.0,False
99,99000,0.019331911869225303,0.0034115138592750536,0.010202962351199172,0.029850746268656716,0.011149186042576234,0.01194743130227001,0.0021505376344086026,0.00598169081987071,0.021505376344086023,0.005904022301871765,0.01657754010695187,0.0029411764705882357,0.008628450643658208,0.026737967914438502,0.009192768016297427,76,0.10160427807486631,65679,11.745855229814556,22.766349315764266,161.32913422400168,11.746947543311153,15.38415091919751,11.804050852659564,12.652144114066315,247.42863219881505,0.0,False
100,100000,0.01905311778290993,0.0032332563510392614,0.00998446254041586,0.03233256351039261,0.01006818431760695,0.03259709773794281,0.004929577464788733,0.019590631190022214,0.04929577464788732,0.018427230046948358,0.024417818350872745,0.0039051603905160387,0.013789416370943343,0.03905160390516039,0.013379159195058775,80,0.11157601115760112,65679,11.807336703521798,24.999383977812595,148.21622172181762,11.677615198740776,15.102767043011916,11.704981461743008,12.780045474114488,236.2883515807622,0.0,False
101,101000,0.014916286149162862,0.0018264840182648403,0.0060711269533736045,0.0182648401826484,0.004288975864318329,0.010725806451612904,0.0019354838709677422,0.006537773670989754,0.01935483870967742,0.00629800307219662,0.013179590017825314,0.0018716577540106951,0.006264523320300084,0.01871657754010695,0.005121594092182327,82,0.10962566844919786,65679,11.779619426804944,22.164330441155204,142.0425992661005,11.699378332591381,15.491904406021717,11.71070479486641,13.538454130369166,228.42699079790933,0.0,False
102,102000,0.010542168674698794,0.0016867469879518074,0.005334689138096614,0.016867469879518072,0.004822145725760184,0.021961492178098677,0.0032490974729241884,0.01141073244042876,0.032490974729241874,0.01191765514870208,0.01511319845857418,0.0023121387283236996,0.007766862540908759,0.023121387283236993,0.007662400220203688,83,0.1199421965317919,65679,11.802340677762036,23.34243689716339,140.68367534169485,11.69470823028998,15.09473869982722,11.696851037537591,13.104375985215079,227.41912686949016,0.0,False
103,103000,0.013567733079928201,0.0019955654101995565,0.005368914616322775,0.017738359201773836,0.0033928131489107094,0.016891891891891893,0.0030405405405405407,0.009150953895826739,0.02702702702702703,0.009463481338481338,0.014884936571683556,0.0024096385542168677,0.0068675540095398755,0.0214190093708166,0.005798325577442042,74,0.09906291834002677,65679,11.749653575112568,21.83331192701088,145.37892125772098,11.672844032778462,15.383550452080508,11.680055776629866,12.954512104056127,230.6528491253894,0.0,False
104,104000,0.03394355453852021,0.004576659038901602,0.020752433063768685,0.043478260869565216,0.01968235806908576,0.016792929292929294,0.0034090909090909094,0.010463094665290211,0.03409090909090909,0.01311026936026936,0.02748454588682834,0.004136947218259629,0.016877418317408747,0.039942938659058486,0.01720727758530897,64,0.0912981455064194,65679,11.770362119897793,20.047156724760374,143.48840210535312,11.701777212477783,15.35177139370264,11.721790602620825,12.776165195023392,226.85742535383594,0.0,False
105,105000,0.01963768115942029,0.0026086956521739132,0.010353952898830374,0.02608695652173913,0.008541235334713595,0.02679738562091503,0.004313725490196079,0.010987639300790395,0.0392156862745098,0.007858699035169623,0.02219114219114219,0.0032167832167832163,0.010579952944284647,0.03076923076923077,0.008297813297813298,68,0.0951048951048951,65679,11.725313200788845,21.830555753644955,150.44768827918858,11.744752096257832,15.500638120190258,11.798292328883687,13.183068457389007,236.23030823634315,0.0,False
106,106000,0.013868808567603749,0.0028915662650602415,0.010625672153190609,0.02891566265060241,0.016555746796710652,0.005703422053231939,0.001140684410646388,0.0034900491777692475,0.011406844106463879,0.003548795944233207,0.010701409373975746,0.0022123893805309734,0.007857724007857544,0.022123893805309734,0.011510277660720138,74,0.10914454277286136,65679,12.037566889448042,22.04837080495639,160.39428236179833,11.755600973977625,15.527688076107799,11.879772428568385,13.112604970142577,246.75588650499915,0.0,False
107,107000,0.022879464285714284,0.003125,0.016291938342957713,0.03125,0.0161546910430839,0.015389082462253194,0.0024390243902439024,0.006070218974365855,0.024390243902439025,0.0040456833139759975,0.019954648526077097,0.002857142857142857,0.012300600303793272,0.02857142857142857,0.011426411834575101,69,0.09387755102040816,65679,11.72465768381481,23.168267480729032,144.80699774864144,11.706926415989278,15.246850510845789,11.7630380383274,12.865328544921228,231.282066423269,0.0,False
108,108000,0.028774289985052316,0.0033632286995515697,0.01512961240225303,0.033632286995515695,0.012141433553989606,0.02233115468409586,0.0029411764705882353,0.011802128563803405,0.026143790849673203,0.009876543209876543,0.026152482269503542,0.0031914893617021275,0.013775609670117941,0.030585106382978722,0.01121981594056062,83,0.11037234042553191,65679,11.785587463945813,23.95107433070254,147.49095271494872,11.716420500334362,15.553842752025899,11.708057379843096,12.950605796230308,235.15654093803073,0.0,False
109,109000,0.02138508371385084,0.0029680365296803654,0.010602783077686837,0.02968036529680365,0.008071501050953105,0.01084474885844749,0.0017123287671232876,0.005017133287833187,0.017123287671232876,0.004394977168949771,0.0171689497716895,0.0024657534246575346,0.008368523161745377,0.024657534246575342,0.006600891498151771,61,0.08356164383561644,65679,11.74631600333112,19.82179524883179,140.7001135771066,11.768655317018206,15.794689873626504,11.711006181844287,12.571267702776028,224.11384390453455,0.0,False
110,110000,0.009062253743104806,0.001182033096926714,0.004762300762277786,0.01182033096926714,0.004615557807047168,0.018050541516245487,0.0025270758122743686,0.013319640868019334,0.02527075812274368,0.014956162970603405,0.01261904761904762,0.0017142857142857146,0.008148562489835512,0.017142857142857144,0.008707482993197279,71,0.10142857142857142,65679,11.770393609975699,21.87927582720378,164.0465065297393,11.917240299360449,15.449760922693622,11.730367093919225,13.038840464277973,249.83238474717007,0.0,False
111,111000,0.023148148148148147,0.003472222222222222,0.012011780404408036,0.03009259259259259,0.009236294826572603,0.011948051948051947,0.002545454545454545,0.0067351520117986145,0.02181818181818182,0.0070909090909090896,0.018791675085875932,0.003111739745403112,0.009959343618032378,0.026874115983026876,0.008401809568711973,68,0.09618104667609619,65679,11.809944850445925,21.54357507179114,153.79322555203814,11.706619752326064,15.285336762569518,11.70511448100875,12.876211160594424,238.72002763077398,0.0,False
112,112000,0.022421972534332084,0.003146067415730337,0.010661859116467895,0.03146067415730337,0.009588014981273409,0.017716535433070866,0.001968503937007874,0.007669577141215207,0.01968503937007874,0.004893138357705287,0.020712128437450326,0.0027181688125894137,0.009574534908006976,0.027181688125894134,0.00788200831119286,67,0.09585121602288985,65679,11.724454920720301,23.37764218298538,152.19341158213135,11.68409130720624,14.958909834966727,11.667516106414478,12.457882270798526,238.06390820522302,0.0,False
113,113000,0.0263317191283293,0.0036319612590799038,0.013482882186279075,0.03631961259079903,0.010992928244744224,0.02641125024845955,0.004651162790697675,0.016743258210951087,0.03875968992248062,0.020424203273040484,0.026362298903282507,0.004023845007451565,0.014736499197255795,0.037257824143070044,0.014619260520899867,55,0.08196721311475409,65679,11.713931567038788,17.590582960788637,147.62525758520854,11.711090057028862,14.967783620215002,11.701806554968025,13.181438238460409,228.49189058370823,0.0,False
114,114000,0.02095671981776765,0.003416856492027335,0.014126053052891078,0.03416856492027335,0.015546697038724374,0.012937062937062937,0.0024475524475524473,0.006656974744418498,0.024475524475524476,0.00778943278943279,0.017793103448275862,0.00303448275862069,0.01117963043741086,0.030344827586206897,0.012486590038314175,67,0.09241379310344827,65679,11.752124889019555,19.851406692195095,149.13297649981826,11.700109451215358,15.326118783600545,11.676668798133589,12.627681734520696,232.0670868485031,0.0,False
115,115000,0.022916666666666665,0.0030000000000000005,0.013177360729736956,0.03,0.01131547619047619,0.015127388535031847,0.0028662420382165603,0.007431630545033618,0.025477707006369428,0.006740976645435244,0.019491129785247432,0.0029411764705882353,0.010650527007052294,0.028011204481792718,0.009303721488595438,83,0.11624649859943978,65679,11.743594669204327,22.204891291951327,144.001020313516,11.663380934712892,15.130734447737353,11.696767221167082,12.86406578308516,229.30445466137414,0.0,False
116,116000,0.0196078431372549,0.0031674208144796376,0.011623609898683223,0.029411764705882353,0.01194606047547224,0.025355871886120998,0.0035587188612099642,0.01190806624782125,0.03558718861209965,0.008574817827486866,0.021841862609497463,0.003319502074688797,0.011734166239081266,0.0318118948824343,0.010635798810072669,54,0.07468879668049792,65679,11.72751120808585,19.079354624890186,149.58996558615476,11.664424726571394,15.298939472416922,11.677355132966305,12.125479539364797,231.1630302904502,0.0,False
117,117000,0.01890847247990105,0.0036796536796536794,0.010872325579245534,0.032467532467532464,0.011820586820586822,0.019823788546255508,0.003524229074889868,0.010513393026705294,0.030837004405286344,0.0087493881546745,0.019210035247771096,0.00362844702467344,0.0107540705873346,0.03193033381712627,0.010808740525721658,47,0.06821480406386067,65679,11.715016880308598,17.838108003740555,140.97564983418798,11.728287548761623,15.204794077836038,11.740014321619945,12.795687553718293,221.997558220173,0.0,False
118,118000,0.019850763271815904,0.0035885167464114833,0.010723621910504985,0.028708133971291867,0.010768398268398269,0.014682539682539682,0.003401360544217687,0.0068527488618609755,0.034013605442176874,0.006929597235719684,0.01771669341894061,0.0035112359550561797,0.009125255792104228,0.03089887640449438,0.009183275370073123,67,0.09410112359550561,65679,11.761255177232533,20.77223475245929,151.88651410292726,11.806975957331932,15.469455578096674,11.926023907978673,13.204416556795302,236.82687603282167,0.0,False
119,119000,0.027139008028153527,0.004849884526558892,0.013730939924092854,0.04387990762124711,0.014163825653433043,0.014351851851851852,0.0022222222222222222,0.007135474305130224,0.022222222222222223,0.008465608465608464,0.022227866964709072,0.0038406827880512096,0.011197830795899524,0.03556187766714083,0.0119753211858475,62,0.08819345661450925,65679,11.776344806847804,20.701605265693175,146.81153773817707,11.673925487381414,15.219186139264067,11.710160687367772,12.784031290551805,230.6767914152831,0.0,False
120,120000,0.025244472789115648,0.0033482142857142855,0.014301014158903372,0.033482142857142856,0.011541595804988663,0.018541562966650074,0.0027874564459930314,0.008973140122770435,0.027874564459930314,0.008076157292185167,0.02262714609653385,0.003129251700680272,0.01222060620193718,0.031292517006802724,0.010188424576179678,65,0.08843537414965986,65679,11.74264142772552,19.997106132600003,143.88299239657954,15.087844546970985,15.332341109747933,11.679470458592773,13.009612504021051,230.7320085762378,0.0,False
121,121000,0.019450800915331808,0.0025171624713958814,0.012999408383364565,0.02517162471395881,0.013259598271039919,0.012077294685990338,0.0014492753623188406,0.005365147818371377,0.014492753623188406,0.00377415458937198,0.01659654043945769,0.0021037868162692847,0.010044210745302687,0.021037868162692847,0.009587813620071686,80,0.11220196353436185,65679,11.743988486467849,21.4662810237333,156.93543220762427,11.765484648589009,15.536166975724935,12.123336311415517,14.978993696197069,244.54968334975197,0.0,False
122,122000,0.022396199859254045,0.00394088669950739,0.011918264397188278,0.03694581280788178,0.013043435765110642,0.018456375838926176,0.0023489932885906043,0.010310571937901131,0.02348993288590604,0.008094971769468414,0.02072849025974026,0.0032670454545454543,0.011237735486865026,0.03125,0.010948773448773451,76,0.10795454545454546,65679,11.880255689811909,22.186769640244325,161.5520424444669,11.78995032984076,15.72587550954796,11.671573906413268,12.862914639595601,247.66938215992073,0.0,False
123,123000,0.01317287784679089,0.002173913043478261,0.0062278563323650065,0.021739130434782608,0.005101794340924775,0.0290633608815427,0.0049586776859504135,0.015058449690123366,0.045454545454545456,0.013911845730027546,0.01865079365079365,0.003133903133903134,0.00927202099415635,0.029914529914529916,0.008138877583322027,47,0.06695156695156695,65679,11.715298461976303,16.94286090089814,142.37465928081116,11.657642656627553,15.037477455875914,11.677256893858484,12.351992141650808,221.75718779169839,0.0,False
124,124000,0.01976425438596491,0.0026315789473684214,0.010933794674813865,0.02631578947368421,0.009304511278195489,0.006305874840357599,0.0015325670498084292,0.006170218698079076,0.01532567049808429,0.008593322386425834,0.014865178986517898,0.0022315202231520223,0.009199773294161454,0.022315202231520222,0.009045626618848376,55,0.07670850767085077,65679,11.719987542974792,17.835032528674965,147.71551044330187,11.665764658108646,15.467370686313153,11.677336942610832,12.837664585801239,228.9186673877855,0.0,False
125,125000,0.015544041450777202,0.0023316062176165805,0.007621419770974433,0.023316062176165803,0.008016695451928613,0.020071815322763673,0.004026845637583892,0.012859093994710276,0.03691275167785235,0.015192553531479705,0.01751666807921575,0.0030701754385964912,0.009903330470789172,0.029239766081871343,0.011143019586002043,66,0.09649122807017543,65679,11.720255908658633,20.541539751148946,149.01683339875112,11.671574842029436,14.911648046806587,11.817903100980187,12.97914139722356,232.65889644559846,0.0,False
126,126000,0.01747239475500345,0.002826086956521739,0.00865005982466427,0.02826086956521739,0.00887336093857833,0.02509293680297398,0.0037174721189591076,0.012628987970219574,0.03717472118959108,0.011730689797604298,0.02028436431728613,0.003155006858710563,0.010118278852310878,0.03155006858710562,0.009927711368040585,63,0.08641975308641975,65679,12.019078024966962,21.356771517742207,167.67181280478994,11.841145304929828,16.23789782143753,11.858238722760317,12.96849276590309,253.95343696252988,0.0,False
127,127000,0.02619589977220957,0.0029612756264236905,0.013056672540538867,0.029612756264236904,0.009333080232852443,0.02016949152542373,0.003728813559322034,0.010811024140503351,0.03728813559322034,0.012927091740651061,0.02377384196185286,0.0032697547683923703,0.012154129927445573,0.0326975476839237,0.010777539898793303,61,0.08310626702997276,65679,11.730473614968151,20.299476005319896,154.4325886628471,11.661735358915736,15.362319276571862,11.673635797963128,12.264412897547427,237.42464161413332,0.0,False
128,128000,0.016744548286604363,0.001869158878504673,0.006878028697679798,0.018691588785046728,0.004244548286604362,0.02097315436241611,0.0030201342281879194,0.011366291638648,0.026845637583892617,0.009619686800894854,0.018480257116620755,0.002341597796143251,0.008720318444798978,0.02203856749311295,0.006450872359963269,61,0.08402203856749312,65679,11.700704495024722,18.236550659456867,141.55264113076964,11.655844301215051,15.09225972653322,11.669121847687064,12.858168442077266,222.76529060276383,0.0,False
129,129000,0.014085545722713864,0.0026548672566371685,0.007941130874783693,0.024336283185840708,0.008296460176991151,0.0195906432748538,0.002456140350877193,0.010436869518008414,0.02456140350877193,0.008869395711500975,0.01621438263229308,0.002578018995929444,0.008906240119449967,0.024423337856173677,0.008518015980702547,49,0.06648575305291723,65679,11.700107991657188,17.687172578741833,146.14419563192814,11.73540547981175,15.502223591160046,11.71329835693985,12.56717060072951,227.04957423096832,0.0,False
130,130000,0.026650432900432897,0.0036363636363636364,0.013840061999942024,0.03636363636363636,0.011753246753246752,0.015498154981549815,0.0025830258302583027,0.009483547463304511,0.025830258302583026,0.009321736074503602,0.022399705311097716,0.0032348804500703238,0.012179562085133632,0.03234880450070324,0.01082646842140513,67,0.09423347398030943,65679,11.802607794382524,20.04803111412684,151.4108408653264,11.676979606613235,15.10806286071642,11.679873422265619,12.733833315618782,234.46022897904982,0.0,False
131,131000,0.022821792472447495,0.0032751091703056767,0.018117382914332514,0.03056768558951965,0.019907985028072367,0.013019439985732122,0.00299625468164794,0.009143594453066705,0.02247191011235955,0.01348314606741573,0.01921182266009852,0.0031724137931034486,0.014812553232735311,0.027586206896551724,0.017541871921182263,54,0.07448275862068965,65679,11.732512368432813,18.171387144147456,148.98879518516344,11.671516420785899,15.2612139632316,11.678792796773752,12.716427403691721,230.22064528222668,0.0,False
132,132000,0.020507084265473527,0.002684563758389262,0.009176979084982226,0.026845637583892617,0.007990660843009836,0.018229166666666664,0.003125,0.007794031237276861,0.03125,0.0065212673611111105,0.019677572309151254,0.002844950213371266,0.008673373609857656,0.02844950213371266,0.007455575876628507,54,0.07681365576102418,65679,11.711839974649918,18.035145840970824,148.39411480738195,11.657069819946686,15.067930521930894,11.689200996783944,12.947251632054735,229.50255359371894,0.0,False
133,133000,0.02907407407407407,0.0035555555555555557,0.01314661334600397,0.035555555555555556,0.009681657848324513,0.04251700680272109,0.0057823129251700685,0.027800610877301762,0.05442176870748299,0.024497894395853582,0.03438620071684588,0.004435483870967742,0.018937305918855517,0.043010752688172046,0.015536461000170677,64,0.08602150537634409,65679,11.750798522343342,18.47094273685346,164.38236570626847,11.84704506963785,15.994723223687613,11.96483241723556,13.182100183514734,247.592807859541,0.0,False
134,134000,0.015293244246473646,0.0022271714922048997,0.006080729868552817,0.022271714922048998,0.004658500371195249,0.016898148148148148,0.0024305555555555556,0.008894983588709854,0.024305555555555556,0.007677469135802469,0.01592039800995025,0.002306648575305292,0.007180465379279041,0.023066485753052916,0.005838233077039048,61,0.08276797829036635,65679,11.91454609473369,19.664254404624938,161.31011147279412,11.766751571322398,16.233790122693883,11.69368888704475,13.078471844694961,245.66161439790875,0.0,False
135,135000,0.026368760064412237,0.0038647342995169085,0.011872751000975382,0.036231884057971016,0.008747412008281573,0.016329068941009238,0.003358208955223881,0.00872111702425901,0.033582089552238806,0.007545605306799336,0.022423544197737743,0.0036656891495601175,0.010634278998394755,0.03519061583577713,0.008275147791276824,59,0.08651026392961877,65679,11.771121020229259,17.81507621697459,149.16559687100371,11.839777597125178,15.236313797073464,11.681792482447218,13.58780475878979,231.0974827436432,0.0,False
136,136000,0.017683881064162753,0.0021126760563380284,0.008994711335176458,0.02112676056338028,0.008010097622773679,0.025537634408602152,0.004301075268817205,0.016021752789463727,0.043010752688172046,0.017218524207771518,0.0207919621749409,0.0029787234042553193,0.01177562561283057,0.029787234042553193,0.011654283462794101,67,0.0950354609929078,65679,11.795968262603985,19.507931020762427,157.42833752297597,11.674500483588313,15.640833879573822,11.721781961009093,12.636376202954104,240.4057293334677,0.0,False
137,137000,0.017803030303030303,0.0022727272727272726,0.007333882614962734,0.022727272727272728,0.004614898989898989,0.019746376811594205,0.0036231884057971015,0.014719342860384782,0.03260869565217391,0.016404991948470213,0.018552141527001863,0.002793296089385475,0.010180791871577936,0.02653631284916201,0.009159683426443204,61,0.08519553072625698,65679,11.753008541615095,18.826433705439182,159.5861377276589,11.78238473988069,15.564992987410209,11.877238047616757,12.943896838035762,242.33409258765658,0.0,False
138,138000,0.013575899843505476,0.0021126760563380284,0.007169506844143064,0.02112676056338028,0.006125642745361056,0.012445887445887446,0.002797202797202797,0.006093589474002989,0.027972027972027972,0.006002331002331003,0.013121990369181378,0.0023876404494382027,0.006737326552204774,0.023876404494382022,0.006076110219368646,59,0.08286516853932584,65679,12.497979468423237,18.139871596663248,148.9497538984322,11.69946664800886,15.119320499842882,11.700756776471255,12.801615897645169,230.90876478548685,0.0,False
139,139000,0.0234106529209622,0.003092783505154639,0.01776392520517026,0.030927835051546393,0.01897193585337915,0.010577472841623784,0.002515723270440252,0.006084031351155988,0.0220125786163522,0.009389038634321653,0.017630268692591638,0.0028328611898017,0.01250300984316383,0.026912181303116147,0.014655560052160618,67,0.09490084985835694,65679,11.713406715505027,19.06615790723404,143.25868305929689,11.668788750751613,15.126149245828223,11.684557582367084,12.996567811632275,225.51431107261516,0.0,False
140,140000,0.015258215962441314,0.0021126760563380284,0.008016858028449968,0.02112676056338028,0.007498695878977569,0.0124355474673946,0.0022292993630573248,0.005115457474750177,0.022292993630573247,0.003989738145789101,0.01406048906048906,0.002162162162162162,0.006785723198907085,0.021621621621621623,0.00600975975975976,54,0.07297297297297298,65679,11.714131681495044,17.579576673934504,145.26788365629844,11.676333129005679,15.200075088969701,11.67297930131095,12.53510424398252,225.64608377499684,0.0,False
141,141000,0.017166666666666667,0.0022500000000000003,0.008139033914237573,0.0225,0.005804563492063493,0.011790606653620351,0.0020547945205479454,0.007906951957576291,0.02054794520547945,0.008085996955859969,0.014898155794109552,0.002167630057803468,0.008041103377611715,0.02167630057803468,0.0067672492889255895,56,0.08092485549132948,65679,11.715963980071798,17.49644020403174,146.51139802773076,11.761107815019823,15.445268740234274,12.10724886981096,13.215084088240292,228.25251172513964,0.0,False
142,142000,0.034973798131692865,0.004545454545454546,0.018628718031439905,0.0430622009569378,0.014323688007898534,0.01516245487364621,0.002166064981949459,0.009880564403417103,0.021660649819494584,0.011191335740072202,0.027077766358341894,0.0035971223021582736,0.015142043851638011,0.034532374100719423,0.013075254082448329,60,0.08633093525179857,65679,11.88531087863154,18.133768354994253,164.86503701439864,11.788991391849246,15.931333846488926,11.759636732479317,13.650271692942917,248.01434991178482,0.0,False
143,143000,0.020499999999999997,0.0025,0.009797356928940433,0.025,0.007958333333333335,0.014479512735326688,0.0026578073089701,0.010787730123534156,0.026578073089700997,0.01431735484891631,0.017914883499762245,0.002567760342368046,0.010222609898373687,0.025677603423680456,0.010688811901365397,63,0.0898716119828816,65679,12.00541934748972,18.76189203634665,153.71644433983394,11.675223740487128,15.161992882747889,11.681214027850494,12.667905034111083,235.67009140886688,0.0,False
144,144000,0.026958333333333334,0.0035000000000000005,0.012931763340574833,0.035,0.010711309523809524,0.01177988677988678,0.0034965034965034965,0.006652308642746365,0.03496503496503497,0.010289710289710291,0.020630292933499928,0.0034985422740524785,0.010313798262471419,0.03498542274052478,0.01053554074691101,59,0.08600583090379009,65679,11.727137155179147,18.059768797124008,173.8792294919203,11.914874814715482,16.67007987235514,11.97577959249907,13.87531443060308,258.10218415439624,0.0,False
145,145000,0.021998420221169036,0.0028436018957345975,0.009912394789855328,0.02843601895734597,0.007223726773489807,0.022508038585209004,0.003215434083601286,0.01205941036539873,0.028938906752411574,0.00960929923952432,0.02221464301955434,0.0030013642564802184,0.01082333864250744,0.0286493860845839,0.008235886441889169,58,0.0791268758526603,65679,11.903132867280286,20.877104408817402,163.725291058521,11.770592348178678,16.075910036258968,11.763473085284193,12.619206941365258,248.7347107457058,0.0,False
146,146000,0.0257847533632287,0.003587443946188341,0.01400634868509193,0.03139013452914798,0.011523951882696278,0.014802631578947368,0.002960526315789474,0.00916803952374938,0.02631578947368421,0.00957080200501253,0.021333333333333333,0.003333333333333334,0.01204522070502775,0.029333333333333333,0.010732275132275131,57,0.076,65679,11.730839272201809,18.471562836283596,148.27050129596202,11.671685746478255,15.239217299546636,11.70184862406276,12.31257222490678,229.39822729944186,0.0,False
147,147000,0.020190023752969122,0.0023752969121140144,0.01317478893713736,0.023752969121140142,0.01316970176827659,0.01039272030651341,0.003103448275862069,0.00848456210446026,0.020689655172413793,0.0125,0.016193936552586344,0.002672292545710267,0.011261756895679754,0.02250351617440225,0.0128965463353649,63,0.08860759493670886,65679,11.696098032462633,18.28418045324992,146.54265608674,11.658459949451249,14.97610467288829,11.68758526830932,12.594887076770867,227.43997153987226,0.0,False
148,148000,0.022823529411764704,0.0035294117647058825,0.012046312257732226,0.03529411764705882,0.010204481792717088,0.013602941176470588,0.002205882352941177,0.007562380898693908,0.022058823529411766,0.006924019607843137,0.01922525107604017,0.0030129124820659973,0.010296485385912393,0.03012912482065997,0.008924301427888227,40,0.05738880918220947,65679,11.757833341237422,15.488217788461878,148.1649153024303,11.735379023457282,15.213924697388137,11.71735177748351,12.515297613271969,226.59291954373052,0.0,False
149,149000,0.014332514332514331,0.0017199017199017199,0.006560986040078269,0.0171990171990172,0.00544928044928045,0.00922722029988466,0.0017301038062283738,0.004928337209821828,0.01384083044982699,0.0038446751249519417,0.01221264367816092,0.001724137931034483,0.005883061453951672,0.015804597701149427,0.004783000364896916,47,0.06752873563218391,65679,11.725292996603297,16.519447511922912,148.74124233999615,11.690565107511098,15.09493150477631,11.693454729531927,12.37664919959136,227.84158338993305,0.0,False
150,150000,0.02955823293172691,0.004337349397590362,0.01606747892841611,0.03855421686746988,0.013406961178045514,0.03569240196078431,0.0055147058823529415,0.01908387992032642,0.05514705882352941,0.01836630485527544,0.03198689956331877,0.00480349344978166,0.017261745405562554,0.04512372634643377,0.015370485894503363,45,0.06550218340611354,65679,11.752289270729188,16.053462818438334,149.2111257932402,11.69557986226838,15.119348632693097,11.720424622163605,12.9529390112057,228.5051700107385,0.0,False
151,151000,0.02496069182389937,0.0030660377358490572,0.012526197241853875,0.030660377358490566,0.010737683438155137,0.013959085439229841,0.002166064981949459,0.006714670612135178,0.021660649819494584,0.005114320096269554,0.020613409415121256,0.0027104136947218257,0.010229773737671167,0.02710413694721826,0.008515612616896498,54,0.07703281027104136,65679,11.78632201129931,16.667300186568035,147.11030471029756,11.665776086675073,14.943211168287618,11.72450837618605,13.294923830772799,227.19234637008643,0.0,False
152,152000,0.016845878136200716,0.0019354838709677422,0.010982242396862555,0.01935483870967742,0.00974910394265233,0.02292896397313251,0.004152249134948097,0.0183572747821208,0.03460207612456748,0.01981380787609161,0.01917745878192126,0.0027851458885941646,0.013809012104209546,0.025198938992042442,0.013606795503347228,38,0.050397877984084884,65679,11.760808080726882,15.814946424302923,146.59897646228382,11.661508221239014,16.1936100579671,11.67532235906571,12.541359542525555,226.24653114811102,0.0,False
153,153000,0.03015873015873016,0.0040100250626566416,0.013486555481369875,0.040100250626566414,0.011040498070573258,0.03303303303303303,0.0048048048048048055,0.021002266456919,0.04504504504504504,0.020420420420420422,0.031466302367941706,0.004371584699453552,0.01690558793336149,0.04234972677595628,0.015307593893659469,52,0.07103825136612021,65679,11.745093307022337,17.384549235520407,143.4614583077226,11.666638817173226,15.307701452367539,11.702722169999735,12.199510293145476,223.4676735829513,0.0,False
154,154000,0.015743816906607606,0.0023255813953488376,0.006399963637590883,0.023255813953488372,0.004352774701611911,0.013397577461018535,0.0023890784982935156,0.005979444756169408,0.023890784982935155,0.00565036025786879,0.014732863733728785,0.0023529411764705885,0.006218769472507806,0.023529411764705882,0.004911881419234361,60,0.08823529411764706,65679,11.830763839239255,18.079979047402883,148.0909715542572,11.678527551080286,15.507235164045897,11.693229979521657,12.978465313173704,229.8591724487209,0.0,False
155,155000,0.02748156924697209,0.004502369668246446,0.01335212862462067,0.04265402843601896,0.01542259083728278,0.01265432098765432,0.0022222222222222227,0.007334732848372849,0.022222222222222223,0.0070679012345679,0.02169637122671805,0.003612716763005781,0.011004300792847678,0.03468208092485549,0.012162813102119462,57,0.08236994219653179,65679,11.719311927255172,18.829575207254813,144.7597179433241,11.83054445490217,16.17239488378025,11.958241580484197,12.598969754751277,227.86875575175193,0.0,False
156,156000,0.015176470588235295,0.0025882352941176473,0.008348219322565307,0.023529411764705882,0.010639589169000934,0.013255360623781676,0.0021052631578947372,0.0077565414676008535,0.021052631578947368,0.0073238652186020615,0.014405320813771518,0.002394366197183099,0.008110714831488026,0.022535211267605635,0.009308629555108429,35,0.04929577464788732,65679,11.85558674478976,15.96921128716594,159.0129435107765,12.023889664605768,15.743436753271055,11.777655934401555,12.881564905031784,239.26428880004238,0.0,False
157,157000,0.02108433734939759,0.0028915662650602415,0.011253802635793833,0.02891566265060241,0.0107429718875502,0.022037720377203772,0.003321033210332104,0.010841397495654326,0.02952029520295203,0.011131611316113161,0.02146096533851636,0.0030612244897959186,0.011090884570228518,0.029154518950437316,0.010896501457725949,55,0.08017492711370262,65679,11.707094162996533,18.345454378627945,143.8291485493376,11.663794526904637,15.09224937454312,11.752292330961811,12.96553161116848,225.3555649345401,0.0,False
158,158000,0.017208043310131475,0.002552204176334107,0.00915325789763799,0.025522041763341066,0.009244834824881228,0.007535211267605633,0.0021126760563380284,0.004792561321793241,0.017605633802816902,0.004292421193829644,0.013365967365967365,0.002377622377622378,0.007421177019959796,0.022377622377622378,0.007277722277722277,57,0.07972027972027972,65679,11.790914768820826,18.46153089743452,149.3012917865022,11.688670334859818,15.705953024136576,11.699840969860153,12.245150384657123,230.8933521662712,0.0,False
159,159000,0.026173787271918113,0.004205607476635514,0.01477085578719419,0.037383177570093455,0.014378430499925826,0.023465703971119134,0.003971119133574007,0.010838528269480296,0.036101083032490974,0.009275972723626154,0.025109760216143195,0.004113475177304965,0.013225813627751992,0.03687943262411347,0.0123736350332095,55,0.07801418439716312,65679,11.726414051657642,17.72318252547117,147.6807973688002,11.664471393987853,15.329373588418571,11.68146321152419,12.993191381933944,228.79889352179353,0.0,False
160,160000,0.01752076752076752,0.00343980343980344,0.008894949024694565,0.029484029484029485,0.008745758745758746,0.019665781319167772,0.0031872509960159364,0.00890003963016352,0.03187250996015936,0.007707266173401631,0.018339002267573696,0.0033434650455927053,0.008896890881795945,0.030395136778115502,0.00834961644232161,40,0.060790273556231005,65679,11.816000416990658,15.953811081409475,145.03839708822352,11.669166639867445,15.334014955646625,11.690108346444628,12.864759400134373,224.36625792871675,0.0,False
161,161000,0.018817204301075273,0.002534562211981567,0.010753256292406605,0.02534562211981567,0.008992575524833589,0.01073537885335638,0.003745318352059925,0.007516314438513724,0.02247191011235955,0.010112359550561799,0.015738962654083907,0.0029957203994293866,0.00952035547216495,0.024251069900142655,0.00941908384847044,41,0.05848787446504993,65679,11.72356470222069,17.910501423905323,143.77826961120553,11.666797536738493,15.21631281643787,11.688898848900841,12.96015885186158,224.94450379127034,0.0,False
162,162000,0.025898078529657476,0.003007518796992482,0.013473258096988005,0.03007518796992481,0.011114094760711301,0.00683046268152651,0.0021276595744680856,0.0065072030633540195,0.02127659574468085,0.011854103343465044,0.018002237605761834,0.002643171806167401,0.010588636188787146,0.02643171806167401,0.011420530032864834,56,0.08223201174743025,65679,11.776258444486098,17.575145694587178,148.6839323323677,11.69357544687777,15.635018185716776,11.825720803861072,13.334226261305094,230.52387716920168,0.0,False
163,163000,0.025061728395061728,0.003703703703703704,0.012538279973716884,0.0345679012345679,0.009594356261022927,0.009417808219178082,0.0017123287671232876,0.006149424028972971,0.017123287671232876,0.006625081539465101,0.018507890961262555,0.0028694404591104736,0.009861743480366492,0.027259684361549498,0.008350413336066132,48,0.06886657101865136,65679,11.793064703537192,17.48410089941893,154.33059619891083,11.890578990973733,15.725454072926247,11.839194509678796,12.554118145310934,235.61710752075666,0.0,False
164,164000,0.019996150885296382,0.0027713625866050812,0.011476068177625188,0.02771362586605081,0.010857252831848675,0.025,0.0027586206896551726,0.011768011213271005,0.027586206896551724,0.009683908045977012,0.022003227293683723,0.0027662517289073307,0.011593168427054355,0.027662517289073305,0.010386616610683,53,0.07330567081604426,65679,11.953225137403823,18.304912913644223,153.70077712789643,11.680910530262324,15.676770243493177,11.70686231450474,12.621355325072303,235.644813592277,0.0,False
165,165000,0.02727272727272727,0.003409090909090909,0.013743903110905906,0.029545454545454545,0.010861291486291485,0.01877133105802048,0.0020477815699658708,0.008275175919031454,0.020477815699658702,0.005176336746302616,0.023874488403819918,0.0028649386084583905,0.011557904383458136,0.02592087312414734,0.008588860737564694,49,0.06684856753069578,65679,11.71219601411172,16.289623502217797,144.45885050405616,11.695417800654251,15.196826427477106,11.675346748972471,12.63371511082273,223.66197610831222,0.0,False
166,166000,0.018883792048929662,0.002752293577981651,0.00998606348927453,0.02522935779816514,0.008205912334352701,0.01756066411238825,0.002298850574712644,0.007324949881277247,0.022988505747126436,0.004644833667822174,0.01838833094213295,0.0025824964131994266,0.008989577618848001,0.024390243902439025,0.0068724237662544695,44,0.06312769010043041,65679,11.785909882690293,16.00008963197064,148.84405212216984,11.742359111249767,15.95093522653579,11.743654797301273,12.97032976339818,229.0373305353158,0.0,False
167,167000,0.02777503790162018,0.004556962025316456,0.014522002909956892,0.043037974683544304,0.01522804902551738,0.007322175732217573,0.0016736401673640169,0.004958493026506859,0.016736401673640166,0.006531845653184565,0.020064889544384814,0.003470031545741325,0.010916831203104278,0.033123028391167195,0.011949827249511791,37,0.0583596214511041,65679,11.827360218916173,16.162877397897514,154.98772732614603,11.766413876984627,15.083687594473483,11.724072000098007,12.152998562317553,233.70513697683336,0.0,False
168,168000,0.024353120243531205,0.002968036529680366,0.013209838946116319,0.02968036529680365,0.011278720011596723,0.01618705035971223,0.0025179856115107916,0.009221388621384375,0.025179856115107913,0.01140087929656275,0.021182495344506516,0.002793296089385475,0.011661250691541626,0.027932960893854747,0.011326150571960627,46,0.06424581005586592,65679,11.772334728696322,16.866722677602585,156.2722027370414,11.66108624670037,18.454287762620368,11.693032314220863,12.854934438512322,239.57460090539422,0.0,False
169,169000,0.02144120247568523,0.0034482758620689655,0.014143541652035374,0.034482758620689655,0.014061513199444231,0.016206896551724137,0.0027586206896551726,0.01025892284303683,0.027586206896551724,0.011795292829775587,0.019165417291354323,0.0031484257871064467,0.01245457695247079,0.031484257871064465,0.013076199995240475,51,0.07646176911544228,65679,11.730907194092143,16.866916489319262,144.7014801777141,11.666110138496,15.089207230471747,11.71174500995409,13.264167260586268,225.03053350063362,0.0,False
170,170000,0.012286491807075443,0.0029702970297029703,0.006761129792015863,0.024752475247524754,0.008405036932264656,0.014840182648401826,0.002397260273972603,0.0061498439127821505,0.023972602739726026,0.004642313546423135,0.013357867849700882,0.0027298850574712648,0.006504670773716662,0.02442528735632184,0.0068264230979748226,36,0.05172413793103448,65679,11.77501171550216,15.479149857132446,150.60930166670843,11.780496037151755,15.770121789368542,11.807715599679302,12.470396972982801,229.69219363852545,0.0,False
171,171000,0.015347564313081553,0.0022988505747126436,0.005529731916441284,0.022988505747126436,0.003310527276044517,0.013663133097762074,0.0024734982332155478,0.012806983139919957,0.024734982332155476,0.015581356217398621,0.01468364504576204,0.0023676880222841226,0.008398063526809618,0.023676880222841225,0.008147079630366538,51,0.07103064066852367,65679,11.761061328947886,18.38651315204387,152.2417808342072,11.66811977981741,15.1348905339313,11.67570016256253,12.54892519095968,233.41699098246985,0.0,False
172,172000,0.008218654434250764,0.001376146788990826,0.004136477525567414,0.013761467889908258,0.004109327217125382,0.00819672131147541,0.0009836065573770494,0.002696758361344124,0.009836065573770493,0.0012021857923497268,0.008209626630679262,0.0012145748987854252,0.0035438805686334013,0.012145748987854251,0.0029127305443094917,44,0.059379217273954114,65679,11.718256302875595,17.213006692190504,147.595936931047,11.669299641310637,15.599763446991211,11.705266634826073,12.16316503586945,227.66469468511045,0.0,False
173,173000,0.01598446683459278,0.002770780856423174,0.00872058422617342,0.02518891687657431,0.0071158690176322415,0.01664212076583211,0.0024054982817869413,0.0070502255412981316,0.024054982817869417,0.00558828342333497,0.016262631506090808,0.002616279069767442,0.00801408077079739,0.024709302325581394,0.006469753599114064,45,0.06540697674418605,65679,11.716660218825947,15.562727787223062,148.92128597885497,11.66338047608323,14.953085565275192,11.718406471843135,13.34255604374529,227.8781025418508,0.0,False
174,174000,0.02345679012345679,0.0032098765432098768,0.010248868087406066,0.03209876543209877,0.007890456594160298,0.008396946564885497,0.0011450381679389316,0.007041664192007577,0.011450381679389313,0.007633587786259542,0.017541229385307347,0.00239880059970015,0.008989066857129597,0.0239880059970015,0.0077895576021513036,46,0.06896551724137931,65679,11.727994054577806,17.18560354663917,153.66203245816695,11.707622394212247,15.201533782573106,11.71783518421482,12.904467354524218,234.10708877490833,0.0,False
175,175000,0.01578137028483449,0.0018475750577367207,0.006809503511610539,0.018475750577367205,0.00466384398255068,0.01632882882882883,0.002364864864864865,0.006668506381288132,0.02364864864864865,0.004437473187473187,0.016003657978966624,0.00205761316872428,0.0067522536479954045,0.0205761316872428,0.004571929366168049,44,0.06035665294924554,65679,11.739182289721706,17.468017773851486,146.5184335711772,11.662075371975112,15.075835566952245,11.667133301050681,12.1416032949212,226.27228116964963,0.0,False
176,176000,0.025732383214568486,0.0030878859857482186,0.012827392144006003,0.030878859857482184,0.009464427101006673,0.008308004052684902,0.002127659574468085,0.005977422787032007,0.02127659574468085,0.010007880220646179,0.01874280295332927,0.0027027027027027024,0.010079609272502923,0.02702702702702703,0.009682426787689945,48,0.06827880512091039,65679,11.698157692058286,17.5693311434133,145.08789294736397,11.671677034599814,15.535314701393965,11.690361603561295,12.586452943420811,225.83918806581144,0.0,False
177,177000,0.01757990867579909,0.0029680365296803654,0.009400236950544687,0.0273972602739726,0.007755309125172138,0.01104417670682731,0.0024096385542168672,0.007426211081806587,0.020080321285140562,0.009783578759482376,0.015211062590975254,0.002765647743813683,0.008684760325630878,0.024745269286754003,0.008490446154201612,31,0.04512372634643377,65679,11.733246838036004,16.523349557824584,147.97658147846366,11.677194604008124,15.38593110839842,11.737548153277489,12.464070268759786,227.49792200876806,0.0,False
178,178000,0.017361111111111112,0.0030092592592592593,0.008689545395189402,0.027777777777777776,0.008100933274544385,0.017244816586921848,0.002272727272727273,0.0077518432998612075,0.022727272727272728,0.006797138047138046,0.017316999395039324,0.0027298850574712648,0.008333865290064914,0.02586206896551724,0.0076063902572523255,42,0.0603448275862069,65679,11.815614484149418,16.68803574538663,163.5855150134216,12.429326149275555,17.582841866356503,12.288704060961496,12.919994187780837,247.31003150733204,0.0,False
179,179000,0.012602535421327367,0.0020134228187919465,0.007182463464864386,0.020134228187919462,0.008077660594439118,0.0017301038062283738,0.0003460207612456748,0.0013385910284932237,0.0034602076124567475,0.0017301038062283738,0.008333333333333333,0.001358695652173913,0.004887790728300166,0.01358695652173913,0.005585209627329193,43,0.058423913043478264,65679,14.513862802587042,16.880327646830175,166.43379444405275,11.855179311889842,16.150224352487474,11.736356156644145,12.554214292866128,250.12395900735754,0.0,False
180,180000,0.010690045248868777,0.0022624434389140274,0.00875341315984411,0.02262443438914027,0.012977626948215183,0.02769909688013136,0.004741379310344828,0.015656601757783016,0.04741379310344827,0.015144362342638204,0.01654479299138053,0.00311572700296736,0.01112958490275483,0.03115727002967359,0.013723446846592244,34,0.050445103857566766,65679,11.737958123515801,14.823762235986749,147.9986363881053,11.672642944937639,15.153724271660396,11.677000203366706,12.658237764778812,225.7219619323514,1018.5256576953489,True
181,181000,0.025665807560137453,0.003350515463917526,0.01413695376945274,0.03350515463917526,0.011629643266241205,0.03748832866479926,0.00784313725490196,0.02213155001293414,0.06666666666666667,0.024693432928727048,0.030354365696511884,0.005132192846034215,0.01730743906041348,0.04665629860031104,0.016810461872670268,41,0.06376360808709176,65679,11.725729821866759,16.204485800891398,169.64875500853626,11.682645798996582,14.875221352614322,11.72602195472633,13.427776421555404,249.29063615918702,0.0,False
182,182000,0.023381294964028777,0.003357314148681055,0.011458525217428898,0.03357314148681055,0.009937764074454722,0.04234567901234568,0.007037037037037038,0.020147670469561788,0.06666666666666667,0.020430629041740152,0.030834546336729742,0.00480349344978166,0.014873473133114316,0.046579330422125184,0.014061597467711004,41,0.05967976710334789,65679,11.812230106336695,16.263697175639138,171.38532476242142,11.665404343004504,15.152381546777727,11.683530554737477,12.50719818593482,250.46976667485174,0.0,False
183,183000,0.025311526479750775,0.0035046728971962616,0.014328242442928255,0.035046728971962614,0.015659768580329327,0.03483767490736132,0.006968641114982578,0.016078276355196035,0.0627177700348432,0.01228499529893258,0.029135309135309137,0.0048951048951048955,0.015030703607712664,0.046153846153846156,0.014305139305139308,38,0.05314685314685315,65679,11.781817015561746,16.542626334763167,169.4365788283969,11.673403598318199,15.166974608578354,11.715105010946802,12.484987590107021,248.8014929866722,0.0,False
184,184000,0.017076502732240435,0.003278688524590164,0.010294394833917022,0.02810304449648712,0.009573993531838966,0.024744027303754267,0.006143344709897611,0.015517344587530174,0.04436860068259386,0.019046264694728858,0.02019675925925926,0.0044444444444444444,0.012419845219762376,0.034722222222222224,0.013428681657848322,41,0.05694444444444444,65679,11.746530006358224,16.931349680060492,164.94877422383593,11.663466046148152,15.390008468875449,11.70375326570161,12.133194442480455,244.5170761334603,0.0,False
185,185000,0.015347721822541967,0.0019184652278177458,0.0077457513022874324,0.019184652278177457,0.005508926192379429,0.02783816425120773,0.006159420289855073,0.014321130580825988,0.05434782608695652,0.016131815044858524,0.02032227032227032,0.0036075036075036075,0.010364517075558199,0.03318903318903319,0.0097396871206395,38,0.05483405483405483,65679,11.77205583267893,15.584410249069869,169.79404010740438,11.658274592304952,15.071073951829216,11.683718456986792,12.73307519471939,248.29664838499355,0.0,False
186,186000,0.03316790736145575,0.004218362282878412,0.02080914439633098,0.04218362282878412,0.018778801843317972,0.03634085213032581,0.0067669172932330835,0.019197743281624945,0.05639097744360902,0.017857142857142856,0.034429496761335325,0.00523168908819133,0.020168437824564452,0.04783258594917788,0.01841234251548153,58,0.08669656203288491,65679,11.7349429708119,18.81818633055199,174.72412921607645,11.75625653142276,15.305873663253033,11.869785718605918,12.70250999571565,256.9116844264377,0.0,False
187,187000,0.03598143598143599,0.004668304668304668,0.01650826583287111,0.04668304668304668,0.013041613041613042,0.04073741007194245,0.00683453237410072,0.023901954249948062,0.06115107913669065,0.023535457348406986,0.037911597729115974,0.005547445255474453,0.019508916022575335,0.052554744525547446,0.01730042868729,37,0.05401459854014599,65679,11.886736483043837,15.76575235621991,187.98192549988184,11.69910118915124,19.007905570703198,11.907690321943942,12.81841460590294,271.0675260268469,0.0,False
188,188000,0.027354883559263122,0.0051094890510948905,0.015930754968761337,0.051094890510948905,0.019985131116517976,0.025763358778625955,0.003435114503816794,0.013075877690031077,0.03435114503816794,0.011068702290076338,0.026735300360857563,0.004457652303120356,0.01481934657793321,0.04457652303120357,0.016513950800726436,36,0.05349182763744428,65679,11.879339491073504,16.237739924651606,171.12613748270638,11.719807717081032,15.39806576145164,11.72373275679095,12.376473242051155,250.46129637580628,0.0,False
189,189000,0.02401005944215821,0.004691358024691358,0.013043252568458716,0.03950617283950617,0.014074074074074072,0.00546448087431694,0.001639344262295082,0.0029515084514687303,0.01639344262295082,0.003356752537080406,0.017037607715573815,0.003543913713405239,0.009249129972856934,0.030816640986132512,0.010044757502384621,27,0.04160246533127889,65679,11.771078879001251,14.460367405530473,167.54389900293376,11.668213321040788,14.961733054208448,11.68825652550498,12.366939255291365,244.46048744351106,0.0,False
190,190000,0.02261904761904762,0.003246753246753247,0.01322747272244219,0.025974025974025976,0.012097162097162098,0.03691275167785235,0.0046979865771812086,0.02167256553892877,0.040268456375838924,0.02016618728028124,0.028223684210526314,0.0038157894736842103,0.016538838063643507,0.031578947368421054,0.015261069340016708,43,0.056578947368421055,65679,11.70175433243964,16.06701233572427,164.1980814319835,11.710613776701184,15.26558146434931,11.713187915103617,12.286404490198521,242.94263574650006,0.0,False
191,191000,0.012698412698412698,0.0026190476190476194,0.009084800280145088,0.023809523809523808,0.0126984126984127,0.016835016835016835,0.0026936026936026937,0.011405858348964381,0.026936026936026935,0.0122334455667789,0.014411901441190143,0.0026499302649930266,0.010046242743798268,0.02510460251046025,0.012505811250581122,45,0.06276150627615062,65679,11.768369119403987,16.0760822381506,168.59939296642867,11.70658982183742,15.334961611060404,11.73354761931089,13.043924848570033,248.262868224762,0.0,False
192,192000,0.03532780410742496,0.006161137440758295,0.020476502663783418,0.05924170616113744,0.022766681712179337,0.033333333333333326,0.0053191489361702135,0.020534950782331064,0.05319148936170213,0.02082770460430035,0.03452888257575757,0.0058238636363636374,0.020499915120360743,0.056818181818181816,0.021989989177489178,46,0.06534090909090909,65679,11.72637931046161,16.413639130727354,167.438868804555,11.6699615448565,15.24431323355474,11.69209698863305,13.067212129340422,247.25247114212868,0.0,False
193,193000,0.0190744920993228,0.003386004514672686,0.011665459304335872,0.03160270880361174,0.01208481135117704,0.029452324665090623,0.004964539007092199,0.016592646130370543,0.04609929078014184,0.015695710908476868,0.023111111111111107,0.004,0.01358196507666936,0.037241379310344824,0.013489326765188835,28,0.038620689655172416,65679,11.761896184868393,14.676396620678933,163.48324616261706,11.669357869822928,15.23755605709054,11.67261400843861,11.894233151128752,240.39530005464522,0.0,False
194,194000,0.033583021223470656,0.004719101123595506,0.018848218888231936,0.04719101123595506,0.019356161940431604,0.04226666666666667,0.0064,0.02064137427296994,0.06,0.019766666666666665,0.0367066346922462,0.005323741007194245,0.01949323881079956,0.051798561151079135,0.019503825511019757,34,0.04892086330935252,65679,11.694306455832526,15.433632449088353,167.0825050512567,11.68962645890087,16.057162198435115,11.712904125195378,12.777531697705236,246.44766843641418,0.0,False
195,195000,0.023694259669869426,0.004434589800443459,0.014429319569616196,0.04434589800443459,0.01683560342096927,0.026595744680851064,0.0035460992907801418,0.014321086486836158,0.03546099290780142,0.014617809298660365,0.024810519933303014,0.004092769440654843,0.014387680102571215,0.040927694406548434,0.01598237294008099,51,0.06957708049113233,65679,11.827795910565598,18.075394589020522,180.8647379826153,11.797308593693156,16.027212812526336,11.752328966802006,12.532420113488262,262.8771989687112,0.0,False
196,196000,0.025235326688815056,0.0034883720930232558,0.015694369301140876,0.03488372093023256,0.015775193798449612,0.03074204946996467,0.004240282685512368,0.01953970876216559,0.04240282685512368,0.017402826855123673,0.027421024510786082,0.0037868162692847127,0.017220640083006226,0.037868162692847124,0.01642122487143525,49,0.06872370266479663,65679,11.737564932765011,16.73567612492377,170.4229257095402,11.733672493574598,15.24444452346424,11.694116704479008,12.753781323836256,250.32218181258307,0.0,False
197,197000,0.023353814644137227,0.0038709677419354843,0.014483521902925471,0.03870967741935484,0.01662485065710872,0.03066202090592335,0.005226480836236934,0.01687823634515315,0.04878048780487805,0.01624910126652287,0.026142983789260388,0.004388297872340425,0.01539746212223311,0.0425531914893617,0.016481446301925027,41,0.05452127659574468,65679,11.73345004994858,16.325099850722502,188.66979340004946,11.788245858929125,16.11140276584766,11.698133241658248,12.434857292263624,268.7609824594192,0.0,False
198,198000,0.02250433363923728,0.0034261241970021416,0.009626582986659967,0.032119914346895075,0.0075983141293633795,0.01371069182389937,0.003018867924528302,0.005667366525007796,0.03018867924528302,0.004423480083857442,0.019320843091334895,0.003278688524590164,0.008193260087291354,0.031420765027322405,0.006448954809610548,35,0.04781420765027322,65679,11.783221060407412,15.835352787263446,175.56593815008097,11.74323406442218,15.302797914298893,11.71604264798426,12.715174727687128,254.6617613521443,0.0,False
199,199000,0.03226524254561638,0.00397196261682243,0.015227472306879257,0.0397196261682243,0.01091918854769322,0.029600439882697945,0.004435483870967742,0.015079844042792157,0.04032258064516129,0.01565860215053763,0.03128762263377648,0.004142011834319527,0.015173312825379847,0.03994082840236687,0.012657908330985252,39,0.057692307692307696,65679,11.783914067302337,16.444267053751517,167.60390087726395,11.6939838904484,15.190577454998744,11.70885426230589,12.269045640105059,246.6945432461759,0.0,False
200,200000,0.028340840840840837,0.003828828828828829,0.017843209620994904,0.038288288288288286,0.01701076076076076,0.014814814814814814,0.00411522633744856,0.011677689591105015,0.02880658436213992,0.015334117185969037,0.023556525958272685,0.003930131004366812,0.015662392492518565,0.034934497816593885,0.01641771216007024,40,0.05822416302765648,65679,11.79914874621657,15.871823963009568,165.7755400342742,11.664175143824561,14.97419786864601,11.685620902458782,13.07449297158203,244.84499963001173,0.0,False
201,201000,0.017098114413550653,0.0029082774049217002,0.010471645884286463,0.029082774049217,0.010874968928660203,0.02178030303030303,0.0034965034965034965,0.01189940788393301,0.03146853146853147,0.010207847707847707,0.01892499837588514,0.003137789904502046,0.011028726282511447,0.030013642564802184,0.010614673336365014,39,0.05320600272851296,65679,11.721767994209154,17.046599059274136,171.01873914380366,11.669361805591304,15.575214420755767,11.72031394772871,12.363471896321975,251.11546826768472,0.0,False
202,202000,0.023028883684621387,0.003278688524590164,0.012292608708587482,0.03278688524590164,0.009715252221107022,0.029801324503311258,0.002980132450331126,0.01862011962768152,0.029801324503311258,0.015484074424471776,0.025834476451760402,0.003155006858710563,0.014913882093452228,0.03155006858710562,0.01210507980055305,34,0.04663923182441701,65679,11.762636371329126,16.347134742931978,170.36253409916796,11.805951339496911,15.509063999087635,11.978269022369648,12.505557749536989,250.27114732392025,0.0,False
203,203000,0.02402949354168866,0.003991130820399113,0.013087034489370132,0.037694013303769404,0.012663217541266323,0.03775207591933571,0.006049822064056939,0.02282600971450706,0.060498220640569395,0.030051403716884143,0.02929731546534825,0.0047814207650273225,0.016825630170057945,0.04644808743169399,0.01933819064966606,36,0.04918032786885246,65679,11.76282996331185,15.412706714165726,172.61019752671385,11.817232357512475,15.404531613791296,11.79453283076115,12.764485113669899,251.56651611992623,0.0,False
204,204000,0.021670606776989756,0.003309692671394799,0.011103666210870122,0.03309692671394799,0.011537956396112424,0.04051724137931034,0.005172413793103448,0.027777836334570632,0.05172413793103448,0.026408045977011494,0.02933613838242169,0.004067321178120618,0.017885586738041442,0.04067321178120617,0.017586099423406575,42,0.05890603085553997,65679,11.749234333037483,17.052666002694007,162.4090534686623,11.658353026883228,15.255707824853026,11.673901937889198,11.987764457384309,241.78668105140358,0.0,False
205,205000,0.030952380952380953,0.004047619047619048,0.014944719431291182,0.04047619047619048,0.012982804232804231,0.02472118959107807,0.0037174721189591076,0.01004349141961325,0.03717472118959108,0.007768336578745501,0.028519593613933233,0.003918722786647315,0.013031177580578026,0.03918722786647315,0.01094696707904255,37,0.05370101596516691,65679,11.702233304725084,15.098562382021008,162.4826393451309,11.659885546910775,15.336481371523714,11.67923775190205,13.31210021027901,241.27113991249254,0.0,False
206,206000,0.018333333333333333,0.0032500000000000003,0.014645588779786,0.03,0.019919642857142858,0.03017274657402046,0.0057324840764331215,0.0178645965588669,0.04777070063694268,0.018713982408249924,0.023540022069433834,0.004341736694677871,0.016061230856300568,0.037815126050420166,0.019389422435640926,48,0.06722689075630252,65679,11.747529648185873,16.35816350295527,161.39230263045172,11.737878855271056,15.233795173132114,11.705704876525946,13.54229786461325,241.71767255113522,0.0,False
207,207000,0.011506037821827296,0.0019138755980861245,0.007147221150842911,0.019138755980861243,0.006545720361509836,0.03144444444444445,0.004666666666666667,0.01866368616915711,0.04666666666666667,0.01964814814814815,0.019836848388380422,0.0030640668523676884,0.01195911461253408,0.03064066852367688,0.012020272361497986,48,0.06685236768802229,65679,11.813895255723128,17.26893733764584,171.6717278226615,11.68347045574225,15.571119486704198,11.697655277358166,12.608682850627495,252.31548848646258,0.0,False
208,208000,0.02350523168908819,0.0038116591928251124,0.011493424185583547,0.033632286995515695,0.010926934301373764,0.015596126510305614,0.0037313432835820895,0.009546517512633915,0.033582089552238806,0.010483297796730632,0.02053654795251434,0.0037815126050420172,0.010762652493215898,0.03361344537815126,0.010760415277222001,36,0.05042016806722689,65679,11.792824467837804,15.928218210274625,181.10554863277895,12.16731507512614,15.847041289943075,11.770983659627198,12.866765004525272,261.47869634011306,0.0,False
209,209000,0.017704396260194946,0.002188183807439825,0.01041066603875096,0.02188183807439825,0.008518286964676462,0.04016393442622951,0.005573770491803278,0.022598677368558195,0.05573770491803279,0.019547228727556598,0.026694106418515866,0.0035433070866141736,0.015289069523778788,0.03543307086614173,0.012932758405199349,36,0.047244094488188976,65679,11.88582560891771,16.777479905819014,177.53908512419676,11.753611404194398,16.52505575450852,11.73846482208779,13.035083192863839,259.254605812588,0.0,False
210,210000,0.023094688221709007,0.002540415704387991,0.01193734207811808,0.025404157043879907,0.00915356134755673,0.01809015421115065,0.0024911032028469755,0.01069480537145072,0.02491103202846975,0.00899000169462803,0.021125116713352005,0.002521008403361345,0.01144833253389745,0.025210084033613446,0.009089191232048375,37,0.05182072829131653,65679,11.943577560256935,16.420450757267947,169.7287397622524,11.727870114955351,19.587666020413895,11.739911574021322,12.228576884890096,253.37679267405795,0.0,False
211,211000,0.01895579168306441,0.0030303030303030303,0.013193751151277439,0.02813852813852814,0.01186868686868687,0.02945511010728402,0.0052173913043478265,0.015460815760459776,0.04782608695652174,0.011896135265700481,0.022445449540825266,0.0037572254335260123,0.013947255284387174,0.03468208092485549,0.011877809890815673,23,0.033236994219653176,65679,11.810686865995624,14.541654640432,170.67768256283367,11.707619383301282,15.076878353191548,11.739441332751788,12.455089920634933,248.00905305914085,0.0,False
212,212000,0.022123893805309734,0.002433628318584071,0.011688039423896696,0.024336283185840708,0.008731914594746452,0.013492063492063491,0.0023809523809523807,0.006513343371175971,0.023809523809523808,0.00480599647266314,0.01903409090909091,0.0024147727272727276,0.00983573345047962,0.024147727272727272,0.007326614357864358,36,0.05113636363636364,65679,12.119391813128487,15.464546921098442,164.93880144087535,11.685447792758596,15.36364891920744,11.68097000718571,12.363385002614468,243.61619189686851,0.0,False
213,213000,0.013253449527959331,0.0019607843137254906,0.00915807068863861,0.0196078431372549,0.009790953418404398,0.01609506618531889,0.002527075812274368,0.009706748421491194,0.02527075812274368,0.012158329035585353,0.014322916666666666,0.002173913043478261,0.0093645703245084,0.021739130434782608,0.010681935817805384,42,0.057065217391304345,65679,11.75662803212102,16.45725239132062,170.18655841808533,11.74589666694259,15.392830737412378,11.783739196594144,12.696551328135463,250.01945677061155,0.0,False
214,214000,0.024742676167854315,0.003800475059382423,0.01467370897334313,0.03800475059382423,0.01564019907250311,0.02174163783160323,0.0038062283737024223,0.010696377030772652,0.03806228373702422,0.008981435711539518,0.02352112676056338,0.003802816901408451,0.013054766816437682,0.038028169014084505,0.012929801028392578,40,0.056338028169014086,65679,11.759965474797408,16.376258725914195,177.28793420786897,11.797776205767219,15.736539512034575,11.715869398708223,12.14351235422767,256.81785587931824,0.0,False
215,215000,0.011702986279257465,0.001694915254237288,0.007602843611349763,0.01694915254237288,0.008340059187516815,0.01574074074074074,0.003472222222222222,0.010733353058890558,0.03125,0.012229938271604937,0.01336186400380409,0.0024251069900142657,0.008888987293078365,0.02282453637660485,0.009938183547313363,34,0.04850213980028531,65679,11.934416822692583,15.799813222354409,172.56012478561456,11.73279552017792,15.920992273966982,11.765325904002088,12.783279939199144,252.49674846800767,0.0,False
216,216000,0.029558652729384436,0.004146341463414634,0.015257989765070708,0.036585365853658534,0.012736159504452187,0.03587684924894227,0.006589147286821706,0.021428723794273404,0.05813953488372093,0.022113018333948565,0.0319989142593933,0.005089820359281438,0.017641297219463364,0.04491017964071856,0.016357760669137914,29,0.04341317365269461,65679,11.898331181786626,15.733163220857382,173.3791601554527,11.694472197384954,15.235597621267305,11.731537150755367,12.199447144617404,251.87170867212174,0.0,False
217,217000,0.03670343137254902,0.005637254901960785,0.018746545090030264,0.051470588235294115,0.015644452225334577,0.033726574167750635,0.005405405405405406,0.018535418383624012,0.05067567567567568,0.017556842556842558,0.03545179822962242,0.005539772727272727,0.01865777590665491,0.05113636363636364,0.016448525432900433,37,0.052556818181818184,65679,11.867127445761017,15.560367556725907,170.88024728516976,11.669761272675716,15.191135746613071,11.691141353124824,12.286831598158631,249.14661225822894,0.0,False
218,218000,0.0305414001228812,0.005236907730673317,0.014318878328625158,0.04738154613466334,0.014588528678304239,0.03215579710144927,0.005072463768115942,0.01602708435566789,0.050724637681159424,0.01531803542673108,0.031199559009269368,0.0051698670605613,0.015015281376577589,0.04874446085672083,0.01488593467914,38,0.056129985228951254,65679,11.716902744478286,15.676561226765639,163.43622979163308,11.68173925393534,15.876543203133252,11.847833088080018,12.369573738006679,242.60538304603233,0.0,False
219,219000,0.01772875816993464,0.0029411764705882353,0.009142926946814655,0.02696078431372549,0.008806022408963585,0.02249321421983292,0.005035971223021583,0.014038252748495794,0.04316546762589928,0.018519470138175176,0.019659543566249105,0.0037900874635568506,0.011126747023880772,0.033527696793002916,0.012742375861909391,45,0.06559766763848396,65679,11.877603376640733,17.213757680940855,189.14138062103848,11.705969676686912,15.798259328292374,11.739172220574801,12.912745341570053,270.38888824574417,0.0,False
220,220000,0.03635204081632653,0.00510204081632653,0.01983492194143446,0.05102040816326531,0.01947177680596048,0.008519900497512438,0.002238805970149254,0.0046625348203520565,0.022388059701492536,0.006005685856432125,0.02505050505050505,0.0039393939393939405,0.013674013231661607,0.03939393939393939,0.014003727753727753,39,0.05909090909090909,65679,11.808284151301752,16.196241461534367,169.9155481542508,11.663623666738342,14.900029273436088,11.682603038076778,12.832229939724327,248.99855968506247,0.0,False
221,221000,0.027375201288244763,0.003381642512077295,0.015478407804996172,0.033816425120772944,0.013941607238708688,0.01864035087719298,0.002631578947368421,0.012147036895179115,0.02631578947368421,0.012453007518796992,0.023676880222841225,0.0030640668523676884,0.014067910929530452,0.03064066852367688,0.013311336605208474,39,0.054317548746518104,65679,11.749075229425255,16.592371899770697,162.7810218450057,11.663144611234744,15.092342270726922,11.67151686316814,12.48265159748546,242.03212431681695,0.0,False
222,222000,0.018984812150279775,0.003357314148681055,0.011222009959576788,0.02877697841726619,0.01161642114879525,0.020292207792207792,0.0029220779220779226,0.011302906250297043,0.02922077922077922,0.011484745413316842,0.019540229885057474,0.003172413793103448,0.011256376935496566,0.028965517241379312,0.01156048166392994,31,0.04275862068965517,65679,11.700955833048033,15.582337188901896,166.42029244882255,11.723530774054858,15.64296564393608,11.781352100614928,12.2400756867036,245.09150967608193,0.0,False
223,223000,0.022988505747126436,0.0029885057471264373,0.01423501918012335,0.029885057471264367,0.013045064769202698,0.03868031854379977,0.006484641638225256,0.017196866900769277,0.051194539249146756,0.012451920472398287,0.029304029304029304,0.004395604395604396,0.01542708151824046,0.038461538461538464,0.012806340484911914,37,0.050824175824175824,65679,11.74218516551695,16.232855601226724,179.6035555155992,11.831084518153235,15.441251065825835,11.687210828344174,12.401317824130286,258.9394605187964,0.0,False
224,224000,0.015713706407137065,0.003163017031630171,0.010074915288743526,0.031630170316301706,0.012556482446993396,0.039232008592910844,0.006390977443609023,0.02115553300059342,0.06015037593984962,0.01818981978756415,0.024954280087219526,0.004431314623338257,0.014428599648200056,0.04283604135893648,0.014769876439004948,48,0.07090103397341212,65679,11.72826486088574,16.201995189008002,168.58911607511158,11.659272606615033,15.257211791422364,11.703717715409734,13.13582239704375,248.2754006354962,0.0,False
225,225000,0.021704221704221704,0.002797202797202797,0.009524901222395148,0.027972027972027972,0.007820882820882821,0.024226641414141412,0.003787878787878788,0.013021085460090998,0.03787878787878788,0.01339886964886965,0.022665143498476828,0.003174603174603175,0.010856780931993569,0.031746031746031744,0.009945830183925423,31,0.044733044733044736,65679,11.708556487147192,15.358492187145245,161.30589258757377,11.660344528388599,15.283044260835933,11.681068202706868,12.361879491627759,239.35927774542535,0.0,False
226,226000,0.0242675570874623,0.004502369668246446,0.01461903563599078,0.04028436018957346,0.01382588580455879,0.034596871239470514,0.004332129963898917,0.015812595782463225,0.04332129963898917,0.010934903443928714,0.02836086183725669,0.004434907010014307,0.015092020128941949,0.04148783977110158,0.012680246156641005,31,0.044349070100143065,65679,11.737787414929645,14.98062846633924,165.79970141449712,11.692632546710103,16.527170740597562,11.981949898084988,13.163931596678335,245.88380207783703,0.0,False
227,227000,0.024101921470342524,0.004260651629072682,0.014410344507449125,0.03258145363408521,0.013471177944862155,0.021954022988505746,0.0037931034482758625,0.01203650265948066,0.03793103448275862,0.012608100711548985,0.02319787131107886,0.004063860667634253,0.013411194818173575,0.03483309143686502,0.013107908862625842,31,0.04499274310595065,65679,11.767922390472362,15.616250921217379,170.93696109940493,11.681097994153955,14.989935479159389,11.711051130534889,12.39583707325631,249.0990560881992,0.0,False
228,228000,0.026570048309178744,0.0028985507246376816,0.014486252446652104,0.028985507246376812,0.011321984510390308,0.033229491173416406,0.004361370716510903,0.02060595511145978,0.040498442367601244,0.018993225535281613,0.029478458049886618,0.0035374149659863946,0.01715893891658852,0.034013605442176874,0.014672281611057122,30,0.04081632653061224,65679,11.719531232481927,14.774299151240623,164.4078121153386,11.665026546085755,15.48720941046966,11.696699423212332,12.870193957584263,242.62077183641316,0.0,False
229,229000,0.03454231433506045,0.004404145077720207,0.01595265722488604,0.04145077720207254,0.013573279052553663,0.021166134185303515,0.004792332268370607,0.013309975412765717,0.03514376996805112,0.014190628328008518,0.028552694325226512,0.004577968526466381,0.0147693104334788,0.03862660944206009,0.013849717283193678,33,0.04721030042918455,65679,11.740767261375629,14.566866494016006,170.52253762978725,11.921392739699943,19.199550880269477,11.952184175344216,12.664734966590096,252.5680341470826,0.0,False
230,230000,0.017111302352266208,0.002891566265060241,0.009853030834794113,0.02891566265060241,0.010803212851405623,0.028832116788321163,0.005474452554744526,0.018219520484912356,0.04744525547445255,0.019246031746031744,0.02177240997995715,0.003918722786647315,0.013180197981575534,0.036284470246734396,0.014160734443753313,29,0.0420899854862119,65679,11.884786556524974,17.837640396423105,198.78961584653825,11.780613345259427,16.25512484784708,11.886193059695849,12.724427190427544,281.15840124271625,0.0,False
231,231000,0.017509363295880147,0.002696629213483146,0.008028358075224484,0.024719101123595506,0.005548421615837347,0.03939393939393939,0.006181818181818182,0.022581188931507092,0.05818181818181818,0.021113997113997116,0.025868055555555554,0.0040277777777777786,0.013586730971721315,0.0375,0.011493606701940036,26,0.03611111111111111,65679,11.81084681626393,15.209578723265892,178.13312470219,11.68328477992725,15.871363474147248,11.710756520282029,12.35231568964823,256.77127070572453,0.0,False
232,232000,0.010708180708180706,0.0017948717948717947,0.004639423348212685,0.017948717948717947,0.0038705738705738704,0.029067121729237765,0.005119453924914676,0.018629778265595212,0.04436860068259386,0.018451703775935857,0.01858397824722861,0.0032210834553440706,0.010641142221994648,0.029282576866764276,0.010125729159404122,38,0.055636896046852125,65679,11.720282992969121,16.38689889293249,171.4586738129839,11.716103898176677,15.107021523165509,11.964732968897106,12.21824176871056,250.57195585783535,0.0,False
233,233000,0.025241545893719804,0.003381642512077295,0.01438995629101447,0.033816425120772944,0.011455218158116709,0.03659909909909909,0.004054054054054054,0.015773225878521306,0.04054054054054054,0.009726244101244102,0.029976525821596243,0.0036619718309859155,0.014966643330313095,0.036619718309859155,0.01073440643863179,35,0.04929577464788732,65679,11.75073948150862,16.390836825613817,174.55878293626964,11.687751355606013,15.19017632010955,11.682865178309909,12.59663995167859,253.85779204909613,0.0,False
234,234000,0.03137734311328443,0.0039119804400978,0.015496304889070823,0.039119804400977995,0.012900221213179646,0.024783466255038158,0.004347826086956522,0.012740735354048259,0.043478260869565216,0.013311567659393746,0.02859264088077647,0.004096045197740114,0.01433258272668135,0.04096045197740113,0.013073939556990405,37,0.052259887005649715,65679,11.709657965264242,16.665344995142604,167.44840662333976,11.826023686267728,15.20908215386918,11.729408791696926,12.061571573712682,246.64949578929313,0.0,False
235,235000,0.021656080272484578,0.002816901408450705,0.010653509970109956,0.028169014084507043,0.008238318801699084,0.02163355408388521,0.003642384105960265,0.01066405331314785,0.033112582781456956,0.008874697781982549,0.021646735617323852,0.00315934065934066,0.010657883719556994,0.03021978021978022,0.00850231118088261,37,0.050824175824175824,65679,11.783633117670721,16.870610710172095,164.10512243520554,15.730539176091185,15.193557791531864,11.762629213103725,12.772830486312836,248.21892293008798,0.0,False
236,236000,0.02371627502175805,0.0031331592689295045,0.010998442480065547,0.031331592689295036,0.007901280616685316,0.015754399585921324,0.005434782608695653,0.011828016927040375,0.043478260869565216,0.01625258799171843,0.020381711106293804,0.00409711684370258,0.011345881853912365,0.036418816388467376,0.011398945010477635,24,0.036418816388467376,65679,11.80944778929327,14.128762405356266,167.3140682218674,11.744236353555815,15.133126134297958,12.00136080573011,12.863011737807017,244.99401344790783,0.0,False
237,237000,0.018215158924205378,0.003422982885085575,0.010285613177290508,0.034229828850855744,0.012199712810959756,0.021604938271604937,0.003703703703703704,0.015434165180445224,0.037037037037037035,0.016366041366041365,0.01964117091595845,0.003541076487252125,0.012451505450572307,0.03541076487252125,0.013952403435406267,22,0.031161473087818695,65679,11.769045231015129,14.01848061653027,164.2166337861156,11.672889238471818,15.248431083081382,11.767015338337572,12.511216208842269,241.20371150239401,0.0,False
238,238000,0.013343508343508342,0.003076923076923077,0.007027509117000237,0.03076923076923077,0.00819088319088319,0.02234993614303959,0.0030651340996168583,0.012505457898743326,0.03065134099616858,0.010302256279267775,0.01695438031843562,0.0030721966205837174,0.009223737430417973,0.030721966205837174,0.009037378392217101,30,0.04608294930875576,65679,11.769205839083641,14.182674348432734,171.08559261123924,11.729367216023467,15.081364124903962,11.853903429219493,13.498009030998848,249.20011659990135,0.0,False
239,239000,0.0330318690783807,0.0041343669250646,0.02035665400810419,0.041343669250646,0.020739510274393993,0.021915584415584412,0.003246753246753247,0.012864096576497926,0.032467532467532464,0.010966810966810967,0.028105515587529974,0.003741007194244605,0.017036211290212492,0.03741007194244604,0.01640858741578166,29,0.041726618705035974,65679,11.752689012434203,14.62340299170084,160.44777111329927,11.676680883948576,15.50332550329797,11.686996261250915,12.835509396062761,238.5263751619945,0.0,False
240,240000,0.019620253164556962,0.002278481012658228,0.010485530492111712,0.02278481012658228,0.00814647377938517,0.03157349896480332,0.004037267080745342,0.014800357307020673,0.040372670807453416,0.012011978704525287,0.024988377498837748,0.003068340306834031,0.012423290930606392,0.030683403068340307,0.009882446702530384,44,0.061366806136680614,65679,11.715359735861576,16.809782647578263,164.55745980752113,11.689649083358733,15.88174563718625,11.745130428578165,13.227539554752642,245.62666689483675,0.0,False
241,241000,0.01697459584295612,0.002540415704387991,0.011136855660293049,0.025404157043879907,0.01251512152204993,0.01726560189293109,0.003105590062111801,0.011332803445056622,0.031055900621118012,0.015027605244996549,0.017098707032481866,0.002781456953642384,0.01122042544399354,0.02781456953642384,0.013586670871439083,37,0.04900662251655629,65679,11.775745277546601,16.47947961972568,173.21635061584573,11.833129479894843,15.962581033604483,12.080555065831222,12.481369633714213,253.82921072616278,0.0,False
242,242000,0.016542597187758478,0.002233250620347394,0.008003865508884017,0.022332506203473945,0.0059376107763204535,0.03951194184839045,0.005607476635514019,0.017976764465180536,0.04672897196261682,0.012961726746773476,0.026726519337016575,0.0037292817679558015,0.012425551372103882,0.03314917127071823,0.009051894238358327,32,0.04419889502762431,65679,11.80666542554415,15.704659217644078,172.34153898828401,11.707872458750767,15.228454813463744,11.841115885882768,17.72245539933409,256.3527621889036,0.0,False
243,243000,0.0370140612076096,0.005707196029776675,0.020251840760795704,0.05459057071960298,0.017837449289062193,0.05012106537530266,0.007796610169491525,0.029856010791817586,0.0711864406779661,0.029947538337368844,0.04255355437303861,0.00659025787965616,0.024310909756714696,0.06160458452722063,0.02295561013326056,31,0.044412607449856735,65679,11.953231733162484,15.085166905237646,173.79920639820634,11.67663262358759,15.25614763105143,11.726695009053877,13.083038338988773,252.58011863928814,0.0,False
244,244000,0.031684096901488205,0.005314009661835749,0.014095638586879075,0.04589371980676329,0.011617207269381183,0.02441520467836257,0.0038596491228070177,0.015187997562855543,0.03859649122807018,0.0173141186299081,0.028720385480042136,0.0047210300429184554,0.014541021001976776,0.04291845493562232,0.013939982287621772,30,0.04291845493562232,65679,11.76753245295259,17.299831057651648,174.9849589609484,11.727323793161993,15.573425027427811,11.697337560012677,12.390617769024448,255.4410266211796,0.0,False
245,245000,0.021697388632872502,0.0032258064516129032,0.010609315333813036,0.029953917050691243,0.009639016897081415,0.0183531746031746,0.004487179487179487,0.01195270358325575,0.038461538461538464,0.014769027269027268,0.020298736116430485,0.003753351206434316,0.011171161357708648,0.03351206434316354,0.01178454402314992,30,0.040214477211796246,65679,11.742073212903104,15.26307920323572,168.12808877347123,11.757562101269436,15.921484249482864,11.733183984626027,12.171232938125442,246.71670446311384,0.0,False
246,246000,0.024284511784511787,0.004545454545454545,0.018537122832287607,0.045454545454545456,0.025992063492063493,0.010101010101010104,0.0015151515151515152,0.004427242601959995,0.015151515151515152,0.0031601731601731595,0.01783746556473829,0.003168044077134986,0.012123540909411416,0.03168044077134986,0.015613931523022432,29,0.03994490358126722,65679,11.733834550803346,14.310361617697609,169.57291127226577,11.672376395696627,15.533177155691025,11.719199012001635,12.746524482909471,247.28838448706549,0.0,False
247,247000,0.026329853343276165,0.004026845637583893,0.015186809109263137,0.03803131991051454,0.016393238876460353,0.013266778572901022,0.00272108843537415,0.007095502450504642,0.023809523809523808,0.007770489148040168,0.02114693298903825,0.0035087719298245615,0.011976493107002682,0.032388663967611336,0.012972066919435341,33,0.044534412955465584,65679,11.776931914606049,15.221491452548086,164.71419360856305,11.66882123501689,15.270402039038732,11.673186587062013,12.275228592040222,242.60025542887507,0.0,False
248,248000,0.01802325581395349,0.0020930232558139536,0.0072218226859017964,0.020930232558139535,0.004526578073089701,0.0127889634601044,0.0023489932885906043,0.007283003287473748,0.02348993288590604,0.006823266219239373,0.015880647130647133,0.002197802197802198,0.007246866393688118,0.02197802197802198,0.005466705913134484,26,0.03571428571428571,65679,11.748597929253645,14.91550645184303,164.6708724614629,11.672924387140515,15.351136856252278,11.68702766331242,12.56658092985835,242.61264667912315,0.0,False
249,249000,0.021881455826953455,0.0030805687203791475,0.011793393210020963,0.030805687203791468,0.009994922139471901,0.025668406897642777,0.003986710963455149,0.013381775386876765,0.03986710963455149,0.011395876179929335,0.023458042648914015,0.003457814661134163,0.012454669883926352,0.034578146611341634,0.010578168565720433,26,0.035961272475795295,65679,11.767950376259662,14.989922234386055,163.84365030783914,11.689515956557484,15.29365745537442,11.701120274439091,12.129762211286755,241.4155788161426,0.0,False
250,250000,0.01804244493539533,0.0031331592689295045,0.012676732071578059,0.02610966057441253,0.01240519706577148,0.028355704697986574,0.004026845637583892,0.01518343991500488,0.03691275167785235,0.012373495259401299,0.022555442599495466,0.0035242290748898684,0.013773646810698753,0.030837004405286344,0.01239132461599422,30,0.04405286343612335,65679,11.80254791532942,15.242707999421622,188.44210809922103,11.843177973508423,15.6762117302367,12.075598539496024,12.900218044613332,267.98257030182657,0.0,False
251,251000,0.02594547053649956,0.003693931398416887,0.01404432931958644,0.03430079155672823,0.011469196297692339,0.024600638977635782,0.003833865814696486,0.011199798559335563,0.03514376996805112,0.00784015416603276,0.02533718689788054,0.0037572254335260123,0.012757713527738863,0.03468208092485549,0.0098277364895862,28,0.04046242774566474,65679,12.076541673178287,15.337830869543989,175.3524217278299,11.713057608005172,15.349204597711608,12.011958510679822,12.701025232965401,254.54204021991416,0.0,False
252,252000,0.028173515981735158,0.0035616438356164386,0.013309167210839074,0.03561643835616438,0.009223744292237442,0.014967056004791854,0.0031446540880503146,0.009084176706165601,0.02830188679245283,0.012660976340221623,0.022024681029073418,0.0033674963396778915,0.011342041324329316,0.032210834553440704,0.01082409537753608,47,0.06881405563689605,65679,11.808141758870573,17.279309559019296,182.9542185267305,11.702454522685702,15.3452992129946,11.712678855795023,13.204928751620049,264.00703118771577,0.0,False
253,253000,0.02424593967517401,0.0032482598607888632,0.010377005098768778,0.03248259860788863,0.00815563657791036,0.018459915611814346,0.002531645569620253,0.011367610212494031,0.02531645569620253,0.01094409282700422,0.02179830432842481,0.002945113788487283,0.010796056257988565,0.029451137884872823,0.009335224495867066,33,0.04417670682730924,65679,11.715973635181843,15.709217227551086,163.26556758198413,11.687422826971162,15.203340259430098,11.709880236715486,12.934762876927463,242.22616464476127,0.0,False
254,254000,0.025480367585630742,0.003258145363408521,0.013432531545003144,0.03258145363408521,0.010494490193738312,0.022518646012621917,0.0036144578313253017,0.013423984071504262,0.030120481927710843,0.015512048192771086,0.024135235489544653,0.003419972640218878,0.013428649518735528,0.03146374829001368,0.012773326384817492,38,0.05198358413132695,65679,11.716549352454308,15.151800544711824,170.54902799733262,11.708430448884034,15.295754188467125,11.692703219830236,12.992207068698857,249.106472820379,0.0,False
255,255000,0.019873317498020588,0.0028503562945368173,0.010083395428693588,0.028503562945368172,0.008949779436715304,0.019435028248587574,0.002711864406779661,0.013978422967275491,0.02711864406779661,0.01574387947269303,0.019692737430167598,0.002793296089385475,0.011688190294450099,0.027932960893854747,0.011749024563270375,48,0.0670391061452514,65679,11.734865833501473,16.806385404327663,163.65510135545048,11.664807558084412,15.174518964017336,11.68543912984099,13.145385867358028,243.86650411258037,0.0,False
256,256000,0.016582703610411417,0.0025188916876574307,0.009666219537231482,0.02518891687657431,0.008921074727120068,0.01758120466729738,0.0033112582781456954,0.00887305473799796,0.033112582781456956,0.01027804057605382,0.017014101778050274,0.002861230329041488,0.009323536033127728,0.02861230329041488,0.009507346095328929,31,0.044349070100143065,65679,11.708785265227007,15.668833200643828,162.09952356227575,11.673743972068218,15.229054041610013,11.723797158302851,12.496814058252092,240.60055125837974,0.0,False
257,257000,0.026840394950631168,0.0036745406824146985,0.013654880134214209,0.03674540682414698,0.01357538641003208,0.033888888888888885,0.00690909090909091,0.020138617035870374,0.05818181818181818,0.024125541125541126,0.02979517518389469,0.005030487804878049,0.0163729100853658,0.04573170731707317,0.017998088463027487,27,0.041158536585365856,65679,11.770863937707322,14.815498744075173,169.4262250181988,11.734449240477506,15.029945698227799,11.702167507787742,12.904963113416489,247.38411325989088,0.0,False
258,258000,0.012934690415606446,0.002035623409669211,0.006374344952186286,0.020356234096692113,0.005894826123833757,0.029331051462199005,0.004918032786885246,0.014912153393847103,0.04590163934426229,0.01389799635701275,0.02009928944026365,0.00329512893982808,0.01010504921394352,0.03151862464183381,0.00939191340337472,32,0.045845272206303724,65679,11.795366871972245,15.08323151126756,169.92451973836532,11.696600733732133,15.831329118545789,11.708361026901981,12.634789688492631,248.67419868927766,0.0,False
259,259000,0.02622432859399684,0.004028436018957347,0.016267497354714805,0.037914691943127965,0.015079365079365081,0.015647298674821612,0.002446483180428135,0.01062703987523286,0.024464831804281346,0.011544342507645262,0.021606586559857588,0.0033377837116154874,0.013804974529894251,0.03204272363150868,0.013536037467946679,30,0.04005340453938585,65679,11.733959512899572,14.689177770046967,163.0491838417597,11.664211143930237,19.18663156508238,11.75293768519714,12.297451760581723,244.37355327949774,0.0,False
260,260000,0.014345991561181434,0.0022784810126582284,0.009012657287868195,0.020253164556962026,0.008227848101265823,0.023089558195941176,0.0039513677811550164,0.012981293657243447,0.0364741641337386,0.013254450716456796,0.018319242145208994,0.0030386740331491717,0.010816084588316342,0.027624309392265192,0.0105120363062352,35,0.04834254143646409,65679,11.740815599819987,15.756088314791693,159.55140893264553,11.663044691467839,15.075839795417046,11.669952825865693,12.564871678291677,238.02202183829942,0.0,False
261,261000,0.016923736075407026,0.002570694087403599,0.0130248116709565,0.02570694087403599,0.015317052270779776,0.04205366357069143,0.006501547987616099,0.026199320714832025,0.05572755417956656,0.022229593591822694,0.02832397003745318,0.004353932584269663,0.019001449902939355,0.03932584269662921,0.018452938291421438,34,0.047752808988764044,65679,11.727700330185776,15.49028697253596,165.9513395418921,11.665487559514576,15.203684989403833,11.684467441111511,12.631170343418985,244.35413717806276,0.0,False
262,262000,0.018189300411522634,0.0027160493827160497,0.008220376930016286,0.027160493827160494,0.007964922594552224,0.054358974358974355,0.007384615384615385,0.0288836513612892,0.06769230769230769,0.02363247863247863,0.03429223744292237,0.004794520547945206,0.017419779930240527,0.045205479452054796,0.014940204392259187,34,0.04657534246575343,65679,12.075366715227908,15.206942470744057,169.97143799026006,11.69904414968781,15.808507177361708,11.720464219960869,13.217315157312836,249.69907788055525,0.0,False
263,263000,0.023450586264656615,0.002763819095477387,0.011749387789726477,0.02763819095477387,0.00889766291776342,0.018858131487889274,0.003114186851211073,0.011423624566395065,0.031141868512110725,0.013648596693579393,0.021518680252304703,0.002911208151382824,0.011612349112080513,0.02911208151382824,0.01089623622374714,33,0.048034934497816595,65679,11.865530645582822,16.369441481450806,178.48348920540548,11.69408121842741,15.623161189678992,11.798319039676986,13.05464830109182,258.8886710813143,0.0,False
264,264000,0.030747955747955746,0.00404040404040404,0.01951052293408431,0.04040404040404041,0.02005170755170755,0.0032534246575342462,0.0010273972602739727,0.0015008414744327508,0.010273972602739725,0.001341324200913242,0.01907876522702104,0.0027616279069767446,0.011866879058767077,0.027616279069767442,0.012110672757475084,24,0.03488372093023256,65679,12.530117898965077,15.433824887764459,176.6727021512704,11.706515001957962,15.209893164544464,11.70108609910292,12.906246841831726,256.16038604543706,0.0,False
265,265000,0.026159230096237968,0.0047244094488188984,0.014517781077550269,0.04461942257217848,0.013886805815939672,0.015913654618473896,0.0024096385542168677,0.008166440950152523,0.024096385542168676,0.006534471218206157,0.021388499298737724,0.003646563814866761,0.011560354819070532,0.03506311360448808,0.010463278345466284,36,0.05049088359046283,65679,11.817942796671366,15.2507889561726,163.98456011981756,11.669799747565657,15.216000407602959,11.692566025553464,12.5667332495083,242.19839130289193,0.0,False
266,266000,0.017114695340501793,0.0024193548387096775,0.009904600665833232,0.024193548387096774,0.009643283836832222,0.016815034619188922,0.0023738872403560834,0.008098134044220828,0.02373887240356083,0.00794475060053695,0.016972261401034323,0.0023977433004231316,0.009045955741315065,0.023977433004231313,0.008835941522824456,44,0.06205923836389281,65679,11.795646378987001,17.15350480475941,170.21784297253927,11.689948936521866,15.291553260993185,11.713045735051164,12.768680754129957,250.63022284298185,0.0,False
267,267000,0.019430485762144054,0.0030150753768844224,0.008682149187813399,0.02763819095477387,0.006825795644891122,0.03508771929824561,0.005263157894736842,0.016715055774725263,0.049707602339181284,0.013109161793372317,0.02666666666666667,0.004054054054054054,0.01239465466446726,0.03783783783783784,0.00972972972972973,34,0.04594594594594595,65679,11.741692948111226,15.998148297599602,164.48765480014947,11.669500286776158,15.207945147324708,11.673001135442673,12.337826517133665,243.11576913253748,0.0,False
268,268000,0.01792863359442994,0.002872062663185379,0.007467343783241601,0.028720626631853787,0.006708732230925443,0.030681818181818178,0.00487012987012987,0.01552800664653914,0.048701298701298704,0.014556277056277054,0.023613121080559574,0.0037626628075253256,0.011060229690471185,0.03762662807525326,0.010206624859302137,29,0.041968162083936326,65679,11.706834859737114,14.649126976240545,161.6594996702858,11.716923675492152,15.15321011032189,11.7377300625221,12.366845888719947,238.99017124331957,0.0,False
269,269000,0.027509249313760586,0.004260651629072682,0.013537237072083264,0.040100250626566414,0.011507936507936509,0.02860834256183093,0.0053156146179402,0.01628247417132996,0.046511627906976744,0.01832779623477298,0.02798185941043084,0.004714285714285714,0.014717689024759341,0.04285714285714286,0.01444047619047619,27,0.03857142857142857,65679,11.749013340611736,15.892807919734576,172.6988439774424,11.765162658966544,15.493003108019154,11.903337865576402,13.209638980202222,252.71180785055304,0.0,False
270,270000,0.021761073506709413,0.0032418952618453872,0.011206864318962785,0.029925187032418952,0.009897874361714762,0.04520547945205479,0.005479452054794521,0.023538987097984028,0.0547945205479452,0.018059632528810612,0.03163952449666735,0.004184704184704185,0.01640308344085918,0.04040404040404041,0.013336883574978812,38,0.05483405483405483,65679,11.745499955945204,16.362677281944737,180.62543395712393,12.428245262249838,16.032120571579654,11.747995340052885,12.977684385559463,261.91965675445573,0.0,False
271,271000,0.024999999999999998,0.002835051546391753,0.013502848575976506,0.028350515463917526,0.012527614138438881,0.014784946236559139,0.002903225806451613,0.008598911167562845,0.02903225806451613,0.0107168458781362,0.02046322827125119,0.0028653295128939827,0.011324882105191069,0.02865329512893983,0.011723404739164053,36,0.05157593123209169,65679,11.803939270402243,17.05127306056431,188.30511395116767,11.706386716520134,15.537988208802478,11.730475685700625,13.084082383638119,269.21925927679564,0.0,False
272,272000,0.02394636015325671,0.002988505747126437,0.010921161419459929,0.029885057471264367,0.008767560664112389,0.02037617554858934,0.003134796238244514,0.010629583244764441,0.03134796238244514,0.009260088570433398,0.022435897435897436,0.0030503978779840854,0.010797801422473375,0.03050397877984085,0.0089759378552482,25,0.033156498673740056,65679,12.4704906289963,16.037046179653846,180.39283806373098,11.658680017276325,15.37371210147409,11.690657167037767,11.922109311959805,259.5455334701291,0.0,False
273,273000,0.02518891687657431,0.0030226700251889172,0.01389087172105684,0.030226700251889168,0.012415537163647995,0.007512437810945274,0.0014925373134328358,0.003522977805543961,0.014925373134328358,0.005451314854299929,0.01709927140255009,0.0023224043715846998,0.009146002237864471,0.023224043715846996,0.009228358920981871,37,0.050546448087431695,65679,11.763811499906907,16.300925745796334,162.11723130474255,11.688644024815398,15.311824463862255,11.764622409760062,12.689209840224812,241.6362692891083,0.0,False
274,274000,0.021686969361387965,0.00310077519379845,0.014111686388175348,0.031007751937984496,0.013458225667527992,0.01972693032015066,0.003672316384180791,0.011184957982801495,0.03672316384180791,0.0132006098107793,0.02075059443480496,0.0033738191632928477,0.012713492251195127,0.033738191632928474,0.013335154124627808,30,0.04048582995951417,65679,11.966036969193738,15.275785242394036,181.15449668328066,11.773676252574417,15.481135902245535,11.779982589846249,13.208693022168095,260.6398066617027,0.0,False
275,275000,0.03781223083548665,0.005426356589147287,0.021994780285384735,0.05167958656330749,0.019896640826873382,0.02248182762201454,0.005295950155763241,0.016948596090041807,0.04672897196261682,0.022568362755278643,0.030861581920903956,0.005367231638418079,0.019706891688343664,0.04943502824858757,0.02110797237915882,33,0.046610169491525424,65679,11.840811058552724,15.57970880776416,179.54265237818402,11.661163010379116,15.033386279339478,11.684463789268795,12.485189807745488,257.8273751312338,0.0,False
276,276000,0.021294021294021293,0.002702702702702703,0.012740686143036277,0.02702702702702703,0.010881985881985882,0.019546636937941286,0.004013377926421405,0.011918446788730205,0.03678929765886288,0.016178266178266176,0.020553981743783444,0.0032577903682719546,0.012392457294682855,0.031161473087818695,0.013125028103781647,25,0.03541076487252125,65679,11.770269227356911,14.003314979443848,162.78798377750147,11.658073394052447,15.312087844901455,11.685363769359247,12.324650820946804,239.5417438135622,0.0,False
277,277000,0.02336860670194003,0.0029100529100529104,0.011541847915299561,0.0291005291005291,0.008296590241034685,0.009848484848484848,0.002272727272727273,0.0075231173422147255,0.022727272727272728,0.008982683982683983,0.017298347910592808,0.0026239067055393588,0.009737519902894126,0.026239067055393587,0.008604632329122125,33,0.048104956268221574,65679,11.706570865452349,15.340455025922296,164.15620928973695,11.69361978554939,15.221106413887409,11.742706694545246,12.784112110170165,242.6447801852638,0.0,False
278,278000,0.015955555555555553,0.0029333333333333334,0.009387803499842693,0.029333333333333333,0.011358730158730158,0.018002717391304348,0.0024456521739130437,0.012561204333255046,0.024456521739130436,0.012892512077294686,0.01696949304620906,0.0026917900403768506,0.01095955519122324,0.026917900403768506,0.012118396034950542,41,0.05518169582772544,65679,11.809412996180434,16.53889083129412,179.87381093732824,11.72024273683736,15.501888884827952,11.708922695766177,12.386267078862145,259.53943616109643,0.0,False
279,279000,0.009718172983479106,0.0017857142857142857,0.005826480027409428,0.017857142857142856,0.007482993197278911,0.03835099952578463,0.006303724928366763,0.024523891326093453,0.05730659025787966,0.02347523536635284,0.023203809236197897,0.003913630229419703,0.014632683189677613,0.03643724696356275,0.01501510185720712,35,0.04723346828609987,65679,11.750869647067507,15.48537569316666,173.5809015379619,11.68138027597687,15.648196571210748,11.740452884115292,12.982266919245312,252.86944352874428,0.0,False
280,280000,0.018474842767295597,0.0025943396226415097,0.011410925347410639,0.025943396226415096,0.012643194070080861,0.009375,0.0018750000000000004,0.004780302090978173,0.01875,0.004508928571428571,0.014560931899641576,0.00228494623655914,0.008559044376902053,0.0228494623655914,0.00914458525345622,22,0.02956989247311828,65679,11.785517726708994,14.322424554208402,169.0280751551615,11.745492838222127,15.466571122960126,11.74811195701897,12.723210344650626,246.81940369893076,0.0,False
281,281000,0.010416666666666666,0.0015306122448979593,0.004383955907821569,0.015306122448979591,0.002872934888241011,0.030501089324618733,0.0035947712418300656,0.01511332340955168,0.03594771241830065,0.010715582529308019,0.019221585482330467,0.0024355300859598855,0.009087661431502678,0.024355300859598854,0.0063111156592531945,31,0.044412607449856735,65679,11.843620829565804,14.453394572552792,169.57508467066452,11.705952595156276,15.76089254515245,11.69014577291627,12.658009977031814,247.68710096303994,0.0,False
282,282000,0.015097822074566261,0.0020671834625323,0.008032352218846165,0.020671834625323,0.007008531233337434,0.03432109685979655,0.005882352941176471,0.018684492921570456,0.05572755417956656,0.016751437417072093,0.023843058350100605,0.003802816901408451,0.012878326087832005,0.036619718309859155,0.01144086742678292,31,0.04366197183098591,65679,11.718986813402665,15.184314355543016,167.08027288468708,11.738217764928338,15.550051129797904,11.69778801009269,12.350157134355388,245.3197880928071,0.0,False
283,283000,0.026458832933653077,0.0038369304556354917,0.013267595541350046,0.03836930455635491,0.012208328575235048,0.015578465063001146,0.0020618556701030933,0.007449719530508893,0.020618556701030927,0.0055937380679648725,0.021986817325800375,0.0031073446327683617,0.010876349892826351,0.031073446327683617,0.009489619765043493,25,0.03531073446327684,65679,11.725003894930142,15.069204340648067,162.2168333759999,15.676657372079571,15.08854112414193,11.681105865343767,12.066366313331912,243.52371228647527,0.0,False
284,284000,0.01670792079207921,0.0019801980198019802,0.010414695452972647,0.019801980198019802,0.009576850542197077,0.025690660548704714,0.004416403785488959,0.013456373391711867,0.04100946372239748,0.013415702769015074,0.020657336191316773,0.0030513176144244107,0.01175202125960279,0.02912621359223301,0.011264667679369482,30,0.04160887656033287,65679,11.701879766734535,15.479706314658337,165.1227786172854,11.694506602252797,15.21957472457036,11.699510646112632,12.549900262726066,243.46785693434012,0.0,False
285,285000,0.01971326164874552,0.002688172043010753,0.012701059843429322,0.026881720430107527,0.01400836320191159,0.016552969502407703,0.0036516853932584276,0.008877992958226492,0.03089887640449438,0.01073880863206706,0.0181678440607012,0.003159340659340659,0.010831538124841125,0.028846153846153848,0.012409515088086518,33,0.04532967032967033,65679,11.727692016266777,15.518291096860981,199.5925369103202,12.032720087457038,16.788744741730312,12.902452997815006,13.510100052280261,282.07253790273063,0.0,False
286,286000,0.025868055555555557,0.003645833333333334,0.012705624643169738,0.033854166666666664,0.00982556216931217,0.02268986914879266,0.00424929178470255,0.0182323893755492,0.042492917847025496,0.023050721705112638,0.02434580345028106,0.003934871099050204,0.015352772472925437,0.037991858887381276,0.016160000861493398,27,0.036635006784260515,65679,16.510725858884246,15.323660460322962,199.4670943497173,12.330531628537699,16.497903808324054,11.908559602175073,13.240956050986075,285.2794317589474,0.0,False
287,287000,0.02554438860971524,0.003517587939698492,0.01421947471111887,0.032663316582914576,0.012837002472680865,0.02720125786163522,0.005031446540880504,0.01572702953788995,0.03773584905660377,0.01635594489368074,0.02628026070763501,0.004189944134078212,0.014889031184461334,0.034916201117318434,0.014399884721113771,35,0.04888268156424581,65679,11.773482442592464,15.461777825326317,172.19024842259068,11.699298959458314,15.391563921704488,11.738153674986652,12.638547441143345,250.89307268780226,0.0,False
288,288000,0.018087758663674895,0.003141361256544503,0.009608237595059776,0.031413612565445025,0.011848666168037895,0.024186256781193488,0.005063291139240506,0.013254951406147773,0.04113924050632911,0.012565300381756078,0.020848683312866694,0.004011461318051576,0.011259185394921965,0.03581661891117478,0.012173102287715468,20,0.02865329512893983,65679,11.79492297934126,14.416204913922371,171.49544219000057,11.67036161807411,15.12101674357169,11.740444480365376,12.276058587473715,248.5144515127491,0.0,False
289,289000,0.022583559168925023,0.0029810298102981034,0.009217517696860066,0.02710027100271003,0.0056867552802512145,0.020871327254305978,0.00303951367781155,0.010893467079926975,0.030395136778115502,0.00877116804168476,0.021776504297994267,0.003008595988538682,0.01000747091609934,0.02865329512893983,0.007140583071815164,32,0.045845272206303724,65679,11.755802809695904,15.411326598629982,175.06818576712436,11.694617079505143,15.649956355792693,11.765729728677176,13.166433527708744,254.51205186713398,0.0,False
290,290000,0.02540106951871658,0.0037433155080213907,0.013749429324776782,0.034759358288770054,0.012310075545369665,0.015957446808510637,0.002735562310030395,0.008818502683582934,0.02735562310030395,0.008747044917257684,0.020981507823613087,0.0032716927453769556,0.011441783713179663,0.031294452347083924,0.010642597484702749,20,0.02844950213371266,65679,11.843997550706199,14.869216929516703,172.12586830742117,11.667229201872686,15.164279481075237,11.683602582190922,12.48434929206066,249.8385433448436,0.0,False
291,291000,0.017570970695970693,0.002403846153846154,0.007507378238425158,0.02403846153846154,0.006462721306471306,0.02455089820359281,0.0038922155688622755,0.015473074651821607,0.03592814371257485,0.015335994677312044,0.02067936507936508,0.0030666666666666663,0.011054768374524376,0.029333333333333333,0.010414285714285716,24,0.032,65679,11.80933686803498,14.785122158814112,167.42572941913502,11.672630192499645,15.38451325419632,11.69895455846448,12.406778687759633,245.1830651389042,0.0,False
292,292000,0.011290322580645162,0.002150537634408602,0.004694784082018769,0.01881720430107527,0.003748506571087216,0.018416206261510127,0.0024861878453038676,0.008479437897652573,0.024861878453038673,0.0067252038937121806,0.0148047229791099,0.0023160762942779295,0.006561329969293207,0.021798365122615803,0.005216578002681545,30,0.04087193460490463,65679,11.776305310587375,15.69863536553251,163.84226130396195,11.713760342771383,15.544356461449915,11.7251156494802,12.148125350219807,242.44855978400315,0.0,False
293,293000,0.02355072463768116,0.0028985507246376816,0.010536794793383314,0.028985507246376812,0.0076115711985277204,0.015920398009950248,0.00208955223880597,0.010423893931675882,0.01791044776119403,0.009751243781094527,0.020137961726746773,0.002536715620827771,0.010486298413313902,0.02403204272363151,0.008568567613961473,27,0.036048064085447265,65679,11.782690090528236,14.209730803835253,173.06792066962285,11.748526807797699,15.470363448857881,11.761691829009768,12.733581412294193,250.77450506194592,0.0,False
294,294000,0.01984126984126984,0.0033333333333333335,0.013277722503211123,0.03076923076923077,0.012393162393162394,0.017341040462427744,0.003179190751445087,0.008311748319170585,0.028901734104046242,0.007959445820717496,0.018665890269151136,0.003260869565217392,0.010943174856909457,0.029891304347826088,0.010308833678398896,31,0.042119565217391304,65679,11.785584757298405,15.848983934238504,165.9160703730428,11.658922638574376,15.33559193765688,11.717127204852185,12.102755256260256,244.3650361019234,0.0,False
295,295000,0.024029982363315692,0.003174603174603175,0.01331465621198512,0.031746031746031744,0.012529394473838917,0.022534439201105868,0.003603603603603604,0.015013677488330195,0.036036036036036036,0.014546689546689548,0.023329538097470584,0.0033755274261603376,0.014110400354070787,0.03375527426160337,0.013474203558591743,21,0.029535864978902954,65679,11.72064132579087,14.084402676556307,168.76973708293553,11.670224886045633,15.257910960062016,11.718897029375231,12.87530649936308,246.0971204601287,0.0,False
296,296000,0.017874396135265702,0.0026570048309178746,0.009775179940966728,0.026570048309178744,0.010261866421286712,0.016702393712040017,0.003215434083601286,0.00898259827459329,0.03215434083601286,0.010350635431021282,0.017371647509578547,0.0028965517241379313,0.00943518973649481,0.028965517241379312,0.010299945265462506,29,0.04,65679,11.777175515911843,14.779508092407912,174.77588615806562,11.692897033233063,15.42141204512182,11.965081548701018,12.616933530551488,253.02889392399277,0.0,False
297,297000,0.02396109637488948,0.0034482758620689663,0.01455368495001072,0.034482758620689655,0.013071028588269968,0.02984884965222044,0.0044943820224719105,0.019866556663465724,0.0449438202247191,0.02269038701622971,0.026820632755148448,0.003956343792633016,0.0171340155502699,0.03956343792633015,0.017742913445505534,38,0.05184174624829468,65679,12.088067734838948,17.182194612413994,182.53767724306368,11.96352737932449,17.1369585500597,11.740344323274421,12.757137237792705,265.405907080768,0.0,False
298,298000,0.021367521367521364,0.0030769230769230774,0.013791866947979174,0.03076923076923077,0.01425213675213675,0.01834319526627219,0.0020710059171597634,0.008277266314641367,0.020710059171597635,0.0070266272189349116,0.019963369963369962,0.00260989010989011,0.011231516653929479,0.0260989010989011,0.010897435897435895,39,0.05357142857142857,65679,11.739959744183626,16.82023738500127,165.89466377261996,11.66128011441392,15.173163975160108,11.680414838538544,12.794053276740659,245.76377310665814,0.0,False
299,299000,0.019765494137353436,0.002763819095477387,0.00984131381392878,0.02763819095477387,0.008357262502991146,0.023789846517119247,0.0038567493112947656,0.01326093656077014,0.03581267217630854,0.012603305785123965,0.021685126087228584,0.0032851511169513796,0.011472487344945092,0.03153745072273324,0.010382641887241098,23,0.030223390275952694,65679,11.708394862572359,13.879222085969033,168.16042371556316,11.686698472124224,15.746636231786514,11.722915332953999,12.96890427054942,245.87319497151867,0.0,False
300,300000,0.02336860670194003,0.0029100529100529104,0.012877737864567435,0.0291005291005291,0.01166225749559083,0.008794508794508795,0.001801801801801802,0.0063383105430920555,0.015015015015015015,0.005642547309213976,0.016542763378206416,0.0023909985935302394,0.00981496810640808,0.02250351617440225,0.008842899560199138,29,0.040787623066104076,65679,11.755864460463727,14.705923286853494,169.6649945109041,11.663424385882637,15.04196711728245,11.701685564288745,12.447342095933678,246.98120142160883,0.0,False
301,301000,0.018089430894308943,0.0029268292682926834,0.009860563296909604,0.026829268292682926,0.00960994967092528,0.022470713525026623,0.0038338658146964853,0.014706963978250363,0.038338658146964855,0.01786855317206755,0.01998616874135546,0.003319502074688797,0.01195865930418437,0.0318118948824343,0.013185251048321588,30,0.04149377593360996,65679,11.756151257980019,15.357022725120961,168.6694535235761,11.673693769490011,15.300597805315007,11.707678955016899,12.692209303027946,247.1568073395269,0.0,False
302,302000,0.020065520065520065,0.002702702702702703,0.009426466267195517,0.02702702702702703,0.007031707031707031,0.01419141914191419,0.0033003300330033004,0.010954015261351471,0.026402640264026403,0.014452040442139453,0.017558685446009387,0.0029577464788732404,0.010078363936532496,0.02676056338028169,0.010198412698412698,29,0.04084507042253521,65679,11.744505703195628,14.94284608091756,163.5446811473068,11.662652949301355,15.09258392960733,11.707247901074357,12.551120392778614,241.24563810418164,0.0,False
303,303000,0.018518518518518517,0.002777777777777778,0.01025064149240034,0.025,0.010388007054673722,0.014060887512899896,0.0027863777089783283,0.009076980457856125,0.02786377708978328,0.009020099267777287,0.016410444119082476,0.002781844802342606,0.009695601208128332,0.02635431918008785,0.00974110483627321,30,0.043923865300146414,65679,11.745387735850876,14.617679589198907,164.96669123292062,11.663853199894714,14.938314432721977,11.706790809681845,12.420053420905685,242.05877042117461,0.0,False
304,304000,0.011226252158894645,0.0015544041450777204,0.006831326310000056,0.015544041450777202,0.006915659182498561,0.023368867831408548,0.004234527687296417,0.01519233882181019,0.04234527687296417,0.01622201540768316,0.016605448423630244,0.0027417027417027417,0.010535266917685065,0.027417027417027416,0.0110383884193408,33,0.047619047619047616,65679,11.756691832787158,14.549264319568822,163.11481625955193,11.991396010893606,15.033506317999045,11.679829306221468,12.827773883575254,240.95327793059727,0.0,False
305,305000,0.03012477718360071,0.0037433155080213902,0.015850786170897503,0.0374331550802139,0.01410003395297513,0.014423076923076924,0.002472527472527473,0.009026098824206071,0.02197802197802198,0.008547008547008548,0.022380307136404695,0.003116531165311653,0.01248468021670281,0.02981029810298103,0.011361143373338494,22,0.02981029810298103,65679,11.745455033893016,14.516051412893916,173.2988476726982,11.963771132827983,15.638479250484894,11.796752140164068,12.835198458349684,251.79455510131177,0.0,False
306,306000,0.03468697123519458,0.004314720812182741,0.01919664431380731,0.04060913705583756,0.016028120215937473,0.01966067864271457,0.0035928143712574854,0.01277699330328907,0.03592814371257485,0.014529274783765802,0.027793040293040295,0.003983516483516484,0.016251364866673938,0.038461538461538464,0.01534046310832025,22,0.03021978021978022,65679,11.734528508583475,14.220816796695068,183.22852449360883,11.962179315691547,15.68342884156193,11.878001300216766,12.583185862294343,261.29066511865193,0.0,False
307,307000,0.02643103873673822,0.004145077720207254,0.015403463072550824,0.03626943005181347,0.016432272390821616,0.01746506986027944,0.0029940119760479044,0.0077375293526399744,0.029940119760479042,0.007001473243988214,0.022271825396825394,0.0036111111111111114,0.011847321596925515,0.03333333333333333,0.012057429453262788,25,0.034722222222222224,65679,11.816893437183174,14.51596834678437,176.5732379210988,11.685448298617839,15.383683862751907,11.681416096184783,12.460233607666794,254.1168815702877,0.0,False
308,308000,0.026865671641791045,0.0038805970149253734,0.014399993930013623,0.03283582089552239,0.01304193319118692,0.015513626834381553,0.0022012578616352205,0.008346745697756671,0.0220125786163522,0.006813417190775682,0.02133741704951506,0.0030627871362940277,0.01145216400986399,0.027565084226646247,0.010008750820389411,24,0.036753445635528334,65679,11.740694717293776,13.816315470260854,183.61852042418636,11.901281409640308,15.894004487176927,11.806563150931758,13.378828472618288,262.15620813210825,0.0,False
309,309000,0.01675485008818342,0.001851851851851852,0.007666870336356382,0.018518518518518517,0.0053015033173763335,0.01740506329113924,0.004430379746835443,0.012389269341326193,0.04430379746835443,0.01865707253365481,0.017050912584053793,0.0030259365994236313,0.009817126943806613,0.03025936599423631,0.011382713508073738,26,0.037463976945244955,65679,12.103114027606221,14.624202834850886,173.69948048095995,11.766787816322456,15.379189778244594,11.68082479634236,12.869847698687709,252.12344743301418,0.0,False
310,310000,0.019146005509641875,0.0024793388429752068,0.008840050903200196,0.024793388429752067,0.006029996939087848,0.01676190476190476,0.0025714285714285717,0.009336027507240377,0.025714285714285714,0.008939909297052155,0.017975689574567556,0.002524544179523142,0.009083517679377002,0.025245441795231416,0.0074584251652975355,33,0.04628330995792426,65679,11.722131849287166,15.254774863332488,163.8640112809342,11.664196804608839,15.318150159787658,11.6848330694308,12.801536088458132,242.30963411583926,0.0,False
311,311000,0.02393857271906052,0.0032520325203252037,0.01026793011827458,0.032520325203252036,0.0069514345937110155,0.007614087301587302,0.001488095238095238,0.004446358612039667,0.01488095238095238,0.004670965608465609,0.016158392434988178,0.0024113475177304964,0.0074933939110477295,0.024113475177304965,0.005864572779466396,28,0.03971631205673759,65679,11.720877491031011,14.603659895598419,168.24568220623337,11.665996582019279,15.593446372544339,11.69851628324281,13.538997134507348,247.0671759651766,0.0,False
312,312000,0.031375,0.00425,0.018363056154242753,0.04,0.01679464285714286,0.02763409961685824,0.004310344827586207,0.016411647466599816,0.04310344827586207,0.018127394636015325,0.029634581105169342,0.0042780748663101605,0.017455181524162883,0.04144385026737968,0.017414693149987268,24,0.03208556149732621,65679,11.740815534594384,16.03567987416843,168.52479360757178,11.706436266814556,15.595836306669941,11.741026636438722,12.685910097232078,248.0304983234899,0.0,False
313,313000,0.04004854368932039,0.0043689320388349525,0.016874358334259845,0.043689320388349516,0.01032516566497149,0.012621685129237998,0.002416918429003021,0.00831310383533878,0.021148036253776436,0.009718026183282982,0.027830118139673992,0.0034993270524899065,0.013060394351564187,0.033647375504710635,0.010054690337328294,18,0.024226110363391656,65679,11.861141392177643,13.149235070217259,176.9459679182711,11.692573839899856,15.621643935634367,11.729549945771467,12.270789760127077,253.27090186209878,0.0,False
314,314000,0.019718309859154928,0.003098591549295775,0.011256251670594849,0.028169014084507043,0.010718756986362621,0.02312820512820513,0.004000000000000001,0.014394092519127386,0.04,0.016477411477411476,0.021348039215686274,0.003529411764705883,0.012755955017319956,0.033823529411764704,0.013471055088702149,28,0.041176470588235294,65679,11.772741403889842,14.473193150232877,161.56310219452018,11.659589631257683,15.247587437122734,11.674460437857693,12.364568510614404,238.75524276549544,0.0,False
315,315000,0.01918238993710692,0.002964959568733154,0.012223506625484586,0.029649595687331536,0.011844863731656182,0.016129032258064516,0.0017595307917888565,0.005796366874503464,0.017595307917888565,0.003041940138714332,0.017720037453183523,0.0023876404494382027,0.00914533997508492,0.023876404494382022,0.007628856786160156,24,0.033707865168539325,65679,11.730908237833626,14.370603246202652,169.40234752099715,11.790144453655005,15.481378380408085,11.722435906788565,12.740098759067564,247.23791650495266,0.0,False
316,316000,0.02425876010781671,0.002964959568733154,0.011927762844500804,0.029649595687331536,0.009804047405125572,0.03328358208955224,0.0050746268656716425,0.01669686125868279,0.04776119402985075,0.015408670931058991,0.028541076487252126,0.003966005665722379,0.01419072030732087,0.03824362606232295,0.012463465083861685,24,0.0339943342776204,65679,11.729337770036153,14.301132574875975,175.294705135956,11.943324638954977,16.39125070464209,11.68565592961357,12.44373927014597,253.78914602422475,0.0,False
317,317000,0.016773542334639593,0.0022443890274314216,0.007077412967376217,0.022443890274314215,0.004502632308118593,0.01730890999547716,0.0038805970149253734,0.009081636746768313,0.03283582089552239,0.00931532812129827,0.017017221908526257,0.002989130434782609,0.007989661562615826,0.02717391304347826,0.006693193581780538,29,0.03940217391304348,65679,11.733423241455654,14.9102190329653,167.6396764941357,11.681057951740126,15.290801449560632,11.684416880389236,12.727722594807478,245.6673176450541,0.0,False
318,318000,0.0129579982126899,0.001876675603217158,0.005495472788336771,0.01876675603217158,0.004504446997744585,0.016008157649024524,0.0030959752321981426,0.008565179178051118,0.030959752321981424,0.007811194653299916,0.014373517606276226,0.0024425287356321843,0.006920063541034666,0.02442528735632184,0.006039043970078453,28,0.040229885057471264,65679,11.732340284814624,15.506282285415729,160.93656907459342,11.66693900185589,15.237403123424809,11.690755608306791,12.249551134130288,239.01984051254155,0.0,False
319,319000,0.022933333333333333,0.0034666666666666674,0.01013206545939325,0.032,0.008555555555555554,0.022288359788359788,0.0034920634920634925,0.01103567665119398,0.03492063492063492,0.010749559082892416,0.02263888888888889,0.003478260869565218,0.010544583612171844,0.03333333333333333,0.009557165861513688,24,0.034782608695652174,65679,11.74028755056289,14.59376363305287,174.34015535708335,11.695214315848856,15.22007316351326,11.796604831484924,12.418514193229813,251.80461304477598,0.0,False
320,320000,0.015171467764060356,0.0027160493827160497,0.008786602035709965,0.027160493827160494,0.009657064471879287,0.021299254526091584,0.0028753993610223646,0.00905117925245108,0.025559105431309903,0.006029717531314975,0.017842773135252243,0.002785515320334262,0.008901940014595716,0.026462395543175487,0.008075783702524651,18,0.025069637883008356,65679,11.987245570291293,14.2853577878993,182.8457470781225,11.789600965081416,16.19425749420367,11.82580956658741,12.913925487828548,261.8419439500141,0.0,False
321,321000,0.01808419243986254,0.002577319587628866,0.007486685234164071,0.02577319587628866,0.0053397561773850435,0.030974358974358972,0.004,0.01749587992200655,0.04,0.01416971916971917,0.023959794296400185,0.0032258064516129037,0.012049081129744444,0.03225806451612903,0.009364634119192323,33,0.04628330995792426,65679,11.795260085906145,16.06496597868212,172.5996890520609,11.66832488416758,15.17309567909686,11.694603381282032,12.901915152255249,251.8978542134509,0.0,False
322,322000,0.015706806282722512,0.0023560209424083774,0.008262112350742064,0.02356020942408377,0.007616554475193219,0.02010658914728682,0.003488372093023256,0.011496872428537684,0.03488372093023256,0.011368355481727575,0.01779155188246097,0.0028925619834710738,0.009794836134160373,0.028925619834710745,0.009394267348812803,21,0.028925619834710745,65679,11.772813637553337,14.501139219774695,163.7651952206415,11.660406384061961,15.4185023379938,11.691635608226946,12.01278104145942,240.82247344971162,0.0,False
323,323000,0.023159636062861866,0.0032258064516129032,0.011454434062114537,0.02977667493796526,0.009204773720902754,0.01623080116230801,0.0027397260273972603,0.007844594399445551,0.0273972602739726,0.0072298325722983245,0.0198666351010101,0.0029947916666666664,0.009738820159934615,0.028645833333333332,0.008266162367724867,16,0.020833333333333332,65679,11.733986382489459,13.356714049062024,161.5081515520117,11.704555576211305,15.462219311104807,11.696055826085349,12.37714041774085,237.8388231147055,0.0,False
324,324000,0.015625,0.001704545454545455,0.007952484044743184,0.017045454545454544,0.005847537878787878,0.011278952668680764,0.002416918429003021,0.0063082364589174145,0.021148036253776436,0.007569654246391407,0.013518789653489505,0.002049780380673499,0.007155637850148264,0.01903367496339678,0.006682121360013015,32,0.04685212298682284,65679,11.741222599184752,15.032657226313194,173.01753465839843,11.69319938609803,15.408525617724433,11.71606782707224,13.350046184829045,251.9592534996201,0.0,False
325,325000,0.029122340425531912,0.0037234042553191487,0.014482415519573138,0.03723404255319149,0.010951747720364741,0.02608695652173913,0.004057971014492754,0.01871187284190481,0.03768115942028986,0.017478720956981827,0.027669902912621357,0.003883495145631068,0.016506219647457226,0.03744798890429958,0.014074917993087202,27,0.03744798890429958,65679,11.747547804974445,14.06304902773492,174.50010959359219,11.695856000401573,15.492715462292473,11.857412170857007,12.556241991326655,251.91293205117924,0.0,False
326,326000,0.01425,0.0017500000000000003,0.006823537640649029,0.0175,0.005051587301587302,0.02249190938511327,0.0035598705501618125,0.010432800224451463,0.03559870550161812,0.010327734114141882,0.017842031029619183,0.002538787023977433,0.008396544888032601,0.02538787023977433,0.0073510645442944455,14,0.019746121297602257,65679,11.743330582972277,12.602793388591383,170.5360302153569,11.668851818955051,15.22021090545611,11.692553685063722,13.052120671153133,246.51589126754857,0.0,False
327,327000,0.026184226971628543,0.003937007874015748,0.013834007163152135,0.03937007874015748,0.01220368287297421,0.025277426604860233,0.004129793510324485,0.012545536396555576,0.04129793510324484,0.012561455260570306,0.025757275132275135,0.0040277777777777786,0.013227352177212921,0.04027777777777778,0.012372134038800706,26,0.03611111111111111,65679,11.791108515554761,15.022473895107137,165.32008941308462,11.696327372065497,15.41440375965597,11.778543963142374,12.790169555229603,243.81311647383995,0.0,False
328,328000,0.014781491002570694,0.0020565552699228795,0.007650906360289595,0.02056555269922879,0.0073336189660097115,0.0173816082906992,0.0030303030303030307,0.013399170436861148,0.027548209366391185,0.01685032139577594,0.016036600810536983,0.0025265957446808512,0.010425666812145278,0.023936170212765957,0.011927452718676124,30,0.0398936170212766,65679,12.070824518345402,14.58088021900894,176.02013071733867,11.71654241860498,15.856104313732855,11.71098422099448,12.798971583516394,254.75443799154172,0.0,False
329,329000,0.03520542781756502,0.0047493403693931405,0.014896946287845714,0.044854881266490766,0.012704694894668508,0.019541910331384017,0.0029239766081871343,0.013229005689165775,0.029239766081871343,0.013043024227234752,0.02777557624991744,0.003883495145631068,0.014105773354768687,0.03744798890429958,0.01286517843383308,26,0.036061026352288486,65679,11.732467372460587,14.720073455584682,165.82890911200076,11.664636522176753,15.21413674221428,11.678999731409846,12.72798920590179,243.56721214174868,0.0,False
330,330000,0.010833333333333332,0.00125,0.0064200888384306955,0.0125,0.005145833333333334,0.017017017017017015,0.0024024024024024027,0.010708333052805588,0.021021021021021023,0.00980980980980981,0.013642564802182811,0.0017735334242837658,0.008368227069517788,0.01637107776261937,0.007264665757162346,21,0.0286493860845839,65679,11.766290899439813,13.83405095166379,173.84272715402494,15.998248140719484,15.387444786296722,11.73786815604483,12.115912033941466,254.68254212213105,0.0,False
331,331000,0.014492753623188406,0.0026086956521739132,0.007915555389806997,0.02608695652173913,0.008317230273752012,0.02342140618002687,0.005642633228840126,0.016840197057245834,0.03761755485893417,0.019757924068268897,0.018782271944922546,0.0040662650602409645,0.012203146793290414,0.03162650602409638,0.013813587684069616,29,0.043674698795180725,65679,11.801799605484774,14.181410057712007,177.95708847602455,11.662554526212233,15.220706213195378,11.702765032539642,13.096229540626725,255.6225534517953,0.0,False
332,332000,0.01647834274952919,0.0025423728813559325,0.007610210914837234,0.025423728813559324,0.00814052551340687,0.013482501434308663,0.0030120481927710845,0.008522626026138088,0.02710843373493976,0.009521419009370816,0.015028460363737332,0.0027696793002915453,0.008051787907478463,0.026239067055393587,0.008808829654310703,21,0.030612244897959183,65679,11.785359101346149,13.943599270357932,166.06570401432597,11.682008631941354,15.161272899924526,11.698608512480945,12.504995707263156,242.84154813764005,0.0,False
333,333000,0.025837988826815643,0.00335195530726257,0.011655256982113091,0.0335195530726257,0.009042741863970914,0.013246628131021194,0.0023121387283236996,0.006708259007562439,0.023121387283236993,0.006551059730250481,0.019649621212121212,0.002840909090909091,0.009223919909393594,0.028409090909090908,0.007818136724386724,20,0.028409090909090908,65679,11.730108855634303,14.34989249876617,166.03503525682018,11.673765835398807,15.052135710041936,11.673305824633218,12.027875012241008,242.5421189935356,0.0,False
334,334000,0.011194992902309976,0.0024390243902439024,0.005857554154103769,0.024390243902439025,0.008226867982965543,0.01495411340544084,0.0029498525073746312,0.010534646221692303,0.029498525073746312,0.012168141592920354,0.0129949107703345,0.0026836158192090395,0.008097009254262686,0.026836158192090395,0.010114003228410008,30,0.0423728813559322,65679,11.727141434547672,14.84239561784506,170.5511407218002,11.683465551498573,15.24078719207511,11.73100802956406,13.234694402688984,249.01063295001967,0.0,False
335,335000,0.02977712824260139,0.0038363171355498722,0.01645971687307559,0.03836317135549872,0.014026915113871635,0.02021696252465483,0.0032544378698224855,0.0105743562731248,0.03254437869822485,0.010428994082840239,0.025344568554445095,0.0035665294924554186,0.013730976293125842,0.03566529492455418,0.012358743222940755,20,0.027434842249657063,65679,11.765260027274405,13.833703567972533,173.2235541834909,11.6573864052949,15.269649374080597,11.673182695473571,12.151024953097057,249.57376120668397,0.0,False
336,336000,0.029919137466307276,0.00431266846361186,0.01552966944592314,0.03773584905660377,0.013794763188294186,0.014602215508559918,0.0027190332326283992,0.0090322757408961,0.02416918429003021,0.009355967966239869,0.022697056030389365,0.0035612535612535613,0.012466083525176775,0.03133903133903134,0.011701826979604755,17,0.024216524216524215,65679,11.818400955890262,13.775960985465407,167.76311962214686,11.674742831577213,15.265658126886738,11.681486258546814,12.004754911101866,243.98412369161514,0.0,False
337,337000,0.030537749287749286,0.004166666666666667,0.01773179989293193,0.041666666666666664,0.014602072310405643,0.018115942028985508,0.0034161490683229817,0.011330729643415572,0.031055900621118012,0.01331460120279996,0.024672907737423862,0.003812316715542522,0.014709593704743855,0.036656891495601175,0.013994204720011172,17,0.024926686217008796,65679,11.759257023027935,14.021905081512687,168.3491056867631,11.663805487172052,15.09415153333471,11.695494218907921,12.436084522685075,245.01980355340345,0.0,False
338,338000,0.030461270670147957,0.003655352480417755,0.015249813794108178,0.03655352480417755,0.011179493555472668,0.03225352112676056,0.005070422535211268,0.01708088350121116,0.05070422535211268,0.016610775765705344,0.03132339656729901,0.004336043360433604,0.016130612907958527,0.04336043360433604,0.01379210220673635,22,0.02981029810298103,65679,11.724280082656136,14.542691927479922,170.65779402518356,11.660600139892786,15.353928914052517,11.688004438473175,11.90709774447074,247.53439727220885,0.0,False
339,339000,0.015796703296703296,0.002472527472527473,0.00937033309909292,0.024725274725274724,0.009363553113553113,0.017956349206349205,0.0035714285714285713,0.011356535290028788,0.026785714285714284,0.011288265306122449,0.016833333333333332,0.003000000000000001,0.010323710150742136,0.025714285714285714,0.010287414965986395,14,0.02,65679,11.742004552589558,13.155243628298896,164.0727815153259,11.680282234499684,15.588145985803713,11.682841233373598,12.49431444234894,240.4156135922403,0.0,False
340,340000,0.024710504549214224,0.0029776674937965265,0.012938910130715839,0.02977667493796526,0.010826539052345504,0.019834368530020702,0.0031884057971014496,0.009746528356319888,0.03188405797101449,0.009769956291695421,0.02246148459383753,0.003074866310160428,0.011466488055626799,0.03074866310160428,0.010339211442152618,21,0.02807486631016043,65679,11.734826349960038,13.715103854158862,172.51543411875292,11.738279750317382,16.22848668152155,11.705732483199839,12.460954437187866,250.09881767509847,0.0,False
341,341000,0.022911051212938006,0.0024258760107816715,0.009852726186784703,0.02425876010781671,0.007038035339922133,0.037433502011158686,0.004632152588555859,0.01707875819803195,0.04632152588555858,0.01202586393322088,0.030132920376822813,0.0035230352303523044,0.01344615944983042,0.03523035230352303,0.00951843248591216,26,0.03523035230352303,65679,11.773751030549896,14.807953540835195,176.69652726409745,11.895363768318902,15.926353456888197,12.04518803887833,12.467418717881928,255.6125558174499,0.0,False
342,342000,0.025374999999999995,0.00375,0.011656675506385987,0.0375,0.008884920634920634,0.027963525835866258,0.003951367781155016,0.013741298885810115,0.0364741641337386,0.012288319583152409,0.02654320987654321,0.0038408779149519887,0.012597472614521156,0.037037037037037035,0.010420885318004659,24,0.03292181069958848,65679,11.823469955152266,14.097165107959665,181.61818009793106,11.742850582641129,15.56258446629155,11.922015269630325,12.982639311237554,259.74890479084354,0.0,False
343,343000,0.01949206349206349,0.0029333333333333334,0.009026417389574812,0.029333333333333333,0.00954074074074074,0.024633123689727462,0.003773584905660378,0.017563177302216397,0.03773584905660377,0.019622891085155234,0.021851164708307565,0.0033189033189033193,0.012943718475029392,0.03318903318903319,0.014167182024324881,22,0.031746031746031744,65679,11.746631952955223,14.268694924032822,164.11155193329918,11.72066463618615,15.279203746124125,11.70992041649166,12.523939134340134,241.3606067434293,0.0,False
344,344000,0.015731292517006803,0.0020408163265306124,0.007810761007334901,0.02040816326530612,0.006767290249433107,0.029262672811059907,0.0061290322580645155,0.015357681851727346,0.04516129032258064,0.015316180235535076,0.02170668837335504,0.0038461538461538464,0.011143446850300226,0.03133903133903134,0.010542441097996652,28,0.039886039886039885,65679,11.763027206165845,15.116141620197254,174.17552730251973,11.768405377518555,16.11791830712084,11.87287808733506,12.855395069316655,253.66929297017393,0.0,False
345,345000,0.010526315789473684,0.0010526315789473684,0.004749121857861617,0.010526315789473684,0.0029385964912280703,0.018115942028985508,0.002318840579710145,0.011921881820569606,0.02318840579710145,0.011090407177363698,0.014137931034482758,0.0016551724137931036,0.008162366253908867,0.016551724137931035,0.0068177339901477835,30,0.041379310344827586,65679,11.813020746181957,15.892146210949587,172.3526203842446,11.664678321685052,15.249458724178599,11.696079490627898,12.469173273327305,251.137177151195,0.0,False
346,346000,0.020564168819982773,0.003875968992248062,0.009815814002269831,0.03617571059431524,0.010385135966531315,0.029872134038800707,0.004012345679012346,0.01360704329691576,0.033950617283950615,0.009091465804428768,0.024805773223494743,0.003938115330520394,0.011543462794766712,0.035161744022503515,0.009795615386332687,18,0.02531645569620253,65679,11.761137651333797,13.58856548237808,164.38824991960033,11.661470970508736,15.095334414128025,11.675636555616432,12.157891727246351,240.32828672081172,0.0,False
347,347000,0.029333333333333333,0.0037333333333333333,0.014248360215255463,0.037333333333333336,0.011133333333333334,0.021825396825396824,0.0031073446327683617,0.010043428619439637,0.031073446327683617,0.007917451349654738,0.025687504082565808,0.003429355281207133,0.012206459275723497,0.03429355281207133,0.009571711629324799,27,0.037037037037037035,65679,11.752387698696353,15.476684539161845,168.32987802331556,11.670894013174337,15.390666325457158,11.711218164067727,12.60557388528538,246.93730264915837,0.0,False
348,348000,0.02804366078925273,0.003778337531486146,0.013758798135272908,0.03526448362720403,0.010535364439646554,0.011693260300071446,0.0021671826625386994,0.007197724053116765,0.021671826625386997,0.0072325421396628835,0.020708689458689457,0.0030555555555555557,0.010815427401194526,0.029166666666666667,0.009053681657848325,23,0.03194444444444444,65679,11.786854696424488,14.142645571646462,173.25638900671237,11.818481302897087,15.593330273927508,11.826195810152317,13.050766424646532,251.47466308640674,0.0,False
349,349000,0.017763123462605328,0.0031088082901554407,0.008153074819468456,0.031088082901554404,0.007616785919894727,0.035471491228070175,0.004934210526315789,0.01966126457508895,0.046052631578947366,0.01691337719298246,0.025565070999853605,0.00391304347826087,0.013223349726292558,0.03768115942028986,0.011712675408327582,14,0.020289855072463767,65679,11.901299750705086,14.024338627349753,173.5802416895499,11.703855383876638,15.226134871176855,11.723256492193745,12.326147889374361,250.48527470422633,0.0,False
350,350000,0.0213903743315508,0.00267379679144385,0.010377157788349292,0.026737967914438502,0.009175791528732704,0.010703363914373088,0.0012232415902140674,0.00453882578585505,0.012232415902140673,0.003167321974661424,0.016405135520684736,0.0019971469329529245,0.0076537133306950585,0.019971469329529243,0.006372981907931979,26,0.037089871611982884,65679,11.773220040936504,14.477676397478545,161.80094064101314,11.673701393086212,15.24491729039401,11.686986552017498,12.764826866532019,239.42226918145792,0.0,False
351,351000,0.01951331496786042,0.0030303030303030307,0.012642674573451739,0.027548209366391185,0.012973894792076609,0.023795476892822024,0.00471976401179941,0.012396437245393887,0.04129793510324484,0.013184201901016062,0.02158119658119658,0.0038461538461538464,0.012523765094517818,0.03418803418803419,0.013075453353231131,24,0.03418803418803419,65679,11.802990869294593,14.171088236161754,167.67681655893708,11.698699833861959,15.285550399299353,11.72385108175189,12.633731382064028,244.99272836137067,0.0,False
352,352000,0.03114035087719298,0.00368421052631579,0.014670718075813043,0.03684210526315789,0.010291353383458646,0.016619850187265917,0.0022471910112359553,0.00970360598337357,0.02247191011235955,0.008739076154806492,0.024116847826086956,0.002989130434782609,0.012268147552839602,0.029891304347826088,0.009540523636991028,22,0.029891304347826088,65679,11.800565053524114,14.033239889812975,178.53327351886884,11.720544217330708,15.572466556076915,12.058335598072457,13.330283569409907,257.04870840309593,0.0,False
353,353000,0.018518518518518517,0.002777777777777778,0.007365948151168801,0.027777777777777776,0.0054353054353054354,0.02425876010781671,0.002964959568733154,0.01205484523852398,0.029649595687331536,0.009097035040431268,0.02129508909169926,0.002868318122555411,0.009633980510241516,0.028683181225554105,0.00720649407090085,31,0.04041720990873533,65679,11.912963211763161,14.761482162770069,178.21399202534727,11.7055159246926,15.660364813388505,11.738720118975587,12.59343455015105,256.5864728070882,0.0,False
354,354000,0.015732546705998034,0.0020648967551622423,0.006962767971209779,0.02064896755162242,0.004777122254998361,0.035416666666666666,0.004857142857142858,0.013749608179169667,0.045714285714285714,0.008582766439909297,0.025731736816642474,0.0034833091436865028,0.010410364593540637,0.033381712626995644,0.006710323219757182,28,0.040638606676342524,65679,11.793345028182634,14.049021696424525,172.05940597289637,11.666942488788855,15.121323125366626,11.724354689837678,13.178019382387163,249.59241238388384,0.0,False
355,355000,0.009295499021526418,0.0013698630136986301,0.007761688266396847,0.0136986301369863,0.008105022831050227,0.023668639053254437,0.0032544378698224855,0.010578180692852945,0.029585798816568046,0.007851977082746315,0.01620605567973989,0.002275960170697013,0.009115848209700064,0.021337126600284494,0.007983359299148772,19,0.02702702702702703,65679,11.774618770638012,13.424711140921918,173.2617505746381,11.687357958742318,15.579689526312723,11.788873207504992,13.024161364796893,250.541162543555,0.0,False
356,356000,0.022735042735042732,0.0035897435897435893,0.011627752484236342,0.035897435897435895,0.010283882783882783,0.02879241516966068,0.004491017964071856,0.021592728243889983,0.04491017964071856,0.024205161106358713,0.025529465930018414,0.004005524861878454,0.01622485456120363,0.04005524861878453,0.016706129965798473,23,0.031767955801104975,65679,11.831410818216593,14.83333361906869,181.31655198315443,11.733915275327632,15.626365051993329,11.812628483973132,12.559231165387708,259.71343639712154,0.0,False
357,357000,0.01528497409326425,0.002072538860103627,0.006695100369234808,0.018134715025906734,0.004515173945225759,0.02486014463091827,0.0037249283667621772,0.012739558035101474,0.034383954154727794,0.01244371674171101,0.019831551668286363,0.002857142857142858,0.00956518979153068,0.02585034013605442,0.008279883381924197,25,0.034013605442176874,65679,11.974277863896488,14.656428175635616,164.3249813938763,11.664048261514349,15.439043541759512,11.709212179564222,12.288271234395243,242.0562626506417,0.0,False
358,358000,0.007972972972972973,0.0016216216216216218,0.005653193480253651,0.013513513513513514,0.006531531531531531,0.018707210098416773,0.0033536585365853662,0.012698393950856802,0.03048780487804878,0.01335051296941541,0.01301714170813854,0.0024355300859598855,0.00896383209681215,0.02148997134670487,0.009735866648474098,28,0.04011461318051576,65679,11.760127742566073,15.417859345182027,169.29828743705855,11.705817425225472,15.4415748167408,11.755180649997143,12.82922432890854,248.20807174567858,0.0,False
359,359000,0.01808785529715762,0.0020671834625323,0.01139901205114419,0.020671834625323,0.009847832328452483,0.029792746113989636,0.0031088082901554403,0.013711871019336854,0.031088082901554404,0.009746895303890122,0.023932729624838292,0.00258732212160414,0.012553945507447381,0.0258732212160414,0.009797429105320436,19,0.02457956015523933,65679,11.78977623933486,13.761387353747324,168.72999836062274,11.811099870029373,16.327760525930437,11.773473628406972,12.798200173441687,246.99169615151342,0.0,False
360,360000,0.022419627749576985,0.002791878172588833,0.012218271403561227,0.027918781725888325,0.010662919990331157,0.01681547619047619,0.003273809523809524,0.0089557517467763,0.03273809523809524,0.009708049886621314,0.019840182648401823,0.0030136986301369864,0.0107166185204383,0.030136986301369864,0.010223418134377039,16,0.021917808219178082,65679,11.829464332827055,13.7547393992965,170.65410117517166,11.693380712468615,16.137838126040194,11.72478503287666,12.015145288757356,247.80945406743805,988.865222745855,True
361,361000,0.020100502512562814,0.0022613065326633165,0.012505678095545581,0.022613065326633167,0.010322445561139029,0.025977366255144033,0.004629629629629629,0.012191804081938477,0.046296296296296294,0.011692876739173035,0.02273776546629732,0.0033240997229916905,0.012364826045118014,0.0332409972299169,0.010937431297542101,19,0.02631578947368421,65679,11.999320751437947,14.482450492639408,204.1305269077087,11.786133998020754,16.415010792539263,11.80803242985251,12.178724493799864,282.8001998659984,0.0,False
362,362000,0.012670565302144249,0.0017543859649122807,0.008304572461992604,0.017543859649122806,0.007797270955165692,0.0433546552949538,0.0053731343283582094,0.018423291734645016,0.05373134328358209,0.013190002369106847,0.027853977632411903,0.0035450516986706053,0.013311619664856056,0.03545051698670606,0.01046575695763288,29,0.04283604135893648,65679,11.765280948039525,15.315030958432118,192.55969209314162,11.68802455109308,15.073850932856292,11.6981144191175,12.82921467878062,270.9292085814607,0.0,False
363,363000,0.02452667814113597,0.002710843373493976,0.010842151303170023,0.02710843373493976,0.007642474660546949,0.020140177283034428,0.0041666666666666675,0.00917766160220475,0.03869047619047619,0.008857709750566893,0.022320294475983098,0.0034431137724550897,0.010004922950588687,0.03293413173652695,0.008253730633970155,17,0.025449101796407185,65679,11.75610047701725,13.542503818533834,178.78989035391425,11.67156780265688,15.17208881292309,11.698294779538543,12.553622006805654,255.1840680513895,0.0,False
364,364000,0.03114035087719298,0.003421052631578948,0.012839305975134472,0.034210526315789476,0.007663951545530494,0.02613500597371565,0.004032258064516129,0.018469822463342275,0.04032258064516129,0.020328767707799966,0.02866430260047281,0.003723404255319149,0.015624614663450033,0.03723404255319149,0.013928993583248903,26,0.034574468085106384,65679,11.754938698455009,15.087210682912522,179.46726807338553,11.694537783907277,15.804304188446473,11.745851922206896,12.348282257101939,257.9023936064156,0.0,False
365,365000,0.016713091922005572,0.0022284122562674096,0.006444769214090082,0.022284122562674095,0.004046734757041164,0.03263888888888889,0.004166666666666667,0.0176129960852404,0.041666666666666664,0.0141005291005291,0.024687065368567455,0.003198887343532684,0.012036649149575637,0.031988873435326845,0.009080623440845972,24,0.03337969401947149,65679,11.810874249909563,14.115396999900277,185.48961803632747,11.68547915425533,15.773003125843509,11.694160739803007,12.64678565245092,263.21531795849006,0.0,False
366,366000,0.032015895387988415,0.0049095607235142115,0.01941090874386225,0.04392764857881137,0.01994278331487634,0.027813208616780043,0.00505952380952381,0.017356278765627762,0.044642857142857144,0.017182775888133033,0.030062779544107344,0.0049792531120331955,0.018456059957296846,0.04426002766251729,0.01866012426178401,13,0.017980636237897647,65679,11.760156699458513,13.27444917881282,182.85291104512547,11.806237114317387,15.56432238218608,11.75502285941099,12.52370334876851,259.5368026280797,0.0,False
367,367000,0.016117216117216115,0.0030769230769230774,0.008042029824182437,0.03076923076923077,0.009259259259259259,0.023561507936507936,0.004464285714285714,0.0162971334970125,0.044642857142857144,0.0190015589569161,0.019562508198871835,0.0037190082644628104,0.011862573672764944,0.0371900826446281,0.013768092177183085,17,0.023415977961432508,65679,11.755887876122028,13.114579740416964,179.16292353464814,11.727731549546206,15.413996046584334,11.754020477844351,12.33775554534966,255.26689477051173,0.0,False
368,368000,0.02185929648241206,0.003517587939698492,0.010980937138756277,0.035175879396984924,0.010161920714684533,0.031007751937984496,0.004651162790697674,0.01740227886531465,0.046511627906976744,0.015336609449981541,0.02610062893081761,0.004043126684636119,0.013957947319263123,0.04043126684636118,0.012560967783339752,14,0.018867924528301886,65679,11.83722455322389,13.421266397611875,188.1501219201942,11.7910642508795,17.35621561048395,11.739045498601609,12.062959369979476,266.3578976009745,0.0,False
369,369000,0.008995854233949472,0.0018518518518518517,0.006717823991949788,0.018518518518518517,0.007760141093474426,0.015065913370998116,0.0031073446327683617,0.009566599981015396,0.031073446327683617,0.011754551161330824,0.011931374636292668,0.002459016393442623,0.008095510740760205,0.02459016393442623,0.009691863995142684,16,0.02185792349726776,65679,11.75229793128063,13.682885623644836,184.88676131270253,11.664157042512446,15.312341263978846,11.708085732503593,12.700316673538993,261.7068455801619,0.0,False
370,370000,0.02981029810298103,0.0035230352303523035,0.012311520299747376,0.03523035230352303,0.007553662838215684,0.04731638418079096,0.0062146892655367235,0.02176321955042529,0.059322033898305086,0.016767554479418884,0.038381742738589214,0.0048409405255878295,0.016939323252361457,0.04702627939142462,0.012065028870008121,22,0.030428769017980636,65679,11.72576970567829,13.733309874280897,181.2362443377874,11.671864638476691,15.26093726324229,11.715025968153657,12.873013704020607,258.21616549163986,0.0,False
371,371000,0.01723433242506812,0.0021798365122615805,0.008565296116618272,0.021798365122615803,0.006610873232126639,0.02676056338028169,0.004225352112676056,0.016486521665253606,0.03943661971830986,0.015723228258439526,0.021918282548476452,0.003185595567867036,0.012460081531806007,0.030470914127423823,0.011091324803236161,27,0.037396121883656507,65679,11.720050000427197,14.969417841001476,183.2649114526519,11.752550542018515,15.4131653514189,11.779639597433999,12.674119292621633,261.5738540775736,0.0,False
372,372000,0.020671834625323,0.002583979328165375,0.011730578010181226,0.025839793281653745,0.009977031294860751,0.021448248720975994,0.0030303030303030307,0.010440751408470903,0.027548209366391185,0.007617298526389435,0.021047619047619048,0.0028,0.011106301934953428,0.02666666666666667,0.008834920634920635,30,0.04,65679,11.85148190216423,15.79172507995552,199.6750616742593,11.982144154765173,15.915586785292257,11.796244856074335,12.744222063001963,279.7564665155128,0.0,False
373,373000,0.027876106194690265,0.003244837758112095,0.01217988479230828,0.032448377581120944,0.008189352437140047,0.008100147275405006,0.0018041237113402063,0.003819220567967633,0.015463917525773196,0.003235967926689576,0.01732167419925329,0.0024759284731774417,0.007717797145755087,0.023383768913342505,0.005545730442566756,26,0.03576341127922971,65679,11.845406542490554,14.897138135877563,184.2852046382848,11.724502743143406,15.745443573439433,11.700125588140487,12.087781291025834,262.2856025124021,0.0,False
374,374000,0.024853801169590642,0.0029239766081871343,0.01154595372172874,0.029239766081871343,0.007906339923883784,0.02654195777928029,0.004885057471264369,0.014452392588740776,0.04885057471264368,0.015504698047801496,0.025705219285781945,0.00391304347826087,0.013011809845960898,0.0391304347826087,0.011738555325511848,22,0.03188405797101449,65679,11.718938434115977,14.386192416782073,188.44798917408423,11.696332374244722,15.409747680592002,11.761812422850237,12.876639813558244,266.29765231622747,0.0,False
375,375000,0.03252840909090909,0.004545454545454546,0.01418162552433469,0.045454545454545456,0.010369318181818181,0.028703703703703707,0.004057971014492754,0.015166966031624842,0.04057971014492753,0.012885898320680928,0.030635262234975293,0.00430416068866571,0.014669347870123934,0.043041606886657105,0.011614971191728723,22,0.03156384505021521,65679,11.782095571982731,13.766581011223632,180.8762633677269,11.745525535955537,15.49615670512483,11.831092499359208,12.55451095015514,258.052225641528,0.0,False
376,376000,0.026895943562610228,0.0034391534391534397,0.01271131456088155,0.03439153439153439,0.00957524985302763,0.007815436662072421,0.0023054755043227667,0.0068524492840053,0.020172910662824207,0.011767531219980787,0.017763618190904547,0.0028965517241379317,0.009907140421466296,0.027586206896551724,0.010624521072796935,23,0.031724137931034485,65679,11.739516099826265,14.150481708594121,183.0943683729658,11.73426620162954,15.315247289052202,11.67268683363587,12.399584874450698,260.1061513801545,0.0,False
377,377000,0.027929237852901974,0.0035623409669211198,0.016682091756382144,0.03307888040712468,0.015754877014418998,0.0211864406779661,0.0025423728813559325,0.009022603797849716,0.025423728813559324,0.005605999461931665,0.02473385605915726,0.0030789825970548865,0.013052294249929024,0.029451137884872823,0.010945368776694078,19,0.025435073627844713,65679,11.97050002875455,14.214643181853504,192.9267221833092,11.704445726151702,15.673331051568873,11.715299401457436,12.624688829121489,270.8296304022168,0.0,False
378,378000,0.01475225225225225,0.002162162162162162,0.006359261941154749,0.021621621621621623,0.004642857142857143,0.024616858237547893,0.004022988505747127,0.013749527928536277,0.040229885057471264,0.012774812990330231,0.01953342618384401,0.0030640668523676884,0.009941173589634934,0.03064066852367688,0.008584250784807887,16,0.022284122562674095,65679,11.726262449482384,13.613979737620019,185.12640649322177,11.703060124504393,15.199503378568458,11.69497452045698,11.871180670600111,260.93536737445413,0.0,False
379,379000,0.03112139917695473,0.004012345679012346,0.017413942700288742,0.040123456790123455,0.017274152459337642,0.03392059236563258,0.004557640750670242,0.02270091031236307,0.04289544235924933,0.022664794246563685,0.03261938921910228,0.00430416068866571,0.02024326683128404,0.04160688665710186,0.02015895789209993,18,0.02582496413199426,65679,11.737835971234457,12.794413715044861,182.1616509421614,11.682803049029022,15.225739368504577,11.704823562025402,12.641168505314603,257.94843511331436,0.0,False
380,380000,0.03829990448901624,0.00515759312320917,0.02205901943071326,0.05157593123209169,0.02271114749624778,0.02287878787878788,0.003714285714285714,0.013259991975055504,0.03428571428571429,0.011753968253968254,0.03057831534226384,0.004434907010014306,0.017653211691828832,0.04291845493562232,0.017224720121715827,14,0.020028612303290415,65679,11.746471973841931,13.613636704920552,188.01472352020232,11.698200701570904,15.355402490424552,11.755260851287197,12.380397401465238,264.5640936437127,0.0,False
381,381000,0.020795795795795796,0.002702702702702703,0.012241645673441843,0.02702702702702703,0.011624839124839125,0.024197722567287784,0.004347826086956522,0.016178016003714994,0.043478260869565216,0.021418712412501234,0.022378773281952473,0.0034682080924855496,0.014073309324233686,0.03468208092485549,0.0161821038627397,14,0.02023121387283237,65679,11.785736194119822,13.542993220927446,181.0087461023152,11.712473755198793,15.336563672613268,11.675751582687631,12.235857499279245,257.2981220271414,0.0,False
382,382000,0.017484105358764757,0.002452316076294278,0.011732004975400345,0.02452316076294278,0.01233726914925825,0.03048780487804878,0.0036585365853658543,0.014837016750101514,0.036585365853658534,0.011534552845528455,0.023621103117505992,0.0030215827338129497,0.013197391827345644,0.030215827338129497,0.011958433253397283,12,0.017266187050359712,65679,11.757064290171538,13.056667993366355,178.13181369390196,11.710503237949421,18.03984519389845,16.336988501772232,13.893261894049047,262.926144805109,0.0,False
383,383000,0.01744719926538108,0.002203856749311295,0.010546228384388099,0.02203856749311295,0.010009182736455464,0.01626746506986028,0.002694610778443114,0.0069258655181831785,0.023952095808383235,0.006980087444159301,0.01688187470109995,0.002439024390243903,0.008811362965001523,0.02295552367288379,0.008557650702557446,26,0.03730272596843615,65679,12.377092074189466,15.230535972632353,214.91553791989915,11.99902355404625,15.781072568166188,11.856313148594921,12.884289704792607,295.0438649423209,0.0,False
384,384000,0.03195521102497847,0.004651162790697674,0.014385720427354321,0.04392764857881137,0.011626881588121899,0.04008746355685131,0.004664723032069971,0.016887200301382795,0.04664723032069971,0.011009301679855615,0.03577625570776256,0.004657534246575342,0.01556107329967181,0.045205479452054796,0.011336703631224179,17,0.023287671232876714,65679,11.861786506181527,13.89957383735041,197.70921351436323,11.66644281651308,15.47797434806042,11.704332291848086,12.57215627477326,274.89147958909,0.0,False
385,385000,0.013424657534246577,0.0021917808219178085,0.005769996837138117,0.019178082191780823,0.004256360078277886,0.03780585356672313,0.006211180124223602,0.02163184671149656,0.055900621118012424,0.024658631568569456,0.02485223413171011,0.0040756914119359534,0.013204517447827226,0.036390101892285295,0.013818996788429103,16,0.023289665211062592,65679,11.769916271969771,13.21647801032222,178.15628789000226,11.662212981086718,15.127061369704652,11.691659423704316,12.645415502707259,254.26903144949722,0.0,False
386,386000,0.01747311827956989,0.002150537634408602,0.011744581587868109,0.021505376344086023,0.011856758832565284,0.03227360308285163,0.004335260115606937,0.018009811627125952,0.04335260115606936,0.015626433617763096,0.024605385329619308,0.0032033426183844015,0.01476375929480852,0.03203342618384401,0.013673343060529688,17,0.023676880222841225,65679,11.753080067733457,13.227199307755399,177.17248197259005,11.663722751992234,15.095015866259388,11.727749435294644,12.180855439136717,252.82010484076187,0.0,False
387,387000,0.028864059590316574,0.00335195530726257,0.01480780173484974,0.0335195530726257,0.011180943513345748,0.03600201409869083,0.006344410876132931,0.019240758648825955,0.05740181268882175,0.02071044933582698,0.03229317851959362,0.0047895500725689405,0.016937422545482726,0.04499274310595065,0.015758978966526137,21,0.030478955007256895,65679,11.75125631024121,14.113716294825164,188.43462212692063,11.755246099517947,15.543665576725484,11.824737349189206,12.38655115951004,265.8097949169297,0.0,False
388,388000,0.028423772609819122,0.003617571059431525,0.015564967677656734,0.031007751937984496,0.012341577457856525,0.02403755868544601,0.0036619718309859155,0.01215659552707201,0.036619718309859155,0.011724793203666442,0.02632524707996406,0.003638814016172507,0.01393427749779477,0.03369272237196765,0.012046485260770975,20,0.026954177897574125,65679,11.850403254839993,13.849924689460224,190.5463093390125,11.665904364258072,15.517064800074643,11.710483968085938,12.855927452648519,267.9960178683799,0.0,False
389,389000,0.022204047013207315,0.0033078880407124683,0.011387905995108994,0.03307888040712468,0.010608263661698777,0.025267857142857144,0.004,0.01393320151083216,0.03428571428571429,0.01207482993197279,0.02364729539191181,0.0036339165545087484,0.012586901190940901,0.033647375504710635,0.011299109145677114,14,0.018842530282637954,65679,11.87239222069647,13.051652561768545,178.8325648326844,11.669603502226234,15.34974495864816,11.680438868996724,12.431554604522276,254.88795154954283,0.0,False
390,390000,0.0170407315045719,0.0022443890274314216,0.010776809784649101,0.022443890274314215,0.010165063531647072,0.021133525456292025,0.002881844380403458,0.009980689658109556,0.02881844380403458,0.00790791821051187,0.01893939393939394,0.0025401069518716578,0.010407486677818592,0.02540106951871658,0.009117965367965367,17,0.022727272727272728,65679,11.71975737866704,13.942030089128533,180.26999543177547,11.668484776614086,15.573788016615131,11.706832526367506,12.050211773140251,256.931099992308,0.0,False
391,391000,0.021588946459412776,0.0025906735751295338,0.010405426565418836,0.025906735751295335,0.007469775474956822,0.01662049861495845,0.0033240997229916905,0.012106912078492056,0.0332409972299169,0.015220067713142507,0.019187862561356534,0.002945113788487283,0.011227697342151679,0.029451137884872823,0.011215231295552582,20,0.02677376171352075,65679,11.787627519327382,14.325823750396815,184.49513190517408,11.693058178524618,16.01695680446269,11.781434311838868,12.528723960653076,262.6287564303775,0.0,False
392,392000,0.01945181255526083,0.0021220159151193636,0.008924635963502367,0.021220159151193633,0.005801860974274768,0.020349386213408878,0.00339943342776204,0.01238826974667795,0.031161473087818695,0.01322676379333603,0.019885844748858447,0.0027397260273972603,0.010599516409339328,0.026027397260273973,0.009392259186779734,25,0.03424657534246575,65679,11.802706147548413,13.596630348625126,181.8681964350921,11.680748451842193,15.342049860769812,11.693014123112523,12.926533538626384,258.90987890561655,0.0,False
393,393000,0.019092542677448338,0.0026954177897574125,0.01121552892547375,0.026954177897574125,0.00978479442091302,0.027231067865742788,0.004953560371517028,0.015870752011495196,0.04953560371517028,0.017384146641112583,0.02288035771465166,0.003746397694524496,0.01338215292660477,0.037463976945244955,0.013321668725126938,15,0.021613832853025938,65679,11.739629429019516,12.900760707673653,180.89233213802737,11.66497456990545,16.09365238437743,11.711794006150079,12.564638262907435,257.5677814980609,0.0,False
394,394000,0.01707566462167689,0.00245398773006135,0.011153787244587321,0.024539877300613498,0.01330095432856169,0.02054478301015697,0.0033240997229916905,0.010338068065564369,0.0332409972299169,0.008225607879347492,0.018898592916060164,0.002911208151382824,0.01072514878224775,0.02911208151382824,0.010633996441856704,12,0.017467248908296942,65679,11.786977454117388,13.344171356732826,199.61138290557068,11.894285361843671,16.72523857029762,12.320329475595804,12.401244677856527,278.08362980201457,0.0,False
395,395000,0.01773843440510107,0.002849002849002849,0.009841642950877832,0.02849002849002849,0.010149007371229592,0.025878684807256233,0.004081632653061225,0.01138578285406362,0.03826530612244898,0.009718172983479106,0.022033156017005277,0.003499327052489906,0.010656317031697253,0.033647375504710635,0.009921703091285863,20,0.026917900403768506,65679,12.328400599767587,14.624798647444592,205.64389587642006,11.966255851772466,15.845578897930036,11.848687959239989,12.734493791230484,284.9921116238052,0.0,False
396,396000,0.01961904761904762,0.002857142857142857,0.008690260620407429,0.025714285714285714,0.006820861678004534,0.01371264838313549,0.0028653295128939827,0.0061553912287679695,0.02005730659025788,0.004823304680038204,0.016670072893248858,0.002861230329041488,0.007424639135883579,0.022889842632331903,0.005823512046688012,22,0.031473533619456366,65679,11.857052952202185,13.82095362026381,183.85830352278532,11.68772863315015,15.302057339502962,11.68088356981456,12.91419977264563,261.1211794103646,0.0,False
397,397000,0.01668759417378202,0.0027624309392265192,0.00796684505477182,0.027624309392265192,0.006889634306761377,0.03804563492063492,0.005357142857142858,0.017960973309322288,0.05357142857142857,0.015086451247165535,0.026968828688026397,0.0040114613180515755,0.012777772122864881,0.04011461318051576,0.010835379997271116,16,0.022922636103151862,65679,11.699943711473981,13.834007347737764,176.70107110581702,11.692375849040037,15.320537785745714,11.68725064940035,12.25931738919883,253.19450383841368,0.0,False
398,398000,0.021651153379198703,0.00311614730878187,0.010865796959441426,0.028328611898016998,0.008356940509915015,0.022103658536585365,0.0036585365853658543,0.01402083168501863,0.036585365853658534,0.014015921409214092,0.02186910006293266,0.003377386196769457,0.01238540252477083,0.032305433186490456,0.011082558329254364,20,0.02936857562408223,65679,11.775750448000943,13.507607628263084,179.94734773417454,11.698091544401489,15.583178912037532,11.850468982943507,12.475081003410216,256.8375262532313,0.0,False
399,399000,0.01381578947368421,0.001842105263157895,0.006728360315128351,0.018421052631578946,0.004915413533834586,0.022747747747747748,0.0032432432432432435,0.0113834161887234,0.032432432432432434,0.011766409266409266,0.018222222222222223,0.0025333333333333336,0.009024854546101907,0.025333333333333333,0.008295238095238093,13,0.017333333333333333,65679,11.760215249609352,13.252563980062359,181.74081609928504,11.710830270725282,15.562910268704378,11.69133191719629,11.98760591522574,257.7062737008084,0.0,False
400,400000,0.0279796511627907,0.0031976744186046516,0.013115314485799055,0.03197674418604651,0.009013935031376891,0.027465912387583405,0.004699738903394256,0.013584662349783769,0.04177545691906005,0.011669567740063825,0.02770900198685618,0.003988995873452545,0.013362577528310946,0.037138927097661624,0.010412982249295866,15,0.02063273727647868,65679,11.742736987868652,13.545253560898196,179.05573490799298,11.663836767233926,15.2517496364718,11.69257238634036,12.416437353682252,255.3683216004882,0.0,False
401,401000,0.009700176366843033,0.0013227513227513227,0.007020555908932755,0.013227513227513227,0.007275132275132275,0.027727629513343795,0.004120879120879121,0.012528492243310521,0.038461538461538464,0.009687336473050758,0.018543832627390577,0.0026954177897574125,0.009722562412589772,0.025606469002695417,0.008458477730714927,21,0.02830188679245283,65679,11.914761146897268,14.158779450018644,183.96530650835464,16.239419150521073,15.441627870593777,11.73414917278459,12.648690052227685,266.10273335139766,0.0,False
402,402000,0.03428571428571429,0.0037142857142857142,0.019864585355937645,0.037142857142857144,0.016119047619047616,0.030016792611251054,0.003778337531486147,0.01736615850505203,0.037783375314861464,0.015711087121666467,0.0320169567157519,0.0037483266398929053,0.018536773495426814,0.03748326639892905,0.015902233271711183,16,0.0214190093708166,65679,11.852852342425502,13.765385744504698,187.75531669447398,11.718682410885584,15.55091710758738,11.77504955328368,12.662882548836185,265.081086401997,0.0,False
403,403000,0.015255009107468123,0.002185792349726776,0.010119293150198256,0.02185792349726776,0.010109289617486339,0.018464528668610296,0.0034985422740524785,0.007790219429837661,0.03498542274052478,0.0075026609283169055,0.016807710390220967,0.0028208744710860366,0.008992533931462455,0.028208744710860368,0.008848254863769674,15,0.021156558533145273,65679,11.9505825078442,13.046390353418925,186.42891077268186,11.69388567900942,15.289599394924247,11.69827470808016,12.873136154542554,262.98077957050134,0.0,False
404,404000,0.015811965811965815,0.0022792022792022795,0.009199848175990611,0.022792022792022793,0.009227603672048116,0.03186295351473923,0.005952380952380952,0.021759246064841833,0.05654761904761905,0.023978410808767954,0.023662230539959795,0.0040756914119359534,0.01534243578975191,0.039301310043668124,0.01644197222799843,17,0.024745269286754003,65679,11.760084387857361,13.879808456129794,185.11436896029298,11.667750436983315,15.141714313618436,11.6951387666292,12.804235416885579,262.0631007383967,0.0,False
405,405000,0.0289614175911552,0.004664723032069971,0.016008885571321678,0.043731778425655975,0.016621546577814797,0.023706600795937973,0.0037463976945244963,0.013094919046892526,0.037463976945244955,0.013460042998947899,0.02631877784051697,0.004202898550724638,0.014543456029326149,0.04057971014492753,0.01503163100989188,16,0.02318840579710145,65679,11.972826459177854,13.910477725212477,201.75309203465665,11.760788301964919,15.694855794654018,12.844809815087954,12.686449512133713,280.62329964288756,0.0,False
406,406000,0.025854108956602027,0.0033240997229916905,0.01243405943887478,0.0332409972299169,0.009021457151651058,0.015490533562822718,0.0024096385542168677,0.010500919107817882,0.024096385542168676,0.012205966724039013,0.020889163746306602,0.002886002886002886,0.011507937375511302,0.02886002886002886,0.010547080785176022,19,0.027417027417027416,65679,11.78798138880277,14.330708953097515,204.10512658289304,11.776678845817901,15.369076920637713,11.798807753496398,13.575891937067652,282.744272381813,0.0,False
407,407000,0.01725067385444744,0.003773584905660377,0.009469717251025528,0.02425876010781671,0.008355795148247979,0.03151862464183381,0.004297994269340974,0.02197535394929754,0.04297994269340974,0.022349570200573064,0.024166666666666666,0.0040277777777777786,0.015531477261715712,0.03333333333333333,0.01513888888888889,21,0.029166666666666667,65679,12.225075335797753,14.55963275329153,186.62913385085466,11.902884421516324,16.044957020844297,11.689512308551976,12.421137912610458,265.472333603467,0.0,False
408,408000,0.02656675749318801,0.003269754768392371,0.012199771560646713,0.02997275204359673,0.008354958695558152,0.03067269076305221,0.005421686746987952,0.014950624605126087,0.04216867469879518,0.012753394530502964,0.028516928946113497,0.004291845493562232,0.013506328371472396,0.0357653791130186,0.010444058405431797,16,0.022889842632331903,65679,11.734079872011138,13.302169309573063,193.05482591247537,11.736405867004972,15.73809168550766,11.728935301547061,13.053631212400774,270.34813916052,0.0,False
409,409000,0.013477088948787063,0.001886792452830189,0.006448642778645468,0.018867924528301886,0.0056978137166816415,0.018486615425390932,0.0037900874635568515,0.012420380778028723,0.03498542274052478,0.015296867046138184,0.015883626177743825,0.0028011204481792717,0.009317418876388405,0.02661064425770308,0.010309123649459784,18,0.025210084033613446,65679,11.805062774997154,14.411620091345224,176.82815747513402,11.668938948827812,15.417868397607503,11.687882565766806,12.56818135515758,254.3877116088361,0.0,False
410,410000,0.01024436090225564,0.0015789473684210528,0.005668299773142986,0.015789473684210527,0.007046783625730995,0.03229166666666666,0.005113636363636364,0.021202675158836136,0.05113636363636364,0.022486020923520925,0.020846344002081706,0.0032786885245901644,0.013138381925826031,0.03278688524590164,0.014471116315378611,15,0.020491803278688523,65679,11.764402349664916,13.022118317024267,182.87862026430957,11.73009581204032,15.580463197342741,11.718584427097834,12.9438949993399,259.63817936681954,0.0,False
411,411000,0.015610651974288335,0.002203856749311295,0.00766158972184768,0.02203856749311295,0.0059031877213695395,0.03314285714285714,0.005428571428571429,0.021541513060454404,0.054285714285714284,0.027348072562358276,0.024216923796166433,0.0037868162692847127,0.014475016325651822,0.037868162692847124,0.01643012978917607,10,0.014025245441795231,65679,11.797670680324668,13.176143955059839,185.12181768945425,11.719822598219022,15.827956094685568,11.702961536616542,11.95469475655242,261.30106731091234,0.0,False
412,412000,0.011695906432748537,0.0014619883040935672,0.0054897342283017755,0.014619883040935672,0.004044834307992203,0.015689013035381748,0.0025139664804469278,0.00801917938709787,0.025139664804469275,0.006641837368094351,0.013738095238095238,0.002,0.006783364752371778,0.02,0.005373015873015873,19,0.027142857142857142,65679,11.713532828680485,13.587278035201432,177.90682683077597,11.77418628137139,15.520036735466869,11.791293528393144,12.939729124902822,255.2328833647921,0.0,False
413,413000,0.03575572961995938,0.004438642297650131,0.015660897747565038,0.044386422976501305,0.0110240789091964,0.017318435754189943,0.0019553072625698325,0.010839572725306114,0.019553072625698324,0.009686751795690342,0.026848103163892634,0.003238866396761134,0.013331566630198381,0.032388663967611336,0.010377974851659063,17,0.022941970310391364,65679,11.822368848737884,13.394136125097212,182.8750969566223,11.717384051132541,15.745370857564446,11.742352805946265,12.771359566357553,260.0680692114582,0.0,False
414,414000,0.010416666666666666,0.001666666666666667,0.006353634109668345,0.016666666666666666,0.00701388888888889,0.02384259259259259,0.0036111111111111114,0.011652360145628461,0.03611111111111111,0.010335097001763669,0.017129629629629627,0.002638888888888889,0.009002997127648403,0.02638888888888889,0.00867449294532628,14,0.019444444444444445,65679,11.740661568213074,13.589669231775513,182.62654168188507,11.995806911510588,15.591907778958468,11.852434943920853,12.095073046586302,259.49209516284986,0.0,False
415,415000,0.014986376021798364,0.0027247956403269754,0.00813506626133983,0.027247956403269755,0.008574456122140047,0.022993827160493828,0.004012345679012347,0.01665099485987591,0.037037037037037035,0.021630658436213993,0.018740955137481908,0.003328509406657019,0.012128063172954432,0.03183791606367583,0.014696322330186294,15,0.02170767004341534,65679,11.88439731196478,13.36322881646812,193.04680024326282,11.788992517122733,15.654281292853955,11.93177002910273,13.006625681252771,270.67609589202794,0.0,False
416,416000,0.013279727095516567,0.002631578947368421,0.007932031042639778,0.02631578947368421,0.007394644017451036,0.029272898961284228,0.00368271954674221,0.014689221622728826,0.036827195467422094,0.010717658168083097,0.021402877697841723,0.0031654676258992807,0.011364100502742561,0.031654676258992806,0.009082448327052644,14,0.02014388489208633,65679,11.862028556242077,13.323359973380079,189.188995417644,11.72065680703216,15.148034042650194,11.70221910051783,12.265496917143736,265.21079081461005,0.0,False
417,417000,0.01591760299625468,0.0022471910112359553,0.007090150189974805,0.02247191011235955,0.005227840199750312,0.013357487922705311,0.003478260869565218,0.008934412368674378,0.034782608695652174,0.013844030365769497,0.014657631954350926,0.0028530670470756064,0.007997811319291998,0.028530670470756064,0.009468333220116386,14,0.019971469329529243,65679,11.731807247131187,12.853329850889828,188.9054830303133,11.665748511829888,15.468807223945058,11.693560178688278,12.486796328356476,264.805532371154,0.0,False
418,418000,0.012537764350453173,0.002416918429003021,0.007430529645374384,0.021148036253776436,0.008115139308492784,0.019680704651802914,0.003179190751445087,0.008904520626496425,0.031791907514450865,0.009858702633269108,0.01618836604065555,0.002806499261447563,0.008183854430408692,0.026587887740029542,0.00900623666502544,19,0.028064992614475627,65679,11.775611272288323,13.781578018123852,181.71510398325154,11.720685446206524,15.33076388413046,11.735351297212372,12.805475206004168,258.8645691072172,0.0,False
419,419000,0.026062322946175637,0.00368271954674221,0.016270273929348957,0.036827195467422094,0.015635819955933272,0.013161559888579387,0.002785515320334262,0.006721003313508352,0.027855153203342618,0.006889728964937877,0.01955758426966292,0.0032303370786516857,0.011455402930631572,0.032303370786516857,0.011225922953451043,17,0.023876404494382022,65679,11.943644706621793,13.830737849759856,194.84324624259585,12.153677099752125,15.665741422019043,11.854778123168707,12.097213083830937,272.3890385277483,0.0,False
420,420000,0.025,0.003333333333333334,0.015501216790096143,0.030555555555555555,0.01308641975308642,0.019230769230769232,0.0022792022792022795,0.008273505810150713,0.022792022792022793,0.005333966445077556,0.022151898734177215,0.0028129395218002813,0.011933106306325615,0.026722925457102673,0.00925925925925926,14,0.01969057665260197,65679,11.846636865528449,13.34007559063155,182.29219394647055,11.674223087954072,15.23374766349006,11.682087060232993,12.386599057181979,258.4555632714896,0.0,False
421,421000,0.022000000000000002,0.0034285714285714284,0.013170362369601655,0.03428571428571429,0.012038548752834468,0.018086080586080588,0.0027472527472527475,0.009297163870427215,0.027472527472527472,0.009740755276469563,0.020004668534080297,0.003081232492997199,0.011195790585708803,0.03081232492997199,0.01086712462762883,19,0.02661064425770308,65679,11.771365286294966,13.453907364416317,178.26569909600022,11.69133959379176,15.35102421025558,11.694500921088924,12.627953068597431,254.8557895404452,0.0,False
422,422000,0.01680672268907563,0.0016806722689075633,0.008699429416390464,0.01680672268907563,0.006240273887332711,0.009081836327345308,0.0020958083832335332,0.0052800181223163125,0.020958083832335328,0.006615340747077273,0.013072841292812349,0.0018813314037626633,0.007046631482641163,0.01881331403762663,0.006421565249351067,19,0.027496382054992764,65679,11.828970573127261,14.152652958482337,181.48193073194707,11.911075565515517,15.693997737820098,11.848611735629234,12.68265252959977,259.5998918321213,0.0,False
423,423000,0.016666666666666666,0.0023121387283236996,0.007015521474587077,0.023121387283236993,0.005377786952931462,0.01576831260208569,0.00237467018469657,0.008158122540913918,0.023746701846965697,0.009314402981949155,0.01619704433497537,0.0023448275862068967,0.007612826032018626,0.023448275862068966,0.007435686918445539,14,0.019310344827586208,65679,11.841218857847057,13.601684146893888,185.95264768853093,11.71733353773352,15.660609077414179,11.709203857498963,12.531160396692108,263.0138575626106,0.0,False
424,424000,0.010586176727909012,0.0015748031496062992,0.005554438897936439,0.015748031496062992,0.004564012831729368,0.019258720930232558,0.0029069767441860465,0.011690863336381063,0.02616279069767442,0.011437569213732004,0.014701149425287356,0.002206896551724138,0.008466066493557061,0.020689655172413793,0.007825396825396826,12,0.016551724137931035,65679,11.741584869079391,13.032402141177624,177.28874868364053,11.739006284483544,15.313316873669102,11.693868976772603,12.497724513324538,253.3066523421473,0.0,False
425,425000,0.020833333333333332,0.0029569892473118283,0.01067168131505994,0.02956989247311828,0.009322196620583718,0.0247534516765286,0.0035502958579881664,0.013112036113024554,0.03254437869822485,0.011241429510660279,0.022699530516431924,0.00323943661971831,0.011833427683668445,0.030985915492957747,0.010235859602056785,12,0.016901408450704224,65679,11.771735520429981,12.78001472033996,180.96302846642988,11.73107329266454,15.340125401455683,11.798891495662378,12.233584473830827,256.61845337081326,0.0,False
426,426000,0.02149545211342964,0.003651685393258427,0.011436207026602491,0.033707865168539325,0.010708712323880862,0.03660899142265602,0.005279503105590062,0.023027749199333217,0.052795031055900624,0.026173222912353352,0.028673268717516503,0.004424778761061948,0.01694133472515602,0.04277286135693215,0.018053214402771925,18,0.02654867256637168,65679,11.790386002172305,13.919033981013573,190.54558745514038,11.7941748503797,15.604369292168684,11.742572271794538,12.622945541176932,268.0190693938461,0.0,False
427,427000,0.029231433506044905,0.003886010362694301,0.015551520795785097,0.038860103626943004,0.014183937823834196,0.02606099841749389,0.004229607250755287,0.01263661356860396,0.03927492447129909,0.01224763822951134,0.027767815633924425,0.004044630404463041,0.014205866273892552,0.03905160390516039,0.013290053352814859,10,0.01394700139470014,65679,11.787237559707231,13.016481930847036,192.0284322426552,11.831333749226513,15.950527516961355,11.790862397345613,12.564930474509573,268.96980587125256,0.0,False
428,428000,0.023020257826887658,0.0027624309392265192,0.012166953416095722,0.027624309392265192,0.009283741120757695,0.025529865125240844,0.003757225433526012,0.013595641681985316,0.03757225433526012,0.01524107716304248,0.02424670433145009,0.0032485875706214687,0.012865154178804477,0.03248587570621469,0.012195094610348846,19,0.026836158192090395,65679,11.857960720243476,14.01883177304386,189.08818177125474,11.828964257054597,15.799147173534145,11.736044899138264,12.819446522080447,267.14857711634954,0.0,False
429,429000,0.012854609929078015,0.001595744680851064,0.006802065167375422,0.015957446808510637,0.005474290780141845,0.02628026070763501,0.004189944134078212,0.014416987083621316,0.04189944134078212,0.013504256451183824,0.019402815622161673,0.0028610354223433244,0.010516155148323693,0.02861035422343324,0.009390813546126897,14,0.01907356948228883,65679,11.772967954459812,13.414310939235952,189.2929254886655,11.709963013042945,15.719619839163478,11.690315464898958,12.568751152713942,266.1688538521806,0.0,False
430,430000,0.01278409090909091,0.001704545454545455,0.006838237977532726,0.017045454545454544,0.005712256493506493,0.02436936936936937,0.0037837837837837837,0.01313505915135057,0.03783783783783784,0.013449163449163451,0.018721144967682363,0.002770083102493075,0.010065140795140207,0.027700831024930747,0.009677153409840392,11,0.015235457063711912,65679,11.787467884799563,12.622292144437441,179.06602003367468,11.660986261444183,15.834151524327101,11.706683159473652,12.20298307492984,254.88058408308643,0.0,False
431,431000,0.023624475697014556,0.0031088082901554407,0.01115484036630503,0.02849740932642487,0.008117443868739206,0.01678705189941145,0.0028089887640449437,0.008729563362834368,0.028089887640449437,0.008941947565543071,0.02034398665126428,0.002964959568733154,0.009991230375421531,0.02830188679245283,0.008513027852650493,11,0.014824797843665768,65679,11.781636415561515,13.210698651386355,192.09314729350112,11.774592602445399,15.591764096503645,11.751041146645935,12.395705024106917,268.5985852301509,0.0,False
432,432000,0.027641589180050715,0.004142011834319527,0.018582261659362862,0.04142011834319527,0.019575936883629193,0.03623098544973545,0.005357142857142857,0.016592439494360803,0.05357142857142857,0.014788832199546484,0.03192354340351373,0.004747774480712167,0.01759030283526688,0.04747774480712166,0.01718948707079271,15,0.02225519287833828,65679,11.845003951974075,13.625163450783905,190.00622100454058,11.66155953501169,15.059191516356151,11.690700262315112,12.062300562332151,265.95014028331366,0.0,False
433,433000,0.033091787439613524,0.00463768115942029,0.015264876488213513,0.0463768115942029,0.012012882447665055,0.030699233716475097,0.004310344827586207,0.014625669409429796,0.040229885057471264,0.01315795475278234,0.03189033189033189,0.004473304473304474,0.014943889383716063,0.04329004329004329,0.012587897111706634,12,0.017316017316017316,65679,11.77372510972885,12.731414622380033,178.4075502842264,11.668319154209406,15.108511048841923,11.678885045010578,12.565546704132458,253.93395196852967,0.0,False
434,434000,0.014809384164222873,0.003225806451612903,0.009413864053969058,0.026392961876832845,0.009367872271098077,0.021315529179030665,0.0035608308605341254,0.014076632067378874,0.03560830860534125,0.02044180679195516,0.018043264503441497,0.003392330383480826,0.011731493582758303,0.030973451327433628,0.014872173058013766,19,0.028023598820058997,65679,11.760037733801742,13.828509585700477,185.77309336526017,11.664221343035685,15.084807176685144,11.756464292175806,12.684924143802068,262.55205764046104,0.0,False
435,435000,0.011284722222222222,0.0015624999999999999,0.009964851211263363,0.015625,0.012586805555555554,0.012693798449612402,0.002616279069767442,0.0066553808179379255,0.02616279069767442,0.006390734588409006,0.01195054945054945,0.0020604395604395605,0.008401035530900793,0.020604395604395604,0.009658991801848945,19,0.0260989010989011,65679,11.79506361473348,13.8087536815934,182.60549102507017,11.712022128532173,15.656059712113034,11.803456121645128,12.723425709335046,260.1042719930224,0.0,False
436,436000,0.015235457063711912,0.00221606648199446,0.008242739198524942,0.0221606648199446,0.006582245086400211,0.025303454715219425,0.003641456582633054,0.015353191349544968,0.036414565826330535,0.01667000133386688,0.020241411327762304,0.002924791086350976,0.011778159000633785,0.02924791086350975,0.01159802361055843,13,0.018105849582172703,65679,11.841427027342588,13.537718668937826,192.72706508741132,11.671536473994992,15.439350566068267,11.70073877396205,12.594322573014626,269.51215917073165,0.0,False
437,437000,0.02106948447006084,0.003170028818443804,0.012839192696228068,0.02881844380403458,0.011510223686016192,0.02652380952380953,0.004571428571428572,0.013651694187612487,0.04,0.012428571428571428,0.023808385142674957,0.0038737446197991392,0.01324719201040963,0.03443328550932568,0.011971373915419825,16,0.02295552367288379,65679,11.793395690670728,13.464264261381365,184.59259256969895,11.668575118944924,15.292019819354575,11.720559814742959,13.514916632748065,262.04632390754153,0.0,False
438,438000,0.03183520599250936,0.003932584269662921,0.01905069535082033,0.03932584269662921,0.01659198323524166,0.03886351052048726,0.006395348837209303,0.022900842871500057,0.055232558139534885,0.020945228866740495,0.0352891156462585,0.005142857142857143,0.020942767846697227,0.047142857142857146,0.018731292517006802,19,0.027142857142857142,65679,11.798446468327949,15.187361434382263,188.30488467812268,11.700015852725286,15.532404616144802,11.743148323251074,12.453096403242103,266.7193577761961,0.0,False
439,439000,0.01896207584830339,0.002694610778443114,0.011578215239428879,0.02694610778443114,0.011788328105693375,0.02106227106227106,0.0027472527472527475,0.008882423330614972,0.027472527472527472,0.005902232687946973,0.02005730659025788,0.0027220630372492833,0.010172386794144835,0.027220630372492838,0.008718788374948832,18,0.025787965616045846,65679,12.8927130830514,14.510018702867944,197.46217344629446,11.70961985072494,15.713659029373272,11.806689172430552,12.944293429031916,277.0391667137745,0.0,False
440,440000,0.024402907580477674,0.0028037383177570096,0.014017976229891236,0.028037383177570093,0.011971517578994215,0.02964659685863874,0.004450261780104712,0.01730096536286153,0.04450261780104712,0.016601221640488655,0.027252252252252248,0.003698435277382646,0.01580190489105006,0.03698435277382646,0.01448723159249475,11,0.015647226173541962,65679,11.930625713404975,12.828378352022774,180.39846900615163,11.674184451582192,15.303850510808847,11.700747480913876,12.596767762745875,256.4330232776301,0.0,False
441,441000,0.0113314447592068,0.00141643059490085,0.006310647035988462,0.014164305949008499,0.0054094158910022935,0.03470090719757139,0.004788732394366198,0.021361183720915212,0.04788732394366197,0.020726581712497204,0.02304918369369752,0.0031073446327683617,0.013857173198628288,0.031073446327683617,0.013089633216751861,11,0.015536723163841809,65679,11.730445234364728,13.095269926793884,176.03744110250562,11.66703954856574,15.4636939968672,11.693221759173644,12.011600987613114,251.69871255588393,0.0,False
442,442000,0.016666666666666666,0.0018181818181818182,0.011165380899332025,0.01818181818181818,0.009427609427609427,0.01662037037037037,0.0030555555555555557,0.009205503827959403,0.027777777777777776,0.01046626984126984,0.016642512077294686,0.0024637681159420293,0.010142836340355005,0.02318840579710145,0.009969519208649642,10,0.014492753623188406,65679,11.778398162354264,12.856000609892671,176.92217848833124,11.669330617664064,15.091224070826193,11.758933625191649,12.496976160625284,252.57304173488535,0.0,False
443,443000,0.017222222222222222,0.0022222222222222222,0.006398514281852102,0.022222222222222223,0.0038966049382716046,0.018251577739529547,0.00391566265060241,0.015555916922022683,0.03614457831325301,0.021723799961751767,0.01771607486925406,0.003034682080924856,0.01079195023060446,0.028901734104046242,0.012449536654738965,11,0.015895953757225433,65679,11.754279148595836,12.654471383918843,189.65707791250563,11.714929230327575,15.39413096600384,11.866429370871456,12.644814621279309,265.6861326335025,0.0,False
444,444000,0.03493150684931507,0.00410958904109589,0.018370880230543805,0.0410958904109589,0.01395955642530985,0.032748184019370456,0.004237288135593221,0.017397848656694304,0.0423728813559322,0.014830508474576272,0.03385654679117822,0.004172461752433936,0.017891807661499684,0.04172461752433936,0.014388370090734485,11,0.015299026425591099,65679,11.770250482268096,12.810589820624884,189.01066321914962,11.686092900337064,15.373141881866449,11.731437490974939,12.452859791498017,264.8350355867191,0.0,False
445,445000,0.030118185461696912,0.004834605597964376,0.015650040890743958,0.04580152671755725,0.014361444323276384,0.021706586826347306,0.0023952095808383233,0.009891341836324551,0.023952095808383235,0.006914741944682064,0.026253709609968208,0.0037138927097661624,0.013004366222001068,0.03576341127922971,0.0109402633130281,20,0.027510316368638238,65679,11.774670361411331,13.746774843476084,183.50618216300686,11.668553006841108,15.295748307914137,11.692276775457366,12.25343801627976,259.9376434743866,0.0,False
446,446000,0.016262353998203055,0.002425876010781671,0.006700717155294066,0.02425876010781671,0.004913789415137124,0.027869352869352867,0.00358974358974359,0.014230325033385907,0.03333333333333333,0.010681725681725682,0.022210750265940805,0.0030223390275952696,0.01055951751331748,0.02890932982917214,0.007869762009052416,8,0.010512483574244415,65679,11.730735570508743,12.282550463052488,179.12877340375832,11.666115093303397,15.559989645544391,11.688940736664932,12.40737023612548,254.46447514895775,0.0,False
447,447000,0.011807447774750226,0.0013623978201634877,0.006823564421228759,0.013623978201634877,0.005336058128973661,0.031718591691995944,0.004521276595744681,0.018364194988652535,0.04521276595744681,0.017338947990543734,0.02188361212587323,0.0029609690444145358,0.012663775852388034,0.029609690444145357,0.011410198893375205,12,0.016150740242261104,65679,11.740961358419622,13.63198565218493,179.7214518228091,11.707646150077577,15.554497065653482,11.876626212742325,11.87599556602692,256.10916382791396,0.0,False
448,448000,0.012387387387387387,0.0024024024024024027,0.006219969793055148,0.024024024024024024,0.006940273606940273,0.014779005524861877,0.0030386740331491717,0.008158950529923851,0.03038674033149171,0.008167806717530476,0.013633093525179859,0.002733812949640288,0.007229913716431365,0.027338129496402876,0.007579650565262077,11,0.015827338129496403,65679,11.76475080967576,13.322635636220381,177.84920197494446,11.697240907007632,15.67043315223171,11.703447671346234,12.091962365082253,254.09967251650843,0.0,False
449,449000,0.013360881542699724,0.0027548209366391185,0.007685540506369652,0.027548209366391185,0.009729327911146092,0.012380952380952383,0.002,0.0059858813182442055,0.02,0.005431972789115646,0.012879850397381954,0.002384291725105189,0.006851205701539489,0.023842917251051893,0.007619826799349941,14,0.019635343618513323,65679,11.837845913423294,13.56565137088095,182.14326416818304,11.68440178388186,15.907586401062158,11.940235368296248,12.32468996503755,259.4036749707651,0.0,False
450,450000,0.020668425681618294,0.002638522427440633,0.0117210498837557,0.026385224274406333,0.010759308120785693,0.019937917860553964,0.0025787965616045844,0.007384279257413134,0.025787965616045846,0.004288897985173057,0.020318223443223444,0.0026098901098901097,0.009642021108215102,0.0260989010989011,0.007657421943136228,13,0.017857142857142856,65679,14.106699308361058,13.630584272755764,212.41417422311613,12.000066857809077,15.866891966809238,11.869099873940137,12.803409514053342,292.69092601684474,0.0,False
451,451000,0.02388737511353315,0.003269754768392371,0.01079172309342675,0.0326975476839237,0.007746204748929545,0.011506849315068492,0.0027397260273972603,0.005896838040368106,0.0273972602739726,0.007012393998695368,0.017714025500910745,0.003005464480874317,0.008350967568336034,0.030054644808743168,0.0073803018475149616,12,0.01639344262295082,65679,12.161857766090911,13.163054656706308,189.13246770975445,11.689103447176663,15.334782613105059,11.701785991163893,12.176828241103333,265.35988042510064,0.0,False
452,452000,0.014063811922753987,0.0020151133501259445,0.00836742042733743,0.020151133501259445,0.008234376874175362,0.015117370892018778,0.0022535211267605635,0.0058612631056177665,0.01971830985915493,0.003836351441985245,0.014561170212765956,0.002127659574468085,0.0071843275427490244,0.0199468085106383,0.0061581813576494435,10,0.013297872340425532,65679,11.720333044334952,12.561334635702304,180.73792108025398,11.709374490367907,15.506242214913257,11.745796068399205,12.486207182110798,256.4672087160824,0.0,False
453,453000,0.01990990990990991,0.0029729729729729734,0.008001834907278077,0.02972972972972973,0.005213427713427714,0.02916666666666667,0.00436046511627907,0.015470663851522633,0.0436046511627907,0.012392718715393132,0.02436974789915966,0.0036414565826330533,0.011600262297782457,0.036414565826330535,0.008672357832021697,13,0.018207282913165267,65679,11.74806336401435,12.691946744775029,176.61050798045696,11.664841708419749,15.336122000830787,11.713133852439551,12.493769396854093,252.2583850477905,0.0,False
454,454000,0.018406593406593407,0.002197802197802198,0.010513118380010553,0.02197802197802198,0.008363858363858364,0.02882241215574549,0.005128205128205129,0.017299531195833873,0.04843304843304843,0.01669832225387781,0.02351981351981352,0.0036363636363636372,0.013844630125960185,0.03496503496503497,0.012455322455322455,9,0.012587412587412588,65679,11.780019942633778,13.032333478948942,184.8712208346315,11.674543943338001,15.393587898579476,11.686107883365771,11.721823060736881,260.1596370422343,0.0,False
455,455000,0.019830028328611898,0.00226628895184136,0.009312039615719855,0.0226628895184136,0.0065234497954044695,0.022531702898550724,0.002989130434782609,0.010286058117161373,0.029891304347826088,0.009242365424430642,0.021208969024503005,0.002635228848821082,0.009809180820339105,0.026352288488210817,0.007911190366114084,13,0.018030513176144243,65679,11.732201733033465,13.43492665392687,187.0575083444681,11.733446260334123,15.53211180495284,11.759594169366562,12.67505744431685,263.9248464103988,0.0,False
456,456000,0.01711111111111111,0.0026666666666666666,0.008671015125296227,0.02666666666666667,0.008844444444444443,0.01657123026201631,0.003539823008849558,0.009907575444932759,0.029498525073746312,0.012724165379032634,0.01685478112813753,0.003081232492997199,0.009258121495543826,0.028011204481792718,0.010686496820950601,8,0.011204481792717087,65679,11.989583247287715,12.829789271043278,187.04812344487453,11.690470557670917,15.830251323997736,11.725168765491789,11.958683666019043,263.07207027638503,0.0,False
457,457000,0.015723270440251572,0.00215633423180593,0.006724643394681522,0.0215633423180593,0.005359816882727934,0.01728748806112703,0.004011461318051576,0.010237371137486385,0.02865329512893983,0.014565425023877745,0.016481481481481482,0.0030555555555555557,0.008427340592235546,0.025,0.009821979717813052,13,0.018055555555555554,65679,11.834920406766924,13.275039528720667,182.97640678537064,11.706821822679569,15.464567695300246,11.706297724747849,12.32401745322742,259.2880714168133,0.0,False
458,458000,0.01945970695970696,0.0024725274725274724,0.010133933484812677,0.024725274725274724,0.008173076923076924,0.01839959225280326,0.003975535168195719,0.00932530677573678,0.03363914373088685,0.00918280665987088,0.018958031837916063,0.0031837916063675834,0.00975126932581439,0.02894356005788712,0.008650908506190706,8,0.011577424023154847,65679,11.76070566860643,12.703430457478015,182.87509240172417,11.676487043491,15.332856559718833,11.685873736233532,11.918909561273171,257.95335542852513,0.0,False
459,459000,0.02142245072836332,0.002827763496143959,0.01053439079423022,0.028277634961439587,0.00894030277063696,0.019211576846307386,0.0029940119760479044,0.009915621165901996,0.029940119760479042,0.009268368025853057,0.020401106500691563,0.002904564315352697,0.010248541477685783,0.029045643153526972,0.009091857120902764,4,0.005532503457814661,65679,11.734315520248174,12.284260067038645,182.41899685171592,11.68498826263631,15.38849779331164,11.718169274255175,12.208315359266141,257.437543128472,0.0,False
460,460000,0.02009936766034327,0.0027100271002710027,0.012833236341463267,0.02710027100271003,0.01370822041553749,0.025631095811818702,0.003915662650602411,0.014443207831711647,0.0391566265060241,0.01403471026965003,0.022719244616534205,0.003281027104136947,0.013595733537986036,0.03281027104136947,0.01386284899123701,11,0.015691868758915834,65679,11.763468636363793,13.092181367163613,186.54420458025234,11.75407076471624,15.596736260531374,11.69829912320286,12.455179936213256,262.90414066844346,0.0,False
461,461000,0.026344797178130513,0.0034391534391534392,0.01413728516306029,0.031746031746031744,0.011768287561938354,0.03420781893004115,0.004012345679012346,0.01369406155588972,0.040123456790123455,0.008945718204977464,0.029973884140550803,0.003703703703703704,0.013932720421289258,0.03561253561253561,0.01046556324334102,12,0.017094017094017096,65679,11.731440175091755,13.733407939239829,198.5787440610537,11.943631107513841,15.289471957613543,11.695582838464059,12.489036668464347,275.46131474744107,0.0,False
462,462000,0.007302405498281786,0.0015463917525773197,0.004172271431285336,0.015463917525773196,0.004553264604810996,0.023035230352303523,0.0029810298102981034,0.012479381785665405,0.02981029810298103,0.010041080569535855,0.014971378247468074,0.0022457067371202117,0.008221576214331897,0.022457067371202115,0.007228303034115451,11,0.01453104359313078,65679,11.731745327897558,14.375132797894707,196.20176316241523,11.718493363260807,15.94335426984006,11.685859894042249,12.35480822799062,274.01115704334126,0.0,False
463,463000,0.015947623372691493,0.0032697547683923703,0.007449636321781334,0.0326975476839237,0.007826218589161368,0.03620571035431717,0.004953560371517028,0.017224021947566594,0.04643962848297214,0.01378077546808197,0.025430756843800324,0.004057971014492753,0.012025182056750374,0.0391304347826087,0.010613641591902461,10,0.014492753623188406,65679,11.771696187865,13.312279556643158,181.55751583801006,11.66308354633161,15.145315130263292,11.74448906396397,12.34831501129019,257.5426943343673,0.0,False
464,464000,0.013427109974424553,0.0015345268542199491,0.005783705598980165,0.015345268542199489,0.004950675922542931,0.015564801972568963,0.0025889967637540453,0.009414527162538287,0.025889967637540454,0.009421071556993888,0.01437074829931973,0.002,0.007386453974893679,0.02,0.006924036281179138,6,0.008571428571428572,65679,11.793408293769847,13.01945067606891,189.10001612150452,11.72493038016642,16.0256956727306,11.731429754732737,11.788040186519467,265.1829710854925,0.0,False
465,465000,0.028854435831180015,0.004392764857881137,0.012718640349591696,0.041343669250646,0.010728641154997744,0.021653987038602423,0.0035502958579881655,0.011558460857559998,0.03254437869822485,0.009615384615384616,0.025497536945812804,0.004,0.012177756669168642,0.037241379310344824,0.010209633278598796,8,0.011034482758620689,65679,11.874902709763102,13.719837769057829,194.2471437841875,11.669800801666907,15.31270578646049,11.702199137542113,12.258244370039195,270.78483435871715,0.0,False
466,466000,0.02569916855631141,0.0050264550264550265,0.015202806830569245,0.042328042328042326,0.013323045267489713,0.02367424242424242,0.003125,0.014079891549083089,0.028409090909090908,0.012089646464646464,0.024722765818656223,0.00410958904109589,0.014661346311277289,0.03561643835616438,0.012728310502283107,10,0.0136986301369863,65679,11.76831151671054,13.100782804240097,183.03602251688866,11.671328396453685,15.62785595812799,11.677052412867317,12.370509704887066,259.25186331017534,0.0,False
467,467000,0.017901234567901235,0.002222222222222222,0.008503246991774927,0.022222222222222223,0.006388398980991573,0.0113314447592068,0.00113314447592068,0.004026195677560141,0.0113314447592068,0.0018998156391924095,0.014841688654353561,0.0017150395778364118,0.006418287738585191,0.017150395778364115,0.0042980692716840475,15,0.01978891820580475,65679,11.732514687806672,13.680371204527475,181.3966603377293,11.677486181457809,15.641076524020026,11.72303414541387,12.450657554438639,258.30180063539376,0.0,False
468,468000,0.017899543378995433,0.002465753424657534,0.010104419880659812,0.024657534246575342,0.009295499021526418,0.03142570281124498,0.0051204819277108436,0.0176146058619311,0.045180722891566265,0.014326353031172308,0.024342419894787186,0.0037302725968436155,0.0136817251113371,0.03443328550932568,0.011691831204026325,11,0.015781922525107604,65679,11.787242938987585,12.79025571840342,188.71710609949523,11.681161191198775,15.478130244203637,11.705656794910869,12.236672047361008,264.39622503456053,0.0,False
469,469000,0.011527377521613832,0.0011527377521613833,0.005246312028855369,0.011527377521613832,0.0032935364347468094,0.010551826994780014,0.0023489932885906043,0.006942692994985197,0.02348993288590604,0.007196122296793437,0.011076658053402239,0.0017054263565891474,0.006030066335687445,0.017054263565891473,0.005096591608219514,10,0.015503875968992248,65679,11.750447132280462,12.811568433232502,181.97099537467508,11.69269562852071,14.999927749156928,11.68485963894128,12.531706551216493,257.44220050802346,0.0,False
470,470000,0.022191528545119705,0.0035911602209944752,0.011765743178089429,0.03591160220994475,0.010078488117162148,0.02480044699872286,0.004597701149425287,0.011143257549418525,0.040229885057471264,0.010404123335157818,0.02347026604068858,0.004084507042253521,0.011460637546008479,0.038028169014084505,0.010238095238095239,7,0.009859154929577466,65679,11.715767556375045,12.336363983206367,181.70545552770312,11.681373113053839,15.267059386328551,11.680709885483754,12.510365600418293,256.897095052569,0.0,False
471,471000,0.005793226381461675,0.001336898395721925,0.0033820812583953324,0.0106951871657754,0.00338680926916221,0.02435515873015873,0.00505952380952381,0.011482712173116524,0.044642857142857144,0.011053240740740742,0.014577464788732394,0.003098591549295775,0.007215619268742262,0.02676056338028169,0.007014866979655711,11,0.015492957746478873,65679,11.723146808251261,12.970505742268546,181.35458588082466,11.693627248288152,15.585428121286938,11.706505941969091,12.570256706478933,257.6040564493676,0.0,False
472,472000,0.00904882154882155,0.0012626262626262627,0.0036195096021738697,0.012626262626262626,0.002532267115600449,0.027083333333333334,0.003693181818181819,0.01651609210948771,0.036931818181818184,0.01569151334776335,0.01753565062388592,0.002406417112299465,0.009688489605615677,0.02406417112299465,0.008724853577794754,14,0.01871657754010695,65679,11.792796507911763,13.930846338813808,186.46988781698127,11.727582860346363,16.204731758742707,11.832225771377104,11.804542603910395,263.7626136580834,0.0,False
473,473000,0.021328056288478447,0.00316622691292876,0.010666131357587465,0.0316622691292876,0.010674498471332245,0.02316076294277929,0.0027247956403269754,0.013962058030285895,0.027247956403269755,0.011742571688075775,0.022229669347631813,0.002949061662198392,0.012287585900322482,0.029490616621983913,0.011199944678496956,10,0.013404825737265416,65679,11.862878633570052,13.215435931759888,197.20004723387808,11.739691951395681,15.873332344165657,11.737751613338787,12.547547885308209,274.1766855934164,0.0,False
474,474000,0.022146539027982328,0.004123711340206186,0.015779718935895998,0.03608247422680412,0.015130502372770412,0.028125,0.003125,0.016976779625494993,0.03125,0.014043898809523808,0.02484866828087167,0.003672316384180791,0.016320763315375773,0.03389830508474576,0.014639382118195677,13,0.018361581920903956,65679,11.928134934280354,13.440271492803912,185.1448463760924,11.665723279222217,15.274737451012598,11.705480928048129,12.605760869130457,261.76495533059006,0.0,False
475,475000,0.03341687552213868,0.004260651629072682,0.019105404109593035,0.042606516290726815,0.01740462266778056,0.02742504409171076,0.004761904761904762,0.015986201202394905,0.044444444444444446,0.017433862433862433,0.030773420479302833,0.004481792717086835,0.017729285179946805,0.04341736694677871,0.017417522564581386,10,0.014005602240896359,65679,11.721178527726583,12.966253815638318,180.22881234816546,11.664867970759275,15.25420890848006,11.688751064845015,12.117221188892579,255.64129382450727,0.0,False
476,476000,0.012242268041237113,0.001804123711340206,0.006243820381780435,0.015463917525773196,0.004546105383734249,0.013484848484848485,0.0024242424242424242,0.007938026950713547,0.024242424242424242,0.007554112554112554,0.012813370473537604,0.0020891364902506965,0.007022494710120166,0.019498607242339833,0.005928615643100322,4,0.005571030640668524,65679,11.717227146088028,12.308762903839865,177.38988327177518,11.666050755851366,15.27157065014939,11.690115099174946,12.177874059340898,252.22148388621966,0.0,False
477,477000,0.029914529914529912,0.00358974358974359,0.01577033523678557,0.035897435897435895,0.012474562474562476,0.012048192771084336,0.002108433734939759,0.006843084511957714,0.02108433734939759,0.00818273092369478,0.02169898430286242,0.0029085872576177286,0.01166528365694783,0.029085872576177285,0.010501033284966802,10,0.013850415512465374,65679,11.752310975360336,12.862667957858065,186.5026939565223,11.72973815988243,15.681443801887628,11.70677821746291,12.492237262157202,262.7278703311309,0.0,False
478,478000,0.02318295739348371,0.0028947368421052633,0.012394444026524435,0.02894736842105263,0.010328947368421054,0.014989837398373982,0.003048780487804878,0.009081223322512943,0.03048780487804878,0.011475271002710027,0.01938727468388485,0.0029661016949152543,0.010859505621276171,0.029661016949152543,0.010860012554927809,12,0.01694915254237288,65679,11.87056534480979,13.535281568582969,185.72709346000028,11.689305136244887,15.347070849686117,11.740512940991433,12.409848589675644,262.3196778899911,0.0,False
479,479000,0.017811704834605598,0.002544529262086514,0.009990098144022465,0.02544529262086514,0.008418150975402884,0.01766489204377403,0.003105590062111801,0.00867058331277345,0.031055900621118012,0.01111850537316376,0.017745587745587744,0.002797202797202797,0.009395855101138294,0.027972027972027972,0.009634254634254633,12,0.016783216783216783,65679,11.7715669742946,13.152617043835079,185.61670093773796,11.680893941837244,15.290689221375553,11.699905250281418,12.02907991058877,261.24145327995063,0.0,False
480,480000,0.01282051282051282,0.0015384615384615387,0.005097188200363118,0.015384615384615385,0.003297720797720798,0.021594202898550727,0.003478260869565218,0.012083557061659766,0.03188405797101449,0.011456176673567978,0.01693877551020408,0.0024489795918367346,0.008376504196481954,0.02312925170068027,0.00712720008638376,13,0.017687074829931974,65679,11.723005618136106,13.835510185411515,177.11302759131075,11.664344449338614,15.605312423741523,11.700276050866098,11.699031140899319,253.3405074597039,0.0,False
481,481000,0.01986301369863014,0.0027397260273972603,0.010095442067432143,0.0273972602739726,0.007838660578386605,0.026005361930294905,0.004021447721179625,0.014362179064003045,0.040214477211796246,0.013187795225328739,0.02296747967479675,0.0033875338753387536,0.012251936511498465,0.03387533875338753,0.010542220501570094,6,0.008130081300813009,65679,11.726969159478461,12.607575308992702,182.04320894400772,11.715354170355186,15.450345791742649,11.73642103327599,12.49016340200415,257.7700378098569,0.0,False
482,482000,0.019516407599309154,0.0025906735751295338,0.010989617927415034,0.025906735751295335,0.01095279217040875,0.019364120270464684,0.00392749244712991,0.010819552328792672,0.03625377643504532,0.014543470963410542,0.019446104801753336,0.0032078103207810317,0.010911107867242089,0.030683403068340307,0.012610413761041378,11,0.015341701534170154,65679,11.801517424414598,13.020100864624684,184.01870041541423,11.673738490938778,15.32494996582534,11.69553866819939,12.03954012728159,259.57408595669864,0.0,False
483,483000,0.013820132013201319,0.002722772277227723,0.008594188091394592,0.027227722772277228,0.009453088165959453,0.02380952380952381,0.004347826086956522,0.01537041520099998,0.040372670807453416,0.018253968253968255,0.01825068870523416,0.003443526170798898,0.011599622153781557,0.03305785123966942,0.013356508811054265,9,0.012396694214876033,65679,11.718912505176426,13.264699253875968,180.7408162045332,11.662272831142184,15.322486093691246,11.717836892785606,12.421333762169251,256.8483575433739,0.0,False
484,484000,0.021031746031746033,0.0026455026455026454,0.010097167588264795,0.026455026455026454,0.007447299907617368,0.025555555555555554,0.004761904761904762,0.012999389800062681,0.044444444444444446,0.01186822877299068,0.023088023088023088,0.0036075036075036075,0.011416359502718382,0.03463203463203463,0.0094568130282416,5,0.007215007215007215,65679,11.754768771521373,12.488124542187062,188.75417437817788,11.673123785332917,15.649599760261811,11.737338851736112,12.210061048234522,264.2671911374517,0.0,False
485,485000,0.014,0.0021333333333333334,0.010187801348877087,0.021333333333333333,0.01151111111111111,0.018407960199004973,0.003283582089552239,0.012007078324972501,0.03283582089552239,0.014315328121298272,0.016079812206572768,0.0026760563380281697,0.011046192598161544,0.02676056338028169,0.012834227587748714,8,0.011267605633802818,65679,11.749029507165943,12.753267974910386,209.10118700757928,11.895913668555359,16.459237307725473,11.861883791319805,12.913641302708667,286.7341605599649,0.0,False
486,486000,0.013434089000839632,0.0022670025188916876,0.008142912075431637,0.022670025188916875,0.009980608532245812,0.006508875739644971,0.001183431952662722,0.004163942805774552,0.011834319526627219,0.005399408284023669,0.010249433106575966,0.0017687074829931973,0.006313127567752597,0.017687074829931974,0.007873879710614404,7,0.009523809523809525,65679,12.239251979143106,12.688869072893795,205.37036503781582,11.737115600804483,15.774006393534656,11.702157496920606,12.361446771136375,281.87321235224886,0.0,False
487,487000,0.017048517520215634,0.0024258760107816715,0.006858728028178141,0.02425876010781671,0.005349120780387627,0.018095238095238095,0.002285714285714286,0.009787486384922477,0.022857142857142857,0.008579365079365079,0.01755663430420712,0.002357836338418863,0.008280455385821024,0.023578363384188627,0.006917200537172798,9,0.012482662968099861,65679,11.719674188059859,12.713728210267394,181.25207152397405,11.666196233009462,15.30128736604297,11.69581807644593,12.137633018591277,256.4864086163909,0.0,False
488,488000,0.03248646397334444,0.004373177842565598,0.015867703192009256,0.043731778425655975,0.014010366051182378,0.018625249500998003,0.0029940119760479044,0.01000606230184876,0.029940119760479042,0.009571333523429332,0.025647991840754027,0.003692762186115214,0.012975844909418997,0.03692762186115214,0.011820355911936415,9,0.013293943870014771,65679,11.774678409501306,12.888071992858684,182.83543118817468,11.665934233157094,15.0725314607969,11.699241973847641,12.502551259951922,258.43844051828825,0.0,False
489,489000,0.023402417962003454,0.003367875647668394,0.012374772774165502,0.031088082901554404,0.010427461139896375,0.015923256719906506,0.004304635761589404,0.01048448019521264,0.039735099337748346,0.01432119205298013,0.02011941404468764,0.0037790697674418613,0.011545022252590263,0.03488372093023256,0.012136627906976744,8,0.011627906976744186,65679,11.721068681608271,12.630706880276122,182.38161018895028,11.675429602633901,15.238148606114276,12.044999050497829,12.452280463717823,258.1442434737985,0.0,False
490,490000,0.026228070175438597,0.003947368421052632,0.0137505053931436,0.03684210526315789,0.012802840434419384,0.025387596899224804,0.004069767441860465,0.012390512260761198,0.0377906976744186,0.009596483942414174,0.025828729281767954,0.004005524861878453,0.013104320810906659,0.03729281767955801,0.011279378233798123,7,0.009668508287292817,65679,11.79477341965718,12.837704951099148,199.97747883954142,11.795367674705126,15.746672173452826,11.828596348170684,12.61731012994205,276.5979035365684,0.0,False
491,491000,0.021235194585448394,0.0025380710659898475,0.011536099860934939,0.025380710659898477,0.010691120779953267,0.013770180436847102,0.0022792022792022795,0.010215983719843155,0.019943019943019943,0.012345679012345678,0.017718120805369126,0.002416107382550336,0.010914139101843374,0.022818791946308724,0.011470650900181102,12,0.016107382550335572,65679,11.90720176576232,14.10055204800753,187.4935264956079,11.663759047389476,15.522275397125696,11.694946153606445,12.277781400255039,264.66004230775445,0.0,False
492,492000,0.03946608946608947,0.004935064935064935,0.022689336633685102,0.04935064935064935,0.023046794475365905,0.010486322188449849,0.002127659574468085,0.009511919407846639,0.02127659574468085,0.012693588073527282,0.02611266728913788,0.0036414565826330533,0.016617389480602672,0.036414565826330535,0.01827619936863634,6,0.008403361344537815,65679,11.741038335844056,12.501321525831832,184.40347184971174,11.708379051136863,15.497723393487206,11.735697689030378,11.894425891764705,259.4820577368068,0.0,False
493,493000,0.02252338232487116,0.0032258064516129032,0.01012583025938252,0.02977667493796526,0.006933120642798061,0.019047619047619046,0.002857142857142857,0.011940387857511663,0.02857142857142857,0.011285714285714286,0.02090782170463445,0.0030544488711819386,0.010969250125710808,0.029216467463479414,0.008956238537911845,7,0.009296148738379814,65679,11.773691227706662,13.00035089782381,182.25986057203437,11.66771114866072,15.54190345508244,11.698856928837875,12.175913704004504,258.1182879341504,0.0,False
494,494000,0.02111716621253406,0.0029972752043596735,0.012091053454780358,0.02997275204359673,0.010084987673543532,0.02828590785907859,0.00426829268292683,0.015893690551115582,0.042682926829268296,0.01775430700735579,0.024500399680255795,0.0035971223021582736,0.013885679307439286,0.03597122302158273,0.013704464999429029,1,0.0014388489208633094,65679,11.720696561856592,11.85686420386578,188.93330833555376,11.735971061854755,15.43482117496997,11.855091510637461,11.854663739874205,263.39141658861257,0.0,False
495,495000,0.018904109589041096,0.003287671232876713,0.010134439997468048,0.03287671232876712,0.00986627527723418,0.01633384536610343,0.0038709677419354843,0.010142057270904946,0.02903225806451613,0.013031233998975935,0.01772369194591417,0.003555555555555556,0.010137938300824254,0.03111111111111111,0.01131981187536743,5,0.007407407407407408,65679,11.801855676646378,12.268425767847368,200.2008105476405,11.837774922918154,15.625514983824695,11.84279613747341,13.112078043608921,276.6892560799594,0.0,False
496,496000,0.010249554367201425,0.001336898395721925,0.006116215030224662,0.013368983957219251,0.005949197860962567,0.013937621832358674,0.002046783625730994,0.010166720333792654,0.02046783625730994,0.01142787524366472,0.012011173184357543,0.001675977653631285,0.008050953597012725,0.01675977653631285,0.00856610800744879,7,0.009776536312849162,65679,11.840706281462943,13.388030831090747,192.8061357135691,11.690738674907664,15.450482711149016,11.763186895691335,11.779380946735918,268.7186620546067,0.0,False
497,497000,0.015841153405586395,0.0030927835051546395,0.007759170602580486,0.030927835051546393,0.008116511209294713,0.038662486938349006,0.005642633228840126,0.019718400271455855,0.05642633228840126,0.015664029457132904,0.026138190742151134,0.004243281471004243,0.013155202093911803,0.042432814710042434,0.01152196852338295,3,0.004243281471004243,65679,11.731348418947407,12.489952665700743,183.897837666952,16.483056204358306,15.217366535064114,11.67911388408327,11.700363259370405,263.19903863447627,0.0,False
498,498000,0.015391156462585034,0.002806122448979592,0.009800916006237715,0.02806122448979592,0.011394557823129252,0.021862186218621862,0.0042904290429042905,0.012293949349653865,0.036303630363036306,0.011632353711561632,0.018212339219533462,0.003453237410071943,0.01088780680200044,0.031654676258992806,0.011498229987438621,9,0.012949640287769784,65679,11.715034650194855,13.161137976641646,182.8545179961283,11.727349560008982,15.287282586373685,11.709047708974296,12.405903770051907,258.8602742483737,0.0,False
499,499000,0.015473032714412025,0.0021220159151193636,0.009328874694029567,0.021220159151193633,0.010389036251105217,0.015899122807017545,0.002631578947368421,0.011292193795032482,0.02631578947368421,0.01288377192982456,0.01566324033284386,0.0023494860499265785,0.010205304953508108,0.023494860499265784,0.011502692119432207,6,0.00881057268722467,65679,11.816320851232298,12.519421745266213,184.8547235731579,11.725330233358644,15.792213233667418,11.744355054993383,12.147289838920772,260.59965453059664,0.0,False
500,500000,0.0333994708994709,0.0050264550264550265,0.018465022801351687,0.05026455026455026,0.017473964894599816,0.02195197589934432,0.003508771929824562,0.008611933752316276,0.03508771929824561,0.006436229462545251,0.02796191077441077,0.004305555555555556,0.013784805503059867,0.043055555555555555,0.012231040564373899,10,0.013888888888888888,65679,11.803680431826669,13.359786708605492,184.53970431081547,11.694450703092496,15.273693660111665,11.691174292172146,12.25139391700103,260.61388402362496,0.0,False
501,501000,0.030854700854700854,0.0041025641025641026,0.0178676971096192,0.041025641025641026,0.01564102564102564,0.02333333333333333,0.003384615384615385,0.01329192037138541,0.033846153846153845,0.013461538461538462,0.027435897435897437,0.0037762237762237767,0.015787798592240207,0.03776223776223776,0.01465034965034965,6,0.008391608391608392,65679,11.778993689676165,12.628232307132503,176.80583514462222,11.671288866699214,15.294569244678202,11.693239111099096,12.214429261608872,252.0865876255163,0.0,False
502,502000,0.010028149190710767,0.001724137931034483,0.005939212957715517,0.017241379310344827,0.0073715693173821255,0.020364415862808145,0.002893890675241158,0.012433552900079496,0.028938906752411574,0.01120042872454448,0.014511522879723716,0.0022315202231520223,0.008756144229786923,0.022315202231520222,0.009032343760377233,4,0.005578800557880056,65679,11.725039407051163,12.296748367335297,178.9776263424192,11.668452222279857,15.497726370244935,11.736105117093887,11.749800863380955,253.65149868980532,0.0,False
503,503000,0.018896447467876037,0.0024943310657596376,0.008546590647560479,0.024943310657596373,0.006773926501817658,0.028125,0.003125,0.018125289289895024,0.03125,0.017351190476190475,0.02277704774419623,0.0027595269382391595,0.012574427133167646,0.02759526938239159,0.011221659053459315,3,0.003942181340341655,65679,11.792526397352843,12.59728316099773,186.60675393328273,11.823018064877067,16.17406023948775,11.800559097635555,11.85089548080831,262.645096374442,0.0,False
504,504000,0.017082974447315533,0.0023255813953488376,0.00869423162122521,0.023255813953488372,0.008060579959804767,0.0382943143812709,0.006020066889632107,0.020917757178771396,0.056856187290969896,0.019889048149917713,0.026328150307742142,0.003935860058309038,0.014021978183479307,0.037900874635568516,0.013216136794853993,5,0.007288629737609329,65679,11.83979542143665,12.821690029030108,185.9827876969089,11.720434453355022,15.270182986221181,11.724764180903735,12.573857278319611,261.9335120461752,0.0,False
