batch,interactions,strategy,recall_at_10,precision_at_10,ndcg_at_10,hr_at_10,recall_at_20,precision_at_20,ndcg_at_20,hr_at_20,mrr,id_resolution_emissions_mg,expand_embeddings_emissions_mg,scoring_emissions_mg,update_prep_emissions_mg,history_update_emissions_mg,batch_emissions_mg,update_emissions_mg,updated
1,1000,incremental,0.021533713200379865,0.0029914529914529917,0.011293714022930128,0.029914529914529916,0.03048772215438882,0.002136752136752137,0.013678020364925828,0.042735042735042736,0.01036033450563365,11.730842730889355,133.75689935130404,19.70675175207024,11.661133188958718,11.677631781605198,188.53325880482754,0.0,False
2,2000,incremental,0.013639502762430939,0.0016574585635359118,0.006838365109454622,0.016574585635359115,0.036705801104972374,0.0022099447513812156,0.012894513738935465,0.04419889502762431,0.006995551008591307,11.855496031041831,144.84387763916357,19.61564453085182,11.656005191373453,11.66376359014302,199.6347869825737,0.0,False
3,3000,incremental,0.023994969778102306,0.0032128514056224897,0.014299122959332125,0.030789825970548863,0.03884223763741836,0.0024765729585006693,0.018020306857738557,0.04685408299866131,0.01377863718480054,11.783278004681252,136.60446357100267,19.659953885378233,11.657368678522051,11.665001423443725,191.37006556302794,0.0,False
4,4000,incremental,0.013730506822612086,0.0020833333333333333,0.005608771148566481,0.020833333333333332,0.027735136452241713,0.0020833333333333333,0.009262717916398152,0.04027777777777778,0.0060195923286093566,11.82569611825248,135.83224524116756,22.07524913536672,11.653158859221275,11.659148915895909,193.04549826990393,0.0,False
5,5000,incremental,0.016843155310006137,0.0020718232044198894,0.011014691321305581,0.020718232044198894,0.025974524248004914,0.0017265193370165745,0.013590255004594827,0.03314917127071823,0.010710000558066856,11.709615534159171,144.49899424954106,19.900316710376455,11.657534397167563,11.668565049299936,199.43502594054416,0.0,False
6,6000,incremental,0.02131782945736434,0.0031976744186046516,0.011704173300952537,0.030523255813953487,0.03766957364341085,0.0027616279069767446,0.016178418134672332,0.05377906976744186,0.011902010059893548,11.735311092146315,143.71972861957119,19.582537403815,11.654257899752166,11.659494373162435,198.35132938844708,0.0,False
7,7000,incremental,0.01063049853372434,0.0017595307917888565,0.00570153037043285,0.017595307917888565,0.035606060606060606,0.002712609970674487,0.012561214693950622,0.051319648093841645,0.007220330406665445,11.714103604607008,144.56052521758508,19.726273188987783,11.65796777638289,11.665701987151897,199.32457177471466,0.0,False
8,8000,incremental,0.021543560606060604,0.00340909090909091,0.012576607987260114,0.029829545454545456,0.03935735192837465,0.0029829545454545456,0.017402884610944316,0.05539772727272727,0.013760891678430554,11.729252899773424,143.2764238943386,19.217407661313104,11.657564749306985,11.675421820710794,197.5560710254429,0.0,False
9,9000,incremental,0.01956435500739298,0.002531645569620253,0.010425906199879403,0.02531645569620253,0.03093331890800245,0.0020393811533052043,0.013595357785827985,0.040787623066104076,0.010752253684743135,11.740848101175327,144.11257602239976,19.404136211693608,11.656435953519024,11.665384412749574,198.5793807015373,0.0,False
10,10000,incremental,0.01189794945159752,0.0018597997138769672,0.006233169306186999,0.017167381974248927,0.028925676135976564,0.0022889842632331904,0.011036875127914758,0.04148783977110158,0.007511404795948838,11.744257677276815,146.19270170703305,19.278612605228876,11.656796691986333,11.664123116203202,200.53649179772827,0.0,False
11,11000,incremental,0.02096774193548387,0.0029453015427769996,0.009815905603486155,0.029453015427769985,0.03551787156275235,0.0025245441795231417,0.013854303200115292,0.04908835904628331,0.010018428069743967,11.734957527986811,149.19145988643874,19.561238591528884,11.65520050305617,11.66069845988469,203.80355496889527,0.0,False
12,12000,incremental,0.01861010101010101,0.0029333333333333334,0.01005330426203247,0.028,0.04574343434343435,0.003266666666666667,0.017396367405197757,0.064,0.013782908182288988,11.694237103050328,147.88137877939403,20.10981941573311,11.657092808020371,11.663018620042871,203.0055467262407,0.0,False
13,13000,incremental,0.023347805113362277,0.0030390738060781476,0.01050395294239803,0.02894356005788712,0.032392667631452,0.002243125904486252,0.013031285052845884,0.04341534008683068,0.00966243702771058,11.74827008942978,147.87774116107158,19.99677467949155,11.655665384948266,11.667455134872426,202.9459064498136,0.0,False
14,14000,incremental,0.02621477162293489,0.004081632653061225,0.014809901464613544,0.037900874635568516,0.038196469063816,0.003206997084548105,0.018215700324695466,0.05830903790087463,0.015238139308162054,11.744677451781468,139.09308822219893,19.724078721624316,11.655244127919875,11.663522906994045,193.88061143051863,0.0,False
15,15000,incremental,0.018101415094339622,0.002515723270440252,0.007975265473382967,0.025157232704402517,0.03647798742138365,0.0026729559748427676,0.012978308119658426,0.05188679245283019,0.008131594577393104,11.733737313649687,143.27589705143487,19.316595884685903,11.657920729866468,11.66613646700048,197.65028744663744,0.0,False
16,16000,incremental,0.01105392156862745,0.0022058823529411764,0.005957279522947581,0.01911764705882353,0.019534313725490197,0.001911764705882353,0.008456205502790118,0.03235294117647059,0.005962139640545212,11.727589121466458,146.08362120108362,20.444867032584288,11.65931277743006,11.668083867831351,201.58347400039577,0.0,False
17,17000,incremental,0.011723973256924546,0.0020057306590257878,0.006244490155452479,0.01862464183381089,0.016809933142311363,0.00171919770773639,0.00793307635516885,0.027220630372492838,0.006874057572481641,11.73042421073224,141.38738757810998,19.32146785066542,11.65484021307386,11.66732330672854,195.76144315931006,0.0,False
18,18000,incremental,0.02245467224546722,0.0032078103207810317,0.013538225472685917,0.03207810320781032,0.035867038586703856,0.002649930264993027,0.017208547458482628,0.0502092050209205,0.014280506801427301,11.754577469907934,137.6107308259126,19.74129254592866,11.655181181758136,11.661406509233876,192.4231885327412,0.0,False
19,19000,incremental,0.018852016727370833,0.002407932011331445,0.009457099670970578,0.024079320113314446,0.02676042088223391,0.001841359773371105,0.011691117995804058,0.036827195467422094,0.008064328235966298,11.701257937756903,140.49288337447067,21.182700150257013,11.653983387623427,11.664643730336168,196.69546858044416,0.0,False
20,20000,incremental,0.016954436450839327,0.0024460431654676263,0.008840160298511032,0.02446043165467626,0.032038369304556356,0.002517985611510791,0.013031534515660014,0.04748201438848921,0.010002742911957336,11.7325073002994,142.67228889575708,20.882688812190292,11.683940345348642,11.662716013472428,198.63414136706783,592.7480702824791,True
21,21000,incremental,0.031088335773548068,0.00424597364568082,0.01655216872912196,0.0424597364568082,0.04682772083943387,0.0033674963396778915,0.02092429422628555,0.06442166910688141,0.015632543993580942,11.778630981124603,143.34175469943833,19.605756093272856,11.656586228809065,11.6648690323606,198.04759703500542,0.0,False
22,22000,incremental,0.020227920227920228,0.0034188034188034192,0.010560612786119264,0.029914529914529916,0.03641975308641975,0.002849002849002849,0.014967670413536027,0.05270655270655271,0.011458191138703696,11.761446628519648,143.084016946151,20.57078500782624,11.659076786746034,11.663625872714196,198.7389512419571,0.0,False
23,23000,incremental,0.012856474988312296,0.0018232819074333801,0.008722392583410017,0.0182328190743338,0.026928471248246842,0.0018232819074333806,0.01244160211811875,0.03506311360448808,0.01084279380108932,11.74275543155967,147.80065651821133,21.384988931811602,11.656834704243737,11.665968084159823,204.25120366998615,0.0,False
24,24000,incremental,0.016577540106951873,0.0021390374331550803,0.008365299499558457,0.0213903743315508,0.027439839572192513,0.0018716577540106953,0.011336903509701972,0.0374331550802139,0.008446814601462288,11.746906051656424,148.26485885659733,22.097660056451772,11.656647319698358,11.666616584074182,205.43268886847804,0.0,False
25,25000,incremental,0.010709117221418235,0.001447178002894356,0.005356596267710812,0.013024602026049204,0.02493970091654607,0.001808972503617945,0.009220174381584826,0.03473227206946455,0.006091138146970991,11.744401172484285,145.5347384708497,19.966723791177767,11.65848463386722,11.66660133397699,200.57094940235598,0.0,False
26,26000,incremental,0.030143255073617186,0.004178272980501393,0.016889300380670224,0.03899721448467967,0.0446223228953034,0.0033426183844011146,0.021001144143997952,0.06267409470752089,0.016150096317582973,11.741122835354743,146.06886682032913,20.403592051352824,11.657214595784705,11.663802867231329,201.53459917005273,0.0,False
27,27000,incremental,0.01844767215665932,0.0027104136947218266,0.010710172682615563,0.02710413694721826,0.035067405252854615,0.0024964336661911554,0.015230199623083808,0.04850213980028531,0.012086119929514815,11.759563682346535,149.77910736372908,19.91202919908886,11.656405185110803,11.664393323988602,204.7714987542639,0.0,False
28,28000,incremental,0.025412087912087912,0.0032967032967032967,0.01363496400954873,0.03159340659340659,0.04366883116883117,0.0029532967032967036,0.018613269484532857,0.057692307692307696,0.01318518018316865,11.76406281264402,148.16763360047878,20.88318846596004,11.658021074880883,11.665008058199186,204.13791401216292,0.0,False
29,29000,incremental,0.011586391958884796,0.0018624641833810888,0.00678429259074473,0.01862464183381089,0.024965888934370312,0.0020057306590257878,0.010509011228721481,0.03724928366762178,0.008333391417191216,11.750517660619707,146.23693372243196,22.76401254000266,11.65651227552373,11.66554875355573,204.0735249521338,0.0,False
30,30000,incremental,0.01400484814581731,0.0022026431718061676,0.007148562148359388,0.022026431718061675,0.028493345453697874,0.0022760646108663735,0.01121886510294606,0.04552129221732746,0.007957905589382246,11.73807991143843,145.55759669829337,22.336262837901153,11.657978353694052,11.664643615575537,202.95456141690255,0.0,False
31,31000,incremental,0.015105155799395089,0.002806499261447563,0.00989709798661475,0.026587887740029542,0.023820074558626992,0.0022156573116691287,0.012446496063887936,0.04283604135893648,0.011649592061432222,11.774464086861808,147.07921374723654,22.52997038150982,11.656684419250087,11.6673869864619,204.70771962132017,0.0,False
32,32000,incremental,0.02019905367922989,0.003377386196769457,0.010831353575331826,0.030837004405286344,0.03142204507843274,0.0025697503671071953,0.01385538934002574,0.048458149779735685,0.013150350733035094,11.744199786848688,145.2042429235462,21.13799415616891,11.65655177713231,11.667002781049623,201.40999142474573,0.0,False
33,33000,incremental,0.017158176943699734,0.0028150134048257375,0.009155236844935105,0.024128686327077747,0.032551385165326185,0.002412868632707775,0.013415469928993907,0.04289544235924933,0.009997333675370926,11.769874897368977,146.2470648990197,20.248870525403987,11.657127476277784,11.669265489301292,201.59220328737175,0.0,False
34,34000,incremental,0.014240506329113924,0.0030942334739803095,0.009162575544700454,0.02531645569620253,0.02396858884200656,0.002250351617440225,0.01179361300800299,0.03938115330520394,0.012256576957887195,11.73307339983297,147.118746115304,21.37014243818163,11.658618758979278,11.664087814082166,203.54466852638004,0.0,False
35,35000,incremental,0.018377871542428505,0.0023909985935302394,0.009116946585297332,0.02390998593530239,0.03959212376933896,0.0023909985935302394,0.014536914063429978,0.04781997187060478,0.009597290873009022,11.726950587617399,145.56781283095455,20.099805299590017,11.654917798429102,11.660872253476187,200.71035877006724,0.0,False
36,36000,incremental,0.018101800681587916,0.0028875379939209732,0.009636932009377448,0.02735562310030395,0.0394688581428703,0.0029635258358662615,0.015277273454448605,0.0547112462006079,0.011186769687997727,11.721691481387033,144.13284539814032,22.94731459129805,11.658313088018513,11.66531589961474,202.12548045845864,0.0,False
37,37000,incremental,0.026735632183908044,0.004275862068965518,0.015707443693653147,0.04,0.03983908045977012,0.003103448275862069,0.019238862912069964,0.05655172413793103,0.017351102013533955,11.774150628455008,148.6623895441321,20.03344265926951,11.657111572166423,11.66492568450625,203.79202008852928,0.0,False
38,38000,incremental,0.02402315566378066,0.00340909090909091,0.013120525274918604,0.032670454545454544,0.02932167658730159,0.0022017045454545458,0.014626630303994649,0.03977272727272727,0.012061289405039406,11.733944496364682,145.57527725160557,20.299693234734907,11.656340118588322,11.682285584940082,200.94754068623357,0.0,False
39,39000,incremental,0.017578163285308243,0.002653631284916201,0.008463871753914129,0.02653631284916201,0.035076518110919754,0.0024441340782122905,0.01296726178925705,0.04748603351955307,0.00873733501874879,11.780867730711368,137.76028972169522,23.808736147474736,11.65785703443993,11.66493438772842,196.67268502204968,0.0,False
40,40000,incremental,0.023074692115594795,0.004090267983074753,0.01207601281491991,0.039492242595204514,0.042820813413197045,0.003455571227080395,0.01761218084666945,0.06629055007052186,0.014789792684900695,11.717635735847276,140.85746594831755,21.368985259067816,11.698124246225378,11.666482865517121,197.30869405497512,554.2246206165121,True
41,41000,incremental,0.0225660424159742,0.0032742155525238748,0.010845432071502544,0.03137789904502047,0.03845963041051718,0.002592087312414734,0.014893959051160612,0.0504774897680764,0.009308563056044671,11.768111067846435,150.14177245676296,22.807696231029116,11.657717542495893,11.665571101545508,208.04086839967994,0.0,False
42,42000,incremental,0.015192582025677604,0.0024251069900142657,0.006420138569766445,0.02282453637660485,0.029434141702330004,0.002282453637660485,0.010297506660243719,0.04136947218259629,0.0062687397068732,11.730194310406034,143.84096156263777,19.891896346027963,11.657111071651864,11.677408867422425,198.79757215814604,0.0,False
43,43000,incremental,0.02697326288824848,0.003746397694524496,0.014563306700277083,0.037463976945244955,0.042053683588265715,0.0032420749279538905,0.018815327025379636,0.06195965417867435,0.01521406105272907,11.753768013400903,137.36239387913443,20.787519433480146,11.657041182798478,11.663981247786449,193.2247037566004,0.0,False
44,44000,incremental,0.024053554939981535,0.0033240997229916905,0.013881498425975625,0.0332409972299169,0.03850415512465374,0.002839335180055402,0.017931382822615013,0.054016620498614956,0.015944418748484682,11.738079104152769,146.2350845613126,21.176158663484614,11.65696681679207,11.676150476230829,202.48243962197287,0.0,False
45,45000,incremental,0.0216793893129771,0.00366412213740458,0.012128611272816793,0.0366412213740458,0.03773237539290526,0.002977099236641222,0.016445627210144035,0.05648854961832061,0.015567608654485029,11.828700098318045,137.97713394114035,19.53901009956252,11.675873853610186,11.665441336142223,192.68615932877333,0.0,False
46,46000,incremental,0.026795977011494252,0.004597701149425287,0.01520788330791526,0.041666666666666664,0.04503512132822477,0.0035919540229885057,0.020213103218843675,0.06465517241379311,0.01591407650928442,11.784302382676984,135.0199947437493,21.994907572023617,11.655964298581262,11.664943422234202,192.12011241926535,0.0,False
47,47000,incremental,0.02170316301703163,0.0027737226277372265,0.010829236877471737,0.027737226277372264,0.03854014598540146,0.0027007299270072993,0.01563125947248755,0.052554744525547446,0.010897379777800559,11.73357858125397,145.1063157201903,19.875597999395588,11.658200939953373,11.666474951836994,200.0401681926302,0.0,False
48,48000,incremental,0.02203428055931439,0.0029769959404600814,0.010894805277286815,0.029769959404600813,0.03759585024808299,0.002571041948579161,0.01497782797200713,0.05006765899864682,0.010700142485523114,11.764582987976516,153.66196519409243,19.96053864285717,11.663362922964549,11.66594722867495,208.71639697656562,0.0,False
49,49000,incremental,0.012002986012887002,0.0021216407355021216,0.007533848316090148,0.018387553041018388,0.029757975797579758,0.002333804809052334,0.012280417201370651,0.042432814710042434,0.009929976283250265,11.767146060819023,143.83455387176335,23.66534110409546,11.657801297436377,11.664184880771922,202.58902721488613,0.0,False
50,50000,incremental,0.022987733443594515,0.003907380607814761,0.012733780807424292,0.0361794500723589,0.03913473164558548,0.003256150506512301,0.01731970941590752,0.060781476121562955,0.013980624468184561,11.743275897084516,144.55875080921638,20.70686452987011,11.656988114974038,11.667358853771278,200.3332382049163,0.0,False
51,51000,incremental,0.019515669515669513,0.0029914529914529917,0.009899901435788618,0.02849002849002849,0.037274453941120604,0.002991452991452992,0.014797336576042004,0.05555555555555555,0.010985351616718873,11.748760576678688,147.93502437775163,19.49165564577894,11.661360309866629,11.669991232993866,202.50679214306973,0.0,False
52,52000,incremental,0.026763485477178425,0.0037344398340248964,0.014345050860080515,0.034578146611341634,0.041171046565237436,0.0029737206085753806,0.018311799917441317,0.05532503457814661,0.013384519939701524,11.727339782116944,142.62354666779407,20.62864870251181,11.658172858596688,11.667520277616056,198.3052282886356,0.0,False
53,53000,incremental,0.0237225405921681,0.00343839541547278,0.011827261491904594,0.034383954154727794,0.04223864721715725,0.0031518624641833815,0.01689243340674414,0.06017191977077364,0.011831193923050798,11.722717036255492,145.73011946094303,21.256833295478504,11.65719413900694,11.665820866434833,202.03268479811882,0.0,False
54,54000,incremental,0.019419568822553898,0.0035820895522388064,0.010604778991824007,0.034328358208955224,0.03418502724472874,0.0029104477611940297,0.01458167332736897,0.05522388059701493,0.013754971154409719,11.753333070220473,146.18477823169843,19.926691273737877,11.660316070707943,11.664928433626626,201.19004707999133,0.0,False
55,55000,incremental,0.015224586288416078,0.002411347517730497,0.008265753408639267,0.024113475177304965,0.025048969942586968,0.0020567375886524825,0.011182184784059048,0.04113475177304964,0.009186929280796615,11.735270176617755,149.7533569560054,22.08549252424863,11.656024561173053,11.666359136424179,206.896503354469,0.0,False
56,56000,incremental,0.01995912806539509,0.0027247956403269754,0.010977659791155937,0.025885558583106268,0.031893084209160504,0.0025204359673024522,0.014526996858891975,0.047683923705722074,0.010633023894152955,11.771318288339092,147.40905168734824,19.611875525517643,11.657100547938018,11.666270050692331,202.11561609983534,0.0,False
57,57000,incremental,0.0192796828338997,0.002945113788487283,0.011481198235948726,0.028112449799196786,0.03841242294466958,0.002878179384203481,0.01662491301228706,0.05488621151271754,0.014201300351940062,11.76277841748348,147.0010087935049,24.133196658499347,11.657356367688818,11.667810814035631,206.22215105121214,0.0,False
58,58000,incremental,0.0237924192665572,0.003448275862068966,0.01458622387462567,0.033045977011494254,0.03552613574165298,0.0025862068965517245,0.017917799372027768,0.04885057471264368,0.01566985840966304,11.765150796802516,144.7776152160088,20.165600600674168,11.69621107270473,11.68485678558831,200.08943447177853,0.0,False
59,59000,incremental,0.019936017478152306,0.0026685393258426963,0.011342729094825017,0.026685393258426966,0.03661438826466916,0.0025983146067415732,0.01597905019155443,0.04915730337078652,0.012513131742312179,11.820743220331693,147.0249762103009,20.517597937448965,11.698300849098327,11.712485968805655,202.77410418598552,0.0,False
60,60000,incremental,0.02532588454376164,0.0037709497206703914,0.0157495522281506,0.036312849162011177,0.04102653631284916,0.0030027932960893853,0.01982401772810575,0.055865921787709494,0.01721562608185487,11.802697617002353,146.46219853365477,21.731460690515778,11.706757420843275,11.665616398547767,203.36873066056395,561.1726331010858,True
61,61000,incremental,0.029121138540402,0.004107648725212465,0.01562590379368751,0.039660056657223795,0.04595474167003913,0.00339943342776204,0.020398919781067247,0.06232294617563739,0.014833500080531277,11.769829074222486,146.48546939388663,20.7629570656339,11.656460798708732,11.66398874307556,202.3387050755273,0.0,False
62,62000,incremental,0.020550377274744784,0.002529960053262317,0.011928658063873826,0.023968042609853527,0.031358189081225035,0.0020639147802929427,0.014907010636997118,0.03861517976031957,0.011261912605992535,11.753696089673513,142.48756458156916,22.54735310256231,11.67696846382342,11.668480926433494,200.1340631640619,0.0,False
63,63000,incremental,0.02064612751390672,0.0026957637997432602,0.011340522298357613,0.026957637997432605,0.035665382969619165,0.002374839537869063,0.015371357129919676,0.04621309370988447,0.012022886331955274,11.792039626193004,152.24292656077117,21.64008269072565,11.659230368461088,11.667407965208417,209.00168721135933,0.0,False
64,64000,incremental,0.020013123359580054,0.0030183727034120734,0.012200232367254928,0.027559055118110236,0.039960629921259844,0.002887139107611549,0.017380804669275007,0.05511811023622047,0.01413273858500084,11.71546859968578,148.3008996771354,20.13517013770526,11.658625896901476,11.666651374267477,203.47681568569539,0.0,False
65,65000,incremental,0.029540839719656774,0.004126547455295736,0.016425480223553255,0.04126547455295736,0.04662016113185301,0.0034387895460797797,0.02129475239559908,0.0687757909215956,0.018736148056885983,11.768474933645038,149.66402687402632,20.814755211064767,11.656225524039193,11.666365314291424,205.56984785706678,0.0,False
66,66000,incremental,0.02899636693914623,0.0035422343324250684,0.012903209051497645,0.035422343324250684,0.04504995458673932,0.0029972752043596735,0.017459456192004747,0.05994550408719346,0.0101619854618817,11.763460971273009,146.67650728915524,22.235642106528328,11.657525316795258,11.666192011726418,203.99932769547826,0.0,False
67,67000,incremental,0.020577179992301246,0.0032810271041369475,0.009669096407038688,0.028530670470756064,0.03142053302538324,0.002567760342368046,0.012733599074100026,0.0442225392296719,0.008303000878733025,11.745750687710416,147.5366396679941,20.403626402850165,11.65763887047734,11.666159666256364,203.0098152952884,0.0,False
68,68000,incremental,0.028016897816036983,0.004304160688665711,0.013168507378569193,0.03730272596843615,0.0441233403930678,0.0033715925394548064,0.017497458305569723,0.058823529411764705,0.013902231510868262,11.74881156906088,145.6681748591409,20.06212559621176,11.663817319342712,11.67020146305639,200.81313080681264,0.0,False
69,69000,incremental,0.016883116883116882,0.002886002886002886,0.010231463748395501,0.027417027417027416,0.03696488696488696,0.0027417027417027417,0.015528703061086394,0.05339105339105339,0.012474043175797563,11.76471311023497,151.2915388270121,22.978820487119105,11.658058249021385,11.667173433770744,209.3603041071583,0.0,False
70,70000,incremental,0.024808978032473734,0.003868194842406877,0.014509348961729621,0.03868194842406877,0.03793255455146573,0.0030085959885386812,0.018186464692754624,0.05730659025787966,0.01686524081580279,11.749201189202585,142.2376304335421,20.3405625316469,11.660247994833146,11.670014890306085,197.65765703953082,0.0,False
71,71000,incremental,0.026547151960375097,0.003443526170798898,0.0120371475116531,0.03443526170798898,0.04518810696496647,0.0028236914600550966,0.01680757341400929,0.05509641873278237,0.01155688179122281,11.746197871115305,148.80154673329454,20.438474826842135,11.65832532821695,11.66796027923106,204.3125050387,0.0,False
72,72000,incremental,0.025915750915750917,0.003571428571428572,0.011736143426098827,0.03571428571428571,0.04629120879120879,0.0029532967032967036,0.017126296337678145,0.059065934065934064,0.010541557038809787,11.735599238713036,150.88177139756937,21.494646725982168,11.65728141904257,11.666547143861921,207.43584592516905,0.0,False
73,73000,incremental,0.023199445983379502,0.0033240997229916905,0.012863521054612758,0.03185595567867036,0.03755771006463527,0.002562326869806094,0.016604734429431573,0.04847645429362881,0.01291308914231352,11.753203682560166,145.74779261612366,22.17702659396484,11.65751030887327,11.667963438995177,203.00349664051708,0.0,False
74,74000,incremental,0.022808285163776493,0.0036127167630057803,0.01305013053732841,0.031791907514450865,0.037085794744754284,0.002890173410404624,0.01695639463603418,0.05057803468208093,0.012814837613565668,11.782674091437295,154.25649643903762,20.524055511266653,11.65611601542521,11.666137790494746,209.88547984766151,0.0,False
75,75000,incremental,0.02261574074074074,0.0030555555555555557,0.01415934576649424,0.030555555555555555,0.03476851851851852,0.0025000000000000005,0.01769972709188469,0.04861111111111111,0.014397100380556263,11.756682466831231,149.0213156286127,21.931691325152713,11.660586463624334,11.66463462244985,206.03491050667083,0.0,False
76,76000,incremental,0.019696969696969695,0.0027417027417027417,0.011517225855329353,0.027417027417027416,0.036411736411736416,0.0024531024531024535,0.015994348444457056,0.049062049062049064,0.012601188081834887,11.752622816694341,146.91349725757044,21.998541056306166,11.660414484193637,11.666192415320243,203.99126803008483,0.0,False
77,77000,incremental,0.023418090062111804,0.0031249999999999997,0.01319970210360133,0.03125,0.04392468944099379,0.0028532608695652174,0.018634188353499954,0.05298913043478261,0.013404943442107764,11.750382452761777,148.02661440822817,21.023103284823623,11.658070826738031,11.66717720575347,204.12534817830507,0.0,False
78,78000,incremental,0.023843011184783332,0.003375527426160338,0.012176406794155669,0.03234880450070324,0.04001741343513495,0.0028129395218002813,0.0165458658899952,0.05485232067510549,0.01214686626079031,11.767485638487091,147.89440151534438,23.557904009156168,11.657687674162393,11.668774679320093,206.54625351647013,0.0,False
79,79000,incremental,0.0187966537966538,0.0029729729729729734,0.011999174147634089,0.02837837837837838,0.03242277992277992,0.0022972972972972977,0.015485280039644504,0.0445945945945946,0.013364866975548093,11.770952914845479,146.1221037360981,22.45050910105323,11.658717513390176,11.667969270573453,203.67025253596043,0.0,False
80,80000,incremental,0.021100395151028063,0.0032348804500703233,0.011132034443948882,0.029535864978902954,0.0400564820396044,0.0029535864978902956,0.016345778831358557,0.053445850914205346,0.013115691543961586,11.73288508760778,145.69053600695102,21.898054288031766,11.703645177947585,11.667433190015036,202.69255375055317,556.5474178813416,True
81,81000,incremental,0.030049151027703305,0.004155495978552279,0.01577391189824625,0.040214477211796246,0.058310991957104555,0.003887399463806971,0.023223538150273264,0.07640750670241286,0.0160151527329106,11.81784298399588,146.59382472177046,20.479324832949064,11.6575024517937,11.66727787163882,202.21577286214793,0.0,False
82,82000,incremental,0.03111040876527602,0.004572271386430679,0.014776787043473578,0.045722713864306784,0.04754530130636326,0.003539823008849558,0.019421000107218155,0.06784660766961652,0.013551700499459344,11.746984463961718,147.219749049559,24.64446114321117,11.653360963190252,11.665630325719684,206.93018594564182,0.0,False
83,83000,incremental,0.02358688630490956,0.004069767441860465,0.014330383046283425,0.03924418604651163,0.03569928940568475,0.002834302325581395,0.01752877374842567,0.055232558139534885,0.01666282384026642,11.77464524826019,151.96905166141653,21.36117589184028,11.662042248988119,11.674470106842055,208.44138515734716,0.0,False
84,84000,incremental,0.02123507805325987,0.0028925619834710746,0.010188396594295782,0.028925619834710745,0.042355371900826444,0.0028236914600550966,0.01588963718047892,0.05371900826446281,0.01011917276741497,11.724361366417108,151.6024820417128,22.342138083292912,11.658458141092233,11.667089538303783,208.99452917081882,0.0,False
85,85000,incremental,0.027095516569200777,0.003508771929824562,0.013621744492585412,0.03508771929824561,0.04045298431263344,0.0029239766081871343,0.017456641070355404,0.05555555555555555,0.012137329769961076,11.75731576437064,152.3451395367553,22.206383629742867,11.657596173272195,11.667767195883139,209.63420230002416,0.0,False
86,86000,incremental,0.017948717948717947,0.002387267904509284,0.009956990010685927,0.023872679045092837,0.028416698244284447,0.0019230769230769234,0.012818959329591817,0.03713527851458886,0.008946044493301228,11.76982641101082,145.64884542348986,21.26273957982899,11.657904475603775,11.667207011466923,202.0065229014004,0.0,False
87,87000,incremental,0.025687645687645682,0.0032167832167832163,0.012859661487888228,0.032167832167832165,0.03955710955710955,0.0025174825174825175,0.01650842750346966,0.05034965034965035,0.011154327268878352,11.779819428143352,152.13853673043747,20.427734920728387,11.656964333372349,11.667582687283767,207.67063809996532,0.0,False
88,88000,incremental,0.020804755372656608,0.003292181069958848,0.011234846357919591,0.03292181069958848,0.043586660253326914,0.003292181069958848,0.017339797779469344,0.06172839506172839,0.012581848133326683,11.77212590107793,149.44683638378962,22.493102258599322,11.657227121233266,11.667485210874878,207.03677687557501,0.0,False
89,89000,incremental,0.024619538537064313,0.003681885125184094,0.016117309442304287,0.033873343151693665,0.04042709867452136,0.003019145802650957,0.02047242902305182,0.054491899852724596,0.01770255379887784,11.833648854899653,150.75242301646614,21.952163255189312,11.657524693418909,11.666880761727894,207.8626405817019,0.0,False
90,90000,incremental,0.022104018912529548,0.003404255319148936,0.01399429759881552,0.031205673758865248,0.038628841607565016,0.0028368794326241137,0.018591431629867025,0.05390070921985816,0.01634754834856936,11.766312094964315,149.67384466614553,22.21150479848541,11.657288788921583,11.666838043725146,206.97578839224198,0.0,False
91,91000,incremental,0.02792853912256897,0.003663500678426052,0.014269381841980814,0.036635006784260515,0.045083026426310006,0.0029850746268656717,0.0187156749200647,0.05834464043419267,0.01387035944378699,11.761501499788634,147.10985771441975,21.140666079246667,11.661643748713674,11.665249302201392,203.33891834437014,0.0,False
92,92000,incremental,0.023795180722891565,0.003748326639892905,0.012389065303256721,0.03748326639892905,0.03949289220373558,0.002945113788487283,0.01641059137249868,0.058902275769745646,0.012990289001765246,11.731214652664635,148.59950195902567,22.898824473219225,11.66051147508465,11.666459370274913,206.55651193026912,0.0,False
93,93000,incremental,0.025022045855379184,0.003174603174603175,0.013146909962457563,0.03042328042328042,0.04311224489795918,0.0027777777777777783,0.017977924281938756,0.05423280423280423,0.011977141874802694,11.742620507834701,147.94408080304189,20.385146305094278,11.657240528758356,11.666123956647484,203.3952121013767,0.0,False
94,94000,incremental,0.021350613915416098,0.0030013642564802184,0.011841388216736295,0.030013642564802184,0.040336516598453845,0.002728512960436562,0.016757785132983757,0.05320600272851296,0.01121535025372894,11.736066699220837,150.46618945899203,21.886319372825536,11.6588271159776,11.66589139738744,207.41329404440344,0.0,False
95,95000,incremental,0.015739484396200817,0.001899592944369064,0.008799177556162614,0.018995929443690638,0.03314272791884732,0.002170963364993216,0.013615041779328253,0.04206241519674356,0.008753726652202188,11.741182564126152,153.72675226418136,22.08147151812681,11.66282846501096,11.667663723940318,210.8798985353856,0.0,False
96,96000,incremental,0.018150983947880988,0.0029619181946403386,0.008892687567288053,0.028208744710860368,0.03834710188729935,0.002891396332863187,0.0143052488181089,0.05218617771509168,0.010903769211430114,11.739629907848299,147.6313724315323,21.820651989516715,11.652166404491766,11.679905217477915,204.52372595086698,0.0,False
97,97000,incremental,0.016982836495031618,0.003116531165311653,0.010801172852392514,0.03116531165311653,0.0317750677506775,0.0025745257452574524,0.0147400039506242,0.05013550135501355,0.013930922461529827,11.75658756073089,148.82034962357753,20.345685726938513,11.656299309159568,11.665627046953537,204.24454926736004,0.0,False
98,98000,incremental,0.026627317593704146,0.004201680672268907,0.014876368800368857,0.0392156862745098,0.04238362011471255,0.0032212885154061627,0.019202640090456562,0.06022408963585434,0.015251586031368532,11.793530399359376,140.08718369824467,20.55902938758597,11.659424378133998,11.665517901909839,195.76468576523388,0.0,False
99,99000,incremental,0.01746880570409982,0.00267379679144385,0.008587885540786776,0.02540106951871658,0.026983065953654184,0.0021390374331550803,0.011310811247437704,0.03877005347593583,0.00973839112384004,11.792660913050035,147.80826753345994,20.19211481460448,11.662678819971545,11.66663288007172,203.12235496115773,0.0,False
100,100000,incremental,0.021027786718163285,0.003347280334728034,0.011801646161034227,0.03347280334728033,0.03857776347316096,0.002719665271966527,0.01635613810980545,0.05439330543933055,0.013062875752164194,11.78771535848,150.2366833847947,20.780472645486743,11.70910976525108,11.667049836055348,206.18103099006788,590.0739352296575,True
101,101000,incremental,0.015641711229946523,0.0021390374331550803,0.008387496517147848,0.0213903743315508,0.036085115864527624,0.0024064171122994654,0.013776798094352132,0.04679144385026738,0.009205141883046638,11.741067854773025,148.62591674031853,21.084718039073717,11.660482099166286,11.678856492156054,204.79104122548762,0.0,False
102,102000,incremental,0.024807321772639692,0.0034682080924855496,0.013431270155343771,0.03468208092485549,0.04341281310211946,0.003179190751445087,0.018573088572068453,0.06358381502890173,0.013734951452553325,11.75529319775298,161.03147329726147,21.08747640599054,11.675670758035107,11.682021506413676,217.23193516545376,0.0,False
103,103000,incremental,0.019124115509657678,0.002945113788487283,0.010286023422694239,0.02677376171352075,0.042997386370880346,0.0028112449799196793,0.01650468484373105,0.05220883534136546,0.01179023501999617,11.814080716952835,161.3936306845698,20.86451531603875,11.656669077569903,11.6647172285593,217.39361302369065,0.0,False
104,104000,incremental,0.036043747028055156,0.004992867332382311,0.019688025216989403,0.047075606276747506,0.0567284831193533,0.003851640513552069,0.025283203050599095,0.07417974322396577,0.020319445029721814,11.793916538081067,147.9928369901018,21.233657014448763,11.660015539771,11.664308698502296,204.34473478090496,0.0,False
105,105000,incremental,0.016937421552806167,0.0025174825174825175,0.011376591300883972,0.025174825174825177,0.034559799175183786,0.0025874125874125876,0.016202095710897903,0.05034965034965035,0.01518495604674132,11.741837493316892,150.05598198773035,20.100117785075422,11.658009327498304,11.67009066387753,205.2260372574985,0.0,False
106,106000,incremental,0.02344898628084469,0.0038348082595870206,0.014791535818148687,0.038348082595870206,0.033527649014374675,0.0025811209439528023,0.017291603655039834,0.05014749262536873,0.01781898990795125,11.75185787550756,150.8255753786582,21.24659835283163,11.664295734525181,11.66557614001515,207.15390348153772,0.0,False
107,107000,incremental,0.03197278911564626,0.0042176870748299325,0.018354599529141785,0.04217687074829932,0.044897959183673466,0.003061224489795918,0.02187896495241528,0.058503401360544216,0.016835846115558,11.744274832380109,150.01271477212143,22.95436362241207,11.660769808515687,11.671654859372882,208.0437778948022,0.0,False
108,108000,incremental,0.02919991134751773,0.003457446808510639,0.016917536346915778,0.034574468085106384,0.050188386524822694,0.003058510638297872,0.0225512973278063,0.061170212765957445,0.016242227561063603,11.72897421238342,148.8484191216749,21.098285379734378,11.661039553745312,11.682823456583142,205.01954172412115,0.0,False
109,109000,incremental,0.026301369863013697,0.0036986301369863017,0.01269574359938542,0.03561643835616438,0.048447488584474875,0.0034931506849315078,0.018877273639032764,0.06712328767123288,0.012824306108902572,11.713593074520052,151.57125742320045,20.411436824723655,11.669408557936356,11.665196192198884,207.0308920725794,0.0,False
110,110000,incremental,0.01964285714285714,0.0025714285714285713,0.01129095132952154,0.025714285714285714,0.033857142857142856,0.002285714285714286,0.015103031426203471,0.04428571428571428,0.012221840251252015,11.741413156182018,144.88210282459502,23.502426359435503,11.657951263045751,11.66986111961199,203.4537547228703,0.0,False
111,111000,incremental,0.023553579847780694,0.003818953323903819,0.013692870241468313,0.033946251768033946,0.0420590018185492,0.0030410183875530417,0.018567894447943913,0.055162659123055166,0.014390925395157727,11.70351800814165,140.19774461004886,19.633218874156448,11.658096486646258,11.672960350223722,194.86553832921695,0.0,False
112,112000,incremental,0.016118264186933712,0.0024320457796852646,0.009344317487871005,0.022889842632331903,0.03501033222063265,0.0027181688125894137,0.014569557702500426,0.05007153075822604,0.010817177032347311,11.771698264089608,143.30577464939654,19.989555573460272,11.65332435818997,11.678789255016586,198.39914210015297,0.0,False
113,113000,incremental,0.024453551912568303,0.0034277198211624437,0.013581319391056243,0.03278688524590164,0.037605563835072034,0.0026825633383010437,0.017098680966214443,0.05067064083457526,0.012830026666694366,11.766394338304925,146.01418742382978,20.414465955510135,11.657772947426537,11.667224988989172,201.52004565406057,0.0,False
114,114000,incremental,0.02285057471264368,0.0034482758620689655,0.014524008121707408,0.034482758620689655,0.03714942528735632,0.002965517241379311,0.018654406365954432,0.057931034482758624,0.01700781041669266,11.747529750340268,151.87476865897304,21.221283028317885,11.657510330838338,11.667703796389151,208.1687955648587,0.0,False
115,115000,incremental,0.021591970121381886,0.0028011204481792717,0.01161675173501388,0.028011204481792718,0.03112911831399226,0.0021708683473389357,0.014406905761832615,0.04201680672268908,0.010969363003861013,11.753713175577385,151.6724529095001,22.73798229437962,11.664128474916241,11.670898024201959,209.49917487857533,0.0,False
116,116000,incremental,0.026740433379437527,0.0037344398340248964,0.014076893310675265,0.035961272475795295,0.045620101429230064,0.00338865836791148,0.019413965596998525,0.0636237897648686,0.013680902419613674,11.731965577958803,143.1597082550487,26.013757649191728,11.658416987716386,11.668757945018648,204.23260641493428,0.0,False
117,117000,incremental,0.02328771857073744,0.00420899854862119,0.01389071794879245,0.03483309143686502,0.042204022392701636,0.0035558780841799713,0.019102312421868044,0.06095791001451379,0.016234278029483087,11.758446584415882,148.0983812830114,23.95385184554219,11.657795160355949,11.667640289817621,207.13611516314307,0.0,False
118,118000,incremental,0.02211744248261102,0.0037921348314606746,0.011261092792533452,0.03089887640449438,0.041629882289994646,0.0031601123595505617,0.016425159618427478,0.054775280898876406,0.012203715693047188,11.743887611114639,153.47237821357675,22.845621925785682,11.663944864178516,11.660889291713328,211.3867219063689,0.0,False
119,119000,incremental,0.0235910722752828,0.003982930298719772,0.012345671775508148,0.03698435277382646,0.04130088735351894,0.003342816500711238,0.01706554740312673,0.059743954480796585,0.015096843109308483,11.723690290732502,156.5949374895785,20.407444617426272,11.659470307633784,11.66287142130573,212.04841412667682,0.0,False
120,120000,incremental,0.03262066731454486,0.00380952380952381,0.015121472098670203,0.0380952380952381,0.04670229996760609,0.003129251700680272,0.019198195642004846,0.06258503401360545,0.012223960010653633,11.702183901850931,151.0089617657827,21.167079005558058,11.70069784412267,11.670327749003368,207.24925026631772,604.7814228641174,True
121,121000,incremental,0.025726307353235823,0.0035063113604488078,0.013522951274674363,0.03506311360448808,0.04056969211246911,0.002875175315568023,0.017600419422863035,0.0546984572230014,0.012878621034485801,11.798590117028523,153.04817476890705,20.145790333297995,11.663391738681723,11.669708914030519,208.3256558719458,0.0,False
122,122000,incremental,0.02361674783549783,0.004261363636363636,0.013212089987524302,0.03835227272727273,0.04512648809523809,0.003835227272727273,0.019208326617805974,0.06818181818181818,0.015107578032669945,11.75365908979986,152.15229647095805,19.874847590660437,11.658130641644531,11.665396263092765,207.10433005615565,0.0,False
123,123000,incremental,0.020075295075295076,0.0029914529914529917,0.010072196301609168,0.029914529914529916,0.0356023606023606,0.0027065527065527066,0.014430854871587732,0.05128205128205128,0.010073540589073388,11.765622467446029,152.3607253939539,21.58865262091511,11.657570331388007,11.667719804656778,209.04029061835982,0.0,False
124,124000,incremental,0.02079265457926546,0.002789400278940028,0.010312643405495588,0.026499302649930265,0.037645281264528124,0.002580195258019526,0.014955252098612575,0.0502092050209205,0.009439333125648656,11.731050450516229,148.83276241330415,20.83835596939157,11.6586008413605,11.68465243529121,204.74542210986365,0.0,False
125,125000,incremental,0.01877610693400167,0.0029239766081871343,0.009736008139640673,0.027777777777777776,0.03985310498468393,0.0027046783625730994,0.015166294699098614,0.05116959064327485,0.010891674625312122,11.720986235100316,155.97400123753755,20.905756226794608,11.674835289087609,11.712229772021383,211.98780876054147,0.0,False
126,126000,incremental,0.021162932479804906,0.003155006858710563,0.010189163302444635,0.03155006858710562,0.03578505018834237,0.002674897119341564,0.014198182668310485,0.05212620027434842,0.010614490713931399,11.7604061296607,164.52108636178312,20.75086363822337,11.65607730666332,11.662052106630599,220.3504855429611,0.0,False
127,127000,incremental,0.022366030881017254,0.0029972752043596735,0.011802247542909811,0.02997275204359673,0.03399182561307902,0.0025204359673024522,0.015157212671994517,0.047683923705722074,0.010657599445234103,11.71687049495232,153.33307449408306,22.458694090732312,11.65909966220971,11.66702315857568,210.8347619005531,0.0,False
128,128000,incremental,0.023760330578512397,0.0027548209366391185,0.011917588128490744,0.027548209366391185,0.048840679522497696,0.0030303030303030307,0.018510590056654775,0.06060606060606061,0.010911223921036372,11.73825428837233,156.37612813704584,21.945114874914047,11.659334601083621,11.668548602298406,213.38738050371427,0.0,False
129,129000,incremental,0.026503844414292172,0.003663500678426052,0.01297490455004436,0.035278154681139755,0.039135491374297345,0.002645861601085482,0.01623760642813126,0.051560379918588875,0.011037920297805785,11.771051256811994,150.06482154239845,21.84744999423477,11.656723010750742,11.670088850369853,207.01013465456583,0.0,False
130,130000,incremental,0.03137767061817695,0.004641350210970464,0.015391725647650808,0.04360056258790436,0.04825530774897863,0.0036568213783403653,0.020139607741686584,0.06891701828410689,0.014710974304741862,11.785157593535711,150.07865387074716,24.538007346492503,11.656097130514215,11.663858811315764,209.72177475260534,0.0,False
131,131000,incremental,0.026535303776683086,0.004,0.01678925364928367,0.03586206896551724,0.04233169129720854,0.0031724137931034486,0.02110905694071455,0.057931034482758624,0.019994548018675274,11.701765139593423,151.4774691293054,20.404515775496872,11.658913089272055,11.668524423968929,206.91118755763668,0.0,False
132,132000,incremental,0.016951161688003792,0.0025604551920341396,0.008613282501489832,0.025604551920341393,0.04400189663347558,0.003271692745376957,0.016008476466534517,0.06401137980085349,0.010768767115516342,11.742979303539652,152.53074549110775,22.350096162620375,11.659042881910498,11.675123682639704,209.95798752181796,0.0,False
133,133000,incremental,0.03317652329749104,0.004301075268817204,0.019290836587079824,0.041666666666666664,0.04522849462365591,0.0031586021505376344,0.022630660887833914,0.05779569892473118,0.019525367106012267,11.774865549978031,142.85346083547924,19.9925995901587,11.657721277834321,11.695372637014062,197.97401989046438,0.0,False
134,134000,incremental,0.022584049449721092,0.0031207598371777476,0.010665704097541872,0.031207598371777476,0.034795718377807934,0.002306648575305292,0.01386521444349413,0.04477611940298507,0.00972748515228908,11.732590497644246,149.03764696417437,20.394717825555908,11.655728277527865,11.671054650535389,204.49173821543778,0.0,False
135,135000,incremental,0.029730484569194245,0.00469208211143695,0.017854194668288505,0.04398826979472141,0.05150467811758134,0.003958944281524927,0.0238452555048128,0.0718475073313783,0.019926252981690006,11.760122601782442,151.63044208394567,21.270112880479587,11.65900937822456,11.669257001939437,207.9889439463717,0.0,False
136,136000,incremental,0.023274231678486995,0.0034042553191489366,0.012317851863926014,0.03404255319148936,0.04521445457615671,0.003262411347517731,0.018329018014273953,0.059574468085106386,0.012768165494270494,11.775612380686418,154.6191378134637,20.79969778159829,11.658047243040537,11.671642988826669,210.52413820761564,0.0,False
137,137000,incremental,0.02170518029456577,0.0036312849162011174,0.012422168560496329,0.034916201117318434,0.036719146775012694,0.0029329608938547485,0.016509932300378213,0.055865921787709494,0.013265604130693552,11.755639914338978,154.42266209930028,21.657791590981578,11.657707725890031,11.666839475087121,211.160640805598,0.0,False
138,138000,incremental,0.017251872659176028,0.0028089887640449437,0.008767360029578123,0.026685393258426966,0.03340355805243446,0.0022471910112359553,0.012888204826622921,0.04353932584269663,0.008945862374861488,11.779102690935572,153.42247461132968,20.8682647418329,11.656510561210142,11.669367744153448,209.39572034946173,0.0,False
139,139000,incremental,0.023276676109537296,0.0035410764872521247,0.013603870458694725,0.03541076487252125,0.03814919735599622,0.0025495750708215297,0.01734568956042395,0.05099150141643059,0.013719599238460129,11.758182626150916,153.31762481196608,22.666451829751743,11.656845669533178,11.670193244876781,211.0692981822787,0.0,False
140,140000,incremental,0.024211711711711707,0.003378378378378379,0.01080231378403208,0.033783783783783786,0.03978120978120978,0.002702702702702703,0.01484284645629404,0.05405405405405406,0.009770926992289222,11.75478838332661,152.11010146328613,23.29279722315669,11.701009900617898,11.667521007854841,210.52621797824216,606.7928483439525,True
141,141000,incremental,0.023726947426369396,0.0036127167630057803,0.011150919507639696,0.036127167630057806,0.043526355628956785,0.003540462427745665,0.016845246324372228,0.06502890173410404,0.011080442306003338,11.783590150533929,146.53127384409854,20.268890354731283,11.662324389254131,11.671941441512846,201.91802018013072,0.0,False
142,142000,incremental,0.03750942103460089,0.005035971223021582,0.021535738484498967,0.04892086330935252,0.054861253854059606,0.0038848920863309355,0.026305312428064453,0.07338129496402877,0.019166514643216875,11.702269509430984,154.3711278932866,20.167240910431982,11.658239122358527,11.66544161357308,209.56431904908118,0.0,False
143,143000,incremental,0.025570613409415122,0.0037089871611982878,0.013001842987236339,0.03566333808844508,0.0413813599619591,0.003067047075606277,0.017303687013850804,0.05563480741797432,0.013268971937040108,11.772550676809878,155.69308450846114,21.126345970907956,11.658405479002266,11.670295581439616,211.92068221662083,0.0,False
144,144000,incremental,0.03110162432319866,0.004956268221574345,0.015421611285306502,0.043731778425655975,0.043676246008607526,0.0035714285714285718,0.01907377227946818,0.061224489795918366,0.015252723126361306,11.775737765784555,148.94895180139756,20.41644954296068,11.661020762714081,11.662968614559176,204.46512848741605,0.0,False
145,145000,incremental,0.029081400636653022,0.004502046384720327,0.015670704094976444,0.040927694406548434,0.04181446111869031,0.0032060027285129604,0.01930885886989516,0.06002728512960437,0.014818652860131749,11.72795567883772,154.65260670403242,22.88311477997157,11.656917640066878,11.668257165677042,212.58885196858563,0.0,False
146,146000,incremental,0.02722222222222222,0.004,0.014238728623604998,0.036,0.05275555555555555,0.0036666666666666666,0.02089586420765104,0.068,0.014383206439243592,11.747936825720618,147.24829207649753,20.32288772493146,11.653474770410844,11.66895127026335,202.64154266782378,0.0,False
147,147000,incremental,0.02750429754649164,0.00379746835443038,0.015569252317425307,0.03234880450070324,0.04535864978902954,0.003023909985935303,0.020216658590610802,0.053445850914205346,0.015354910488710176,11.704369529005888,143.0093744601013,20.710473551219245,11.670769080408816,11.685063853808519,198.78005047454374,0.0,False
148,148000,incremental,0.018101386896221903,0.00272596843615495,0.011063039085248295,0.027259684361549498,0.028311812529890002,0.002223816355810617,0.013919894307488192,0.04447632711621234,0.01188794571902629,11.74040684650407,145.81062588444465,20.656352877436447,11.667134689703762,11.706178729906092,201.58069902799502,0.0,False
149,149000,incremental,0.020593869731800763,0.0033045977011494252,0.009754876383280112,0.03017241379310345,0.03244731800766283,0.002658045977011494,0.013183352265353152,0.04741379310344827,0.009020665950579475,11.722845089906508,151.1276787595564,19.895240630118938,11.657884081930913,11.664978396247472,206.06862695776024,0.0,False
150,150000,incremental,0.033915574963609904,0.0045123726346433775,0.019886758992627155,0.042212518195050945,0.054451722464822896,0.0038573508005822423,0.025487608678946047,0.07132459970887918,0.019110020575200993,11.700841481707137,142.8935189648761,20.024015255352968,11.660116284693823,11.67166246759943,197.95015445422945,0.0,False
151,151000,incremental,0.02394198763670946,0.0032810271041369475,0.012837667881514192,0.03281027104136947,0.041155492154065616,0.0027817403708987162,0.017375734504094516,0.052781740370898715,0.012081489638539937,11.712873165460602,139.75945214163983,20.34405165540071,11.658228930559734,11.668186821432725,195.1427927144936,0.0,False
152,152000,incremental,0.026488358384910107,0.0034482758620689663,0.013770359408081074,0.03183023872679045,0.04476127320954907,0.003116710875331565,0.01869289946804285,0.054376657824933686,0.012708242786422318,11.757726995492712,144.78832464300677,20.65524028001947,11.65716023946578,11.67129009799206,200.5297422559768,0.0,False
153,153000,incremental,0.02183515482695811,0.0035519125683060116,0.01374938381342852,0.03551912568306011,0.040095628415300545,0.0029371584699453557,0.01873715104500064,0.056010928961748634,0.016140562073922476,11.735979304566824,143.1488651674126,23.412128719264846,11.659910721890931,11.673832875376544,201.63071678851173,0.0,False
154,154000,incremental,0.022708333333333334,0.003382352941176471,0.009940240857627014,0.033823529411764704,0.04021518166089966,0.0029411764705882353,0.014712756859213093,0.05588235294117647,0.009801496681903256,11.716443845018187,153.85704986212167,24.47939748824457,11.658186688162653,11.666074671054517,213.3771525546016,0.0,False
155,155000,incremental,0.02783798972382787,0.004479768786127168,0.012563016055959803,0.04190751445086705,0.03458172768143867,0.002890173410404624,0.014595471225452683,0.05491329479768786,0.013076934493969516,11.730127453556117,148.80039865695915,20.59919793556686,11.654049424526802,11.664978206038512,204.44875167664742,0.0,False
156,156000,incremental,0.017433489827856027,0.0029577464788732404,0.008835116611109594,0.02676056338028169,0.030545495193382517,0.0024647887323943664,0.01242279650599798,0.04647887323943662,0.01050569591433194,11.717133826263936,142.26352842847817,27.725239537618187,11.65758004057632,11.668971367888304,205.0324532008249,0.0,False
157,157000,incremental,0.020273870929847608,0.0034985422740524785,0.011598469858176185,0.03206997084548105,0.03808927547994604,0.003206997084548105,0.016575180646847903,0.056851311953352766,0.012433440385335429,11.737592788448048,158.12264414617056,20.37791759525176,11.65717406761968,11.668820113837352,213.5641487113274,0.0,False
158,158000,incremental,0.02956798756798757,0.0048951048951048955,0.014684131587275245,0.043356643356643354,0.046710178710178706,0.003846153846153847,0.01931284480903348,0.06573426573426573,0.014967794665612325,11.735509903784692,154.10038345888,21.36328035429874,11.657366081566089,11.671186738441975,210.52772653697153,0.0,False
159,159000,incremental,0.024445570190251037,0.004113475177304965,0.013378471882564495,0.032624113475177303,0.03713272543059777,0.0030496453900709223,0.01686878907783495,0.05106382978723404,0.013620086106088346,11.800908029810376,153.6680424741102,20.083901721278107,11.664588883304738,11.665166506233394,208.8826076147368,0.0,False
160,160000,incremental,0.022843392676219425,0.0039513677811550164,0.012329204489068653,0.0364741641337386,0.038619916051526995,0.003115501519756839,0.016607209668722044,0.057750759878419454,0.014779405413903896,11.751088789875574,157.76217336152533,24.570975075098588,11.704195056964906,11.67786943043897,217.4663017139034,674.7929151326715,True
161,161000,incremental,0.02180173012911957,0.003851640513552069,0.013479612475141204,0.03566333808844508,0.034377498393190264,0.0029957203994293866,0.017032936593855626,0.05135520684736091,0.015124487574558901,11.782043113840734,155.42266913994712,23.554549021143067,11.659714999424919,11.675813736622409,214.09479001097824,0.0,False
162,162000,incremental,0.02618697993147332,0.0038179148311306903,0.012401145615223035,0.03671071953010279,0.043773162715893994,0.003303964757709251,0.017375772515621356,0.0631424375917768,0.013046892802863124,11.765663107003721,158.41864064293497,21.61253246404232,11.656115737244955,11.668296588621118,215.1212485398471,0.0,False
163,163000,incremental,0.025442372070779533,0.0040172166427546625,0.012562351455592142,0.03873744619799139,0.03910808225729316,0.003443328550932568,0.016558315107810574,0.058823529411764705,0.011877136556212293,11.732957238053121,154.73221993014124,21.430445042949774,11.653702331165805,11.670702630840745,211.2200271731507,0.0,False
164,164000,incremental,0.025968188105117564,0.0035961272475795304,0.015115654762989341,0.035961272475795295,0.03661825726141079,0.0024896265560165978,0.017865250527041274,0.048409405255878286,0.01452163153953938,11.732411654766238,160.1334102241392,21.688415864924703,11.657503500545063,11.66995019861311,216.8816914429883,0.0,False
165,165000,incremental,0.027194179172351063,0.0035470668485675307,0.015292714713156167,0.03547066848567531,0.049477035015916326,0.0032060027285129604,0.021240172146015878,0.06002728512960437,0.015979764290493765,11.758563658391397,147.96707737133735,21.065935878111787,11.666262770292091,11.675048714271385,204.13288839240403,0.0,False
166,166000,incremental,0.031061692969870873,0.004447632711621234,0.01349171985143314,0.04160688665710186,0.04378287900526064,0.0032281205164992827,0.01696586161177765,0.058823529411764705,0.011041737884498323,11.715004145131102,154.22899986031885,20.504534479791335,11.660614062457276,11.665151098461113,209.7743036461597,0.0,False
167,167000,incremental,0.026527385163031852,0.004258675078864353,0.013906928375978695,0.04258675078864353,0.04737107442154761,0.003943217665615142,0.01973721764075325,0.06782334384858044,0.016023014677437428,11.76027480713493,158.3443542906987,21.708012471068074,11.659363394138367,11.667368682348467,215.13937364538856,0.0,False
168,168000,incremental,0.023044692737430168,0.002793296089385475,0.012595901058508973,0.027932960893854747,0.04248137802607076,0.002793296089385475,0.017969224899103534,0.05307262569832402,0.012272257637213013,11.786654708544065,151.22886675408148,25.86339284660344,11.659094436559936,11.68925190980774,212.22726065559667,0.0,False
169,169000,incremental,0.029160419790104947,0.004347826086956523,0.015472154042728045,0.041979010494752625,0.04786535303776683,0.0035982008995502253,0.02065851264012912,0.06746626686656672,0.014358526322532709,11.718217168013577,144.46698389988106,20.712210321072178,11.661657316225371,11.666110401056805,200.225179106249,0.0,False
170,170000,incremental,0.017468659676009947,0.003448275862068966,0.009888952074152217,0.028735632183908046,0.027482019224305976,0.002514367816091954,0.01253049239816884,0.04310344827586207,0.011258750867216758,11.731227160916013,147.46662583255826,22.765000502626698,11.676518135272929,11.685765660435221,205.32513729180909,0.0,False
171,171000,incremental,0.017515585621435202,0.002785515320334262,0.009483130163401897,0.026462395543175487,0.027695980899323517,0.0022284122562674096,0.012434870290528742,0.04317548746518106,0.010634151313939941,11.76919218069672,159.88738226122013,20.755731046241678,11.665022386697643,11.677070453575134,215.75439832843134,0.0,False
172,172000,incremental,0.021300044984255508,0.00310391363022942,0.012132299060651514,0.0310391363022942,0.03513270355375618,0.0023616734143049934,0.015810476507237926,0.04588394062078273,0.011942925297295385,11.83146238641769,141.95698062694635,20.479896088096417,11.660744813672686,11.671158150566852,197.60024206569997,0.0,False
173,173000,incremental,0.022810394748984865,0.0034883720930232558,0.011875499195049124,0.03488372093023256,0.041242444167589515,0.0030523255813953484,0.016636171028531037,0.055232558139534885,0.01168934484063588,11.724775539088961,141.40804726707478,19.942336261263847,11.655217510737891,11.664801441435557,196.39517801960102,0.0,False
174,174000,incremental,0.022913543228385805,0.0035982008995502253,0.01313970732182617,0.034482758620689655,0.04345327336331834,0.0031484257871064476,0.018608467328188275,0.05997001499250375,0.014513380696001462,11.69517178328805,143.34850187858876,20.699764103945807,11.658338585296413,11.66762932964388,199.0694056807629,0.0,False
175,175000,incremental,0.025491540923639693,0.003292181069958848,0.012274268633379484,0.03292181069958848,0.04663923182441701,0.0032235939643347057,0.018086664062034602,0.06310013717421124,0.010898146745367375,11.76684035037595,142.70551816029237,23.089470389314748,11.653611294015764,11.672286082377303,200.88772627637616,0.0,False
176,176000,incremental,0.023840005418952787,0.0032716927453769556,0.010923787207356508,0.032716927453769556,0.04113662534715166,0.002844950213371266,0.015534385147859741,0.05405405405405406,0.00938226699184822,11.714945341051441,145.48498853379084,20.656488070661116,11.657761225136731,11.667991053308791,201.18217422394892,0.0,False
177,177000,incremental,0.023459485686559922,0.003493449781659389,0.014980294296424654,0.034934497816593885,0.03745754488112566,0.003129548762736536,0.01912165064593609,0.05822416302765648,0.01669944883726029,11.706351435977759,141.79171516814915,21.540034319637858,11.652784450540132,11.669631756854038,198.36051713115896,0.0,False
178,178000,incremental,0.018190411373260735,0.0035919540229885057,0.013087716725106805,0.03017241379310345,0.0328391020655086,0.0028735632183908046,0.016980745642089217,0.04885057471264368,0.016390356530442737,11.73313362107936,149.65357908752753,20.680902681161072,11.655170037427887,11.667462708864207,205.39024813606008,0.0,False
179,179000,incremental,0.014719202898550726,0.0024456521739130437,0.008892953549769088,0.02309782608695652,0.036118659420289856,0.0025815217391304346,0.014738911164119232,0.050271739130434784,0.011125424044022189,11.728353934412073,140.77259993997004,21.146658593700074,11.676005241108289,11.666786854235001,196.99040456342547,0.0,False
180,180000,incremental,0.028612053129857287,0.004154302670623145,0.017498109390665744,0.04154302670623145,0.053128090999010884,0.00370919881305638,0.02399132852681708,0.07418397626112759,0.021413645460565102,11.697456228226821,149.07913749279135,20.091948517840517,11.687238965669977,11.66649180246726,204.22227300699592,578.8612140737795,True
181,181000,incremental,0.030108124120565797,0.004354587869362364,0.0182309457286956,0.04043545878693624,0.045297341331555954,0.003810264385692069,0.022844203750537695,0.06376360808709176,0.018775249737409502,11.721890276407409,147.23347305092145,19.88920406336553,11.659399242469615,11.67491684542915,202.17888347859315,0.0,False
182,182000,incremental,0.024526928675400295,0.0045123726346433775,0.013883841417733743,0.043668122270742356,0.038646288209606985,0.0032751091703056767,0.017801720624233023,0.0611353711790393,0.01695316981170808,11.740591829026425,143.58743439021882,20.582917377769128,11.658113130516568,11.669404787119364,199.23846151465028,0.0,False
183,183000,incremental,0.024082584082584083,0.003916083916083916,0.013686664915790847,0.03496503496503497,0.0499062049062049,0.003916083916083916,0.020752342119080475,0.07132867132867132,0.016085798566638162,11.711739809308618,142.7560180967749,20.98122205466957,11.655025196143088,11.668000258931166,198.77200541582735,0.0,False
184,184000,incremental,0.024363425925925927,0.004305555555555556,0.012893039280424927,0.0375,0.044328703703703703,0.0032638888888888895,0.017912378592138567,0.058333333333333334,0.013879563496597809,11.727507396114278,143.27792029560084,20.32383801794935,11.655782603960107,11.662080005740705,198.6471283193653,0.0,False
185,185000,incremental,0.02496392496392496,0.003463203463203463,0.012293352781388172,0.03463203463203463,0.05199615199615199,0.0035353535353535356,0.019570917675713645,0.0707070707070707,0.012954448188924755,11.733008105717369,144.71219098334544,20.596068140511793,11.659805194089156,11.671820556870271,200.37289298053403,0.0,False
186,186000,incremental,0.02847926992368814,0.004185351270553064,0.01524942213708112,0.03736920777279522,0.042729394487714054,0.0032137518684603886,0.019165188667728865,0.05829596412556054,0.013902415317817449,11.735090354098032,142.2319704320607,19.683466253306303,11.657605697400209,11.66406347636456,196.9721962132298,0.0,False
187,187000,incremental,0.03781021897810219,0.0056934306569343075,0.019877212341535593,0.052554744525547446,0.05024330900243309,0.003941605839416058,0.023459376003266297,0.07153284671532846,0.019078096060706626,11.70064309680835,142.00203401013022,20.041330964178094,11.655661105461345,11.66521827544037,197.06488745201835,0.0,False
188,188000,incremental,0.019702115615934337,0.003863298662704309,0.011666607649906778,0.03863298662704309,0.04351340833510224,0.0036404160475482913,0.01800516760301213,0.06983655274888559,0.016492333253496937,11.72575565665246,141.00790453951822,20.2559840691563,11.664380246766138,11.671086577062784,196.32511108915594,0.0,False
189,189000,incremental,0.021988244022142327,0.003697996918335902,0.011030973784746132,0.03543913713405239,0.041043200365234254,0.0031587057010785823,0.016214657739094678,0.05546995377503852,0.012557641291416044,11.745210479280344,158.0307593173555,20.35825844864947,11.657843818436985,11.667561005360149,213.45963306908243,0.0,False
190,190000,incremental,0.02756578947368421,0.0036842105263157894,0.014715570901606315,0.03289473684210526,0.048936403508771924,0.003289473684210526,0.02050590576623085,0.05921052631578947,0.014046145604571953,11.751556681129093,150.68338193989504,20.482342662893338,11.666343213631581,11.659464677758747,206.2430891753078,0.0,False
191,191000,incremental,0.016503951650395164,0.002789400278940028,0.009162155472437294,0.026499302649930265,0.03358902835890283,0.002580195258019526,0.01368998273221252,0.04741980474198047,0.01191686727636959,11.723500657936924,159.5395162672028,20.4893235487974,11.655441096269925,11.666382329078573,215.07416389928562,0.0,False
192,192000,incremental,0.035807291666666664,0.006534090909090909,0.02280672190183264,0.061079545454545456,0.05813210227272727,0.004900568181818182,0.028837464284995604,0.08806818181818182,0.026517627462416635,11.740523662685797,148.08268791385166,20.676980467176918,11.655238177928073,11.665469068160295,203.82089928980275,0.0,False
193,193000,incremental,0.025103448275862066,0.004,0.015591368886703918,0.038620689655172416,0.04719331243469175,0.0033793103448275866,0.021450846287437153,0.06482758620689655,0.017433929770216735,11.697178618520764,152.2011750410071,20.73155459458853,11.656270866904073,11.671302889093571,207.95748201011403,0.0,False
194,194000,incremental,0.033229416466826533,0.005035971223021583,0.017576375480855687,0.04748201438848921,0.05239579764759621,0.003956834532374101,0.022942550405565216,0.07338129496402877,0.019113349707710132,11.739394953864945,161.35319131948407,21.843711989176505,11.67018554903282,11.681898684889891,218.28838249644824,0.0,False
195,195000,incremental,0.027084280733666814,0.004229195088676672,0.014282021239722515,0.040927694406548434,0.045160679096559034,0.0034788540245566163,0.019234435453487665,0.06548431105047749,0.015345121616477718,11.807394326546206,164.75826994493542,22.713033113318236,11.665548397495062,11.68991788551288,222.6341636678078,0.0,False
196,196000,incremental,0.020829159153142325,0.0029453015427769987,0.012544380260703699,0.029453015427769985,0.028285914646363458,0.0021739130434782613,0.014650120203822028,0.043478260869565216,0.012940208108500198,11.751477087047768,165.12714004603134,23.04643943201734,11.657614027583973,11.670816650245774,223.25348724292618,0.0,False
197,197000,incremental,0.021200607902735563,0.003457446808510639,0.012918466862200934,0.034574468085106384,0.04214475683890578,0.003058510638297872,0.018463283124932974,0.061170212765957445,0.01645837566967392,11.760655538310683,152.29488418603415,21.495076520577918,11.656662873317513,11.670168744523647,208.87744786276392,0.0,False
198,198000,incremental,0.01663413999479573,0.0025956284153005466,0.007207364341578666,0.02459016393442623,0.04111046057767369,0.0029371584699453557,0.013666529241834523,0.0546448087431694,0.00724946251944044,11.763368752214232,149.4652982877015,21.098039001084256,11.663488936865251,11.67214484570217,205.66233982356744,0.0,False
199,199000,incremental,0.03213933502395041,0.003994082840236687,0.015378380791017323,0.03994082840236687,0.04596453226260919,0.0034023668639053257,0.01966473653855327,0.0650887573964497,0.014013633949012338,11.75350780250467,145.2796728056774,21.297118639483635,11.655649171396497,11.668167166259401,201.6541155853216,0.0,False
200,200000,incremental,0.02794759825327511,0.005094614264919942,0.016778742131161574,0.043668122270742356,0.04314826367228114,0.0037845705967976713,0.020694801330274144,0.06550218340611354,0.0188025062142912,11.705967741103274,147.4583780660052,22.75373288552346,11.700536986881948,11.670701633458014,205.2893173129719,607.9324184947235,True
201,201000,incremental,0.01815760410576236,0.0030013642564802184,0.009956335819671027,0.030013642564802184,0.030407490417722338,0.002319236016371078,0.013186669188847602,0.045020463847203276,0.010759571498867578,11.859211327965024,157.113816263571,21.077057409613076,11.656054197145549,11.671205475544122,213.3773446738388,0.0,False
202,202000,incremental,0.028261252541087935,0.00411522633744856,0.014086423736867958,0.039780521262002745,0.03981936749426461,0.003155006858710563,0.017507279155812204,0.05761316872427984,0.012340733553100891,11.762310738225313,159.36169929195444,25.530545384601368,11.657037217005506,11.673969830233721,219.98556246202034,0.0,False
203,203000,incremental,0.031073271749501256,0.004918032786885246,0.01704788101059634,0.04644808743169399,0.05211152311562147,0.003961748633879781,0.022706063337338236,0.07513661202185792,0.020454866350478693,11.783902943193759,157.0905716364035,23.381147156303904,11.65544864504403,11.670568226568312,215.58163860751353,0.0,False
204,204000,incremental,0.026297335203366058,0.00364656381486676,0.015031445105146632,0.0364656381486676,0.05364656381486676,0.003646563814866761,0.022309477126759684,0.07152875175315568,0.016289134840561464,11.73345074509391,152.59010364390008,20.592648474163088,11.668886705160087,11.669300669842064,208.25439023815923,0.0,False
205,205000,incremental,0.024431543299467826,0.0031930333817126273,0.011382128144698325,0.03193033381712627,0.04153362360909531,0.0028301886792452833,0.016055817245144627,0.055152394775036286,0.011340629166975962,11.764793566203247,153.00902580932944,22.117037730917666,11.65754133213709,11.666188276068802,210.21458671465626,0.0,False
206,206000,incremental,0.031442577030812324,0.004761904761904762,0.016702497758809963,0.04341736694677871,0.043547418967587036,0.0031512605042016808,0.019821250800790422,0.05742296918767507,0.018050965325401413,11.741716023146164,158.7258855377735,20.94014754954604,11.662161936730476,11.669977649869656,214.73988869706585,0.0,False
207,207000,incremental,0.02308661626210373,0.0033426183844011146,0.014316062709912388,0.033426183844011144,0.03353229871335721,0.0023676880222841226,0.01701875451750649,0.04735376044568245,0.014999739338987938,11.779735602131247,159.49225890193875,22.912742646312434,11.655605798979728,11.66371182514947,217.50405477451164,0.0,False
208,208000,incremental,0.023657796451914098,0.004061624649859944,0.012510382383169148,0.037815126050420166,0.034220354808590106,0.002941176470588236,0.01545366327780261,0.0546218487394958,0.01302814154786213,11.733303280504758,156.68336248145926,20.61630392686392,11.65798823517944,11.669476155010127,212.36043407901752,0.0,False
209,209000,incremental,0.026694106418515866,0.0036745406824146985,0.014316097938443077,0.03674540682414698,0.04703531376759724,0.002887139107611549,0.019257152463247412,0.05774278215223097,0.013955370864027405,11.76103643858034,160.11579478771714,21.96221375939944,11.657585626503874,11.665840160914042,217.16247077311482,0.0,False
210,210000,incremental,0.017857142857142856,0.0021008403361344537,0.009829367169741417,0.02100840336134454,0.04159663865546218,0.002380952380952381,0.015947356506342842,0.047619047619047616,0.009954834974997839,11.723268155128252,155.03498485576472,27.949014807737704,11.65479269970432,11.660528190564346,218.02258870889938,0.0,False
211,211000,incremental,0.019458311438080224,0.0033236994219653184,0.013648350564587795,0.031791907514450865,0.04210895077947101,0.0036127167630057803,0.020232216660116646,0.06213872832369942,0.015216848398980774,11.71440549867231,153.72896122131664,21.88275384160804,11.670457478303586,11.668370895362434,210.664948935263,0.0,False
212,212000,incremental,0.019105113636363635,0.002272727272727273,0.00999326795373798,0.022727272727272728,0.03382260101010101,0.002130681818181818,0.013870799352214757,0.04261363636363636,0.008939263753747113,11.780446396249255,155.32933458260734,20.878261150610033,11.658169070560831,11.667562877050452,211.3137740770779,0.0,False
213,213000,incremental,0.010982789855072462,0.0019021739130434783,0.007541035590787744,0.019021739130434784,0.029596920289855076,0.0023097826086956523,0.012612804678123417,0.043478260869565216,0.01109877923494746,11.755991186218617,160.65469851116177,20.988016773533513,11.657340749052224,11.666552309018419,216.72259952898452,0.0,False
214,214000,incremental,0.01720657276995305,0.0028169014084507044,0.01102107625574033,0.028169014084507043,0.037276995305164325,0.0027464788732394366,0.0164649616717729,0.054929577464788736,0.013663408532919717,11.747100639343532,152.92490491259497,23.001275071522777,11.658332868723365,11.6701737622113,211.00178725439594,0.0,False
215,215000,incremental,0.02676533523537803,0.003994293865905848,0.01563772326695831,0.03851640513552068,0.048519971469329536,0.003423680456490728,0.021530372194722352,0.06704707560627675,0.01715441514468115,11.776269762182878,161.8286796367871,23.517159302717527,11.657690285958589,11.66674252101041,220.44654150865645,0.0,False
216,216000,incremental,0.02786322958478647,0.0038922155688622755,0.01650287007686152,0.0374251497005988,0.04642253953631199,0.0035928143712574854,0.021631252254137017,0.06736526946107785,0.017336492729630604,11.808658901775459,149.08995764630757,20.54750834445951,11.653502845779261,11.672242947152744,204.77187068547454,0.0,False
217,217000,incremental,0.03555940842245989,0.005397727272727273,0.018480526604176387,0.046875,0.04763327205882353,0.0035511363636363635,0.021586887099058406,0.0625,0.01715364330523395,11.747420279359378,159.42371838655046,22.45611771369005,11.685357515875406,11.739960316357879,217.05257421183316,0.0,False
218,218000,incremental,0.021275662021278872,0.003840472673559823,0.010683643757789598,0.03545051698670606,0.049040952197461095,0.0037666174298375183,0.017871315779612946,0.06794682422451995,0.013369188962831924,11.727185162582753,163.4758848648582,21.360273347925673,11.657818982623025,11.681645832761767,219.9028081907514,0.0,False
219,219000,incremental,0.017846730528946274,0.0036443148688046646,0.010574417793241624,0.03206997084548105,0.03202485075662918,0.0029154518950437317,0.014518940980306223,0.052478134110787174,0.014734227675381581,11.807051131393354,155.8159639422907,21.30734499340009,11.657664975225913,11.669339582728867,212.25736462503892,0.0,False
220,220000,incremental,0.029638047138047137,0.004696969696969698,0.01649405383602804,0.045454545454545456,0.04542688792688793,0.003636363636363637,0.020957781165032937,0.06818181818181818,0.018441974288442062,11.717794840250539,150.02810633293896,22.99987116099328,11.679206796538777,11.66982346145068,208.09480259217224,609.5040971059104,True
221,221000,incremental,0.02155458283591988,0.0030640668523676884,0.013462374539169177,0.02924791086350975,0.04795789169048222,0.003203342618384401,0.020347446819061196,0.06267409470752089,0.01563619410003199,11.79081878813909,162.27501065105287,22.15260291745652,11.659610417220911,11.66620476430319,219.54424753817256,0.0,False
222,222000,incremental,0.025655172413793104,0.004,0.012802902808687965,0.037241379310344824,0.03742528735632184,0.00296551724137931,0.016025639822308726,0.05517241379310345,0.012871953574579818,11.778314317985316,161.7488304609671,25.006825043617788,11.657291919590918,11.666752520442248,221.8580142626034,0.0,False
223,223000,incremental,0.03312728937728938,0.004807692307692308,0.016720771456831682,0.04395604395604396,0.051774267399267396,0.004120879120879121,0.022220913329390735,0.07417582417582418,0.0153338256669088,11.770320558518454,158.55974172381687,24.9321050837803,11.656355050959633,11.666248422192993,218.58477083926823,0.0,False
224,224000,incremental,0.029383836252373917,0.004431314623338257,0.014003839999326471,0.04431314623338257,0.04743089259337412,0.0037666174298375188,0.019088781636156137,0.07385524372230429,0.01349043324408142,11.704912019322444,159.66488635282826,21.52062521898479,11.6622724749757,11.665991273682174,216.2186873397934,0.0,False
225,225000,incremental,0.019369827703161036,0.0036075036075036075,0.010271551426566241,0.031746031746031744,0.036097326783601294,0.002958152958152958,0.014604514413320698,0.05483405483405483,0.010926618528008365,11.751081972655175,160.89366653785493,21.83204413509776,11.659326411478377,11.66652668282281,217.80264573990908,0.0,False
226,226000,incremental,0.0287792083929423,0.004291845493562232,0.016590798391640512,0.04005722460658083,0.04700654614817704,0.0036480686695278975,0.021749582379496847,0.06294706723891273,0.0166646589725557,11.784466631192814,159.78456032299943,22.619525933159636,11.658214642829012,11.673719514403158,217.52048704458406,0.0,False
227,227000,incremental,0.026003870343492982,0.003918722786647315,0.015906005565348474,0.033381712626995644,0.04073536526366715,0.0034107402031930334,0.020008649945572294,0.06095791001451379,0.01791209009296649,11.752401980480442,155.5313811459763,24.211511020638675,11.657340341274248,11.670012391482022,214.8226468798517,0.0,False
228,228000,incremental,0.0326530612244898,0.003945578231292517,0.01781746609956665,0.0380952380952381,0.050453514739229016,0.003197278911564626,0.02260691320232599,0.061224489795918366,0.01690095898616149,11.757857029795481,158.58886312032638,21.915314663924214,11.65503850635713,11.67046982324116,215.58754314364435,0.0,False
229,229000,incremental,0.02796852646638054,0.004148783977110158,0.013358159022990415,0.03719599427753934,0.05367191225560324,0.003862660944206009,0.02028430112942775,0.06580829756795423,0.013997188338629228,11.745113715502796,157.9847710064808,23.89700553796087,11.657021400553191,11.670714376015024,216.95462603651265,0.0,False
230,230000,incremental,0.021058815398438038,0.0037735849056603783,0.011927330960500568,0.03773584905660377,0.04320098140852857,0.0034833091436865028,0.017982278766338903,0.06676342525399129,0.015001215034915782,11.732200404672433,159.63960654117454,25.298071063308004,11.658991751560544,11.670057098241148,219.99892685895668,0.0,False
231,231000,incremental,0.023206018518518518,0.003333333333333334,0.012033664730109415,0.03333333333333333,0.045342261904761906,0.003333333333333333,0.018194904680623274,0.06388888888888888,0.012914161169450128,11.744164560643922,159.86124881230828,24.798525726635322,11.657978068943532,11.670337835528732,219.73225500405977,0.0,False
232,232000,incremental,0.01869921060989875,0.0035139092240117136,0.011977351042036854,0.03074670571010249,0.03485885488081681,0.002855051244509517,0.01624662247031752,0.05124450951683748,0.013323363080909237,11.782226339657198,159.2183895876495,21.303517658201322,11.658744173054236,11.668416052393326,215.63129381095558,0.0,False
233,233000,incremental,0.029624413145539902,0.0035211267605633804,0.016625682544879894,0.035211267605633804,0.04509911319770475,0.0029577464788732395,0.02099276619613423,0.057746478873239436,0.014929067266256034,11.789287498807644,161.17042307051827,23.054488512724845,11.657409368016902,11.66880239875101,219.3404108488187,0.0,False
234,234000,incremental,0.020568502824858757,0.002966101694915255,0.01087628524083494,0.029661016949152543,0.03546918006663769,0.00268361581920904,0.014926187901788094,0.05084745762711865,0.011838822788867392,11.764032724563556,161.1014159862631,22.431093179536845,11.659385013337854,11.667344178657723,218.62327108235908,0.0,False
235,235000,incremental,0.0183958198664081,0.0027472527472527475,0.009798308980627075,0.027472527472527472,0.034764867485455715,0.0023351648351648355,0.013903282659405845,0.046703296703296704,0.010364631971764196,11.893116448127849,157.67248877981282,27.631088415337736,11.661323810564783,11.666379777779124,220.52439723162232,0.0,False
236,236000,incremental,0.017993532769708793,0.0031866464339908953,0.009411633011799392,0.028831562974203338,0.03108039532546361,0.002807283763277694,0.013168192766568942,0.051593323216995446,0.009441789586147066,11.7665458903779,158.21150515730326,27.089509771434372,11.65743301548977,11.665611509330265,220.39060534393556,0.0,False
237,237000,incremental,0.024740321057601513,0.004107648725212465,0.015310339067537478,0.04107648725212465,0.03941490520810634,0.003186968838526912,0.019376073959799248,0.06373937677053824,0.01827506814049627,11.736901616474228,161.14566068263503,23.642033391606255,11.654896520801872,11.662304502502163,219.84179671401955,0.0,False
238,238000,incremental,0.0233974593421598,0.004147465437788019,0.014184512333558684,0.041474654377880185,0.05185550922878111,0.004301075268817204,0.021995699007582237,0.07987711213517665,0.018971850589497647,11.715847506428567,155.59019451036326,21.272853054178643,11.667825793343356,11.667139200276234,211.91386006459007,0.0,False
239,239000,incremental,0.02922462030375699,0.004028776978417266,0.01561139373127497,0.04028776978417266,0.04253397282174261,0.0030215827338129497,0.01931286604440134,0.060431654676258995,0.015008951731115794,11.764718038057008,166.23062812543,22.821651419806244,11.744474009776907,11.700089185461005,224.26156077853113,0.0,False
240,240000,incremental,0.031554034064494314,0.0039051603905160396,0.012925775433226417,0.03905160390516039,0.04346604116478593,0.0032078103207810326,0.016525759988762913,0.058577405857740586,0.009689092338191397,11.709612702727467,170.24410512243153,23.03958112357535,11.677829252293437,11.672419978125959,228.34354817915374,645.0701688303224,True
241,241000,incremental,0.024891201513718073,0.003973509933774834,0.013956692181974662,0.038410596026490065,0.04610532954903816,0.0035761589403973514,0.019768643162898537,0.06490066225165562,0.016237284632093237,11.7598489257284,164.34491232978493,23.58453572473551,11.657302112173806,11.666482270189515,223.01308136261213,0.0,False
242,242000,incremental,0.029005524861878452,0.0035911602209944757,0.014808277733667738,0.03591160220994475,0.04615561694290976,0.0029696132596685088,0.019432492457008916,0.058011049723756904,0.013026650397241627,11.746997464222309,159.9417770374173,23.31556074593871,11.658913700786366,11.669081294796158,218.33233024316087,0.0,False
243,243000,incremental,0.034281620957838724,0.00501432664756447,0.021811823715849044,0.04727793696275072,0.05312116250511665,0.004154727793696275,0.027238091338263354,0.07593123209169055,0.023129305633053626,11.742134713513263,161.7915692051844,21.90399206527388,11.657550390002658,11.666584439108673,218.76183081308287,0.0,False
244,244000,incremental,0.035779790071635564,0.005722460658082976,0.017359909153728207,0.05293276108726753,0.046807448631482965,0.0037195994277539344,0.020279221746481422,0.07010014306151645,0.01537445602075746,11.744387548494329,156.0553087391614,21.493908408581895,11.673683129438672,11.662316883112588,212.6296047087889,0.0,False
245,245000,incremental,0.021862632452444786,0.003887399463806971,0.012058815774303176,0.03485254691689008,0.03858674837227116,0.003284182305630027,0.016689312014283666,0.05630026809651475,0.014114937883447334,11.732032029164452,161.26216594077036,25.078969602652933,11.662678073814936,11.677608776329562,221.41345442273223,0.0,False
246,246000,incremental,0.021018627836809654,0.0037190082644628104,0.013379487421582664,0.0371900826446281,0.04156500065590975,0.0032369146005509645,0.01878382674710598,0.06336088154269973,0.017955237894054003,11.768252544244739,157.4094188071598,26.769416210187245,11.65653149027418,11.665714171535392,219.26933322340136,0.0,False
247,247000,incremental,0.0207844428819661,0.003913630229419703,0.014799697756015879,0.032388663967611336,0.04452219034262377,0.0038461538461538464,0.021215924689246407,0.06477732793522267,0.018778708701277985,11.748783062523472,157.3453629915636,23.037623593617774,11.657430055898866,11.667291385193678,215.4564910887974,0.0,False
248,248000,incremental,0.017254273504273502,0.002197802197802198,0.007722725564527655,0.02197802197802198,0.0365995115995116,0.0024725274725274724,0.012839058102927813,0.04807692307692308,0.00710232502469387,11.72854711564697,157.52846966425594,25.492109988804746,11.656798294866489,11.671430417956042,218.07735548153016,0.0,False
249,249000,incremental,0.02707734865411214,0.0037344398340248964,0.014255929687157182,0.03319502074688797,0.040438699152392094,0.0030428769017980637,0.01785701333362465,0.05255878284923928,0.013053551500168407,11.735423894466967,163.17174211762793,22.52771268431569,11.661351734401638,11.666630350910811,220.76286078172308,0.0,False
250,250000,incremental,0.030036898979630255,0.004698972099853157,0.01813201746297231,0.04552129221732746,0.04815442348481996,0.003817914831130691,0.02306507215129527,0.07048458149779736,0.018668671345939795,11.733270689796848,160.79407705653358,23.54176241010919,11.657728881842022,11.66516425939179,219.39200329767343,0.0,False
251,251000,incremental,0.0246868978805395,0.003179190751445087,0.012576340303237309,0.030346820809248554,0.033164739884393064,0.002239884393063584,0.014927233173933052,0.04335260115606936,0.010575323628919345,11.729830038331723,155.68623595472314,23.688087722698036,11.656037819288144,11.666808492023783,214.42700002706485,0.0,False
252,252000,incremental,0.031112737920937043,0.0042459736456808206,0.01460948511008008,0.03953147877013177,0.047803806734992675,0.00314787701317716,0.01897227091951565,0.05856515373352855,0.01275252163611206,11.762246292026934,161.3525357588158,21.54274887983948,11.657285217465951,11.668381179281983,217.98319732743016,0.0,False
253,253000,incremental,0.02669824597535441,0.0038821954484605094,0.012720640907501243,0.038821954484605084,0.05095081179418529,0.0035475234270414997,0.019162955189019764,0.06961178045515395,0.012742886217745407,11.743708240051498,155.20009128592443,21.45981583168144,11.661186610167906,11.675631950300303,211.74043391812558,0.0,False
254,254000,incremental,0.030437756497948016,0.003830369357045144,0.015355476360490734,0.036935704514363885,0.04890560875512996,0.0030779753761969904,0.02017887466998643,0.060191518467852256,0.013576032109848545,11.737475513855234,152.91547515691033,21.071544635174742,11.660345593578203,11.671687522377127,209.05652842189562,0.0,False
255,255000,incremental,0.02069366852886406,0.002793296089385475,0.01004839263207302,0.027932960893854747,0.030889199255121045,0.00223463687150838,0.012926907037318865,0.04189944134078212,0.009407726285385538,11.7060194565477,161.7557740114725,24.189342117682255,11.657243252409522,11.669079224112256,220.97745806222426,0.0,False
256,256000,incremental,0.022174535050071532,0.0032904148783977115,0.011476911936648314,0.032904148783977114,0.0374344301382928,0.0026466380543633764,0.015679578954526822,0.05293276108726753,0.011916612238500648,11.775770545938148,158.46148312549658,21.89357688858057,11.65654516466913,11.672101424775594,215.45947714946,0.0,False
257,257000,incremental,0.024912891986062717,0.0038109756097560975,0.01361280257597649,0.036585365853658534,0.05409407665505227,0.0040396341463414635,0.02154430603144647,0.06859756097560976,0.016751026145965926,11.71030676688084,161.44911739220808,23.745790363988164,11.65481838537319,11.666982917810099,220.22701582626038,0.0,False
258,258000,incremental,0.02449401919315959,0.003868194842406877,0.014749476521853539,0.03724928366762178,0.038214539360671165,0.0027936962750716335,0.018319435494506688,0.054441260744985676,0.01565096036734375,11.756766932220774,165.1553861455185,24.33909026385017,11.660278083303055,11.667655948323363,224.57917737321586,0.0,False
259,259000,incremental,0.01748998664886515,0.0025367156208277704,0.010989643626094742,0.022696929238985315,0.03266577659101024,0.002403204272363151,0.015189523725404296,0.04539385847797063,0.011722711734285471,11.768872932770014,159.71375265853155,23.94968457787583,11.660537175404995,11.668217448947138,218.76106479352953,0.0,False
260,260000,incremental,0.020544533735141472,0.003176795580110497,0.01187036914574796,0.03038674033149171,0.03780972710530721,0.0026243093922651934,0.016321726158949564,0.05110497237569061,0.013404270743795313,11.745872301377469,162.72831474273275,24.804165803603283,11.701986632209337,11.665854290229817,222.64619377015265,634.8326798926024,True
261,261000,incremental,0.02935393258426966,0.004213483146067416,0.01919074340079726,0.042134831460674156,0.04251270733012306,0.003300561797752809,0.02305954772674011,0.060393258426966294,0.020295863479717447,11.756265723666948,167.05360026299937,21.12872593277443,11.657439058093688,11.678213577677454,223.2742445552119,0.0,False
262,262000,incremental,0.03623287671232877,0.005342465753424658,0.018674191514702933,0.050684931506849315,0.0671689497716895,0.004383561643835617,0.02634594854539405,0.08493150684931507,0.019882380432287128,11.74840840258151,159.07014133072218,21.307672282241953,11.656178983514287,11.671497015995625,215.45389801505553,0.0,False
263,263000,incremental,0.02802037845705968,0.00363901018922853,0.014428682924000256,0.036390101892285295,0.04702987454079157,0.0032751091703056767,0.019767501047334154,0.06404657933042213,0.013662264043684137,11.741766425543698,158.68562403234532,23.407119442486746,11.657025302147517,11.66910220588846,217.16063740841173,0.0,False
264,264000,incremental,0.02724598560354374,0.004215116279069767,0.016938447262138154,0.040697674418604654,0.044445598006644514,0.0033430232558139534,0.02149948191062708,0.06395348837209303,0.018465452925727245,11.768988870147767,164.20727790172896,22.361325405062527,11.657907220255503,11.670814609968104,221.6663140071629,0.0,False
265,265000,incremental,0.0231092890279426,0.0037868162692847127,0.01383391782282989,0.0364656381486676,0.044932930557053975,0.003927068723702665,0.0201125771365446,0.07152875175315568,0.015477362338562345,11.748019993595982,161.2759923621393,20.934152269169726,11.656194698270173,11.669753945647843,217.28411326882303,0.0,False
266,266000,incremental,0.02132110954395863,0.0031029619181946405,0.010546666940230645,0.031029619181946404,0.0347672778561354,0.0024682651622002826,0.014075337928675909,0.04936530324400564,0.010445321363109902,11.757671817949621,154.6266532008178,21.0900987656637,11.65785472333203,11.666350615613386,210.79862912337654,0.0,False
267,267000,incremental,0.024339339339339343,0.0036486486486486487,0.012992622836261637,0.03513513513513514,0.049451951951951956,0.0036486486486486487,0.01987925082617237,0.06756756756756757,0.014546921899863074,11.760962284917964,154.46341460399748,20.94590764220583,11.662017238317501,11.668254590826987,210.50055636026576,0.0,False
268,268000,incremental,0.022961890979257115,0.004052098408104197,0.010612553866996052,0.03907380607814761,0.051742356373325984,0.004196816208393632,0.018591033165716562,0.07670043415340087,0.013209445212913062,11.721869335054592,153.9804151761276,23.350239370820148,11.657895810299191,11.668997539612814,212.37941723191432,0.0,False
269,269000,incremental,0.033690476190476194,0.005571428571428572,0.017898356000446376,0.05,0.04957142857142858,0.0041428571428571434,0.02239342783781653,0.07571428571428572,0.017898500830831658,11.740529844955772,159.04999756051475,22.4059868213361,11.658580072279602,11.669343382939012,216.52443768202525,0.0,False
270,270000,incremental,0.027250395107537965,0.004184704184704184,0.013914495696071229,0.04040404040404041,0.05122826908541194,0.0038961038961038965,0.02034722820704374,0.0735930735930736,0.015014230889983101,11.769947643042178,163.04937493488714,22.887660964476808,11.657288717339952,11.673363106534662,221.03763536628074,0.0,False
271,271000,incremental,0.021895893027698184,0.0032951289398280804,0.010968331795849834,0.0329512893982808,0.0432153090462546,0.00329512893982808,0.01682650401766878,0.06303724928366762,0.011937678491055231,11.73594930570232,162.74559572904136,23.207600728145096,11.65889843708634,11.670461615681527,221.01850581565662,0.0,False
272,272000,incremental,0.023651635720601236,0.0030503978779840854,0.009887326613959415,0.03050397877984085,0.03359858532272325,0.0021220159151193636,0.012469446884466604,0.042440318302387266,0.008023370792112938,11.779633548480994,159.97750475284235,22.480107059311138,11.657551815702494,11.669383262621903,217.56418043895889,0.0,False
273,273000,incremental,0.027117486338797816,0.003961748633879782,0.013601286735788322,0.03825136612021858,0.042463570127504555,0.00314207650273224,0.01756882368249963,0.05874316939890711,0.013481080802047152,11.755156780340892,159.39600678965826,22.76810629198156,11.655438237279103,11.660524358123038,217.23523245738284,0.0,False
274,274000,incremental,0.02261744103849367,0.003238866396761134,0.014690709458957469,0.032388663967611336,0.034358331726752775,0.002496626180836707,0.01800825055366676,0.048582995951417005,0.015842554506522118,11.7362412538069,158.25775938115015,22.801775533765056,11.65324012733504,11.67115697683907,216.1201732728962,0.0,False
275,275000,incremental,0.03182674199623352,0.0049435028248587575,0.021201457333824482,0.046610169491525424,0.048469868173258,0.003672316384180791,0.025644443068424,0.0692090395480226,0.024524909826898596,11.741469084600165,158.3462935104002,23.620996399451034,11.656488001360321,11.667591388764276,217.03283838457597,0.0,False
276,276000,incremental,0.017976864966949953,0.0028328611898017,0.01095719789733042,0.026912181303116147,0.03657932011331445,0.0029036827195467424,0.01619821528531324,0.053824362606232294,0.012253665787451823,11.738125639634834,157.35754799607594,21.00727671813796,11.662597032030542,11.668058996452956,213.4336063823322,0.0,False
277,277000,incremental,0.029628279883381924,0.004227405247813411,0.015880874187388302,0.04227405247813411,0.04575390595798758,0.003498542274052478,0.020449208770393665,0.06705539358600583,0.015753053635706695,11.736650558508144,158.72151013643366,22.47597076601715,11.657391195504797,11.668115422164282,216.25963807862803,0.0,False
278,278000,incremental,0.025910081394603598,0.003768506056527591,0.014299430202817275,0.03768506056527591,0.03946997372300198,0.002759084791386272,0.017920623239915102,0.05383580080753701,0.015021135880112748,11.75600506854446,156.08296297141277,22.639129658830193,11.656775746077264,11.667653549637947,213.80252699450264,0.0,False
279,279000,incremental,0.022991156391966108,0.0035087719298245615,0.014221027811240704,0.033738191632928474,0.0335957564702504,0.0026315789473684214,0.01715731067139176,0.04993252361673414,0.01632182030788842,11.748581682832771,160.03622190631506,26.60273528444501,11.658024180807857,11.667895590816713,221.71345864521743,0.0,False
280,280000,incremental,0.019011350059737156,0.002688172043010753,0.00908737063069804,0.026881720430107527,0.02998805256869773,0.002217741935483871,0.012197960109408509,0.04435483870967742,0.009188933570830855,11.707450094489147,156.4266737366371,28.206784799547634,11.684768396927335,11.669206230732755,219.69488325833396,684.4893326135582,True
281,281000,incremental,0.023089780324737345,0.0030085959885386825,0.010940536737010509,0.03008595988538682,0.03283985991722382,0.002363896848137536,0.013813117691041899,0.04727793696275072,0.009341887083743516,11.748931758870373,157.85700446732665,24.84867760270404,11.65794750088156,11.669845909223486,217.78240723900612,0.0,False
282,282000,incremental,0.02865750055890901,0.004929577464788733,0.015077406719540123,0.04647887323943662,0.04933825173261793,0.004084507042253521,0.020919158730171274,0.07464788732394366,0.015564415731751012,11.768187981764378,161.62657623702836,22.032398033111633,11.67267615224954,11.677931570017176,218.7777699741711,0.0,False
283,283000,incremental,0.034832077840552415,0.005225988700564972,0.017227490146323878,0.052259887005649715,0.058043000627746394,0.004166666666666667,0.023401590331918624,0.07909604519774012,0.01619233186406666,11.73685258663848,166.01397233823033,23.30435937342168,11.66080413553261,11.686098788266097,224.4020872220892,0.0,False
284,284000,incremental,0.0239251040221914,0.0030513176144244107,0.013276594867836637,0.02912621359223301,0.04190308073803219,0.0028432732316227465,0.01829512418264062,0.05547850208044383,0.013576206216716687,11.710455278896026,159.69339734805965,22.88009618120479,11.657048550092753,11.670965856733218,217.61196321498642,0.0,False
285,285000,incremental,0.013850732600732598,0.002472527472527473,0.00850679931757718,0.023351648351648352,0.03267982017982018,0.0026098901098901097,0.013621232608970172,0.04945054945054945,0.011712827808284209,11.726520999122414,161.84637792346356,21.632524406789422,11.655829492265845,11.667400432985309,218.52865325462656,0.0,False
286,286000,incremental,0.02657168701944821,0.003799185888738128,0.01578648766737324,0.036635006784260515,0.04284422045616076,0.0034599728629579373,0.020528924856069074,0.06377204884667571,0.017597205452381443,11.702676427721714,165.13782277163824,22.675451801693058,11.656991745226385,11.667139339796574,222.84008208607594,0.0,False
287,287000,incremental,0.026559590316573557,0.004329608938547486,0.01553332700845571,0.034916201117318434,0.049185288640595896,0.00356145251396648,0.021283821808791566,0.06284916201117319,0.016836863593116078,11.728751292211514,162.43395332600497,21.84122778223219,11.656164901230337,11.667243199051104,219.32734050073012,0.0,False
288,288000,incremental,0.022559921771956155,0.0040114613180515755,0.013324446867694413,0.03868194842406877,0.043771319416018556,0.0033667621776504292,0.018755347686944493,0.06303724928366762,0.016935702258872396,11.737524985788728,160.32951809230588,24.63610842311226,11.65668545741183,11.665177609143651,220.02501456776236,0.0,False
289,289000,incremental,0.02148997134670487,0.003008595988538682,0.010953464765822318,0.027220630372492838,0.040687679083094556,0.0027936962750716335,0.01617131338607154,0.050143266475644696,0.011261006248564685,11.756188174325,162.43294608460357,22.240688622512938,11.6572342366561,11.670521948656255,219.75757906675386,0.0,False
290,290000,incremental,0.02927927927927928,0.004694167852062589,0.01765161798683984,0.041251778093883355,0.0425218451534241,0.0032716927453769556,0.021288841493793374,0.05832147937411095,0.018162600918833607,11.701748979048299,163.89309246020446,26.299344485669618,11.655684533304346,11.668557461347318,225.21842791957403,0.0,False
291,291000,incremental,0.022293650793650793,0.003066666666666667,0.009584872251033157,0.029333333333333333,0.039071428571428576,0.002866666666666667,0.01421366821934053,0.05466666666666667,0.009229374054451454,11.732946211776007,166.21230865800086,21.406181016536685,11.653644519243889,11.666747067803907,222.67182747336136,0.0,False
292,292000,incremental,0.01974341507720254,0.0028610354223433244,0.009349826091554117,0.027247956403269755,0.03955170624107954,0.0030653950953678476,0.014929743234690254,0.055858310626702996,0.009101934957809718,11.73108995064509,159.38623812496166,25.13209000810923,11.653258879890105,11.662243631777036,219.56492059538314,0.0,False
293,293000,incremental,0.022852692478860705,0.002937249666221629,0.012372400216811364,0.028037383177570093,0.030195816644414775,0.0019359145527369829,0.014359105116162986,0.037383177570093455,0.01034523682466037,11.729697365389647,162.12474698522328,22.36186651922989,11.654487529419445,11.666971494433964,219.53776989369624,0.0,False
294,294000,incremental,0.02844849896480331,0.0039402173913043485,0.016067864887666924,0.036684782608695655,0.05167572463768116,0.0036684782608695653,0.022492783607592756,0.06793478260869565,0.01547434473304585,11.726618423954505,158.0050392877008,21.300391527728777,11.652596474245879,11.66203573639557,214.34668145002556,0.0,False
295,295000,incremental,0.026293170807938738,0.003938115330520394,0.013907456357876836,0.03938115330520394,0.04185363784519902,0.0033052039381153307,0.018307986064707897,0.06047819971870605,0.013966871212041099,11.715252094229855,161.43778260503672,21.07346919368036,11.654120632462185,11.666470383697725,217.54709490910685,0.0,False
296,296000,incremental,0.020781609195402298,0.0031724137931034486,0.013307184198295538,0.030344827586206897,0.04098850574712643,0.003241379310344828,0.019045487289775936,0.057931034482758624,0.014596000709964625,11.741361846270838,158.16329775721061,21.498446085899126,11.654493087667749,11.666036098700872,214.7236348757492,0.0,False
297,297000,incremental,0.0365393360618463,0.0047748976807639835,0.018889040489890645,0.047748976807639835,0.04696615344637173,0.003137789904502046,0.02163357390951517,0.061391541609822645,0.01655536867176129,11.732520737606222,161.59723878710065,22.51217794044247,11.656333134851815,11.663937437955685,219.16220803795684,0.0,False
298,298000,incremental,0.031581959706959706,0.004258241758241759,0.017114538381497128,0.042582417582417584,0.04405906593406593,0.0028846153846153848,0.020268535228064148,0.057692307692307696,0.016152684372211557,11.701543170664074,160.1786033354896,21.952153387058694,11.653408184195136,11.662151032432178,217.14785910983971,0.0,False
299,299000,incremental,0.019363619297916277,0.0031537450722733252,0.009863708044126875,0.02890932982917214,0.03568299856079094,0.002693823915900131,0.014193201810703267,0.04862023653088042,0.009684362078454094,11.701502784719487,158.28588533589593,21.678817291634346,11.652820201435432,11.668226600675125,214.98725221436032,0.0,False
300,300000,incremental,0.025751791574576386,0.0035161744022503515,0.015240377440813241,0.03234880450070324,0.04651396423548322,0.0031645569620253164,0.020781795964977375,0.05907172995780591,0.01536126934897036,11.70654464346943,158.01244227291178,21.170773432374613,11.67557634398908,11.664788290871586,214.23012498361652,647.778374622765,True
301,301000,incremental,0.02402028584601199,0.0037344398340248964,0.012544429263984216,0.035961272475795295,0.04165514061779622,0.0031120331950207467,0.017176592361453955,0.058091286307053944,0.012793169413867485,11.784326523753275,161.95606220158197,23.790251596253476,11.656728687331475,11.670456488449554,220.85782549736976,0.0,False
302,302000,incremental,0.020868544600938968,0.0033802816901408457,0.011591450438111625,0.028169014084507043,0.03382629107981221,0.002746478873239437,0.015102345972933869,0.04929577464788732,0.012811546450516494,11.738116484458217,160.62307247655116,22.948952857704263,11.657678851098584,11.66871091819177,218.63653158800398,0.0,False
303,303000,incremental,0.02244997559785261,0.003367496339677892,0.012714188734666572,0.032210834553440704,0.044045876037091265,0.003074670571010249,0.018394256744436028,0.05856515373352855,0.015032956258948852,11.732761010005422,163.07175076844814,23.6486677801101,11.654815439646192,11.666831498294282,221.77482649650412,0.0,False
304,304000,incremental,0.017294882446397597,0.002886002886002886,0.008504349669442801,0.02886002886002886,0.03453874969026484,0.002886002886002886,0.013284790845182175,0.05483405483405483,0.009706167902795836,11.703217121614152,163.20844740320973,22.016970996421858,11.670347919795487,11.674450821202997,220.27343426224425,0.0,False
305,305000,incremental,0.039317976513098464,0.005284552845528456,0.020314485363752646,0.05013550135501355,0.0538843721770551,0.003590785907859079,0.024190070414702385,0.06910569105691057,0.01966150060064455,11.714191097550453,163.55712208084017,21.801938734244963,11.670560545504195,11.678242784182725,220.4220552423225,0.0,False
306,306000,incremental,0.036630036630036625,0.004670329670329671,0.017334805650414797,0.04532967032967033,0.05331959706959707,0.003708791208791209,0.022034117493349943,0.07280219780219781,0.014678759841139062,11.768100476261534,165.56105523299337,21.370894399588835,11.656850407326669,11.670304976466038,222.02720549263645,0.0,False
307,307000,incremental,0.02331349206349206,0.0037500000000000003,0.013269901894564113,0.0375,0.03740079365079365,0.0029861111111111117,0.017292974036348847,0.05555555555555555,0.015725874351874093,11.768760995109485,162.96636166786283,21.373595707058215,11.656855486527618,11.66977016194004,219.4353440184982,0.0,False
308,308000,incremental,0.033035430623485754,0.005206738131699847,0.017413765676690257,0.04747320061255743,0.051994139092148284,0.004134762633996938,0.02250876881885281,0.07350689127105667,0.01713704475410391,11.748627940177947,161.3257710212368,21.83320625419316,11.655920621911342,11.663952950047296,218.22747878756655,0.0,False
309,309000,incremental,0.017050912584053793,0.002593659942363113,0.009612001063727517,0.025936599423631124,0.03475024015369837,0.002521613832853026,0.014504101558968302,0.05043227665706052,0.011506392115560931,11.708450805239522,163.33612684564514,25.17824174153027,11.656755938491138,11.667402840948027,223.54697817185408,0.0,False
310,310000,incremental,0.021598877980364653,0.003366058906030856,0.013006362496837579,0.033660589060308554,0.04029920523609163,0.002875175315568023,0.017984339976519024,0.056100981767180924,0.014974436846600858,11.750212778105507,160.8527462116649,21.290359923542557,11.664254298951459,11.667520780134222,217.22509399239863,0.0,False
311,311000,incremental,0.02181245074862096,0.003687943262411348,0.010020698586668927,0.03404255319148936,0.030804382087915853,0.002695035460992908,0.01246751198570148,0.04822695035460993,0.009740217600042381,11.758289846883208,161.27794929182704,21.24483549573175,11.654982253889168,11.667002190587915,217.60305907891907,0.0,False
312,312000,incremental,0.033190094219505986,0.005213903743315508,0.020468762970797444,0.04946524064171123,0.054914693149987266,0.004010695187165776,0.026282372734540142,0.07620320855614973,0.022720573687445095,11.765992800311098,162.66278646308308,21.337033443577514,11.652703493639226,11.668862884076091,219.08737908468703,0.0,False
313,313000,incremental,0.02185370334764682,0.003095558546433378,0.012018982042477198,0.02826379542395693,0.052809288811980604,0.003499327052489906,0.020151492371838026,0.06460296096904442,0.01270716652213304,11.744082183254289,160.82784812031235,21.275656569605395,11.656607807719599,11.667898892078753,217.17209357297037,0.0,False
314,314000,incremental,0.02644607843137255,0.004264705882352941,0.013852080319314813,0.039705882352941174,0.04178921568627451,0.0034558823529411767,0.01808337090135483,0.06470588235294118,0.015195165513072088,11.766029443305293,162.10339295082144,20.829465557592464,11.660201275548454,11.66497901762542,218.02406824489307,0.0,False
315,315000,incremental,0.029190074906367037,0.0037921348314606746,0.013858971965303023,0.037921348314606744,0.04943820224719102,0.0031601123595505617,0.01911578367930717,0.06320224719101124,0.01192941784954647,11.70602979623514,161.24172238107803,21.625934050861773,11.656695670284044,11.667457015654414,217.8978389141134,0.0,False
316,316000,incremental,0.028918791312559016,0.0036827195467422098,0.014163871751563261,0.036827195467422094,0.05332861189801699,0.0035410764872521247,0.020653498037645397,0.06940509915014165,0.014592793268606071,11.74193876496421,161.18526252086042,21.018334541419993,11.658328600588908,11.667716847005295,217.2715812748388,0.0,False
317,317000,incremental,0.022182324016563146,0.003260869565217391,0.011707387419182584,0.029891304347826088,0.041220238095238095,0.0030570652173913045,0.01705324892292599,0.05570652173913043,0.011432044189386615,11.73968469135589,161.25155722140906,21.220446438985352,11.654916897432809,11.66419435838506,217.53079960756818,0.0,False
318,318000,incremental,0.02567049808429119,0.003735632183908047,0.014664801471067176,0.035919540229885055,0.042253352490421454,0.003089080459770115,0.01913804639541931,0.0603448275862069,0.014834310046224214,11.755676853061892,159.01966265524646,23.39048923988285,11.654307330702384,11.674587124879675,217.49472320377325,0.0,False
319,319000,incremental,0.026884057971014494,0.004057971014492754,0.014596566741291917,0.03768115942028986,0.0533816425120773,0.0037681159420289855,0.021853261126478965,0.06811594202898551,0.014653177527218448,11.732882850765126,159.76063115194506,21.604890931156696,11.657623187139032,11.666034897273025,216.42206301827892,0.0,False
320,320000,incremental,0.022949551222531724,0.0030640668523676884,0.0106853898137937,0.03064066852367688,0.034323738780563294,0.002298050139275766,0.013727411854417006,0.04456824512534819,0.009654568113091531,11.731750597085423,157.18312041951287,20.898191262136436,11.686314694780986,11.661524281933456,213.16090125544915,690.3755178558207,True
321,321000,incremental,0.02321178120617111,0.0036465638148667602,0.010527093178007504,0.033660589060308554,0.04209911173445535,0.003155680224403927,0.015508529535050627,0.056100981767180924,0.008937742430831848,11.758646140558326,165.57982023443495,21.163133026538826,11.651773971554924,11.66260844201461,221.81598181510162,0.0,False
322,322000,incremental,0.025068870523415977,0.0037190082644628104,0.012414853491301503,0.0371900826446281,0.03509335782063054,0.0028236914600550966,0.015351710562055967,0.05371900826446281,0.011136805856057195,11.709774315749044,162.45683853190195,21.409151422874253,11.65652499877934,11.667997666803265,218.90028693610785,0.0,False
323,323000,incremental,0.030011047979797978,0.004427083333333334,0.014876818695788397,0.041666666666666664,0.04878274936868687,0.0033203125,0.019939222824506445,0.06380208333333333,0.01295841497835741,11.743554057391803,164.18315010764684,21.664980285523995,11.655366064719509,11.66294615398411,220.90999666926626,0.0,False
324,324000,incremental,0.02137628111273792,0.0035139092240117136,0.012077344866114129,0.03367496339677892,0.037202816705012895,0.002855051244509517,0.016386604323064723,0.055636896046852125,0.014881661367752142,11.714508348290021,164.70904501970918,22.639879197816626,11.654990703616196,11.668383043617059,222.3868063130491,0.0,False
325,325000,incremental,0.030518129581929856,0.004299583911234397,0.017421259200507768,0.04022191400832178,0.0485486427580741,0.0035367545076282945,0.022332102961857545,0.0638002773925104,0.01654707583543093,11.754422293147604,163.43600660694014,21.129580984644015,11.65814368840612,11.665084036091567,219.64323760922943,0.0,False
326,326000,incremental,0.01685472496473907,0.0022566995768688296,0.008658270258739192,0.022566995768688293,0.03547249647390691,0.0023977433004231316,0.01368782768756232,0.047954866008462625,0.009726731251837472,11.707345532935287,161.4011077455263,21.635406784709097,11.656638201976154,11.667644071997053,218.06814233714388,0.0,False
327,327000,incremental,0.023115079365079363,0.0036111111111111114,0.012773002836740795,0.03611111111111111,0.041914682539682536,0.003194444444444444,0.018006680543128276,0.059722222222222225,0.014977102939725487,11.733176699349478,161.19724083372978,21.147782177294296,11.683290326483519,11.67467063245553,217.4361606693126,0.0,False
328,328000,incremental,0.029809397163120564,0.0038563829787234046,0.017037073946404867,0.03856382978723404,0.0439621327254306,0.002859042553191489,0.02081598270968688,0.057180851063829786,0.01572370434990651,11.71947904975157,166.6010530378126,21.766743532658506,11.661380952515676,11.680129796354244,223.4287863690926,0.0,False
329,329000,incremental,0.029601743610065383,0.004299583911234397,0.012913906377784036,0.038834951456310676,0.049217356845650886,0.0035367545076282936,0.0182166037515438,0.06657420249653259,0.011474965912601979,11.736254394684176,163.58870934680968,21.952545881012696,11.655640743638006,11.669954652571146,220.6031050187157,0.0,False
330,330000,incremental,0.024296758266744625,0.003137789904502046,0.013496973852018179,0.03137789904502047,0.041967127915286166,0.0030695770804911324,0.018552989793231875,0.05593451568894952,0.013719757439953928,11.757591249231258,161.32094683166122,21.47159346202465,11.654293027033024,11.668528023103807,217.87295259305398,0.0,False
331,331000,incremental,0.021299483648881238,0.0037650602409638554,0.01266195748819982,0.03614457831325301,0.031891853126792886,0.002786144578313253,0.01571331763033839,0.05120481927710843,0.014481557313080776,11.771358632992058,162.24232059058875,20.766608949923658,11.655240794938848,11.66682811291897,218.10235708136227,0.0,False
332,332000,incremental,0.02162293488824101,0.003352769679300291,0.010654077322800333,0.03206997084548105,0.04601901985283909,0.003352769679300291,0.017117588853247104,0.0641399416909621,0.011502652502040979,11.73678887488039,161.32339565551322,20.61195174181407,11.660977206576217,11.668243606238748,217.00135708502262,0.0,False
333,333000,incremental,0.01867897727272727,0.002840909090909091,0.010805437431033087,0.028409090909090908,0.03252840909090909,0.0024147727272727276,0.01464735484144871,0.046875,0.011550888533258186,11.736246862431576,159.38256238519355,21.127719901342658,11.6550788582942,11.665606916719252,215.56721492398123,0.0,False
334,334000,incremental,0.01482714554748453,0.0026836158192090395,0.008276711376546324,0.025423728813559324,0.034924838579499594,0.002895480225988701,0.01362546410037594,0.052259887005649715,0.010530499559629276,11.695518402715654,168.3848715607339,21.38331446467634,11.654292989465853,11.662449933960705,224.78044735155248,0.0,False
335,335000,incremental,0.024887321183617483,0.003155006858710563,0.014776392168158795,0.03155006858710562,0.04512051734273956,0.0029492455418381343,0.020134480955154424,0.05898491083676269,0.015681608999780973,11.703194594689382,165.50785746402562,21.198006816755544,11.655977687763386,11.666404157659183,221.73144072089312,0.0,False
336,336000,incremental,0.02191358024691358,0.0038461538461538464,0.01185938874832876,0.03418803418803419,0.039648622981956316,0.003133903133903134,0.016596039025923395,0.05698005698005698,0.014476502549390273,11.701731496269186,161.01815422082944,21.27065742935086,11.654947300057671,11.6662138876511,217.31170433415826,0.0,False
337,337000,incremental,0.020386871193322807,0.0032258064516129037,0.012928104704007803,0.030791788856304986,0.0403037822392661,0.0032991202346041057,0.0185382828281219,0.06158357771260997,0.014082965102208266,11.729805666965687,164.15082770961098,20.817896152547366,11.661285451852743,11.665735038274283,220.02555001925106,0.0,False
338,338000,incremental,0.028229448961156277,0.0037940379403794034,0.01593153276122592,0.036585365853658534,0.039351851851851846,0.0029810298102981034,0.019293046486118178,0.058265582655826556,0.015107384511975616,11.77184620161642,162.8163073657679,21.431660500503824,11.656487794317606,11.668067736281262,219.34436959848702,0.0,False
339,339000,incremental,0.018792517006802723,0.0035714285714285713,0.012104302364706138,0.027142857142857142,0.034078231292517004,0.002785714285714286,0.0161849495661135,0.04428571428571428,0.014565711771151842,11.738546405487549,161.20071135873604,21.77655692024716,11.657111989263335,11.668470045772539,218.04139671950662,0.0,False
340,340000,incremental,0.02520212630506748,0.003475935828877006,0.014780549187491082,0.034759358288770054,0.049043481028775135,0.0032085561497326204,0.021075950719698262,0.06417112299465241,0.01659268864913225,11.737118671778513,166.6452227437193,21.807100779647204,11.70354531056239,11.66847655785508,223.5614640635625,675.8696839258005,True
341,341000,incremental,0.035520712349980645,0.004742547425474256,0.01964738612795471,0.04607046070460705,0.05833010711059492,0.0037262872628726286,0.02561144734344284,0.07046070460704607,0.01844796707003785,11.73124619292809,165.71715468441383,21.212132488165892,11.65488724665098,11.668265001416046,221.98368561357486,0.0,False
342,342000,incremental,0.02249657064471879,0.003292181069958848,0.010536971614411141,0.03292181069958848,0.04869684499314129,0.003635116598079561,0.017704973373363065,0.07133058984910837,0.011346877971182015,11.740116568528801,166.72288672785197,21.982458162789207,11.654150770604165,11.666204830590443,223.76581706036458,0.0,False
343,343000,incremental,0.023222016079158934,0.0038961038961038965,0.014886696217932656,0.03896103896103896,0.04178061797109416,0.0034632034632034636,0.02034149215677571,0.06782106782106782,0.020095344033029153,11.71064971237923,165.65579843803857,21.354903621456643,11.656276244956242,11.668580198756494,222.04620821558717,0.0,False
344,344000,incremental,0.019746303079636415,0.003418803418803419,0.010408811944365864,0.02849002849002849,0.034445801112467776,0.003133903133903134,0.01461700344893956,0.05413105413105413,0.011331107305181819,11.777196285894798,163.0631898371926,21.404655379933523,11.656277813659743,11.66487876164135,219.56619807832203,0.0,False
345,345000,incremental,0.023264367816091956,0.0028965517241379313,0.011750014989325933,0.028965517241379312,0.03882758620689655,0.0024827586206896553,0.01574921702450859,0.04827586206896552,0.01026494797446009,11.708912726532406,163.93633631094085,21.33141925592108,11.655865518989117,11.672038227314442,220.3045720396979,0.0,False
346,346000,incremental,0.024958140780925595,0.004360056258790436,0.015248079325779864,0.03656821378340366,0.04521297970665059,0.003867791842475387,0.02093561148425218,0.06188466947960619,0.016977950714609932,11.739690180381789,164.64215645181633,21.108026626373565,11.655417996414563,11.667731669592897,220.81302292457917,0.0,False
347,347000,incremental,0.02354823959762231,0.003703703703703704,0.013989715138256371,0.03429355281207133,0.0424554183813443,0.003155006858710562,0.01908322286050919,0.05898491083676269,0.014629716554190049,11.735863411882486,164.23454711196607,21.527247441283095,11.657204817994149,11.667702589798768,220.82256537292457,0.0,False
348,348000,incremental,0.020324074074074074,0.002916666666666667,0.013033383963013696,0.027777777777777776,0.03280092592592593,0.0023611111111111116,0.01643641035129965,0.043055555555555555,0.013914722540722282,11.725076082172436,165.41623767524217,21.495106100111183,11.65764793577273,11.668660815089549,221.96272860838803,0.0,False
349,349000,incremental,0.0208379864901604,0.0036231884057971015,0.010786291829795706,0.03333333333333333,0.03731141644185122,0.0029710144927536227,0.015200377357936702,0.05652173913043478,0.012157633469216455,11.730565166873097,162.89054239408685,21.15767358286391,11.656251841504762,11.667397916886868,219.1024309022155,0.0,False
350,350000,incremental,0.02472658107465525,0.0031383737517831673,0.012052533737344493,0.03138373751783167,0.0377318116975749,0.002567760342368046,0.01564029628838356,0.05135520684736091,0.010651511373776781,11.767170208704103,164.75915575121792,21.812268945362035,11.67957497184846,11.683540978413287,221.7017108555458,0.0,False
351,351000,incremental,0.02875118708452042,0.004843304843304843,0.01564620325756811,0.042735042735042736,0.044590286256952924,0.003703703703703704,0.019988381050491204,0.06552706552706553,0.016414448933931083,11.751612628188578,165.6669474962291,21.71933692370065,11.651941043619441,11.66705542099411,222.45689351273188,0.0,False
352,352000,incremental,0.031023550724637673,0.0038043478260869567,0.015948511183359916,0.03804347826086957,0.03849637681159419,0.002581521739130435,0.01812540762475731,0.051630434782608696,0.013535981423388459,11.705533542683,163.8931787930481,21.668753338990875,11.655363144222331,11.663852523505213,220.58668134244948,0.0,False
353,353000,incremental,0.0272490221642764,0.004041720990873534,0.013933536794564936,0.03911342894393742,0.05136897001303781,0.0034550195567144724,0.02014943892328833,0.06649282920469361,0.013037563831487726,11.733660453233652,164.50073364929207,21.478437942562543,11.654444966757715,11.665098851990074,221.03237586383608,0.0,False
354,354000,incremental,0.03294629898403483,0.0044992743105950654,0.015810802820103137,0.0420899854862119,0.04317782846084733,0.003265602322206096,0.01891055601314369,0.062409288824383166,0.01430790334740961,11.695340097206408,166.2785950352491,21.441391679838382,11.65507440530067,11.673733626565985,222.74413484416056,0.0,False
355,355000,incremental,0.020033191085822667,0.0025604551920341396,0.01082961947365733,0.025604551920341393,0.03778026146447199,0.0024182076813655763,0.015446033045739898,0.04836415362731152,0.010487960913657507,11.7775396270281,168.31440256137586,21.343769905229905,11.65502910634164,11.664847193407212,224.7555883933827,0.0,False
356,356000,incremental,0.025644567219152856,0.0038674033149171273,0.014026176532614057,0.03867403314917127,0.03919363325440674,0.0029696132596685083,0.017802781559904887,0.05939226519337017,0.015266819298322128,11.720756173450031,167.7021779717125,21.885249644373882,11.65582599430004,11.668043396306782,224.63205318014326,0.0,False
357,357000,incremental,0.021897203325774755,0.003129251700680272,0.011176989136302617,0.031292517006802724,0.03741496598639456,0.003061224489795919,0.01580513428902782,0.055782312925170066,0.012276996683548775,11.749114917941617,167.27535985430754,26.129039641817343,11.655016909750682,11.667374510512808,228.47590583433,0.0,False
358,358000,incremental,0.019082089177097472,0.0028653295128939827,0.01157355288591893,0.02865329512893983,0.03682325441109938,0.0028653295128939827,0.016385295010172257,0.05300859598853868,0.014142835435815376,11.711582773688,165.84124223663343,21.510643170088994,11.654996478413505,11.66361929570703,222.38208395453097,0.0,False
359,359000,incremental,0.034971970677015955,0.004010349288486417,0.01766229371942238,0.040103492884864166,0.0438119879258301,0.00258732212160414,0.020031642399411523,0.0517464424320828,0.014057080298984904,11.705311735013545,163.77559935934482,21.66559867242124,11.655522806741647,11.667151327873771,220.46918390139504,0.0,False
360,360000,incremental,0.016484018264840184,0.002465753424657534,0.010077452951313366,0.021917808219178082,0.03821917808219178,0.0026027397260273972,0.015872781776158654,0.04794520547945205,0.012359362479225493,11.744605627903027,167.17070956359657,21.305186422779233,11.702941505889463,11.667392146072487,223.5908352662408,771.2213113227617,True
361,361000,incremental,0.02296860572483841,0.0033240997229916905,0.0131527318741692,0.03185595567867036,0.04006397572879568,0.0028393351800554013,0.01769884478018937,0.054016620498614956,0.0135100852910429,11.809838819473729,166.9567276259276,21.32117703600167,11.656949941471485,11.670181503817268,223.41487492669177,0.0,False
362,362000,incremental,0.027827600759653938,0.004283604135893649,0.015640886796856376,0.03840472673559823,0.05006857986917071,0.0038404726735598235,0.021591924403439152,0.06646971935007386,0.015907949644133224,11.735766563741867,165.4643900071695,21.140757685209067,11.655492493309328,11.663398988670526,221.6598057381003,0.0,False
363,363000,incremental,0.022269260180936827,0.0037425149700598802,0.011413100769101138,0.0344311377245509,0.03574231407315239,0.002694610778443114,0.0149771856329573,0.05089820359281437,0.010698706470533557,11.709002276788505,169.0594691385744,21.807188537517618,11.65409928073624,11.668423958416385,225.89818319203314,0.0,False
364,364000,incremental,0.029639479905437357,0.004122340425531915,0.016208503051688982,0.0398936170212766,0.04906914893617021,0.0032579787234042557,0.02114543122855877,0.0625,0.01656002306187982,11.759459982413345,168.83421614882766,21.170903176756518,11.656523437070243,11.669941298683707,225.09104404375148,0.0,False
365,365000,incremental,0.026773296244784424,0.003337969401947149,0.012912941388699395,0.03337969401947149,0.03830551692165044,0.002503477051460362,0.016108896538359653,0.05006954102920723,0.01117589577621786,11.759122006710365,167.59143791399146,21.12283134836357,11.655305565169694,11.66388608665747,223.79258292089256,0.0,False
366,366000,incremental,0.03335533760844964,0.0049792531120331955,0.019112146209055346,0.04702627939142462,0.05316756779412381,0.0038727524204702625,0.02432014590860556,0.07053941908713693,0.02029845072556042,11.704352106484128,164.41421782834033,21.273972607760427,11.657201601358857,11.668098735040378,220.7178428789841,0.0,False
367,367000,incremental,0.020939918667191394,0.003443526170798898,0.01110391561099973,0.03443526170798898,0.03678013905286632,0.0029614325068870527,0.01557460251639284,0.05647382920110193,0.013297341519650452,11.734455530112985,168.43489965406854,21.54767045330075,11.662699712394753,11.681965987525578,225.06169133740264,0.0,False
368,368000,incremental,0.030368373764600175,0.0041778975741239895,0.015124675268158664,0.04177897574123989,0.044182389937106915,0.003032345013477089,0.018948300178164054,0.05929919137466307,0.014264195474556977,11.741497401449031,167.66673160026335,22.5435557846404,11.657371887380252,11.662965811398696,225.27212248513175,0.0,False
369,369000,incremental,0.013001502140846404,0.002459016393442623,0.008412231712821112,0.02459016393442623,0.03847964421734914,0.0029371584699453557,0.015307837355291067,0.05874316939890711,0.013026022663990233,11.716335827610669,164.44300636657417,23.804643139460623,11.657069478476778,11.667861256087209,223.28891606820943,0.0,False
370,370000,incremental,0.03342554172429691,0.004149377593360996,0.017459903319346534,0.040110650069156296,0.06061444318705729,0.00401106500691563,0.024688835300341976,0.07883817427385892,0.01711813961566669,11.73465505777127,164.8692116415912,22.101281231132198,11.655681420336128,11.665450764308805,222.0262801151396,0.0,False
371,371000,incremental,0.02237996306555863,0.0029085872576177286,0.013036062674417488,0.029085872576177285,0.041242909906344806,0.002770083102493075,0.01809022412366703,0.054016620498614956,0.01293020984420434,11.736578794038778,167.6236539349535,22.191951640576633,11.662834443398884,11.675012345502278,224.89003115847007,0.0,False
372,372000,incremental,0.02444444444444445,0.0029333333333333334,0.012702210136612635,0.029333333333333333,0.038680341880341876,0.002466666666666667,0.016606195179453196,0.048,0.011732013600434653,11.781114255551838,167.32875050400054,21.477280693377175,11.668386218313675,11.678518648070014,223.93405031931326,0.0,False
373,373000,incremental,0.02246675836772123,0.002613480055020633,0.009445829632827736,0.026134800550206328,0.039775332416322785,0.002819807427785419,0.014313460966476156,0.05639614855570839,0.008550487992382031,11.7166697686244,165.0537547977643,21.58684778677533,11.660079316522243,11.668655149732476,221.68600681941874,0.0,False
374,374000,incremental,0.021020692862125087,0.003043478260869565,0.011551896941846964,0.030434782608695653,0.0404102405125423,0.0029710144927536227,0.016843014547651563,0.057971014492753624,0.012187748873372779,11.730251038635785,168.3558107146571,21.61536292297206,11.652497523315098,11.666928473888504,225.02085067346854,0.0,False
375,375000,incremental,0.03125298900047824,0.00430416068866571,0.015049643244200694,0.043041606886657105,0.044691535150645625,0.0030846484935437594,0.018784849387100556,0.06025824964131994,0.013584270213521628,11.712279234188383,170.5667843367037,21.59574164205258,11.656166942861091,11.668486325985828,227.1994584817916,0.0,False
376,376000,incremental,0.016777611194402797,0.0028965517241379317,0.010214172860913097,0.02620689655172414,0.03488001453818545,0.002758620689655172,0.015075983819494335,0.05103448275862069,0.01240946331108603,11.739113441572302,168.06496097469815,21.717064311116417,11.651584213998035,11.668845806875328,224.84156874826024,0.0,False
377,377000,incremental,0.023495569579906932,0.0033467202141900937,0.012771552840440192,0.029451137884872823,0.04781506980302161,0.0030789825970548865,0.019183364211792536,0.05756358768406961,0.012667692827340708,11.719490039904802,166.82411308657774,21.64224472997467,11.65426407148673,11.661869912735213,223.50198184067915,0.0,False
378,378000,incremental,0.021506499535747445,0.003481894150417827,0.01204321610566725,0.03203342618384401,0.041378166865632046,0.002994428969359332,0.017330444533743546,0.054317548746518104,0.012932472565030323,11.70665564835527,166.9343117779304,21.194528738624484,11.655798147963692,11.660503711125036,223.15179802399888,0.0,False
379,379000,incremental,0.034593837535014,0.004591104734576757,0.023122453705291448,0.043041606886657105,0.055363120858099336,0.003658536585365854,0.028645370561015147,0.06886657101865136,0.024761572945130518,11.703832624623821,168.65212891428726,21.250031306180304,11.6544301555499,11.663315224466619,224.92373822510794,0.0,False
380,380000,incremental,0.026167251918324877,0.003862660944206009,0.016209277986554145,0.03719599427753934,0.03868513460788139,0.0027896995708154505,0.019659693611842173,0.05293276108726753,0.01888479748636009,11.755708604913039,164.0603235857907,21.49403394852145,11.704035706064374,11.66868158541945,220.68278343070904,646.2389410651637,True
381,381000,incremental,0.020126846499678868,0.0033236994219653184,0.01296443303411335,0.033236994219653176,0.03225525277548399,0.0025289017341040463,0.016194871289582854,0.049132947976878616,0.016290426983006038,11.729254808245937,175.33746600004173,21.939020846767356,11.656171641491465,11.666488513820127,232.3284018103666,0.0,False
382,382000,incremental,0.026869413560061037,0.0037410071942446045,0.01595108340724728,0.03597122302158273,0.03890778286461739,0.0026618705035971225,0.019168301986510018,0.051798561151079135,0.015797134958994326,11.708425036213722,171.26234179731802,21.40330705878435,11.652877471152179,11.661453396524802,227.68840475999306,0.0,False
383,383000,incremental,0.019320899091343855,0.00272596843615495,0.010934124684126282,0.024390243902439025,0.03371592539454806,0.002439024390243903,0.014793965814614214,0.04447632711621234,0.010930374589088849,11.708175828642474,165.66590577224426,21.430037024580685,11.653814922837903,11.673880957865922,222.13181450617125,0.0,False
384,384000,incremental,0.033310502283105024,0.00452054794520548,0.01713192319089893,0.0410958904109589,0.04585879873551107,0.0030821917808219177,0.02051580990992361,0.057534246575342465,0.014406445213042185,11.741990699268289,167.6720076817795,21.2285741074264,11.65674808006889,11.667311162047444,223.9666317305905,0.0,False
385,385000,incremental,0.020000220546072076,0.003493449781659389,0.012471788940764486,0.03056768558951965,0.036859865025803885,0.003129548762736536,0.017109182871053345,0.053857350800582245,0.015311407395884257,11.716552028875892,171.14290549725965,21.27388224397453,11.658112389206776,11.669189170476768,227.4606413297936,0.0,False
386,386000,incremental,0.026857010213556173,0.0037604456824512538,0.0157943491405895,0.036211699164345405,0.040436397400185696,0.002994428969359332,0.019594613671312884,0.0584958217270195,0.016063667695846003,11.772821318867255,166.72912165587027,21.51666576587219,11.656838601992181,11.667179921556748,223.3426272641586,0.0,False
387,387000,incremental,0.028785679729075954,0.0047895500725689405,0.015694836216853608,0.04644412191582003,0.04317851959361393,0.0034833091436865028,0.019699851590120426,0.06386066763425254,0.01683487034997053,11.743846767733878,170.37285823856553,21.511583492922483,11.655783138261878,11.665089037646293,226.94916067513006,0.0,False
388,388000,incremental,0.02628032345013477,0.0033692722371967657,0.012472526920246538,0.03099730458221024,0.03945792153339323,0.0026954177897574125,0.016165829734579695,0.05121293800539083,0.01139967441179336,11.709982696492261,169.3687353815504,21.834403361481456,11.656680948143872,11.661071306748315,226.23087369441632,0.0,False
389,389000,incremental,0.022623854386976866,0.0030955585464333786,0.010762478556635417,0.03095558546433378,0.039784015894379285,0.0028263795423956934,0.015587196083880393,0.05652759084791386,0.010635799997291565,11.733814599707015,166.14706590864503,21.377127912086678,11.654140033928728,11.669166431138578,222.58131488550606,0.0,False
390,390000,incremental,0.02295008912655971,0.0029411764705882357,0.012076432523607848,0.029411764705882353,0.0410427807486631,0.0027406417112299463,0.016996245067548543,0.053475935828877004,0.012425438219299248,11.744609932362593,165.42613584151488,22.156653786506443,11.655773702948235,11.667381527094566,222.6505547904267,0.0,False
391,391000,incremental,0.01706827309236948,0.0024096385542168677,0.008956483720007576,0.024096385542168676,0.03627207241665073,0.002811244979919679,0.014326187254414889,0.050870147255689425,0.009837208513648017,11.751457351383277,170.6727764392152,26.589046401362392,11.661526613346297,11.707210305592074,232.38201711089923,0.0,False
392,392000,incremental,0.026392694063926938,0.003424657534246575,0.01193061924268512,0.03424657534246575,0.04123287671232877,0.0026027397260273972,0.015767129244138478,0.052054794520547946,0.010349697725593649,11.728488652884561,166.91402309033933,21.30622632437462,11.659136289213222,11.668616303917023,223.27649066072874,0.0,False
393,393000,incremental,0.02977048167970358,0.004322766570605188,0.01559252939021646,0.04178674351585014,0.04132358995471388,0.0030259365994236304,0.018788543422680336,0.05763688760806916,0.015559000420395307,11.72690918870012,167.51476608273254,20.977439969510627,11.659147162043638,11.664489316637328,223.54275171962422,0.0,False
394,394000,incremental,0.026869758092465515,0.003930131004366812,0.014608677924693638,0.03784570596797671,0.04512545920842864,0.0032023289665211066,0.01957650966407974,0.05967976710334789,0.015055502138931235,11.702778477507003,165.0987316685476,20.89300579011244,11.6587428156123,11.68862885038424,221.04188760216357,0.0,False
395,395000,incremental,0.02064987502403384,0.0032301480484522214,0.009366960479044973,0.03095558546433378,0.04222158131983165,0.0030955585464333786,0.015075294921311098,0.059219380888290714,0.009733977343221933,11.71577674217994,168.01411974945447,21.362777234995576,11.66225749497929,11.677421259279065,224.43235248088834,0.0,False
396,396000,incremental,0.026398256011989918,0.0035765379113018602,0.009978543693136156,0.032904148783977114,0.04235756295842133,0.0030042918454935624,0.014301267947775094,0.05436337625178827,0.007363363258339275,11.77220901778242,166.35402964336464,21.095780026889056,11.652814317683614,11.665724149484413,222.54055715520414,0.0,False
397,397000,incremental,0.023339411305027348,0.00343839541547278,0.012419283502287073,0.034383954154727794,0.03986281149604932,0.0028653295128939827,0.016952232561347244,0.055873925501432664,0.014067225816961905,11.699956860442008,170.58839287933947,21.393305241756977,11.658674304276806,11.677000169116326,227.01732945493157,0.0,False
398,398000,incremental,0.019544087826026152,0.003377386196769456,0.012388026278137005,0.02936857562408223,0.03391021606880638,0.0028634361233480176,0.016402435158858,0.05286343612334802,0.013836882001527873,11.766037642510497,166.29688689367984,21.05105048208489,11.656848068905546,11.669739659991851,222.4405627471726,0.0,False
399,399000,incremental,0.020666666666666667,0.0029333333333333334,0.011953272202475468,0.029333333333333333,0.035555555555555556,0.0023333333333333335,0.015959275634284523,0.04533333333333334,0.012668202574858924,11.766955177447414,168.95482839413,21.691568135376315,11.652389635144477,11.663590941790591,225.72933228388882,0.0,False
400,400000,incremental,0.025313311936420602,0.0033012379642365893,0.012411699792446464,0.033012379642365884,0.04500174668675355,0.003163686382393397,0.017723782617021733,0.059147180192572216,0.012790177798045494,11.699509025395184,169.09765771817854,21.626873296029526,11.678049965491155,11.669438598843618,225.771528603938,739.5775723999104,True
401,401000,incremental,0.021495956873315365,0.003099730458221024,0.011131009185076058,0.02830188679245283,0.034401873957130014,0.002560646900269542,0.014750324897822121,0.04582210242587601,0.009953824488061718,11.773734185760443,168.32425566498665,21.723149419422548,11.654584485362719,11.662072085208418,225.1377958407408,0.0,False
402,402000,incremental,0.041499330655957165,0.0053547523427041515,0.02446087448276126,0.0535475234270415,0.05849208801016031,0.0038821954484605085,0.02909256090994551,0.07630522088353414,0.022622898425489594,11.698862265985266,167.45237438270388,21.571262030034568,11.65349581892794,11.668813001214362,224.04480749886605,0.0,False
403,403000,incremental,0.017406077702269523,0.0028208744710860366,0.009551630028134538,0.028208744710860368,0.03503654314655724,0.002609308885754584,0.014295799869293201,0.05077574047954866,0.009709131007552016,11.736401274553554,165.9508789308012,21.128921825652736,11.65358392486715,11.672348018396118,222.14213397427073,0.0,False
404,404000,incremental,0.029212587509530742,0.004366812227074236,0.018214581563085266,0.042212518195050945,0.052732723365911144,0.004002911208151383,0.02480420824459159,0.07714701601164484,0.020391196134601976,11.735178931229772,175.67300832324605,20.972103470420777,11.65577470872703,11.667489384664664,231.7035548182883,0.0,False
405,405000,incremental,0.02502760524499655,0.00391304347826087,0.014027680206617694,0.036231884057971016,0.037659357550661895,0.002898550724637681,0.01735905153547244,0.05507246376811594,0.01652678954957189,11.726396969211073,169.46701986354785,21.34658150899915,11.65500221664284,11.67273641400346,225.86773697240434,0.0,False
406,406000,incremental,0.025063560777846494,0.003751803751803752,0.012960765636316419,0.03463203463203463,0.050123685837971554,0.0036796536796536794,0.019781888416437812,0.06926406926406926,0.013719079519275196,11.767279059118895,173.97357761721187,21.072504473224065,11.654753213879987,11.665382097805765,230.13349646124058,0.0,False
407,407000,incremental,0.02428240740740741,0.0037500000000000003,0.013000888206803743,0.03194444444444444,0.044537037037037035,0.0032638888888888882,0.018220426239425005,0.05555555555555555,0.01303942477204216,11.777445032820633,169.74974646201403,21.053810694462992,11.657807388820718,11.67051612345482,225.90932570157318,0.0,False
408,408000,incremental,0.024976156413924658,0.004291845493562232,0.013807621120746731,0.03719599427753934,0.031771578445398185,0.002861230329041488,0.01571435685006495,0.045779685264663805,0.01340386015109304,11.73893892612854,168.0693356071461,21.062227552201552,11.65089178342682,11.660060649315573,224.1814545182186,0.0,False
409,409000,incremental,0.02112511671335201,0.0035014005602240898,0.013026008456289661,0.0350140056022409,0.04616013071895425,0.0035014005602240898,0.019796540780683693,0.06862745098039216,0.015108183333135853,11.703596727141719,169.94086972155208,21.13827707485305,11.654263857338588,11.665159305770946,226.10216668665637,0.0,False
410,410000,incremental,0.024443793911007025,0.003551912568306011,0.013112579519049426,0.03551912568306011,0.038104996096799376,0.002595628415300546,0.016665410908183638,0.050546448087431695,0.013776245244010304,11.72494094650589,169.85125646036548,21.165265752090544,11.653568807556969,11.665692519299832,226.0607244858187,0.0,False
411,411000,incremental,0.03240894215648774,0.004908835904628331,0.018916385706278675,0.04908835904628331,0.050091376599090486,0.003716690042075737,0.02367403081541676,0.07152875175315568,0.021183565966163803,11.746254417188684,169.2107546426014,21.051090683468775,11.65642442164938,11.66709322947268,225.33161739438088,0.0,False
412,412000,incremental,0.016761904761904763,0.002142857142857143,0.00819658426114902,0.02142857142857143,0.03330952380952382,0.002214285714285714,0.012772630195784052,0.04285714285714286,0.007970311870300813,11.740868210666221,171.39206988588117,21.32000254599642,11.655106809518866,11.668541475606808,227.77658892766948,0.0,False
413,413000,incremental,0.03224621382516119,0.003913630229419703,0.015888484190332838,0.03913630229419703,0.052466636677162996,0.0033738191632928477,0.021322113820272784,0.06612685560053981,0.014096614924349597,11.766426488632465,168.14034966136649,21.783858456622674,11.655427783016648,11.67024237275216,225.01630476239046,0.0,False
414,414000,incremental,0.023207671957671958,0.0037500000000000003,0.011291433434392786,0.0375,0.03802248677248677,0.002916666666666667,0.015336851041281884,0.058333333333333334,0.011612124796141826,11.734065178042874,168.59927276931253,22.01971257856372,11.656185511466077,11.670030720903334,225.67926675828852,0.0,False
415,415000,incremental,0.023404084257919282,0.004196816208393632,0.014356099516588694,0.03907380607814761,0.040167229458112234,0.003328509406657019,0.018915749660732905,0.06222865412445731,0.017356850182644448,11.72389698174403,168.7603361597845,21.362685474479726,11.657234232659297,11.668563353828265,225.1727162024958,0.0,False
416,416000,incremental,0.022601918465227817,0.003309352517985612,0.01173589130703743,0.033093525179856115,0.032494004796163066,0.0025899280575539573,0.014613404620298419,0.04892086330935252,0.01042717259897695,11.72488685619033,168.80840463964765,21.244974949152784,11.68342521230825,11.686137968772158,225.14782962607117,0.0,False
417,417000,incremental,0.01783166904422254,0.0024251069900142657,0.0071314470677195305,0.024251069900142655,0.028649548264384216,0.0019258202567760344,0.010042070074499504,0.037089871611982884,0.005347911321520451,11.750467604251803,168.95551960542653,21.62061570872009,11.666216225308945,11.678820087374087,225.67163923108146,0.0,False
418,418000,incremental,0.01860917680710886,0.00310192023633678,0.009650854489797573,0.029542097488921712,0.03432393144357694,0.002732644017725258,0.013821243086785796,0.051698670605613,0.010460313373022419,11.748497439997841,164.72119537322416,21.27671599017056,11.65447340123471,11.666653669195615,221.06753587382292,0.0,False
419,419000,incremental,0.019662921348314606,0.003370786516853933,0.01114662713187297,0.033707865168539325,0.04026217228464419,0.0030898876404494386,0.01663535335286428,0.06179775280898876,0.01287802887252395,11.762172628493328,167.24810812319967,21.268953570172112,11.655018288800335,11.661917794822397,223.5961704054878,0.0,False
420,420000,incremental,0.021683075480543833,0.0028129395218002813,0.013202905798742403,0.026722925457102673,0.039193624003750586,0.00260196905766526,0.017934218782054378,0.04922644163150492,0.012986748673415078,11.70155584066801,166.89200033234707,21.171555849769376,11.697132024909852,11.669727646795858,223.13197169449018,732.0313897232617,True
421,421000,incremental,0.02376283846872082,0.0037815126050420172,0.012477528679049145,0.0350140056022409,0.03648459383753501,0.0028711484593837537,0.01602508781723603,0.0546218487394958,0.012422694263596257,11.713572117030836,172.44050468701033,21.264574944057646,11.655992134804173,11.671021538331438,228.7456654212344,0.0,False
422,422000,incremental,0.016790710495486184,0.002894356005788712,0.012009585211255922,0.02604920405209841,0.028295775618496312,0.0023878437047756876,0.015117662498039643,0.04486251808972504,0.013577394942401911,11.765254166962169,172.63123598301732,21.105084291025978,11.656891265490742,11.669035507574922,228.82750121407113,0.0,False
423,423000,incremental,0.016656814449917897,0.0024827586206896553,0.007706933248587139,0.02482758620689655,0.034036124794745486,0.0024827586206896553,0.012344292639148666,0.04827586206896552,0.008336893353494185,11.769516612997188,173.69734294869767,21.69358164448576,11.654009289999156,11.664558434210104,230.47900893038988,0.0,False
424,424000,incremental,0.02113793103448276,0.0028965517241379317,0.009899228833270171,0.027586206896551724,0.0337816091954023,0.002206896551724138,0.013085132885138594,0.04275862068965517,0.008348820183292265,11.699942116347174,171.74530186096771,22.29001641601558,11.6548245336634,11.664975015382439,229.05505994237632,0.0,False
425,425000,incremental,0.029381846635367758,0.003802816901408451,0.016043045385360968,0.038028169014084505,0.055320813771517985,0.0035211267605633804,0.02304484590437108,0.06901408450704226,0.016480860688607164,11.707167811153552,170.8043672456333,21.48274567263797,11.654477833009103,11.66823736382938,227.3169959262633,0.0,False
426,426000,incremental,0.029574612539214312,0.004867256637168142,0.01753503014208874,0.0471976401179941,0.042406470946293955,0.003539823008849558,0.021128779237135912,0.06637168141592921,0.018986327288609543,11.74968365962037,170.80691929208248,21.073997627463203,11.655811475219657,11.668052913832438,226.95446496821813,0.0,False
427,427000,incremental,0.03213787607093046,0.004463040446304045,0.016075001229083043,0.043235704323570434,0.048455867702729624,0.0034170153417015345,0.020584788714481383,0.06555090655509066,0.014736979845889519,11.71118739153043,168.0047062471851,22.140371382387002,11.654793868581814,11.672261129205829,225.18332001889019,0.0,False
428,428000,incremental,0.03276836158192091,0.0038135593220338985,0.016160473375018008,0.038135593220338986,0.052660075329566854,0.003248587570621469,0.02149439593135369,0.06497175141242938,0.014829117193241923,11.763932562997015,171.2053525962931,21.19648890362702,11.652672303394397,11.665031666469039,227.4834780327806,0.0,False
429,429000,incremental,0.02282016348773842,0.0031335149863760217,0.01195347997762389,0.031335149863760216,0.04136012715712988,0.002929155313351499,0.016981845752865807,0.055858310626702996,0.012748690887214687,11.706341267334054,173.8518521976068,21.00284167520783,11.65560836294266,11.664192120730554,229.88083562382192,0.0,False
430,430000,incremental,0.018698060941828253,0.002770083102493075,0.010490552932731233,0.027700831024930747,0.03766323703996834,0.0029085872576177295,0.015646375310471635,0.055401662049861494,0.011825767557180985,11.731097003031543,170.61983715352392,21.78223186308226,11.6581831690471,11.670681385231308,227.46203057391614,0.0,False
431,431000,incremental,0.021768707482993196,0.0035040431266846364,0.010818832389673995,0.03369272237196765,0.046938775510204075,0.0033018867924528303,0.0174162912106011,0.0646900269541779,0.010982514454012287,11.733062821525643,167.51152192948092,21.430838137187493,11.653163897368257,11.665127365723116,223.99371415128542,0.0,False
432,432000,incremental,0.027802211389006643,0.004599406528189911,0.015592598896722855,0.04302670623145401,0.054599112147331735,0.004080118694362018,0.022754476276749865,0.07863501483679525,0.018137280446538055,11.714144236729673,170.68912849864392,21.18235895602616,11.657066038159304,11.66841517460937,226.91111290416845,0.0,False
433,433000,incremental,0.033862433862433865,0.005050505050505051,0.016576795085686574,0.047619047619047616,0.05928330928330928,0.004112554112554112,0.023255571474775624,0.07792207792207792,0.01700316707805349,11.734154188342005,166.8213118666273,21.12704914465635,11.654604673755342,11.668693348981796,223.0058132223628,0.0,False
434,434000,incremental,0.0204031465093412,0.003539823008849558,0.013370632955864263,0.032448377581120944,0.04084316617502458,0.003171091445427729,0.01880902271977191,0.05752212389380531,0.01862059590216526,11.730625126590844,169.17518100596774,21.43040460315937,11.658254488053355,11.671573665092417,225.6660388888637,0.0,False
435,435000,incremental,0.017445054945054946,0.0024725274725274724,0.010315380017303323,0.024725274725274724,0.035989010989010986,0.0022664835164835167,0.014960934265046607,0.04532967032967033,0.011337461737429416,11.741442162704896,169.73003137560337,21.362440736430454,11.655463072385297,11.672397397868849,226.16177474499284,0.0,False
436,436000,incremental,0.026230269266480963,0.003481894150417827,0.013834785593555131,0.03203342618384401,0.04078458681522748,0.002855153203342619,0.017878226425156327,0.054317548746518104,0.012426756159346687,11.765056880094772,172.4499412329855,21.342327835696672,11.660825366952011,11.675358866342078,228.89351018207103,0.0,False
437,437000,incremental,0.025926305481542213,0.00430416068866571,0.01747280983418896,0.03730272596843615,0.04908508118694632,0.003802008608321378,0.023817562980723767,0.06743185078909612,0.020381493895692295,11.770012801004537,165.11134999157295,21.514935503147427,11.655349059502829,11.66769271959689,221.71934007482463,0.0,False
438,438000,incremental,0.026915584415584413,0.0035714285714285713,0.015385708307774134,0.03571428571428571,0.05196320346320346,0.0036428571428571434,0.02223674139857964,0.06857142857142857,0.016316571586308427,11.73891221853407,172.06190884686,21.79138848282247,11.658280392679021,11.667214216734557,228.9177041576301,0.0,False
439,439000,incremental,0.02119149952244508,0.0031518624641833815,0.01247798613716556,0.03008595988538682,0.04296800382043935,0.0030802292263610313,0.018369209222165624,0.05873925501432665,0.014148036544345767,11.727107853062858,169.0242609464765,21.53345164160325,11.661509592461595,11.673195660588664,225.61952569419284,0.0,False
440,440000,incremental,0.02600758653390232,0.0034139402560455197,0.014218041943440573,0.034139402560455195,0.04627785680417259,0.0029871977240398294,0.01965535637802746,0.05832147937411095,0.014851563380975147,11.70151712180656,177.3029519327729,21.259648223900808,11.703861942505277,11.670896264040497,233.63887548502606,735.4764386385409,True
441,441000,incremental,0.026247645951035785,0.0031073446327683617,0.014238656982732946,0.031073446327683617,0.047682624640697786,0.0030367231638418085,0.01995666498183964,0.06073446327683616,0.014170990963475351,11.728757996556926,174.29738427543472,21.813743511150953,11.662731898731682,11.667076470878168,231.16969415275247,0.0,False
442,442000,incremental,0.02026570048309179,0.003333333333333333,0.013789770866662701,0.030434782608695653,0.03367149758454106,0.0026086956521739132,0.017425047580331268,0.04927536231884058,0.01533266906836701,11.702263108107068,172.62814875110277,21.607546026022884,11.651560521436233,11.664746865855392,229.25426527252435,0.0,False
443,443000,incremental,0.020726672171758876,0.0033236994219653184,0.012387456594014225,0.033236994219653176,0.04003836361134049,0.0032514450867052024,0.017649241022086117,0.06213872832369942,0.015359033583847468,11.72965189277786,170.4083513409116,20.933002244358235,11.65622207793815,11.669155596902293,226.39638315288815,0.0,False
444,444000,incremental,0.03385654679117822,0.004172461752433936,0.01596347592438427,0.04172461752433936,0.05274852639247631,0.0033379694019471493,0.02109220978778151,0.06397774687065369,0.0133348574167113,11.727993286941851,171.5076477555727,21.675456236408543,11.65693833672654,11.674504940661912,228.24254055631152,0.0,False
445,445000,incremental,0.030151004428858628,0.004401650618982118,0.014279477148310786,0.04264099037138927,0.05513954179703836,0.003782668500687758,0.02082384155401064,0.07290233837689133,0.013927584839045059,11.728917062830968,175.523709903605,22.50820402575904,11.658107156004016,11.672950635921442,233.09188878412044,0.0,False
446,446000,incremental,0.0198329266003379,0.002759526938239159,0.01122146888727123,0.02759526938239159,0.0351323446592829,0.002431011826544021,0.015389709405279407,0.045992115637319315,0.011164670331004753,11.755484804823467,171.23188607280625,21.779805394236963,11.654558999915633,11.665560930976259,228.08729620275855,0.0,False
447,447000,incremental,0.030439659039928218,0.004172274562584119,0.018115474938153266,0.04172274562584118,0.0455585464333782,0.003162853297442799,0.022250964611319646,0.06191117092866756,0.017069338221661873,11.69977333384531,169.07729740327227,21.731348776296567,11.656076888508228,11.66961681121903,225.8341132131414,0.0,False
448,448000,incremental,0.02305755395683453,0.0035971223021582736,0.010696016397054127,0.03597122302158273,0.03893285371702638,0.0030215827338129497,0.015054665301594803,0.05755395683453238,0.011120198010580442,11.701241710751486,168.86244403754858,21.431772174757,11.657422270106022,11.671208775862475,225.32408896902558,0.0,False
449,449000,incremental,0.020375564905719186,0.0035063113604488078,0.009580051195556325,0.033660589060308554,0.03069970391148512,0.00273492286115007,0.012563841553149201,0.051893408134642355,0.011530588515345287,11.76733214705572,167.06933257774892,21.184810061886104,11.657520809241205,11.672401693196832,223.35139728912878,0.0,False
450,450000,incremental,0.025861787022501307,0.003708791208791209,0.012861717681286031,0.03571428571428571,0.03948903279260422,0.002953296703296703,0.016741677204674895,0.054945054945054944,0.011851841747193108,11.738802223118515,173.29853548993245,21.295947826266428,11.655928187775944,11.666424523715246,229.65563825080858,0.0,False
451,451000,incremental,0.023770491803278688,0.0035519125683060116,0.01108843242023432,0.03415300546448088,0.03492714025500911,0.002595628415300546,0.014108933770668757,0.050546448087431695,0.00954236886011235,11.73205763617402,172.84241789540522,21.31889636797224,11.656511887309096,11.66758420534375,229.21746799220435,0.0,False
452,452000,incremental,0.019437056737588655,0.003191489361702128,0.009365809295098913,0.030585106382978722,0.0337322695035461,0.0024601063829787235,0.013139013533588881,0.047872340425531915,0.00906361596363696,11.735213305108516,169.19563302829343,21.6900419445637,11.654772474820053,11.664342871406387,225.94000362419206,0.0,False
453,453000,incremental,0.024603174603174603,0.0036414565826330533,0.01320788037490584,0.03361344537815126,0.04607843137254901,0.0032212885154061627,0.019004743916793868,0.06022408963585434,0.013676239726659895,11.700533512223888,176.2660624418655,21.293778785153037,11.656449553476556,11.665995277826413,232.5828195705454,0.0,False
454,454000,incremental,0.023403263403263406,0.0033566433566433566,0.014609761518824768,0.033566433566433566,0.04738927738927739,0.0035664335664335666,0.021380737558361788,0.06713286713286713,0.01763640499735674,11.73170149652847,168.0376507568332,21.13746185294918,11.653047377616076,11.668007897328025,224.22786938125495,0.0,False
455,455000,incremental,0.02178687008784096,0.0027739251040221915,0.010987384345948405,0.027739251040221916,0.03923948220064725,0.0027739251040221915,0.01578829388180051,0.05547850208044383,0.011431856582962505,11.76575265368629,172.9064052745366,21.876291125697,11.65651401080492,11.669690093515928,229.87465315824076,0.0,False
456,456000,incremental,0.024254407645411105,0.004061624649859943,0.013550362007215688,0.0392156862745098,0.042274949195364425,0.003361344537815126,0.018386836472875243,0.06022408963585434,0.016732609760486544,11.756685861216699,171.22547399466004,20.97890362556809,11.657863248609734,11.66795225834849,227.28687898840306,0.0,False
457,457000,incremental,0.020167824074074074,0.0030555555555555557,0.009934035934128876,0.02638888888888889,0.04456018518518518,0.0030555555555555557,0.016269891267183825,0.05555555555555555,0.01088027763740483,11.7337025967168,168.5101767111008,21.53155440010046,11.655196364410148,11.675794777052385,225.1064248493806,0.0,False
458,458000,incremental,0.027822706506625806,0.004052098408104197,0.013618639131648043,0.03907380607814761,0.04647995232825401,0.0035455861070911726,0.018795574706735815,0.06657018813314038,0.012485051081075596,11.748711902487274,167.99336116744834,21.47443211251987,11.654191031398863,11.664955063064863,224.53565127691922,0.0,False
459,459000,incremental,0.030923341296785284,0.004287690179806363,0.013640903241598603,0.042876901798063624,0.04261075485141875,0.0030428769017980637,0.01689618656649302,0.056708160442600276,0.011377508103771224,11.699530245518064,171.80859574882078,21.672127714394975,11.65665010494088,11.67035630915414,228.50726012282885,0.0,False
460,460000,incremental,0.028140072005977852,0.003566333808844508,0.016246011244952976,0.03566333808844508,0.05548196454045241,0.0037803138373751787,0.0236069560916698,0.07417974322396577,0.018189455925849755,11.729207185312562,168.49704321285353,21.33470798749981,11.684013644278068,11.668510626366979,224.91348265631098,687.6957687901447,True
461,461000,incremental,0.03421771130104463,0.004273504273504274,0.017374170182882266,0.039886039886039885,0.05795940170940171,0.0037749287749287747,0.023756506189436723,0.07264957264957266,0.01573815716452191,11.730594409647965,172.75647071283984,21.199950752379127,11.65396964392107,11.663079645618524,229.00406516440654,0.0,False
462,462000,incremental,0.01974900924702774,0.0031704095112285342,0.009748736112696227,0.03038309114927345,0.039784236019374725,0.0030383091149273453,0.01530610625737242,0.059445178335535004,0.010742923266030609,11.700211970000485,172.6998234965471,21.60644303236814,11.652760627423042,11.669545731937681,229.32878485827646,0.0,False
463,463000,incremental,0.025028180354267314,0.00391304347826087,0.01264575225993024,0.03768115942028986,0.04336151368760064,0.0033333333333333335,0.017785850759164584,0.06376811594202898,0.014409525273537924,11.73283630133415,171.64610089370757,21.50548709742295,11.654062256824528,11.660771855978581,228.19925840526776,0.0,False
464,464000,incremental,0.012023809523809523,0.0018571428571428576,0.006562140384898061,0.018571428571428572,0.03322789115646259,0.002642857142857143,0.01264369248897848,0.05142857142857143,0.008492783943414196,11.699989452662596,174.23322336838908,21.422278489391378,11.651711423740775,11.669761062080287,230.67696379626412,0.0,False
465,465000,incremental,0.026449917898193762,0.004275862068965517,0.013164688392868629,0.041379310344827586,0.04089983579638752,0.00303448275862069,0.016870857551433794,0.057931034482758624,0.012618605953078035,11.71968362538578,171.55138735577836,21.375981223564764,11.656322122910456,11.666934769047344,227.97030909668672,0.0,False
466,466000,incremental,0.026810176125244615,0.0038356164383561643,0.015605601608793974,0.03424657534246575,0.04728962818003914,0.0034931506849315065,0.02127141640772648,0.06438356164383562,0.015293800561888692,11.708826553505357,170.56493594397315,22.06212679059516,11.653124057015019,11.670130555238579,227.65914390032728,0.0,False
467,467000,incremental,0.018218369141851994,0.0025065963060686017,0.008872713874532354,0.025065963060686015,0.038635506973237844,0.002572559366754618,0.01425014567602944,0.05013192612137203,0.0085633646616292,11.762995060032866,170.61567336648653,21.62551034017024,11.658201776038046,11.669051491816628,227.33143203454432,0.0,False
468,468000,incremental,0.024079387852702052,0.003586800573888092,0.012839004654101916,0.03443328550932568,0.03891280089271481,0.0028694404591104736,0.016846051177831993,0.05595408895265423,0.012602439235266345,11.734521646752928,170.80523120006907,21.30347069333183,11.659111992398664,11.669617668186305,227.1719532007388,0.0,False
469,469000,incremental,0.01839793281653747,0.00248062015503876,0.009783921065913343,0.024806201550387597,0.026420014094432696,0.00186046511627907,0.01194417675371422,0.037209302325581395,0.009220845021118617,11.732844083761629,173.48396894635576,20.954770592551686,11.657724030431083,11.669060809502142,229.4983684626023,0.0,False
470,470000,incremental,0.02686619718309859,0.004225352112676056,0.0132853060724011,0.038028169014084505,0.04857981220657276,0.003450704225352113,0.01888107714072374,0.0647887323943662,0.013919957478966334,11.705589159721752,169.6642885942179,21.26749790397342,11.656077694613408,11.669151557203161,225.96260490972963,0.0,False
471,471000,incremental,0.022406103286384975,0.004225352112676056,0.013432780223257695,0.035211267605633804,0.03284037558685446,0.003098591549295775,0.016574342222499865,0.05070422535211268,0.013776410577363353,11.736294938655135,172.85944604748803,21.188930954318952,11.6550900980672,11.664051070295333,229.10381310882465,0.0,False
472,472000,incremental,0.02266042780748663,0.003074866310160428,0.011138053556955432,0.03074866310160428,0.0357397504456328,0.0025401069518716578,0.014855866480663608,0.0481283422459893,0.010751067347864173,11.754493766905071,172.28579578820734,21.443909844168218,11.655096762236417,11.666736296878089,228.80603245839512,0.0,False
473,473000,incremental,0.024044476524369283,0.0034852546916890083,0.014462347245720453,0.032171581769437,0.0358854059256204,0.002479892761394102,0.01759204351319232,0.045576407506702415,0.01464971163165454,11.724781176530863,173.14647297153596,21.715928242627136,11.653839173092484,11.667842793286475,229.9088643570729,0.0,False
474,474000,incremental,0.028968253968253962,0.00423728813559322,0.016589861440122772,0.04096045197740113,0.04491693570083401,0.003319209039548023,0.021104213909926683,0.0635593220338983,0.017183497791673264,11.72410519095779,168.848950727038,21.91258346695424,11.657484582455746,11.670574755887063,225.81369872329282,0.0,False
475,475000,incremental,0.030189853719265487,0.004341736694677871,0.018731475021065487,0.04201680672268908,0.04750233426704015,0.003641456582633054,0.023665660347864416,0.0700280112044818,0.021302748554972974,11.729796702428242,172.07497157423202,21.422285120697993,11.65339368797147,11.664357688567772,228.54480477389748,0.0,False
476,476000,incremental,0.016759517177344474,0.0026462395543175488,0.009388383864749446,0.025069637883008356,0.032554655186967166,0.0023676880222841226,0.013583324166902564,0.04596100278551532,0.010970564359266638,11.728710102895668,177.7579678208796,21.59102766395582,11.654181494624716,11.671019783526804,234.4029068658826,0.0,False
477,477000,incremental,0.02826144308138768,0.004293628808864266,0.015676763070047933,0.04293628808864266,0.0432660598865585,0.002977839335180056,0.019382007043096144,0.05955678670360111,0.016795774406749252,11.77485806365397,171.15537477382924,21.9211252561885,11.654720555615006,11.66547945417873,228.17155810346543,0.0,False
478,478000,incremental,0.02056429916599408,0.0031073446327683617,0.01037777015498207,0.031073446327683617,0.04575262308313155,0.0033192090395480233,0.017154648632036217,0.0635593220338983,0.011840039070190723,11.699033206108433,177.87672850941294,21.29134002752664,11.654657083359776,11.661614979563417,234.1833738059712,0.0,False
479,479000,incremental,0.01752913752913753,0.002797202797202797,0.009233296935625041,0.027972027972027972,0.03254079254079254,0.0026573426573426573,0.013489934446972485,0.046153846153846156,0.009294200871307974,11.703545860317078,171.9453057234116,21.96435822206244,11.656426873091208,11.66830622335857,228.9379429022409,0.0,False
480,480000,incremental,0.017664399092970524,0.002448979591836735,0.0089531916090167,0.021768707482993196,0.034829931972789115,0.002380952380952381,0.013716412361638288,0.04353741496598639,0.009080990815684692,11.716544858667021,170.8198444942549,21.809703803762904,11.676373809804685,11.664597470747996,227.68706443723752,781.1292884991327,True
481,481000,incremental,0.024051490514905148,0.003658536585365854,0.014926213701803779,0.036585365853658534,0.05142276422764227,0.0035230352303523044,0.02212027005391403,0.07046070460704607,0.015898441640657655,11.759419090248691,174.33441599791487,22.1342869748814,11.675713582709468,11.679291200702991,231.58312684645745,0.0,False
482,482000,incremental,0.028777312877731286,0.004044630404463041,0.014780515919100042,0.040446304044630406,0.04295676429567643,0.002859135285913529,0.01847013889107153,0.05578800557880056,0.014107014087097509,11.76162181806828,173.4118622485209,21.194753873354788,11.656855833389045,11.667841059270767,229.69293483260375,0.0,False
483,483000,incremental,0.023186409550045913,0.0035812672176308543,0.012136978197937829,0.03443526170798898,0.03432047750229568,0.002617079889807163,0.015219397088525998,0.048209366391184574,0.012382922261577943,11.765069614533274,171.25453126469458,21.343480775093404,11.651614926735942,11.668631449066048,227.68332803012325,0.0,False
484,484000,incremental,0.02415824915824916,0.0033189033189033185,0.01223812432680545,0.031746031746031744,0.03594276094276094,0.0024531024531024535,0.015437292520926413,0.047619047619047616,0.012155858874929279,11.732231479114063,169.24006966462235,21.759257027451074,11.654519607398605,11.65970160262042,226.04577938120653,0.0,False
485,485000,incremental,0.020422535211267606,0.0036619718309859155,0.01075558944228552,0.035211267605633804,0.04025821596244132,0.0033098591549295775,0.016180992176421223,0.057746478873239436,0.01245026470934551,11.700634606301442,174.6711761711206,21.186509772272434,11.654685138071109,11.665533419163987,230.87853910692957,0.0,False
486,486000,incremental,0.009410430839002266,0.0021768707482993197,0.00666144945611006,0.021768707482993196,0.022789115646258504,0.0021768707482993197,0.01055190062600227,0.04081632653061224,0.010159497084846172,11.726242759343975,168.27593508562944,21.333957865535268,11.65708142693289,11.669689918364368,224.6629070558059,0.0,False
487,487000,incremental,0.02304669440591771,0.0033287101248266303,0.013125300072839517,0.0319001386962552,0.038384188626907075,0.002704576976421637,0.017180187418766507,0.052704576976421634,0.01377012883783451,11.764752022719316,167.91345786186517,21.257360408602487,11.654990207887739,11.666487707215346,224.25704820829006,0.0,False
488,488000,incremental,0.031981078989941625,0.0048744460856720824,0.016711917732852955,0.047267355982274745,0.056875331709157415,0.00413589364844904,0.023393232874925524,0.07828655834564253,0.016562166614928524,11.697662826173904,167.82356539207788,21.017506113760188,11.656951275543225,11.670108864381135,223.86579447193634,0.0,False
489,489000,incremental,0.027180232558139533,0.00436046511627907,0.014899509386201285,0.040697674418604654,0.04006782945736434,0.003415697674418605,0.01862509362081975,0.059593023255813955,0.016416948534541592,11.733411048223118,168.96573857005936,21.588725230337058,11.655894853246362,11.666563684828436,225.61033338669435,0.0,False
490,490000,incremental,0.032504604051565376,0.004834254143646409,0.016497399599648015,0.04696132596685083,0.045165745856353585,0.0033839779005524866,0.019997421564902494,0.062154696132596686,0.01655897489196969,11.698705942086995,168.6248759591169,21.4700627176323,11.655116422384925,11.666273249583137,225.11503429080426,0.0,False
491,491000,incremental,0.028791946308724833,0.004161073825503356,0.016158771665042218,0.04161073825503356,0.037069351230425054,0.002818791946308725,0.018585975605923226,0.053691275167785234,0.016510490292359098,11.701094201246875,169.72799123006476,23.001478994449933,11.655244213024108,11.666976397803342,227.75278503658905,0.0,False
492,492000,incremental,0.03633675692499222,0.004901960784313725,0.021616762066668852,0.047619047619047616,0.05552443199502023,0.0036414565826330533,0.026661284753292512,0.0700280112044818,0.024131917579962428,11.699914986756932,168.50674660669196,21.193645755382406,11.655812248420606,11.665869617802361,224.72198921505426,0.0,False
493,493000,incremental,0.023342527326591072,0.003452855245683931,0.012260629530803792,0.03187250996015936,0.03374536043858753,0.00252324037184595,0.015187200967691446,0.04780876494023904,0.011584639585176137,11.703073426308496,170.64020499164835,23.051654534797517,11.656082189781536,11.666812245195167,228.71782738773103,0.0,False
494,494000,incremental,0.031982414068744996,0.00460431654676259,0.01804015399387686,0.0460431654676259,0.04575939248601119,0.003453237410071942,0.02188369015150119,0.06762589928057554,0.017376249376438696,11.709749615257392,168.99136219582223,22.57472545685868,11.65775019978943,11.669799110075596,226.60338657780332,0.0,False
495,495000,incremental,0.02626690182245738,0.005037037037037037,0.014810849499055066,0.045925925925925926,0.040190476190476186,0.003407407407407407,0.018219139806391803,0.06222222222222222,0.018923621340374005,11.737238289580286,168.32639877331636,21.669425453327285,11.654240329367349,11.664830971785944,225.0521338173772,0.0,False
496,496000,incremental,0.022413984215660192,0.0034916201117318434,0.01149172124673708,0.0335195530726257,0.0391870621619225,0.0029329608938547485,0.015945593405954007,0.055865921787709494,0.012280083477892945,11.726407285042594,167.67753700541732,21.249207984172514,11.655976181593196,11.663513741003161,223.97264219722877,0.0,False
497,497000,incremental,0.03073507900240573,0.004526166902404527,0.015781093391460582,0.04526166902404526,0.045527629686045526,0.0034653465346534654,0.01976463468039831,0.06789250353606789,0.016159829399885715,11.729662664855534,170.20200054407297,23.029451201875272,11.65643734801769,11.672358929473713,228.2899106882952,0.0,False
498,498000,incremental,0.01462829736211031,0.0028776978417266188,0.010741864556336007,0.025899280575539568,0.03508175277959451,0.0030215827338129497,0.016419164729349803,0.053237410071942444,0.014347906080204453,11.732077059678492,167.609981473707,20.919482726658444,11.654701208216323,11.666178257319082,223.58242072557934,0.0,False
499,499000,incremental,0.019260890846793933,0.003377386196769457,0.01080082361817832,0.032305433186490456,0.036025452765540866,0.002790014684287812,0.01511335170006941,0.05433186490455213,0.012832130727924567,11.698932330522771,169.15820306244444,25.521221268420824,11.656626674044768,11.666064141852006,229.70104747728482,0.0,False
500,500000,incremental,0.026688762626262626,0.0038888888888888888,0.013515356162950604,0.03888888888888889,0.03872579966329966,0.0027083333333333334,0.01662327290142613,0.05416666666666667,0.012537993559826635,11.699275447640822,169.2134300023407,23.025364046747043,11.677395392664657,11.664070036651598,227.2795349260448,654.8683482277689,True
501,501000,incremental,0.02825174825174825,0.004195804195804197,0.01622120094028297,0.04055944055944056,0.04377622377622377,0.0030769230769230774,0.02033144664084405,0.06013986013986014,0.017484396372497435,11.734451972778004,173.41965806827454,26.471785048082232,11.657201670692285,11.67037204470589,234.95346880453295,0.0,False
502,502000,incremental,0.020870691372783422,0.003486750348675035,0.010431105241957261,0.03347280334728033,0.038370857408514314,0.0029986052998605306,0.015103394839093634,0.05439330543933055,0.010871730608572714,11.743272535391647,171.28119859884106,21.23697027736626,11.65741808061005,11.668990425234282,227.5878499174433,0.0,False
503,503000,incremental,0.022088730367311182,0.002759526938239159,0.012293541309774277,0.02759526938239159,0.03943432826481446,0.002693823915900131,0.01702151605799057,0.052562417871222074,0.01238295848364684,11.728764660712265,170.18671593324598,23.20678191891634,11.657294659156436,11.671539484753302,228.45109665678433,0.0,False
504,504000,incremental,0.031673145448655654,0.004227405247813411,0.017091584714442637,0.04081632653061224,0.04959276227497802,0.0035714285714285718,0.022092955697012785,0.06559766763848396,0.01686176739103925,11.728099479635379,173.33719420441207,22.26695730220274,11.686218008372107,11.696974745817323,230.7154437404396,0.0,False
