batch,interactions,recall_existing,precision_existing,ndcg_existing,hr_existing,mrr_existing,recall_new_content,precision_new_content,ndcg_new_content,hr_new_content,mrr_new_content,recall_overall_content,precision_overall_content,ndcg_overall_content,hr_overall_content,mrr_overall_content,n_new_users,pct_new_users,n_users_trained,id_resolution_emissions_mg,recovered_history_seed_emissions_mg,expand_embeddings_emissions_mg,gt_split_emissions_mg,scoring_emissions_mg,history_update_emissions_mg,apply_content_seeds_emissions_mg,batch_emissions_mg,update_emissions_mg,updated
1,1000,0.03134302775133304,0.02149532710280374,0.03157621458754149,0.1588785046728972,0.0646417445482866,0.0,0.0,0.0,0.0,0.0,0.02220996006220288,0.015231788079470197,0.02237519841633735,0.11258278145695365,0.045805739514348784,44,0.2913907284768212,59868,11.720864419354568,17.855632833421787,124.24725998724035,11.658740847074988,12.256364623480158,11.663028188801634,11.655730325799032,201.0576212251725,0.0,False
2,2000,0.024530075971373796,0.014166666666666668,0.026841565359537446,0.14166666666666666,0.07045965608465607,0.0065359477124183,0.00196078431372549,0.0030671812158350096,0.0196078431372549,0.0028011204481792717,0.01916340613975549,0.010526315789473686,0.019750959562292857,0.10526315789473684,0.050280794579040194,50,0.29239766081871343,59868,11.733953288920667,19.670505516849037,126.5767236415513,11.6575196971488,12.314691296135493,11.664350853219839,11.659197059283514,205.27694135310864,0.0,False
3,3000,0.04289256413316564,0.023308270676691726,0.039016627963729636,0.18045112781954886,0.0716374269005848,0.011737089201877934,0.0028169014084507044,0.006894483303987831,0.028169014084507043,0.008802816901408451,0.03204923707374687,0.016176470588235292,0.02783686193019205,0.12745098039215685,0.04976851851851851,71,0.3480392156862745,59868,11.702668824223805,22.081677529828973,127.40475561931626,11.653092296611359,12.498017758402822,11.662462625019089,11.655403967045316,208.65807862044764,0.0,False
4,4000,0.036068361333943304,0.02288135593220339,0.02995963957007984,0.19491525423728814,0.05317460317460317,0.03252032520325203,0.007317073170731709,0.01627220621868786,0.07317073170731707,0.01524390243902439,0.035153458935463164,0.01886792452830189,0.026430175624123413,0.16352201257861634,0.04339373065788161,41,0.2578616352201258,59868,11.706813247136516,18.001430129111494,126.77202614535729,11.697417210254809,12.332066693178206,11.662776683007579,11.655938798355633,203.8284689064015,0.0,False
5,5000,0.03687917353029739,0.019512195121951223,0.03260111144423458,0.18699186991869918,0.06525680732997806,0.005747126436781609,0.001724137931034483,0.008091012517633733,0.017241379310344827,0.017241379310344827,0.026903158439557526,0.013812154696132596,0.024747046594826575,0.13259668508287292,0.04987064807506797,58,0.32044198895027626,59868,11.727330956392072,20.26772517250237,125.69905232058662,11.658310477813709,12.378205652396543,11.655340887238747,11.655886211556785,205.0418516784868,0.0,False
6,6000,0.030188482441585514,0.01834862385321101,0.030495197853964335,0.1651376146788991,0.06785714285714285,0.03205128205128205,0.007692307692307693,0.02340269563179557,0.07692307692307693,0.03434065934065934,0.030790132004965765,0.014906832298136647,0.028204451794630322,0.13664596273291926,0.057031943212067435,52,0.32298136645962733,59868,11.770489577061756,19.48626989037414,128.41656389784455,11.665586021421388,12.416281805159189,11.671279675960333,11.661150238485547,207.08762110630693,0.0,False
7,7000,0.029866752401789227,0.018260869565217393,0.025262305094163204,0.1565217391304348,0.042363699102829534,0.00980392156862745,0.00196078431372549,0.0042824987611404745,0.0196078431372549,0.00326797385620915,0.023702870639793747,0.013253012048192769,0.018816701943656217,0.1144578313253012,0.03035236182826544,51,0.3072289156626506,59868,11.715828408674373,24.169272438706244,123.18204346144701,11.660801010064626,12.364422053486079,11.663572265446266,11.657052239755911,206.41299187758048,0.0,False
8,8000,0.02631900526637369,0.020720720720720724,0.02291203263328408,0.1891891891891892,0.04601387101387101,0.026515151515151512,0.00681818181818182,0.023861225051758736,0.06818181818181818,0.03598484848484848,0.026374685491833198,0.016774193548387096,0.02318148080368979,0.15483870967741936,0.04316692268305172,44,0.2838709677419355,59868,11.749127631405578,18.459367571103297,122.98362260106956,11.6610795935705,12.39015272313875,11.663680642668828,11.665849781022573,200.57288054397907,0.0,False
9,9000,0.03147865982295807,0.016666666666666666,0.030364180268925924,0.15079365079365079,0.061309523809523814,0.023474178403755867,0.007042253521126761,0.021503064485231146,0.07042253521126761,0.0386317907444668,0.02859379596121514,0.013197969543147208,0.027170580164142526,0.1218274111675127,0.05313633067440173,71,0.3604060913705584,59868,11.702938404858747,22.069127504704273,122.22327960140223,11.666601912190682,12.493031711217125,11.658640210320849,11.66002330120746,203.47364264590135,0.0,False
10,10000,0.04367794431101283,0.026415094339622643,0.04115786640212327,0.2169811320754717,0.080641659179395,0.024509803921568624,0.0058823529411764705,0.0148090246335896,0.058823529411764705,0.01764705882352941,0.03618694691743694,0.01839080459770115,0.03086061789488023,0.15517241379310345,0.05602307972997628,68,0.39080459770114945,59868,11.732514681029107,21.485991052791388,122.47399276832427,11.659218382057464,12.392013273181991,11.661368362631245,11.660847593627372,203.06594611364284,0.0,False
11,11000,0.031191684607382284,0.02307692307692308,0.029578823064700957,0.20192307692307693,0.06521672771672772,0.008771929824561403,0.002631578947368421,0.0038958146179719107,0.02631578947368421,0.003289473684210526,0.025192031919021765,0.017605633802816902,0.02270590531135093,0.15492957746478872,0.048644645651687905,38,0.2676056338028169,59868,11.742232346445817,16.96385569618583,122.24294826164656,11.659514012182445,12.327331144194442,11.663723992723275,11.664761307148604,198.26436676052697,0.0,False
12,12000,0.03269442165436001,0.019090909090909092,0.03104119145331965,0.16363636363636364,0.05704184704184703,0.02564102564102564,0.005128205128205128,0.021321913579067247,0.05128205128205128,0.029914529914529916,0.030848230751540955,0.015436241610738253,0.028497219392273718,0.1342281879194631,0.049941408330670074,39,0.26174496644295303,59868,11.686727807264877,17.18327206412691,121.80467488104871,11.659297562379486,12.311646657992437,11.661959290625283,11.65783862446543,197.96541688790313,0.0,False
13,13000,0.019924843674843675,0.014166666666666666,0.017122429317983096,0.11666666666666667,0.03271825396825397,0.0319634703196347,0.00821917808219178,0.016031819772309934,0.0821917808219178,0.015449010654490107,0.0244783138565522,0.011917098445595856,0.016709918971692213,0.10362694300518134,0.026186364010198207,73,0.37823834196891193,59868,11.692011720988543,22.055884996888263,121.07916707998056,11.658058281824573,12.553627910478603,11.662236486845687,11.65818218997524,202.35916866698147,0.0,False
14,14000,0.04273621476562653,0.022400000000000003,0.031171018861435473,0.208,0.05678730158730159,0.028571428571428567,0.008571428571428572,0.026382805225650185,0.08571428571428572,0.048072562358276644,0.03765141972155547,0.01743589743589744,0.029452172940897168,0.1641025641025641,0.05365893365893365,70,0.358974358974359,59868,11.704528056540736,21.16269059539936,123.46646720054694,11.655481273031583,12.441112057020534,11.657402341009455,11.656644310205095,203.74432583375375,0.0,False
15,15000,0.02226115368867976,0.01565217391304348,0.024780574901577732,0.12173913043478261,0.0513768115942029,0.025157232704402514,0.007547169811320755,0.013965307777817815,0.07547169811320754,0.016561844863731655,0.02317479766387801,0.013095238095238096,0.021368615630391566,0.10714285714285714,0.040393518518518516,53,0.31547619047619047,59868,11.6851198719496,18.99595030080024,127.94189390816831,11.658054246673453,12.423791702265932,11.663182466508347,11.665688449504549,206.03368094587046,0.0,False
16,16000,0.02450090971830102,0.011304347826086957,0.021379889018805196,0.10434782608695652,0.04183574879227053,0.03968253968253968,0.009523809523809525,0.0401209863365907,0.09523809523809523,0.06746031746031746,0.028562237479434927,0.010828025477707007,0.02639343097642934,0.10191082802547771,0.04869072894550602,42,0.267515923566879,59868,11.737917790405252,20.555206294769253,122.94615739527008,11.672836776435366,12.369298527156475,11.661946574793857,11.666574440202456,202.60993779903274,0.0,False
17,17000,0.035434282493106026,0.02254901960784314,0.03270451100887428,0.20588235294117646,0.07187986305633365,0.016025641025641024,0.0038461538461538464,0.020815883053619515,0.038461538461538464,0.038461538461538464,0.028880715244351606,0.016233766233766232,0.02869016910190514,0.14935064935064934,0.06059575345289631,52,0.33766233766233766,59868,11.758880277633505,21.603730975218536,123.41461743801788,11.658369689694116,12.332027480201589,11.6686924577147,11.663565847056574,204.09988416553693,0.0,False
18,18000,0.03104960502742147,0.02148760330578512,0.0334186864783118,0.18181818181818182,0.0794503476321658,0.03216374269005848,0.007017543859649123,0.018765972545855814,0.07017543859649122,0.020175438596491225,0.03140637944747939,0.016853932584269662,0.028726525275221963,0.14606741573033707,0.06046905653647226,57,0.3202247191011236,59868,11.698285971029932,20.111636418108926,124.65713395053059,11.663976024093442,12.503843580283398,11.668022516264296,11.676031830668704,203.9789302909793,0.0,False
19,19000,0.03639151619622208,0.0256,0.03476038320441631,0.208,0.0776984126984127,0.031073446327683614,0.00847457627118644,0.026598859991330135,0.06779661016949153,0.03790018832391714,0.03468626553185376,0.020108695652173915,0.03214337304369846,0.16304347826086957,0.06493702553485163,59,0.32065217391304346,59868,11.753857964236746,25.549712528712824,122.81163731809805,11.661856029240164,12.576597085090825,11.665865360283544,11.656705457467261,207.67623174312942,0.0,False
20,20000,0.047771227892849884,0.02380952380952381,0.039966980607827655,0.20634920634920634,0.07264739229024943,0.018518518518518517,0.003703703703703704,0.007974520673825316,0.037037037037037035,0.0060185185185185185,0.038995415080550475,0.017777777777777778,0.030369242627626955,0.15555555555555556,0.052658730158730155,54,0.3,59868,11.757959079017853,20.01520893952363,122.98404322514875,11.657500333076172,12.382375087147125,11.662407207646032,11.65934612095288,202.11883999251242,0.0,False
21,21000,0.0334576866877287,0.02053571428571429,0.028341295608771085,0.17857142857142858,0.05778415532879818,0.020833333333333332,0.0058823529411764705,0.020208060644101286,0.058823529411764705,0.0392156862745098,0.028688486531623782,0.015000000000000001,0.02526874017767361,0.13333333333333333,0.05076940035273368,68,0.37777777777777777,59868,11.730037878154333,22.217945707157273,124.76775559592656,11.66155616862466,12.482237152279009,11.66629381322594,11.660452892763365,206.18627920813114,0.0,False
22,22000,0.0365235402120648,0.02131147540983607,0.03021098176787285,0.1721311475409836,0.05711358313817331,0.0,0.0,0.0,0.0,0.0,0.025032988235235424,0.014606741573033709,0.020706403234160044,0.11797752808988764,0.03914526484751204,56,0.3146067415730337,59868,11.742522437964768,24.30541571356564,129.20678927375897,11.658166632798165,12.480580245013972,11.68485794232274,11.677926900907458,212.75625914633173,0.0,False
23,23000,0.04865047227248141,0.024528301886792454,0.037568839885551535,0.18867924528301888,0.06050464210841569,0.022727272727272728,0.00681818181818182,0.011929911634039302,0.045454545454545456,0.010227272727272727,0.04104633373922019,0.019333333333333334,0.030048087598441277,0.14666666666666667,0.04575661375661376,44,0.29333333333333333,59868,11.82936053944171,18.688060288991025,137.2540099294486,11.67014458741504,12.411665006695042,11.70476905382363,11.689526759181904,215.247536164997,0.0,False
24,24000,0.0405423223101932,0.02543859649122807,0.040939312785245645,0.21929824561403508,0.08756613756613757,0.018018018018018018,0.005405405405405406,0.0253664176228517,0.05405405405405406,0.05405405405405406,0.03502312192071982,0.020529801324503313,0.037123437811678914,0.17880794701986755,0.07935456743403763,37,0.24503311258278146,59868,11.732107140262348,21.014254983776905,127.02061163071248,11.662413953147759,12.358580463207522,11.666337867149643,11.661599336154106,207.11590537441077,0.0,False
25,25000,0.04047563547563547,0.02181818181818182,0.03887127891804962,0.19090909090909092,0.07943001443001443,0.043478260869565216,0.010869565217391304,0.03106115025584662,0.08695652173913043,0.03894927536231884,0.04136102501487116,0.01858974358974359,0.03656829226124617,0.16025641025641027,0.06749338624338626,46,0.2948717948717949,59868,11.718282933522069,22.39482347095225,128.94945591541625,11.659411336673726,12.302264151465952,11.664259961520832,11.659731124057798,210.34822889360885,0.0,False
26,26000,0.022071196223738595,0.011016949152542373,0.014459820682127308,0.1016949152542373,0.021149448479956954,0.029569892473118278,0.008064516129032258,0.0221419851438966,0.08064516129032258,0.034050179211469536,0.024654080487413823,0.01,0.017105899552292286,0.09444444444444444,0.025593033509700176,62,0.34444444444444444,59868,11.695227983140981,23.146878453167776,126.00426027743923,11.673199404915561,12.567811759722595,11.672512515507362,11.666042795228753,208.42593318912222,0.0,False
27,27000,0.036833938705843804,0.027659574468085108,0.03499644379954639,0.22340425531914893,0.07226021614319486,0.05092592592592592,0.013888888888888888,0.02366660613106644,0.1388888888888889,0.022255291005291007,0.040736335166789615,0.023846153846153847,0.03185895029135194,0.2,0.05841269841269841,36,0.27692307692307694,59868,11.716528967463738,20.76422816969098,133.67300916784265,11.665825397688678,12.425712220899381,11.670322594193628,11.665543313464644,213.5811698312437,0.0,False
28,28000,0.03203577505637002,0.01842105263157895,0.0315010578189545,0.15789473684210525,0.0712719298245614,0.013888888888888886,0.0035714285714285718,0.006376204795094817,0.03571428571428571,0.005555555555555556,0.02433709607622651,0.012121212121212121,0.02084202926337766,0.10606060606060606,0.04339225589225589,84,0.42424242424242425,59868,11.817435710125869,26.877918874869227,129.72729818920905,11.669422434759657,12.58066425998284,11.667561820871871,11.65732293357917,215.99762422339768,0.0,False
29,29000,0.01440972222222222,0.0078125,0.01207234251866771,0.078125,0.022891865079365078,0.019774011299435026,0.005084745762711865,0.007907579917403547,0.05084745762711865,0.005696798493408663,0.016102198455139632,0.006951871657754011,0.010758326510782226,0.06951871657754011,0.017466683643154228,59,0.3155080213903743,59868,11.722497034264908,24.20090693800326,134.74071548582634,11.664710702349174,12.489732654366072,11.661411844403682,11.659631330158092,218.13960598937155,0.0,False
30,30000,0.041934713121153794,0.02372881355932204,0.032190851875342236,0.22033898305084745,0.05632902878665591,0.015151515151515152,0.004545454545454546,0.010284276203942061,0.045454545454545456,0.014520202020202018,0.03232769645813124,0.01684782608695652,0.02433305842799217,0.15760869565217392,0.04133238440303657,66,0.358695652173913,59868,11.726001117760495,23.414513721552524,134.19660697449112,11.662129247806858,12.571554382616485,11.662356038838993,11.657890949194616,216.8910524322611,0.0,False
31,31000,0.02920211347086684,0.023853211009174313,0.030604529577536385,0.1926605504587156,0.06762050385903597,0.01633986928104575,0.00392156862745098,0.01508967519162831,0.0392156862745098,0.022408963585434174,0.02510227313536137,0.0175,0.025659169742028188,0.14375,0.053209325396825394,51,0.31875,59868,11.735956523024546,20.837251790705587,124.17888942934871,11.658426417754733,12.465032382026447,11.662837263992468,11.657633507976966,204.19602731482942,0.0,False
32,32000,0.032898058731392066,0.023931623931623933,0.03454365333331244,0.1794871794871795,0.07043481210147877,0.005291005291005291,0.0015873015873015873,0.0024829562223426267,0.015873015873015872,0.0022675736961451248,0.023235590027256694,0.016111111111111114,0.023322409344473004,0.12222222222222222,0.04657627865961199,63,0.35,59868,11.712887689269841,21.67181082837581,126.06716593237948,11.659562975380524,12.42456422937202,11.66737686943229,11.666336845447823,206.86970536965782,0.0,False
33,33000,0.03693320163280045,0.019696969696969702,0.03207646039852695,0.18181818181818182,0.06357924482924483,0.017295597484276726,0.0056603773584905665,0.01917141543438573,0.05660377358490566,0.04043126684636118,0.031307293417277435,0.01567567567567568,0.028379339408800008,0.14594594594594595,0.05694766194766195,53,0.2864864864864865,59868,11.721668632288553,20.98948534298619,123.90272865096634,11.658737188563993,12.523305361370266,11.659692158971433,11.659656049833183,204.11527338498,530.5291922531302,True
34,34000,0.03799613540992851,0.023809523809523808,0.03212571029827114,0.1984126984126984,0.06332514487276392,0.027777777777777776,0.006944444444444444,0.018442202667012478,0.06944444444444445,0.026736111111111113,0.03428036899823734,0.017676767676767676,0.02714988934144981,0.15151515151515152,0.05002004168670836,71,0.35858585858585856,59868,11.774434555343952,26.035568739934263,137.13975715762618,11.669706598492132,12.54408453654765,11.659824511397327,11.660954527864877,222.48433062720636,0.0,False
35,35000,0.03040062835460619,0.01834862385321101,0.029646228948281245,0.1743119266055046,0.059130624726955,0.02586206896551724,0.006896551724137932,0.013878129414566714,0.06896551724137931,0.015701970443349752,0.028824362219473498,0.014371257485029942,0.02416988300244027,0.1377245508982036,0.04404761904761905,58,0.3473053892215569,59868,11.783840323830939,24.264269179031032,138.7564930722361,11.662961230873501,12.427715165458721,11.664253388306637,11.667210394207192,222.2267427539441,0.0,False
36,36000,0.0372808174826462,0.023728813559322035,0.03580100721899485,0.19491525423728814,0.07197000269034166,0.008333333333333333,0.0025,0.0037010238870733153,0.025,0.003125,0.029952340482820163,0.018354430379746836,0.027674429160280543,0.1518987341772152,0.05454088808519188,40,0.25316455696202533,59868,11.729804308789962,20.409787631840704,136.44561210367397,11.665752305290225,12.351591358707518,11.666443183289132,11.668846803109673,215.93783769470116,0.0,False
37,37000,0.01961258648758649,0.015833333333333335,0.024557750731582225,0.14166666666666666,0.06446428571428571,0.008771929824561403,0.002631578947368421,0.004777415593088228,0.02631578947368421,0.005263157894736842,0.017005339948377923,0.012658227848101266,0.019800454938779872,0.11392405063291139,0.05022603978300181,38,0.24050632911392406,59868,11.750660634650758,18.11456936586138,134.75079353913142,11.667522331988353,12.47121194751337,11.668914077932538,11.66414457965878,212.08781647673658,0.0,False
38,38000,0.0335916884236212,0.01938775510204082,0.029965467786684845,0.1836734693877551,0.07030693229672821,0.037037037037037035,0.008333333333333335,0.021197768554524567,0.08333333333333333,0.023974867724867722,0.03505089489518556,0.014705882352941176,0.02625208928835814,0.1411764705882353,0.050683940242763764,71,0.4176470588235294,59868,11.783664962270596,26.118109412057862,131.9774292771643,11.713347927719623,12.50708115998686,11.661883143207486,11.66957350273723,217.43108938514393,0.0,False
39,39000,0.033220236124903456,0.020754716981132078,0.03107863697808802,0.1792452830188679,0.06186732554657084,0.01694915254237288,0.005084745762711865,0.01830210889670071,0.05084745762711865,0.035781544256120526,0.027402091086301608,0.015151515151515152,0.026510060270198012,0.13333333333333333,0.05253968253968253,59,0.3575757575757576,59868,11.701009883411176,22.76324483799566,130.52111728840617,11.663303160453637,12.490460880651769,11.666394253883466,11.66812571239302,212.47365601719488,0.0,False
40,40000,0.017648113873959283,0.013888888888888892,0.018202309990163406,0.1388888888888889,0.0434156378600823,0.03763440860215053,0.008064516129032258,0.017437090040889516,0.08064516129032258,0.0148489503328213,0.024937233127770214,0.011764705882352941,0.0179232297733694,0.11764705882352941,0.03299719887955182,62,0.36470588235294116,59868,11.762950165080527,24.885459465513044,135.89707896681688,11.664738845977226,12.467426102833953,11.658627279587108,11.664906729680693,220.00118755548942,0.0,False
41,41000,0.03299576240752711,0.021794871794871797,0.02597852686795755,0.1794871794871795,0.04054232804232804,0.041666666666666664,0.009375000000000001,0.03647376421769382,0.09375,0.052083333333333336,0.03551820728291316,0.01818181818181818,0.02903168682424447,0.15454545454545454,0.043899711399711404,32,0.2909090909090909,59868,11.692958559045286,18.611112068817743,137.17260490034474,11.659576278213319,12.255607590983681,11.66444178803648,11.66714561965168,214.7234468050929,0.0,False
42,42000,0.03234980660070988,0.02110091743119266,0.03113463019322502,0.1651376146788991,0.06415465268676276,0.011574074074074073,0.002777777777777778,0.009812172761000732,0.027777777777777776,0.016666666666666666,0.024085426811108895,0.013812154696132596,0.022652768673224192,0.11049723756906077,0.04526440410418311,72,0.39779005524861877,59868,11.752792968821105,25.722425778355873,129.5250343908219,11.659919935159968,12.562345010977069,11.665139017919685,11.658209343925336,214.54586644598092,0.0,False
43,43000,0.03267289340869415,0.020388349514563107,0.03109436176818362,0.18446601941747573,0.071721374633996,0.01818181818181818,0.005454545454545455,0.011114242207545456,0.05454545454545454,0.014393939393939393,0.027628531779085426,0.015189873417721522,0.02413925685783489,0.13924050632911392,0.05176562186055857,55,0.34810126582278483,59868,11.738998626949215,21.134093322643793,133.82621859271518,11.662568309462815,12.398349879240433,11.663498056381158,11.665979099410167,214.08970588680276,0.0,False
44,44000,0.024757469654528474,0.015000000000000001,0.02680208796606944,0.125,0.06503306878306879,0.02333333333333333,0.006000000000000001,0.021164777595156913,0.06,0.035,0.024338606030647553,0.012352941176470589,0.025144055504036346,0.10588235294117647,0.05619981325863679,50,0.29411764705882354,59868,11.767110119383432,20.44621354359115,128.95888623282517,11.661291368690943,12.452637138333014,11.658140105194267,11.66342077641748,208.60769928443543,0.0,False
45,45000,0.03565768823720286,0.02616822429906542,0.03471762316630817,0.2336448598130841,0.07622756267616079,0.022727272727272728,0.004545454545454546,0.009290108981294823,0.045454545454545456,0.006493506493506493,0.03188988504225633,0.019867549668874173,0.027308281284582424,0.17880794701986755,0.0559077052454536,44,0.2913907284768212,59868,11.780757057310367,18.859906306062726,132.18305203014856,11.6615044138315,12.337358191999783,11.666315652065704,11.666516427642422,210.15541007906103,0.0,False
46,46000,0.026959592080559824,0.016129032258064516,0.028112458879048206,0.1532258064516129,0.06610343061955964,0.010582010582010581,0.0031746031746031746,0.007049569308711077,0.031746031746031744,0.00992063492063492,0.0214420111478935,0.011764705882352943,0.02101640517353356,0.11229946524064172,0.04717553688141923,63,0.33689839572192515,59868,11.702189738598683,21.245806957781443,128.34753367707043,11.65361891398986,12.513279783528397,11.683346297289635,11.65921759957618,208.80499296783464,0.0,False
47,47000,0.03030561829375473,0.02100840336134454,0.027134536822094737,0.17647058823529413,0.05318460717620382,0.006802721088435374,0.0020408163265306124,0.0031923722858690916,0.02040816326530612,0.0029154518950437317,0.02345060660886991,0.015476190476190477,0.020151405499028927,0.13095238095238096,0.03852277021919879,49,0.2916666666666667,59868,11.708261516484713,19.13044665341479,136.5652714475779,11.665580218631067,12.469394552617336,11.663394781664255,11.66568442885138,214.8680335992415,0.0,False
48,48000,0.026055998329697544,0.01721311475409836,0.02850894292394186,0.13934426229508196,0.06740502211813687,0.04513888888888889,0.010416666666666666,0.027149923020083826,0.10416666666666667,0.031679894179894176,0.031444108605233924,0.015294117647058824,0.028125219656970183,0.12941176470588237,0.057317927170868345,48,0.2823529411764706,59868,11.71219105997566,22.69499628904971,137.65640228251968,11.66583466099061,12.471666018363733,11.688607043038383,11.677788880157248,219.567486234095,0.0,False
49,49000,0.024258505181333025,0.012844036697247707,0.02277284375321091,0.11926605504587157,0.05193679918450561,0.0065359477124183,0.00196078431372549,0.0027699406443103722,0.0196078431372549,0.0021786492374727667,0.01860943998811646,0.009375000000000001,0.01639691838724887,0.0875,0.03607638888888889,51,0.31875,59868,11.734591239558403,21.989310526325177,137.90180516241173,11.658584792732796,12.479380946242568,11.662819910270711,11.663308157976864,219.08980073551825,0.0,False
50,50000,0.04831241604908473,0.03173076923076923,0.0537145210089601,0.25,0.12134844322344321,0.004975124378109453,0.0014925373134328358,0.0035020800449459435,0.014925373134328358,0.004975124378109453,0.03133230761659734,0.019883040935672513,0.034040640631246954,0.15789473684210525,0.07575187969924813,67,0.391812865497076,59868,11.706110377105242,22.944291772335895,132.05253115658803,11.671144546877496,12.498554074192453,11.65970992442547,11.661125658871812,214.19346751039637,0.0,False
51,51000,0.06612425621608736,0.035416666666666666,0.06788712649797474,0.2916666666666667,0.143328373015873,0.042553191489361694,0.010638297872340425,0.030893894850697635,0.10638297872340426,0.04403073286052009,0.058377123054156536,0.02727272727272727,0.05572851190061793,0.23076923076923078,0.11069208569208569,47,0.32867132867132864,59868,11.71186537189152,21.843997108960192,126.78372020283844,11.660419061806232,12.285739577276924,11.661704530119623,11.663406369561564,207.6108522224545,0.0,False
52,52000,0.044976002201658156,0.028703703703703703,0.03831959834447996,0.25,0.07664241622574955,0.0,0.0,0.0,0.0,0.0,0.031747766259993995,0.020261437908496733,0.027049128243162333,0.17647058823529413,0.0541005291005291,45,0.29411764705882354,59868,11.736290069494505,21.134357737493183,127.95505050754338,11.660469404215293,12.45123328509623,11.663491174753945,11.659725925710838,208.26061810430735,0.0,False
53,53000,0.03210219561144708,0.019512195121951223,0.03146174581947861,0.17073170731707318,0.06912827461607948,0.011574074074074073,0.002777777777777778,0.005723737195215604,0.027777777777777776,0.005208333333333333,0.024522581505340126,0.013333333333333334,0.02195848109667381,0.11794871794871795,0.04552706552706553,72,0.36923076923076925,59868,11.694707349036577,26.23098874111711,135.6720334187503,11.660587264639839,12.553657746642092,11.661913450627253,11.666623988651134,221.1405119594643,0.0,False
54,54000,0.024270882038942534,0.0163265306122449,0.021755070546098636,0.1326530612244898,0.04194606413994169,0.03061224489795918,0.00816326530612245,0.01819448803210847,0.08163265306122448,0.0228377065111759,0.02638466965861475,0.013605442176870748,0.02056820970810191,0.11564625850340136,0.03557661159701976,49,0.3333333333333333,59868,11.741359859887556,20.480616629924008,134.84822616467372,11.657417909920198,12.382679750590903,11.660564010765317,11.660160239528386,214.43102456529007,0.0,False
55,55000,0.032306688223074094,0.022033898305084745,0.029720008233542764,0.2033898305084746,0.06550981974710787,0.023391812865497075,0.005263157894736843,0.012755936485990192,0.03508771929824561,0.01023391812865497,0.029402985963749007,0.016571428571428574,0.024194567721482787,0.14857142857142858,0.04750566893424036,57,0.32571428571428573,59868,11.698864565725525,23.95577911430344,129.95579081440113,11.700020426899659,12.45657159569362,11.677968252861437,11.82957058510313,213.27456535498794,0.0,False
56,56000,0.034449606620037286,0.022321428571428575,0.036425211746285775,0.17857142857142858,0.08687996031746033,0.02046783625730994,0.005263157894736843,0.016510803540411068,0.05263157894736842,0.026900584795321637,0.029733861586454694,0.016568047337278107,0.029708517854363542,0.13609467455621302,0.06665023011176857,57,0.33727810650887574,59868,11.762812246964364,24.41879314455178,142.215932273879,11.656944324762996,12.448561605654316,11.662918431975394,11.671119853867706,225.83708188165554,0.0,False
57,57000,0.030534397058227823,0.021904761904761906,0.02871393637337281,0.17142857142857143,0.06252078609221466,0.03095238095238095,0.008571428571428572,0.015306827351171622,0.08571428571428572,0.015753968253968253,0.030701590615889073,0.01657142857142857,0.023351092764492338,0.13714285714285715,0.043814058956916105,70,0.4,59868,11.712006596583183,22.568086579209666,132.76155285415862,11.659684855835906,12.41793750899299,11.665827647718702,11.700369937760884,214.48546598025996,0.0,False
58,58000,0.02898577014309895,0.020720720720720724,0.02351993401259721,0.17117117117117117,0.03961103961103961,0.006802721088435374,0.0020408163265306124,0.006042487978895209,0.02040816326530612,0.01020408163265306,0.02219221137010823,0.015,0.018167466164775974,0.125,0.030605158730158732,48,0.3,59868,11.721206792637828,22.294060301479917,134.7998840715934,11.662425013578975,12.450675500525962,11.666375525791473,11.666225336760123,216.26085254236767,0.0,False
59,59000,0.030727231791061575,0.01347517730496454,0.026383679437206032,0.1276595744680851,0.05618315884273331,0.017948717948717947,0.004615384615384616,0.00872701561959814,0.046153846153846156,0.00876068376068376,0.026695176452458006,0.010679611650485438,0.020812402019028783,0.10194174757281553,0.04121975651101864,65,0.3155339805825243,59868,11.70293974001209,21.59388762874338,133.6612129528257,11.662719303893315,12.846552853149063,11.674910674913663,11.682247307905763,214.82447046144296,0.0,False
60,60000,0.03173456707939466,0.019819819819819826,0.033621327365679333,0.15315315315315314,0.07307307307307306,0.03333333333333333,0.00909090909090909,0.022696485074746652,0.07272727272727272,0.02987012987012987,0.032264278790036995,0.016265060240963858,0.03000165070302092,0.12650602409638553,0.05875884490342321,55,0.3313253012048193,59868,11.722652399808256,24.450111638020523,134.26394745420095,11.667568325532397,12.4617977331834,11.663476702039253,11.663412549786297,217.89296680257107,0.0,False
61,61000,0.029549833475693774,0.024299065420560748,0.028524466007165593,0.205607476635514,0.05431686693368936,0.007246376811594202,0.002173913043478261,0.006436563281866635,0.021739130434782608,0.010869565217391304,0.02284421905380763,0.01764705882352941,0.02188365865184695,0.1503267973856209,0.04125427948957361,46,0.3006535947712418,59868,11.7086417983428,19.08635507450948,141.83262890826026,11.711223324667106,12.488027715921307,11.957419011009856,11.679704054761222,220.46399988747206,0.0,False
62,62000,0.019127651060424168,0.012605042016806723,0.01925345127338816,0.11764705882352941,0.04638188608776844,0.01366120218579235,0.004918032786885246,0.009256026786067175,0.04918032786885246,0.013296903460837887,0.017275132275132273,0.01,0.015865435197129383,0.09444444444444444,0.03516975308641975,61,0.3388888888888889,59868,11.721025367030652,21.963168139552472,136.5751045839334,11.745457841787557,12.739979510414944,11.729506815064127,11.749979097244386,218.22422135502757,0.0,False
63,63000,0.034608822161343165,0.023469387755102045,0.04057640647288739,0.17346938775510204,0.09278425655976677,0.0196078431372549,0.00392156862745098,0.010355612649905525,0.0392156862745098,0.00980392156862745,0.029474258871218996,0.016778523489932886,0.030232376372403662,0.12751677852348994,0.06438159156279961,51,0.3422818791946309,59868,11.751612704067119,23.86111439162293,136.20918771178185,11.664490772916869,12.467397213333786,11.667893662154622,11.674022103303274,219.29571855918047,0.0,False
64,64000,0.032463669781983735,0.020833333333333332,0.03564084216798,0.18333333333333332,0.08795965608465608,0.022727272727272724,0.006060606060606061,0.02170567001169235,0.06060606060606061,0.03598484848484849,0.02900881921418306,0.015591397849462365,0.03069610366091019,0.13978494623655913,0.06951698242020823,66,0.3548387096774194,59868,11.72479086453647,24.553212250994633,136.82373133722635,11.66167787323806,12.53844702191892,11.65655555516662,11.663626625624952,220.622041528706,0.0,False
65,65000,0.028827498741432055,0.01680672268907563,0.02571839390386046,0.15126050420168066,0.054855275443510744,0.015625,0.004687500000000001,0.012482210531922527,0.046875,0.020703125,0.024210231422024123,0.01256830601092896,0.021089346167226436,0.11475409836065574,0.042911353976927746,64,0.34972677595628415,59868,11.76154157155225,25.587733948033083,132.7779928739451,11.662471855316062,12.54563320195537,11.664572317477903,11.666656966845961,217.6666027351257,0.0,False
66,66000,0.021336411522361938,0.014049586776859505,0.022251926028611785,0.14049586776859505,0.05684113865932047,0.009433962264150943,0.0018867924528301887,0.00729910957046305,0.018867924528301886,0.009433962264150943,0.017710952840263184,0.010344827586206896,0.017697332509750387,0.10344827586206896,0.04240102171136654,53,0.3045977011494253,59868,11.70747306278308,19.550630306657684,133.49681235898768,11.658683713838478,12.461652731589334,11.65735105857109,11.673589546663463,212.20619277909083,569.2276046164267,True
67,67000,0.049211159211159206,0.02761904761904762,0.04428808774167105,0.22857142857142856,0.08002645502645503,0.01633986928104575,0.00392156862745098,0.02122403762329833,0.0392156862745098,0.0392156862745098,0.03846477596477597,0.019871794871794874,0.036747917510664585,0.16666666666666666,0.06668447293447294,51,0.3269230769230769,59868,11.777263437047491,24.062577322802454,140.57557991167639,11.667757928700631,12.397115708035964,11.66789168322198,11.67491638359025,223.82310237507514,0.0,False
68,68000,0.03514041514041514,0.019230769230769232,0.02742700321755371,0.16923076923076924,0.0476037851037851,0.017241379310344827,0.005172413793103449,0.00961117462773379,0.05172413793103448,0.01111111111111111,0.02961837217156366,0.0148936170212766,0.021930630567502885,0.13297872340425532,0.03634540695710908,58,0.30851063829787234,59868,11.781777756297505,23.866503164817964,139.59268281428862,11.661407101900418,12.639186032871452,11.663918711952299,11.674991080977415,222.88046666310566,0.0,False
69,69000,0.039635677626535804,0.02605042016806723,0.03802187767362888,0.2184873949579832,0.07906495931706013,0.015723270440251572,0.0037735849056603774,0.009964524152723975,0.03773584905660377,0.011530398322851155,0.03226731959820404,0.01918604651162791,0.029376297809629113,0.16279069767441862,0.05825489110372832,53,0.3081395348837209,59868,11.78020767033175,22.019296530881306,144.2215994061878,11.679474365287184,12.5094571467102,11.664151605066813,11.664850513088549,225.53903723755357,0.0,False
70,70000,0.024320056872140203,0.015625,0.019457282370868544,0.14583333333333334,0.03742559523809524,0.014619883040935672,0.0035087719298245615,0.013136827477156247,0.03508771929824561,0.01929824561403509,0.0207062666212993,0.011111111111111112,0.017102603096740436,0.10457516339869281,0.030672268907563027,57,0.37254901960784315,59868,11.709717273149234,20.826834487477214,136.0087935941383,11.717093648052485,12.79191879654737,11.69149663956745,11.678903796562972,216.42475823549503,0.0,False
71,71000,0.029367607989103317,0.017757009345794397,0.03162692515837224,0.17757009345794392,0.08236908470553331,0.03508771929824561,0.008771929824561403,0.019144967652255696,0.08771929824561403,0.0202172096908939,0.03135569545630521,0.014634146341463417,0.027288683830026854,0.14634146341463414,0.0607675183894696,57,0.3475609756097561,59868,11.762773594839459,25.189377844424264,139.6928539679522,11.702561770823156,12.466256777348555,11.67584888370557,11.67817509359001,224.1678479326832,0.0,False
72,72000,0.029336497203345028,0.023863636363636365,0.02779068246786703,0.19318181818181818,0.05209686147186146,0.01282051282051282,0.0038461538461538464,0.008908507037155143,0.038461538461538464,0.01282051282051282,0.023201988718293064,0.016428571428571428,0.020777303022174044,0.1357142857142857,0.03750850340136054,52,0.37142857142857144,59868,11.780893084796517,23.145698458862384,140.12971713825775,11.693414897220865,12.420456880629649,11.666000934738852,11.668746581868644,222.50492797637466,0.0,False
73,73000,0.02806438022363417,0.014634146341463415,0.025037103621170478,0.13821138211382114,0.05055168408826946,0.01075268817204301,0.0032258064516129032,0.004910761249847066,0.03225806451612903,0.004320276497695852,0.02226262396850632,0.010810810810810811,0.018292059150781012,0.10270270270270271,0.03505791505791506,62,0.33513513513513515,59868,11.694576175402121,20.62700778986473,135.71480182952496,11.672236515568313,12.598398690520652,11.663132572344026,11.666826764011873,215.63698033723665,0.0,False
74,74000,0.0481413752890322,0.029090909090909098,0.03884201067393236,0.23636363636363636,0.06548701298701298,0.0,0.0,0.0,0.0,0.0,0.03170988791493139,0.019161676646706587,0.025584557928937473,0.15568862275449102,0.04313515825491874,57,0.3413173652694611,59868,11.754917852990765,19.80818724164196,135.20247097715057,11.656561854447162,12.579452174556888,11.658890217668139,11.656777857929622,214.31725817638508,0.0,False
75,75000,0.022143086782054892,0.018095238095238098,0.026398414193062318,0.1619047619047619,0.07170445956160242,0.0,0.0,0.0,0.0,0.0,0.01614600077858169,0.013194444444444444,0.019248843682441272,0.11805555555555555,0.052284501763668424,39,0.2708333333333333,59868,11.685780416659242,17.8197884465707,143.46725874018335,11.66396295151223,12.661814192019976,11.663682237064016,11.665780174033996,220.6280671580435,0.0,False
76,76000,0.0341538702387759,0.02075471698113208,0.024871887136048845,0.18867924528301888,0.04579215333932314,0.010416666666666666,0.003125,0.0077842071479127,0.03125,0.01171875,0.02521751124692301,0.014117647058823528,0.018438878199338767,0.12941176470588237,0.032964519140989725,64,0.3764705882352941,59868,11.735462292696008,21.129746897989577,136.6415992123983,11.660527561529326,12.578672687113546,11.662044344887962,11.665112102821062,217.07316509943578,0.0,False
77,77000,0.03753917378917379,0.020833333333333332,0.036983344744858856,0.16666666666666666,0.0775925925925926,0.02011494252873563,0.005172413793103449,0.008900606362318146,0.05172413793103448,0.007519157088122606,0.03186161528858158,0.015730337078651683,0.027832789541559072,0.12921348314606743,0.05475967540574282,58,0.3258426966292135,59868,11.746387557850374,20.675728529123695,136.97671533863948,11.659105750294607,12.491733384578652,11.662177088617165,11.664865088363563,216.87671273746753,0.0,False
78,78000,0.03212081128747795,0.018803418803418806,0.02658698201668999,0.15384615384615385,0.052123185456518784,0.018518518518518517,0.004761904761904762,0.013323189844571306,0.047619047619047616,0.018140589569160998,0.027360008818342153,0.013888888888888888,0.021944654756448453,0.11666666666666667,0.040229276895943564,63,0.35,59868,11.725041427494004,21.301718108861916,138.25643479008568,11.66336281517577,12.53303977818282,11.669878835319365,11.664266403737383,218.8137421588569,0.0,False
79,79000,0.025841656379755357,0.016417910447761197,0.02125252389390978,0.16417910447761194,0.04049988154465767,0.018518518518518517,0.005555555555555556,0.016959602746738484,0.05555555555555555,0.0308641975308642,0.023282113049614323,0.012621359223300974,0.01975208543470428,0.1262135922330097,0.037132069656341506,36,0.34951456310679613,59868,11.704696024610744,18.45985485673593,140.25377120270576,11.66062888904515,12.23385649033737,11.662543707404577,11.666614856339908,217.64196602717945,0.0,False
80,80000,0.016785793064565444,0.012605042016806723,0.01868473066181238,0.09243697478991597,0.04175670268107242,0.0078125,0.0015625,0.002769363856000746,0.015625,0.0015625,0.013647592211384084,0.008743169398907104,0.013118700740654214,0.06557377049180328,0.02769971376528753,64,0.34972677595628415,59868,11.726374093301573,21.36179610015207,137.135346227734,11.66029550058595,12.476096150737526,11.663474903327032,11.665943221560864,217.68932619739903,0.0,False
81,81000,0.04348462923180968,0.03571428571428571,0.03774729752691673,0.2619047619047619,0.0553807634164777,0.03741496598639455,0.01020408163265306,0.03284746342241396,0.08163265306122448,0.04591836734693878,0.041248437509814634,0.02631578947368421,0.03594209548841572,0.19548872180451127,0.05189461749612125,49,0.3684210526315789,59868,11.70936953637236,19.860456612407624,140.01922241210426,11.662525168022741,12.315832273172845,11.662648830415566,11.66855970963221,218.8986145421276,0.0,False
82,82000,0.03690732472591544,0.02347826086956522,0.03302704076322824,0.2,0.06847826086956521,0.03252032520325203,0.007317073170731709,0.014121812082966763,0.07317073170731707,0.011178861788617886,0.035754331261625694,0.019230769230769232,0.028058358866492855,0.16666666666666666,0.05341880341880342,41,0.26282051282051283,59868,11.738126925450038,18.409536465820164,132.922273702301,11.659518928563983,12.500906585395654,11.658887612529812,11.665192365898497,210.55444258595912,0.0,False
83,83000,0.031228925932766216,0.01743119266055046,0.031579281301838596,0.1559633027522936,0.06310980049512159,0.02,0.006000000000000001,0.016359619470526228,0.04,0.024,0.02769781714887747,0.013836477987421384,0.026793224122180617,0.11949685534591195,0.05081112109413996,50,0.31446540880503143,59868,11.707006816324972,18.666977598193885,135.79077682661367,11.660661126611933,12.440089762387474,11.658138275558866,11.666831059468224,213.590481465159,0.0,False
84,84000,0.017434425693354263,0.016964285714285716,0.020972683375302257,0.13392857142857142,0.05591340702947846,0.02222222222222222,0.006666666666666667,0.02607104033459758,0.06666666666666667,0.05238095238095238,0.019104587273191923,0.013372093023255816,0.02275117998900993,0.11046511627906977,0.05468115540789959,60,0.3488372093023256,59868,11.732290070988471,21.1421544382695,131.3211733475553,11.660220012699174,12.5783543517069,11.668709964732237,11.671190080737166,211.77409226668877,0.0,False
85,85000,0.0350808216748381,0.020895522388059702,0.03112268666707117,0.1791044776119403,0.06607142857142856,0.04716981132075472,0.011320754716981131,0.027889821521889298,0.09433962264150944,0.029454926624737945,0.03850711285790538,0.018181818181818184,0.03020642007512123,0.15508021390374332,0.05569348951701894,53,0.28342245989304815,59868,11.751356491996463,20.380501436229743,132.41853981026813,11.658592066886298,12.462109499494083,11.6615255524935,11.664269311675163,211.99689416904337,0.0,False
86,86000,0.02905051730731442,0.02,0.029034647935715804,0.16363636363636364,0.06377344877344879,0.0261437908496732,0.005882352941176471,0.01133493816659132,0.058823529411764705,0.008714596949891067,0.028129753025701365,0.015527950310559006,0.023427907574067677,0.13043478260869565,0.04633244602188702,51,0.3167701863354037,59868,11.691539630549752,19.697281429035403,131.74226408245102,11.6573089611674,12.390933882725635,11.659970691982323,11.666630514758914,210.50592919267044,0.0,False
87,87000,0.037369795458030756,0.022689075630252103,0.03270521658710979,0.18487394957983194,0.05941710017340268,0.0196078431372549,0.005882352941176471,0.018403087295010057,0.058823529411764705,0.0326797385620915,0.032041209761798,0.01764705882352941,0.028414577799479864,0.14705882352941177,0.05139589169000933,51,0.3,59868,11.707278854487802,19.51132662527874,131.23596130673252,11.66301990733129,12.504903907653574,11.667179481547606,11.698046370436227,209.98771645346778,0.0,False
88,88000,0.03446819384319384,0.02,0.023612319351754837,0.16666666666666666,0.03853835978835978,0.0196078431372549,0.00392156862745098,0.007094411442423842,0.0392156862745098,0.004139433551198257,0.030036159422124332,0.0152046783625731,0.018685925764761382,0.1286549707602339,0.028279030910609855,51,0.2982456140350877,59868,11.741280977219798,19.57288099423138,140.1648277258201,11.70523843357918,12.642573563263065,11.702112362357852,11.683382020122313,219.21229607659367,0.0,False
89,89000,0.027776536875360112,0.0196078431372549,0.025329346559760105,0.19607843137254902,0.060546996576408336,0.008064516129032258,0.0016129032258064516,0.0029770273674123897,0.016129032258064516,0.0017921146953405018,0.020324431471260555,0.012804878048780489,0.016879079548018896,0.12804878048780488,0.03833478513356562,62,0.3780487804878049,59868,11.716458047258266,21.256506571986495,131.86922168967678,11.655770628220264,12.493973355426347,11.668704779959487,11.673714454877443,212.3343495274051,0.0,False
90,90000,0.028356465949416217,0.022018348623853216,0.03317915381340158,0.1834862385321101,0.08099970875200233,0.029239766081871343,0.008771929824561403,0.01662450152400123,0.08771929824561403,0.019883040935672513,0.02865976780212671,0.01746987951807229,0.02749472501523399,0.15060240963855423,0.06001386498374451,56,0.3373493975903614,59868,11.69913059527114,23.656753645046045,134.60400075085073,11.655476681037696,12.636675478829018,11.656331263452946,11.656708518919395,217.56507693340697,0.0,False
91,91000,0.025753793574846206,0.016800000000000002,0.024490829648614695,0.144,0.054565079365079365,0.005555555555555555,0.0016666666666666668,0.003910656050189637,0.016666666666666666,0.005555555555555555,0.019203013676697887,0.011891891891891894,0.017816178751828192,0.10270270270270271,0.03867009867009868,60,0.32432432432432434,59868,11.726687877775671,20.385595782383,130.02957619889787,11.659809554056405,12.488323601168167,11.656256672196164,11.660847951611848,209.6070976380891,0.0,False
92,92000,0.0340815329963403,0.020689655172413793,0.03251316656213259,0.1724137931034483,0.060103083378945446,0.01515151515151515,0.0036363636363636364,0.008265719124830215,0.03636363636363636,0.008333333333333333,0.02674948383109112,0.014084507042253521,0.02312154959698026,0.11971830985915492,0.04005141962888442,55,0.3873239436619718,59868,11.700646788469909,19.891042377172262,130.49517861799322,11.66192443197156,12.355838645793787,11.662459647027863,11.673729470442623,209.44081997887125,0.0,False
93,93000,0.026087000456748353,0.015126050420168069,0.027185923962597808,0.12605042016806722,0.059907296251834066,0.017857142857142856,0.005357142857142858,0.01045338998765405,0.05357142857142857,0.01314484126984127,0.0234534460248746,0.012000000000000004,0.0218315130906158,0.10285714285714286,0.044943310657596366,55,0.3142857142857143,59868,11.7262810098058,19.457166440535467,129.98676383364423,11.658107212045993,12.521331231349354,11.66198429386131,11.678420770308563,208.69005479155072,0.0,False
94,94000,0.03868319145021931,0.02136752136752137,0.039773400125890986,0.18803418803418803,0.09053724053724055,0.011904761904761904,0.0035714285714285718,0.008272185105929777,0.03571428571428571,0.011904761904761904,0.030015029285215756,0.015606936416184972,0.029576475032724352,0.13872832369942195,0.06508395265620699,56,0.3236994219653179,59868,11.689700937601854,20.55111669220164,129.15731549339657,11.657760628773495,12.489015296560101,11.665053137099868,11.681698131465328,208.89166031709888,0.0,False
95,95000,0.016100409927518263,0.012371134020618558,0.014818941378776318,0.1134020618556701,0.03398379970544919,0.0,0.0,0.0,0.0,0.0,0.01107616853169696,0.00851063829787234,0.010194590877597892,0.07801418439716312,0.023378926038500506,44,0.3120567375886525,59868,11.694046339601888,17.80992378927135,128.6459443273838,11.657057338673727,12.301203874843376,11.654736854962295,11.657624558857743,205.42053708359416,0.0,False
96,96000,0.03487844829308244,0.02162162162162162,0.03617505805219195,0.1891891891891892,0.0898112398112398,0.0220125786163522,0.0056603773584905665,0.010026310154003943,0.05660377358490566,0.008827493261455526,0.030720575775602544,0.016463414634146342,0.027724548060704363,0.14634146341463414,0.06363966318234611,53,0.3231707317073171,59868,11.707295048516558,19.2414368072949,129.88350442399295,11.661514177540438,12.52115832462916,11.665424563739313,11.672549856636682,208.35288320235003,0.0,False
97,97000,0.027141449084717707,0.02307692307692308,0.029042971029600413,0.1794871794871795,0.060921177587844266,0.031007751937984496,0.009302325581395349,0.031983817710638116,0.09302325581395349,0.06007751937984496,0.02818051797653316,0.019375,0.02983332357512929,0.15625,0.060694444444444454,43,0.26875,59868,11.734127010859519,18.483693039271497,128.8661000893969,11.659327906556744,12.435003547597855,11.664349176810502,11.667240233364378,206.5098410038574,0.0,False
98,98000,0.02707338159924367,0.020689655172413796,0.0248236667937715,0.1810344827586207,0.05542214012041598,0.026041666666666664,0.00625,0.012399581002068727,0.046875,0.008482142857142858,0.026706549623216287,0.015555555555555557,0.02040621406783274,0.13333333333333333,0.03873236331569665,64,0.35555555555555557,59868,11.744567703905751,21.959807114693003,130.91722955631616,11.659658041413696,12.570406902709387,11.662457602760329,11.673855959248163,212.18798288104648,0.0,False
99,99000,0.05038945838519841,0.02459016393442623,0.04255316786206118,0.19672131147540983,0.07656453291699193,0.018779342723004695,0.005633802816901409,0.011186917865243354,0.056338028169014086,0.014084507042253521,0.03876086661309606,0.01761658031088083,0.031014288329553077,0.14507772020725387,0.05357965293198454,70,0.3626943005181347,59868,11.729734147241516,22.06843297524949,129.52758995346883,11.660381478512116,12.581522571480235,11.663482721278179,11.666222279362037,210.8973661265924,498.6634586541458,True
100,100000,0.04695025404245262,0.02702702702702703,0.0452093622869961,0.21621621621621623,0.0936936936936937,0.015625,0.004687500000000001,0.0079152272498604,0.03125,0.005859375,0.03549416113549852,0.018857142857142857,0.031570364330557904,0.14857142857142858,0.06157142857142856,64,0.3657142857142857,59868,11.754699735584683,26.10863979162284,138.96893145106878,11.666162868035485,12.526699529620544,11.666810535108235,11.673788890016052,224.36573280105662,0.0,False
101,101000,0.03341308468623284,0.019444444444444445,0.02570620799022388,0.14814814814814814,0.04424970605526161,0.029569892473118278,0.008064516129032258,0.014397840324157115,0.08064516129032258,0.014919354838709677,0.03201144987909694,0.015294117647058824,0.02158197978259953,0.12352941176470589,0.03355275443510738,62,0.36470588235294116,59868,11.740249036759632,20.68091244346662,131.67113264798274,11.653734377663206,12.458170758272018,11.665549763426736,11.662824012236007,211.53257303980695,0.0,False
102,102000,0.03813649754125944,0.02857142857142857,0.034874623290452794,0.2571428571428571,0.072286470143613,0.017241379310344827,0.005172413793103449,0.01830073358542219,0.05172413793103448,0.034482758620689655,0.030701424796516816,0.020245398773006133,0.028977165604000186,0.18404907975460122,0.05883484273054825,58,0.3558282208588957,59868,11.703482946417292,19.951360490190474,135.7316104314485,11.666643497713903,12.385365700775392,11.65990638646655,11.656716571866593,214.7550860248787,0.0,False
103,103000,0.035015804841739044,0.023762376237623766,0.030307095249309694,0.1782178217821782,0.051469432657551474,0.041666666666666664,0.010416666666666666,0.020035636808240047,0.10416666666666667,0.018138227513227512,0.03715836435580969,0.019463087248322148,0.026998169040106053,0.15436241610738255,0.04073186321508469,48,0.3221476510067114,59868,11.68693323311959,18.749976187833887,137.6492360048963,11.665390672325332,12.34694633902439,11.65557283375196,11.668641394981666,215.42269666593313,0.0,False
104,104000,0.03848497732426304,0.022321428571428572,0.03299649425311684,0.17857142857142858,0.058280187074829924,0.026455026455026454,0.007936507936507936,0.014434247427008428,0.06349206349206349,0.014682539682539682,0.034154195011337866,0.017142857142857144,0.026314085395717807,0.13714285714285715,0.04258503401360544,62,0.35428571428571426,59868,11.725074618672975,20.953059527931835,142.77472342175483,11.679078901549039,12.54719242691285,11.67816830867016,11.674664087305691,223.0319612927974,0.0,False
105,105000,0.01707812648553278,0.018446601941747572,0.021936275361200033,0.13592233009708737,0.05275080906148868,0.03954802259887005,0.01016949152542373,0.02314508615872721,0.1016949152542373,0.028107344632768358,0.025261607168785248,0.015432098765432098,0.022376521268941414,0.12345679012345678,0.04377572016460905,59,0.36419753086419754,59868,11.750378798167787,20.6459453613167,139.21454431420344,11.662630180549193,12.393267541193492,11.660302473227164,11.660249480776457,218.98731814943426,0.0,False
106,106000,0.02957811260704999,0.016935483870967744,0.02916875197504327,0.16129032258064516,0.06711149513568868,0.0,0.0,0.0,0.0,0.0,0.0196132939212524,0.011229946524064172,0.01934184622944046,0.10695187165775401,0.04450174008997538,62,0.3315508021390374,59868,11.709765022425989,20.502607955621976,133.19145944870255,11.664366402208692,12.725008994254882,11.665064584942542,11.6677827715142,213.12605517967083,0.0,False
107,107000,0.02736516955266955,0.016176470588235296,0.02764090282012257,0.14705882352941177,0.06427112511671335,0.027777777777777776,0.007407407407407408,0.015859525367467448,0.07407407407407407,0.017746913580246913,0.027482437153489782,0.01368421052631579,0.02429251133357848,0.12631578947368421,0.0510484544695071,54,0.28421052631578947,59868,11.695574350847199,19.320649527549556,137.17398295507235,11.664806300850511,12.552558376673767,11.657320654868963,11.698841055510917,215.76373322137323,0.0,False
108,108000,0.02298395861958767,0.018852459016393444,0.0244422460673867,0.1557377049180328,0.05072209211553474,0.0220125786163522,0.0056603773584905665,0.011708746285607868,0.05660377358490566,0.01275831087151842,0.02268976924717921,0.01485714285714286,0.02058581470490511,0.12571428571428572,0.03922448979591837,53,0.3028571428571429,59868,11.713926748268404,24.160511860993328,143.3949135726288,11.667286414409478,12.540911924693866,11.659868066289658,11.683756913224986,226.82117550050853,0.0,False
109,109000,0.025971246661338102,0.022115384615384617,0.026031947212245735,0.17307692307692307,0.045627289377289375,0.0,0.0,0.0,0.0,0.0,0.018006731018527754,0.015333333333333336,0.018048816733823712,0.12,0.031634920634920634,46,0.30666666666666664,59868,11.766750433250122,21.975400695838086,149.44577014616365,11.673382129626791,12.387667847578443,11.667003618074517,11.701629612993065,230.61760448352467,0.0,False
110,110000,0.034151827115939365,0.022935779816513763,0.034625173264298564,0.21100917431192662,0.08819717489442261,0.022988505747126436,0.006896551724137932,0.016594054454750973,0.05172413793103448,0.022988505747126436,0.030274745442938466,0.017365269461077845,0.028362868528048504,0.15568862275449102,0.06554985267560118,58,0.3473053892215569,59868,11.813202300953174,22.795982693252228,135.60549942744083,11.665355453899934,12.545046950213774,11.663875074594682,11.677583365274359,217.76654526562896,0.0,False
111,111000,0.025124155212331786,0.02040816326530612,0.02844938147994656,0.17346938775510204,0.061317622287010036,0.023809523809523808,0.006122448979591837,0.027049188964899072,0.061224489795918366,0.05102040816326531,0.02468594474472913,0.01564625850340136,0.027982650641597398,0.1360544217687075,0.057885217579095136,49,0.3333333333333333,59868,11.707244590233174,19.786364219755853,136.21154267487793,11.666435403501902,12.379239267203134,11.664771640152589,11.680923275414479,215.09652107113908,0.0,False
112,112000,0.037272877881279615,0.02201834862385321,0.03699362828680603,0.1834862385321101,0.07676933158584534,0.0130718954248366,0.00392156862745098,0.009083183645726814,0.0196078431372549,0.00980392156862745,0.029558814723288408,0.01625,0.028097174057462027,0.13125,0.055424107142857136,51,0.31875,59868,11.759188757530515,23.519257289210394,134.93288103943667,11.660849786796629,12.469675819654775,11.664644943294721,11.677851541169042,217.68434917709274,0.0,False
113,113000,0.021718679603792625,0.015887850467289723,0.020554461655981664,0.14018691588785046,0.04490802551550215,0.06666666666666667,0.016923076923076926,0.05012712246912425,0.13846153846153847,0.06717948717948719,0.038704837505460145,0.01627906976744186,0.031730176498157646,0.13953488372093023,0.05332456626061278,64,0.37209302325581395,59868,11.737912363647684,25.97849507257263,133.52197383792105,11.662151613297395,12.630612330942482,11.664416510435288,11.677125198734927,218.87268692755146,0.0,False
114,114000,0.042841629822897034,0.02761904761904762,0.03603308045312996,0.24761904761904763,0.06206349206349207,0.024242424242424242,0.007272727272727273,0.013353453170533458,0.07272727272727272,0.015223665223665223,0.03644815290460951,0.020625000000000004,0.028236958574737413,0.1875,0.04596230158730159,54,0.3375,59868,11.733064601893162,23.77551323420532,135.90999826753463,11.66046182854083,12.534931819612599,11.664207288122203,11.700812598790245,218.978989638699,0.0,False
115,115000,0.0361993174243317,0.02330097087378641,0.0376158875016266,0.20388349514563106,0.09220989366620434,0.017543859649122806,0.005263157894736843,0.011690758726485811,0.03508771929824561,0.014619883040935672,0.029553310591913535,0.016875,0.028380060375482703,0.14375,0.06456845238095238,57,0.35625,59868,11.773584932841391,24.913312917325403,133.48094566011105,11.660585117027889,12.499644551466904,11.665534616123185,11.671749774670726,217.66535756956654,0.0,False
116,116000,0.023008236642060795,0.01747572815533981,0.021107055343289587,0.1553398058252427,0.04219063029742642,0.006172839506172839,0.001851851851851852,0.008690346778199194,0.018518518518518517,0.018518518518518517,0.01721771788194646,0.012101910828025478,0.0168363402954241,0.10828025477707007,0.034048630067738346,54,0.34394904458598724,59868,11.69295128559608,24.324665854513068,131.77468385911635,11.658381986183464,12.434847696515817,11.666813040593638,11.672429892643082,215.22477361516152,0.0,False
117,117000,0.040485792403085634,0.024761904761904763,0.03814941033727303,0.19047619047619047,0.08383219954648526,0.0,0.0,0.0,0.0,0.0,0.028918423145061163,0.017687074829931978,0.027249578812337884,0.1360544217687075,0.059880142533203756,42,0.2857142857142857,59868,11.691854335835888,20.77208107019446,133.95863719335017,11.661238799354907,12.382263348403866,11.666318632804623,11.697269693616146,213.82966307356006,0.0,False
118,118000,0.0340167869534765,0.01904761904761905,0.03241335951644778,0.15873015873015872,0.06545099521289997,0.033950617283950615,0.009259259259259259,0.017507601416257512,0.09259259259259259,0.017666078777189887,0.033996936052618734,0.01611111111111111,0.027941632086390705,0.1388888888888889,0.05111552028218695,54,0.3,59868,11.790918492002312,22.336405791970744,136.14270355832153,11.659337356827171,12.554703543554702,11.656049872552781,11.663045295429164,217.80316391065838,0.0,False
119,119000,0.037099822032509965,0.02909090909090909,0.03830419634683858,0.2727272727272727,0.0953030303030303,0.013333333333333332,0.004,0.008084293860021902,0.04,0.01,0.02967279431401727,0.02125,0.02886047681970837,0.2,0.06864583333333334,25,0.3125,59868,11.713285962920011,15.200062741221876,143.20061743779837,11.733276255941616,12.40455551215075,11.958077157935703,11.70537678579428,217.91525185376258,0.0,False
120,120000,0.026677936982980776,0.016363636363636365,0.027089197675138604,0.15454545454545454,0.060815295815295815,0.014619883040935672,0.0035087719298245615,0.00856342787579091,0.03508771929824561,0.00935672514619883,0.022562313781204903,0.011976047904191617,0.020766030737636696,0.11377245508982035,0.043251592053987264,57,0.3413173652694611,59868,11.704077328894558,20.713226996555562,151.67610257851155,11.676424375151734,12.498274537066367,11.66974401223611,11.667922131388536,231.60577195980443,0.0,False
121,121000,0.03364706635342309,0.018548387096774192,0.033396478925984595,0.1693548387096774,0.07802099334357399,0.01111111111111111,0.002666666666666667,0.008718058970697662,0.02666666666666667,0.014814814814814815,0.025153615885215055,0.01256281407035176,0.024095566882534745,0.11557788944723618,0.054199569274946166,75,0.3768844221105528,59868,11.695935196648355,22.954171982763476,133.09176178109837,11.661866416455558,12.647091865557874,11.658404682424184,11.675382392065114,215.38461431701293,0.0,False
122,122000,0.03751453330456512,0.02181818181818182,0.03617115264869493,0.19090909090909092,0.06866883116883116,0.0480225988700565,0.013559322033898305,0.02826270615576705,0.11864406779661017,0.033562012375571694,0.04118302956707394,0.01893491124260355,0.033410215707376914,0.16568047337278108,0.05641260448952756,58,0.3431952662721893,59868,11.721081163609814,19.995179514592508,135.3167626183087,11.68645256989856,12.520728077700799,11.70574307154254,11.722104770708203,214.66805178636113,0.0,False
123,123000,0.042475850268058064,0.025974025974025976,0.047567244843911095,0.18181818181818182,0.10227272727272728,0.013888888888888888,0.002777777777777778,0.0107459113120706,0.027777777777777776,0.013888888888888888,0.033368499740181155,0.018584070796460177,0.03583655451518315,0.13274336283185842,0.07411504424778761,36,0.3185840707964602,59868,11.732706304060786,17.654156602733146,138.49103346988758,11.686313419540657,12.304470475777569,11.687969859636855,11.777522119341826,215.33417225097844,0.0,False
124,124000,0.0549456748924834,0.031730769230769236,0.053750944623941595,0.25,0.11480845543345544,0.037037037037037035,0.009722222222222222,0.028818669624022384,0.09722222222222222,0.04318783068783069,0.04761941395161898,0.022727272727272728,0.0435513775785201,0.1875,0.08550910894660896,72,0.4090909090909091,59868,11.72019210990416,22.249062744575387,131.94056482119035,11.6577775019569,12.454763694703248,11.666376580024561,11.673394251416475,213.36213170377107,0.0,False
125,125000,0.0323753716199211,0.022641509433962263,0.03319588824177292,0.18867924528301888,0.07354372566636717,0.03205128205128205,0.009615384615384616,0.024924652133958943,0.07692307692307693,0.03766025641025641,0.03226870923024243,0.018354430379746836,0.030473709269580977,0.1518987341772152,0.06173397629093831,52,0.3291139240506329,59868,11.7193842567552,18.977735892187347,132.1012266408579,11.670764963053054,12.520018165075586,11.758106387885213,11.918963211423467,210.66619951723777,0.0,False
126,126000,0.03253917433969717,0.022123893805309734,0.03492324601208468,0.19469026548672566,0.07904200028093833,0.02546296296296296,0.005555555555555556,0.010506483139249503,0.05555555555555555,0.00760030864197531,0.029785189371454666,0.01567567567567568,0.025420505866981257,0.14054054054054055,0.05123766623766623,72,0.3891891891891892,59868,11.707200505334248,22.49907709220289,133.7360424197645,11.850534301170029,13.006073657055584,11.732825898416039,11.677358198316362,216.20911207225964,0.0,False
127,127000,0.018311571940604197,0.009677419354838712,0.018622096281726192,0.08064516129032258,0.041417050691244246,0.00641025641025641,0.0019230769230769232,0.0038866797403951455,0.019230769230769232,0.004807692307692308,0.014795274170274169,0.007386363636363638,0.01426845048542384,0.0625,0.030600649350649354,52,0.29545454545454547,59868,11.70422122188583,19.528194991444426,135.72979699043307,11.662886807834589,12.476071269883205,11.669018297511686,11.671136571730912,214.44132615072368,0.0,False
128,128000,0.037960459194186294,0.020000000000000004,0.036993160384746676,0.175,0.07253306878306878,0.016431924882629106,0.004225352112676057,0.013395989117047839,0.04225352112676056,0.01891348088531187,0.029957705601932047,0.014136125654450262,0.028221437033926693,0.1256544502617801,0.05260118008809108,71,0.3717277486910995,59868,11.738209110337404,21.970427848665846,131.9735775264126,11.659711603082684,12.644942775915519,11.666973526468228,11.671488245577205,213.3253306364595,0.0,False
129,129000,0.025755229413765995,0.015447154471544714,0.02834278417116149,0.15447154471544716,0.07653245580074848,0.022727272727272728,0.00681818181818182,0.013290628749883147,0.06818181818181818,0.016098484848484848,0.02495744441852226,0.01317365269461078,0.024376946814657022,0.1317365269461078,0.06060973291512214,44,0.2634730538922156,59868,11.706358533043748,18.01594175601315,130.66977424781857,11.65950640935609,12.552438785524284,11.660729310608575,11.662430287773251,207.92717933013768,0.0,False
130,130000,0.0322956228391011,0.02181818181818182,0.028944788939629665,0.18181818181818182,0.05614718614718614,0.0070921985815602835,0.002127659574468085,0.00998465374516503,0.02127659574468085,0.02127659574468085,0.02475064869830863,0.01592356687898089,0.02326882490052242,0.1337579617834395,0.04570821959356991,47,0.29936305732484075,59868,11.715975950024603,18.588993566857198,132.66957731727925,11.659175094505535,12.453057257458266,11.662142881722904,11.68187409449073,210.43079616233848,0.0,False
131,131000,0.04133431825834404,0.021111111111111112,0.03808806879915673,0.18888888888888888,0.0708289241622575,0.03409090909090909,0.00681818181818182,0.033871875184170626,0.045454545454545456,0.045454545454545456,0.03895588539739525,0.016417910447761197,0.036703647015131444,0.1417910447761194,0.062497038616441604,44,0.3283582089552239,59868,11.721017031104953,18.169592624874692,131.040292963628,11.655684021387447,12.282732030889642,11.660854135692873,11.666591388657249,208.19676419623488,0.0,False
132,132000,0.05054717095769727,0.0256,0.041626499873707576,0.224,0.07648571428571428,0.041666666666666664,0.008333333333333333,0.026225770827303818,0.08333333333333333,0.031101190476190477,0.048083216009896866,0.0208092485549133,0.037353465224994394,0.18497109826589594,0.0638934764657308,48,0.2774566473988439,59868,11.729803005251089,18.658084277287795,132.48534952787008,11.66168835523701,12.468461658161207,11.660578205053424,11.672346579394421,210.33631160825502,574.9517764319298,True
133,133000,0.04053940901806119,0.01937984496124031,0.03434006852495512,0.17829457364341086,0.061477174849267874,0.012626262626262624,0.0030303030303030303,0.006126638905083311,0.030303030303030304,0.005555555555555556,0.0310918825469909,0.013846153846153847,0.02479090773053697,0.1282051282051282,0.04254985754985755,66,0.3384615384615385,59868,11.790910487030626,27.24345108422524,149.86472188462454,11.65737499745495,12.5624905977402,11.659911895726266,11.667254344708416,236.44611529151024,0.0,False
134,134000,0.04538955499175485,0.024731182795698924,0.035423216050077214,0.21505376344086022,0.0652457757296467,0.011695906432748537,0.0035087719298245615,0.0060241108659715185,0.03508771929824561,0.006335282651072124,0.032585968539332454,0.016666666666666666,0.024251556080117045,0.14666666666666667,0.042859788359788355,57,0.38,59868,11.688265449658065,20.277483417003445,137.84646306720313,11.66232621736471,12.442982166849248,11.662807870824881,11.675168067742936,217.2554962566464,0.0,False
135,135000,0.03980710466004583,0.02521739130434783,0.0401762252754771,0.21739130434782608,0.09142167011732229,0.02477477477477477,0.006756756756756757,0.01393494030448101,0.06756756756756757,0.01657014157014157,0.03392143052507198,0.01798941798941799,0.029901859731277573,0.15873015873015872,0.06211472243218275,74,0.3915343915343915,59868,11.726218556652041,22.257987867764506,135.72641436386186,11.66080912557571,12.586528865113355,11.663486737936712,11.67210792025336,217.29355343715756,0.0,False
136,136000,0.04914530257153063,0.02929292929292929,0.04125449075980346,0.23232323232323232,0.07674763508096842,0.014492753623188404,0.004347826086956522,0.011537418999505292,0.043478260869565216,0.018115942028985504,0.0381520801465393,0.021379310344827585,0.03182700592550197,0.1724137931034483,0.058147235905856604,46,0.31724137931034485,59868,11.742259460136017,18.41608896780561,134.43246895993715,11.661221240320819,12.32844627904739,11.66020908799359,11.664317643135524,211.90501163837612,0.0,False
137,137000,0.023341003067893825,0.01596638655462185,0.025192357776623563,0.15126050420168066,0.05915032679738562,0.024242424242424242,0.005454545454545455,0.01112784348354629,0.05454545454545454,0.009264069264069263,0.02362593504834884,0.012643678160919542,0.02074667797134052,0.1206896551724138,0.04338168217478563,55,0.3160919540229885,59868,11.68908298688348,19.773909093877272,135.60891987564327,11.658793637250863,12.473670959418925,11.663135086013854,11.669242353753994,214.53675399284165,0.0,False
138,138000,0.04468455866093661,0.022834645669291342,0.033908396581656244,0.2047244094488189,0.058483314585676786,0.00505050505050505,0.0015151515151515152,0.004486089560088867,0.015151515151515152,0.007575757575757576,0.031130944472913383,0.015544041450777202,0.02384688226340004,0.13989637305699482,0.041074512706637055,66,0.34196891191709844,59868,11.711761573690582,22.173778712240853,137.22378647556405,11.700803053980858,12.719593609107626,11.703685570713107,11.697522589115827,218.9309315844129,0.0,False
139,139000,0.03638425838082589,0.021153846153846155,0.03679431548674114,0.17307692307692307,0.07546550671550671,0.0220125786163522,0.0056603773584905665,0.02600958169347321,0.05660377358490566,0.04716981132075472,0.03153267221829655,0.01592356687898089,0.03315360917436407,0.1337579617834395,0.06591345667778789,53,0.3375796178343949,59868,11.759085498545819,19.38397347548554,143.07879681940693,11.666169772703295,12.421344102592213,11.705701274261626,11.665763067096602,221.680834010092,0.0,False
140,140000,0.03285519082321873,0.018965517241379314,0.02848753901249227,0.15517241379310345,0.05106048166392994,0.006944444444444444,0.0020833333333333333,0.0061683731451221925,0.020833333333333332,0.010416666666666666,0.025271557736748204,0.014024390243902441,0.021955100222042494,0.11585365853658537,0.03916473093302361,48,0.2926829268292683,59868,11.701575646470841,18.726054431983385,134.1780644724608,11.658297466979327,12.502192180158245,11.663622939583895,11.670242335885817,212.1000494735223,0.0,False
141,141000,0.05304886361220983,0.02727272727272728,0.044775491488975507,0.21818181818181817,0.08249278499278499,0.016666666666666663,0.004285714285714286,0.008882500097598058,0.04285714285714286,0.008928571428571428,0.03890023146672083,0.018333333333333333,0.03081710594788428,0.15,0.05388447971781305,69,0.38333333333333336,59868,11.721889404861518,24.08320303905198,133.1966424324149,11.659530847439592,12.544297050061381,11.664036680070211,11.670224109285032,216.5398235631846,0.0,False
142,142000,0.025820513059129437,0.01596638655462185,0.021351104261977845,0.14285714285714285,0.04283380018674136,0.033898305084745756,0.00847457627118644,0.02086848219835824,0.0847457627118644,0.02784503631961259,0.028497983449642713,0.013483146067415732,0.0211911340274073,0.12359550561797752,0.037865614410558225,59,0.33146067415730335,59868,11.717208785642919,20.372252787712043,135.52455981452604,11.658220163461575,12.466417427546562,11.661104255523968,11.67901845077618,215.07878168518928,0.0,False
143,143000,0.017505564983076226,0.01565217391304348,0.018597950299050533,0.13043478260869565,0.04489993098688751,0.022598870056497175,0.006779661016949153,0.011209254523843781,0.06779661016949153,0.011178369652945924,0.019232605209121262,0.012643678160919542,0.016092587938491925,0.10919540229885058,0.03346560846560846,59,0.3390804597701149,59868,11.72868306437147,20.763494149034223,133.5665741284825,11.658653694471276,12.563624342418201,11.660000209787192,11.665677105761329,213.60670669432616,0.0,False
144,144000,0.01784854347379586,0.014782608695652176,0.01822148217936103,0.14782608695652175,0.04515527950310559,0.02672955974842767,0.007547169811320755,0.01883441486376082,0.07547169811320754,0.02578616352201258,0.02065029265567376,0.0125,0.01841484784765382,0.125,0.03904478458049886,53,0.31547619047619047,59868,11.743481262788125,19.62529485999981,136.48726290622915,11.662715650700983,12.510410104547843,11.662832681613722,11.673782828194867,215.3657802940745,0.0,False
145,145000,0.04513272811359716,0.027722772277227727,0.035284683208027426,0.2376237623762376,0.06654879773691653,0.0220125786163522,0.0056603773584905665,0.014285738559969202,0.05660377358490566,0.01761006289308176,0.03717579354636351,0.02012987012987013,0.028057773686293096,0.17532467532467533,0.04970624613481756,53,0.34415584415584416,59868,11.719893523880199,19.5559071831386,134.8188328595401,11.661809606745843,12.526000041784835,11.663977956669068,11.676106557070852,213.62252772882948,0.0,False
146,146000,0.03392595307917889,0.017741935483870968,0.02868310735026924,0.1774193548387097,0.05891257040450589,0.010416666666666666,0.003125,0.00994436220295248,0.03125,0.018229166666666668,0.02592279174725983,0.012765957446808512,0.022303960066076302,0.1276595744680851,0.04506290104694361,64,0.3404255319148936,59868,11.747687726132439,21.030442714946307,132.96845383806155,11.657792424187019,12.504901185976525,11.658445664267102,11.664909349388964,213.2326329029599,0.0,False
147,147000,0.04504497668904859,0.02521008403361345,0.040603884492550965,0.21008403361344538,0.07701747365612911,0.026881720430107524,0.008064516129032258,0.013606028354716361,0.08064516129032258,0.014016897081413212,0.03882330879924557,0.019337016574585635,0.03135600006964629,0.16574585635359115,0.05543716565816013,62,0.3425414364640884,59868,11.7194809462276,20.609123726922363,136.31836231205173,11.66474173422416,12.547798151865685,11.663804530305521,11.680764494405304,216.20407589600237,0.0,False
148,148000,0.03387512614611851,0.018320610687022905,0.027035948882033922,0.15267175572519084,0.05194777656609718,0.019125683060109287,0.006557377049180328,0.01633938985000091,0.04918032786885246,0.025956284153005462,0.029189105165667667,0.014583333333333332,0.023637562939565104,0.11979166666666667,0.043690062830687826,61,0.3177083333333333,59868,11.701851891865456,22.382273539650612,134.61692576159646,11.658491303169482,12.57113543592231,11.662954971666807,11.67128725666766,216.2649201605388,0.0,False
149,149000,0.03791150084930278,0.027777777777777776,0.038318874979234425,0.18518518518518517,0.07806804820693711,0.033816425120772944,0.010144927536231885,0.01881737110674745,0.10144927536231885,0.0214170692431562,0.0363151153958081,0.02090395480225989,0.03071659380860391,0.15254237288135594,0.05598376827190386,69,0.3898305084745763,59868,11.729692701273331,22.020494652309765,136.23635556208464,11.66433306906689,12.525272429717017,11.664618692237838,11.68222054745427,217.52298765414375,0.0,False
150,150000,0.03876022438547678,0.020869565217391306,0.03358680976744569,0.19130434782608696,0.061939268461007585,0.00505050505050505,0.0015151515151515152,0.002750633220262919,0.015151515151515152,0.0030303030303030303,0.026468282528525757,0.013812154696132596,0.022342679092782362,0.1270718232044199,0.040458651232131895,66,0.36464088397790057,59868,11.761401745122303,21.3305282114884,133.34947188354403,11.661543462083978,12.539241266332212,11.664109473875916,11.671852988025256,213.9781490304721,0.0,False
151,151000,0.03087084844605647,0.01834862385321101,0.027428796470372708,0.1651376146788991,0.051845784185233716,0.018779342723004695,0.005633802816901409,0.009045443907373428,0.056338028169014086,0.00870221327967807,0.026101421188630496,0.013333333333333332,0.0201775851816341,0.12222222222222222,0.034828042328042326,71,0.39444444444444443,59868,11.744055655987795,22.0389729731138,134.5453013182965,11.659943190044098,12.543043233066708,11.66391630235547,11.68223037943672,215.8774630523011,0.0,False
152,152000,0.03309839005327727,0.023015873015873017,0.03015266437456954,0.1746031746031746,0.05690980095742001,0.029999999999999995,0.008,0.024776237035032175,0.08,0.0365,0.0322181656063235,0.018750000000000003,0.028625270244019153,0.14772727272727273,0.051111562049062045,50,0.2840909090909091,59868,11.741428668346487,19.172116809282326,132.30782818167418,11.657952422278184,12.477538201716154,11.66233324562116,11.670067572182308,210.68926510110083,0.0,False
153,153000,0.03336591028456837,0.01796875,0.028390781515619294,0.15625,0.05676773313492064,0.03676470588235294,0.008823529411764707,0.03143472855288886,0.08823529411764706,0.04779411764705882,0.03454508426747322,0.014795918367346941,0.02944684477344751,0.1326530612244898,0.05365443796566246,68,0.3469387755102041,59868,11.74765163277497,21.53569138604872,132.82956628959258,11.657497515180083,12.598697764647227,11.663483802708264,11.673502277168012,213.70609066811983,0.0,False
154,154000,0.01842737665288632,0.016981132075471698,0.02375862238676698,0.1509433962264151,0.06268343815513626,0.029239766081871343,0.008771929824561403,0.021306190585275674,0.07017543859649122,0.0297270955165692,0.022208396269157157,0.014110429447852763,0.02290102353593873,0.12269938650306748,0.051158827539195637,57,0.3496932515337423,59868,11.727313211890023,20.00013083027635,132.02170164312855,11.66010664047784,12.50054223399244,11.663038025216954,11.671159654252916,211.24399223923507,0.0,False
155,155000,0.03221773812895308,0.02149532710280374,0.03561807374676248,0.17757009345794392,0.08423824358403796,0.039007092198581554,0.010638297872340425,0.028088815195004332,0.06382978723404255,0.031914893617021274,0.0342898137216319,0.018181818181818188,0.03332018314979733,0.14285714285714285,0.06826942898371469,47,0.3051948051948052,59868,11.716594325701656,18.483294222750025,132.7828491448288,11.661322737867296,12.419826899950914,11.663245672463574,11.681387642854812,210.40852064641706,0.0,False
156,156000,0.03949471718511966,0.023157894736842106,0.041907215579420294,0.21052631578947367,0.09432330827067668,0.039351851851851846,0.011111111111111112,0.020917838216854143,0.1111111111111111,0.023611111111111107,0.039455456482847595,0.01984732824427481,0.03613914241108151,0.183206106870229,0.07489094874591057,36,0.2748091603053435,59868,11.720083842606254,17.15692183440476,133.26772137278732,11.657635558728895,12.331495159084715,11.657095022266084,11.66655031992897,209.457503109807,0.0,False
157,157000,0.03870036342258564,0.025,0.03679509964509516,0.19444444444444445,0.0807686654908877,0.046783625730994156,0.014035087719298246,0.025421963461892984,0.08771929824561403,0.01980646059593428,0.04149276312912676,0.021212121212121213,0.03286619805453441,0.15757575757575756,0.05970899470899471,57,0.34545454545454546,59868,11.692425046797016,19.890778456474468,134.96037045081925,11.704472041365598,12.463948609264808,11.677218473039874,11.703814359727282,214.0930274374883,0.0,False
158,158000,0.037579282737754106,0.02323232323232323,0.034579474712297734,0.21212121212121213,0.07558521725188391,0.005847953216374269,0.0017543859649122807,0.0041164800528311965,0.017543859649122806,0.005847953216374269,0.02598514310494224,0.015384615384615384,0.023448765125184963,0.14102564102564102,0.05010429385429386,57,0.36538461538461536,59868,11.727832035637874,20.02336740502403,137.1434878355421,11.652136988032913,12.37801488978424,11.661322342100544,11.673002385033382,216.25916388115505,0.0,False
159,159000,0.032414505152499946,0.019417475728155338,0.03274365471954424,0.18446601941747573,0.07620973955925413,0.041666666666666664,0.011111111111111113,0.029796854951577065,0.09259259259259259,0.04120370370370371,0.03559677726565283,0.016560509554140127,0.03173010575476572,0.15286624203821655,0.06416944697199474,54,0.34394904458598724,59868,11.72650165831568,19.116529300221284,133.31938259882742,11.66252696960246,12.420940203150543,11.662992335868816,11.673233130171656,211.58210619615784,0.0,False
160,160000,0.026740121375590842,0.01858407079646018,0.024664195436279953,0.168141592920354,0.05599803343166175,0.03439153439153439,0.007936507936507936,0.022529476712056042,0.07936507936507936,0.027664399092970523,0.029478979443797907,0.014772727272727272,0.023900063165677075,0.13636363636363635,0.04585588023088023,63,0.35795454545454547,59868,11.72034971130137,20.38757913370298,134.0364517300463,11.663099920275478,12.484152926026116,11.657599468500868,11.670809633913814,213.62004252376695,0.0,False
161,161000,0.02793247209690181,0.019834710743801654,0.025855454980322275,0.17355371900826447,0.0534959989505444,0.0273224043715847,0.006557377049180328,0.013072894124258893,0.06557377049180328,0.01256830601092896,0.027727998848306516,0.015384615384615385,0.021571190078015317,0.13736263736263737,0.0397784754927612,61,0.33516483516483514,59868,11.69186996856364,22.041601639724572,133.34069226576122,11.660332705200338,12.5517027011815,11.662264013931335,11.66730708435787,214.6157703787205,0.0,False
162,162000,0.027168211634071338,0.022340425531914895,0.024501310541789414,0.19148936170212766,0.0461837217156366,0.03525641025641025,0.009615384615384616,0.0351605954112881,0.07692307692307693,0.0608974358974359,0.030048939910520815,0.01780821917808219,0.02829776816654237,0.1506849315068493,0.05142422265709937,52,0.3561643835616438,59868,11.687416798876471,18.704107907094315,133.59950968685337,11.66099242556895,12.317199294870074,11.656789976478843,11.669895902170769,211.2959119919128,0.0,False
163,163000,0.03792959396584567,0.024806201550387597,0.03914819392519288,0.20930232558139536,0.0939245724129445,0.026041666666666664,0.00625,0.018986834088677025,0.0625,0.02786458333333333,0.033987483358864035,0.018652849740932644,0.03246256164779902,0.16062176165803108,0.07201866929846205,64,0.3316062176165803,59868,11.724810368367311,20.958028254268456,133.63196142156252,11.655864455124842,12.535286284809377,11.661355031097887,11.686920087038144,213.85422590226858,0.0,False
164,164000,0.02616720710983006,0.015573770491803278,0.019797302966752858,0.14754098360655737,0.04267824616185272,0.019125683060109287,0.004918032786885246,0.011188195610720267,0.04918032786885246,0.012750455373406192,0.023820032426589803,0.012021857923497269,0.016927600514741993,0.11475409836065574,0.032702315899037215,60,0.32786885245901637,59868,11.692599852168584,19.88894211885084,134.60861696792253,11.661696248284336,12.596414912934007,11.664241247537344,11.675373291282487,213.7878846389801,0.0,False
165,165000,0.02919292278314835,0.015000000000000005,0.02524484041829581,0.11428571428571428,0.044846938775510194,0.013227513227513227,0.0031746031746031746,0.0051631784486822286,0.031746031746031744,0.0035714285714285713,0.024238140507261585,0.011330049261083745,0.019012600496691595,0.08866995073891626,0.03203729767769176,63,0.3103448275862069,59868,11.720557068231606,20.82079716920343,137.69799259169545,11.659588558900202,12.599039544598789,11.657117682938035,11.665773225713604,217.8208658412811,569.4832562608692,True
166,166000,0.025726434059767395,0.014814814814814815,0.023604720888553463,0.14814814814814814,0.05632716049382717,0.029569892473118278,0.0064516129032258064,0.014006447572848288,0.06451612903225806,0.012250384024577572,0.027128165951695364,0.011764705882352941,0.020104174149884517,0.11764705882352941,0.04025210084033614,62,0.36470588235294116,59868,11.753883191002734,20.149726550872103,139.2722087900436,11.66543624480515,12.453258654836208,11.661759371707491,11.682167801833899,218.6384406051012,0.0,False
167,167000,0.04586494706292625,0.02619047619047619,0.03832299857798546,0.23015873015873015,0.07851788863693625,0.0,0.0,0.0,0.0,0.0,0.0330227618853069,0.018857142857142857,0.027592558976149543,0.1657142857142857,0.056532879818594096,49,0.28,59868,11.742567803403603,19.138731648195296,137.2036807702412,11.664066024270891,12.48729033929974,11.656309338248239,11.674185191878905,215.56683111553784,0.0,False
168,168000,0.03461070663083047,0.021929824561403508,0.032457142268700605,0.18421052631578946,0.06586953494848231,0.023474178403755867,0.005633802816901409,0.018350043077580355,0.04225352112676056,0.023943661971830985,0.030336687689628865,0.01567567567567568,0.02704306636291932,0.12972972972972974,0.04977906477906479,71,0.3837837837837838,59868,11.738283183612698,22.21309223374157,137.2434920178453,11.655265565194139,12.512623468831363,11.665369813083915,11.662730990943949,218.6908572732529,0.0,False
169,169000,0.02959079976213933,0.017094017094017096,0.028144651519177305,0.1623931623931624,0.07046533713200379,0.020833333333333332,0.00625,0.0108258515381334,0.0625,0.011346726190476188,0.026494237046981405,0.013259668508287295,0.022020876940244655,0.1270718232044199,0.04956151889853548,64,0.35359116022099446,59868,11.702730922553972,20.67679331781147,137.85224580945692,11.661973178582475,12.541444682441504,11.675331144059275,11.672257526781916,217.78277658168753,0.0,False
170,170000,0.04255193680772132,0.021008403361344543,0.034062638446483454,0.18487394957983194,0.056756035747632376,0.015625,0.004687500000000001,0.013610602250005264,0.046875,0.0234375,0.033134866011578334,0.015300546448087433,0.02691001376574791,0.1366120218579235,0.045103651661028706,64,0.34972677595628415,59868,11.716537990140441,21.142112294376957,137.16678215969225,11.654817614593915,12.553763095814185,11.66391618046686,11.672702269018009,217.5706316041026,0.0,False
171,171000,0.031142229230464523,0.020833333333333332,0.02396533994181532,0.15833333333333333,0.037496693121693125,0.014492753623188404,0.004347826086956522,0.010201711435277315,0.043478260869565216,0.014492753623188404,0.026528519122424155,0.016265060240963858,0.020151322403859005,0.12650602409638553,0.031122107477529165,46,0.27710843373493976,59868,11.715191585388862,17.813872846189625,137.8396683948818,11.660410431539592,12.43433736555083,11.661354034610271,11.671264786107526,214.7960994442685,0.0,False
172,172000,0.03298667706562443,0.021052631578947368,0.032230079032369546,0.17543859649122806,0.06627332219437483,0.008064516129032258,0.0016129032258064516,0.0035227005938413577,0.016129032258064516,0.0026881720430107525,0.024207279462961282,0.014204545454545454,0.02211725253697894,0.11931818181818182,0.04387400793650793,62,0.3522727272727273,59868,11.739369884730678,20.73973417908437,137.00748573943628,11.660637701554899,12.532593965892957,11.65984446291346,11.671482717828807,217.01114865144143,0.0,False
173,173000,0.024540984041758033,0.016666666666666666,0.02900575919186929,0.15789473684210525,0.08073656363130045,0.04947916666666666,0.0140625,0.033388906225585296,0.109375,0.03816964285714286,0.03350752161475889,0.015730337078651683,0.030581722170284036,0.1404494382022472,0.06543160335295167,64,0.3595505617977528,59868,11.732107513422186,21.03284957204188,139.02814243667294,11.706547338334595,12.548323220798462,11.663301581255059,11.688419212153855,219.39969087467898,0.0,False
174,174000,0.0165434508636263,0.014444444444444446,0.023022015011570363,0.1111111111111111,0.05584656084656085,0.011904761904761904,0.0035714285714285718,0.007431806349084481,0.03571428571428571,0.009523809523809523,0.01476422770132215,0.010273972602739725,0.017042208949247007,0.0821917808219178,0.03807893020221787,56,0.3835616438356164,59868,11.709256865229111,19.861898649227438,140.05488424446295,11.661670215143417,12.38672984271022,11.669836300791381,11.677258750827924,219.02153486839245,0.0,False
175,175000,0.034738270785569604,0.02471910112359551,0.030716304131226457,0.19101123595505617,0.05375869448903157,0.02536231884057971,0.006521739130434784,0.010202554396175675,0.06521739130434782,0.007453416149068323,0.03154350197468416,0.018518518518518517,0.02372643385113508,0.14814814814814814,0.03798059964726631,46,0.34074074074074073,59868,11.738388857818194,18.73227328594296,136.2413428586326,11.658023145642849,12.269461319498742,11.668937993966622,11.666302069272827,213.97472953077482,0.0,False
176,176000,0.039380653308407475,0.02857142857142857,0.03774746338703439,0.22857142857142856,0.07664021164021165,0.041666666666666664,0.009090909090909092,0.0278879082037024,0.06818181818181818,0.03165584415584415,0.040055717655812874,0.022818791946308727,0.03483591688994307,0.18120805369127516,0.06335623734952593,44,0.2953020134228188,59868,11.717690120621738,18.385219535878296,136.5122297418142,11.657227184110052,12.372274787127157,11.67149250192595,11.667042744363531,213.9831766158409,0.0,False
177,177000,0.02665686330353513,0.01875,0.028183667388061665,0.125,0.05359623015873016,0.015503875968992248,0.004651162790697674,0.010040322892984023,0.046511627906976744,0.013953488372093023,0.023206658588532655,0.014388489208633094,0.02257097808382901,0.10071942446043165,0.04133264816718054,43,0.30935251798561153,59868,11.68868911528148,17.752614391117195,136.91710121965102,11.65962539428217,12.293773738535075,11.660764662475842,11.675655137780016,213.64822365912275,0.0,False
178,178000,0.030019942849115213,0.024074074074074074,0.027793161040796707,0.17592592592592593,0.061467519106407985,0.004901960784313725,0.0014705882352941176,0.0034505788678143856,0.014705882352941176,0.004901960784313725,0.02031526796044191,0.015340909090909093,0.018388072473962628,0.11363636363636363,0.039612644300144294,68,0.38636363636363635,59868,11.686513931706555,21.923738975859752,138.5825784355893,11.656074170481034,12.447169205190288,11.656130262230334,11.670541075314844,219.62274605637208,0.0,False
179,179000,0.03586353249751942,0.021481481481481483,0.03261727173900691,0.17037037037037037,0.06733392122281011,0.014124293785310733,0.0033898305084745766,0.00621098970001859,0.03389830508474576,0.004943502824858757,0.029252114538651834,0.015979381443298968,0.024586495242613558,0.12886597938144329,0.04835951562755687,59,0.30412371134020616,59868,11.73627324918547,20.50849157864132,136.85997274160562,11.661277586415276,12.638185813471093,11.663098683736827,11.673645972667956,216.74094562572355,0.0,False
180,180000,0.020622772594401952,0.012389380530973453,0.01971258565793996,0.12389380530973451,0.04635833684506251,0.03508771929824561,0.007894736842105265,0.015003778646419334,0.07894736842105263,0.011695906432748537,0.024262957857620886,0.011258278145695366,0.01852758786696126,0.11258278145695365,0.0376353411121623,38,0.25165562913907286,59868,11.720873412515708,17.018559402115496,136.4644300339349,11.654759165376227,12.387195582733156,11.654801352581345,11.672318281245875,212.57293723050267,0.0,False
181,181000,0.03259899822399823,0.015000000000000001,0.024507838378150303,0.14166666666666666,0.04536706349206349,0.018229166666666664,0.004687500000000001,0.01390302358346044,0.046875,0.022135416666666668,0.027600795943187244,0.011413043478260873,0.0208192071452147,0.10869565217391304,0.03728649068322981,64,0.34782608695652173,59868,11.718852643553824,23.225236244137083,136.4822436817348,11.656596923648177,12.492724378712627,11.663452174591471,11.673846329891823,218.91295237626983,0.0,False
182,182000,0.03689867899501401,0.022047244094488192,0.031808556302281035,0.1732283464566929,0.06000499937507812,0.01729559748427673,0.0056603773584905665,0.009562270441665383,0.03773584905660377,0.007075471698113208,0.031126660550185814,0.017222222222222222,0.025258261021099758,0.13333333333333333,0.044420194003527334,53,0.29444444444444445,59868,11.717279698557348,19.22968353119253,137.24517269893266,11.660962695343724,12.56500735498378,11.662480920944517,11.673305241551024,215.7538921415056,0.0,False
183,183000,0.023367765567765566,0.013600000000000001,0.019222202061593262,0.128,0.04128888888888889,0.01990049751243781,0.005970149253731343,0.010501324050733648,0.04477611940298507,0.00870646766169154,0.022157833485958484,0.010937500000000001,0.016178979005720375,0.09895833333333333,0.02991898148148148,66,0.34375,59868,11.717781613712619,21.12294446470625,135.77391375781121,11.656498441162121,12.529963120108679,11.659346484990674,11.668546470458562,216.1289943529501,0.0,False
184,184000,0.017252817688033634,0.011428571428571429,0.019026047000671897,0.11428571428571428,0.05055177626606198,0.0,0.0,0.0,0.0,0.0,0.01176328478729566,0.007792207792207792,0.012972304773185386,0.07792207792207792,0.034467120181405894,49,0.3181818181818182,59868,11.684288745775206,18.63493900085278,138.262500624875,11.658093724331575,12.45081446564489,11.66345176437794,11.68258760876617,216.03667593462356,0.0,False
185,185000,0.036596428329943975,0.022448979591836737,0.03960243144103858,0.1836734693877551,0.08154761904761905,0.018518518518518517,0.005555555555555556,0.01559562633206908,0.041666666666666664,0.020833333333333332,0.028939901821575548,0.015294117647058824,0.029434843394886796,0.12352941176470589,0.05583333333333334,71,0.4176470588235294,59868,11.740443581126359,22.497930687759293,138.88927458786253,11.662685863125798,12.5094008628715,11.65919544431765,11.685843488450088,220.6447745155132,0.0,False
186,186000,0.022825590986806768,0.016494845360824743,0.022429452909249886,0.16494845360824742,0.048621338569792186,0.009433962264150943,0.0018867924528301887,0.011568814957838838,0.018867924528301886,0.018867924528301886,0.01809388217146838,0.011333333333333334,0.018592027499751317,0.11333333333333333,0.03810846560846561,53,0.35333333333333333,59868,11.723309882388788,19.352160166963284,136.77977828248368,11.65781835037183,12.436034748215807,11.662126241353265,11.673628165814742,215.28485583759138,0.0,False
187,187000,0.03511727374601471,0.022222222222222227,0.03442402158194116,0.19444444444444445,0.07661669606114051,0.012254901960784312,0.0029411764705882353,0.006855521604016742,0.029411764705882353,0.007352941176470588,0.026284084647175698,0.014772727272727272,0.023772555681379457,0.13068181818181818,0.04985569985569986,68,0.38636363636363635,59868,11.741652755352384,21.499863116787587,136.76174378218775,11.663221601433682,12.573804664059441,11.663245041287906,11.672699158998823,217.5762301201076,0.0,False
188,188000,0.022967998023880377,0.017,0.02131874888116708,0.15,0.041095238095238094,0.01515151515151515,0.004545454545454546,0.010284276203942061,0.045454545454545456,0.014610389610389608,0.020579628257324338,0.013194444444444444,0.01794710445201499,0.11805555555555555,0.033002645502645506,44,0.3055555555555556,59868,11.717826997797998,17.941876519392274,135.8813090587968,11.656817791715069,12.322451301276239,11.663337159760479,11.673942302774243,212.8575611315131,0.0,False
189,189000,0.027094726571053687,0.017073170731707322,0.02356010306353187,0.13821138211382114,0.044499290230997544,0.0326797385620915,0.00980392156862745,0.030763926920466325,0.09803921568627451,0.05555555555555556,0.02873171284428891,0.014942528735632184,0.025671568676771277,0.12643678160919541,0.04773991972267833,51,0.29310344827586204,59868,11.718350194388217,19.063790640955204,136.3321356770003,11.659562439002292,12.5374881519702,11.66214625471229,11.67531362641222,214.64878698444073,0.0,False
190,190000,0.03882055194204353,0.024137931034482762,0.03731598688171284,0.1810344827586207,0.07009099616858239,0.0091324200913242,0.0027397260273972603,0.005242196143757683,0.0273972602739726,0.006278538812785388,0.02735370736478156,0.015873015873015872,0.024927697337423286,0.12169312169312169,0.04544385655496767,73,0.3862433862433862,59868,11.720689275837582,22.61821712433443,136.74139832136473,11.66493753361475,12.661182152776117,11.743191018279141,11.690854395368655,218.8404698215754,0.0,False
191,191000,0.0411080504169854,0.029357798165137613,0.042580130375551195,0.22935779816513763,0.09558759283529926,0.029166666666666664,0.0075000000000000015,0.020075849069581812,0.075,0.02583333333333333,0.037902309812872986,0.02348993288590604,0.036538712575290955,0.18791946308724833,0.0768616171300735,40,0.2684563758389262,59868,11.693485794384006,17.906071121037705,141.95075779937366,11.714192675260637,12.457708763471963,11.73175086872924,11.730214872697486,219.18418189495472,0.0,False
192,192000,0.022651141002666398,0.01517857142857143,0.023710487514328027,0.125,0.051261337868480715,0.024509803921568627,0.00784313725490196,0.01191187088836015,0.0784313725490196,0.011601307189542484,0.02323268584232292,0.012883435582822086,0.020018895809270593,0.11042944785276074,0.03885237121433441,51,0.3128834355828221,59868,11.782477471175557,19.69507273268112,144.6164376530737,11.68330590946981,12.472280057310158,11.68385085213025,11.706553959212052,223.63997863505267,0.0,False
193,193000,0.033004763182978535,0.01730769230769231,0.02920594749557258,0.15384615384615385,0.057135225885225877,0.0392156862745098,0.010294117647058823,0.024220141803046283,0.08823529411764706,0.029901960784313723,0.035460244405211824,0.014534883720930232,0.027234815012480786,0.12790697674418605,0.04636858619416759,68,0.3953488372093023,59868,11.723654537686146,21.433869531600756,136.84966937974747,11.658574559883505,12.521791137351524,11.663181819783485,11.674238411529814,217.5249793775827,0.0,False
194,194000,0.022592697157914548,0.01391304347826087,0.027394258786619954,0.13043478260869565,0.07101449275362319,0.00980392156862745,0.0029411764705882353,0.011255303485126789,0.029411764705882353,0.022058823529411766,0.017840583824190383,0.009836065573770493,0.02139726993142031,0.09289617486338798,0.05282331511839708,68,0.37158469945355194,59868,11.689483100284226,21.458686737321763,136.74264538578868,11.661164611175002,12.55385888089544,11.663155558346016,11.674800507129046,217.44379478094015,0.0,False
195,195000,0.02656803139079848,0.01652892561983471,0.02826561171353674,0.1652892561983471,0.07046438410074773,0.0261437908496732,0.005882352941176471,0.011028979510515229,0.058823529411764705,0.008333333333333335,0.026442239137325286,0.013372093023255816,0.02315474983938501,0.13372093023255813,0.05204180509413067,50,0.29069767441860467,59868,11.728669568562832,18.98103848246846,135.2514917291811,11.660001021776555,12.516248790901685,11.672923275030112,11.673841569623256,213.48421443754404,0.0,False
196,196000,0.03594034318172249,0.023636363636363636,0.02889803113834742,0.2,0.05295093795093795,0.018518518518518517,0.005555555555555557,0.01406156068329505,0.05555555555555555,0.02160493827160494,0.030203888719448013,0.01768292682926829,0.024012851842171643,0.1524390243902439,0.0426296941540844,54,0.32926829268292684,59868,11.715743383433619,19.49712843180018,137.5243090330422,11.655805469606983,12.46409621989686,11.673630504957512,11.668757611105196,216.19947065384255,0.0,False
197,197000,0.02219794331465975,0.02,0.02877320054050594,0.16842105263157894,0.0675563909774436,0.01,0.002,0.004743954255385924,0.02,0.004,0.01799175596477708,0.013793103448275862,0.02048725354563697,0.11724137931034483,0.045640394088669954,50,0.3448275862068966,59868,11.70682953139518,18.951489284040058,134.71557436632585,11.657951818885849,12.404370475345427,11.66311829756822,11.679673222207699,212.7790069957683,0.0,False
198,198000,0.035907446408106135,0.021739130434782608,0.025888810445098973,0.1826086956521739,0.046435472739820564,0.012345679012345678,0.003703703703703704,0.006961228442059393,0.018518518518518517,0.006172839506172839,0.028378834340821724,0.015976331360946748,0.019840944006257927,0.1301775147928994,0.033570489339720115,54,0.31952662721893493,59868,11.716130001573898,19.317765152994383,137.91098507797557,11.661300795592911,14.204774661130681,11.673134116853278,11.709850783372943,218.19394058949365,647.1239487538319,True
199,199000,0.0391323980849465,0.02589285714285714,0.04044555529814363,0.22321428571428573,0.0948873299319728,0.015873015873015872,0.0031746031746031746,0.008631290621460721,0.031746031746031744,0.008465608465608466,0.030759020488651468,0.017714285714285714,0.02899242001453778,0.15428571428571428,0.06377551020408162,63,0.36,59868,11.700631721844879,20.68365469001798,141.17558148531856,11.664602531206992,12.559294220802764,11.668543791691633,11.703817771477333,221.15612621236014,0.0,False
200,200000,0.03843768276541385,0.023529411764705885,0.035467536912515266,0.19327731092436976,0.06435240762971856,0.026960784313725488,0.007352941176470588,0.01752931493438237,0.07352941176470588,0.02501750700280112,0.034264265146618095,0.01764705882352941,0.02894454710228513,0.1497326203208556,0.05004880740174858,68,0.36363636363636365,59868,11.725236080915858,27.50059803393462,148.59757486625213,11.661836267946867,12.531847107630224,11.660972587299035,11.679172046960563,235.35723699093927,0.0,False
201,201000,0.03172928634093682,0.018446601941747576,0.026606624686214084,0.1553398058252427,0.045842965017722295,0.01639344262295082,0.004918032786885246,0.0095045055718237,0.04918032786885246,0.011885245901639344,0.026025100567783493,0.013414634146341465,0.020245470625373754,0.11585365853658537,0.033212349980642666,61,0.3719512195121951,59868,11.704392113023875,20.287294071739957,143.74200606172283,11.661470843284116,12.419123259319043,11.660056547374564,11.677823500123862,223.15216639658823,0.0,False
202,202000,0.028356571434855378,0.018487394957983194,0.02802382465809312,0.15966386554621848,0.06021075096705349,0.034313725490196074,0.008823529411764706,0.0245197362934306,0.08823529411764706,0.031985294117647056,0.03052280927316109,0.014973262032085561,0.026749610707306744,0.13368983957219252,0.04994694847636024,67,0.3582887700534759,59868,11.69050329265925,21.39913275401445,142.31353281660142,11.66127638762421,12.599423333731208,11.663010156606756,11.680639525342428,223.00751826657972,0.0,False
203,203000,0.04024778532840657,0.028703703703703707,0.039855765765882914,0.25925925925925924,0.08363462669018223,0.029166666666666664,0.0075000000000000015,0.018767411570788175,0.075,0.02395833333333333,0.037252888392801185,0.022972972972972974,0.03415621057801947,0.20945945945945946,0.06750589875589875,39,0.2635135135135135,59868,11.743858457043121,17.224465402171376,142.03601332848925,11.662096211208228,12.35519152893022,11.661905336288193,11.681382514887318,218.3649127790177,0.0,False
204,204000,0.03386726699226699,0.021111111111111115,0.030887242757569988,0.18888888888888888,0.06718694885361552,0.019125683060109287,0.004918032786885246,0.013911891136186096,0.04918032786885246,0.02213114754098361,0.027912057589209907,0.01456953642384106,0.02402965038071954,0.13245033112582782,0.04898559865447282,61,0.40397350993377484,59868,11.691267580944686,20.882320115767072,145.4266294897491,11.659602655776647,12.431306034170476,11.66469962370076,11.695099448448543,225.4509249485573,0.0,False
205,205000,0.028069087452967816,0.021296296296296296,0.03006861706101065,0.16666666666666666,0.06711493239271017,0.037356321839080456,0.010344827586206896,0.024870520570853698,0.10344827586206896,0.03266283524904214,0.03131402476859753,0.01746987951807229,0.028252414672883516,0.14457831325301204,0.05507745266781411,58,0.3493975903614458,59868,11.769365882458027,24.08884674382633,150.1656915959826,11.657709066061061,12.446387012032822,11.66668320583264,11.684914803550273,233.47959830974375,0.0,False
206,206000,0.041933220552001306,0.027966101694915254,0.04385234633056251,0.22033898305084745,0.09712806026365348,0.023809523809523805,0.006349206349206349,0.01391064514961204,0.06349206349206349,0.017258755353993446,0.03562497251456439,0.020441988950276244,0.03343064923443057,0.16574585635359115,0.06932824695255634,63,0.34806629834254144,59868,11.719455811895486,25.078088742865045,148.10129998324427,11.665651809697476,12.772182936278409,11.655963086054655,11.672587680013057,232.66523005004842,0.0,False
207,207000,0.03751623719448862,0.018897637795275594,0.02645505829223784,0.1732283464566929,0.0467785276840395,0.019125683060109287,0.004918032786885246,0.00999136134159226,0.04918032786885246,0.01053864168618267,0.03154908931046128,0.014361702127659576,0.021113114068890073,0.13297872340425532,0.03501984126984127,61,0.324468085106383,59868,11.693890920955186,20.33144898204442,141.57519007714643,11.680961338786378,12.564177703539015,11.674347844242705,11.686844001851382,221.20686086856549,0.0,False
208,208000,0.03659709657571382,0.020491803278688523,0.031173133146285066,0.18032786885245902,0.0613127764767109,0.03968253968253968,0.009523809523809523,0.026972043818912973,0.09523809523809523,0.03518518518518519,0.03764781503911938,0.016756756756756756,0.029742491915882678,0.15135135135135136,0.05241527241527241,63,0.34054054054054056,59868,11.745127338459726,20.569492695181324,145.07475937794445,11.661297325167574,12.59252056694249,11.659449872650217,11.668503247679041,224.97115042402478,0.0,False
209,209000,0.03901648623116014,0.03260869565217391,0.03963107187244583,0.2391304347826087,0.08258712905452036,0.007575757575757575,0.002272727272727273,0.003555141863808761,0.022727272727272728,0.0032467532467532465,0.02884448578382402,0.022794117647058826,0.02795944745788678,0.16911764705882354,0.05691818394024276,44,0.3235294117647059,59868,11.69815149330844,18.415989864899174,140.7882583105216,11.66374396763259,12.357445018519597,11.659616271975093,11.683637358046727,218.26684228490322,0.0,False
210,210000,0.03529334302061574,0.023140495867768594,0.031178198048104844,0.19008264462809918,0.05861537452446543,0.013888888888888888,0.0033333333333333335,0.005430711160656619,0.03333333333333333,0.0037037037037037034,0.028197943860927284,0.016574585635359115,0.02264311952187891,0.13812154696132597,0.04041261071647812,60,0.3314917127071823,59868,11.698872415956407,20.82192102884767,142.65808344870317,11.665811749231313,12.581081907749036,11.66288279089156,11.675151712284283,222.76380505366342,0.0,False
211,211000,0.016154241145353836,0.00824742268041237,0.014584434651332901,0.08247422680412371,0.027548682703321878,0.011666666666666665,0.004,0.005423842997065952,0.04,0.005,0.014627855268249355,0.006802721088435374,0.011468587149881559,0.06802721088435375,0.019879062736205592,50,0.3401360544217687,59868,11.694730786861173,19.146791058216593,139.7494550064854,11.660970186094799,12.416851646192272,11.663237416303929,11.677635057355529,218.00967115750967,0.0,False
212,212000,0.028067595741865566,0.022580645161290325,0.025226400233515623,0.17204301075268819,0.042349377026796385,0.0303030303030303,0.007575757575757576,0.01832001547855516,0.06060606060606061,0.01944444444444444,0.028995511974801873,0.01635220125786164,0.022359599014475432,0.12578616352201258,0.032841669162423884,66,0.41509433962264153,59868,11.689526334811296,21.38542514048408,143.44277264267959,11.659052593170072,12.466457087419169,11.663180831095188,11.693239832258339,223.99965446191774,0.0,False
213,213000,0.03370082330508204,0.019847328244274813,0.030613417674856216,0.17557251908396945,0.06941718163092209,0.026455026455026454,0.006349206349206349,0.015144584484260645,0.06349206349206349,0.016975308641975308,0.031347806802228935,0.015463917525773196,0.025590033700590646,0.13917525773195877,0.05238708885616102,63,0.3247422680412371,59868,11.758477923430599,20.75322898108245,145.13166577093116,11.660321011172648,12.632375531909656,11.673074835308327,11.691243495058623,225.30038754889344,0.0,False
214,214000,0.01983736349367379,0.016260162601626018,0.017872937568025497,0.13821138211382114,0.03493353981158859,0.0234375,0.00625,0.00985586386629633,0.0625,0.007595486111111111,0.021069495773913777,0.012834224598930482,0.015129126247647602,0.11229946524064172,0.02557720057720058,64,0.3422459893048128,59868,11.71519582203462,25.27416245200198,149.94717397320835,11.662834898534813,12.544532700019262,11.66432724247074,11.678750549144745,234.4869776374145,0.0,False
215,215000,0.024580236487990948,0.017142857142857144,0.025721053566937567,0.1619047619047619,0.05467876039304611,0.016025641025641024,0.0038461538461538464,0.01528248048659252,0.038461538461538464,0.023076923076923075,0.021746867290269953,0.012738853503184714,0.022263691782364686,0.12101910828025478,0.04421190981700536,52,0.33121019108280253,59868,11.704986607838364,20.257272681657724,140.38128587760824,11.660569792161512,12.477281889682057,11.659855250152617,11.676312591447912,219.8175646905484,0.0,False
216,216000,0.03137592097065421,0.019444444444444445,0.034009609777789745,0.16666666666666666,0.07417695473251029,0.0196078431372549,0.0058823529411764705,0.012084940506473537,0.058823529411764705,0.015581232492997199,0.02682916362593175,0.014204545454545454,0.02553871483205394,0.125,0.0515376984126984,68,0.38636363636363635,59868,11.728911672559406,21.66101858044889,140.04418573741046,11.658269172452885,12.542515815491818,11.657899994951816,11.692895574150208,220.98569654746547,0.0,False
217,217000,0.039177736734237904,0.021774193548387097,0.03575716469809747,0.18548387096774194,0.07023489503328213,0.034482758620689655,0.008620689655172414,0.023228468133482474,0.08620689655172414,0.032396004378763,0.03768153491783242,0.017582417582417582,0.031764503155527854,0.15384615384615385,0.05817634746206175,58,0.31868131868131866,59868,11.752264404994717,20.346321620623442,140.11425618835892,11.659830486135391,12.60896394729427,11.664081204391941,11.677140272461916,219.8228581242606,0.0,False
218,218000,0.03058896580766867,0.0170940170940171,0.02597816942996884,0.17094017094017094,0.05705806539139873,0.03494623655913978,0.009677419354838712,0.02520832235639708,0.08064516129032258,0.0359062980030722,0.03209818807912794,0.01452513966480447,0.025711518488284766,0.13966480446927373,0.049731754899352665,62,0.3463687150837989,59868,11.723287090883993,20.879023342322554,139.5338306467292,11.659124978427581,12.540798854272783,11.662396250833318,11.680297798612182,219.67875896208162,0.0,False
219,219000,0.0223120240676286,0.013793103448275864,0.020030394185831413,0.12931034482758622,0.040575396825396834,0.022135416666666664,0.00625,0.014714654468800305,0.0625,0.019140625,0.022249230325064356,0.011111111111111112,0.018140353397553682,0.10555555555555556,0.03295414462081129,64,0.35555555555555557,59868,11.718005065296245,20.779780298359196,141.95238658405023,11.657457478789212,12.552840542190413,11.663199550995817,11.689944583399836,222.01361410308093,0.0,False
220,220000,0.02879208571025588,0.026315789473684216,0.0340487193653375,0.22105263157894736,0.07638680033416875,0.028455284552845524,0.007317073170731709,0.022215619698362752,0.07317073170731707,0.030584591560201317,0.028690550067213057,0.020588235294117647,0.03048138784808776,0.17647058823529413,0.06257878151260504,41,0.3014705882352941,59868,11.719868908043052,17.886740413274037,140.33592954667412,11.66001833968755,12.353788073148076,11.6700041849771,11.678025281416925,217.30437474722086,0.0,False
221,221000,0.03441500959358102,0.01875,0.03430305831485471,0.16964285714285715,0.07448979591836734,0.023474178403755867,0.005633802816901409,0.021711208394085232,0.056338028169014086,0.03227699530516432,0.030170206235780008,0.01366120218579235,0.029417695777288408,0.12568306010928962,0.05811215196461098,71,0.3879781420765027,59868,11.747098803402412,25.18973609495767,146.81028093879027,11.66280847169493,12.583607625564486,11.663841186726476,11.694008254979627,231.35138137611588,0.0,False
222,222000,0.030043889178116158,0.026595744680851064,0.030431270238067538,0.23404255319148937,0.06397754137115838,0.029914529914529912,0.007692307692307694,0.014760033379449537,0.07692307692307693,0.015059015059015057,0.030005956762478084,0.021052631578947368,0.02583594514418707,0.18796992481203006,0.049633011099176505,39,0.2932330827067669,59868,11.742685689514198,17.754680477703733,140.05921792933918,11.661604427518068,12.369127770667232,11.65685644288067,11.667998954273395,216.91217169189648,0.0,False
223,223000,0.04254160980670448,0.02592592592592593,0.03691632504106809,0.2222222222222222,0.06554967666078779,0.017730496453900707,0.00425531914893617,0.007255360399726674,0.0425531914893617,0.0054035798716649775,0.033431279122471846,0.01796875,0.02602518958682554,0.15625,0.043464781746031744,47,0.3671875,59868,11.693928709234635,18.591071922244296,139.5674289256521,11.659238035276188,12.321690426239652,11.662081655476609,11.677057649914225,217.17249732403772,0.0,False
224,224000,0.044019269575374366,0.030252100840336138,0.0438447935394,0.25210084033613445,0.09780912364945979,0.01694915254237288,0.005084745762711865,0.008653131768247098,0.05084745762711865,0.008945386064030132,0.03504659033409859,0.021910112359550565,0.03218014160401785,0.1853932584269663,0.06835428928125557,59,0.33146067415730335,59868,11.7260904594213,25.864571725563167,139.5499730459382,11.658980482387449,12.480288916240367,11.659342954453699,11.678722353213045,224.61796993721723,0.0,False
225,225000,0.03215735157699444,0.02053571428571429,0.024844279961568277,0.16964285714285715,0.04558177437641723,0.028645833333333332,0.0078125,0.01562920631970972,0.078125,0.017466517857142858,0.030880435852026763,0.015909090909090914,0.021493344091801533,0.13636363636363635,0.03535804473304473,63,0.35795454545454547,59868,11.741370994904077,20.772933117252368,140.50383777259452,11.666763421368243,12.48357934580807,11.673352156196803,11.684412765396168,220.52624957352026,0.0,False
226,226000,0.024088410364145656,0.02,0.025258159598284893,0.16,0.048222222222222215,0.025157232704402514,0.0056603773584905665,0.019503056152531513,0.05660377358490566,0.02672955974842767,0.02453096961440826,0.0140625,0.022875187077777637,0.1171875,0.039322916666666666,53,0.4140625,59868,11.744977639151221,19.780773222309588,140.89596885526885,11.691893794199547,12.34760103208804,11.746501229550898,11.679717966089909,219.88743373865805,0.0,False
227,227000,0.030884406671139123,0.02416666666666667,0.030426547069288164,0.2,0.062099867724867724,0.02121212121212121,0.005454545454545455,0.02094933534951206,0.05454545454545454,0.03636363636363636,0.027844545526876357,0.018285714285714287,0.02744799481450139,0.15428571428571428,0.05401133786848072,55,0.3142857142857143,59868,11.701709210769351,19.903762844164508,140.92525861207628,11.65624021486067,12.47941517019957,11.666706169269347,11.673478273806214,220.00657049514592,0.0,False
228,228000,0.025765676696073363,0.013385826771653545,0.024961773062461664,0.11811023622047244,0.053246469191351085,0.013605442176870748,0.004081632653061225,0.007809802418251241,0.04081632653061224,0.00935374149659864,0.022380156858340824,0.010795454545454546,0.020186508508107628,0.09659090909090909,0.04102633477633478,48,0.2727272727272727,59868,11.691185252474256,18.931568349637995,142.02610912437268,11.660594579236683,12.54210642248621,11.682523922175447,11.693249837865793,220.22733748824908,0.0,False
229,229000,0.02592086276296803,0.013533834586466165,0.022058011099944517,0.12030075187969924,0.04553049289891395,0.017932489451476793,0.005063291139240506,0.013615999030908313,0.05063291139240506,0.021518987341772152,0.022944063274251955,0.010377358490566039,0.01891216697987914,0.09433962264150944,0.036582809224318655,79,0.37264150943396224,59868,11.739300021212928,22.54210234785975,143.94481407014464,11.659884746495486,12.727596073729142,11.664547885120724,11.676439250443703,225.95468439500638,0.0,False
230,230000,0.03647935827502391,0.026666666666666672,0.029881360384108928,0.2111111111111111,0.05198412698412699,0.014184397163120567,0.00425531914893617,0.007878539073272893,0.0425531914893617,0.00921985815602837,0.028830721981159258,0.01897810218978102,0.022332947233676126,0.15328467153284672,0.0373131734445603,46,0.3357664233576642,59868,11.69103896103696,18.046572802368765,139.3541522092881,11.662570371197278,12.407499780292541,11.661527727420406,11.777596089466991,216.60095794107102,0.0,False
231,231000,0.033210031384963784,0.021428571428571425,0.03464089623543143,0.1836734693877551,0.08377065111758988,0.011904761904761904,0.0035714285714285718,0.006983314375338638,0.03571428571428571,0.008503401360544217,0.025462660664890377,0.014935064935064933,0.024583593740852228,0.12987012987012986,0.05640074211502784,56,0.36363636363636365,59868,11.728072464661787,19.490244434323955,142.2291964251407,11.65989492674796,12.441660988821157,11.66607367501793,11.719563070451688,220.9347059851652,526.2724078200429,True
232,232000,0.03238722699826679,0.022666666666666665,0.0311847025997864,0.21333333333333335,0.07727513227513227,0.009523809523809523,0.002857142857142857,0.006703981800325092,0.02857142857142857,0.009523809523809523,0.025112503256394022,0.016363636363636365,0.023395382345412344,0.15454545454545454,0.055717893217893215,35,0.3181818181818182,59868,11.744848981941336,19.931733371683634,157.35897497629742,11.661674396305777,12.246652365772992,11.664788277125638,11.681283926943953,236.28995629607078,0.0,False
233,233000,0.03338546393823671,0.016666666666666666,0.029443007120277063,0.15873015873015872,0.05779163517258754,0.011695906432748537,0.0035087719298245615,0.008232960105662393,0.03508771929824561,0.011695906432748537,0.02662970012505187,0.012568306010928964,0.02283659903375774,0.12021857923497267,0.043433949171654086,56,0.30601092896174864,59868,11.719927974482292,19.38142722534425,143.13769710241203,11.661492325898415,12.576232996143466,11.658126427983861,11.683692699576698,221.81859675184103,0.0,False
234,234000,0.040016427900742654,0.02970297029702971,0.041420229496332145,0.22772277227722773,0.09866415212949867,0.01741293532338308,0.004477611940298508,0.01865054289185697,0.04477611940298507,0.03233830845771145,0.031001939789533774,0.019642857142857146,0.032339461624309306,0.15476190476190477,0.07221277399848829,67,0.39880952380952384,59868,11.719687723794891,20.91903400589651,143.31673542650887,11.652977089861293,12.444801243238768,11.661749116972931,11.67691147489075,223.39189608116402,0.0,False
235,235000,0.02904825908858167,0.020161290322580645,0.029491625735730182,0.16129032258064516,0.06068228366615463,0.04248366013071895,0.011764705882352943,0.02533067840487532,0.09803921568627451,0.03033769063180828,0.03296371882086168,0.017714285714285717,0.028279006799309628,0.14285714285714285,0.051839002267573694,51,0.2914285714285714,59868,11.719043883862135,18.928323663763848,143.15080512402463,11.659122472029715,12.500125925685168,11.660122599753409,11.680797376525941,221.2983410456448,0.0,False
236,236000,0.024488871635610764,0.018548387096774196,0.03280882575291422,0.1532258064516129,0.08079877112135177,0.019774011299435026,0.005084745762711865,0.010924434422502837,0.05084745762711865,0.01146085552865214,0.022968780051816403,0.014207650273224045,0.025753202318519294,0.12021857923497267,0.05844392401769451,59,0.3224043715846995,59868,11.71746417748254,19.831726331916155,144.24730865628814,11.660202887321669,12.531725733698485,11.660908093971688,11.674427865475401,223.3237637461541,0.0,False
237,237000,0.04276260716022646,0.026724137931034488,0.038560946431361404,0.2413793103448276,0.07701491516146688,0.013888888888888888,0.0033333333333333335,0.008158471909718934,0.03333333333333333,0.010416666666666666,0.03291929411317956,0.01875,0.02819646648080147,0.17045454545454544,0.05431096681096681,59,0.3352272727272727,59868,11.720179625140936,19.717864803724115,154.1905096965543,11.659352488667396,12.746141517444576,11.667316412673767,11.680184608044152,233.38154915224925,0.0,False
238,238000,0.04416877370417194,0.02654867256637168,0.03584910495944717,0.21238938053097345,0.06672636606264926,0.027777777777777776,0.007407407407407408,0.02506907158616871,0.07407407407407407,0.040740740740740744,0.038868691189050474,0.020359281437125752,0.032363345665093655,0.16766467065868262,0.058323828533409366,54,0.32335329341317365,59868,11.721561158077598,20.063556387985017,143.04282261843466,11.661864356034279,12.522898476655108,11.662011032906317,11.683386150096453,222.35810018018944,0.0,False
239,239000,0.03965496251683858,0.022680412371134023,0.04466179460742883,0.18556701030927836,0.0911062019309442,0.03954802259887005,0.01016949152542373,0.02247104235590992,0.1016949152542373,0.025188323917137476,0.03961451729145305,0.017948717948717947,0.03626913830717488,0.15384615384615385,0.06617572242572242,59,0.3782051282051282,59868,11.72007635442257,20.03268303160666,144.05371575253872,11.660974312384386,12.473343083199694,11.663950834163439,11.686803298452396,223.29154666676786,0.0,False
240,240000,0.020630435332952494,0.014492753623188406,0.02235654251908535,0.10869565217391304,0.04813664596273291,0.03787878787878788,0.007575757575757576,0.023074320034593546,0.06060606060606061,0.024891774891774892,0.026210784686016883,0.012254901960784314,0.022588764656455648,0.09313725490196079,0.040616246498599434,66,0.3235294117647059,59868,11.748384472105855,20.712394074286212,142.5158868829726,11.661569772648816,12.668912231984796,11.658214544026102,11.682204239228666,222.64756621725306,0.0,False
241,241000,0.028878033444596912,0.016666666666666666,0.029545405009025895,0.16666666666666666,0.07179058758006128,0.012626262626262624,0.0030303030303030303,0.011822843147449403,0.030303030303030304,0.01767676767676768,0.022919050811207677,0.011666666666666667,0.02304713232644785,0.11666666666666667,0.051948853615520284,66,0.36666666666666664,59868,11.72206043823648,21.410741896973896,142.66679013930778,11.657780834013753,12.563976904814144,11.66749347716184,11.678820932774226,223.3676646232821,0.0,False
242,242000,0.039277967669533724,0.02372881355932203,0.031442869901663714,0.1864406779661017,0.057438794726930316,0.02511415525114155,0.005479452054794521,0.011691215892509703,0.0410958904109589,0.009262883235485976,0.033864573394441426,0.016753926701570682,0.023893808421725272,0.13089005235602094,0.03902601180088091,73,0.38219895287958117,59868,11.739639889547792,22.77537131892271,146.60906285227787,11.661292969727954,12.555754525814255,11.669105881829955,11.682275052729562,228.69250249085007,0.0,False
243,243000,0.02398571090967404,0.014285714285714287,0.023405539612715652,0.12698412698412698,0.0487087427563618,0.020833333333333332,0.006250000000000001,0.009908080891504864,0.0625,0.009259259259259259,0.02311608950930419,0.01206896551724138,0.019682102724105775,0.10919540229885058,0.037826126619230065,48,0.27586206896551724,59868,11.687762702897174,18.65169417478857,147.09700960474638,11.664340305229947,12.547694025984157,11.67338097885634,11.693567266109206,225.01544905861175,0.0,False
244,244000,0.043222703222703225,0.02666666666666667,0.045794925628226256,0.23333333333333334,0.10875992063492063,0.018817204301075266,0.004838709677419356,0.009888774978072636,0.04838709677419355,0.01039426523297491,0.0349087420515992,0.019230769230769232,0.033563160022129966,0.17032967032967034,0.0752507413221699,62,0.34065934065934067,59868,11.696642456204831,20.198138619316463,144.58718695639638,11.656979939655976,12.581391095903282,11.664089409404998,11.676714305568215,224.06114278245016,0.0,False
245,245000,0.03198713600178235,0.021538461538461538,0.032898015920533964,0.19230769230769232,0.07226800976800976,0.05,0.012,0.03698455067242241,0.1,0.04888888888888889,0.036990709334620585,0.01888888888888889,0.0340331644627252,0.16666666666666666,0.06577380952380953,50,0.2777777777777778,59868,11.710384908110438,18.599439606935274,143.35237974766324,11.65594869313724,12.602217265914039,11.663697174556232,11.678411212287521,221.262478608604,0.0,False
246,246000,0.024353093042259355,0.016216216216216217,0.024613537968426098,0.13513513513513514,0.05454204204204205,0.0,0.0,0.0,0.0,0.0,0.016533292524102683,0.011009174311926608,0.016710108345536982,0.09174311926605505,0.037028542303771665,35,0.3211009174311927,59868,11.717664876863266,16.845589184785737,153.80572840784785,11.70445574201484,12.698613627501466,11.691116457705764,11.70307411171162,230.16624240843055,0.0,False
247,247000,0.033677666490166486,0.02522522522522523,0.03002664384818596,0.23423423423423423,0.06074646074646075,0.021604938271604937,0.005555555555555557,0.01638966786483249,0.05555555555555555,0.023148148148148147,0.02972659180045544,0.01878787878787879,0.02556363352636119,0.17575757575757575,0.04844155844155844,54,0.32727272727272727,59868,11.70874491263768,23.984382129804693,157.67092641683078,11.681062019722187,12.457338586090161,11.682703615303879,12.052898823715353,241.23805650410475,0.0,False
248,248000,0.02310762206250034,0.020689655172413796,0.024778494800664286,0.1724137931034483,0.04518792191205984,0.015873015873015872,0.004761904761904762,0.007552232523090487,0.023809523809523808,0.004761904761904762,0.020752168884528653,0.015503875968992248,0.019169944291686766,0.12403100775193798,0.03202596283991633,41,0.3178294573643411,59868,11.962173847697432,18.48985122421265,154.46401451738728,11.657786853087881,12.40188281091681,11.663592128799415,11.680784013631818,232.3200853957333,0.0,False
249,249000,0.040393488209311504,0.024193548387096774,0.03609649114681797,0.23387096774193547,0.07483678955453148,0.015384615384615385,0.004615384615384616,0.012735574069705992,0.046153846153846156,0.02142857142857143,0.03179255311087104,0.017460317460317464,0.028062313316065176,0.1693121693121693,0.05646888384983623,65,0.3439153439153439,59868,11.722275065094435,20.701048906321407,141.4451890895396,11.657822386088036,12.529576419360867,11.658201752431928,11.671010727971886,221.38512434680817,0.0,False
250,250000,0.03975506494679427,0.027000000000000003,0.03980431488772029,0.19,0.0740515873015873,0.04228855721393035,0.010447761194029851,0.03180406319019115,0.1044776119402985,0.04577114427860697,0.04077149597612431,0.020359281437125752,0.03659463306895112,0.15568862275449102,0.06270554129835568,67,0.40119760479041916,59868,11.716419675122935,21.12561485732162,144.79287119825713,11.65238132047608,12.448988906954561,11.655795703564841,11.668299404847538,225.06037106654472,0.0,False
251,251000,0.042180583624549135,0.025833333333333333,0.040818946028191465,0.19166666666666668,0.08403769841269841,0.016908212560386472,0.004347826086956523,0.01210719152666199,0.043478260869565216,0.019001610305958132,0.03295416244239451,0.017989417989417993,0.03033687692445848,0.13756613756613756,0.060294364659444016,69,0.36507936507936506,59868,11.698422487667337,21.465647973638312,145.39411865419765,11.65519871545312,12.623049743525073,11.660107754725423,11.681415264842842,226.17796059404975,0.0,False
252,252000,0.031728159709811084,0.01834862385321101,0.028374710580126444,0.1651376146788991,0.056585845347313236,0.041666666666666664,0.011666666666666665,0.03588421349760864,0.11666666666666667,0.06256613756613756,0.035256623718162176,0.015976331360946748,0.031040806290475148,0.14792899408284024,0.058709026016718326,60,0.35502958579881655,59868,11.687881568175907,21.478428128281212,145.24035677606489,11.659416374702747,12.438839928692602,11.6654284659512,11.671170808538744,225.8415220504073,0.0,False
253,253000,0.03180453013214591,0.022727272727272728,0.03300635751017662,0.19318181818181818,0.07444083694083693,0.005649717514124294,0.0016949152542372883,0.002651292237416703,0.01694915254237288,0.0024213075060532684,0.021307020305865124,0.014285714285714287,0.020823031992538286,0.12244897959183673,0.04553503941259044,59,0.4013605442176871,59868,11.686153803772136,19.79202999682905,144.19695810648224,11.659662764160196,12.42445910729778,11.65607010233244,11.670303091952661,223.08563697282653,0.0,False
254,254000,0.03235967859713679,0.017094017094017096,0.030222248907942232,0.1623931623931624,0.06310202143535476,0.017543859649122806,0.005263157894736843,0.0135744898861978,0.05263157894736842,0.022243107769423558,0.02750622066589083,0.013218390804597703,0.024768672676681123,0.12643678160919541,0.04971720488961868,57,0.3275862068965517,59868,11.686920503510557,19.445335854899326,144.7867832978997,11.655768303808767,12.474527806109748,11.657232346334867,11.6790937548239,223.38566186738683,0.0,False
255,255000,0.02403723303411723,0.01926605504587156,0.029081110743623403,0.14678899082568808,0.0690985874472113,0.040123456790123455,0.009259259259259259,0.02692509060352602,0.09259259259259259,0.03302469135802469,0.02936641145635242,0.015950920245398775,0.028366846402732245,0.12883435582822086,0.05714772616613106,54,0.3312883435582822,59868,11.700350581830833,19.200499301132158,143.56429788708186,11.680267639625763,12.503445602184138,11.767126156456143,11.692089613046797,222.10807678135768,0.0,False
256,256000,0.04180917047214943,0.026605504587155968,0.044210964287498905,0.21100917431192662,0.09967962720256299,0.01944444444444444,0.005000000000000001,0.00885657396937015,0.05,0.007797619047619048,0.03386903105402931,0.01893491124260355,0.03165910973668397,0.15384615384615385,0.06705879590494976,60,0.35502958579881655,59868,11.705941874121105,20.82733474004922,147.88254971863367,11.696531457570936,12.590194268691235,11.711174967315996,11.677081533531531,228.09080855991365,0.0,False
257,257000,0.04141744185455218,0.026890756302521013,0.04606848123630301,0.226890756302521,0.11417900493530746,0.012578616352201257,0.0037735849056603774,0.007092572374928437,0.03773584905660377,0.008385744234800837,0.03253105957766498,0.01976744186046512,0.03405846280808875,0.1686046511627907,0.08157991878922112,53,0.3081395348837209,59868,11.713609575643435,19.861558332598396,145.47107395260912,11.658685748587583,12.457336551058296,11.663165485002736,11.677236174456596,224.50266581995615,0.0,False
258,258000,0.03644222837182859,0.019999999999999997,0.027209207653751986,0.17391304347826086,0.04163561076604555,0.011695906432748537,0.0035087719298245615,0.007301423781556683,0.03508771929824561,0.00935672514619883,0.028241412380389266,0.014534883720930232,0.020611860672850056,0.12790697674418605,0.03093853820598006,57,0.3313953488372093,59868,11.730579570684574,19.998861811303115,153.0174132110887,11.663266497576041,12.525291205885136,11.663407292368532,11.68135714336993,232.28017673227603,0.0,False
259,259000,0.0382766695050432,0.02100840336134454,0.036034935435197965,0.20168067226890757,0.08274976657329598,0.023255813953488372,0.004651162790697674,0.01125146239922737,0.046511627906976744,0.010077519379844961,0.034289652290741615,0.016666666666666666,0.029456606172563793,0.16049382716049382,0.06346021947873799,43,0.2654320987654321,59868,11.689126619154887,17.75281778452348,148.38373488226807,11.659050864157305,12.530563287933838,11.662494907950515,11.680866047816817,225.3586543938049,0.0,False
260,260000,0.026977006638101847,0.019780219780219783,0.031036950896157437,0.17582417582417584,0.06927437641723355,0.018018018018018018,0.005405405405405406,0.018145569527656866,0.05405405405405406,0.033783783783783786,0.024387298990108865,0.015625,0.02731053596932525,0.140625,0.05901537698412698,37,0.2890625,59868,11.694632348430156,16.73370071333946,146.71413995321487,11.663988743242093,12.348505738730974,11.666584254395318,11.709199335067922,222.53075108642082,0.0,False
261,261000,0.03987617215945389,0.024545454545454547,0.03343501134260629,0.18181818181818182,0.058012265512265515,0.007246376811594202,0.002173913043478261,0.0032182816409333176,0.021739130434782608,0.002717391304347826,0.03025456583893116,0.01794871794871795,0.02452495002031811,0.1346153846153846,0.04170736670736671,45,0.28846153846153844,59868,11.75001348935334,18.068881492326604,144.5876293501569,11.702976848514124,12.40612737534591,11.665425568317678,11.673016687301086,221.85407081131564,0.0,False
262,262000,0.04389171889171889,0.023423423423423427,0.03684967338259467,0.1981981981981982,0.07432074932074931,0.05277777777777778,0.013333333333333334,0.032245282664332714,0.11666666666666667,0.03736111111111111,0.04700963429033605,0.019883040935672516,0.03523409769197644,0.1695906432748538,0.06135245521210433,60,0.3508771929824561,59868,11.687907857944879,20.436357320519072,151.20093895892168,11.657371513096315,12.448764366998489,11.659280582679287,11.671926593202764,230.76254719336248,0.0,False
263,263000,0.03616290465312759,0.023134328358208958,0.03580220702477475,0.19402985074626866,0.07760009476427387,0.021367521367521364,0.005128205128205128,0.011339117174748127,0.05128205128205128,0.011111111111111112,0.03282752923036087,0.019075144508670518,0.03028740642274562,0.16184971098265896,0.06261124873841638,39,0.2254335260115607,59868,11.684932131682258,17.165454265527515,142.6411506617667,11.655746874464356,12.552742496861613,11.661631074744161,11.6897837881616,219.05144129320817,0.0,False
264,264000,0.04068633465461744,0.028915662650602414,0.045421733756253545,0.26506024096385544,0.10602409638554215,0.01515151515151515,0.004545454545454546,0.014791375421820662,0.045454545454545456,0.02727272727272727,0.03183962553543239,0.02047244094488189,0.03480964110495397,0.1889763779527559,0.07874015748031496,44,0.3464566929133858,59868,11.715199311472524,17.96366565515184,143.54830128723157,11.662517380439663,12.325520258565925,11.663007346528198,11.694711802560931,220.57292304195062,575.8978390306216,True
265,265000,0.026884880019120115,0.01910112359550562,0.028332434564214925,0.15730337078651685,0.05867219546994828,0.0,0.0,0.0,0.0,0.0,0.020450891638475986,0.014529914529914532,0.021552022873633576,0.11965811965811966,0.04463098629765296,28,0.23931623931623933,59868,11.743204678463236,17.543752975593407,156.55281245320617,11.661519686546884,12.214700154375425,11.658896862387635,11.688966839916437,233.06385365048922,0.0,False
266,266000,0.037226056612849064,0.026415094339622643,0.04385247011809967,0.2358490566037736,0.1009022162324049,0.014367816091954021,0.003448275862068966,0.006104472590527792,0.034482758620689655,0.004597701149425287,0.02914204472131301,0.018292682926829267,0.030502568553470593,0.16463414634146342,0.06684330236159505,58,0.35365853658536583,59868,11.694110265948742,20.085498721469918,146.9195128213502,11.656539845125714,12.48298749622484,11.658667147355917,11.685009805417756,226.1823261028931,0.0,False
267,267000,0.03405302559881922,0.02125984251968504,0.03110960025192511,0.1889763779527559,0.06221097362829646,0.005208333333333333,0.0015625,0.002444160031368523,0.015625,0.002232142857142857,0.02438778839991295,0.014659685863874347,0.021504426565455884,0.13089005235602094,0.042113354940580064,64,0.33507853403141363,59868,11.691622662929335,21.214457897170135,148.26202159541612,11.657917577914677,12.55203038738606,11.658885928800267,11.678036517054347,228.71497256667092,0.0,False
268,268000,0.03139133223014802,0.019166666666666665,0.026326008012421093,0.175,0.04884259259259259,0.03763440860215053,0.00967741935483871,0.020604598711395562,0.0967741935483871,0.023655913978494623,0.03351809451072031,0.015934065934065936,0.02437695649229152,0.14835164835164835,0.04026251526251526,62,0.34065934065934067,59868,11.689157041999687,20.90542979588106,145.51231768673844,11.66203881691752,12.565083788204646,11.662559715630572,11.682309562346948,225.67889640771887,0.0,False
269,269000,0.04338193253287592,0.024528301886792458,0.039840390331696646,0.18867924528301888,0.07069856244384545,0.0303030303030303,0.00909090909090909,0.024834722644454636,0.07272727272727272,0.038636363636363635,0.03891398456615847,0.01925465838509317,0.034714230562763036,0.14906832298136646,0.05974563738538893,55,0.3416149068322981,59868,11.73903233214757,19.58205805721591,146.94109272365975,11.662473602416789,12.416259659003837,11.658461433611267,11.682248700628506,225.68162650868362,0.0,False
270,270000,0.03377962749843422,0.025,0.03164622843999814,0.21551724137931033,0.07273193760262725,0.046296296296296294,0.011111111111111112,0.029157176336710895,0.1111111111111111,0.03819444444444445,0.03674410168740155,0.021710526315789475,0.0310567160997459,0.19078947368421054,0.06455200501253133,36,0.23684210526315788,59868,11.692604689431118,16.688208306317453,153.24269525124333,11.661483288197271,12.46457337657214,11.664643149861265,11.674763689351053,229.0889717509736,0.0,False
271,271000,0.042059431197536044,0.029166666666666664,0.04714750759032027,0.25,0.10538194444444444,0.011904761904761904,0.0035714285714285718,0.008080502731668762,0.03571428571428571,0.011479591836734693,0.030949816194935042,0.019736842105263157,0.032754400537132876,0.17105263157894737,0.07078634085213033,56,0.3684210526315789,59868,11.695682669593532,20.69081283505303,145.46094335259053,11.659399405200555,12.444065522310144,11.667652784624893,11.679947669776535,225.29850423914922,0.0,False
272,272000,0.04446690625935909,0.022641509433962266,0.03641588228712827,0.2169811320754717,0.06545747229709493,0.0303030303030303,0.007272727272727273,0.014626676318009419,0.07272727272727272,0.013203463203463203,0.0396283150941536,0.017391304347826087,0.028972364720037985,0.16770186335403728,0.04760672384895987,54,0.33540372670807456,59868,11.686091211007831,19.050014697846727,149.69416587089225,11.662707664006344,12.475997999306099,11.66643275936352,11.694350328175783,227.92976053059854,0.0,False
273,273000,0.03006530967784117,0.019417475728155338,0.02446916130609599,0.18446601941747573,0.046270611804592396,0.016666666666666666,0.004,0.01066559247470323,0.04,0.013999999999999999,0.025686668170921398,0.014379084967320262,0.019958191099758483,0.13725490196078433,0.035724660234464155,50,0.32679738562091504,59868,11.696396857788226,19.10697174613285,146.2360006097424,11.659119238005555,12.426976751384045,11.658963810834422,11.678221751423855,224.46265076531137,0.0,False
274,274000,0.05278307900691292,0.028099173553719006,0.04971318601694027,0.23140495867768596,0.09674996720451265,0.027777777777777776,0.006666666666666667,0.015480222897549663,0.06666666666666667,0.017916666666666668,0.04449402887570791,0.020994475138121547,0.03836524244145167,0.17679558011049723,0.07061738139086206,60,0.3314917127071823,59868,11.723502859856128,20.13411070701798,146.71890218352635,11.660703541319094,12.585235263415374,11.662342816062822,11.679675257059152,226.1644726282569,0.0,False
275,275000,0.02385944464891833,0.017692307692307695,0.028847991689715382,0.13846153846153847,0.06687728937728937,0.032786885245901634,0.00819672131147541,0.017834382739149696,0.08196721311475409,0.01980874316939891,0.0267106167767507,0.014659685863874347,0.025330556370424775,0.12041884816753927,0.051844926452256294,61,0.3193717277486911,59868,11.718456279494195,20.63320337875041,146.80429062909062,11.658057146715638,12.563944748605893,11.661208227389807,11.677644316671065,226.7168047267176,0.0,False
276,276000,0.035540583754869466,0.020634920634920634,0.032514165689532186,0.1984126984126984,0.07522045855379188,0.014084507042253521,0.004225352112676057,0.006845197042646067,0.04225352112676056,0.00658953722334004,0.027807683010728695,0.014720812182741119,0.023262913029994555,0.14213197969543148,0.05048545644992346,71,0.3604060913705584,59868,11.73573888728352,21.28849544218159,146.82384949665783,11.660509921573858,12.656971589877774,11.66453970555259,11.689113278839924,227.5192183219671,0.0,False
277,277000,0.031291590672324614,0.02201834862385322,0.03221208127562986,0.14678899082568808,0.056815203145478374,0.024691358024691357,0.005555555555555557,0.011550787634270076,0.05555555555555555,0.009773662551440328,0.029105010531390897,0.016564417177914112,0.025367235529412512,0.1165644171779141,0.041230889083649816,54,0.3312883435582822,59868,11.701049797738229,19.4245696483325,146.5362280980015,11.677100447568534,12.518590213408952,11.667366848461258,11.684986302107347,225.20989135561828,0.0,False
278,278000,0.03524545853640813,0.02727272727272727,0.03651307041479122,0.23636363636363636,0.0848953823953824,0.04666666666666666,0.012000000000000002,0.02495242557610186,0.12,0.025999999999999995,0.038814586077113925,0.0225,0.032900368902700795,0.2,0.06649057539682539,50,0.3125,59868,11.73722967962032,18.983283364193415,148.91157107192743,11.659459563814757,12.493412309924622,11.665265243376854,11.679725219718161,227.12994645257555,0.0,False
279,279000,0.049320441432792336,0.028318584070796463,0.0425560770200566,0.21238938053097345,0.07764784379828626,0.029569892473118278,0.0064516129032258064,0.018776956158808443,0.06451612903225806,0.022625448028673837,0.04232310408707925,0.02057142857142857,0.03413147420064296,0.16,0.05815419501133787,62,0.35428571428571426,59868,11.718239256261477,20.541904613133322,146.14750968820755,11.657891795635589,12.557320456296761,11.663745490247956,11.680348626710856,225.9669599264935,0.0,False
280,280000,0.039701048381603946,0.027777777777777776,0.03804685235005718,0.2037037037037037,0.07426513815402704,0.04497354497354497,0.012698412698412698,0.021327999088259268,0.09523809523809523,0.016137566137566138,0.041643547126003266,0.02222222222222222,0.03188727483255269,0.16374269005847952,0.05284971688480461,63,0.3684210526315789,59868,11.715643846083035,20.89104441797829,144.73496864134128,11.654770819907734,12.464780197798952,11.65437629947752,11.673441394993711,224.7890256175805,0.0,False
281,281000,0.03868580789156128,0.02718446601941748,0.035529718260973606,0.21359223300970873,0.06888965942364002,0.017857142857142856,0.005357142857142858,0.014158311124938289,0.03571428571428571,0.020833333333333336,0.03134992586686046,0.01949685534591195,0.02800268178538884,0.1509433962264151,0.05196416092642507,56,0.3522012578616352,59868,11.692298703666616,19.577480131274804,147.80045837962942,11.658942943831851,12.420852774433499,11.660753624048725,11.684396250724593,226.49518280760955,0.0,False
282,282000,0.027435348783388,0.0212962962962963,0.027473364630730128,0.18518518518518517,0.055706202233980005,0.014367816091954021,0.003448275862068966,0.005394676900284405,0.034482758620689655,0.003448275862068966,0.02286958434903155,0.015060240963855422,0.019759124339369574,0.13253012048192772,0.037447408682348436,58,0.3493975903614458,59868,11.702485280373764,19.54695184251676,145.69539307175694,11.659582273559899,12.44571613870371,11.660379115097097,11.675575264630256,224.38608298663843,0.0,False
283,283000,0.03108231898820134,0.018400000000000003,0.03170319865500416,0.176,0.07107619047619047,0.005847953216374269,0.0017543859649122807,0.0025972097453146074,0.017543859649122806,0.0021929824561403508,0.023179248389332423,0.013186813186813189,0.02258758674372776,0.12637362637362637,0.049502878074306644,57,0.3131868131868132,59868,11.690778566553206,19.70188323530131,147.94336182138989,11.66116356071667,12.546067469199063,11.663923201732374,11.692122273740392,226.8993001286329,0.0,False
284,284000,0.040639477018553104,0.025000000000000005,0.04184097864444289,0.20833333333333334,0.09639550264550263,0.01736111111111111,0.004166666666666667,0.016556020527141897,0.041666666666666664,0.024999999999999998,0.03288002171607243,0.018055555555555557,0.03341265927200923,0.1527777777777778,0.07259700176366843,48,0.3333333333333333,59868,11.724632752549425,18.7472692941143,146.88221781290756,11.659338696345944,12.375777371620433,11.660343080727165,11.675811927236435,224.72539093550125,0.0,False
285,285000,0.0315418894470194,0.017241379310344827,0.026286484909735945,0.1724137931034483,0.05567186644772851,0.02121212121212121,0.005454545454545455,0.013178560759626905,0.05454545454545454,0.015324675324675322,0.028219449371467344,0.01345029239766082,0.02207048591408684,0.13450292397660818,0.042694699712243565,55,0.3216374269005848,59868,11.689921753932353,19.49584674482141,146.9709695433724,11.658692042226804,12.542313341898371,11.661110031965794,11.679551667392873,225.69840512560998,0.0,False
286,286000,0.05542692273262108,0.03018867924528302,0.04621000862842045,0.24528301886792453,0.0851602276130578,0.027777777777777776,0.006250000000000001,0.012085613477028889,0.0625,0.010127314814814815,0.04680900742202057,0.022727272727272728,0.0355738335162984,0.18831168831168832,0.06177334570191713,48,0.3116883116883117,59868,11.743765043620291,18.413121071494952,147.3767549549504,11.656752068822662,12.46408406069266,11.664722880291855,11.683292532399525,225.00249261227236,0.0,False
287,287000,0.028500805142895623,0.018000000000000002,0.02164055678987096,0.17,0.037579365079365074,0.027777777777777776,0.007407407407407408,0.015494369238285977,0.07407407407407407,0.01759259259259259,0.02824727606681534,0.014285714285714287,0.019485400115938557,0.13636363636363635,0.030571016285302,54,0.35064935064935066,59868,11.724812042396282,19.712021963561032,145.81851403527855,11.659821693155159,12.466533022767457,11.660617234815485,11.675113905401657,224.7174338973756,0.0,False
288,288000,0.03199681812884106,0.01935483870967742,0.02926217528917761,0.1693548387096774,0.06290322580645162,0.06,0.014000000000000002,0.041618778111788705,0.12,0.052000000000000005,0.04004370947112812,0.017816091954022985,0.032812923226709534,0.15517241379310345,0.059770114942528735,50,0.28735632183908044,59868,11.69027294790903,18.919648768961352,146.1305703674143,11.66036384525615,12.566130567187583,11.661591424530492,11.677371312107665,224.30594923336653,0.0,False
289,289000,0.04371490280019749,0.022641509433962266,0.037057858079236665,0.20754716981132076,0.06866951182988919,0.03231292517006803,0.01020408163265306,0.030414982190908792,0.08163265306122448,0.05102040816326531,0.04011040664615656,0.018709677419354837,0.03495785215324914,0.16774193548387098,0.06309011776753712,49,0.3161290322580645,59868,11.69019650255898,18.365937512990204,148.01522984637938,11.658410108278394,12.399600632151397,11.658743826317707,11.685266389213634,225.4733848178897,0.0,False
290,290000,0.03283358636977058,0.01953125,0.029099652155124108,0.171875,0.0576140873015873,0.03819444444444444,0.008333333333333333,0.017526179973169905,0.0625,0.011458333333333334,0.03429563857195436,0.01647727272727273,0.025943250650954777,0.14204545454545456,0.0450261544011544,48,0.2727272727272727,59868,11.72176607021347,18.270914316775855,147.3880241455866,11.674913917347762,12.549652490381757,11.663245790841103,11.700764876540482,224.96928160768704,0.0,False
291,291000,0.03585052233700882,0.024324324324324326,0.03286730087783693,0.1981981981981982,0.06378521378521378,0.012658227848101266,0.0037974683544303805,0.006105846397662496,0.0379746835443038,0.00580168776371308,0.02620741041793673,0.015789473684210527,0.021740169804501244,0.13157894736842105,0.03967627401837928,78,0.4105263157894737,59868,11.728149305348378,22.410032693348512,146.4917283528766,11.673705095346932,12.562086723802434,11.656877113311314,11.674132148517536,228.19671143255172,0.0,False
292,292000,0.0340191929407961,0.019811320754716984,0.033676882200625764,0.18867924528301888,0.07565139263252471,0.0,0.0,0.0,0.0,0.0,0.024365097646786394,0.01418918918918919,0.02411992914369143,0.13513513513513514,0.05418275418275418,42,0.28378378378378377,59868,11.692910245580945,17.53898616509153,145.23846251765505,11.662251287181125,12.4219318754365,11.65590879445566,11.684075353804445,221.89452623920528,0.0,False
293,293000,0.04473607706052385,0.03043478260869565,0.046759993568282934,0.21739130434782608,0.09194703243616288,0.0070921985815602835,0.002127659574468085,0.006299615126933303,0.02127659574468085,0.010638297872340425,0.03200757138778078,0.020863309352517987,0.03307914618163954,0.1510791366906475,0.06445415096494234,47,0.3381294964028777,59868,11.724972566837245,18.292061238947554,144.70836107258188,11.660247870873274,12.395204263687676,11.66345715222783,11.68432998605029,222.12863415120574,0.0,False
294,294000,0.03735957607680753,0.020000000000000004,0.03338101886442705,0.19166666666666668,0.061164021164021164,0.014492753623188404,0.004347826086956522,0.006167237585116965,0.043478260869565216,0.004891304347826087,0.031022986722190185,0.01566265060240964,0.025839850558112214,0.15060240963855423,0.04557037674507554,46,0.27710843373493976,59868,11.722347676920709,18.48111460198143,147.02802641099188,11.657341763879337,12.438172802178848,11.657982106602628,11.696466018423779,224.68145138097864,0.0,False
295,295000,0.03084937854370421,0.02307692307692308,0.03193743469473183,0.21153846153846154,0.07406517094017094,0.012195121951219513,0.0024390243902439024,0.009435434322793698,0.024390243902439025,0.012195121951219513,0.025574726679622337,0.017241379310344827,0.02557480010680449,0.15862068965517243,0.05657088122605364,41,0.2827586206896552,59868,11.748247828721748,17.90327692770266,149.8287465180187,11.664420209556159,12.3566378243678,11.659691727866628,11.673807867457198,226.8348289036909,0.0,False
296,296000,0.0256697286414399,0.020192307692307693,0.02604467592122916,0.17307692307692307,0.05930631868131868,0.03333333333333333,0.007692307692307693,0.01977354444343922,0.07692307692307693,0.022051282051282046,0.028617268907552756,0.015384615384615385,0.023632702275925337,0.13609467455621302,0.0449774584389969,64,0.378698224852071,59868,11.690493838215076,21.38206801115261,147.50318131612207,11.669403819011826,12.58469168333165,11.681822150763633,11.72703662753738,228.23869744613424,0.0,False
297,297000,0.03859266834942599,0.024137931034482762,0.03476440759044297,0.22413793103448276,0.07644362342638204,0.015873015873015872,0.004761904761904762,0.009585828007589335,0.047619047619047616,0.011904761904761902,0.030596366081192268,0.017318435754189947,0.02590267287692465,0.16201117318435754,0.05372882858916378,63,0.35195530726256985,59868,11.768935280695448,20.80393505464462,146.29665861028153,11.661383635425127,12.56171692495811,11.667017941391356,11.68050313339608,226.44015058079228,643.9839293041622,True
298,298000,0.04058356360987939,0.02368421052631579,0.035284786532511304,0.22807017543859648,0.06870648844333055,0.0130718954248366,0.00392156862745098,0.005562606449321184,0.0392156862745098,0.004411764705882353,0.032079957079957075,0.017575757575757574,0.02609793087043435,0.1696969696969697,0.04883357383357384,51,0.3090909090909091,59868,11.762992113709124,19.304138963269214,149.66823073561676,11.660829350779167,12.496818776894237,11.659073267444864,11.682785710856457,228.23486891856982,0.0,False
299,299000,0.04091069407192207,0.021167883211678836,0.03203624822921668,0.20437956204379562,0.05780326729231838,0.03551912568306011,0.009836065573770493,0.02783755460986944,0.09836065573770492,0.04184231069476971,0.039249655325858536,0.017676767676767676,0.030742711306084445,0.1717171717171717,0.052886002886002884,61,0.30808080808080807,59868,11.696241002834284,20.131382881719006,155.18778868649218,11.662069110990325,12.775423300692701,11.654221712051328,11.680556357834826,234.78768305261468,0.0,False
300,300000,0.020368658574540923,0.013000000000000003,0.020446046674198613,0.12,0.046527777777777765,0.021739130434782608,0.006521739130434784,0.02040342287055463,0.06521739130434782,0.03623188405797101,0.02080045107845269,0.010958904109589041,0.020432617256612155,0.10273972602739725,0.04328386605783866,46,0.3150684931506849,59868,11.68843215661186,18.285998326678097,151.10021019576482,11.659723497661755,12.421464490416923,11.663055811433898,11.682648012642517,228.50153249120987,0.0,False
301,301000,0.04410702434629192,0.02577319587628866,0.0389390954453726,0.23711340206185566,0.0790050728195058,0.0,0.0,0.0,0.0,0.0,0.029104635112859295,0.017006802721088437,0.025694505157830897,0.1564625850340136,0.052132599071374575,50,0.3401360544217687,59868,11.723460432461197,18.476815046561402,149.75114520358878,11.663476426906904,12.360658273313785,11.6605139450221,11.692657431713883,227.32872675956804,0.0,False
302,302000,0.04276593861206391,0.033707865168539325,0.046031306180031706,0.24719101123595505,0.09572409488139824,0.023809523809523808,0.0071428571428571435,0.016161005463337524,0.03571428571428571,0.017857142857142856,0.03822936071060132,0.02735042735042735,0.038882858145267284,0.19658119658119658,0.07708926875593541,28,0.23931623931623933,59868,11.687324652356889,15.724416681697772,162.30167390120232,11.660996602269602,12.314849278313723,11.663601464248497,11.696740595742995,237.04960317583178,0.0,False
303,303000,0.026233594476431712,0.019626168224299065,0.02897379921273386,0.17757009345794392,0.06648123423824358,0.006172839506172839,0.001851851851851852,0.005482998351219726,0.018518518518518517,0.009259259259259259,0.01950514249882936,0.013664596273291927,0.02109489706042477,0.12422360248447205,0.04728877058069604,54,0.33540372670807456,59868,11.759344732686916,23.33843381985279,161.58240412376955,11.665411646571977,12.528689616070343,11.666531420082006,11.694715704058112,244.23553106309168,0.0,False
304,304000,0.03590291409652225,0.018897637795275594,0.03211961965651819,0.15748031496062992,0.06279527559055119,0.03618421052631579,0.009210526315789473,0.021981034577445574,0.07894736842105263,0.024122807017543855,0.036008227045607515,0.015270935960591136,0.028323893222973764,0.12807881773399016,0.04831691297208539,76,0.37438423645320196,59868,11.730554879865739,27.300767426949314,159.28429835797286,11.664181175666254,12.681935961683655,11.667402660134329,11.713448817438078,246.04258927971017,0.0,False
305,305000,0.03143633733202016,0.026851851851851856,0.03566367999823329,0.2222222222222222,0.0858098177542622,0.014814814814814814,0.0044444444444444444,0.006490627009778517,0.044444444444444446,0.005396825396825396,0.026547654238724475,0.020261437908496733,0.027083370295746593,0.16993464052287582,0.06215893764913372,45,0.29411764705882354,59868,11.69865940602033,21.653996870554803,160.71964534758453,11.666055418038667,12.442605834286912,11.66558580976973,11.690739018688223,241.5372877049432,0.0,False
306,306000,0.04265262647539117,0.029670329670329672,0.04148147788096733,0.23076923076923078,0.08443223443223444,0.011494252873563218,0.003448275862068966,0.005823436550568885,0.034482758620689655,0.00603448275862069,0.03052386359682727,0.019463087248322148,0.027601166490610885,0.15436241610738255,0.05391498881431767,57,0.3825503355704698,59868,11.69819135528327,20.385564323210925,153.51338854405205,11.664646293194082,12.439088130283826,11.669527295227189,11.702465673502083,233.07287161475347,0.0,False
307,307000,0.021346064959168274,0.022077922077922082,0.025723768427907932,0.19480519480519481,0.055550401978973415,0.04710144927536231,0.013043478260869568,0.02918552136928249,0.10869565217391304,0.033574879227053135,0.030978159906687994,0.018699186991869923,0.027018407739316304,0.16260162601626016,0.047331913795328424,46,0.37398373983739835,59868,11.6908499390167,18.74217996815364,156.70797689856798,11.659391076446202,12.321779394849909,11.66809526016721,11.695851786577837,234.48612432377948,0.0,False
308,308000,0.02543139786264688,0.020454545454545458,0.029240762290438264,0.1590909090909091,0.06899801587301586,0.006944444444444444,0.0020833333333333333,0.002826082779842662,0.020833333333333332,0.0020833333333333333,0.01890659077386955,0.01397058823529412,0.01991793422787511,0.11029411764705882,0.04538106909430439,48,0.35294117647058826,59868,11.74261211545069,18.551714796977148,154.29883199304106,11.664322628057722,12.37684469064526,11.665667397769974,11.686809583383306,231.98680320532517,0.0,False
309,309000,0.03815408180162279,0.019672131147540985,0.03387010061747576,0.1557377049180328,0.06075657038771794,0.025423728813559324,0.006779661016949153,0.02324972622255892,0.06779661016949153,0.03790018832391714,0.03400440872816563,0.015469613259668509,0.030408210621342645,0.1270718232044199,0.053306147505042534,59,0.3259668508287293,59868,11.729095758403197,20.77136572008198,151.83356938477942,11.65915669690265,12.533638639816713,11.692055116030442,11.674206329581605,231.893087645596,0.0,False
310,310000,0.039731859000715734,0.022580645161290325,0.03541557925186544,0.1935483870967742,0.06876600102406552,0.020531400966183572,0.005797101449275362,0.011725474000076454,0.057971014492753624,0.012836438923395444,0.03286744654277419,0.016580310880829015,0.026946059757702544,0.14507772020725387,0.04877045809688297,69,0.35751295336787564,59868,11.698193111683853,21.6664510994391,150.91036579260864,11.660786991898874,12.649983956267153,11.675430252530706,11.675239478439735,231.9364506828681,0.0,False
311,311000,0.042132261273617626,0.021818181818181816,0.03610626604329221,0.20909090909090908,0.0741991341991342,0.014583333333333332,0.0037500000000000007,0.008208359619366728,0.0375,0.009895833333333333,0.030532712667182136,0.014210526315789474,0.02435977912795516,0.1368421052631579,0.047124060150375936,80,0.42105263157894735,59868,11.689135227768709,22.964429575361713,151.96004297210465,11.656491372871724,12.554425942293278,11.664139467904011,11.705577973100677,234.19424253140477,0.0,False
312,312000,0.018805567588753434,0.014159292035398232,0.02127241772383574,0.12389380530973451,0.054150863885377154,0.030303030303030304,0.007575757575757576,0.019130625414338357,0.06060606060606061,0.021464646464646464,0.02304485551692256,0.011731843575418994,0.020482706592959612,0.1005586592178771,0.04209896249002394,65,0.36312849162011174,59868,11.691976526020941,24.356668002087357,152.6260075767061,11.673671073852976,12.538595379155137,11.718509138336497,11.711303403383333,236.31673109954232,0.0,False
313,313000,0.033778882332931,0.023853211009174317,0.029187634633291732,0.1834862385321101,0.062159603902723175,0.03153153153153153,0.008108108108108109,0.025961372439966,0.08108108108108109,0.041795366795366794,0.03287011752799351,0.017486338797814208,0.02788302587752067,0.14207650273224043,0.05392488507242605,73,0.3989071038251366,59868,11.733534876587349,22.159328690180004,155.23904590633575,11.661242251062575,12.596773847475816,11.660989766695828,11.673393314440283,236.7243086527776,0.0,False
314,314000,0.04055881598616642,0.023931623931623933,0.03736359256407464,0.23076923076923078,0.08314000814000815,0.04032258064516129,0.011290322580645162,0.033849372383913987,0.11290322580645161,0.05609318996415771,0.040476991454645075,0.019553072625698324,0.03614637663575085,0.18994413407821228,0.07377183648133369,62,0.3463687150837989,59868,11.689242694318258,21.287850989870627,150.8114011884165,11.66040493047471,12.579509290053249,11.65974354039312,11.70192034197215,231.39007297549858,0.0,False
315,315000,0.023756421332012313,0.016822429906542057,0.023045301391490036,0.14018691588785046,0.04646565791425604,0.013157894736842105,0.002631578947368421,0.008067726220598136,0.02631578947368421,0.008771929824561403,0.020978876431209086,0.01310344827586207,0.01912014376049767,0.1103448275862069,0.03658730158730159,38,0.2620689655172414,59868,11.74937974622592,17.236942699963564,150.20028854970113,11.65692815488506,12.431814042715427,11.65907881559014,11.684574728110242,226.61900673719148,0.0,False
316,316000,0.02846077658402729,0.01721311475409836,0.023313663457220336,0.13934426229508196,0.040375357793390576,0.017094017094017092,0.005128205128205128,0.008822004314466904,0.038461538461538464,0.006639194139194138,0.02402774038292331,0.0125,0.017661916391546496,0.1,0.027218253968253968,78,0.39,59868,11.721318207452702,22.71194284041156,149.93810082646053,11.655639863175637,12.656790163476096,11.658792189339628,11.673649499929773,232.01623359024595,0.0,False
317,317000,0.045351426471845944,0.025961538461538463,0.04503126514749525,0.23076923076923078,0.09295634920634921,0.019230769230769232,0.0038461538461538464,0.012517710188598704,0.038461538461538464,0.014423076923076924,0.03664454072482038,0.018589743589743593,0.03419341349452973,0.16666666666666666,0.06677859177859179,52,0.3333333333333333,59868,11.696261867547019,19.1159805863067,148.57256601936984,11.660056517745488,12.476318135126728,11.659511125666766,11.674610137762942,226.8553043895255,0.0,False
318,318000,0.027655344655344655,0.013846153846153845,0.027471409530707164,0.1076923076923077,0.05936813186813187,0.0273972602739726,0.00684931506849315,0.01750787800557857,0.0684931506849315,0.021135029354207437,0.027562535986181302,0.011330049261083743,0.02388846469654762,0.09359605911330049,0.04561928219563688,73,0.35960591133004927,59868,11.683545698054632,21.57473021779932,150.08504531108247,11.659229693858354,12.624721381415682,11.659376140990553,11.705064036568459,230.99171247976943,0.0,False
319,319000,0.028035183770477888,0.016923076923076926,0.028884850059481004,0.14615384615384616,0.07114774114774115,0.020547945205479447,0.005479452054794521,0.01043872536683433,0.0547945205479452,0.011073059360730594,0.025342728522966138,0.012807881773399015,0.022251514578874074,0.11330049261083744,0.04954453045586051,72,0.35467980295566504,59868,11.741959305297534,22.017149920408595,151.35003604285768,11.660448668224245,12.66259572442474,11.657368675005442,11.671879855235101,232.7614381914533,0.0,False
320,320000,0.022514555947692357,0.01836734693877551,0.025957987445985604,0.14285714285714285,0.0598922902494331,0.00641025641025641,0.0019230769230769232,0.009024590885053009,0.019230769230769232,0.019230769230769232,0.0169317321080479,0.012666666666666668,0.020087743304862304,0.1,0.04579629629629629,52,0.3466666666666667,59868,11.691133266253374,20.353819141810668,151.5656271797172,11.66638773054951,12.373529930109761,11.664187908988488,11.69524006584821,231.0099252232772,0.0,False
321,321000,0.0447647348647687,0.02521008403361345,0.04046209317026661,0.23529411764705882,0.08796852074162999,0.01818181818181818,0.0036363636363636364,0.010749730996782322,0.03636363636363636,0.011688311688311687,0.03636208878682456,0.018390804597701153,0.031070254552211234,0.1724137931034483,0.06385696040868455,55,0.3160919540229885,59868,11.710714206455975,20.398591140571853,149.46259849503429,11.724935921303414,12.621829194842116,11.722375685516152,11.700562143654448,229.34160678737825,0.0,False
322,322000,0.04314059065481016,0.024752475247524757,0.04003566523152405,0.2079207920792079,0.09585887160144585,0.014184397163120567,0.00425531914893617,0.006884823339867824,0.0425531914893617,0.006585612968591692,0.03394504272163846,0.018243243243243244,0.029508033009173762,0.1554054054054054,0.06750858000858,47,0.31756756756756754,59868,11.71608691233339,18.611081818581397,149.5206386250142,11.658701534397743,12.397342926032117,11.662494644917864,11.689174587478647,227.25552104875536,0.0,False
323,323000,0.03467249183703386,0.019491525423728815,0.03364030771917834,0.1694915254237288,0.07448210922787193,0.03459119496855345,0.009433962264150943,0.016502712863984106,0.09433962264150944,0.015723270440251572,0.03464729456200777,0.01637426900584795,0.02832865551259767,0.14619883040935672,0.05627030539311241,53,0.30994152046783624,59868,11.720756161126555,18.783725397791827,149.14455584949528,11.658268720807218,12.539320643448203,11.65939481366507,11.690419831067445,227.19644141740162,0.0,False
324,324000,0.02624889518482196,0.01842105263157895,0.02610373028426669,0.14912280701754385,0.05400654413812308,0.03409090909090909,0.009090909090909092,0.021061806219729196,0.09090909090909091,0.025,0.028432747158669006,0.015822784810126583,0.024699650165028397,0.13291139240506328,0.045928772352822986,44,0.27848101265822783,59868,11.71485096035374,17.82647180678665,148.23107688906322,11.659754075021844,12.419672403132797,11.662173624249483,11.688241054658155,225.20224081326592,0.0,False
325,325000,0.02125415359360314,0.014678899082568808,0.020225474028820772,0.12844036697247707,0.04440439784476482,0.02032520325203252,0.004878048780487805,0.012048055640817276,0.04878048780487805,0.013719512195121951,0.020855337216593762,0.010471204188481676,0.01671474990412817,0.09424083769633508,0.03123078201612233,82,0.4293193717277487,59868,11.719059290302148,23.013848244504697,160.04830577782957,11.65717402346056,12.600173064550301,11.66028346892556,11.704984679700159,242.40382854927296,0.0,False
326,326000,0.03571954665704666,0.016666666666666666,0.03160826463794239,0.16666666666666666,0.06163029100529101,0.024193548387096774,0.0064516129032258064,0.01426753675410458,0.04838709677419355,0.012544802867383511,0.03179310768596482,0.013186813186813189,0.025700983710481153,0.12637362637362637,0.044908860980289546,61,0.33516483516483514,59868,11.747696867445146,20.874187085836994,150.41123695520852,11.658068921061027,12.52518447142359,11.662639267315257,11.68635920816008,230.5653727764506,0.0,False
327,327000,0.025637503532240372,0.015315315315315315,0.02426653813612671,0.11711711711711711,0.05206277706277706,0.018115942028985504,0.004347826086956522,0.01135879957971716,0.043478260869565216,0.013043478260869565,0.023433733919821752,0.012101910828025477,0.020484652953993977,0.09554140127388536,0.04063037104438378,46,0.2929936305732484,59868,11.704997223901948,18.012458613339554,164.81785948829764,11.66246462705467,12.605799199233436,11.665607611829888,11.68351102762144,242.15269779127863,0.0,False
328,328000,0.04170690494561637,0.0272,0.038794665230163394,0.248,0.09073333333333333,0.024691358024691357,0.005555555555555557,0.012621144306247271,0.05555555555555555,0.012191358024691358,0.03657372319293509,0.020670391061452516,0.030898742716803228,0.18994413407821228,0.0670391061452514,54,0.3016759776536313,59868,11.72272922420059,19.574412481862534,151.64392038877205,11.663770973946441,12.525215411882119,11.655218925016309,11.686521470113952,230.47178887579398,0.0,False
329,329000,0.02936730185812193,0.020930232558139535,0.029003845419153563,0.18604651162790697,0.06618063245970222,0.011904761904761904,0.0035714285714285718,0.008896236740471656,0.03571428571428571,0.013392857142857142,0.024081343818185916,0.01567567567567568,0.022917217927228232,0.14054054054054055,0.0502016302016302,56,0.3027027027027027,59868,11.704311073584828,20.679478444599052,150.19934521348642,11.657508198925637,12.517616218996054,11.663787837401518,11.688677194185427,230.11072418117894,0.0,False
330,330000,0.038651303051389994,0.022330097087378643,0.03004137517712486,0.18446601941747573,0.045638773308676224,0.005847953216374269,0.0017543859649122807,0.0025972097453146074,0.017543859649122806,0.0021929824561403508,0.026965109672665643,0.015000000000000003,0.020264391242042455,0.125,0.03016121031746032,57,0.35625,59868,11.72194311895025,19.647606444156416,150.6590821182402,11.674091294003318,12.50206730593617,11.692195989496113,11.698968463758064,229.59595473454053,776.2777026918133,True
331,331000,0.04204111344624977,0.03404255319148936,0.05178637343961147,0.24468085106382978,0.10596504559270517,0.024242424242424242,0.005454545454545455,0.017646264752084428,0.05454545454545454,0.026363636363636363,0.035471127498528945,0.02348993288590604,0.03918431989723571,0.174496644295302,0.07658197507190795,55,0.3691275167785235,59868,11.756628711556694,23.451882205316466,156.284743968102,11.661080340480412,12.356861589873924,11.663773022183022,11.695493512681177,238.8704633501937,0.0,False
332,332000,0.03178967723899204,0.0248,0.0363549205839604,0.192,0.07903809523809524,0.028368794326241134,0.006382978723404256,0.014156482461789993,0.06382978723404255,0.013475177304964538,0.030854901094228705,0.01976744186046512,0.030289068306390575,0.1569767441860465,0.061122646733111845,47,0.27325581395348836,59868,11.722365045374605,18.500723905676143,159.27981846931837,11.659824551757403,12.556787236425727,11.662267693057782,11.690219612170427,237.07200651378045,0.0,False
333,333000,0.028886351333404035,0.017741935483870968,0.02778512609349611,0.16129032258064516,0.06031426011264721,0.04022988505747126,0.008620689655172414,0.026226066465585087,0.06896551724137931,0.03218390804597701,0.03250132361909579,0.014835164835164836,0.027288282915370617,0.13186813186813187,0.051349642421071,58,0.31868131868131866,59868,11.721725264160487,19.83048606217508,152.92390475106498,11.654463048266228,12.574583918026349,11.660083970480017,11.70124986535348,232.0664968795266,0.0,False
334,334000,0.03392535700961267,0.024999999999999998,0.03348092938614268,0.19642857142857142,0.06815121882086168,0.025423728813559324,0.006779661016949153,0.02364878648819298,0.06779661016949153,0.038740920096852295,0.030992046696354494,0.01871345029239766,0.030088552596791614,0.15204678362573099,0.05800380581082336,59,0.34502923976608185,59868,11.73097001093415,20.492314244668908,153.70976474265996,11.659000070579628,12.541775425325973,11.662594118055924,11.686478965586279,233.4828975778108,0.0,False
335,335000,0.04265279400730829,0.029166666666666667,0.038032136241944896,0.18055555555555555,0.06162918871252205,0.0375,0.01,0.026740389401860555,0.075,0.03229166666666666,0.04081251043326961,0.022321428571428572,0.03399936951334335,0.14285714285714285,0.0511515022675737,40,0.35714285714285715,59868,11.717340849273782,17.23469365953745,152.219792433933,11.658123249796981,12.191174721815079,11.664536806330062,11.687471477145328,228.3731331978317,0.0,False
336,336000,0.037295690012258555,0.02601626016260163,0.036548660548809946,0.23577235772357724,0.08546264034068912,0.049707602339181284,0.012280701754385967,0.028805097403871896,0.12280701754385964,0.032038429406850456,0.04122612891578409,0.021666666666666667,0.03409653221957957,0.2,0.06854497354497355,57,0.31666666666666665,59868,11.717910638336937,19.854248206774283,152.56466575415405,11.658005315037801,12.562475705593656,11.664359862745277,11.687585734262985,231.70925121690496,0.0,False
337,337000,0.032218815667091526,0.023076923076923078,0.02874514756194472,0.18461538461538463,0.054026251526251526,0.010638297872340425,0.002127659574468085,0.013045684952456562,0.02127659574468085,0.02127659574468085,0.026488395687694347,0.017514124293785314,0.024576363705187974,0.14124293785310735,0.04533001524526949,47,0.2655367231638418,59868,11.724551855898934,18.35812262689085,154.64312359186883,11.654385642143051,12.519893733478614,11.666827340592324,11.690249047721647,232.25715383859423,0.0,False
338,338000,0.034681763548227065,0.019811320754716984,0.025672379172484484,0.16981132075471697,0.041988619347109915,0.04716981132075472,0.013207547169811321,0.0380799571963169,0.1320754716981132,0.06257861635220126,0.03884444613906961,0.01761006289308176,0.029808238513761954,0.15723270440251572,0.04885195168214036,53,0.3333333333333333,59868,11.743998841504123,19.28149241499366,158.98488179091896,11.661315419991825,12.483996804313335,11.66283190806583,11.697204896507497,237.51572207629525,0.0,False
339,339000,0.03101421193185899,0.021,0.027788464976547588,0.18,0.05449999999999999,0.00641025641025641,0.0019230769230769232,0.0038866797403951455,0.019230769230769232,0.004807692307692308,0.022597069253416,0.014473684210526317,0.01961153844839017,0.125,0.0375,52,0.34210526315789475,59868,11.688611795360181,19.204636526951035,153.94428526108172,11.65721842626144,12.388955401496094,11.662728883268802,11.681335424812422,232.22777171923173,0.0,False
340,340000,0.045861354175057226,0.027192982456140352,0.04119671599669728,0.21929824561403508,0.07264341409078251,0.006944444444444444,0.0020833333333333333,0.0030841865725610962,0.020833333333333332,0.0026041666666666665,0.034330417958579364,0.019753086419753086,0.02990411468584211,0.16049382716049382,0.05189104448363708,48,0.2962962962962963,59868,11.700442177173255,18.4762797072191,154.12054981352173,11.65691232597743,12.473102839083428,11.664548628831373,11.686643234337657,231.77847872614396,0.0,False
341,341000,0.028256890033749538,0.01652892561983471,0.02642832687270162,0.1487603305785124,0.052902400629673364,0.033333333333333326,0.008888888888888889,0.028619231503458024,0.08888888888888889,0.04666666666666667,0.029633034301709,0.014457831325301207,0.02702224680272595,0.13253012048192772,0.05121199082042456,45,0.2710843373493976,59868,11.719004480270634,17.991869647723814,157.39091334807108,11.660071115152103,12.507429629993183,11.666092409254315,11.687834448451117,234.62321507891627,0.0,False
342,342000,0.01998170960066063,0.018367346938775512,0.02056505049874804,0.14285714285714285,0.04470764496274701,0.04761904761904762,0.012244897959183673,0.024530970059639993,0.12244897959183673,0.026044703595724,0.02919415560678963,0.0163265306122449,0.02188702368571202,0.1360544217687075,0.03848666450707267,49,0.3333333333333333,59868,11.715220229580048,18.488024992505125,155.50061839605945,11.661235848281493,12.433647065157594,11.667512354457399,11.699349865931797,233.16560875197288,0.0,False
343,343000,0.03599677478516625,0.023893805309734516,0.03418289878898531,0.21238938053097345,0.07075783115606124,0.03333333333333333,0.008333333333333333,0.016519136380285862,0.08333333333333333,0.016249999999999997,0.03507303786545541,0.018497109826589597,0.02805673841602597,0.1676300578034682,0.05185338104413249,60,0.3468208092485549,59868,11.724335144944199,21.095507901525146,153.4005592913751,11.657140782356246,12.471999344412787,11.659885146328431,11.686979233219152,233.69640684416103,0.0,False
344,344000,0.030925612515546187,0.023232323232323236,0.029927379041208093,0.21212121212121213,0.06968494468494468,0.03488372093023256,0.009302325581395349,0.029004584611075857,0.06976744186046512,0.03820598006644518,0.03212419464112023,0.019014084507042256,0.029647941291238475,0.16901408450704225,0.06015258215962441,43,0.3028169014084507,59868,11.716836136474452,17.57851727104964,152.14661121937257,11.660531766391479,12.404495954063123,11.664970873695445,11.691691618451184,228.86365483949788,0.0,False
345,345000,0.049722973431098876,0.03114754098360656,0.04647052604413811,0.2459016393442623,0.09121129326047357,0.021604938271604937,0.005555555555555557,0.010882874783053963,0.05555555555555555,0.010802469135802469,0.04109584900716323,0.02329545454545455,0.03555158758903274,0.1875,0.06654040404040404,54,0.3068181818181818,59868,11.719776582513886,19.300424429796735,152.6093680645213,11.664052640886213,12.588704720165044,11.67242129820889,11.691520722625913,231.246268458718,0.0,False
346,346000,0.0435192932067932,0.024218750000000004,0.0391381693833805,0.1796875,0.07046130952380952,0.04371584699453551,0.011475409836065575,0.04032724569358421,0.11475409836065574,0.07301587301587302,0.043582731201778815,0.020105820105820106,0.039521945335351014,0.15873015873015872,0.07128579826992526,60,0.31746031746031744,59868,11.712961438384294,20.411346824650288,159.25656797077804,11.673230119052525,12.5747043316915,11.66459920824703,11.737440553397093,239.03085044620076,0.0,False
347,347000,0.028147032974705465,0.025454545454545455,0.034225319013502585,0.18181818181818182,0.08215728715728715,0.041666666666666664,0.0125,0.033443982998324885,0.1,0.042083333333333334,0.03175226862589512,0.022000000000000002,0.03401696274278853,0.16,0.07147089947089946,40,0.26666666666666666,59868,11.73077250175847,17.895225874031695,153.03498214537527,11.659196270052963,12.437444834451084,11.662221036115582,11.690424681215505,230.1102673430006,0.0,False
348,348000,0.026307217613198056,0.017821782178217824,0.023205387971475644,0.16831683168316833,0.048825239666823825,0.039215686274509796,0.00980392156862745,0.029463024692392006,0.09803921568627451,0.047463429816371,0.030638348545611864,0.015131578947368423,0.02530498976599363,0.14473684210526316,0.04836831662489557,51,0.3355263157894737,59868,11.72016552815347,18.605842807412067,153.24848918815692,11.659989169798823,12.446657361026014,11.661657836156692,11.730308199481287,231.07311009018528,0.0,False
349,349000,0.034039834333859334,0.027102803738317756,0.03698780026502006,0.22429906542056074,0.07593457943925233,0.03333333333333333,0.008888888888888889,0.02704565238319081,0.08888888888888889,0.03888888888888889,0.03383067285344044,0.021710526315789475,0.03404440122105745,0.18421052631578946,0.0649671052631579,45,0.29605263157894735,59868,11.73368115908735,18.17605912980691,151.20975163618323,11.660649028771841,12.483780891803242,11.675094223062565,11.689214010776606,228.62823007949171,0.0,False
350,350000,0.04486314864929023,0.02627118644067797,0.038832369392754466,0.2288135593220339,0.08187718590260962,0.026190476190476188,0.007142857142857143,0.01656354760895021,0.07142857142857142,0.023095238095238096,0.03791055784015734,0.01914893617021277,0.03054078681367841,0.1702127659574468,0.059990290442418104,70,0.3723404255319149,59868,11.698697275894233,21.592677843629282,153.5102854432757,11.653140298287234,12.540129028612569,11.671719113121037,11.673761170977182,234.34041017379724,0.0,False
351,351000,0.03570222487022915,0.02285714285714286,0.031330471501245766,0.18095238095238095,0.054270597127739975,0.020512820512820513,0.003076923076923077,0.008358139219109648,0.03076923076923077,0.005274725274725275,0.02989451143945526,0.015294117647058824,0.022546932687487836,0.12352941176470589,0.03553688141923436,64,0.3764705882352941,59868,11.681966610610495,20.482787714173888,153.02004912456923,11.66062202069551,12.509698749038623,11.66222134202366,11.68854996760893,232.70589552872033,0.0,False
352,352000,0.03771241439719701,0.02717391304347826,0.03929870452976662,0.22826086956521738,0.09375,0.021739130434782608,0.006521739130434784,0.01404848289020316,0.06521739130434782,0.019021739130434784,0.03238798640972554,0.02028985507246377,0.030881963983245473,0.17391304347826086,0.06884057971014493,46,0.3333333333333333,59868,11.726584951840536,18.454307543921967,150.66618216531825,11.65673993397398,12.341627779646757,11.65581180279096,11.692839534588328,228.1940937120808,0.0,False
353,353000,0.037359739617722,0.02644628099173554,0.0421347438484132,0.2066115702479339,0.09867506231142595,0.057471264367816084,0.015517241379310345,0.04629232158525816,0.13793103448275862,0.0757183908045977,0.04387632305629997,0.022905027932960897,0.04348189194191604,0.18435754189944134,0.09123658774496762,58,0.3240223463687151,59868,11.711177988732446,19.988583273122806,153.08475099877484,11.661241848592852,12.567309990482723,11.662391928055072,11.714192376471866,232.3896484042326,0.0,False
354,354000,0.028764833460818325,0.022826086956521746,0.029655678616426352,0.16304347826086957,0.06332815734989648,0.031746031746031744,0.0071428571428571435,0.02505838695322148,0.07142857142857142,0.034523809523809526,0.029699238893497158,0.01791044776119403,0.028214736453332293,0.13432835820895522,0.0542999289267946,42,0.31343283582089554,59868,11.72069655773489,17.996761501007374,153.28299949367297,11.662061027636895,12.385696350411536,11.669624401577927,11.720434083276054,230.43827341531764,0.0,False
355,355000,0.04631948674992385,0.02767857142857143,0.046693972259592605,0.22321428571428573,0.09697774943310658,0.012121212121212121,0.0036363636363636364,0.005505680516339093,0.03636363636363636,0.0048484848484848485,0.035056581932084656,0.019760479041916166,0.033128965996844444,0.16167664670658682,0.06663577606691379,55,0.32934131736526945,59868,11.715275184620566,23.732608220694562,159.11105069608965,11.661322406833484,12.519813832018167,11.66290781334789,11.67877971132436,242.08175786492865,0.0,False
356,356000,0.04539249984036519,0.02761904761904762,0.03822724706134414,0.23809523809523808,0.06326530612244899,0.043209876543209874,0.011111111111111112,0.023612411945981675,0.1111111111111111,0.02716049382716049,0.04465123155076527,0.0220125786163522,0.03326371815423991,0.1949685534591195,0.05100329439952081,54,0.33962264150943394,59868,11.734460460044449,23.168811832938175,158.99505413116688,11.65750404578947,12.473774889248945,11.667585048807938,11.70217580043209,241.39936620842795,0.0,False
357,357000,0.04058837291919999,0.02197802197802198,0.029693970063024388,0.18681318681318682,0.042564974707831854,0.006060606060606061,0.0018181818181818182,0.003039280999385496,0.01818181818181818,0.0030303030303030303,0.02758133745877077,0.014383561643835616,0.019652820073297408,0.1232876712328767,0.027671776473146337,55,0.3767123287671233,59868,11.733968639363045,19.672008616980484,151.6871412994003,11.66010092856773,12.413607277703132,11.662693312708416,11.684801678985002,230.51432175370812,0.0,False
358,358000,0.04789541104642498,0.03142857142857143,0.042421640810536704,0.2571428571428571,0.07710884353741497,0.012121212121212121,0.0036363636363636364,0.00560777141501875,0.03636363636363636,0.005050505050505051,0.03559803016588305,0.021875000000000002,0.029766873205827403,0.18125,0.05233878968253969,55,0.34375,59868,11.728355830131765,19.359468529364655,152.0697287442363,11.660808341973361,12.477428563334447,11.662448125851487,11.682699974216447,230.64093810910845,0.0,False
359,359000,0.038534619505072205,0.024324324324324326,0.033423177894739454,0.1981981981981982,0.0662019162019162,0.028248587570621465,0.00847457627118644,0.02755432149203969,0.06779661016949153,0.04802259887005649,0.03496476136311577,0.018823529411764708,0.031386339496155415,0.15294117647058825,0.05989262371615313,59,0.34705882352941175,59868,11.7012322754656,20.20312515163547,152.26743060541003,11.657558706565375,12.54410014144003,11.66207005766362,11.697274518829293,231.7327914570094,0.0,False
360,360000,0.036396495408123314,0.020930232558139535,0.02842420019355462,0.17829457364341086,0.05028608342561831,0.024305555555555552,0.006250000000000001,0.018723696214884577,0.0625,0.027777777777777776,0.033117596465054085,0.01694915254237288,0.02579355504679664,0.14689265536723164,0.04418213613128867,48,0.2711864406779661,59868,11.719980710381272,18.297799823541183,151.3047496613379,11.65654986381992,12.559813308860024,11.659923516565973,11.689994002778148,228.88881088728442,0.0,False
361,361000,0.0391531073093573,0.02416666666666667,0.04124049173602713,0.20833333333333334,0.0890244708994709,0.05855855855855856,0.016216216216216217,0.0485078215283739,0.13513513513513514,0.0777027027027027,0.04372636652095251,0.02229299363057325,0.04295317455333179,0.1910828025477707,0.08635628349004146,37,0.2356687898089172,59868,11.728421189668992,16.60489626859052,159.75108924098924,11.657624486058339,12.442721339822604,11.655824128112279,11.681404527411065,235.52198118065306,0.0,False
362,362000,0.03180700101431809,0.018018018018018018,0.029899046950157018,0.17117117117117117,0.06414986414986415,0.014619883040935672,0.0035087719298245615,0.007377452338924767,0.03508771929824561,0.007309941520467836,0.025975657416206194,0.013095238095238096,0.02225779163563179,0.125,0.04486489040060469,57,0.3392857142857143,59868,11.690983731660332,19.677706177209654,152.11235047812855,11.658008377324336,12.610976313637279,11.656308753452137,11.678549262428284,231.08488309384055,0.0,False
363,363000,0.04797333080757158,0.03333333333333334,0.04809326119545733,0.26436781609195403,0.09348659003831417,0.020833333333333332,0.006250000000000001,0.014315573249683937,0.0625,0.020337301587301588,0.038323553927842424,0.023703703703703706,0.036083416592515676,0.1925925925925926,0.06747795414462081,48,0.35555555555555557,59868,11.689047098029093,18.186826567678782,153.48789245754614,11.65579634394842,12.303179686479204,11.666856177469654,11.726277234988537,230.71587556613983,565.4052939332854,True
364,364000,0.03762265873571946,0.025663716814159295,0.03598254368457711,0.21238938053097345,0.07373226576766401,0.058823529411764705,0.01568627450980392,0.035412243173238614,0.13725490196078433,0.040141612200435724,0.0442156124215628,0.0225609756097561,0.035805194135319414,0.18902439024390244,0.06328639179248935,51,0.31097560975609756,59868,11.706945265185787,19.088823863255833,159.55384237754944,11.65819822079861,12.461699652369095,11.65881234431454,11.691249593839824,237.81957131731315,0.0,False
365,365000,0.045511025905762746,0.03423423423423424,0.04935470619300677,0.27927927927927926,0.11432503932503932,0.02127659574468085,0.006382978723404256,0.011648762702692536,0.06382978723404255,0.013171225937183385,0.03830204984518775,0.02594936708860759,0.0381383812306981,0.21518987341772153,0.0842349809121961,47,0.2974683544303797,59868,11.75762888612486,18.20682739413215,157.93979971601146,11.662774661594376,12.48080773691429,11.661205344182246,11.68974201018469,235.39878574914408,0.0,False
366,366000,0.03937728937728937,0.02321428571428571,0.03284804414284821,0.1875,0.06387471655328798,0.0065359477124183,0.00196078431372549,0.003559642990928484,0.0196078431372549,0.00392156862745098,0.029101777568035236,0.016564417177914112,0.023684188567707685,0.13496932515337423,0.04511636965624696,51,0.3128834355828221,59868,11.696924698267885,18.947560699075773,157.7069601362141,11.656805806295466,12.42888545978371,11.66121786470853,11.68038258624049,235.77873725058595,0.0,False
367,367000,0.02254943576843797,0.015517241379310346,0.025645803957777137,0.12931034482758622,0.06113505747126437,0.034482758620689655,0.008620689655172414,0.017140898146435136,0.08620689655172414,0.017145593869731798,0.026527210052521864,0.013218390804597703,0.02281083535399647,0.11494252873563218,0.04647190293742017,58,0.3333333333333333,59868,11.69098729654483,20.01150761242465,155.75472850749838,11.665877409375302,12.565626291705101,11.666207362717728,11.740342316157726,235.0952767964237,0.0,False
368,368000,0.04400888114443102,0.024347826086956525,0.03961129213585862,0.20869565217391303,0.08300552104899932,0.03632478632478632,0.010256410256410256,0.023656447730106278,0.08974358974358974,0.030463980463980463,0.04090339204633627,0.01865284974093264,0.03316322030348203,0.16062176165803108,0.06177111604572744,78,0.40414507772020725,59868,11.719625499048703,28.48717504680409,155.75955947227936,11.654572426300636,12.58035610821051,11.660467716667622,11.680564819732675,243.54232108904358,0.0,False
369,369000,0.04902621698823208,0.025,0.0419767265611901,0.2265625,0.07828621031746032,0.037037037037037035,0.008333333333333333,0.03133127262864357,0.08333333333333333,0.04652777777777778,0.04471011220580186,0.019,0.03814436314547335,0.175,0.0668531746031746,72,0.36,59868,11.725097816217556,22.25446587839075,156.3462616380601,11.662613760871077,12.668324264414332,11.659292109403307,11.699978170548464,238.01603363790557,0.0,False
370,370000,0.03742554323561302,0.027966101694915257,0.037718513129852894,0.211864406779661,0.07171105730427764,0.01944444444444444,0.005000000000000001,0.020507781237852456,0.05,0.035416666666666666,0.03136449869926406,0.020224719101123598,0.03191714282917859,0.15730337078651685,0.059476993044408774,60,0.33707865168539325,59868,11.74714125107279,20.243788714999212,156.3005625225128,11.660578221758811,12.560826142954395,11.662041916146727,11.69037063704359,235.86530940648834,0.0,False
371,371000,0.036500943852354584,0.022340425531914895,0.03419972293514535,0.19148936170212766,0.06976528199932455,0.021645021645021644,0.005194805194805195,0.010855188631065696,0.05194805194805195,0.010080395794681509,0.029811435022152027,0.014619883040935675,0.023687856611086088,0.1286549707602339,0.042889631486122716,77,0.4502923976608187,59868,11.725701767800745,22.434730385420544,154.67468903142267,11.661926575354254,12.546414760825076,11.664403542124834,11.716417316218198,236.4242833791663,0.0,False
372,372000,0.06222319309054003,0.0336734693877551,0.05070266801047105,0.2755102040816326,0.0903101716877227,0.029239766081871343,0.007017543859649123,0.012618130185543855,0.07017543859649122,0.01010860484544695,0.050093803803481225,0.023870967741935485,0.036697386358723626,0.2,0.06081669226830516,57,0.36774193548387096,59868,11.694063759407069,19.875665718718793,155.21925482704646,11.653105687264853,12.390940397663531,11.660598740206861,11.6913318098516,234.18496094015916,0.0,False
373,373000,0.048959718245178606,0.03608247422680412,0.04740030437328515,0.27835051546391754,0.0856201930944199,0.018018018018018018,0.005405405405405406,0.007667376457172443,0.05405405405405406,0.006081081081081081,0.04041611445111187,0.027611940298507463,0.036429272038239105,0.21641791044776118,0.06365790097133381,37,0.27611940298507465,59868,11.72473689263487,16.975675574362747,159.56759029921164,11.66191170559605,12.316126322159393,11.663018069291153,11.70468258814006,235.61374145139592,0.0,False
374,374000,0.04041604188534013,0.025,0.04331251230206816,0.19166666666666668,0.09307539682539683,0.0,0.0,0.0,0.0,0.0,0.028528970742593026,0.01764705882352941,0.030573538095577533,0.13529411764705881,0.06570028011204482,50,0.29411764705882354,59868,12.029619299497307,19.38673402834823,162.27451175430951,11.67680583301356,12.620763628110044,11.73668703619013,11.692407575092378,241.41752915456115,0.0,False
375,375000,0.044345628894489085,0.028703703703703703,0.04142065831930951,0.26851851851851855,0.08504556143445033,0.03825136612021857,0.009836065573770493,0.018508551559356448,0.09836065573770492,0.018032786885245903,0.04214592457951571,0.021893491124260357,0.03315060795033237,0.20710059171597633,0.06085751854982624,61,0.3609467455621302,59868,11.703560763368092,20.545807582622587,177.125903916886,11.659272772898689,12.505936751019963,11.675360675741931,11.69334049977433,256.90918296231155,0.0,False
376,376000,0.034916314528383494,0.01982758620689655,0.03192469718436848,0.1724137931034483,0.06798371647509578,0.02564102564102564,0.007692307692307694,0.014136445166477966,0.07692307692307693,0.016025641025641024,0.031187074666456104,0.014948453608247425,0.024772719568927962,0.13402061855670103,0.04709335624284078,78,0.4020618556701031,59868,11.69904365935781,22.85459429741954,156.6002969030228,11.656955874697616,12.569316183888567,11.657869255859987,11.680628992719043,238.71870516696538,0.0,False
377,377000,0.030819750227709677,0.022222222222222223,0.03568449686402105,0.18803418803418803,0.08964523131189799,0.023809523809523808,0.006122448979591837,0.020494138730294327,0.061224489795918366,0.030126336248785225,0.028750466525956024,0.017469879518072287,0.03120059596912582,0.15060240963855423,0.07207640084146108,49,0.29518072289156627,59868,11.690182527279713,18.433905992459863,159.55114446902786,11.661628771864052,12.533702922840062,11.663731039918135,11.71605852305635,237.25035424644605,0.0,False
378,378000,0.034053856515283705,0.020491803278688523,0.0307547891730538,0.16393442622950818,0.06179091855321363,0.007692307692307693,0.0015384615384615385,0.0031443445782844016,0.015384615384615385,0.002197802197802198,0.024890751309436434,0.013903743315508022,0.021157575811235563,0.11229946524064172,0.041076733723792544,65,0.34759358288770054,59868,11.731822406296777,21.24560630695216,160.2987789526278,11.661226285458737,12.662811639835292,11.665557687237648,11.67702905231771,240.94283233072613,0.0,False
379,379000,0.03702395488109774,0.022857142857142857,0.03837766196761069,0.1619047619047619,0.08040816326530613,0.02976190476190476,0.0071428571428571435,0.014531578970890453,0.07142857142857142,0.01326530612244898,0.0344980244048567,0.017391304347826087,0.030083372229621045,0.13043478260869565,0.05705412599822538,56,0.34782608695652173,59868,11.7315847941446,20.51087104071314,168.194321217785,11.663776811041139,12.509558002041231,11.679299736111481,11.718117139583594,248.0075287414202,0.0,False
380,380000,0.05338750502684928,0.03442622950819672,0.049929329823339356,0.27049180327868855,0.10575396825396824,0.014705882352941176,0.004411764705882354,0.008244719632480597,0.029411764705882353,0.007352941176470588,0.03954355585934533,0.023684210526315794,0.035010627228716215,0.18421052631578946,0.07053675856307436,68,0.35789473684210527,59868,11.756866646173147,21.743771322885188,161.15896849579204,11.694120273658681,12.678556208692292,11.661188988459914,11.701624131318923,242.39509606698016,0.0,False
381,381000,0.02793151929791606,0.017692307692307695,0.02625151671163936,0.14615384615384616,0.05262515262515263,0.038011695906432746,0.008771929824561403,0.025699834274087077,0.07017543859649122,0.029239766081871347,0.031004086499442533,0.014973262032085561,0.026083356824257112,0.12299465240641712,0.04549698667345725,57,0.3048128342245989,59868,11.72904377627626,20.775705846132198,157.154449355712,11.660685768868916,12.63103060124282,11.662389304889498,11.693230909520791,237.3065355626425,0.0,False
382,382000,0.031041423801149947,0.019626168224299065,0.025294977606166016,0.1588785046728972,0.04724447411363299,0.010869565217391304,0.002173913043478261,0.013329286799249095,0.021739130434782608,0.021739130434782608,0.02497668200472578,0.014379084967320262,0.021697449651145242,0.11764705882352941,0.039576200850710654,46,0.3006535947712418,59868,11.727584495677124,18.24085376231355,158.14590133785,11.659793923521345,12.397590948121096,11.656807090351663,11.716622590376979,235.54515414821174,0.0,False
383,383000,0.02430364669232179,0.014018691588785047,0.02337722289053721,0.11214953271028037,0.049325025960539975,0.031249999999999997,0.008333333333333333,0.022200313264473286,0.08333333333333333,0.030381944444444444,0.026454775458570518,0.012258064516129031,0.023012760554723868,0.1032258064516129,0.04345878136200717,48,0.3096774193548387,59868,11.743780398601466,19.133805749180222,154.89496012516258,11.663398310768347,12.461595261123449,11.662396085229677,11.694261586439602,233.25419751650537,0.0,False
384,384000,0.029960641789296045,0.02035398230088496,0.03324951959719434,0.17699115044247787,0.0857739851102683,0.021604938271604937,0.005555555555555557,0.014220721976787773,0.05555555555555555,0.0191358024691358,0.02725879753806659,0.015568862275449102,0.02709649521694312,0.1377245508982036,0.06422630928618953,54,0.32335329341317365,59868,11.723764722790243,18.672444003692277,160.01285573352675,11.665440333666343,12.663699290441087,11.669099667252492,11.726551246885041,238.1338549982542,0.0,False
385,385000,0.042260539168433905,0.02666666666666667,0.03628734316905063,0.19166666666666668,0.06357142857142857,0.0202020202020202,0.006060606060606061,0.014448984044829685,0.06060606060606061,0.022222222222222223,0.03443332276099678,0.019354838709677424,0.028538247995939972,0.14516129032258066,0.048899129544290834,66,0.3548387096774194,59868,11.723406951893999,26.53597324682455,160.10326010000574,11.670801314159206,12.561139755604135,11.660588156311992,11.706623852372754,245.96179337717237,0.0,False
386,386000,0.03576330282745052,0.02543859649122807,0.04021266643709905,0.20175438596491227,0.08583959899749374,0.016908212560386472,0.004347826086956523,0.014054246877929099,0.043478260869565216,0.023809523809523808,0.02865400649724605,0.017486338797814208,0.030349655783641523,0.14207650273224043,0.0624512099921936,69,0.3770491803278688,59868,11.718184712836145,21.35816808022939,162.66245560991877,11.66421015347252,12.565596505975662,11.664908069392022,11.685585717471913,243.31910884929644,0.0,False
387,387000,0.029712482148402167,0.021698113207547172,0.025513821108211526,0.19811320754716982,0.04669436957172806,0.024305555555555552,0.006250000000000001,0.012945044859017617,0.0625,0.015104166666666667,0.02802720632725517,0.016883116883116885,0.021596280459112122,0.15584415584415584,0.03684807256235828,48,0.3116883116883117,59868,11.693605785734196,18.150419565932108,156.44309403640978,11.66210992786798,12.469695469946585,11.663322654842379,11.692795877510376,233.77504331824338,0.0,False
388,388000,0.027859534218981224,0.02043010752688172,0.028879364556266704,0.17204301075268819,0.06579621095750128,0.0065359477124183,0.00196078431372549,0.00396288914706956,0.0196078431372549,0.004901960784313725,0.020307430664573523,0.013888888888888888,0.020054779515509383,0.11805555555555555,0.044229497354497355,51,0.3541666666666667,59868,11.708747404373664,18.957735261546095,157.2191761344405,11.66989152281972,12.394585978375838,11.662347156410346,11.717530426058609,235.33001388402474,0.0,False
389,389000,0.03514508514508515,0.025225225225225228,0.040856550654295026,0.2072072072072072,0.09021521521521522,0.009523809523809523,0.002857142857142857,0.005275254306667855,0.02857142857142857,0.005952380952380952,0.025236304518072475,0.016574585635359115,0.027095828309908827,0.13812154696132597,0.057627378759975444,70,0.3867403314917127,59868,11.731585059168715,22.237450688314397,156.19266165416147,11.657929468236738,12.525105728841691,11.659970692926013,11.691306234337674,237.69600952598668,0.0,False
390,390000,0.04456590199418068,0.02622950819672131,0.032822890234056344,0.22950819672131148,0.057042024460057246,0.0,0.0,0.0,0.0,0.0,0.03142797712884418,0.018497109826589597,0.023146778084132222,0.16184971098265896,0.04022616753830627,51,0.2947976878612717,59868,11.718544368238826,19.06462508792506,159.84718825247379,11.656704113724437,12.526416448027655,11.6598229189524,11.688710652046908,238.16201184138902,0.0,False
391,391000,0.04234603513770181,0.028333333333333335,0.041425622834670855,0.225,0.08271825396825397,0.03666666666666667,0.01,0.02224350507524773,0.08,0.023666666666666666,0.04067563264622088,0.022941176470588236,0.035783823493664046,0.18235294117647058,0.06535014005602241,50,0.29411764705882354,59868,11.710754743016194,18.545924756752097,155.52702471331725,11.661399817716745,12.52112207462963,11.664429091798322,11.684365893230297,233.31502109046056,0.0,False
392,392000,0.05116454910741405,0.026271186440677965,0.0413189967637788,0.22033898305084745,0.07292507398439602,0.008064516129032258,0.0016129032258064516,0.00494473542552789,0.016129032258064516,0.005376344086021505,0.036318982192638107,0.017777777777777778,0.028790084525047933,0.15,0.04965828924162257,62,0.34444444444444444,59868,11.68947334950765,20.287286252460014,161.55154476307777,11.662367485301694,12.571832306448872,11.663592414057344,11.699372288787036,241.1254688596404,0.0,False
393,393000,0.05013085645863314,0.032692307692307694,0.04607107947059605,0.27884615384615385,0.09032738095238095,0.008130081300813007,0.0024390243902439024,0.005722911292960445,0.024390243902439025,0.008130081300813007,0.03825477520711158,0.02413793103448276,0.03466228708933357,0.20689655172413793,0.06708538587848932,41,0.2827586206896552,59868,11.70297414913868,17.86290610111818,157.26243895020087,11.66182700211571,12.428766922895074,11.659112869974454,11.71876825224738,234.29679424769034,0.0,False
394,394000,0.030454881656804735,0.025000000000000005,0.030288902316197092,0.16666666666666666,0.051690641534391533,0.03666666666666666,0.01,0.024949599497244117,0.1,0.03535714285714286,0.0325822052903191,0.01986301369863014,0.028460373953541968,0.14383561643835616,0.046096977603826916,50,0.3424657534246575,59868,11.733369246369474,18.648024925016493,164.82499224021453,11.658043549966912,12.455952519002667,11.659335616587274,11.69837443069921,242.67809252785656,0.0,False
395,395000,0.033637495070421894,0.02032520325203252,0.03045438469534394,0.1951219512195122,0.06667634533488191,0.010964912280701754,0.002631578947368421,0.004548018032214673,0.02631578947368421,0.003341687552213868,0.024978619231131795,0.0135678391959799,0.020560495919475476,0.1306532663316583,0.04248823482491824,76,0.38190954773869346,59868,11.737866675798347,28.11437271565964,166.89863336222243,11.662620141600355,12.63040667140447,11.678546072577124,11.703453814390642,254.42589945365302,0.0,False
396,396000,0.0443782894685637,0.030097087378640777,0.050519092519980054,0.2524271844660194,0.12130143319463708,0.052083333333333336,0.014583333333333332,0.04231333465547421,0.125,0.06721230158730158,0.04682757493551034,0.025165562913907286,0.04791063968887886,0.2119205298013245,0.10410753705455691,48,0.31788079470198677,59868,11.725656373987036,21.846479038759025,163.4926827716737,11.662904910503258,12.444361847718799,11.66802575368331,11.721707999415298,244.5618186957404,610.5024222381877,True
397,397000,0.06925203385877543,0.040449438202247195,0.06549457759076438,0.3595505617977528,0.14110041020153377,0.0326797385620915,0.00980392156862745,0.030538198596246274,0.09803921568627451,0.055119825708060996,0.05592926914355486,0.029285714285714283,0.05276046809990421,0.2642857142857143,0.10977891156462584,51,0.36428571428571427,59868,11.767100284831855,19.124339338316698,162.71633364421666,11.662561247766101,12.380549578638878,11.658251715604418,11.691384047066155,241.00051985644075,0.0,False
398,398000,0.03352056523606618,0.02347826086956522,0.032083983525282175,0.19130434782608696,0.0662663906142167,0.011737089201877934,0.0028169014084507044,0.005543999363054672,0.028169014084507043,0.00482897384305835,0.02520536739505884,0.015591397849462365,0.021953129355829742,0.12903225806451613,0.04281447345963475,71,0.3817204301075269,59868,11.740183588002107,21.171355346016885,158.96083102415193,11.651965407769026,12.561443051339882,11.653074783832263,11.679561487745737,239.4184146888578,0.0,False
399,399000,0.03504197016325424,0.024271844660194178,0.032049202187295435,0.1941747572815534,0.06025967021112652,0.06214689265536723,0.016949152542372885,0.034891652998876914,0.13559322033898305,0.03655501748722088,0.04491351600914724,0.02160493827160494,0.03308441575447635,0.1728395061728395,0.05162649421908681,59,0.36419753086419754,59868,11.717123854948497,20.061225225936894,161.60143667867666,11.66310936594195,12.609014181333421,11.662739069537299,11.69270167500347,241.00735005137818,0.0,False
400,400000,0.038929777018626155,0.022222222222222227,0.03510097556144167,0.18803418803418803,0.0678062678062678,0.015723270440251572,0.0037735849056603774,0.013836732992365045,0.03773584905660377,0.02358490566037736,0.031694807320662315,0.01647058823529412,0.028471535231082493,0.1411764705882353,0.05401960784313726,53,0.31176470588235294,59868,11.700076652423895,19.673648300841396,158.82747326059766,11.659319231305254,12.579640197060705,11.663620700416711,11.694806866677233,237.79858520932285,0.0,False
401,401000,0.045525836736363054,0.03272727272727273,0.05174053576481002,0.2636363636363636,0.127492784992785,0.040880503144654086,0.009433962264150943,0.025095733890028022,0.09433962264150944,0.033722671458520516,0.04401539084458038,0.02515337423312883,0.04307688852945145,0.2085889570552147,0.09700311617489532,53,0.32515337423312884,59868,11.694009071763766,19.300457449231146,159.53731045430243,11.663104665465829,12.504999602355738,11.662451267296925,11.716241680309603,238.07857419072542,0.0,False
402,402000,0.025034494161649334,0.01724137931034483,0.021767895353789004,0.15517241379310345,0.043962096332785985,0.015873015873015872,0.004761904761904762,0.011933534472101817,0.047619047619047616,0.01940035273368607,0.02181006325559398,0.012849162011173183,0.01830663984794379,0.11731843575418995,0.03531746031746032,63,0.35195530726256985,59868,11.711932381031076,25.87275341668638,159.64572716534175,11.659680229716972,12.57484180872126,11.662322370015188,11.691810015423965,244.81906738693658,0.0,False
403,403000,0.04408682113905994,0.0208955223880597,0.03939881623165757,0.1865671641791045,0.07490227434257286,0.0130718954248366,0.00392156862745098,0.012104307480503706,0.0392156862745098,0.022058823529411766,0.03553676053676054,0.016216216216216217,0.03187438408944759,0.14594594594594595,0.06033462033462033,51,0.2756756756756757,59868,11.693827743686214,19.139954791455583,160.22963516815202,11.664031641003824,12.621993415437572,11.661910150936873,11.714232980172824,238.7255858908449,0.0,False
404,404000,0.052781057326511865,0.022314049586776862,0.04051198318283017,0.19008264462809918,0.07088744588744589,0.010582010582010581,0.0031746031746031746,0.007581328627035205,0.031746031746031744,0.01111111111111111,0.03833247066942719,0.01576086956521739,0.02923681341644385,0.1358695652173913,0.0504205486542443,63,0.3423913043478261,59868,11.72193482612549,20.313299491744875,159.63466407813155,11.653130367633713,12.528056714949942,11.656435271442668,11.684453956398166,239.19197470642638,0.0,False
405,405000,0.023141366093059203,0.023300970873786412,0.030642793938435095,0.1650485436893204,0.06861997226074897,0.0303030303030303,0.007272727272727273,0.021174098656984375,0.07272727272727272,0.030303030303030304,0.025634350469947876,0.017721518987341773,0.02734672912527187,0.13291139240506328,0.05528179626280893,55,0.34810126582278483,59868,11.689059752670317,18.961990509824833,158.60015104374182,11.660520026601784,12.515574781338245,11.655909854635382,11.69081367402569,236.77401964283806,0.0,False
406,406000,0.03676008552075191,0.02710280373831776,0.0424470974710515,0.19626168224299065,0.09744103248776145,0.0619047619047619,0.015714285714285715,0.043047215163197865,0.14285714285714285,0.05465986394557824,0.04670430781951292,0.022598870056497175,0.042684432151561355,0.1751412429378531,0.08052192628463815,70,0.3954802259887006,59868,11.719509561053387,21.604742182296242,158.75936160525407,11.661668032597605,12.50393050772347,11.65806898076327,11.688353911062933,239.595634780751,0.0,False
407,407000,0.036191392444828406,0.02149532710280374,0.032203739409754496,0.205607476635514,0.06802774069129208,0.013888888888888888,0.0033333333333333335,0.008158471909718934,0.03333333333333333,0.010416666666666666,0.028178516915748332,0.014970059880239521,0.023564721146268664,0.1437125748502994,0.047329151221366786,60,0.3592814371257485,59868,11.700120687754833,19.915759774072338,160.091772463275,11.657968062114833,12.441973695057062,11.663196645028684,11.69133386637322,239.16212519367596,0.0,False
408,408000,0.029033365827720665,0.016129032258064516,0.03311701792399597,0.1532258064516129,0.08259408602150538,0.017006802721088433,0.004081632653061225,0.011431633337519514,0.04081632653061224,0.015306122448979591,0.02562699824260518,0.012716763005780347,0.026974914775225185,0.12138728323699421,0.06353564547206166,49,0.2832369942196532,59868,11.690971883970835,18.805375049502082,159.01726637328196,11.657814478732709,12.497770890712578,11.661478018148985,11.697200933732944,237.0278776280821,0.0,False
409,409000,0.023335831618256427,0.01875,0.027379393449732534,0.17857142857142858,0.07017431972789115,0.026455026455026454,0.006349206349206349,0.017478294677340727,0.06349206349206349,0.024735449735449735,0.02445874175949364,0.014285714285714285,0.02381499789167149,0.13714285714285715,0.05381632653061223,63,0.36,59868,11.740828036177486,20.593134550897506,159.49355198999206,11.659122412188694,12.67662965004357,11.664769032748712,11.69202785852863,239.5200635305767,0.0,False
410,410000,0.036461268008887056,0.018253968253968255,0.02876676951842357,0.18253968253968253,0.0503243890148652,0.010582010582010581,0.0031746031746031746,0.007182669094816678,0.031746031746031744,0.01020408163265306,0.0278348488665949,0.013227513227513227,0.021572069377221274,0.13227513227513227,0.03695095322079449,63,0.3333333333333333,59868,11.719664339993052,20.571896143850577,159.08880375553602,11.66085376670678,12.655516894902185,11.667071110929573,11.69738255543673,239.0611885673549,0.0,False
411,411000,0.04284497801939662,0.024031007751937988,0.041222957337225974,0.20930232558139536,0.09242032730404824,0.005376344086021505,0.0016129032258064516,0.002187935055362061,0.016129032258064516,0.0016129032258064516,0.030682384805421452,0.01675392670157068,0.02855190298395078,0.14659685863874344,0.06294357184409541,62,0.32460732984293195,59868,11.721770045020063,20.387710640917824,158.36222772429298,11.658310608231304,12.655958617380225,11.662340811582904,11.696746930661694,238.14506537808703,0.0,False
412,412000,0.04858418886301683,0.030434782608695657,0.04280494696548781,0.25217391304347825,0.08065907522429261,0.014403292181069957,0.0037037037037037043,0.014110368513999987,0.037037037037037035,0.026455026455026454,0.03445841013221226,0.019387755102040816,0.030946473217679068,0.16326530612244897,0.05825842241658568,81,0.413265306122449,59868,11.718906550245434,22.958126304734037,158.4647511456011,11.659923052395605,12.596440725681779,11.65835855404529,11.70248789142403,240.7589942241273,0.0,False
413,413000,0.031889187872472045,0.023232323232323236,0.032092829307346964,0.1717171717171717,0.06185265351932018,0.006289308176100628,0.0018867924528301887,0.00381334616038769,0.018867924528301886,0.0047169811320754715,0.022962914030974113,0.01578947368421053,0.02223222005215722,0.11842105263157894,0.04193034670008354,53,0.34868421052631576,59868,11.716393367139366,19.251555888763484,159.79842099324293,11.661985075253622,12.472638870983378,11.690290640908874,11.743127152907817,238.33441198919948,0.0,False
414,414000,0.04020612102852444,0.032967032967032975,0.037256184901971204,0.27472527472527475,0.06723792080934937,0.0,0.0,0.0,0.0,0.0,0.030489641779964365,0.025,0.028252606883994835,0.20833333333333334,0.05098875661375661,29,0.24166666666666667,59868,11.733768637722797,16.058946611288704,158.60474084773702,11.67302766540146,12.311369291445606,11.695088742449954,11.736345327639786,233.81328712368534,0.0,False
415,415000,0.05458648827460709,0.04356435643564356,0.05843866777358425,0.3564356435643564,0.1323078736445073,0.008771929824561403,0.0017543859649122807,0.004161363381917477,0.017543859649122806,0.0035087719298245615,0.03805845136541339,0.028481012658227847,0.038857614923425994,0.23417721518987342,0.08584237492465341,57,0.36075949367088606,59868,11.734192713552805,20.487928651002907,160.3637689261278,11.660625788195711,12.465539343434195,11.66244679225159,11.712350768286473,240.08685298285147,0.0,False
416,416000,0.04279726709198497,0.02653061224489796,0.04152543941704228,0.24489795918367346,0.08548752834467119,0.032407407407407406,0.009259259259259259,0.029496617670988896,0.09259259259259259,0.04861111111111111,0.039106132730358734,0.020394736842105268,0.037252042217786475,0.19078947368421054,0.07238669590643275,54,0.35526315789473684,59868,11.722364497007698,19.54836445687558,159.2495760604218,11.659190216339876,12.463274676466352,11.661710319646467,11.70430280571233,238.00878303247006,0.0,False
417,417000,0.04609359877954919,0.02644628099173554,0.03606412860269138,0.2231404958677686,0.06633871179325725,0.026881720430107524,0.0064516129032258064,0.019386090041066478,0.06451612903225806,0.02598566308243728,0.03958465638793508,0.019672131147540985,0.03041364559274196,0.16939890710382513,0.05266718709341661,62,0.33879781420765026,59868,11.721015019727776,20.10250920336798,158.43530344633595,11.66113131510771,12.575309154105874,11.661483906535985,11.727843437753238,237.8845954829345,0.0,False
418,418000,0.03358378631416384,0.02,0.032133406315212644,0.192,0.06904126984126983,0.04597701149425287,0.013793103448275864,0.03408953563551733,0.13793103448275862,0.05131362889983579,0.03751169374829042,0.018032786885245906,0.03275338172820539,0.17486338797814208,0.06342267325873883,58,0.31693989071038253,59868,11.709323226305468,19.864110447229134,158.3625202026817,11.658988126758697,12.541052560738342,11.659558337984155,11.694269445805539,237.489822347503,0.0,False
419,419000,0.05066657566657567,0.030630630630630633,0.04513650699301731,0.2702702702702703,0.09045116545116545,0.0291005291005291,0.007936507936507936,0.0203914000899396,0.07936507936507936,0.026631393298059965,0.04285817949611053,0.02241379310344828,0.03617707173500641,0.20114942528735633,0.06734400656814449,62,0.3563218390804598,59868,11.718332067964244,20.477528260634536,159.28927219807653,11.660197101345805,12.494250517899875,11.65868582488072,11.718662808968272,239.01692877976998,0.0,False
420,420000,0.016112563961390537,0.013861386138613863,0.020689941433864798,0.1188118811881188,0.05056184189847556,0.025157232704402514,0.0056603773584905665,0.01584800785705802,0.05660377358490566,0.023113207547169813,0.0192253395677518,0.011038961038961041,0.019023561696392334,0.09740259740259741,0.04111523397237683,53,0.34415584415584416,59868,11.747177991378033,19.466180507299313,163.1170051242803,11.663243004403355,12.489014488650806,11.66276250670617,11.738621728249466,241.8840053509674,0.0,False
421,421000,0.028103799138281895,0.019166666666666665,0.028895200716309688,0.18333333333333332,0.0706415343915344,0.00641025641025641,0.0019230769230769232,0.005693882903189716,0.019230769230769232,0.009615384615384616,0.021545286220506752,0.013953488372093023,0.02188084881931993,0.13372093023255813,0.05219176818014028,52,0.3023255813953488,59868,11.755736457078058,23.34177216559152,166.16329327362456,11.668923045729528,12.604065190269242,11.662780014715102,11.77038586361312,248.96695601062112,0.0,False
422,422000,0.03987106123601467,0.03333333333333334,0.041534871353369716,0.24509803921568626,0.07954403983815748,0.02287581699346405,0.005882352941176471,0.013514782644647843,0.058823529411764705,0.015522875816993463,0.034205979821831135,0.024183006535947717,0.03219484178379576,0.1830065359477124,0.058203651831102814,51,0.3333333333333333,59868,11.813613296982052,23.630878077260387,174.19638226121026,11.655275019478717,12.432555684657732,11.660600225060769,11.718592925882842,257.10789749053276,0.0,False
423,423000,0.045084679153505065,0.025384615384615387,0.03562577587165697,0.19230769230769232,0.05974969474969475,0.03571428571428571,0.008928571428571428,0.026698733285788836,0.08928571428571429,0.03928571428571429,0.04226348542986913,0.02043010752688172,0.03293806412537409,0.16129032258064516,0.05358849633043181,56,0.3010752688172043,59868,11.748714681014683,19.70935119741113,162.25888694691716,11.655458008519304,12.599412779867869,11.662348492938456,11.698411336663606,241.3325834433322,0.0,False
424,424000,0.03152383262368433,0.021008403361344543,0.03303162838283814,0.16806722689075632,0.06715686274509804,0.016025641025641024,0.0038461538461538464,0.007047084467328785,0.038461538461538464,0.005608974358974358,0.026810932254688703,0.015789473684210527,0.025129895730168633,0.1286549707602339,0.04844054580896686,52,0.30409356725146197,59868,11.73004080826101,18.893281673953986,160.39737075743133,11.660164123378225,12.553752873623036,11.657790972549599,11.703198160753491,238.5955993699507,0.0,False
425,425000,0.020146400842923795,0.016814159292035398,0.023271935214626793,0.13274336283185842,0.05145736760781009,0.011627906976744186,0.002325581395348837,0.0042924580646411204,0.023255813953488372,0.0025839793281653744,0.01779835445673326,0.01282051282051282,0.01804041266687433,0.10256410256410256,0.037985856735856735,43,0.27564102564102566,59868,11.716830927946397,18.499728095255907,164.80839843466265,11.66256082965611,12.47645842686329,11.66324453764911,11.707092241936001,242.5343134939695,0.0,False
426,426000,0.028691790034382627,0.014814814814814815,0.02665666438633799,0.14814814814814814,0.058586860670194,0.03333333333333333,0.007692307692307693,0.02001336685461905,0.07692307692307693,0.022222222222222223,0.030435722487745606,0.012138728323699423,0.0241606277414725,0.12138728323699421,0.04492384622442425,65,0.37572254335260113,59868,11.780490693294453,20.98256443232305,161.84843167908747,11.660030383844887,12.567209594582796,11.662699339012871,11.711339557241018,242.21276567938654,0.0,False
427,427000,0.041800009194396484,0.025,0.03856042742244958,0.1935483870967742,0.07869623655913978,0.022988505747126436,0.006896551724137932,0.018774954033834643,0.05172413793103448,0.02832512315270936,0.03580513446944229,0.019230769230769232,0.032255166672231626,0.14835164835164835,0.06264390371533228,57,0.3131868131868132,59868,11.738557375434722,19.978129331604812,160.30916953743701,11.655039246674658,12.550604222366646,11.65965597407781,11.696204953379198,239.58736064097488,0.0,False
428,428000,0.030434172022137482,0.022018348623853216,0.030848208700098387,0.21100917431192662,0.07615771079073831,0.027777777777777776,0.006944444444444444,0.01600296450309949,0.06944444444444445,0.019675925925925923,0.029377484808911527,0.016022099447513812,0.02494291819079495,0.15469613259668508,0.05368981846882399,71,0.39226519337016574,59868,11.721019670757338,21.49652506559796,157.86212862768656,11.661286107897407,12.594045440031397,11.662364873391006,11.692596492862695,238.68996627822438,0.0,False
429,429000,0.032459494357890084,0.018181818181818184,0.027594403055509416,0.15151515151515152,0.05549242424242424,0.026881720430107524,0.0064516129032258064,0.01970555295733935,0.06451612903225806,0.026497695852534562,0.03067690681395957,0.014432989690721649,0.025073224158156097,0.12371134020618557,0.0462260677466863,62,0.31958762886597936,59868,11.74292407445099,19.919034627904896,160.1210256790414,11.658880219256318,12.63799114141484,11.66172154046241,11.694029024747476,239.43560630727833,672.2928939595363,True
430,430000,0.017172169369300893,0.015044247787610621,0.019340884260853813,0.12389380530973451,0.048658519454979635,0.03679653679653679,0.009090909090909092,0.023023081090757878,0.06493506493506493,0.02232529375386518,0.025125202484549126,0.012631578947368423,0.020833142976130724,0.1,0.03798663324979114,77,0.4052631578947368,59868,11.730924832600852,22.47507647150371,165.87710969795387,11.69614249613149,12.565470290437641,11.682398821516449,11.700593933391957,247.727716543536,0.0,False
431,431000,0.04184575345289631,0.024107142857142858,0.037333571275435365,0.1875,0.07050382653061224,0.043209876543209874,0.011111111111111113,0.030783139240192173,0.07407407407407407,0.034567901234567905,0.042289504337697105,0.019879518072289156,0.035202707842283965,0.15060240963855423,0.05881382673551349,54,0.3253012048192771,59868,11.702266608612511,19.665045751862674,162.10705615897493,11.661794756659404,12.502180095450012,11.662628160491462,11.691864318652545,240.99283585070353,0.0,False
432,432000,0.025479832058779427,0.017543859649122806,0.028311449312047043,0.15789473684210525,0.0738652186020607,0.00641025641025641,0.0019230769230769232,0.009024590885053009,0.019230769230769232,0.019230769230769232,0.019506230048398722,0.012650602409638554,0.02226978281684409,0.1144578313253012,0.05675081277490916,52,0.3132530120481928,59868,11.718831776058591,18.900881635863787,163.7007182844208,11.658505223832716,12.46276067613794,11.662532730466468,11.697770438481857,241.80200076526216,0.0,False
433,433000,0.032093440940990856,0.025,0.03156574643915182,0.1810344827586207,0.05958880678708265,0.058201058201058205,0.014285714285714285,0.03008451927767478,0.12698412698412698,0.028042328042328042,0.04128215539565143,0.021229050279329607,0.0310444206784085,0.16201117318435754,0.04848585616742041,62,0.3463687150837989,59868,11.720633630238343,20.102721777756628,164.8922549593451,11.652803230260966,12.56171508530468,11.662641455828515,11.695988493071185,244.28875863180542,0.0,False
434,434000,0.03947722029566549,0.023853211009174317,0.030082428624094572,0.21100917431192662,0.052985291976117656,0.050387596899224806,0.011627906976744186,0.031919574382523026,0.11627906976744186,0.03785529715762274,0.042563708413777664,0.020394736842105264,0.03060214748996578,0.18421052631578946,0.048705096073517126,43,0.28289473684210525,59868,11.72158168567805,17.706414655302428,161.93987805154796,11.657433000522577,12.439849719853013,11.662127354997164,11.698108149105213,238.82539261700643,0.0,False
435,435000,0.030099645210812636,0.02123893805309735,0.02914439974544638,0.17699115044247787,0.05565388397246805,0.0,0.0,0.0,0.0,0.0,0.019774766911754813,0.013953488372093025,0.019147192856020005,0.11627906976744186,0.036563307493540045,59,0.3430232558139535,59868,11.724158486006719,19.948593773078116,171.55807229143895,11.66198090576942,12.523587761464894,11.662459952432869,11.721740699854877,250.80059387004582,0.0,False
436,436000,0.05394578659666191,0.030973451327433628,0.04260120165573192,0.23893805309734514,0.07208175305520438,0.023809523809523808,0.0071428571428571435,0.013210140223616404,0.07142857142857142,0.015051020408163265,0.04395980602814277,0.023076923076923078,0.032862151713729144,0.1834319526627219,0.05318399549168779,55,0.3254437869822485,59868,11.746930681358347,19.734452184255737,170.75107962635784,11.66725256927792,12.487915102499247,11.66934730019442,11.730949971228144,249.78792743517164,0.0,False
437,437000,0.057679118108278526,0.03189655172413793,0.05131365188247627,0.28448275862068967,0.09459838533114397,0.03439153439153439,0.009523809523809525,0.022784131357661747,0.09523809523809523,0.03136810279667422,0.049482929425849025,0.024022346368715086,0.041272535720111386,0.21787709497206703,0.07234415181342556,63,0.35195530726256985,59868,11.700962633642842,25.762262835724027,163.20847232707825,11.662779135626632,12.554885165425024,11.662187373903677,11.719259159936879,248.27080863133733,0.0,False
438,438000,0.031171194196404278,0.020634920634920634,0.03148874502975669,0.1746031746031746,0.06279604434366338,0.013440860215053762,0.0032258064516129032,0.0075189591785990075,0.03225806451612903,0.008064516129032258,0.025323956394044007,0.014893617021276595,0.023583815653311073,0.1276595744680851,0.04474628503883823,62,0.32978723404255317,59868,11.738974682776181,21.3030440038009,176.6325972382826,11.669412840434322,12.61692740910092,11.66648402939341,11.76658010951237,257.3940203133007,0.0,False
439,439000,0.02730192259468463,0.022772277227722775,0.027171428202799417,0.18811881188118812,0.052263083451202265,0.01598173515981735,0.004109589041095891,0.0134762749836546,0.0410958904109589,0.022831050228310504,0.022552648555918473,0.014942528735632184,0.021425760472928313,0.12643678160919541,0.039915161466885604,73,0.41954022988505746,59868,11.781052941473025,28.045463947107272,167.7720157356316,11.662652250069016,12.550417407108938,11.66330134022564,11.682317097805317,255.15722071942082,0.0,False
440,440000,0.03490589852580802,0.015384615384615385,0.027490272819036873,0.14615384615384616,0.05764652014652014,0.03571428571428571,0.008571428571428572,0.02156443430821893,0.08571428571428572,0.025238095238095233,0.03518883404177522,0.013000000000000003,0.025416229340250594,0.125,0.04630357142857143,70,0.35,59868,11.707241425906734,21.853730743315314,165.0575854592884,11.663253119881256,12.586099203001911,11.66345588959894,11.721341307530109,246.25270714852266,0.0,False
441,441000,0.027791575254810543,0.019166666666666665,0.028682593479154427,0.175,0.07614417989417989,0.03787878787878787,0.011363636363636364,0.03057126083795153,0.11363636363636363,0.05056818181818182,0.030497900592950808,0.01707317073170732,0.029189309112002428,0.15853658536585366,0.06928232675183894,44,0.2682926829268293,59868,11.705174280271514,17.86041382727255,164.93185437395363,11.662277963467304,12.488143059083413,11.656121865918912,11.698608116339493,242.00259348630684,0.0,False
442,442000,0.04534053921766951,0.028971962616822434,0.040956130357347714,0.2336448598130841,0.08821020620086041,0.033333333333333326,0.00909090909090909,0.027681905103036166,0.09090909090909091,0.044242424242424236,0.041264018701382535,0.022222222222222223,0.036449448943846885,0.18518518518518517,0.07328287281990986,55,0.3395061728395062,59868,11.698402244825212,19.824427831605096,163.430286111238,11.663949237489257,12.498066757224425,11.662816123997333,11.728142335437619,242.5060906418169,0.0,False
443,443000,0.042745433555352354,0.02547169811320755,0.039388482551473335,0.2169811320754717,0.07886343216531895,0.024193548387096774,0.0064516129032258064,0.01452431134776693,0.06451612903225806,0.01747311827956989,0.035898904505162796,0.018452380952380956,0.030212419369153108,0.16071428571428573,0.05620748299319728,62,0.36904761904761907,59868,11.722635708713568,20.29235011816177,163.54283439419527,11.663993444835373,12.567200697879976,11.662530737019395,11.682341672536456,243.1338867733418,0.0,False
444,444000,0.023048482245131542,0.01891891891891892,0.024962918211902278,0.16216216216216217,0.05267410267410267,0.017543859649122806,0.005263157894736842,0.01219058857715967,0.05263157894736842,0.017543859649122806,0.021644618764270252,0.015436241610738253,0.021705545553377316,0.1342281879194631,0.0437147118355172,38,0.2550335570469799,59868,11.753534953196088,16.909423064787042,161.99242475931075,11.662171148438262,12.40317859736717,11.660521336331886,11.682607230181773,238.063861089613,0.0,False
445,445000,0.03702086582191103,0.021487603305785124,0.03217184899532062,0.17355371900826447,0.06679784861603043,0.01741293532338308,0.004477611940298508,0.009515660747254757,0.04477611940298507,0.011194029850746268,0.03003293314424416,0.015425531914893618,0.024097569140956725,0.1276595744680851,0.04698159405606214,67,0.35638297872340424,59868,11.733367068264556,20.723612363646172,161.69119771766717,11.657605738360498,12.548676805237967,11.659393574503518,11.699143240409548,241.71299650808942,0.0,False
446,446000,0.04019348659003832,0.026666666666666665,0.03904783400713505,0.22857142857142856,0.07937641723356008,0.013605442176870748,0.004081632653061225,0.007829574266079596,0.04081632653061224,0.009183673469387756,0.03173365427675772,0.01948051948051948,0.029114751362253777,0.16883116883116883,0.05704236239950525,49,0.3181818181818182,59868,11.715518148699978,18.89206990511594,163.76895540314018,11.669208556733256,12.415869186557792,11.653812979531274,11.694725183142296,241.81015936292067,0.0,False
447,447000,0.03505102113304632,0.023636363636363636,0.03239846637884359,0.18181818181818182,0.06378427128427128,0.037037037037037035,0.011111111111111112,0.02198249010685951,0.1111111111111111,0.027954144620811288,0.03570495319899448,0.019512195121951223,0.028968815655141512,0.15853658536585366,0.05198654665118079,53,0.3231707317073171,59868,11.733673684746758,19.508383622940386,163.72611256247615,11.662288063055136,12.50024216688239,11.670422944518034,11.689410308074466,242.49053335269332,0.0,False
448,448000,0.044128519953081355,0.021481481481481483,0.03827846982596718,0.21481481481481482,0.07480893592004702,0.027210884353741496,0.00816326530612245,0.020750419858149093,0.08163265306122448,0.03304178814382896,0.03962328003803976,0.017934782608695653,0.03361067391062431,0.1793478260869565,0.06368616287094549,49,0.266304347826087,59868,11.743572835162809,18.476057612945574,164.80926799282426,11.667486509825409,12.611984961524714,11.663534380951246,11.730941652757231,242.7028459459912,0.0,False
449,449000,0.03366543498230132,0.024,0.030180262834462183,0.19,0.0511031746031746,0.012195121951219513,0.0024390243902439024,0.014954809579645326,0.024390243902439025,0.024390243902439025,0.02742229431368888,0.01773049645390071,0.025753003377387774,0.14184397163120568,0.043335584824946524,41,0.2907801418439716,59868,11.710651980967324,17.844718001758242,165.35191305097618,11.66298626496809,12.43026887719212,11.66304143240815,11.703015760880508,242.3665953691506,0.0,False
450,450000,0.02933485385096001,0.017557251908396944,0.028496324466641524,0.16793893129770993,0.06666666666666668,0.017948717948717947,0.004615384615384616,0.018739659880317887,0.046153846153846156,0.03230769230769231,0.025558839393583815,0.01326530612244898,0.02526069590485052,0.12755102040816327,0.05527210884353741,65,0.33163265306122447,59868,11.704125962394563,20.604525879555634,162.31117274580208,11.661054633987922,12.675046321811156,11.656758875350226,11.682166965551467,242.29485138445304,0.0,False
451,451000,0.030249534416201082,0.01925925925925926,0.029194241317614337,0.17037037037037037,0.062016460905349804,0.024691358024691357,0.007407407407407408,0.012742895120896635,0.07407407407407407,0.013293650793650793,0.028661484018626875,0.015873015873015872,0.02449385668998071,0.14285714285714285,0.04809565801629294,54,0.2857142857142857,59868,11.718621819534203,19.371857953573436,165.63183073022014,11.666174036681355,12.592754897705616,11.677935115902983,11.736636416168068,244.3958109697858,0.0,False
452,452000,0.04332381444349993,0.02970297029702971,0.04595087534175118,0.26732673267326734,0.11153543925821152,0.027777777777777773,0.007407407407407408,0.02035399766202107,0.07407407407407407,0.02839506172839506,0.037907775863183835,0.02193548387096774,0.03703325344042586,0.2,0.08257040450588837,54,0.34838709677419355,59868,11.736283191482455,19.296708045526966,163.81921349033212,11.66397602668512,12.445102417504849,11.665146070136135,11.71011746721462,242.33654670888225,0.0,False
453,453000,0.02613033628886941,0.018095238095238095,0.024552374336655552,0.1619047619047619,0.053979591836734696,0.049707602339181284,0.014035087719298246,0.025769410431919677,0.12280701754385964,0.024679754942912836,0.034426041010275445,0.016666666666666666,0.02498059074054478,0.14814814814814814,0.04367038996668626,57,0.35185185185185186,59868,11.707530343740835,20.209867853643317,163.43934914062052,11.66040898041565,12.48924830941911,11.66013791191467,11.72035579202757,242.88689833178165,0.0,False
454,454000,0.031880826610846895,0.027000000000000003,0.032938109458662886,0.22,0.07228968253968254,0.024242424242424242,0.005454545454545455,0.0189311447162565,0.05454545454545454,0.026515151515151512,0.029170425770438855,0.01935483870967742,0.027967896162970296,0.16129032258064516,0.05604710701484895,55,0.3548387096774194,59868,11.747772127534972,19.90150042455174,162.96387754671792,11.659660022658723,12.460867025831934,11.66115033600368,11.694398228789815,242.0892257120888,0.0,False
455,455000,0.04084711165543988,0.02434782608695652,0.03983080967704678,0.23478260869565218,0.09142167011732229,0.03273809523809523,0.008928571428571428,0.02536417773809202,0.08928571428571429,0.0358843537414966,0.03819152733163111,0.01929824561403509,0.03509319921750604,0.1871345029239766,0.0732340109533092,56,0.32748538011695905,59868,11.71973047309205,19.23985824937857,162.48836410419355,11.6602949037925,12.551295102705694,11.672128416295724,11.71419362068493,241.04586487014302,0.0,False
456,456000,0.04342858347792558,0.030468750000000003,0.04417650888529523,0.234375,0.09432353670634921,0.05059523809523809,0.014285714285714287,0.04174042256382805,0.125,0.062372448979591835,0.045609739231020685,0.025543478260869567,0.04343509130919653,0.20108695652173914,0.08459929261559695,56,0.30434782608695654,59868,11.72621189703127,20.10656940774902,161.2338838199584,11.661626025699645,12.589350084732388,11.663927948352137,11.687459331818918,240.66902851534178,0.0,False
457,457000,0.03963509316770186,0.024999999999999998,0.03584308158481118,0.1724137931034483,0.05583607006020799,0.061224489795918366,0.012244897959183673,0.041227651835225275,0.12244897959183673,0.05442176870748299,0.04604648974214191,0.021212121212121213,0.0374421357803887,0.15757575757575756,0.055416065416065405,49,0.296969696969697,59868,11.700493188313011,18.45121285516671,161.39126718071884,11.657376707108202,12.439265768715568,11.662111003105103,11.687091064707666,238.9888177678351,0.0,False
458,458000,0.03998015200810232,0.022608695652173917,0.03503810006718244,0.2,0.07006556245686682,0.01694915254237288,0.005084745762711865,0.015356363314147156,0.05084745762711865,0.026836158192090395,0.03217079012029751,0.01666666666666667,0.028364407719888872,0.14942528735632185,0.05540731618317825,59,0.3390804597701149,59868,11.68715723014191,20.0678346417571,162.10681887343648,11.660918489003747,12.54190961723356,11.662754943173038,11.697565726248582,241.4249595209944,0.0,False
459,459000,0.045494915310328524,0.026016260162601623,0.04582481620467623,0.23577235772357724,0.11217253839205057,0.011363636363636364,0.002272727272727273,0.013935163471942236,0.022727272727272728,0.022727272727272728,0.03650224301299646,0.019760479041916166,0.03742275201162057,0.17964071856287425,0.08860612109115104,44,0.2634730538922156,59868,11.703484749783776,17.459987135481914,162.28396476844486,11.660835817578485,12.531808164448211,11.662937216105895,11.701944930817,239.00496278266016,0.0,False
460,460000,0.03056538547543045,0.019819819819819822,0.03706120046268528,0.1891891891891892,0.08876376376376377,0.03205128205128205,0.007692307692307693,0.02469351504917449,0.07692307692307693,0.03479853479853479,0.03103941383091685,0.015950920245398775,0.03311568118966344,0.15337423312883436,0.07154786249878275,52,0.31901840490797545,59868,11.716817879536823,18.941864174948364,161.2295499174299,11.65858489307614,12.49012015669404,11.661227972858956,11.682683163857789,239.38084815840205,0.0,False
461,461000,0.03152876673218468,0.022549019607843137,0.034065221004074615,0.19607843137254902,0.07692966075319017,0.016260162601626015,0.004878048780487805,0.015261096781227852,0.04878048780487805,0.027874564459930314,0.02715105505838814,0.017482517482517484,0.028673828744377294,0.15384615384615385,0.06286491286491287,41,0.2867132867132867,59868,11.715398670023024,17.084043005516357,162.5390425365192,11.658734483277478,12.418551141479828,11.662403231610385,11.682513903377156,238.76068697180344,0.0,False
462,462000,0.03616185660649742,0.031896551724137925,0.04039513975535689,0.21551724137931033,0.08632320744389708,0.02,0.004,0.011824704096460555,0.04,0.012857142857142855,0.03129382750815483,0.02349397590361446,0.031789586846050766,0.16265060240963855,0.06419487473704341,50,0.30120481927710846,59868,11.699110411461655,18.89093940961317,170.57596308063526,11.655204197227874,12.452639095827944,11.663134673975396,11.69840013888479,248.63539100762608,621.7766154271164,True
463,463000,0.032349302797750716,0.021568627450980395,0.03542514605085617,0.19607843137254902,0.08442265795206971,0.05345911949685535,0.01509433962264151,0.03620710699059229,0.1320754716981132,0.04612159329140462,0.03956749818518649,0.019354838709677424,0.035692526243153035,0.17419354838709677,0.07132616487455196,53,0.3419354838709677,59868,11.747249080276688,19.459144560224352,169.43654674317355,11.66258161743039,12.507755939278331,11.66252469715634,11.720698293457566,248.1965009309972,0.0,False
464,464000,0.05175504079650347,0.03125,0.047571039796896225,0.2708333333333333,0.10360036375661376,0.03875968992248062,0.011627906976744186,0.021565537306722747,0.06976744186046512,0.018863049095607234,0.04773489628151798,0.025179856115107917,0.03952617212007997,0.20863309352517986,0.07738666209889232,43,0.30935251798561153,59868,11.728290201115655,18.17588096056366,168.19154607462806,11.67069659951947,12.370135258357728,11.689280651094869,11.693827632552889,245.51965737783232,0.0,False
465,465000,0.05403455278352736,0.03207547169811321,0.05033019594818759,0.29245283018867924,0.10565289008685236,0.01639344262295082,0.004918032786885246,0.013966541713394546,0.04918032786885246,0.02390710382513661,0.04028540476080179,0.022155688622754494,0.037047663563023664,0.20359281437125748,0.07579365079365079,61,0.3652694610778443,59868,11.703217182856829,20.659891763266657,167.08869574598438,11.663359409094799,12.537000212711757,11.662743738372061,11.704440122564662,247.01934817485113,0.0,False
466,466000,0.03776560980508348,0.022522522522522525,0.035748177217979314,0.18018018018018017,0.07039539539539538,0.018229166666666664,0.004687500000000001,0.012667907580046248,0.046875,0.01953125,0.03062085345731962,0.016,0.02730739289324951,0.13142857142857142,0.0517936507936508,64,0.3657142857142857,59868,11.720040498944261,20.724413888173476,166.11825680461212,11.662587316010885,12.566794222290678,11.663845937842643,11.710347522994603,246.16628619086862,0.0,False
467,467000,0.03339585733819289,0.023529411764705885,0.03222718246780702,0.20168067226890757,0.06768040549553155,0.02511415525114155,0.005479452054794521,0.018612911640384273,0.0547945205479452,0.024787997390737115,0.030247085190511915,0.016666666666666666,0.027050923246964,0.14583333333333334,0.0513723544973545,73,0.3802083333333333,59868,11.720022464509206,22.32890034491175,165.13269722766287,11.663700970276913,12.575333823636182,11.661880876881469,11.737607120781979,246.82014282866038,0.0,False
468,468000,0.036937929509296294,0.025490196078431372,0.03840172435051062,0.19607843137254902,0.07712418300653595,0.04248366013071895,0.00980392156862745,0.022343149554540503,0.09803921568627451,0.02387955182072829,0.038786506383103846,0.020261437908496733,0.03304886608518724,0.16339869281045752,0.059375972611266724,51,0.3333333333333333,59868,11.742853135779384,18.878044514836212,165.5807009194876,11.665144368330772,12.4477797988215,11.663082128049451,11.708048099801083,243.68565296510602,0.0,False
469,469000,0.03491720704235942,0.019626168224299065,0.03008399554135634,0.1588785046728972,0.049569796766058445,0.05426356589147286,0.013953488372093023,0.03893635904520191,0.11627906976744186,0.05271317829457364,0.04046316324577194,0.018000000000000002,0.03262167307912541,0.14666666666666667,0.05047089947089947,43,0.2866666666666667,59868,11.720510211643553,17.787328686236226,165.86490550873913,11.658374635140078,12.453301523954185,11.66231213382829,11.698982739866137,242.8457154394076,0.0,False
470,470000,0.03681787793407035,0.023148148148148147,0.038708769843577136,0.17592592592592593,0.08181584362139917,0.01633986928104575,0.00392156862745098,0.007560154740869931,0.0392156862745098,0.0065359477124183,0.030249460064232268,0.016981132075471698,0.02871770462195407,0.1320754716981132,0.05766946191474493,51,0.32075471698113206,59868,11.728704395946865,18.75197891217095,164.14015070451148,11.659847809319945,12.482966213409053,11.662898674630329,11.742033689587927,242.16858039957657,0.0,False
471,471000,0.03577192122113997,0.01953125,0.0340723320016638,0.1796875,0.07545262896825397,0.03233830845771144,0.008955223880597015,0.018249980877205873,0.08955223880597014,0.02153518123667377,0.03459216709216709,0.0158974358974359,0.028635934435824413,0.14871794871794872,0.05692714692714693,67,0.3435897435897436,59868,11.743262198049553,25.715856869099053,170.72469807896672,11.654162980129223,12.592681169501518,11.655988096520575,11.686522407391987,255.77317179965863,0.0,False
472,472000,0.05406225278049234,0.028448275862068967,0.04898625875943467,0.23275862068965517,0.09160166940339354,0.00980392156862745,0.0029411764705882353,0.013802315471257542,0.029411764705882353,0.029411764705882353,0.03770591298480315,0.019021739130434784,0.03598349710945616,0.15760869565217392,0.06861844375431332,67,0.3641304347826087,59868,11.688442622670436,21.290104007004594,164.85806334698427,11.655940084537297,12.607040253451164,11.662565359019105,11.698563780859761,245.46071945452664,0.0,False
473,473000,0.024900029349181892,0.016101694915254237,0.025422447098157927,0.1271186440677966,0.05470473500134517,0.009389671361502348,0.0028169014084507044,0.004757173520183033,0.028169014084507043,0.004929577464788732,0.019073386930529786,0.011111111111111112,0.0176593019974372,0.08994708994708994,0.03600613084740069,71,0.37566137566137564,59868,11.719022221759467,22.240969210537976,170.60665688491127,11.662085550520619,12.557170270210971,11.662872838102967,11.723554304357563,252.17233128040084,0.0,False
474,474000,0.030491728862570348,0.021904761904761906,0.027910643142781594,0.17142857142857143,0.053461829176114896,0.010638297872340425,0.002127659574468085,0.003771048654979739,0.02127659574468085,0.002127659574468085,0.024352839016907147,0.015789473684210527,0.020446426426158654,0.125,0.03758876357560568,47,0.3092105263157895,59868,11.747878115045406,18.574835083717822,167.85710156913547,11.665942084224113,12.460663767421831,11.663124198396657,11.72497057119748,245.69451538913876,0.0,False
475,475000,0.046991492659049394,0.027619047619047623,0.046474461277171385,0.24761904761904763,0.1064474678760393,0.013888888888888888,0.0033333333333333335,0.00542133737111634,0.03333333333333333,0.0037500000000000003,0.034954182197172855,0.018787878787878787,0.031546052584060465,0.1696969696969697,0.0691029341029341,60,0.36363636363636365,59868,11.740262992096518,20.632064285514005,167.85021270236678,11.65384286283544,12.456415945896747,11.656186540434653,11.684642163070635,247.67362749221473,0.0,False
476,476000,0.04680452299848011,0.030555555555555558,0.05575464366697142,0.24074074074074073,0.13425191064079953,0.04242424242424242,0.01090909090909091,0.02173780207635649,0.09090909090909091,0.02095959595959596,0.04532651421576187,0.02392638036809816,0.044276568283635104,0.1901840490797546,0.09602444249683513,55,0.3374233128834356,59868,11.693631337933441,19.368585416915106,166.71132380675914,11.663625319749404,12.510186218284147,11.663471514211654,11.727289676660702,245.3381132905136,0.0,False
477,477000,0.0462686643536438,0.027966101694915257,0.03995629855736167,0.2288135593220339,0.07640906645143933,0.02482269503546099,0.006382978723404256,0.013407665816096105,0.0425531914893617,0.010638297872340425,0.040159812487252325,0.02181818181818182,0.03239396074621329,0.17575757575757575,0.05767436267436267,47,0.28484848484848485,59868,11.747345124643594,18.765675328866195,166.39379589603044,11.659904101235519,12.516643716972698,11.662066786474746,11.700306206077759,244.44573716030098,0.0,False
478,478000,0.03557329245570632,0.024806201550387597,0.034504358188986575,0.1937984496124031,0.06865386981666052,0.028846153846153848,0.007692307692307693,0.019239700953327356,0.07692307692307693,0.02836538461538462,0.03364063384964705,0.01988950276243094,0.030118931800841388,0.16022099447513813,0.057079277383144784,52,0.287292817679558,59868,11.720486305433209,19.03199711451864,166.15032114701555,11.663047459697928,12.595421600453127,11.6636850560764,11.726194559691372,244.55115324288624,0.0,False
479,479000,0.037933954573564965,0.02272727272727273,0.03582898251092365,0.19090909090909092,0.07146103896103896,0.021739130434782608,0.006521739130434784,0.018541910110014277,0.06521739130434782,0.03152173913043478,0.03315855771212914,0.01794871794871795,0.030731512443988838,0.15384615384615385,0.059684065934065944,45,0.28846153846153844,59868,11.742634600298008,18.31746652826427,167.15285775688315,11.660458899831472,12.458585876742866,11.657825084915308,11.696448332376708,244.6862770793118,0.0,False
480,480000,0.038924832275896104,0.021621621621621626,0.03754273814754602,0.1891891891891892,0.07203274703274704,0.028248587570621465,0.00847457627118644,0.023925268643016393,0.05084745762711865,0.03389830508474576,0.03521954734877138,0.017058823529411765,0.03281667520185633,0.1411764705882353,0.05879785247432306,59,0.34705882352941175,59868,11.735520291170086,20.020230628928214,169.21677388989642,11.656994388958841,12.548948912685653,11.663003436843123,11.699067893805593,248.54053944228795,0.0,False
481,481000,0.028901966337370404,0.01682242990654206,0.023224634861368408,0.1588785046728972,0.04365079365079365,0.04938271604938271,0.012345679012345678,0.03396855586383209,0.12345679012345678,0.04296492259455222,0.03772611913882252,0.014893617021276596,0.02785366465498308,0.14361702127659576,0.04335528537656197,81,0.4308510638297872,59868,11.692743312446963,23.90323370447811,165.1920062388512,11.655910633442957,12.550158380877917,11.66129693354334,11.70701915119421,248.36236835483467,0.0,False
482,482000,0.05036794378768457,0.030508474576271188,0.04785002838950917,0.2457627118644068,0.09659671778315847,0.015765765765765764,0.004054054054054054,0.01051241097639872,0.04054054054054054,0.01319176319176319,0.03703168767507002,0.0203125,0.033459488344872855,0.16666666666666666,0.0644510582010582,74,0.3854166666666667,59868,11.690425666649462,21.922443968910855,168.3279499380963,11.672444611338095,12.651967424615052,11.67794994735849,11.81148871672033,249.7546702736886,0.0,False
483,483000,0.026611599185128593,0.017272727272727273,0.020968848728597556,0.14545454545454545,0.03767676767676767,0.02222222222222222,0.005000000000000001,0.017645951797923366,0.05,0.024166666666666666,0.02506240731586752,0.012941176470588237,0.019796061576594904,0.11176470588235295,0.03290849673202614,60,0.35294117647058826,59868,11.7705421107811,20.524759138981775,167.6345722819439,11.657042182144917,12.462636192825393,11.659132080996116,11.704009073340572,247.41269306101373,0.0,False
484,484000,0.036015804912287244,0.018852459016393444,0.03457889805099225,0.18032786885245902,0.07106102003642988,0.01953125,0.00625,0.016719587873380303,0.0625,0.028515625,0.030343699996231408,0.014516129032258065,0.028433759065147276,0.13978494623655913,0.05642174432497013,64,0.34408602150537637,59868,11.69156248388703,20.456338172977762,168.32809241532075,11.661412144536865,12.591210216975067,11.661874909710267,11.73453770907107,248.1250280524788,0.0,False
485,485000,0.046784449133881086,0.032967032967032975,0.04737257851160608,0.2857142857142857,0.10535060177917321,0.04938271604938271,0.011111111111111112,0.046000724405674764,0.1111111111111111,0.0668724279835391,0.04775207957137824,0.02482758620689655,0.04686168112043166,0.2206896551724138,0.0910207991242474,54,0.3724137931034483,59868,11.732383511764422,19.705865545116552,165.79418089959773,11.659699813315605,12.41390323535041,11.67952042421816,11.705417266374972,244.69097069573786,0.0,False
486,486000,0.0276871697600233,0.022429906542056077,0.029936493784966323,0.18691588785046728,0.06872496662216289,0.041666666666666664,0.009375000000000001,0.0228757437993867,0.09375,0.02462797619047619,0.03291926216952725,0.017543859649122806,0.027293873907322488,0.15204678362573099,0.05222082985240879,64,0.3742690058479532,59868,11.742786875254541,20.835848631522992,164.09443308154636,11.659538497799105,12.548755896624186,11.663817472154502,11.701287080292943,244.2464675351946,0.0,False
487,487000,0.029993910067221588,0.020560747663551402,0.02492456399737355,0.18691588785046728,0.04230826286901053,0.039215686274509796,0.011764705882352941,0.02683903073589047,0.11764705882352941,0.03888888888888888,0.03297055934932095,0.017721518987341773,0.025542524780059386,0.16455696202531644,0.04120454088808519,51,0.3227848101265823,59868,11.71473733706241,18.81900470343534,169.3945041603556,11.659785615458773,12.476541002351404,11.658853371301902,11.703466293477849,247.42689248344328,0.0,False
488,488000,0.029941929236701498,0.01984126984126984,0.03023945937702657,0.16666666666666666,0.06788863693625598,0.01282051282051282,0.003076923076923077,0.012004733042025548,0.03076923076923077,0.01794871794871795,0.024115269199778643,0.014136125654450262,0.024033924236842974,0.12041884816753927,0.05089337654782681,65,0.3403141361256545,59868,11.686461169752027,21.81315465839273,170.1087178024585,11.662614468069265,12.742506203242133,11.662891271552178,11.754393652016471,251.4307392254833,0.0,False
489,489000,0.037899208313364394,0.0248,0.03209993585803632,0.208,0.06168888888888888,0.0070921985815602835,0.002127659574468085,0.0035566054248128143,0.02127659574468085,0.0035460992907801418,0.02948101379362722,0.018604651162790697,0.024300304867562454,0.1569767441860465,0.045801033591731266,47,0.27325581395348836,59868,11.730972595644374,22.84676431253685,171.47797169082824,11.656838767970523,12.480427954916774,11.65168778269332,11.694063279957255,253.53872638454732,0.0,False
490,490000,0.02529465484010938,0.014049586776859505,0.026797233387260862,0.1322314049586777,0.06076675849403122,0.033333333333333326,0.008571428571428572,0.020434055808947176,0.08571428571428572,0.025056689342403626,0.028240767376893027,0.012041884816753926,0.024465178777407677,0.11518324607329843,0.047679298595528954,70,0.36649214659685864,59868,11.68610174637208,21.931520917464752,166.15340272030377,11.666819814584727,12.572621484976953,11.657950170093635,11.700852398210948,247.3692692520069,0.0,False
491,491000,0.023075555280768854,0.014782608695652176,0.02029567440449651,0.11304347826086956,0.0340200138026225,0.015873015873015872,0.004761904761904762,0.013826643555560904,0.047619047619047616,0.023809523809523808,0.020526341894878754,0.011235955056179775,0.018006073598412557,0.0898876404494382,0.030406188692705546,63,0.3539325842696629,59868,11.716749234114143,20.71219191863982,166.25116624986725,11.664189031368455,12.650427620719551,11.665440319150179,11.70396099024751,246.3641253641069,0.0,False
492,492000,0.03453037940217427,0.018803418803418806,0.031659202735033115,0.15384615384615385,0.06198955365622032,0.03216374269005848,0.008771929824561403,0.025290555817721338,0.08771929824561403,0.0366193260930103,0.033755101858550136,0.015517241379310346,0.029572921848327535,0.13218390804597702,0.05367861704068601,57,0.3275862068965517,59868,11.74460802616517,20.165786989517763,165.67020366993478,11.656007749202836,12.491351415372387,11.662582434041058,11.68963723721661,245.0801775214506,0.0,False
493,493000,0.05088894301420554,0.030693069306930693,0.056097379755533375,0.26732673267326734,0.13904997642621406,0.007575757575757575,0.002272727272727273,0.003555141863808761,0.022727272727272728,0.0032467532467532465,0.037745631570814425,0.02206896551724138,0.040153528257354874,0.19310344827586207,0.09784072249589491,44,0.30344827586206896,59868,11.68663132254666,17.845771987559655,167.74890649239038,11.663072783552053,12.456677055946997,11.661756586331396,11.700661795802091,244.76347802412923,0.0,False
494,494000,0.02920229449155069,0.019008264462809916,0.02596024090114616,0.18181818181818182,0.054299488390397485,0.05820105820105819,0.017460317460317457,0.04341551661764689,0.14285714285714285,0.06179138321995465,0.03913121902252337,0.01847826086956522,0.03193677552146978,0.16847826086956522,0.0568646480331263,63,0.3423913043478261,59868,11.71849790204682,20.243554726712134,173.00377657325504,11.66038760808119,12.601122447081226,11.664654565826659,11.748504512201773,252.64049833520482,0.0,False
495,495000,0.034377445915907454,0.017094017094017096,0.027878437317446922,0.1623931623931624,0.052774386107719444,0.03571428571428571,0.008571428571428572,0.022345649027964567,0.08571428571428572,0.02892857142857143,0.0348778672308084,0.013903743315508022,0.025807340096785078,0.13368983957219252,0.04384814531873355,69,0.3689839572192513,59868,11.741193116435177,25.911865995820182,171.54662257451437,11.663679525680815,12.64448125289086,11.660867650059581,11.732363990227256,256.90107410562825,693.4415994503812,True
496,496000,0.04592256375702498,0.02743362831858407,0.037530213237285816,0.24778761061946902,0.06963758954909398,0.01075268817204301,0.0032258064516129032,0.005206592990277123,0.03225806451612903,0.005017921146953405,0.033462379264059934,0.01885714285714286,0.02607841634977416,0.17142857142857143,0.046743764172335604,61,0.3485714285714286,59868,11.743889831217214,20.39606580733766,173.7383618840016,11.65872637907961,12.51700296447944,11.657768299394577,11.717898154933737,253.42971332044385,0.0,False
497,497000,0.0503951527447768,0.028070175438596495,0.03967554774135986,0.24561403508771928,0.07309245335561125,0.04647435897435898,0.01346153846153846,0.035065629089899145,0.1346153846153846,0.0532051282051282,0.049166952286573626,0.02349397590361446,0.038231476838492644,0.21084337349397592,0.06686268885064064,52,0.3132530120481928,59868,11.718655401213308,18.911050607639535,177.1600435058196,11.701848419254368,12.510044939267884,11.685660558716226,11.743412750939154,255.43071618285006,0.0,False
498,498000,0.033144162559922676,0.02857142857142857,0.03400638176966471,0.2184873949579832,0.07346938775510203,0.02976190476190476,0.0071428571428571435,0.025610036973821165,0.07142857142857142,0.040674603174603176,0.032061840064556944,0.021714285714285717,0.03131955143499478,0.17142857142857143,0.06297505668934242,56,0.32,59868,11.730438900556251,19.885668111258028,171.2913478732342,11.687958735642766,12.539010916412519,11.66236468461146,11.715711519963424,250.51250074167865,0.0,False
499,499000,0.024091671795676936,0.02,0.029980009234316467,0.18095238095238095,0.07325396825396825,0.026881720430107524,0.008064516129032258,0.01739053420973859,0.04838709677419355,0.018817204301075266,0.025127498234806856,0.015568862275449102,0.02530607239884444,0.1317365269461078,0.053043912175648696,61,0.3652694610778443,59868,11.711085982635261,20.56590338680997,172.3601858935747,11.65836377582663,12.46594167270132,11.661111890506891,11.70705178084319,252.129644382898,0.0,False
500,500000,0.041042515696090444,0.025000000000000005,0.05243194494420188,0.2222222222222222,0.13151822457378012,0.03741496598639456,0.01020408163265306,0.022744874258046815,0.10204081632653061,0.029818594104308392,0.03991035050007071,0.020382165605095544,0.043166553456166226,0.18471337579617833,0.09977757557375391,49,0.31210191082802546,59868,11.693074128876768,18.668472736557696,169.37278651721343,11.657895316999344,12.40710681080226,11.6597623301129,11.690224847163421,247.1493226877258,0.0,False
501,501000,0.03648587403167924,0.020491803278688527,0.03160712077142542,0.1885245901639344,0.06231785063752277,0.005747126436781609,0.001724137931034483,0.003130030905816425,0.017241379310344827,0.003448275862068966,0.026581166473323335,0.014444444444444447,0.02243116959250696,0.13333333333333333,0.043348765432098764,58,0.32222222222222224,59868,11.69301766221209,20.197286438969343,182.1183109141228,11.681263645091366,12.71757157739195,11.664548024134525,11.70526387056503,261.77726213248707,0.0,False
502,502000,0.02888528634021304,0.022429906542056073,0.03515972790627173,0.18691588785046728,0.08305889333926718,0.0220125786163522,0.0056603773584905665,0.019966771316185766,0.05660377358490566,0.0330188679245283,0.026608701906684136,0.016875,0.030127061035805758,0.14375,0.06648313492063493,53,0.33125,59868,12.020452839475727,19.36627611806574,186.5607775994871,11.67241222478632,12.583587259112905,12.077428214116171,11.703423178244243,265.9843574332882,0.0,False
503,503000,0.0498371273265341,0.03220338983050847,0.04142748794664962,0.2627118644067797,0.0821394942157654,0.02610441767068273,0.0072289156626506035,0.020176264387407612,0.07228915662650602,0.03274526678141136,0.04003705319003825,0.021890547263681594,0.032652107073927794,0.18407960199004975,0.06174287293690278,83,0.4129353233830846,59868,11.70788457063865,24.691927008560487,184.77801522902294,11.668415266799514,12.674526125286413,11.66227810132925,11.728700433449868,268.91174673508715,0.0,False
504,504000,0.03087416816925014,0.019672131147540985,0.030070073845012656,0.18032786885245902,0.06733346344002081,0.01990049751243781,0.004477611940298508,0.00943065430820462,0.04477611940298507,0.008333333333333333,0.02698403095228492,0.014285714285714287,0.022753454220853193,0.13227513227513227,0.04641807340220038,67,0.3544973544973545,59868,11.739956870635005,21.092451535281718,174.17575026085208,11.660874406710375,12.562811617086723,11.6588783499183,11.698169426144212,254.58889246662838,0.0,False
505,505000,0.03396262485802126,0.02213114754098361,0.03651638676281473,0.20491803278688525,0.08572079104865991,0.02525252525252525,0.006060606060606061,0.010371909425787215,0.06060606060606061,0.007635882635882636,0.030904823932687557,0.01648936170212766,0.027338006421092305,0.15425531914893617,0.0583080040526849,65,0.34574468085106386,59868,11.699896228220542,20.873038920413144,173.9704935604519,11.660016109540926,12.635204933816869,11.662938017006908,11.70526882002254,254.20685658947284,0.0,False
506,506000,0.014944963103010798,0.01150442477876106,0.013366102015768714,0.10619469026548672,0.027567074027251014,0.036231884057971016,0.008695652173913045,0.018861435644868405,0.057971014492753624,0.019524959742351047,0.023015279289231978,0.010439560439560439,0.01544949773229552,0.08791208791208792,0.024518140589569158,68,0.37362637362637363,59868,11.693400442686075,21.369503828250203,171.29507269411647,11.661636657070428,12.57549100718014,11.662686293503754,11.709609112550702,251.9674000353578,0.0,False
507,507000,0.04301447018521458,0.02743362831858407,0.03604484768839872,0.23893805309734514,0.06439106616097766,0.03401360544217687,0.00816326530612245,0.02306475741079993,0.08163265306122448,0.028911564625850338,0.040291986404913056,0.02160493827160494,0.03211877099949539,0.19135802469135801,0.053659611992945326,49,0.30246913580246915,59868,11.742172316475674,18.608513139201087,172.81869263380267,11.660198688798197,12.483974868734983,11.66139042099723,11.697109247074678,250.67205131508453,0.0,False
508,508000,0.03985114720408838,0.02972972972972973,0.04264472018042986,0.22522522522522523,0.09462676962676962,0.00505050505050505,0.0015151515151515152,0.0022430447800444336,0.015151515151515152,0.001893939393939394,0.026874636570548838,0.019209039548022597,0.027579688675201396,0.14689265536723164,0.06004842615012106,66,0.3728813559322034,59868,11.721631742109274,20.84321781808951,170.3331552771886,11.6604637654949,12.600491856293306,11.661661148965052,11.700741301787222,250.52136290992786,0.0,False
509,509000,0.032698651922789854,0.019230769230769232,0.030344179014837706,0.17692307692307693,0.06398046398046398,0.0101010101010101,0.0030303030303030303,0.009165616658412184,0.030303030303030304,0.016666666666666666,0.025089241921578305,0.013775510204081633,0.023212622302980133,0.12755102040816327,0.04804826692581795,66,0.336734693877551,59868,11.72098341503669,21.394917008421555,171.53835900891866,11.655549981226532,12.584543957167016,11.655461736537198,11.678447726065633,252.2282628333733,0.0,False
510,510000,0.037107027738370026,0.02434782608695652,0.036248409058908686,0.2,0.0800103519668737,0.03551912568306011,0.00819672131147541,0.023425925546809303,0.08196721311475409,0.027868852459016394,0.036556675321472845,0.01875,0.031804252841646966,0.1590909090909091,0.061938582251082244,61,0.3465909090909091,59868,11.682142671387563,20.09556793786116,170.44466282081783,11.661378819138868,12.490580562407594,11.658626919042181,11.69327746916582,249.72623719982099,0.0,False
511,511000,0.01567866317770127,0.012389380530973451,0.016457789479613995,0.12389380530973451,0.04352085967130215,0.023474178403755867,0.007042253521126761,0.018552024872814092,0.07042253521126761,0.03004694835680751,0.01868671524862451,0.01032608695652174,0.01726589118025099,0.10326086956521739,0.03832168737060041,70,0.3804347826086957,59868,11.68826486563912,21.74676138591569,170.03593026804208,11.66013505340957,12.59010410575856,11.663278899232132,11.711390755009266,251.0958653330064,0.0,False
512,512000,0.033163549657589136,0.021904761904761903,0.030110084388775143,0.1619047619047619,0.052630385487528346,0.020833333333333332,0.005357142857142858,0.011448734055364498,0.05357142857142857,0.012967687074829929,0.02887477876219581,0.016149068322981366,0.023619179924980138,0.12422360248447205,0.03883466430050281,56,0.34782608695652173,59868,11.718912726943476,19.99250743892067,169.08753961220046,11.658158949406916,12.541777042601732,11.663064260897249,11.703249485794931,248.36520951676545,0.0,False
513,513000,0.032210679557253596,0.02285714285714286,0.03419610815894611,0.19047619047619047,0.07138321995464852,0.044444444444444446,0.011111111111111112,0.030884015323750857,0.08888888888888889,0.03703703703703704,0.03588080902341085,0.019333333333333334,0.03320248030838753,0.16,0.061079365079365074,45,0.3,59868,11.719982433350262,18.020280960151513,172.84391566205204,11.65420941043327,12.406302570600047,11.66184270542936,11.703722561817731,250.01025630383424,0.0,False
514,514000,0.041906854978541457,0.02647058823529412,0.04261884449560538,0.23529411764705882,0.09000155617802677,0.02333333333333333,0.006000000000000001,0.010819741377297354,0.06,0.009222222222222222,0.03579714391103878,0.01973684210526316,0.03215861320668826,0.17763157894736842,0.06342940685045947,50,0.32894736842105265,59868,11.722246735901276,18.83320632276031,168.35096361694778,11.658987871809856,12.379627348485522,11.658532651670495,11.690478689790895,246.29404323736614,0.0,False
515,515000,0.04706582351454886,0.03263157894736843,0.044419448009023824,0.25263157894736843,0.09204678362573096,0.04609929078014184,0.010638297872340425,0.02356672015758168,0.10638297872340426,0.024290780141843972,0.046745914792597244,0.025352112676056335,0.03751748879058874,0.20422535211267606,0.06962050078247262,47,0.33098591549295775,59868,11.689863725961036,18.278795814202773,183.63864544357344,11.68755674929578,12.47183368774385,11.708870311849529,11.830690091113594,261.30625582374,0.0,False
516,516000,0.03885286465377998,0.02393162393162393,0.041418892675699745,0.18803418803418803,0.08878035544702212,0.022388059701492533,0.005970149253731343,0.01758713618418972,0.05970149253731343,0.02462686567164179,0.0328575280678927,0.017391304347826087,0.03274102482281294,0.14130434782608695,0.06542011732229124,67,0.3641304347826087,59868,11.765310549305408,26.48973980981517,176.94481467922517,11.704914372551167,12.599911268701414,11.679935906061534,11.70654050289266,262.89116708855255,0.0,False
517,517000,0.04248743070871416,0.03495145631067961,0.050438148930923535,0.24271844660194175,0.10877639081522576,0.0303030303030303,0.00681818181818182,0.026055154920468636,0.045454545454545456,0.03409090909090909,0.03884039929476797,0.02653061224489796,0.043139837798542476,0.1836734693877551,0.08642155274808336,44,0.29931972789115646,59868,11.722640428896147,17.78397735277548,173.06264300526175,11.675943639100073,12.493366388005578,11.665675125727137,11.783966183592787,250.18821212335894,0.0,False
518,518000,0.03549834814979597,0.02288135593220339,0.030645473390345988,0.2033898305084746,0.06260088781275222,0.011695906432748537,0.0035087719298245615,0.007662222973893435,0.03508771929824561,0.01023391812865497,0.027745552847671953,0.01657142857142857,0.023159500397558583,0.14857142857142858,0.045544217687074826,57,0.32571428571428573,59868,11.749407303057735,19.89123244319768,172.77145450000918,11.654800157162581,12.512683301157956,11.670110915240617,11.701490664289826,251.95117928411557,0.0,False
519,519000,0.03984550942884277,0.02564102564102564,0.04327175793316217,0.2222222222222222,0.08917718084384751,0.011904761904761904,0.0035714285714285718,0.005045249030708178,0.03571428571428571,0.003968253968253968,0.030801105606018894,0.018497109826589597,0.030897859097685734,0.16184971098265896,0.061595100467932845,56,0.3236994219653179,59868,11.698373894225567,20.084233471745485,170.9356367331216,11.662434929560206,12.546965710458213,11.670374427508179,11.737581766924077,250.33560093354336,0.0,False
520,520000,0.05045247222042551,0.028000000000000004,0.047394384252565605,0.23,0.0898888888888889,0.025423728813559317,0.006779661016949153,0.013107502890377438,0.06779661016949153,0.013720742534301857,0.041165076868192145,0.020125786163522015,0.03467157921879767,0.16981132075471697,0.0616252370969352,59,0.3710691823899371,59868,11.747422739349922,20.179413895121677,172.62104876672458,11.662327967038033,12.469228446859715,11.671444364397265,11.725352357550012,252.07623853704123,0.0,False
521,521000,0.036400160685874976,0.023809523809523808,0.03446496100050212,0.2,0.07250944822373394,0.05,0.013333333333333334,0.03080092933730431,0.13333333333333333,0.036686507936507934,0.041345556800102254,0.02,0.03313258585024837,0.17575757575757575,0.059482924482924485,60,0.36363636363636365,59868,11.74404231379933,20.448180126586557,168.04351109703242,11.658230052280505,12.435531213550455,11.662709239662616,11.683855501959384,247.67605954487126,0.0,False
522,522000,0.05929344287187424,0.03162393162393162,0.04713203263563366,0.26495726495726496,0.08167819834486502,0.022598870056497175,0.006779661016949153,0.015737582990321897,0.05084745762711865,0.022195318805488296,0.04699242130308307,0.023295454545454543,0.03660775690226211,0.19318181818181818,0.06173791486291486,59,0.3352272727272727,59868,11.684600501188358,19.608731821718628,169.5309039121684,11.661200240098424,12.563317573682786,11.667042212254453,11.704305706544682,248.42010196765574,0.0,False
523,523000,0.060979383522956496,0.03333333333333333,0.057126929384359454,0.23703703703703705,0.1076278659611993,0.019774011299435026,0.005084745762711865,0.012006329056954401,0.05084745762711865,0.014124293785310733,0.04844785279518451,0.024742268041237112,0.04340468495489091,0.18041237113402062,0.07919121256750122,59,0.30412371134020616,59868,11.722883699882836,19.843301220873187,169.69853820783533,11.659466745278513,12.597641717460029,11.665765511870152,11.726397119438126,248.91399422263817,0.0,False
524,524000,0.05777495932336758,0.036538461538461534,0.058775441118227405,0.2692307692307692,0.11920787545787545,0.0261437908496732,0.00784313725490196,0.02577379976307294,0.0784313725490196,0.04793028322440088,0.047367284535248785,0.02709677419354839,0.04791683654330561,0.2064516129032258,0.0957552483358935,51,0.32903225806451614,59868,11.720580912200074,18.966191935032573,169.2283752738055,11.658854313117972,12.480465718833766,11.663883414031462,11.719758122030743,247.4381096890521,0.0,False
525,525000,0.04960799828754602,0.023728813559322035,0.043761037023357846,0.2033898305084746,0.07876647834274952,0.028205128205128206,0.007692307692307693,0.02558722429558538,0.06153846153846154,0.04230769230769231,0.04200588596318997,0.0180327868852459,0.037305857639176376,0.15300546448087432,0.06581663630843959,65,0.3551912568306011,59868,11.735361877929229,20.848712270787885,171.2128062962559,11.663336414252656,12.594421761463748,11.66406414385146,11.72961036496889,251.44831312950976,0.0,False
526,526000,0.0410935511013765,0.02830188679245283,0.03367102593742624,0.24528301886792453,0.05852425876010781,0.018115942028985504,0.004347826086956522,0.008105427960907477,0.043478260869565216,0.006521739130434784,0.034139800987363446,0.021052631578947368,0.025934068655058727,0.18421052631578946,0.042786654135338345,46,0.3026315789473684,59868,11.754173538131019,20.961225785098847,174.93718228053788,11.661346300761988,12.468432802198448,11.662039668597357,11.705772973158446,255.15017334848395,0.0,False
527,527000,0.03919470249631549,0.026016260162601626,0.036611425245783154,0.24390243902439024,0.07791650535552974,0.017241379310344827,0.005172413793103449,0.0099657531443406,0.05172413793103448,0.011973180076628353,0.03215993595053483,0.019337016574585635,0.02807303308068001,0.18232044198895028,0.05678549504516356,58,0.32044198895027626,59868,11.727930995159008,19.918133746021915,169.76574477128858,11.653453909021838,12.559227514558069,11.660402655572222,11.700326419894491,248.98522001151613,0.0,False
528,528000,0.026452625817417103,0.015517241379310345,0.02399342428779652,0.1206896551724138,0.04154351395730706,0.03107344632768361,0.00847457627118644,0.02158342762103107,0.0847457627118644,0.031234866828087165,0.028010502446592672,0.013142857142857142,0.02318091112585845,0.10857142857142857,0.03806802721088435,59,0.33714285714285713,59868,11.716689407859082,20.819802421495616,170.15271160053524,11.6624903442053,12.551739018068497,11.663190925575995,11.73451365954481,250.30113737728456,779.2147445502274,True
529,529000,0.03311025394358728,0.01965811965811966,0.028375557605120227,0.17094017094017094,0.05851987518654186,0.0,0.0,0.0,0.0,0.0,0.022263791444825928,0.013218390804597701,0.019080116320684293,0.11494252873563218,0.03934957124612297,56,0.3218390804597701,59868,11.703146211211601,20.218715933634222,175.24098556595536,11.65881171955041,12.496845274073687,11.660744669211853,11.701913073675074,254.6811624473122,0.0,False
530,530000,0.027488710895790542,0.01946902654867257,0.022943349803113595,0.1415929203539823,0.035921477735637024,0.01126126126126126,0.002702702702702703,0.006952558753838236,0.02702702702702703,0.009009009009009009,0.021067153286404624,0.012834224598930482,0.016615443184683776,0.0962566844919786,0.02527162380103556,74,0.39572192513368987,59868,11.691467342311856,22.395301318534067,174.559571395172,11.655740386251612,12.607220895410887,11.656359739709021,11.732568233474572,256.298229310864,0.0,False
531,531000,0.030002952602952604,0.0176,0.02927537837586254,0.144,0.06396190476190476,0.019774011299435026,0.005084745762711865,0.011602474950880612,0.05084745762711865,0.012779122948614474,0.02672302033715077,0.01358695652173913,0.023608523473286815,0.11413043478260869,0.04755003450655625,59,0.32065217391304346,59868,11.74606424411695,20.093571366425202,173.3083967957183,11.669050792167956,12.648414713212208,11.686477250832938,11.705003757883636,252.85697892035722,0.0,False
532,532000,0.03189180682264342,0.02123893805309735,0.03147717154044532,0.168141592920354,0.058270122208175304,0.042792792792792786,0.010810810810810811,0.026365435508633833,0.0945945945945946,0.03246460746460746,0.03620556597660627,0.01711229946524064,0.02945434551716163,0.13903743315508021,0.04805831423478483,73,0.39037433155080214,59868,11.73126934625457,22.027893652243336,173.7327597696181,11.66463791260619,12.631059425977087,11.664706739217268,11.733103293387614,255.1854301393042,0.0,False
533,533000,0.03541560186301228,0.02795698924731183,0.04228842345914598,0.22580645161290322,0.09275473630312339,0.013333333333333332,0.004,0.007821312100379275,0.04,0.009523809523809523,0.027694528950537117,0.01958041958041958,0.030236985921115653,0.16083916083916083,0.06365301365301364,50,0.34965034965034963,59868,11.741049423058536,18.81524569666282,172.43280058593103,11.657535002818076,12.352340743454482,11.658389305807537,11.706111771175864,250.36347252890835,0.0,False
534,534000,0.05448253561097557,0.03333333333333333,0.05826812755909366,0.26666666666666666,0.12202191987906273,0.023809523809523808,0.006122448979591837,0.014327637095585235,0.061224489795918366,0.016156462585034014,0.044722940946877274,0.02467532467532468,0.04428706241161371,0.2012987012987013,0.08833745619459905,49,0.3181818181818182,59868,11.720908855150647,18.62893494852802,173.87019340431297,11.660179570605056,12.396369705902632,11.660274502056645,11.695386368720806,251.6322473552768,0.0,False
535,535000,0.032138695455920775,0.023214285714285715,0.02927115996132556,0.21428571428571427,0.06448412698412698,0.019125683060109287,0.004918032786885246,0.010510313231154294,0.04918032786885246,0.011904761904761904,0.027550292241212675,0.016763005780346823,0.02265606371542702,0.15606936416184972,0.0459445820717497,61,0.35260115606936415,59868,11.688910624418902,20.266079002462245,175.21101976430975,11.659433658745,12.49961665347743,11.66000384172916,11.705738015149736,254.69080156029221,0.0,False
536,536000,0.06168796315704703,0.032075471698113214,0.0526821357431087,0.2830188679245283,0.10260931416591794,0.06521739130434782,0.017391304347826087,0.04351425743207705,0.13043478260869565,0.050362318840579706,0.06275607957004596,0.027631578947368424,0.049907646254243855,0.23684210526315788,0.08679772347535507,46,0.3026315789473684,59868,11.700106436779434,18.188657430473487,173.3180013739899,11.660586236972303,12.389100306570144,11.662860747052584,11.705710721454654,250.6250232532925,0.0,False
537,537000,0.01621296975052223,0.011009174311926604,0.0170509091013791,0.09174311926605505,0.040021115479831074,0.04519774011299435,0.011864406779661016,0.033715805571538,0.11864406779661017,0.05185633575464083,0.026392145056390415,0.01130952380952381,0.022903462028399185,0.10119047619047619,0.0441775321239607,59,0.35119047619047616,59868,11.71871870161989,20.279022145602845,173.6886702454754,11.658681285248162,12.46171671978602,11.660335489049878,11.703546762747985,253.17069134953016,0.0,False
538,538000,0.038787899364176245,0.025961538461538463,0.039209630878992256,0.22115384615384615,0.08082264957264956,0.019736842105263157,0.005263157894736842,0.011048113375876528,0.05263157894736842,0.013157894736842105,0.030744119632635167,0.017222222222222226,0.02731921237767673,0.15,0.052253086419753084,76,0.4222222222222222,59868,11.717794426074901,22.06727066136893,173.15512195975603,11.659144759701423,12.512438072653786,11.661694758191565,11.70522786472783,254.47869250247447,0.0,False
539,539000,0.025774189261031363,0.014912280701754387,0.02466557286232321,0.14912280701754385,0.05857351712614871,0.014925373134328358,0.0029850746268656717,0.00852878364200164,0.029850746268656716,0.00912106135986733,0.02175832914783191,0.010497237569060774,0.01869228624485611,0.10497237569060773,0.040267911952994825,67,0.3701657458563536,59868,11.722055241691898,21.03600714081777,173.07069229607896,11.662149315638803,12.585370775697324,11.664062187055624,11.707028698793032,253.4473656557734,0.0,False
