batch,interactions,strategy,recall_at_10,precision_at_10,ndcg_at_10,hr_at_10,recall_at_20,precision_at_20,ndcg_at_20,hr_at_20,mrr,id_resolution_emissions_mg,expand_embeddings_emissions_mg,scoring_emissions_mg,update_prep_emissions_mg,history_update_emissions_mg,batch_emissions_mg,update_emissions_mg,updated
1,1000,incremental,0.024417465580966677,0.01589403973509934,0.024336005773727187,0.11920529801324503,0.049101650914742966,0.01456953642384106,0.032979355375297004,0.24503311258278146,0.057206989873372915,11.723217885898881,122.44974550112943,16.716087909668158,11.654997958014235,11.657922028501876,174.20197128321257,0.0,False
2,2000,incremental,0.017214088400964066,0.009941520467836258,0.01883618621721926,0.09941520467836257,0.03701029336977797,0.01023391812865497,0.02557461657941732,0.18128654970760233,0.0547418411195501,11.697488566464216,120.63398431486462,16.625824817365704,11.657407243905253,11.659508739957081,172.27421368255688,0.0,False
3,3000,incremental,0.029598256681590013,0.01568627450980392,0.026102272022590637,0.12254901960784313,0.0408716985201991,0.010539215686274509,0.03036311384046502,0.1568627450980392,0.049684928361398956,11.747516675205002,119.06341502127937,16.433318580814774,11.65752781246798,11.660240007901175,170.5620180976683,0.0,False
4,4000,incremental,0.035153458935463164,0.018867924528301886,0.027361584959342312,0.16352201257861634,0.04459830595892654,0.013836477987421384,0.031112484246558422,0.23270440251572327,0.050418059352576546,11.747440825614829,118.04773074620034,16.52878149161364,11.657061838724665,11.658100143570197,169.63911504572368,0.0,False
5,5000,incremental,0.025061537813406514,0.013259668508287295,0.022154346451054432,0.1270718232044199,0.04357201751173152,0.011602209944751382,0.02904864070692716,0.20994475138121546,0.049992921115682515,11.699523472875505,117.16534687174446,16.38525671110859,11.655942981385424,11.659664396987315,168.5657344341013,0.0,False
6,6000,incremental,0.020438165131259758,0.012422360248447204,0.020645817180634237,0.11180124223602485,0.03702998111013033,0.011180124223602485,0.026528028993080224,0.18012422360248448,0.05066057384745729,11.740296571606134,117.23534854030365,16.491450602114202,11.654330760720727,11.6581495615037,168.77957603624844,0.0,False
7,7000,incremental,0.02872295096107888,0.014457831325301203,0.023355984083829075,0.12650602409638553,0.0477056917811691,0.01355421686746988,0.030998982415958814,0.21686746987951808,0.04374457376667456,11.689075415552333,117.4951326050294,16.409050625536096,11.655329952233894,11.660355818371437,168.90894441672316,0.0,False
8,8000,incremental,0.018847803771403087,0.014838709677419357,0.016407971756738922,0.13548387096774195,0.04193774698231404,0.015161290322580645,0.025206351798469966,0.24516129032258063,0.04077310022556203,11.742532058516518,116.66639492936837,16.418037204540912,11.657897843832037,11.661877580091979,168.14673961634983,0.0,False
9,9000,incremental,0.022671630140572163,0.011167512690355331,0.020320436551617842,0.10152284263959391,0.03557600932033205,0.009644670050761422,0.025051100338415535,0.15736040609137056,0.04337573185284991,11.720501255623816,117.45000248824253,16.490753608679015,11.654254067525313,11.655682181157871,168.97119360122855,0.0,False
10,10000,incremental,0.03522909251130667,0.01839080459770115,0.033685867315873634,0.14942528735632185,0.059900639120239844,0.016666666666666666,0.04285783637612444,0.2471264367816092,0.0694621880794081,11.731569970026106,117.79632994289535,16.218894222274923,11.658593881393609,11.659835676486578,169.06522369307658,0.0,False
11,11000,incremental,0.02284461407864618,0.016901408450704227,0.021663363371330274,0.14788732394366197,0.04029819922589329,0.01267605633802817,0.026411914835019857,0.19718309859154928,0.05121373766666576,11.720385137671107,117.11147167910553,16.2602039156458,11.655431533464082,11.660283627033026,168.40777589291957,0.0,False
12,12000,incremental,0.0241368213555678,0.014093959731543627,0.022916315838021218,0.12080536912751678,0.048356995344032476,0.015100671140939598,0.03352789104415271,0.21476510067114093,0.04886940916742276,11.720192022982804,116.21858001409358,16.40918663747132,11.65620293012374,11.653495193184558,167.657656797856,0.0,False
13,13000,incremental,0.014979177414410577,0.009326424870466322,0.013822998502193939,0.07772020725388601,0.03911124731692427,0.01139896373056995,0.023319407996804365,0.16580310880829016,0.031973367880063525,11.732229484202882,117.89558085209626,16.594272208974964,11.657217736221401,11.660330833459295,169.5396311149548,0.0,False
14,14000,incremental,0.02739500946514521,0.01435897435897436,0.01998142234707402,0.13333333333333333,0.0394421859353986,0.011282051282051283,0.025014210605797907,0.1641025641025641,0.038220869544398954,11.716673537852385,117.3401306699311,16.417788305485466,11.654666681253437,11.658863798395119,168.7881229929175,0.0,False
15,15000,incremental,0.02317479766387801,0.0125,0.02168517062502985,0.10119047619047619,0.03740895410292613,0.01130952380952381,0.02751022683684513,0.18452380952380953,0.046588628652704286,11.693527704890322,118.23925680641555,16.71624098305031,11.656533560383021,11.660655183982731,169.96621423872193,0.0,False
16,16000,incremental,0.021131239602577182,0.0089171974522293,0.01761312632831418,0.08280254777070063,0.04105885975312727,0.010191082802547772,0.02610361444371352,0.17834394904458598,0.039174798637982164,11.720677269562701,117.82975730182527,16.33241770717005,11.657003870415693,11.658467269619592,169.19832341859328,0.0,False
17,17000,incremental,0.028880715244351606,0.016233766233766232,0.024002902477199026,0.14935064935064934,0.03778833423600421,0.012337662337662338,0.027981550293441883,0.18181818181818182,0.051655796351174496,11.721681676449355,116.79165602101983,16.344619697585948,11.652481463274214,11.659643350214484,168.17008220854382,0.0,False
18,18000,incremental,0.022979413155344557,0.015168539325842698,0.02403539565666914,0.12921348314606743,0.0411323933803236,0.012359550561797755,0.029449717401930295,0.1797752808988764,0.05929222551739684,11.73946501316662,117.56509934715596,16.6745658136732,11.66349009641297,11.70700102987466,169.34962130028342,0.0,False
19,19000,incremental,0.030157280024607394,0.019021739130434784,0.027597155005596896,0.15217391304347827,0.044432841419734005,0.013043478260869565,0.031145630207871134,0.20652173913043478,0.060742274268447034,11.718547323508535,119.51017151476916,16.6079655678315,11.655260457279613,11.660005320021476,171.1519501834103,0.0,False
20,20000,incremental,0.038069489154624554,0.017777777777777778,0.03250607831029051,0.15555555555555556,0.061332248107038675,0.013888888888888888,0.04043032405091362,0.2222222222222222,0.06217045185827435,11.705828008335383,116.92651238071235,16.384374524636495,11.69436425794675,11.661170205103968,168.3722493767349,670.4325488511793,True
21,21000,incremental,0.01789608180805964,0.012222222222222223,0.015719429278621598,0.1111111111111111,0.02937339006073021,0.01,0.020229333915220207,0.15555555555555556,0.03552074468741135,11.781879665590141,128.68812688057037,18.581829527324587,11.661391071422257,11.664107635305822,182.37733478021318,0.0,False
22,22000,incremental,0.030218813645779937,0.015730337078651686,0.022529484110698068,0.1348314606741573,0.059808403207279606,0.01601123595505618,0.03447214970800019,0.2303370786516854,0.04668448369617187,11.804232671063646,129.54800346037885,16.357537001326047,11.653872430673202,11.662348879587503,181.02599444302928,0.0,False
23,23000,incremental,0.035967902366671176,0.017333333333333333,0.026528965624831313,0.14666666666666667,0.04279003075423504,0.011333333333333334,0.028818222899712385,0.18,0.044537037037037035,11.739207796290785,122.0986642176871,16.553346161800494,11.660172223810008,11.662955636888157,173.71434603647657,0.0,False
24,24000,incremental,0.03221356944229317,0.019205298013245033,0.033430493370376936,0.17218543046357615,0.04603952569855516,0.0152317880794702,0.038666403114488504,0.23178807947019867,0.0763415079055905,11.751928424176898,122.37115383607541,16.864094459403088,11.662480884128481,11.663629839260038,174.31328744304392,0.0,False
25,25000,incremental,0.03413786562065914,0.019871794871794874,0.03323790883750725,0.17307692307692307,0.04971932831750645,0.015064102564102564,0.03852896170596675,0.23076923076923078,0.07227265517706694,11.757035631223927,120.60257439679839,16.75102407363606,11.660785122873108,11.662271610848354,172.43369083537985,0.0,False
26,26000,incremental,0.017378948212281548,0.007777777777777778,0.01269174548033432,0.07222222222222222,0.03258423675090342,0.008611111111111111,0.01976325902676248,0.15,0.02535908762624449,11.748719893087642,119.84207078144776,16.657002298505788,11.656535503828426,11.662688690954916,171.56701716782456,0.0,False
27,27000,incremental,0.02692514635560081,0.019230769230769232,0.026712233287029978,0.15384615384615385,0.040174988354252046,0.016923076923076926,0.03207334016951766,0.25384615384615383,0.06364031267877422,11.72685017840347,119.42628634305663,16.41300536577451,11.655349524668061,11.65879966467335,170.88029107657601,0.0,False
28,28000,incremental,0.020166603269370066,0.011111111111111112,0.018922954428870258,0.09595959595959595,0.027045559271133092,0.007828282828282828,0.021473308018971436,0.12626262626262627,0.04374799272890088,11.69947705486566,119.48826036384513,16.76946801779707,11.657531159295353,11.66035857782903,171.27509517363222,0.0,False
29,29000,incremental,0.012289727890750909,0.006951871657754011,0.01074870203148549,0.06951871657754011,0.02798229366435119,0.008823529411764706,0.017500068400295884,0.13903743315508021,0.0246062007762973,11.710259357336668,120.05021121355188,17.009821057793058,11.656989245293833,11.660244639846717,172.08752551382216,0.0,False
30,30000,incremental,0.02659098148228583,0.015217391304347825,0.022242153239938677,0.14130434782608695,0.04820384929080581,0.012771739130434783,0.030485599058794187,0.20652173913043478,0.045582889332889336,11.7239025347873,118.8453674537994,17.029725138565517,11.66044517353186,11.663189453567716,170.9226297542518,0.0,False
31,31000,incremental,0.025412292976631213,0.017499999999999998,0.023105503102104758,0.14375,0.04090016141946289,0.015,0.02897986931274855,0.2125,0.05252529816674554,11.744091499143495,119.82486224446954,16.66627370085043,11.654388421547361,11.659691076995777,171.54930694300663,0.0,False
32,32000,incremental,0.024579009339426004,0.017777777777777778,0.02502381856624178,0.12777777777777777,0.03930969917428251,0.013333333333333332,0.0298245736848964,0.18333333333333332,0.05265359867075554,11.689558935500804,118.57572216472482,16.624657774201232,11.65508037511212,11.658923675932076,170.20394292547107,0.0,False
33,33000,incremental,0.02995258467126434,0.014594594594594595,0.028093226735242945,0.12432432432432433,0.06289086436889692,0.015675675675675675,0.040822766717991905,0.23243243243243245,0.06283615648940725,11.687403306786214,119.78454138345494,16.68323986704981,11.660093334874693,11.659353035622239,171.4746309277879,0.0,False
34,34000,incremental,0.02958059346512847,0.017171717171717175,0.023795666481208906,0.14646464646464646,0.04882431270884772,0.012878787878787878,0.030302384132313807,0.2222222222222222,0.048829084836801324,11.74422825783554,119.43531409697692,16.441237717807095,11.654889089550077,11.657675100459029,170.93334426262865,0.0,False
35,35000,incremental,0.03327699541462167,0.015568862275449102,0.02971827863772048,0.1437125748502994,0.04983928806598105,0.011976047904191617,0.035516072884046616,0.20359281437125748,0.05856200763738628,11.702294641847098,118.89346340585895,16.52539548008952,11.653988568336056,11.660958030451987,170.4361001265836,0.0,False
36,36000,incremental,0.03047435714407733,0.0189873417721519,0.028290041631432058,0.1518987341772152,0.059006566847173106,0.01677215189873418,0.038538872641148,0.24050632911392406,0.061033109221816755,11.715795872292365,118.42400626097937,16.760674371783455,11.657446948550206,11.661569865152078,170.2194933187575,0.0,False
37,37000,incremental,0.014383278465556947,0.011392405063291141,0.018357251875679968,0.10759493670886076,0.025026854299006196,0.009493670886075951,0.021395523774202795,0.17088607594936708,0.053758046855540684,11.711235385178549,118.93351093982766,16.62840294955857,11.656242646594302,11.660361246617832,170.5897531677769,0.0,False
38,38000,incremental,0.022936048956810198,0.011176470588235295,0.020682564992201675,0.10588235294117647,0.04094725343860292,0.01,0.027109009462321816,0.16470588235294117,0.050803200067905945,11.705198768235253,119.96661453297746,16.399824418743616,11.655917771774549,11.66066303204087,171.38821852377174,0.0,False
39,39000,incremental,0.023513581934634563,0.01393939393939394,0.021996076682312342,0.11515151515151516,0.040336573757626386,0.012121212121212121,0.027873826098022615,0.19393939393939394,0.04581968783840442,11.737214119608709,119.11477415525555,16.622054194465747,11.657353588233333,11.659145105333799,170.79054116289714,0.0,False
40,40000,incremental,0.01554411328840291,0.011764705882352941,0.015467426652643808,0.1,0.04152140734886126,0.012941176470588237,0.025214264088703812,0.18823529411764706,0.03716916948568743,11.72692956850213,119.08237739029909,16.878964941880422,11.711058669550308,11.662418883071416,171.06174945330335,492.23257543056735,True
41,41000,incremental,0.029760631525337408,0.017272727272727273,0.024851260360296366,0.14545454545454545,0.03984438219732337,0.014545454545454545,0.029912478718371913,0.2,0.0427050727050727,11.784580724644513,129.23377766422237,18.00114124299486,11.658771168624945,11.66232909428043,182.34059989476714,0.0,False
42,42000,incremental,0.025006237124184406,0.013812154696132596,0.022458683055566826,0.11049723756906077,0.0339958969425735,0.00994475138121547,0.02562411500792951,0.143646408839779,0.04777179767836252,11.746862139878564,123.8361637054021,17.496927778599265,11.657280088124555,11.663086837242556,176.40032054924706,0.0,False
43,43000,incremental,0.02335637988035125,0.014556962025316455,0.02082649924682229,0.13291139240506328,0.04216540137924616,0.012025316455696204,0.027735621538353787,0.21518987341772153,0.051051406024316244,11.74157317527895,124.41203037516848,18.52631341043784,11.658765693074377,11.67165081613665,178.0103334700963,0.0,False
44,44000,incremental,0.020301697149448013,0.010588235294117648,0.021135396316997908,0.09411764705882353,0.03135593453067501,0.010588235294117648,0.02583985885613673,0.15294117647058825,0.05048850083019633,11.775169994530932,123.38780739934961,17.606273399193782,11.65822240722751,11.66096723126918,176.088440431571,0.0,False
45,45000,incremental,0.03028944354115258,0.019205298013245036,0.025968840083404277,0.16556291390728478,0.03688562528153428,0.013245033112582781,0.02756763792762622,0.2052980132450331,0.05076784878109381,11.742408553595817,123.3817086580321,17.909566405495404,11.659573961694814,11.661126936816576,176.3543845156347,0.0,False
46,46000,incremental,0.020105112752171576,0.011229946524064172,0.01941480265728152,0.10695187165775401,0.03818719406954701,0.010427807486631017,0.026563926956413582,0.1711229946524064,0.04801623876804751,11.745222856823778,123.34905133729035,18.65494419065611,11.658841727940281,11.663139373363842,177.07119948607436,0.0,False
47,47000,incremental,0.022458543116806423,0.015476190476190477,0.019700042243492505,0.13095238095238096,0.0415260215067638,0.013095238095238096,0.027406013745689708,0.20238095238095238,0.04409707356135927,11.79046095810439,124.56027827264029,16.7041169483427,11.658415742672387,11.659255796298007,176.37252771805777,0.0,False
48,48000,incremental,0.02658299749412282,0.015294117647058824,0.02745109290297484,0.12352941176470589,0.044035777838997335,0.013823529411764703,0.034497426026182096,0.20588235294117646,0.06339192849482414,11.74662190548889,122.85042892583829,16.65640310031212,11.657390367854347,11.660673368803568,174.57151766829722,0.0,False
49,49000,incremental,0.01969845513963161,0.009375,0.016800201026579958,0.0875,0.03786067907704934,0.01125,0.025239700904621666,0.19375,0.04375566107546565,11.69687559644285,124.032821307931,17.018850615561217,11.656545500948745,11.660728963979599,176.0658219848634,0.0,False
50,50000,incremental,0.031177285047254085,0.019298245614035085,0.0328114820845985,0.15204678362573099,0.04906831429997245,0.014912280701754387,0.03885259967368729,0.2222222222222222,0.07672585603442156,11.748134584654846,124.05412046541908,16.736980723323565,11.657386646529016,11.660899187001043,175.85752160692752,0.0,False
51,51000,incremental,0.053092495401107845,0.027272727272727275,0.05451248201153815,0.23076923076923078,0.07586489843666877,0.02097902097902098,0.06305290361321902,0.3146853146853147,0.11601442385990655,11.72164910250191,122.49672928706968,16.720347217292694,11.654966992962965,11.65953456847349,174.25322716830073,0.0,False
52,52000,incremental,0.030192715898464523,0.018954248366013074,0.0254801006951059,0.16339869281045752,0.05236269321863491,0.016339869281045753,0.03402731770164567,0.24836601307189543,0.0567099137532574,11.722269898081784,122.77304470103938,17.128404199640705,11.657560062636879,11.663138123724561,174.94441698512333,0.0,False
53,53000,incremental,0.018539675522434143,0.011794871794871794,0.019239335458919843,0.1076923076923077,0.0340982835810422,0.009743589743589742,0.024843574343841792,0.15897435897435896,0.04800357709026439,11.724010855303918,122.42829127839978,17.020426788080105,11.656893488191933,11.661007200033588,174.49062961000934,0.0,False
54,54000,incremental,0.017850346838577644,0.012244897959183673,0.015393380631354646,0.10204081632653061,0.04112642627266127,0.015306122448979591,0.025400242339836492,0.22448979591836735,0.037685241005516484,11.72513431699218,122.48781665233528,16.83314073823612,11.659839594915095,11.662251009531694,174.3681823120104,0.0,False
55,55000,incremental,0.028450605011368053,0.016571428571428574,0.023632557252022804,0.15428571428571428,0.04482462554279029,0.013714285714285717,0.0290659003277608,0.21142857142857144,0.05322050113138128,11.725924081485568,122.90645900389293,17.141567795943974,11.658142682571814,11.668797604563395,175.1008911684577,0.0,False
56,56000,incremental,0.02776147499868349,0.015976331360946748,0.027328243088821768,0.1301775147928994,0.038967291973731236,0.010946745562130178,0.03075274696439668,0.17159763313609466,0.0634158953163478,11.8089574169776,121.1313184815918,16.858115632553684,11.655825755706173,11.65755659360626,173.11177388043552,0.0,False
57,57000,incremental,0.026279821908406078,0.01542857142857143,0.021488147629039108,0.12571428571428572,0.04536760391386362,0.012857142857142857,0.027549082008040432,0.18857142857142858,0.04560825598795524,11.695031908579011,120.18529169132569,16.725992749079545,11.654932917611049,11.660079983046371,171.92132924964167,0.0,False
58,58000,incremental,0.021001735179632035,0.015000000000000003,0.016541775501782558,0.125,0.04064162321768941,0.0140625,0.024056455742876553,0.2125,0.033710778707876234,11.720949206170047,121.20987439622095,16.852103832147233,11.657540643942795,11.656992359538807,173.09746043801985,0.0,False
59,59000,incremental,0.023234191195356246,0.010679611650485438,0.019862570750045844,0.10194174757281553,0.050489931679252066,0.011893203883495147,0.030657643089085272,0.19902912621359223,0.048457133614863035,11.725736899628746,121.14216545863927,17.076806779854277,11.658104771574557,11.671291195808342,173.2741051055052,0.0,False
60,60000,incremental,0.022013752876860478,0.013855421686746989,0.024004887806495057,0.1144578313253012,0.03590035429072612,0.011746987951807229,0.030009697860800717,0.1746987951807229,0.058403894059364234,11.745021625389484,120.88065827567905,16.874834906907555,11.71212234957371,11.659772000042686,172.8724091575925,588.8060988819745,True
61,61000,incremental,0.02044278027857883,0.016339869281045753,0.019709052132293795,0.13725490196078433,0.03961914041353802,0.016339869281045753,0.027679700186962718,0.22875816993464052,0.04414220051854363,11.784200227052747,134.1436133246391,16.497856642608276,11.655788234973125,11.659898517209221,185.74135694648245,0.0,False
62,62000,incremental,0.014312169312169313,0.008333333333333333,0.013448767852164692,0.07777777777777778,0.03116732804232804,0.008611111111111111,0.01957623809690778,0.16111111111111112,0.037371652708985015,11.70077606532996,122.52790717588897,16.67782900228315,11.65786231385052,11.659580891875201,174.22395544922782,0.0,False
63,63000,incremental,0.023746840846130227,0.016778523489932886,0.029288166114020197,0.11409395973154363,0.045350770024854714,0.016778523489932886,0.03792248422061145,0.20134228187919462,0.07010788702458659,11.720869970333405,122.33982014158914,16.474719984820723,11.65338830758783,11.657621208263635,173.84641961259473,0.0,False
64,64000,incremental,0.023893825187898707,0.013978494623655916,0.02460934915387598,0.12365591397849462,0.03845369035260258,0.010483870967741936,0.029399090930275217,0.17204301075268819,0.06027143789552658,11.688750481598023,123.23063817747635,16.662922042210564,11.655014912907019,11.658061901434827,174.89538751562677,0.0,False
65,65000,incremental,0.019253166628893755,0.01092896174863388,0.01738113946482254,0.10382513661202186,0.04053172110416954,0.011202185792349727,0.026307212093184585,0.19672131147540983,0.04448975040572767,11.702501628721787,121.25233391395602,16.86567909354661,11.660992831145563,11.661507016548153,173.14301448391814,0.0,False
66,66000,incremental,0.01571314222176291,0.009770114942528737,0.015043211595338639,0.09770114942528736,0.03125318965836207,0.009482758620689657,0.020784488903454655,0.1724137931034483,0.04185788315512347,11.723057612692337,120.96480089906873,16.83027312659492,11.655990546541664,11.659431703800113,172.8335538886978,0.0,False
67,67000,incremental,0.030558793058793058,0.01730769230769231,0.027982361425287695,0.14743589743589744,0.045901700388879876,0.013461538461538462,0.03286869283866184,0.1858974358974359,0.05522891460391461,11.717314390216615,122.61862444208106,16.570349812014896,11.657556380731403,11.660700182844138,174.22454520788807,0.0,False
68,68000,incremental,0.027845322526173586,0.013829787234042554,0.02118608273861676,0.12234042553191489,0.043399611617696725,0.010904255319148935,0.027458797347482876,0.17553191489361702,0.038471425380020005,11.747073774466891,121.37805018078845,16.62976124367811,11.65666431134256,11.660702295799782,173.07225180607577,0.0,False
69,69000,incremental,0.03377550914559089,0.019186046511627905,0.029288532308044853,0.1744186046511628,0.0516239308474544,0.016279069767441864,0.03619600128741065,0.23837209302325582,0.06557872547009634,11.721261631897697,120.90696067169893,16.548254299241297,11.652328545991644,11.66132549157775,172.49013064040733,0.0,False
70,70000,incremental,0.015079232072696125,0.00915032679738562,0.010994225169034082,0.08496732026143791,0.030358760097322187,0.010457516339869282,0.01800837100484569,0.1568627450980392,0.024135731733770947,11.686685430091492,120.83668805749383,16.490150301447585,11.658595462168616,11.660290352221574,172.33240960342312,0.0,False
71,71000,incremental,0.020830143772216942,0.012195121951219513,0.021352313231202784,0.11585365853658537,0.034806360644775276,0.010365853658536586,0.02638675395812575,0.17682926829268292,0.05632900234670981,11.719196998247888,122.2537602455203,16.840841538069,11.65727292930588,11.661563793098628,174.1326355042417,0.0,False
72,72000,incremental,0.018228443744748093,0.015000000000000001,0.01776919613874473,0.12857142857142856,0.03915325370181611,0.013571428571428573,0.02457357018007847,0.2,0.039709320637836776,11.725906681135308,120.74123805430082,16.654908110083287,11.657416598465781,11.659645687868425,172.4391151318536,0.0,False
73,73000,incremental,0.024409342115224462,0.011351351351351352,0.019229899993858133,0.10810810810810811,0.033420992863717316,0.008648648648648649,0.022596161462443937,0.14594594594594595,0.038339438339438335,11.748207438263409,121.37477858865931,16.771728492098738,11.65468765312698,11.657617400210803,173.20701957235923,0.0,False
74,74000,incremental,0.031794872008369154,0.019161676646706587,0.025303290363249097,0.15568862275449102,0.04788630368421176,0.014670658682634731,0.03138618177998151,0.2155688622754491,0.047130175738748066,11.688544973006977,121.63546677647005,16.812008810826796,11.658007666280264,11.660447984236654,173.45447621082076,0.0,False
75,75000,incremental,0.021064982260063172,0.013888888888888888,0.023466920310432363,0.125,0.03978476761587794,0.013888888888888888,0.030351938260187686,0.2222222222222222,0.06467913157557764,11.725616189150676,122.0817327946197,16.576056706052096,11.65911500091571,11.663094634680599,173.70561532541876,0.0,False
76,76000,incremental,0.029727315168491638,0.015294117647058824,0.022713500859906293,0.13529411764705881,0.04841190439394137,0.013529411764705882,0.030043395763185394,0.21176470588235294,0.04320337221106661,11.745934761261957,120.22166314393581,16.719484756675882,11.655919971455958,11.659693942888197,172.0026965762178,0.0,False
77,77000,incremental,0.026686266293007868,0.015168539325842698,0.025646775833253584,0.12359550561797752,0.03803208568988476,0.011797752808988765,0.02999545567128243,0.15168539325842698,0.054899940057739134,11.719476022721553,121.13771427091184,16.492718444010777,11.655997275676274,11.659797059856286,172.66570307317673,0.0,False
78,78000,incremental,0.020809082892416224,0.011111111111111112,0.017276444741991172,0.09444444444444444,0.03223434744268077,0.009722222222222222,0.02248666269460837,0.1388888888888889,0.03833267268316288,11.719058911077717,120.67480959650212,16.79926762408919,11.655944495146327,11.660151374140796,172.50923200095616,0.0,False
79,79000,incremental,0.01842774411757549,0.011650485436893206,0.015236840306555005,0.11650485436893204,0.03154715229844535,0.010194174757281555,0.020825218787178374,0.1941747572815534,0.0364791925956223,11.714318474215224,121.8562765271762,16.486351123830982,11.655369475543214,11.660002024439786,173.37231762520543,0.0,False
80,80000,incremental,0.013612563487830773,0.008743169398907104,0.013556010024244136,0.060109289617486336,0.021611157422576563,0.006830601092896175,0.01604743750821653,0.09289617486338798,0.029754420789415464,11.699941739547887,121.65798960667509,16.89590067939853,11.711502717434708,11.656999175397448,173.62233391845368,544.7169163581324,True
81,81000,incremental,0.022499183422214686,0.02030075187969925,0.021352710011146924,0.14285714285714285,0.04096098205312806,0.01842105263157895,0.027515529621176222,0.24060150375939848,0.04046232896299238,11.771445862836933,132.19991081959634,18.317920836240926,11.660407014186386,11.66544609812123,185.6151306309818,0.0,False
82,82000,incremental,0.028704930148679423,0.01858974358974359,0.02569480636470808,0.16666666666666666,0.0465088329796908,0.016025641025641024,0.0324135276319204,0.24358974358974358,0.057287790733253935,11.789303424686315,135.29014246486602,16.517195739609164,11.656084391731964,11.658248472271731,186.9109744931652,0.0,False
83,83000,incremental,0.029159805452971033,0.013836477987421384,0.02613881474807337,0.1320754716981132,0.04838680028930345,0.012264150943396227,0.033157017708887,0.20754716981132076,0.059153154023619585,11.71055453645653,124.16760344804295,16.92614603259618,11.65656512857119,11.66006788479862,176.12093703046548,0.0,False
84,84000,incremental,0.0113526492886958,0.011046511627906977,0.014662062012712158,0.0872093023255814,0.0259491851138118,0.010755813953488373,0.019545751370830724,0.1686046511627907,0.045846902730272664,11.711790840227692,123.66091394006712,16.960594123895806,11.655850567168086,11.657447993203284,175.64659746456198,0.0,False
85,85000,incremental,0.03646356816730186,0.018181818181818184,0.0287614944753959,0.1497326203208556,0.048027629528523456,0.012299465240641712,0.032382566284259194,0.18716577540106952,0.05301213195598223,11.687882612645971,122.59607764068467,16.973224109279734,11.655004084010212,11.657917152147618,174.57010559876818,0.0,False
86,86000,incremental,0.025055494582456712,0.016149068322981366,0.02477604369371379,0.13043478260869565,0.04263460529018291,0.013664596273291927,0.030598465844271144,0.20496894409937888,0.05317660799844519,11.686180256292866,122.9011298741825,17.150305558783636,11.65338781482575,11.659931110335336,175.0509346144201,0.0,False
87,87000,incremental,0.026649052899052898,0.015882352941176472,0.023136193970406286,0.12352941176470589,0.052400899092075556,0.015,0.03288082776301645,0.2235294117647059,0.04931030449446949,11.720650309667013,123.62271471082556,19.574873886561704,11.654476227470484,11.657987624737187,178.23070275926196,0.0,False
88,88000,incremental,0.024675535640447922,0.013450292397660818,0.016573625834215972,0.1111111111111111,0.03947073069880088,0.011403508771929825,0.022792488756137878,0.1871345029239766,0.03339146173592972,11.692006467466099,124.71339933445292,17.09530901104414,11.653207854862153,11.658732212978945,176.81265488080427,0.0,False
89,89000,incremental,0.01778378106475649,0.012195121951219513,0.015812220379295312,0.12195121951219512,0.030027207832647864,0.010060975609756098,0.02035007407849135,0.1951219512195122,0.03948202221063356,11.700965971160604,124.55448311127215,17.09111666629154,11.655675960550727,11.658698547599434,176.66094025687445,0.0,False
90,90000,incremental,0.024372162836810898,0.015662650602409643,0.02646985099936559,0.14457831325301204,0.04459111518402804,0.015361445783132529,0.03405912438576104,0.2469879518072289,0.06917247929291459,11.695914000561803,123.72639240540786,17.186526628864414,11.655889164088883,11.657295718479205,175.92201791740217,0.0,False
91,91000,incremental,0.018160542634226843,0.011351351351351352,0.016388316924126848,0.10270270270270271,0.033630510310076876,0.010810810810810811,0.022083101661081368,0.17297297297297298,0.04076591300275511,11.715769129210656,123.24447718310358,17.38104964700213,11.655023818068349,11.6606411974772,175.6569609748619,0.0,False
92,92000,incremental,0.02674948383109112,0.014084507042253521,0.022011958974077907,0.11971830985915492,0.04224961474132973,0.011971830985915494,0.027361074273590608,0.19718309859154928,0.04357381951106061,11.720111395590454,123.09467497703328,17.02898296139857,11.65946456105002,11.660683160934216,175.1639170560065,0.0,False
93,93000,incremental,0.01773916031058888,0.010285714285714287,0.018093136938101627,0.08571428571428572,0.03813845942417371,0.009714285714285715,0.025088095720037003,0.1657142857142857,0.0429034854034854,11.716024899875721,123.78428952074249,16.689130176543443,11.65758623285565,11.659725770000323,175.50675660001767,0.0,False
94,94000,incremental,0.03070316581150257,0.01502890173410405,0.027433922247693504,0.13872832369942195,0.049597640749840154,0.012427745664739887,0.03381288026018966,0.2138728323699422,0.06491820579626374,11.725690469793076,123.48026980011501,16.794529137258845,11.65617679806455,11.657889916309033,175.31455612154053,0.0,False
95,95000,incremental,0.016240983186993137,0.012765957446808512,0.012873288582528897,0.12056737588652482,0.03962924106573254,0.01347517730496454,0.022409548087133063,0.2198581560283688,0.030663215707020457,11.73799631186412,127.11564943241812,16.737722205711208,11.656926361208741,11.65742640636333,178.90572071756552,0.0,False
96,96000,incremental,0.027290697726822057,0.01524390243902439,0.02548689675096874,0.13414634146341464,0.04460410810939009,0.014024390243902441,0.03192632235784006,0.2073170731707317,0.06461421592599384,11.685988738144303,122.51105384009087,16.759758775023588,11.656479975669098,11.660500863316242,174.27378219224408,0.0,False
97,97000,incremental,0.021070354817982903,0.016875,0.02175242975006404,0.13125,0.03842334120873151,0.014687500000000001,0.027552397500619684,0.21875,0.05068763344498638,11.718278355291044,123.35020653555725,16.81719710387719,11.653645824061254,11.658000684852677,175.1973285036394,0.0,False
98,98000,incremental,0.024587603754270423,0.015000000000000001,0.019676282760167637,0.13333333333333333,0.04381399464732798,0.014166666666666666,0.027575792593404827,0.2111111111111111,0.04426273514831307,11.687444391159097,123.12493121799731,17.01744704749389,11.65475774727795,11.661462266037564,175.14604266996585,0.0,False
99,99000,incremental,0.03237670673152685,0.015544041450777202,0.027404293894277662,0.12435233160621761,0.05175240624915022,0.01321243523316062,0.03528661455833651,0.19170984455958548,0.05381974818503316,11.715003246384747,124.43804074967201,17.371188180254766,11.662474296913333,11.665230347998602,176.85193682122346,0.0,False
100,100000,incremental,0.03344210627099953,0.01885714285714286,0.031133449304315906,0.14857142857142858,0.058725330671870996,0.014857142857142857,0.03901816210752103,0.21142857142857144,0.06654650344986479,11.763399915896978,131.17655987901836,17.426268276207747,11.682868174604094,11.65899768457157,183.70809393029873,637.6073485915741,True
101,101000,incremental,0.021725502166678633,0.011764705882352941,0.01651547648255113,0.1,0.043577180288738804,0.012941176470588237,0.025549447345750684,0.2,0.03605043348464401,11.833635269343363,138.2355831781555,23.894820881192878,11.658173422923051,11.662351966236495,197.2845647178513,0.0,False
102,102000,incremental,0.02452385151771655,0.018404907975460124,0.022056336717952502,0.15950920245398773,0.04130324061305656,0.014110429447852763,0.027060605253196035,0.20245398773006135,0.044497850479445565,11.712519750808891,135.70999360546995,16.765334884982774,11.658888114416538,11.66343150131588,187.510167856994,0.0,False
103,103000,incremental,0.02969537018032363,0.016778523489932886,0.023056808682104312,0.11409395973154363,0.04429041310507427,0.016107382550335572,0.029907819760694936,0.2214765100671141,0.04272712745867108,11.790910619514927,132.06695222901104,18.997156718561502,11.658731700503466,11.664305803741476,186.17805707133243,0.0,False
104,104000,incremental,0.032154195011337865,0.017142857142857144,0.024404820783550905,0.14285714285714285,0.053094104308390025,0.014285714285714285,0.032470717498526674,0.19428571428571428,0.04488534481391624,11.741513861733555,133.3691276746013,16.905335251157783,11.656456271935678,11.657980446208583,185.3304135056369,0.0,False
105,105000,incremental,0.02037477589306508,0.013580246913580249,0.018550869586797435,0.10493827160493827,0.0372685580973048,0.012037037037037039,0.023975842955051275,0.16666666666666666,0.041611997399034435,11.713308072501539,129.45326013124105,16.76742929836855,11.657506008812963,11.660944087308472,181.25244759823258,0.0,False
106,106000,incremental,0.017663327957445605,0.010160427807486631,0.017741882421483376,0.09090909090909091,0.04444161174492625,0.012032085561497326,0.02787395405578038,0.19786096256684493,0.046713939076234404,11.726184578172289,128.71718245840643,16.889253094443806,11.656293235327158,11.658580139298907,180.64749350564858,0.0,False
107,107000,incremental,0.026166647679805578,0.013684210526315792,0.02659815165389144,0.11578947368421053,0.04524227234753551,0.012631578947368423,0.034287244222214346,0.1736842105263158,0.05838200487886816,11.7200243977926,127.84813233349124,17.149710607126252,11.65718254920317,11.66064044059653,180.0356903282098,0.0,False
108,108000,incremental,0.015614939315206421,0.012571428571428572,0.016924798627544525,0.10857142857142857,0.02797490009881252,0.010857142857142859,0.021384741430329132,0.16,0.03979794724907507,11.73023263859041,130.91575025209883,17.108586065919805,11.658878562751523,11.66068055521996,183.07412807458053,0.0,False
109,109000,incremental,0.019658426545223276,0.014666666666666668,0.01943586661226961,0.12,0.04141476614230697,0.016666666666666666,0.028515183633693302,0.22,0.04663002669272019,11.747544072671785,128.02218064039,16.908577494725158,11.654631324724967,11.661843512623948,179.99477704513586,0.0,False
110,110000,incremental,0.02391246999383667,0.014970059880239521,0.025958259092867596,0.1377245508982036,0.0439806669332911,0.01287425149700599,0.03207611508066062,0.2155688622754491,0.07263108804746891,11.736275565693566,129.40044568662128,17.194718030397183,11.656578527707156,11.659781327010704,181.6477991374299,0.0,False
111,111000,incremental,0.018445353270044016,0.014285714285714287,0.02284924359137114,0.12244897959183673,0.03434162630917419,0.012585034013605445,0.02837668426854045,0.19047619047619047,0.05676811850281239,11.732549202780884,127.75251475814764,16.632836592624102,11.654023889383359,11.659320446433947,179.43124488936994,0.0,False
112,112000,incremental,0.02351714805662174,0.015000000000000003,0.02515175932802739,0.13125,0.04734014304409041,0.0140625,0.03360013664442298,0.21875,0.06415749984127499,11.724627053885662,129.83077778807098,16.922783655528434,11.657543766072088,11.672004010868791,181.80773627442593,0.0,False
113,113000,incremental,0.024375497594724887,0.013953488372093025,0.020699994376703265,0.12790697674418605,0.03765452018372299,0.011627906976744186,0.025847965470284284,0.18604651162790697,0.046078875050318276,11.8007645420852,128.9002631342101,16.845768561219582,11.653783051859822,11.661310578683914,180.86188986805863,0.0,False
114,114000,incremental,0.03275226545872206,0.02,0.02717000790557813,0.175,0.05365999963173638,0.0171875,0.03500867654116541,0.25,0.051333324935298616,11.695796948336252,126.81006695160202,16.932402154570813,11.654284279637855,11.6612317764761,178.75378211062304,0.0,False
115,115000,incremental,0.028164421703024644,0.016875,0.02868003527957973,0.14375,0.04340663285516226,0.014374999999999999,0.03369916581913472,0.20625,0.07101678829426508,11.720180500277705,129.017418984044,16.682158467982294,11.653130964565939,11.660374117514888,180.73326303438486,0.0,False
116,116000,incremental,0.0162319732656286,0.010828025477707007,0.013922624511242758,0.09554140127388536,0.04284018458721572,0.012420382165605098,0.023973471457302196,0.20382165605095542,0.03556158660499927,11.712616887097488,127.3563967408818,17.041257329118707,11.66016590465474,11.656437960964883,179.42687482271765,0.0,False
117,117000,incremental,0.029846066929847807,0.017006802721088437,0.02683936975931975,0.1360544217687075,0.04888276530328088,0.014625850340136054,0.034307040401724984,0.22448979591836735,0.06174601305548421,11.778969254413324,126.42585371036228,16.62901938362729,11.655526346732865,11.65710912571019,178.14647782084592,0.0,False
118,118000,incremental,0.027843927268031005,0.014444444444444446,0.02418540172161428,0.11666666666666667,0.03988236722313763,0.010555555555555556,0.02858342918257859,0.17222222222222222,0.048610540121118026,11.692162546299983,123.83138262849272,17.21007883009884,11.653128362789506,11.658486522743427,176.04523889042449,0.0,False
119,119000,incremental,0.025557252391726883,0.022500000000000003,0.03071764082996069,0.1875,0.042851201413053194,0.01875,0.036403968636037266,0.2625,0.07820749791144528,11.713493480419723,124.13136553282578,16.45825848863372,11.65491149240222,11.655596208307722,175.61362520258916,0.0,False
120,120000,incremental,0.01833283080980938,0.010778443113772457,0.016970400487143013,0.10179640718562874,0.038392706908935884,0.011676646706586828,0.025396562515186013,0.17365269461077845,0.04045031228018195,11.685397461394519,126.404416617161,17.25745651635219,11.684374723833212,11.657918181032928,178.68956349977384,587.1180713497397,True
121,121000,incremental,0.028317207120744935,0.014070351758793969,0.024863485451892348,0.1306532663316583,0.042083562780390577,0.010804020100502514,0.02981218410470925,0.17587939698492464,0.056805256881294966,11.795243384942616,137.1339804932363,17.859553207613676,11.659434447489069,11.664733901968482,190.11294543525014,0.0,False
122,122000,incremental,0.04083081767640051,0.01893491124260355,0.03252328919122736,0.14792899408284024,0.056638616653492936,0.014792899408284023,0.038199914584640504,0.20118343195266272,0.05507639960302682,11.75863889548226,132.95255785497616,17.581764198554282,11.659036494363756,11.66453962042277,185.61653706379923,0.0,False
123,123000,incremental,0.026271978354227177,0.014159292035398232,0.029043258339250835,0.12389380530973451,0.04035444966977337,0.01327433628318584,0.035459848136048536,0.17699115044247787,0.07162819972554486,11.898655105899852,134.96565098858326,17.815658825512394,11.659381875889219,11.674807895177553,188.0141546910623,0.0,False
124,124000,incremental,0.035398995481200506,0.019318181818181818,0.03310933959261833,0.1534090909090909,0.05090154848375351,0.014204545454545454,0.03822709669168208,0.1875,0.07167593296854662,11.772257592603669,132.7906589796979,20.633291536804183,11.657789073919039,11.665521577157445,188.51951876018225,0.0,False
125,125000,incremental,0.02233163968396036,0.01455696202531646,0.022625340628383093,0.12025316455696203,0.042714497294315396,0.015189873417721518,0.031422489254903124,0.22151898734177214,0.05629438117607769,11.75122582699334,133.72785407360365,17.551675695393065,11.65803173268365,11.664497798880014,186.3532851275537,0.0,False
126,126000,incremental,0.020885905472170764,0.013513513513513514,0.021920043727171906,0.11891891891891893,0.037293315270884905,0.01108108108108108,0.02701248750315097,0.1837837837837838,0.052930626165920286,11.738770008429267,132.55936075791396,17.34263957168386,11.657830974304979,11.663688907408847,184.9622902197409,0.0,False
127,127000,incremental,0.016215728715728715,0.007954545454545455,0.013757944879196,0.06818181818181818,0.026333319956226654,0.006818181818181818,0.017835523241454584,0.11363636363636363,0.028584543520205282,11.739380057367715,134.20628352708158,19.52423069616002,11.659005840734816,11.662683373086374,188.7915834944305,0.0,False
128,128000,incremental,0.02606456558313758,0.013089005235602094,0.02414974310613222,0.11518324607329843,0.03598622333202046,0.009424083769633508,0.027102369962148362,0.16753926701570682,0.049090738109751605,11.795094366377768,138.34839798559582,22.09438442429129,11.655010907753171,11.656470617165542,195.5493583011836,0.0,False
129,129000,incremental,0.024018146543683706,0.013772455089820359,0.023938174678695627,0.1377245508982036,0.04156961096904739,0.01287425149700599,0.03167880533858289,0.2155688622754491,0.06440876339075298,11.712782593036042,132.76962723700672,16.93878045952793,11.655523323158418,11.659332521025274,184.73604613375437,0.0,False
130,130000,incremental,0.023870787945836407,0.014649681528662422,0.022196379377356246,0.12738853503184713,0.04353431535795768,0.014012738853503185,0.030142168501633978,0.1910828025477707,0.0475454065937393,11.700654968523766,129.41913768687795,16.96110519267685,11.654782984486106,11.658725286734645,181.3944061192993,0.0,False
131,131000,incremental,0.029757372467539043,0.014925373134328358,0.028030025948003762,0.13432835820895522,0.0470787741172989,0.012313432835820896,0.03471977854523117,0.21641791044776118,0.05821622025962167,11.69762406762892,131.07458488803917,16.807281914082985,11.655999120570304,11.66158143121876,182.89707142154012,0.0,False
132,132000,incremental,0.038332321432412705,0.018497109826589597,0.0322616803230784,0.1676300578034682,0.05525380714002557,0.014450867052023121,0.039181884487850815,0.23121387283236994,0.06387018569099494,11.725460571543334,130.14561040444391,16.654912011377505,11.653056778533621,11.657744867419467,181.83678463331782,0.0,False
133,133000,incremental,0.030920942376050736,0.014358974358974357,0.024190761203316202,0.13846153846153847,0.05471011616522452,0.012564102564102566,0.03336470275369484,0.2153846153846154,0.047039198838436755,11.726583686332004,130.39190869628194,17.23286753926856,11.652606324762116,11.658799527958925,182.66276577460354,0.0,False
134,134000,incremental,0.029191473126488413,0.014666666666666668,0.020979196060398875,0.13333333333333333,0.04731968852305244,0.011666666666666669,0.026849535934056153,0.2,0.042407295719989226,11.69697475950776,130.45485156274253,19.56939295828103,11.661448705277412,11.662485358391455,185.0451533442002,0.0,False
135,135000,incremental,0.028255645692620478,0.015873015873015872,0.02528278563793935,0.13756613756613756,0.04358272489691724,0.0126984126984127,0.031195411334377296,0.19576719576719576,0.05700489467996471,11.783850655089356,132.22206398273707,23.9003478474005,11.663424149332274,11.658790362616827,191.22847699717605,0.0,False
136,136000,incremental,0.029219403627655887,0.018620689655172416,0.025185649389347455,0.15862068965517243,0.052179958539275706,0.01586206896551724,0.033736713488662216,0.2482758620689655,0.05197753002012637,11.72945621804103,132.0485260318492,18.689913862841856,11.656937201304924,11.661817278067755,185.78665059210476,0.0,False
137,137000,incremental,0.015723636197774126,0.010344827586206898,0.014214870037963546,0.09770114942528736,0.030742208087542775,0.010632183908045977,0.020089251256323035,0.16666666666666666,0.034706296667837186,11.703599226416811,132.44567157728522,18.12745438695834,11.658258560059975,11.661963139026483,185.59694688974682,0.0,False
138,138000,incremental,0.025003795858718134,0.012435233160621763,0.020310093673050863,0.11917098445595854,0.044050386861267686,0.011917098445595855,0.028197958224603685,0.19689119170984457,0.04206895715722454,11.739223351250882,132.18194547313934,24.773957971308686,11.65277818375096,11.659711221030655,192.0076162004805,0.0,False
139,139000,incremental,0.031045786213475583,0.015286624203821658,0.029622293470816217,0.1337579617834395,0.04114009091052919,0.011464968152866243,0.032679852668651185,0.18471337579617833,0.06278906802412551,11.727845365280821,133.68766661541255,19.854881225123826,11.657874664394718,11.66278260316192,188.59105047337383,0.0,False
140,140000,incremental,0.023493102452195363,0.014024390243902441,0.020332844842452638,0.11585365853658537,0.034439071286883706,0.010365853658536586,0.024211572309060004,0.16463414634146342,0.03889972351140515,11.74936240901092,133.23976308749278,21.577967026994994,11.723716456711609,11.66216323514671,189.95297221535702,636.3045202253254,True
141,141000,incremental,0.031795496170496165,0.015555555555555557,0.027426334661466326,0.12777777777777777,0.04235501742150678,0.011666666666666667,0.03213373395980803,0.18888888888888888,0.05847088810646602,11.846343515149737,135.18890272219002,17.889320673487862,11.657942215904244,11.663682142799143,188.246191269531,0.0,False
142,142000,incremental,0.01929074250082873,0.011797752808988765,0.017304879723525218,0.10674157303370786,0.044198995920318104,0.011797752808988765,0.026532097148423105,0.19662921348314608,0.042216080292662196,11.745158001699036,134.29031132093996,19.277287812279052,11.658069277074857,11.661511151790648,188.63233756378352,0.0,False
143,143000,incremental,0.014347547737856894,0.011494252873563218,0.015288617148136405,0.09195402298850575,0.029416063304291605,0.01206896551724138,0.020738394931669613,0.15517241379310345,0.037168772272727656,11.735912117605968,132.52985092978426,22.798816368796437,11.659040164441887,11.6631907702211,190.38681035084966,0.0,False
144,144000,incremental,0.017844957558671992,0.011904761904761904,0.015488385557205612,0.10714285714285714,0.03799621471596167,0.011607142857142858,0.022938404950538713,0.18452380952380953,0.03575088870865076,11.734346791435202,133.30295387822127,19.204865860714822,11.660488733532953,11.662175936524854,187.5648312004291,0.0,False
145,145000,incremental,0.030266097849903112,0.017532467532467535,0.025264350409862194,0.14285714285714285,0.04982245627844199,0.01525974025974026,0.03188501100636875,0.23376623376623376,0.05122004816804985,11.749482780470249,132.05654038983897,19.870873760801516,11.658673373465822,11.662081589449564,186.99765189402615,0.0,False
146,146000,incremental,0.026395604986030517,0.013297872340425532,0.02074461828713026,0.13297872340425532,0.048669429815110306,0.013031914893617023,0.02998917242569975,0.21808510638297873,0.045612767910788464,11.754218741992506,132.17512755997473,19.449945064062973,11.656637950645948,11.661240665868794,186.69716998254495,0.0,False
147,147000,incremental,0.03032877641262432,0.016574585635359115,0.027526948262531915,0.143646408839779,0.05033674390709082,0.013535911602209946,0.034914038305070436,0.22099447513812154,0.058945632002095065,11.837485559475224,130.85955460669098,19.819856493418637,11.660299131240754,11.6626850997191,185.8398808905447,0.0,False
148,148000,incremental,0.023641441024253525,0.013020833333333334,0.020894733707521276,0.10416666666666667,0.04345924124912612,0.012760416666666668,0.029100341865145537,0.17708333333333334,0.0461906293937544,11.729040911873101,131.59284906875263,19.095714598921926,11.659619741092447,11.665059691346597,185.7422840119867,0.0,False
149,149000,incremental,0.027481476873518138,0.016384180790960448,0.024999635365229766,0.11864406779661017,0.04888869216430013,0.015254237288135594,0.03315041463125698,0.2033898305084746,0.05765399012237443,11.729017854632955,132.01823389843645,19.35331335198645,11.660634318542279,11.66187993745238,186.42307936105053,0.0,False
150,150000,incremental,0.028942749436694323,0.014917127071823206,0.024425642322818027,0.13812154696132597,0.04392444461561422,0.011878453038674035,0.030555572250457266,0.2154696132596685,0.05159740706774728,11.730056624650874,130.8425331572778,17.634369081555995,11.657498818453544,11.66342284055974,183.52788052249798,0.0,False
151,151000,incremental,0.01684216192937123,0.010555555555555556,0.016713840242561628,0.09444444444444444,0.035764450522202465,0.011111111111111112,0.0246308477091936,0.17222222222222222,0.03899523519041062,11.728388994085986,132.49407707810468,18.014413729484925,11.657311932259523,11.662628660938367,185.55682039487345,0.0,False
152,152000,incremental,0.024768864840635174,0.017045454545454544,0.022762979669794434,0.13636363636363635,0.03915444188320982,0.013920454545454547,0.0275342788956612,0.19318181818181818,0.048123264202765685,11.729956688938392,131.76529457795127,17.71793909505215,11.657815730273246,11.662249495766886,184.53325558798196,0.0,False
153,153000,incremental,0.03181184811586972,0.013775510204081633,0.025480930851740823,0.11734693877551021,0.04947712851374316,0.011224489795918368,0.03230497276536284,0.17857142857142858,0.047689160250566395,11.725854302702121,130.72003031731893,18.475805975845528,11.657492258829173,11.663394134324435,184.24257698902017,0.0,False
154,154000,incremental,0.013251576110729213,0.012269938650306749,0.01589234565332068,0.11042944785276074,0.02772342137245178,0.01165644171779141,0.020925665875231005,0.18404907975460122,0.04524971700179207,11.727622893913104,129.49768317448846,17.15278090455574,11.65882446556299,11.663133988475128,181.70004542699542,0.0,False
155,155000,incremental,0.024314831993403424,0.014285714285714287,0.024296232832089117,0.1038961038961039,0.038961530893349076,0.013311688311688313,0.03027266591910265,0.18831168831168832,0.060873244051192266,11.727357067531363,132.2276515635587,19.098605536449487,11.658881239426378,11.662598709001603,186.37509411596756,0.0,False
156,156000,incremental,0.030797770507694167,0.017557251908396947,0.03205517200093016,0.16030534351145037,0.04846306804007747,0.015267175572519083,0.03908325570924951,0.26717557251908397,0.07908465422822712,11.735707275230267,129.18760557404514,18.668933180254754,11.656528617010053,11.66112874229075,182.90990338883094,0.0,False
157,157000,incremental,0.039010800647164286,0.02181818181818182,0.03528655845028509,0.16363636363636364,0.06346952374225102,0.017272727272727273,0.042857005958395165,0.23636363636363636,0.07260493032938853,11.707933990474928,131.7680778389896,18.484542829336203,11.659161395269347,11.664480709959458,185.28419676402953,0.0,False
158,158000,incremental,0.02533051995031909,0.014102564102564105,0.024906107928914293,0.1346153846153846,0.04282730188353701,0.014743589743589743,0.03268803428107908,0.1987179487179487,0.059875253233046766,11.728811242263381,128.43400001358307,17.35503247476261,11.658163682044808,11.662054283892441,180.8380616965463,0.0,False
159,159000,incremental,0.026903003503741016,0.014012738853503185,0.026459281202568758,0.1337579617834395,0.048387778122359344,0.012101910828025478,0.03404194872635055,0.20382165605095542,0.0661309755857783,11.725951234539679,130.20586544173347,17.664231024734633,11.660158462004077,11.662728269454249,182.91893443246607,0.0,False
160,160000,incremental,0.02156899726910985,0.0125,0.017836627689610116,0.11931818181818182,0.039813452420316336,0.011363636363636364,0.024840432820321265,0.20454545454545456,0.040462233136777534,11.731757963949486,127.34311461339021,17.338683962635216,11.681145875255815,11.659869872782114,179.75457228801287,592.1329958913437,True
161,161000,incremental,0.020960043527220265,0.013186813186813189,0.018749967729904216,0.11538461538461539,0.043106329465288425,0.012912087912087915,0.02684370751304904,0.18681318681318682,0.044296822071504816,11.74674830785316,128.75861553216654,17.272680627511416,11.659099993413523,11.66354424483873,181.10068870578337,0.0,False
162,162000,incremental,0.022345693930770964,0.015753424657534244,0.023334222070575488,0.136986301369863,0.03671924208068285,0.014383561643835616,0.029319437097357477,0.19863013698630136,0.052751807393119576,11.735716483933512,130.50853818378366,18.212124604594095,11.660215496034354,11.661704432050502,183.77829920039613,0.0,False
163,163000,incremental,0.030187828782007382,0.01761658031088083,0.029416987379232214,0.15544041450777202,0.04722713154974661,0.01373056994818653,0.035436737947471715,0.21243523316062177,0.0690535516571385,11.730839155420226,132.0457714486592,18.217725316821422,11.65781390508741,11.664147529170943,185.3162973551592,0.0,False
164,164000,incremental,0.017815608799215357,0.010382513661202184,0.013193391394534657,0.09836065573770492,0.042849888902520485,0.012295081967213115,0.023421741315536662,0.2185792349726776,0.03409318199324797,11.736693402680798,131.3185316492993,17.84194425945296,11.658003862172194,11.662412138173373,184.21758531177863,0.0,False
165,165000,incremental,0.021364577288870784,0.010837438423645322,0.019076724362177114,0.08374384236453201,0.03464161224078258,0.00935960591133005,0.02445191287891431,0.15763546798029557,0.03963099456358467,11.730996661289684,129.07307142874524,17.90900552596508,11.657359883739115,11.661289993136759,182.03172349287587,0.0,False
166,166000,incremental,0.01488583312112724,0.008823529411764706,0.013553285408665895,0.08823529411764706,0.029619231210926716,0.009411764705882354,0.02022457731199511,0.17058823529411765,0.03804330172751225,11.733489897747251,129.00550369349116,18.05201469656098,11.655743768296256,11.659200685992799,182.10595274208845,0.0,False
167,167000,incremental,0.03067054827258909,0.017714285714285714,0.02864876265784934,0.16,0.05163581663101471,0.01542857142857143,0.036631134694638856,0.24571428571428572,0.06800832208726945,11.698222006500947,128.8633948251655,18.021232966902723,11.655857919151691,11.661098242403412,181.89980596012424,0.0,False
168,168000,incremental,0.024706057058998233,0.014054054054054054,0.02087939966934132,0.12432432432432433,0.04814115755292226,0.013783783783783784,0.029509045102968444,0.22162162162162163,0.046950055309188436,11.70811335857863,128.44634525391308,17.74828102692194,11.657163737584241,11.661574288168719,181.22147766516662,0.0,False
169,169000,incremental,0.02365287950949127,0.013259668508287293,0.02113164517072081,0.12154696132596685,0.04241216044444474,0.012154696132596687,0.028785496800024596,0.20994475138121546,0.05397840342591723,11.725171151805158,129.79978050961515,17.932484119256852,11.657815292699658,11.663523296623346,182.77877437000018,0.0,False
170,170000,incremental,0.031238516484418125,0.014207650273224046,0.024611672662787444,0.12568306010928962,0.04965229387499412,0.011748633879781423,0.031032168172663018,0.20218579234972678,0.04472651888273874,11.732170609214664,128.37352162138603,17.648270032540047,11.65860566428034,11.660988483028213,181.0735564104493,0.0,False
171,171000,incremental,0.023602334746913062,0.015060240963855422,0.017962456056344063,0.12048192771084337,0.04477527624045584,0.015662650602409643,0.0266504512189363,0.19879518072289157,0.03395849710963105,11.726922661971228,128.55194484175797,17.690631526873226,11.657552091745572,11.662029850874333,181.28908097322233,0.0,False
172,172000,incremental,0.02439667340235522,0.015340909090909093,0.022408825138114725,0.125,0.04601106984963937,0.01363636363636364,0.030279639162222052,0.2159090909090909,0.04944556415474478,11.731833754413667,129.4941144555431,17.754136567411926,11.656508157611988,11.660701964663623,182.2972948996443,0.0,False
173,173000,incremental,0.020489786430797668,0.011235955056179775,0.021010310718521358,0.10674157303370786,0.039813502664626264,0.01095505617977528,0.028563500152058736,0.19101123595505617,0.05696088054638512,11.699067011372577,129.23759046962192,18.099595381786127,11.657953561214352,11.663824207530649,182.3580306315256,0.0,False
174,174000,incremental,0.010305038203605253,0.00958904109589041,0.015301949943021939,0.07534246575342465,0.01920774193168326,0.009931506849315068,0.018516000410706727,0.136986301369863,0.044882260947933794,11.729494948993501,129.83161426611406,18.24471668345623,11.65827368582173,11.662093211954605,183.12619279634015,0.0,False
175,175000,incremental,0.024454924724294606,0.01777777777777778,0.023000190454005767,0.13333333333333333,0.04486590046365413,0.014074074074074074,0.02879483337172721,0.21481481481481482,0.049295573389140646,11.736724785597897,128.426206974612,17.801743045199604,11.656338951650246,11.661952388969388,181.2829661460291,0.0,False
176,176000,incremental,0.028844613323903173,0.01946308724832215,0.026971478079718208,0.15436241610738255,0.052084085002242674,0.017114093959731545,0.03550007106364048,0.2483221476510067,0.061496844713386366,11.694887080443417,129.7637528047263,18.27680530822051,11.659085387999424,11.662389833869135,183.05692041525876,0.0,False
177,177000,incremental,0.01866774426544567,0.01223021582733813,0.019222637668617325,0.08633093525179857,0.039420600881054806,0.014028776978417267,0.028024796552392175,0.17266187050359713,0.044844812718222965,11.727046486692538,128.04474402995646,17.351411910428162,11.658584345493328,11.665368695353006,180.4471554679235,0.0,False
178,178000,incremental,0.018826642207110278,0.014772727272727276,0.017419839514899026,0.11363636363636363,0.03495373027332283,0.012215909090909093,0.02251285290408732,0.18181818181818182,0.0449291746734049,11.726484633649282,130.09752769969214,17.23866288007303,11.656673196795698,11.664068273624373,182.38341668383453,0.0,False
179,179000,incremental,0.02734162525702853,0.014948453608247425,0.022021442325135695,0.11855670103092783,0.04662403242603365,0.013144329896907215,0.029382667961773527,0.19072164948453607,0.04639834120500234,11.727554510621019,128.8129003281513,17.750789759185537,11.666181753605676,11.660904970033082,181.61833132159663,0.0,False
180,180000,incremental,0.017300825067673532,0.011258278145695364,0.014199740891668113,0.10596026490066225,0.03423728907207173,0.011258278145695366,0.021093058487917857,0.19205298013245034,0.03201842239527024,11.74214353927977,131.18655619111937,16.872588654438804,11.711441879287687,11.662882038222799,183.1756123023484,593.9778421517398,True
181,181000,incremental,0.022618911885216232,0.009782608695652175,0.015650186149826755,0.09239130434782608,0.03591056437523829,0.008967391304347826,0.02119952255045802,0.16304347826086957,0.032697662735142546,11.781195643489895,144.40435591543675,21.034684171021556,11.659028007059147,11.664038526669474,200.54330226367682,0.0,False
182,182000,incremental,0.024380628804154068,0.015000000000000001,0.020876856369620417,0.11666666666666667,0.037396068068459035,0.011388888888888891,0.02468928067622469,0.17222222222222222,0.04137239189354772,11.748999922789327,142.97365808300933,17.007247343624186,11.6577121954467,11.662735436158977,195.0503529810285,0.0,False
183,183000,incremental,0.016689083485958486,0.008854166666666668,0.013762010170261458,0.08854166666666667,0.03418996580761286,0.009635416666666667,0.020398712759065057,0.15625,0.035011681622435294,11.809509363726322,135.09882815087443,17.27912673420845,11.6556275123747,11.661895938361312,187.50498769954524,0.0,False
184,184000,incremental,0.012935723459734332,0.009090909090909092,0.013178134767368958,0.09090909090909091,0.03226422564674217,0.010064935064935065,0.020918969457045418,0.18181818181818182,0.03768216109120174,11.706897372842917,133.82289356683034,17.09678089891614,11.657160158183578,11.661580800487181,185.94531279726016,0.0,False
185,185000,incremental,0.028825294915962,0.014705882352941176,0.027756776441777712,0.12352941176470589,0.04251833319412456,0.011176470588235293,0.03192320514841269,0.16470588235294117,0.055008996421535124,11.742539541080566,133.24635610292844,17.426176942718364,11.657613379290055,11.659445390707624,185.73213135672506,0.0,False
186,186000,incremental,0.01717216499975121,0.011333333333333334,0.015835861011465713,0.11333333333333333,0.037899484573844976,0.013333333333333334,0.02448788887508264,0.20666666666666667,0.0408918235760341,11.701657774927654,133.44298620689838,17.19758284084161,11.662042776958149,11.662477005118522,185.66674660474433,0.0,False
187,187000,incremental,0.026148803261894314,0.015340909090909093,0.024508613830467027,0.13636363636363635,0.04055340118921951,0.011931818181818182,0.029349833848486936,0.1875,0.05451216471437059,11.712627925465624,130.62031128029116,16.829831992866417,11.655469564990362,11.661709473968774,182.47995023758236,0.0,False
188,188000,incremental,0.0157897422174383,0.0125,0.015711301413235013,0.10416666666666667,0.05038374747116577,0.014930555555555558,0.02854641479900007,0.25,0.040488367924835934,11.695163936772946,129.7617766592915,17.050755470739144,11.65642039047815,11.66249672341496,181.82661318069674,0.0,False
189,189000,incremental,0.02574320709716247,0.013793103448275864,0.022269184276367482,0.11494252873563218,0.04805575875555592,0.014367816091954023,0.03136915313581343,0.21264367816091953,0.04986271298124078,11.727740679361165,130.33834238879854,20.522045738505245,11.658082384492785,11.662613949088573,185.90882514024634,0.0,False
190,190000,incremental,0.026849652719940165,0.01746031746031746,0.025563018502347594,0.12169312169312169,0.043204972243443045,0.014550264550264553,0.031620472163132865,0.18518518518518517,0.04857080370373407,11.751042980949478,145.21178430926958,17.141400108403037,11.656196674043883,11.66492966573479,197.4253537384008,0.0,False
191,191000,incremental,0.029186799000046736,0.021476510067114096,0.031402982001454735,0.174496644295302,0.05085788477968226,0.017114093959731545,0.03779990867415598,0.2550335570469799,0.07839706447478591,11.769215389763332,130.28567118574668,16.96524141927419,11.654857769716198,11.660761450670021,182.3357472151704,0.0,False
192,192000,incremental,0.02083712639154875,0.012269938650306749,0.021001214661752986,0.10429447852760736,0.036306517612280674,0.011349693251533743,0.026764319389299584,0.1656441717791411,0.04776888862412804,11.730660772292511,129.39736761524017,17.117472188125927,11.655051597919686,11.660612605560171,181.56116477913847,0.0,False
193,193000,incremental,0.02480132967652966,0.011627906976744186,0.019618114915823184,0.10465116279069768,0.038041585907580944,0.010465116279069769,0.02540900087733912,0.14534883720930233,0.03656546941430662,11.702339691957441,131.11985715339586,17.27809241654221,11.658575432449414,11.663395998930126,183.42226069327506,0.0,False
194,194000,incremental,0.01597355285879876,0.009836065573770493,0.018599580684180696,0.08196721311475409,0.030914975126271116,0.010109289617486339,0.02493177389080917,0.15300546448087432,0.04926931917364847,11.764866434206544,128.525357932896,17.138633327196118,11.655322312481564,11.659923510001779,180.744103516782,0.0,False
195,195000,incremental,0.02448447928919999,0.013372093023255816,0.021301253322370647,0.12209302325581395,0.04243733887948941,0.011627906976744186,0.028172446052986144,0.19767441860465115,0.049161658754682015,11.695972098955954,130.13560008350024,16.842706358106973,11.656417899706673,11.663338598276452,181.9940350385463,0.0,False
196,196000,incremental,0.0301107315378762,0.01829268292682927,0.022587979789235033,0.1524390243902439,0.04562974228879719,0.01554878048780488,0.02878397100919841,0.22560975609756098,0.04392628258562148,11.726401144301901,130.7161404607224,17.12241530112818,11.658599755097477,11.662560119966859,182.88611678121677,0.0,False
197,197000,incremental,0.015286215047528065,0.012413793103448275,0.019293918649022263,0.10344827586206896,0.029667584328896147,0.011724137931034483,0.024470898022772115,0.16551724137931034,0.05150209267856326,11.774827238422713,130.4125167095882,16.8224250870902,11.656036617645194,11.660521831255434,182.32632748400175,0.0,False
198,198000,incremental,0.03048955273961447,0.017159763313609466,0.02332649175635242,0.14201183431952663,0.05681755329883319,0.015088757396449702,0.03307193286403028,0.23076923076923078,0.04692218530975927,11.697092600147785,128.940203565249,16.75363765526322,11.655797345126729,11.662572663675984,180.7093038294627,0.0,False
199,199000,incremental,0.03269051347896799,0.01942857142857143,0.03145383626767935,0.16,0.04545024029459543,0.01457142857142857,0.035160066955022086,0.18857142857142858,0.0687581093043278,11.726907922532392,129.71273469366412,16.916199882373306,11.656847996574516,11.65903870586904,181.6717292010134,0.0,False
200,200000,incremental,0.021504312680783268,0.013903743315508022,0.021854877515481295,0.11229946524064172,0.04304286622468441,0.012032085561497326,0.02953586705146108,0.18181818181818182,0.04748225106828441,11.745285125944193,130.5706756071154,17.035410422729104,11.687549632911908,11.661608430538205,182.70052921923877,542.1615640503128,True
201,201000,incremental,0.024453526816331696,0.014024390243902438,0.018848255118195427,0.12195121951219512,0.04256715438117878,0.012195121951219513,0.02627298058969067,0.17682926829268292,0.03448259058015156,11.778367818925107,148.5625880439864,19.07594732612067,11.65802875247729,11.66314867667717,202.73808061818667,0.0,False
202,202000,incremental,0.02143647077505788,0.0106951871657754,0.02099140673080822,0.10160427807486631,0.03089827551572737,0.009090909090909092,0.02459010072795499,0.15508021390374332,0.048867511678143946,11.759503717199971,140.8571024499733,17.648640604842058,11.656411966876057,11.660963143332593,193.58262188222398,0.0,False
203,203000,incremental,0.034710712614803775,0.025,0.03306034731882497,0.19594594594594594,0.05179288485789352,0.01891891891891892,0.03898334145545896,0.2702702702702703,0.06721803839644397,11.713472622860987,130.5349300819436,16.671747275320836,11.656534266019092,11.65943222415644,182.23611647030094,0.0,False
204,204000,incremental,0.025525192247046552,0.013907284768211922,0.020911648976041284,0.11258278145695365,0.05059364126020589,0.013245033112582781,0.029987301967606884,0.2119205298013245,0.04836638264175015,11.699932936884426,129.75852045133547,16.801456059215013,11.657903764838995,11.663265086343799,181.58107829861774,0.0,False
205,205000,incremental,0.020562421517649077,0.013855421686746987,0.02078463369690853,0.10843373493975904,0.03724750392720226,0.01355421686746988,0.02662475628765719,0.1746987951807229,0.050130695058937434,11.730011885965897,130.79128636948184,16.925344396519215,11.657979551354947,11.661374759712462,182.76599696303435,0.0,False
206,206000,incremental,0.027717165159243214,0.019337016574585635,0.03231758960254413,0.13812154696132597,0.04525475304079831,0.01519337016574586,0.037133770394022894,0.19889502762430938,0.07951449707624553,11.730272808395393,132.31382831854071,16.94181071254519,11.654836261719426,11.663232323697038,184.30398042489776,0.0,False
207,207000,incremental,0.02413204998311381,0.010638297872340425,0.01441901276042314,0.10106382978723404,0.04462966182861202,0.01170212765957447,0.023506378666813522,0.19680851063829788,0.026517764150742872,11.756310410428183,132.72996398173282,17.24016677099455,11.658111760882994,11.663325329237805,185.04787825327634,0.0,False
208,208000,incremental,0.03323340062470497,0.015135135135135135,0.026422017165267785,0.13513513513513514,0.0425693599606643,0.010540540540540542,0.0295974323644027,0.1837837837837838,0.050492719610366665,11.747628925973252,140.37635820802336,18.390359344630514,11.658703636827084,11.662829919968642,193.83588003542286,0.0,False
209,209000,incremental,0.032357557679248854,0.024999999999999994,0.030865658496096134,0.18382352941176472,0.05333850687710981,0.017279411764705883,0.036358845301160674,0.25,0.06266248693686775,11.741638483740713,149.65659624968652,21.180003435400387,11.659211223181975,11.662947587157134,205.90039697916671,0.0,False
210,210000,incremental,0.023755034100337965,0.016022099447513816,0.024668735632830355,0.13259668508287292,0.040409962965211585,0.013535911602209946,0.030949957902247135,0.2154696132596685,0.05638036367386554,11.747264141034886,138.31008071558958,16.69596452633787,11.656174594441849,11.661084646168163,190.07056862357234,0.0,False
211,211000,incremental,0.017764435885044783,0.008163265306122448,0.013837058726074554,0.08163265306122448,0.031894993645026584,0.008503401360544218,0.019656019007682643,0.1564625850340136,0.028498148328975396,11.767304363259623,134.2014460525981,16.776205839098836,11.657298899736546,11.659975679506607,186.06223083419968,0.0,False
212,212000,incremental,0.022706203798701242,0.015094339622641511,0.017899081217699456,0.11949685534591195,0.040060588038510696,0.013522012578616351,0.023935222270798397,0.18867924528301888,0.03401693198118223,11.703508310194344,131.88838155322318,20.745333389714236,11.65869861461527,11.664290216747975,187.66021208449502,0.0,False
213,213000,incremental,0.022621093110783832,0.012371134020618556,0.02022142506743357,0.10824742268041238,0.04238309476440241,0.012628865979381444,0.028842847986759665,0.19072164948453607,0.051133949912715346,11.786802304382393,143.05149878084123,18.2718395099965,11.65926015623403,11.661709012747433,196.4311097642016,0.0,False
214,214000,incremental,0.013092668679439623,0.010160427807486631,0.01242108985619563,0.0855614973262032,0.029866516445737845,0.010160427807486631,0.019353438156240025,0.1443850267379679,0.030592837284365574,11.746304106705075,139.37113162636183,16.915109810437812,11.655541614419285,11.658603452771587,191.34669061069562,0.0,False
215,215000,incremental,0.012681525210858097,0.0089171974522293,0.014962196841476427,0.08280254777070063,0.028971054132754744,0.010191082802547772,0.02141456952509595,0.17834394904458598,0.04001733338933355,11.717648390953405,131.86896497426048,16.811258319149314,11.65788188234318,11.661632161867608,183.717385728574,0.0,False
216,216000,incremental,0.024971034010449197,0.01363636363636364,0.02323725530623506,0.11931818181818182,0.033040207768747436,0.010511363636363636,0.025956302067684955,0.16477272727272727,0.048946317661136114,11.738443138918642,131.64509458032936,16.972669518430795,11.65546107374793,11.658747236249766,183.6704155476765,0.0,False
217,217000,incremental,0.03069776705171161,0.014285714285714284,0.025278152771481176,0.12087912087912088,0.044070622021205236,0.01098901098901099,0.030451883151337882,0.1813186813186813,0.05184410818298989,11.699921504848554,129.92356185070193,16.81083768502456,11.657128333751599,11.662181999452791,181.75363137377943,0.0,False
218,218000,incremental,0.02508427159962698,0.013966480446927377,0.021675927465745506,0.12290502793296089,0.04240732534757637,0.011452513966480445,0.028084488347369957,0.17318435754189945,0.04542028424709989,11.730837534709714,132.60278863903852,17.047779904667827,11.65600661840599,11.65864352402346,184.69605622084552,0.0,False
219,219000,incremental,0.012652008102842137,0.008333333333333333,0.012332243312161009,0.07777777777777778,0.030661267362101396,0.008333333333333333,0.018606173629627368,0.15,0.029564053292768462,11.70176799158984,131.37552575778756,17.2837459464642,11.658726284086152,11.660723445064413,183.68048942499215,0.0,False
220,220000,incremental,0.02649788978631748,0.019117647058823527,0.024504146015788795,0.16176470588235295,0.04609290051291165,0.017279411764705883,0.031373971930684405,0.25,0.055699079573373875,11.742489756529084,137.84873248534612,19.247224923031602,11.72788004771136,11.66055557941248,192.22688279203066,567.223159668874,True
221,221000,incremental,0.021852052015986445,0.012568306010928964,0.020798626025588518,0.11475409836065574,0.03907817743883318,0.010655737704918034,0.027474453241694754,0.18032786885245902,0.0475277449151986,11.762469818162035,143.55117626380087,17.798443722592815,11.658850250714782,11.662628921112194,196.4335689763827,0.0,False
222,222000,incremental,0.02490228850091509,0.019548872180451128,0.025066964951262274,0.16541353383458646,0.03470809012114783,0.01654135338345865,0.0284229797187829,0.21052631578947367,0.05563163862036042,11.738620812468126,144.69345938458028,17.41896841953028,11.657673535454826,11.661965736861625,197.17068788889512,0.0,False
223,223000,incremental,0.024757561946694782,0.01640625,0.025262522583654003,0.1171875,0.04407863643758439,0.015234375000000001,0.03275850853423641,0.1953125,0.0530379254952349,11.793402468360249,139.3745833202578,16.71051237304988,11.657310852127011,11.661757433334419,191.1975664471294,0.0,False
224,224000,incremental,0.026421554321422135,0.018539325842696627,0.025311673117844834,0.15168539325842698,0.054429480338270816,0.017134831460674158,0.03570799726913381,0.24719101123595505,0.061313010204198846,11.727065873851084,131.98933602560913,17.24348882173321,11.657939227804892,11.66070526024271,184.278535209241,0.0,False
225,225000,incremental,0.031132961104552014,0.014772727272727272,0.020715130160368522,0.13068181818181818,0.05548069354887537,0.01363636363636364,0.030120489531376624,0.22727272727272727,0.03713618990189846,11.709303840146124,133.6911071864455,17.355312485735354,11.656806975270106,11.661428017235853,186.07395850483297,0.0,False
226,226000,incremental,0.01958712195815826,0.01171875,0.017357262200823426,0.1015625,0.031627323781074926,0.009375,0.021021207651860427,0.15625,0.03895920702561327,11.703056468803652,134.06843973950976,16.575872028419536,11.657005518202201,11.661878222650468,185.6662519775856,0.0,False
227,227000,incremental,0.027918459707933396,0.018285714285714287,0.025662030826191073,0.15428571428571428,0.042268502522261914,0.013714285714285717,0.03014907936318208,0.19428571428571428,0.05149546158789856,11.7369488613836,134.43088656336226,17.072539301422886,11.658571955529274,11.662481026041005,186.56142770773906,0.0,False
228,228000,incremental,0.0199055284992785,0.00965909090909091,0.017947467894181546,0.08522727272727272,0.03702852931921328,0.008806818181818181,0.024287236050291008,0.14204545454545456,0.040895354552607226,11.76621245398829,137.33574933709468,17.21773007819921,11.65501346615805,11.660713814559687,189.6354191499999,0.0,False
229,229000,incremental,0.019533247241445024,0.009905660377358492,0.01598786381620236,0.08962264150943396,0.04152399776179867,0.010141509433962264,0.024646893166428617,0.1650943396226415,0.03606326194769591,11.753396624361589,132.29934608327554,17.346893470861215,11.658130347799723,11.661726133205264,184.71949265950332,0.0,False
230,230000,incremental,0.02336568540948103,0.016058394160583942,0.01883922659810554,0.11678832116788321,0.034618786837773786,0.013138686131386863,0.02359016002973442,0.1897810218978102,0.03846102194642341,11.765289458974538,132.99377523109945,16.660454799991008,11.659215795989386,11.662184932356713,184.7409202184111,0.0,False
231,231000,incremental,0.023497520541855516,0.014285714285714287,0.02436684039632666,0.11688311688311688,0.05136369023160909,0.013961038961038964,0.034726903934764894,0.2077922077922078,0.06207804783505398,11.735915125418718,131.50394106676427,17.099983550344923,11.6580799995325,11.661945052761357,183.65986479482177,0.0,False
232,232000,incremental,0.02422855418681833,0.019090909090909092,0.0237925505094684,0.16363636363636364,0.035994377964245886,0.015454545454545453,0.027728158252882204,0.22727272727272727,0.05425165649623854,11.728452189593842,132.54732080290182,16.540405462402152,11.656537656203058,11.660231016015487,184.13294712711638,0.0,False
233,233000,incremental,0.02612256974146627,0.011475409836065577,0.021059789000167105,0.09836065573770492,0.03694045797679332,0.008743169398907104,0.02456515201950592,0.14754098360655737,0.041875605376087525,11.698331884128777,132.49633867253723,16.859570922976573,11.657117800517591,11.662536014138414,184.37389529429862,0.0,False
234,234000,incremental,0.023437188333804874,0.017857142857142856,0.026013187350290252,0.13690476190476192,0.03360312715340911,0.013392857142857142,0.028465645752920272,0.19047619047619047,0.069277963224917,11.742599279385146,133.48955328087996,16.977490790492933,11.662334920684025,11.665952355993658,185.5379306274357,0.0,False
235,235000,incremental,0.02441950113378685,0.014285714285714285,0.021846148015882784,0.12,0.03878423164137449,0.011428571428571429,0.027617301885689303,0.18285714285714286,0.047855329544405176,11.754590752276195,132.24453623447013,16.73335017388089,11.658418151289096,11.662078634129546,184.05297394604585,0.0,False
236,236000,incremental,0.018445404216965156,0.01366120218579235,0.02281398503643177,0.10382513661202186,0.03612039771163078,0.011475409836065575,0.027824495388108966,0.17486338797814208,0.05718299466205876,11.732905913858227,133.6941942377129,17.122236605951468,11.65735287077252,11.658916856130407,185.8656064844255,0.0,False
237,237000,incremental,0.031502818431997995,0.018181818181818184,0.027502918326792244,0.17045454545454544,0.050644048840775197,0.015625,0.03471960610933455,0.2556818181818182,0.06027949032958004,11.708324213183241,132.06872203645747,16.977782076113556,11.654190032350797,11.661123159048547,184.07014151715362,0.0,False
238,238000,incremental,0.03713406520292748,0.020359281437125752,0.028790505174668232,0.17365269461077845,0.05237846817188135,0.014670658682634731,0.033679697336677174,0.2275449101796407,0.05312281599266453,11.72898674766526,133.5221014747423,16.833678667844964,11.656390064680721,11.658667160747981,185.3998241156812,0.0,False
239,239000,incremental,0.025974916151851914,0.015384615384615387,0.025953094307952635,0.1282051282051282,0.0494841006298909,0.014102564102564105,0.033922260989722904,0.22435897435897437,0.05622834186554714,11.695241351368512,131.95104998137836,16.71748030374065,11.658245082084296,11.662359712422132,183.68437643099395,0.0,False
240,240000,incremental,0.016611111483402503,0.010294117647058823,0.01701169002110704,0.0784313725490196,0.035040238184588034,0.011029411764705883,0.024389810747034682,0.17647058823529413,0.040700789641670176,11.741774300279284,132.20291925885448,17.2852414469446,11.720863264841341,11.663284840104925,184.61408311102463,588.378577950327,True
241,241000,incremental,0.020979889181643566,0.011111111111111112,0.018655216535919037,0.10555555555555556,0.044147646776645746,0.012222222222222223,0.027990437780182103,0.2,0.04657621902139445,11.747365953662658,146.81812721446806,17.75444565885187,11.65793897550671,11.663797015053213,199.6416748175425,0.0,False
242,242000,incremental,0.025836650183272143,0.014136125654450262,0.022527179252060592,0.12041884816753927,0.045180933243566014,0.012041884816753926,0.029245679784445238,0.17801047120418848,0.050465022553022806,11.74130440022292,150.06569384452828,17.54003017243044,11.65765925723039,11.662318872458776,202.66700654687082,0.0,False
243,243000,incremental,0.022352658156328902,0.012068965517241383,0.021453086338673637,0.10344827586206896,0.04453642133008095,0.013218390804597703,0.030728991358431556,0.20689655172413793,0.051429189037281275,12.048229571431923,145.99530474890264,21.1152965760783,11.658448966535284,11.661984654909308,202.47926451785744,0.0,False
244,244000,incremental,0.02799482263767978,0.017032967032967035,0.030473523181738387,0.14835164835164835,0.046799728049728054,0.01565934065934066,0.03795048513284739,0.2032967032967033,0.07539957977094369,11.73812733482743,141.27187123946783,17.159649234523012,11.655954697251115,11.662299331569038,193.48790183763842,0.0,False
245,245000,incremental,0.027758917734407928,0.017222222222222222,0.02701275412244364,0.15,0.038051769280484454,0.0125,0.031344854190406904,0.19444444444444445,0.059428089611913135,11.760266770154127,134.38198926134237,17.057243759284468,11.658297645794624,11.661558764253233,186.5193562008288,0.0,False
246,246000,incremental,0.019757447394237043,0.011009174311926604,0.01899385272034687,0.09174311926605505,0.039703058120411756,0.012844036697247707,0.028439789494680127,0.1926605504587156,0.044096053356640734,11.73202950240787,133.62672933368154,16.740984223564958,11.658119361213082,11.661712481778054,185.41957490264554,0.0,False
247,247000,incremental,0.02386097593483957,0.01696969696969697,0.022505412557737327,0.15757575757575756,0.042129906779528,0.01575757575757576,0.03033846052711214,0.23636363636363636,0.05321083798356525,11.723962635760977,133.87664423521184,16.904257011216007,11.656575149343595,11.660647540281953,185.8220865718144,0.0,False
248,248000,incremental,0.019070465902863657,0.012403100775193798,0.018727249284323434,0.11627906976744186,0.03895384776499451,0.014341085271317831,0.026792199996286646,0.20930232558139536,0.03947794111952799,11.709134180845627,134.5836512567436,17.20024642079543,11.659112931328153,11.662962145268796,186.8151069349816,0.0,False
249,249000,incremental,0.03207329065479343,0.01904761904761905,0.026974053749975035,0.17989417989417988,0.058798779735332055,0.017195767195767195,0.037406703730826524,0.25925925925925924,0.05905177683336315,11.746736836869276,140.24121404075663,17.31591580798192,11.65988621002617,11.659807991240555,192.62356088687454,0.0,False
250,250000,incremental,0.025081447501644698,0.015568862275449102,0.025908119028794866,0.11377245508982035,0.04311659934774608,0.013772455089820359,0.03233844202852101,0.16766467065868262,0.05052829151983784,11.762355698850813,134.62334160674328,17.153490729934774,11.657747883100921,11.662613803233024,186.8595497218628,0.0,False
251,251000,incremental,0.03164797767756314,0.019576719576719578,0.03077277289327636,0.15873015873015872,0.04731313741622184,0.01455026455026455,0.03614098352362925,0.21693121693121692,0.06674372264388972,11.73291085721645,134.62738619562236,16.92660989366379,11.657455447670884,11.663941614538375,186.60830400871185,0.0,False
252,252000,incremental,0.020907511292126674,0.012426035502958581,0.01750563377159438,0.10650887573964497,0.03710952919532801,0.011538461538461539,0.024283801520659284,0.1893491124260355,0.03808191013111598,11.727061738610322,136.6968729204429,17.20600949503548,11.659624269917678,11.660024265669477,188.94959268967588,0.0,False
253,253000,incremental,0.017173851886982422,0.012925170068027214,0.018744180664724455,0.10884353741496598,0.029866914344195823,0.011224489795918367,0.02285213981503045,0.17687074829931973,0.046011741067658166,11.7599135478208,136.4584729479923,16.69466169645223,11.654711412047158,11.658877655446043,188.22663725975852,0.0,False
254,254000,incremental,0.025089815232244014,0.01206896551724138,0.0219090864720627,0.10919540229885058,0.040440646505996186,0.011494252873563218,0.02809553986158485,0.1839080459770115,0.047803138751414606,11.695976608695757,134.85666252953388,16.97601429199308,11.660716014237627,11.66080726554275,186.85017671000313,0.0,False
255,255000,incremental,0.022388656967311904,0.015950920245398775,0.026345239017052904,0.12883435582822086,0.04089926858374323,0.013803680981595092,0.032609076396494414,0.19631901840490798,0.06371130170371371,11.728919101554325,135.46713801143585,17.116839992357967,11.663658470599525,11.664397208781264,187.6409527847289,0.0,False
256,256000,incremental,0.030408175670097008,0.020118343195266272,0.0302695592907934,0.14792899408284024,0.04632668209863688,0.015088757396449706,0.03572448112023789,0.1893491124260355,0.06615258170688035,11.756936129141138,134.5745853687866,17.096382186047865,11.659663450888647,11.661323272182944,186.74889040704718,0.0,False
257,257000,incremental,0.030939143741563094,0.019186046511627912,0.03321044271342386,0.16279069767441862,0.039014748952389613,0.012500000000000002,0.035774744080232214,0.18604651162790697,0.08364825581395348,11.730858649014465,134.93529079763866,16.8591727002787,11.656530804871057,11.659713156593476,186.84156610839636,0.0,False
258,258000,incremental,0.028270146566100197,0.013372093023255816,0.022482136326393478,0.12790697674418605,0.0545613369561278,0.01366279069767442,0.032809135368493676,0.22674418604651161,0.0448023271458184,11.69401750063248,135.29889118427812,17.225249040110636,11.659519253484628,11.662332492355654,187.54000947086152,0.0,False
259,259000,incremental,0.031808645643068297,0.015432098765432098,0.02683495592095603,0.1419753086419753,0.04857249564765904,0.013271604938271607,0.03361762880870075,0.2345679012345679,0.06293940617197698,11.756835677022293,132.8476767204559,16.845471519220943,11.657106995265066,11.660918999907565,184.76800991187173,0.0,False
260,260000,incremental,0.02217028237577082,0.0140625,0.024279733468729577,0.1328125,0.03963456249571354,0.013281250000000001,0.03111470761048991,0.2109375,0.057919828588486676,11.695857092673679,134.0443321272422,16.667629989315646,11.688333988860155,11.658817515677878,185.75497071376958,677.5046849181455,True
261,261000,incremental,0.028850928494828922,0.019230769230769235,0.02590966066490978,0.14102564102564102,0.04433161705144826,0.014423076923076924,0.030501250325857418,0.1987179487179487,0.05029918911497858,11.803624601049167,146.50014483383322,17.77613819650692,11.658915728685049,11.662930561304186,199.40175392137854,0.0,False
262,262000,incremental,0.03164841980631455,0.016959064327485382,0.026929234678679657,0.13450292397660818,0.04838259531241988,0.012865497076023392,0.03323735830405609,0.18128654970760233,0.056897530830234105,11.889067825961163,151.56208608744365,17.633384453541456,11.65786447017425,11.662840299464516,204.40524313658503,0.0,False
263,263000,incremental,0.028712449047014057,0.01907514450867052,0.029232791009731245,0.1676300578034682,0.04183062502646171,0.013294797687861274,0.033121950087919225,0.2138728323699422,0.06786795354369936,11.856018920571032,147.2059811445797,19.844518859682413,11.656670650207756,11.673708373745317,202.23689794878624,0.0,False
264,264000,incremental,0.03643280138845077,0.022047244094488192,0.037522232547553595,0.2047244094488189,0.04580925862878249,0.014960629921259844,0.038870127084562126,0.2204724409448819,0.08473076894799914,11.746685672602009,148.30771035653777,16.912938889154795,11.65927140693579,11.663355537407105,200.28996186263748,0.0,False
265,265000,incremental,0.02351072069830504,0.017094017094017096,0.020295583574395756,0.13675213675213677,0.03989323419620316,0.014102564102564105,0.02552931879050333,0.19658119658119658,0.03917489554744456,11.766442123598008,136.9480809359225,16.74052757547756,11.657486515222192,11.659458923882205,188.77199607410245,0.0,False
266,266000,incremental,0.026375198538762936,0.018902439024390247,0.0308676557167094,0.17073170731707318,0.04245395955058492,0.01554878048780488,0.03666693761022364,0.24390243902439024,0.0770645901205442,11.709134124772424,136.0767235879662,17.336488987065856,11.657610903659243,11.663388493204918,188.44334609666862,0.0,False
267,267000,incremental,0.02402118292859544,0.01518324607329843,0.02342297339231368,0.1256544502617801,0.038857655356690904,0.010732984293193717,0.028204783035992522,0.17277486910994763,0.05300879472341389,11.739073358489616,137.83520724000576,17.25751064260428,11.657027105045625,11.67162744353245,190.1604457896777,0.0,False
268,268000,incremental,0.02018100425055312,0.011538461538461539,0.01673755468022422,0.1043956043956044,0.04399936866680649,0.012912087912087915,0.026795933593787118,0.2032967032967033,0.03762340095480638,11.88443318354826,139.2603466431677,17.409996584921707,11.659036198714833,11.660626012578723,191.87443862293122,0.0,False
269,269000,incremental,0.04103232860996837,0.02298136645962733,0.036373278798592264,0.15527950310559005,0.06301546969248832,0.017080745341614908,0.04408367743089082,0.2236024844720497,0.06301548591464558,11.790121702562327,136.72193611825867,16.86920282623766,11.655419961779934,11.661523935960204,188.69820454479878,0.0,False
270,270000,incremental,0.027992108066986873,0.021052631578947368,0.02822868984548596,0.16447368421052633,0.046298574367307055,0.01644736842105263,0.03457835469384407,0.23684210526315788,0.06431003744277737,11.740843346201569,133.91504319528596,16.97278507056116,11.65423485382372,11.664514391093729,185.9474208569661,0.0,False
271,271000,incremental,0.03480983256360792,0.021710526315789475,0.03437270571912158,0.18421052631578946,0.050178378779626436,0.015460526315789475,0.03884349674289375,0.23684210526315788,0.08017513571784796,11.6976529118476,136.83761387805333,17.052744278212018,11.659194394435247,11.658468779443542,188.90567424199176,0.0,False
272,272000,incremental,0.03116927930592527,0.014285714285714285,0.026648500108899038,0.13664596273291926,0.05075080199303802,0.013664596273291927,0.035252907922550945,0.2422360248447205,0.054789286749462124,11.7105720511268,133.6405326834364,17.121483450600884,11.654735580957087,11.661254068949523,185.7885778350707,0.0,False
273,273000,incremental,0.020606975475129633,0.011764705882352941,0.015352691794316359,0.1111111111111111,0.03818990820102357,0.011111111111111112,0.022914919133600994,0.1895424836601307,0.03351800064602833,11.731283242728818,134.56201243029764,17.265830716407805,11.657249067882624,11.66133791702384,186.87771337434071,0.0,False
274,274000,incremental,0.034693976257975725,0.018784530386740335,0.03337382802993526,0.16022099447513813,0.05609994469299423,0.015469613259668507,0.04104639193317366,0.2430939226519337,0.07477446247180951,11.724605557712763,136.46283994610263,17.13728014197946,11.658195191097121,11.661643172101998,188.644564008994,0.0,False
275,275000,incremental,0.03016362101509525,0.016753926701570682,0.029057675484431243,0.13612565445026178,0.05009450188218444,0.013350785340314137,0.03572093370629772,0.21465968586387435,0.06267949564757955,11.743720406381941,135.82004254666936,17.437442611567544,11.657901178831198,11.660599596695354,188.31970634014542,0.0,False
276,276000,incremental,0.026077673031987752,0.013705583756345178,0.023483630064868432,0.12690355329949238,0.04346424866729435,0.011675126903553299,0.03072472609982647,0.19796954314720813,0.056624821132883245,11.7108630950033,133.26747578342597,17.25698368477274,11.654572004290987,11.662360650643855,185.55225521813685,0.0,False
277,277000,incremental,0.021312245134872343,0.014110429447852763,0.021228625346815584,0.10429447852760736,0.043964947166812346,0.013803680981595092,0.029346940494563364,0.1901840490797546,0.045619760266999536,11.727724020124676,136.9413201706207,17.7192591736125,11.657054971615787,11.661184250735811,189.70654258670947,0.0,False
278,278000,incremental,0.028827813590341433,0.02125,0.0284611963458138,0.1875,0.05084731573852006,0.0171875,0.03489943056812032,0.25625,0.0688011602744091,11.72994445271941,135.78427370411484,17.064714833169013,11.65674763906055,11.658889304919096,187.8945699339829,0.0,False
279,279000,incremental,0.039998317762292915,0.021714285714285714,0.034348199302094685,0.16,0.061548969278600256,0.016571428571428574,0.04256688405933436,0.2342857142857143,0.06541752107541582,11.708377210518927,135.8397994144292,17.11653955323994,11.654853169305868,11.657710571308378,187.9772799188023,0.0,False
280,280000,incremental,0.03153842320508988,0.019883040935672516,0.02875426463486473,0.15204678362573099,0.04652239893467964,0.015497076023391813,0.033894502784427454,0.21052631578947367,0.057600272486753396,11.696526312263146,133.4212356959019,16.8694384920301,11.687567364387919,11.65952994441194,185.33429780899502,543.1210166640041,True
281,281000,incremental,0.0216763069772271,0.01446540880503145,0.02148530084197057,0.11949685534591195,0.040403125813042985,0.01509433962264151,0.028823411422857496,0.20754716981132076,0.052030678861977424,11.779051281246566,146.2845024459286,18.581834641907825,11.659368930098946,11.662013932760285,199.96677123194223,0.0,False
282,282000,incremental,0.02248232100996098,0.016265060240963858,0.019930483647374306,0.13253012048192772,0.04081082985051801,0.013253012048192772,0.026200643509651317,0.19879518072289157,0.040261307584081654,11.746342999274795,146.44623794657363,19.38453888741809,11.657903220836651,11.670839401733968,200.90586245583714,0.0,False
283,283000,incremental,0.028254996637349577,0.015934065934065936,0.024562783507878046,0.14835164835164835,0.04501283030694795,0.013736263736263736,0.03182104027974688,0.21428571428571427,0.054283130114535554,11.849842151898105,144.9047097313305,17.81529933347209,11.658192640574827,11.661171675496352,197.8892155327719,0.0,False
284,284000,incremental,0.031649503058362984,0.020138888888888887,0.031097396087968694,0.1736111111111111,0.045399129575890505,0.015625,0.03627485254246696,0.2222222222222222,0.07383733164983165,11.757224007528933,145.48568871719513,17.45279664951832,11.657402178330557,11.661375851672318,198.01448740424527,0.0,False
285,285000,incremental,0.025175346740161413,0.014035087719298248,0.020679280099317014,0.14035087719298245,0.04026863551766072,0.011111111111111112,0.026374274742346656,0.19883040935672514,0.04617528584246851,11.7406433249867,142.529067145597,17.21834522075416,11.658975932166138,11.660821902494122,194.80785352599813,0.0,False
286,286000,incremental,0.04686803929923426,0.022077922077922082,0.03825634552203584,0.18831168831168832,0.06675649888779639,0.016233766233766232,0.044616430237581106,0.23376623376623376,0.0740579459162347,11.827046848822409,147.07822433566997,19.05636722927123,11.657078943419496,11.669734704351786,201.2884520615349,0.0,False
287,287000,incremental,0.022140801856577883,0.012987012987012988,0.017396407567061574,0.11038961038961038,0.038059736803894934,0.012012987012987014,0.024063844144307296,0.17532467532467533,0.03565277615602291,11.73117957781189,143.1337995846521,18.983646438257285,11.65712168346017,11.660837201714347,197.1665844858958,0.0,False
288,288000,incremental,0.029794667325534242,0.015517241379310346,0.025201251189936217,0.13793103448275862,0.052696717382756705,0.014080459770114944,0.03417236808961184,0.23563218390804597,0.05531694165728541,11.732918599467734,145.96889805350983,19.48936283602265,11.657327121106231,11.660944233160553,200.509450843267,0.0,False
289,289000,incremental,0.04022943099098736,0.02193548387096774,0.03180292017417519,0.18064516129032257,0.057568855930678356,0.015806451612903227,0.03720611092229643,0.25161290322580643,0.05823504688105706,11.76439171692023,141.8882507897498,18.33227733545606,11.657253471186735,11.661258066224256,195.30343137953707,0.0,False
290,290000,incremental,0.03202291129922708,0.01647727272727273,0.02515699167710935,0.14772727272727273,0.05439051080498449,0.014488636363636363,0.03351864704649455,0.23295454545454544,0.051513127180696845,11.725515453205048,143.74858601511053,20.311374086832977,11.657312346181891,11.661037396387686,199.10382529771815,0.0,False
291,291000,incremental,0.02596096096096096,0.017368421052631578,0.02889117277606741,0.13157894736842105,0.033625184926672345,0.012105263157894735,0.030873251483604622,0.17894736842105263,0.06975269290121823,11.723487532165622,143.93003883939048,18.035308867639376,11.657512871979247,11.663226548559724,197.00957465973443,0.0,False
292,292000,incremental,0.02327650905819781,0.013513513513513514,0.023596193710823953,0.12837837837837837,0.041670951637422994,0.013175675675675676,0.031317369742770176,0.20270270270270271,0.059505502887855825,11.77163898146566,147.96486670470148,17.439736796971694,11.65772970222745,11.655194419528392,200.48916660489465,0.0,False
293,293000,incremental,0.030185913381096365,0.017985611510791366,0.029741001137278136,0.1366906474820144,0.054136945472720334,0.016906474820143885,0.03857821757568619,0.23741007194244604,0.06500792561609543,11.720093903516693,138.5871826211152,17.462078646258984,11.662309005427973,11.65840619889863,191.0900703752175,0.0,False
294,294000,incremental,0.02562492388259652,0.013253012048192772,0.020172207833429733,0.13253012048192772,0.03612595181363862,0.010843373493975905,0.024406893631048206,0.1927710843373494,0.03897206558346474,11.72576208165188,137.17662866313123,17.184586916171863,11.658501825911882,11.661659334638586,189.40713882150544,0.0,False
295,295000,incremental,0.022624535108741104,0.015862068965517243,0.02352511939105433,0.14482758620689656,0.049242242711582035,0.017931034482758623,0.034609112885336045,0.27586206896551724,0.06592211819472416,11.729578978394994,142.35053493139722,17.10307596984595,11.65623783331432,11.660465479193526,194.499893192146,0.0,False
296,296000,incremental,0.015773275294328377,0.011834319526627219,0.01609516519868963,0.10650887573964497,0.03231625979460642,0.012130177514792902,0.022209742566153153,0.1893491124260355,0.04368030581826907,11.75578968511809,139.0859101005476,17.265623709780687,11.65585573523198,11.658643977369154,191.42182320804753,0.0,False
297,297000,incremental,0.032622333798197144,0.01899441340782123,0.027753863624620137,0.16759776536312848,0.04523916226935911,0.01424581005586592,0.03200562361533216,0.22346368715083798,0.06195622290261409,11.72848068690946,137.91773141107188,17.375553731199812,11.65720466034248,11.660708658309261,190.33967914783287,0.0,False
298,298000,incremental,0.02723147223147223,0.014545454545454547,0.02289324191970032,0.1393939393939394,0.05316100566100566,0.014545454545454547,0.033834632905538065,0.21818181818181817,0.04962706980086659,11.721291394622968,136.9347442493063,17.233220623150135,11.66060523781487,11.660547576994308,189.2104090818886,0.0,False
299,299000,incremental,0.028222719298922505,0.014141414141414146,0.023172497234661516,0.13636363636363635,0.04782867863304583,0.01287878787878788,0.030888627778404947,0.2222222222222222,0.050990093319931956,11.750623244349834,136.92724108675668,17.75509310994461,11.65602058519899,11.660693729653726,189.74967175590388,0.0,False
300,300000,incremental,0.014268960277541523,0.010273972602739725,0.015640176924791884,0.0958904109589041,0.027482788226409125,0.00993150684931507,0.0207831287620553,0.1506849315068493,0.04202551634058484,11.72166906573957,135.32020544805567,17.15585951359011,11.708226563877933,11.660479292255332,187.56643988351863,574.168416785481,True
301,301000,incremental,0.029327041061734938,0.015646258503401362,0.02397102000950843,0.14285714285714285,0.039443565757374864,0.013605442176870748,0.029219397216207442,0.21768707482993196,0.05146008564375911,11.778120047281625,153.26519946912143,18.585641292034882,11.658555138613359,11.663847288415074,206.95136323546637,0.0,False
302,302000,incremental,0.044639617120857726,0.029914529914529916,0.04242105469789835,0.21367521367521367,0.06374052624722602,0.02222222222222222,0.04837627808318422,0.29914529914529914,0.08385502897192187,11.799271226423102,142.5013072450243,17.258362579514184,11.65439118888667,11.660446718839147,194.87377895868744,0.0,False
303,303000,incremental,0.020044398530646417,0.014285714285714285,0.022870474893198073,0.13043478260869565,0.030383291265176877,0.011801242236024844,0.026378972488555086,0.18633540372670807,0.05656537977509844,11.805785117946499,138.35287950907104,17.154296486951438,11.655916723168902,11.658080429230445,190.62695826636832,0.0,False
304,304000,incremental,0.02488101754111606,0.01182266009852217,0.02066778945599961,0.10837438423645321,0.04400689777826839,0.011083743842364532,0.028566024567367287,0.17733990147783252,0.04554237626668959,11.71038335551211,137.6917683704737,17.523746696626596,11.656025520681567,11.659799637978029,190.24172358127203,0.0,False
305,305000,incremental,0.02028403768099027,0.01764705882352941,0.02544457327028474,0.13725490196078433,0.040855125233501974,0.015359477124183007,0.031506924075061886,0.2222222222222222,0.06911419962928492,11.730394480741202,138.30665138696295,17.13467857598905,11.657308892923378,11.661581411526178,190.49061474814278,0.0,False
306,306000,incremental,0.03760659692465411,0.021476510067114096,0.032617845066801356,0.18120805369127516,0.057818816756639184,0.017449664429530203,0.04025811423217212,0.2684563758389262,0.06991167442992821,11.728098068458648,139.9258632611422,17.336718790825213,11.655939658211656,11.658556009819243,192.30517578845698,0.0,False
307,307000,incremental,0.017117756371487717,0.01707317073170732,0.02207162389997964,0.13821138211382114,0.04013108785163147,0.016666666666666666,0.02995215522899191,0.23577235772357724,0.050443009401515776,11.72951075280315,140.0997853768654,16.814378406337926,11.657287507127467,11.659322563320472,191.96028460645445,0.0,False
308,308000,incremental,0.019081660801880757,0.014705882352941176,0.02010077053600437,0.11764705882352941,0.032209353818978305,0.012499999999999999,0.02531329870896414,0.16176470588235295,0.04616623164417282,11.739953180836537,137.35147663893054,17.122608078568025,11.654595506976895,11.657697897515806,189.52633130282783,0.0,False
309,309000,incremental,0.029124114068865448,0.015469613259668507,0.026878016333819362,0.11602209944751381,0.04911506541340796,0.013812154696132596,0.03502952144186396,0.18232044198895028,0.05214669404947871,11.70453402796201,137.6626233187267,17.212459337612174,11.655773188054553,11.659640574993023,189.8950304473485,0.0,False
310,310000,incremental,0.0333588520859932,0.017098445595854925,0.02711187058625593,0.15025906735751296,0.05524908975648079,0.013989637305699482,0.03442564690301166,0.20725388601036268,0.0527029911881289,11.72525500775512,137.62756845576985,17.612589791965448,11.654432048549545,11.659628555579783,190.27947385961977,0.0,False
311,311000,incremental,0.031005634101201964,0.014210526315789474,0.026085689329498576,0.1368421052631579,0.053133983049615946,0.013421052631578946,0.03493319039020671,0.24210526315789474,0.05808685412319109,11.691718281595097,137.12313898886498,17.576403081004386,11.658114611012849,11.664390578203232,189.71376554068053,0.0,False
312,312000,incremental,0.01194491907517488,0.010055865921787711,0.01438013282319446,0.09497206703910614,0.028820186065459948,0.010614525139664804,0.021022732888726407,0.16201117318435754,0.04180671356977633,11.750821641440258,146.04772372332764,17.103908247620424,11.657176789817147,11.660931835313914,198.2205622375194,0.0,False
313,313000,incremental,0.03005508192607266,0.01639344262295082,0.02460777805129021,0.1366120218579235,0.04792694392361772,0.01284153005464481,0.030524846229482393,0.18032786885245902,0.05058613916211745,11.75300260590484,138.41244421186616,17.859282272728038,11.656568747409057,11.660186147247064,191.34148398515515,0.0,False
314,314000,incremental,0.03250521462811966,0.017318435754189943,0.028971769703319106,0.1564245810055866,0.04783614868148828,0.013966480446927373,0.03500871415081256,0.2346368715083799,0.06487192427465185,11.723933740312443,139.0378265342107,17.08285193090242,11.654757360951562,11.657305419937591,191.1566749863147,0.0,False
315,315000,incremental,0.017686804518447518,0.012413793103448275,0.01827537400642507,0.1103448275862069,0.03371926465841273,0.011724137931034485,0.024100454305210742,0.1724137931034483,0.045352749986570844,11.718941212351952,140.9527938884686,16.892425421022317,11.654868247765183,11.657881740428921,192.876910510037,0.0,False
316,316000,incremental,0.01968746260514553,0.011000000000000001,0.016439149560000775,0.09,0.04599933129201422,0.01125,0.02611658990378616,0.16,0.03295034957302759,11.698224060316399,138.3176273638681,17.153876560108138,11.656835598727877,11.659828241722403,190.4863918247429,0.0,False
317,317000,incremental,0.03638814888814889,0.019230769230769232,0.03614623132853886,0.16666666666666666,0.048484922983754675,0.014743589743589745,0.041351842621608945,0.23717948717948717,0.07714946723713692,11.73719357792924,137.98074322360355,16.876109776922664,11.65794242483087,11.659536630181933,189.91152563346827,0.0,False
318,318000,incremental,0.019117778772951188,0.008866995073891626,0.019135231909170346,0.07389162561576355,0.03364994647985542,0.009113300492610837,0.024772870225771484,0.1477832512315271,0.04660968427916223,11.746814842783504,140.12789036718652,17.350428842682895,11.657677177936975,11.660108326608242,192.54291955719813,0.0,False
319,319000,incremental,0.02242811440145546,0.012315270935960592,0.020019441117826272,0.11330049261083744,0.03444204464198669,0.0103448275862069,0.025161957955209847,0.15763546798029557,0.04537005572136503,11.751352938460524,138.14154658732537,17.65211205670414,11.654801208724198,11.658403423667195,190.8582162148814,0.0,False
320,320000,incremental,0.014467167919799498,0.013333333333333334,0.017724879370851404,0.1,0.03095474158368895,0.013000000000000003,0.023679477717442284,0.18,0.04407350057350057,11.72294877575808,136.38729345284705,17.743535899894525,11.724518043515486,11.65953380764806,189.23782997966316,753.1439377642946,True
321,321000,incremental,0.03638002809695988,0.018965517241379314,0.029685284659712426,0.1839080459770115,0.05914120145280161,0.01781609195402299,0.04021792513189535,0.29310344827586204,0.06629128959917899,11.760571579769174,150.89361688584714,21.815983773335045,11.65746451320393,11.666504976678983,207.79414172883426,0.0,False
322,322000,incremental,0.032405141480939356,0.018918918918918916,0.03021392306755487,0.16891891891891891,0.051276409999126436,0.015540540540540543,0.03615682862014882,0.22972972972972974,0.071632233435639,11.757064648884597,150.77147156632165,23.7949537201243,11.660386381326383,11.664143027320662,209.64801934397764,0.0,False
323,323000,incremental,0.030456261423606218,0.014619883040935672,0.02635589184296256,0.13450292397660818,0.051917510490634436,0.01345029239766082,0.034630562923898406,0.2222222222222222,0.0572855942410828,11.75480886370095,148.78869026629937,17.28441726271679,11.659853569601086,11.663957982063767,201.151727944382,0.0,False
324,324000,incremental,0.025090250461741927,0.01708860759493671,0.0238901011933563,0.14556962025316456,0.04911785914812882,0.015189873417721522,0.031711612139960994,0.22151898734177214,0.05341778732973818,11.751029838524829,147.5494604356864,17.08515936055255,11.65523693488768,11.660445157754552,199.701331727406,0.0,False
325,325000,incremental,0.021142048759849805,0.01151832460732984,0.016635581110249528,0.08900523560209424,0.030086391212045663,0.009424083769633508,0.01991219070160922,0.13612565445026178,0.03313727162583597,11.746311841073776,137.10226295125804,17.201541746822425,11.657222080393993,11.661779292182484,189.3691179117307,0.0,False
326,326000,incremental,0.029878175046242277,0.013186813186813189,0.025379457906505844,0.13186813186813187,0.05104658996465718,0.012362637362637362,0.03422400202666572,0.21428571428571427,0.05127948693232094,11.698202556267855,139.6521946254864,17.439040590955244,11.658953040505349,11.668607446432834,192.1169982596477,0.0,False
327,327000,incremental,0.025235278805047726,0.014012738853503185,0.022271680463046572,0.12738853503184713,0.04513015181423518,0.01305732484076433,0.029867279124067687,0.19745222929936307,0.05028225749938001,11.751026972636748,150.19318311244868,17.62503165009255,11.658897823757508,11.66180662925953,202.889946188195,0.0,False
328,328000,incremental,0.029237083636232376,0.01787709497206704,0.024652171875276897,0.16201117318435754,0.04006472049617431,0.01340782122905028,0.028946749159180128,0.22346368715083798,0.05527407105619396,11.72029819505871,150.8046850535877,17.521163071340663,11.659340054356871,11.664683691667289,203.3701700660112,0.0,False
329,329000,incremental,0.021693956430798536,0.015135135135135135,0.020941953422824934,0.13513513513513514,0.0412039047001453,0.013243243243243245,0.027889624205027334,0.22162162162162163,0.05358247717380844,11.748801265532016,145.93370259806392,17.34335914235774,11.659131991290096,11.661975430427018,198.3469704276708,0.0,False
330,330000,incremental,0.023040536111898054,0.014375000000000002,0.021277516152772836,0.1125,0.0361599081888261,0.011250000000000001,0.026401658673122202,0.1625,0.04144562035187035,11.720349674712583,152.52227607510937,18.50417607494881,11.65835000846438,11.663104655459943,206.06825648869508,0.0,False
331,331000,incremental,0.03531823361490879,0.022818791946308724,0.036180433930667596,0.18120805369127516,0.05586655539651001,0.018456375838926176,0.04074419191663555,0.26174496644295303,0.07893710433578906,11.754691661675087,145.99802786381676,17.56551647934257,11.66255454586318,11.664302642197534,198.6450931928951,0.0,False
332,332000,incremental,0.03192433766068739,0.01976744186046512,0.031511905096758136,0.1686046511627907,0.05000817052817176,0.015697674418604653,0.03724492181598619,0.21511627906976744,0.06753013858007018,11.731738797551849,145.90515018725324,17.434536297170066,11.660680050623595,11.662137288370733,198.3942426209695,0.0,False
333,333000,incremental,0.01663152243145779,0.00989010989010989,0.016939743459329786,0.08241758241758242,0.030959014387710926,0.010164835164835165,0.02300474041915733,0.17032967032967034,0.043712259636544334,11.765110831424286,149.61816345077094,19.439544530042152,11.655541251737178,11.66295036632292,204.1413104302975,0.0,False
334,334000,incremental,0.026067234666279308,0.01812865497076023,0.024462301393843,0.14619883040935672,0.043948129714357013,0.01432748538011696,0.029963839158841456,0.2046783625730994,0.050492765240742,11.756390549011453,148.99416630141658,18.374795434372704,11.661119505984585,11.662025234698836,202.44849702548416,0.0,False
335,335000,incremental,0.03155622572335586,0.022321428571428572,0.028377228783056953,0.13392857142857142,0.055658119892934364,0.01875,0.037103708245129034,0.20535714285714285,0.04799818601683097,11.758750282933605,144.77604539660237,18.95752332901901,11.656603516554952,11.66198573898658,198.81090826409653,0.0,False
336,336000,incremental,0.027064210587199093,0.018333333333333337,0.02601697584629688,0.16111111111111112,0.035614833017131864,0.0125,0.028698030688121996,0.19444444444444445,0.062432176574333434,11.724558055634105,144.46642418801392,18.608895069008312,11.6556399654133,11.65785251384943,198.11336979191907,0.0,False
337,337000,incremental,0.023184880307907774,0.015254237288135594,0.021428896002435943,0.12994350282485875,0.0444423500823267,0.014124293785310734,0.029754164029297946,0.23163841807909605,0.051449323698366044,11.803219824177425,143.76448343215998,18.698922227458613,11.65754015118592,11.6733606072561,197.59752624223802,0.0,False
338,338000,incremental,0.022156338649075333,0.013836477987421384,0.02010270074277194,0.12578616352201258,0.04119566832492761,0.011949685534591196,0.027078303718565372,0.20754716981132076,0.04367342677918646,11.823633226992758,140.7826224501252,17.02266628936244,11.659955563070312,11.660910402222502,192.9497879317732,0.0,False
339,339000,incremental,0.023268409337240788,0.016447368421052634,0.021660879194463075,0.14473684210526316,0.04436592348669801,0.013815789473684212,0.028025184676848048,0.21052631578947367,0.04735121045105565,11.811450846985206,138.37551295045603,17.19976679480373,11.655566788559835,11.659557089593875,190.70185447039867,0.0,False
340,340000,incremental,0.027531269882628173,0.01790123456790124,0.027224738412699716,0.1419753086419753,0.04148284471383263,0.013580246913580249,0.03219476670618906,0.20987654320987653,0.05421165163812222,11.737959788482577,140.22313466925672,17.22770857022493,11.707340592886917,11.65991685971035,192.55606048056148,650.3374874230194,True
341,341000,incremental,0.024252741199475507,0.014457831325301207,0.02488923210390867,0.12650602409638553,0.04170350878585418,0.012951807228915665,0.03139188266623352,0.19879518072289157,0.06194544490079572,11.77731186538522,152.96815648775663,18.894781603148726,11.65700128441527,11.664030039382212,206.96128128008803,0.0,False
342,342000,incremental,0.022102418923216207,0.014285714285714287,0.017523562696238074,0.10884353741496598,0.03998552856839653,0.01326530612244898,0.02426067969422619,0.19047619047619047,0.03583768768737493,11.737643369424955,153.08046609016634,17.54570084734619,11.660819730405226,11.661434009199724,205.6860640465424,0.0,False
343,343000,incremental,0.029148182374125926,0.016763005780346823,0.027992667201349644,0.14450867052023122,0.038239821306805324,0.01184971098265896,0.031084465658125112,0.1907514450867052,0.06294761662833746,11.738342320183337,152.23399370520306,22.68736147946482,11.658523251120712,11.661237772381261,209.9794585283532,0.0,False
344,344000,incremental,0.03183915104621748,0.02112676056338028,0.025770758107522652,0.18309859154929578,0.04705664537360723,0.017253521126760565,0.032365468993259684,0.24647887323943662,0.05425215001426138,11.744345246991749,149.8635378889418,17.282061280848858,11.665734000160244,11.662604271295285,202.21828268823796,0.0,False
345,345000,incremental,0.03638717384394262,0.021022727272727273,0.03291036777685544,0.16477272727272727,0.04467646977528401,0.014204545454545454,0.035545376859006265,0.21022727272727273,0.06997954140333819,11.761495950585177,145.21807487891115,17.423498686858217,11.658416372767322,11.665110157876857,197.72659604699874,0.0,False
346,346000,incremental,0.026248390057913865,0.015343915343915345,0.023661367393881038,0.12169312169312169,0.04577849839754602,0.0126984126984127,0.030097556351536738,0.18518518518518517,0.048157417476548635,11.752437670153881,142.64037620036197,17.125897587427772,11.655317124700804,11.659464580759948,194.8334931634044,0.0,False
347,347000,incremental,0.02506109215530689,0.020666666666666667,0.026116340672274366,0.15333333333333332,0.04601384874970434,0.018000000000000002,0.03347400867503073,0.23333333333333334,0.06176496826187228,11.712250510581557,141.28249331241128,18.354978528409283,11.65696273085215,11.659857771850746,194.666542854105,0.0,False
348,348000,incremental,0.017538503344373478,0.012499999999999999,0.017012431293198915,0.1118421052631579,0.04114680584998719,0.013486842105263156,0.0255052360468934,0.21052631578947367,0.04473260818558806,11.7046304355245,142.00551005981444,17.29898904923033,11.655937411231276,11.662323811889586,194.32739076769013,0.0,False
349,349000,incremental,0.026280127843551854,0.018421052631578946,0.031244126411317224,0.15789473684210525,0.04950310264726369,0.016776315789473684,0.039238454003249976,0.23026315789473684,0.07607885159645995,11.759818965464962,138.53580204160886,17.240052438624588,11.658330061531386,11.663639800901793,190.8576433081316,0.0,False
350,350000,incremental,0.024264407890815902,0.015957446808510637,0.021110447352287842,0.13829787234042554,0.053468522160637307,0.015159574468085107,0.03144285526575888,0.2127659574468085,0.047402601195582546,11.749995814783198,154.129926709351,17.190190685092976,11.657605822321116,11.661970491017026,206.38968952256533,0.0,False
351,351000,incremental,0.025211349285704867,0.015882352941176472,0.022545793728984173,0.1411764705882353,0.04471422411984905,0.01264705882352941,0.029142636804019025,0.2,0.04518345216874629,11.75637358623305,139.05163018204658,17.034295605872217,11.658650899651345,11.661128600376491,191.16207887417968,0.0,False
352,352000,incremental,0.027722053007379097,0.021014492753623187,0.029198104595781788,0.16666666666666666,0.04338382081056939,0.01594202898550725,0.03424288499789889,0.2318840579710145,0.0662577179243285,11.733302210811814,139.82505809292945,17.115336086281907,11.659821453444131,11.66065195935817,191.99416980282547,0.0,False
353,353000,incremental,0.027283485725376217,0.017318435754189943,0.02655042070314224,0.13966480446927373,0.05089848762518001,0.014804469273743018,0.034555052776496356,0.21787709497206703,0.06108396250114949,11.732046559798093,138.53192892382404,17.167847050261752,11.655309327271436,11.659582295250882,190.74671415640617,0.0,False
354,354000,incremental,0.016121295278240105,0.013432835820895522,0.018258819539849005,0.09701492537313433,0.03289552436590203,0.011567164179104479,0.023437447172626705,0.1791044776119403,0.04568688218040143,11.699594304193095,139.91394536383427,17.03197048980032,11.657485281355019,11.663492808566822,191.9664882477495,0.0,False
355,355000,incremental,0.03811712750760029,0.021556886227544914,0.03400920833624884,0.17365269461077845,0.062413772313227145,0.017964071856287428,0.042641475674915205,0.2694610778443114,0.07012005143737035,11.732811465520188,139.61591571107212,17.073425269936713,11.657070467935293,11.664268472225125,191.74349138668944,0.0,False
356,356000,incremental,0.0375245008391289,0.02138364779874214,0.031070813744945847,0.1761006289308176,0.05566126740356843,0.014779874213836478,0.0351787711363174,0.24528301886792453,0.05823502592735609,11.745063462201276,139.83981480480966,16.950151282224546,11.660317741177263,11.662372232462692,191.85771952287544,0.0,False
357,357000,incremental,0.02467485007371511,0.014383561643835616,0.020479964386109436,0.11643835616438356,0.05143379688884001,0.015068493150684932,0.030958006127629646,0.2328767123287671,0.03745852630718401,11.752003481413364,138.52146945100841,16.96372392205603,11.65836987655766,11.662493565808841,190.5580602968443,0.0,False
358,358000,incremental,0.034182797552700345,0.025,0.03188139764497867,0.18125,0.05028142278822245,0.0190625,0.03723988894271532,0.25,0.06029148802586304,11.731099092332498,139.97358675101046,17.235761143902238,11.656946706295468,11.663186989765983,192.26058068330664,0.0,False
359,359000,incremental,0.023966862203451907,0.014705882352941176,0.021815146433614624,0.12941176470588237,0.04136348752024529,0.011764705882352941,0.027603836450407555,0.18235294117647058,0.049866228542699134,11.732559937069343,138.58604527733354,17.204044899604696,11.659403888475417,11.662702775999678,190.8447567784827,0.0,False
360,360000,incremental,0.030427693228245057,0.01751412429378531,0.024711027008223915,0.14689265536723164,0.04422598689942009,0.013559322033898305,0.030350951095812668,0.2033898305084746,0.05046593105246093,11.702457146281485,138.53955837898891,17.064813970915637,11.685684754861313,11.65999166465037,190.6525059156977,554.3521490553316,True
361,361000,incremental,0.028731674376578833,0.018471337579617837,0.03145185393926026,0.1592356687898089,0.048459525297312615,0.01687898089171975,0.039091220838487394,0.2484076433121019,0.07672527336160473,11.743184311879817,152.011332038432,17.65713746061659,11.658945420461864,11.664031076136228,204.7346303075265,0.0,False
362,362000,incremental,0.023470697098745878,0.013095238095238096,0.022312167216031284,0.11904761904761904,0.042249298401301885,0.012797619047619049,0.030371251494441663,0.19642857142857142,0.05170682308010923,11.782527613704573,162.83745615862378,17.44250382021417,11.658155549529315,11.661215921429658,215.38185906350148,0.0,False
363,363000,incremental,0.03239613832722421,0.023703703703703706,0.03056897308386601,0.18518518518518517,0.03913130909232273,0.015555555555555553,0.03151112736420655,0.2,0.057898986755195905,11.744544897648868,156.92979884082692,17.253000324013446,11.65923016882564,11.663125378980066,209.24969961029493,0.0,False
364,364000,incremental,0.029581466080099386,0.01951219512195122,0.027438439665586987,0.1524390243902439,0.05154630397481532,0.01768292682926829,0.035863010819930145,0.22560975609756098,0.057052824065821496,11.743745262179917,153.5652098582363,17.088643025658932,11.658278597656558,11.661573748100729,205.71745049183244,0.0,False
365,365000,incremental,0.02944129035151687,0.02215189873417722,0.03611748128153924,0.18354430379746836,0.05120961081445757,0.0189873417721519,0.042801486553961904,0.2468354430379747,0.09472542225706783,11.742598940364669,159.60348972721138,20.359531554797748,11.658067384873183,11.670803142460606,215.0344907497076,0.0,False
366,366000,incremental,0.019721978771058524,0.014110429447852763,0.018985808891245962,0.11042944785276074,0.04091402803059244,0.013190184049079755,0.027228590326350773,0.2085889570552147,0.045784463341302026,11.792711827496305,151.52875508804564,17.096907153402174,11.656312236152377,11.662217237723427,203.73690354281996,0.0,False
367,367000,incremental,0.015793806068934463,0.011494252873563218,0.017539162960182812,0.09195402298850575,0.027791246709686426,0.010344827586206898,0.021997263177387483,0.13793103448275862,0.04384934131718054,11.719980471169844,148.04055422708296,17.257844624862795,11.656480350161203,11.661529569190199,200.336389242467,0.0,False
368,368000,incremental,0.030972476675006386,0.016062176165803112,0.029372346018257375,0.13989637305699482,0.0512167401835186,0.012694300518134716,0.03636176944423893,0.19689119170984457,0.06492975110233166,11.710389879654448,147.29773906461963,17.05448396391307,11.654793501958416,11.66186863944818,199.37927504959376,0.0,False
369,369000,incremental,0.034960112205801856,0.0165,0.03222942620484507,0.155,0.05785473804032539,0.01425,0.041482073923069594,0.23,0.06765890746250652,11.704701578268972,147.96062231843544,17.295738614933608,11.655743996946688,11.661260632511716,200.27806714109644,0.0,False
370,370000,incremental,0.026329126248161274,0.017977528089887642,0.02544997575713853,0.1404494382022472,0.04873728508890438,0.015730337078651683,0.03287790923454483,0.20786516853932585,0.052929365622646656,11.749222074849964,147.88296678830415,17.2926332458051,11.654880996456175,11.66127018022156,200.24097328563693,0.0,False
371,371000,incremental,0.02730516935799163,0.014619883040935672,0.023268065215197663,0.12280701754385964,0.037712124749691496,0.011403508771929825,0.02670961122692907,0.19298245614035087,0.046098372826959,11.716174458498152,147.71640850899658,16.961122094802384,11.65562790658714,11.663593292216001,199.71292626110028,0.0,False
372,372000,incremental,0.041617862424314034,0.02064516129032258,0.03317779103363793,0.16774193548387098,0.06952053562110488,0.01741935483870968,0.04382244395002154,0.25806451612903225,0.06444835234009308,11.735919106914405,147.56360090351083,16.98455421240974,11.65671214850561,11.66200440473608,199.60279077607666,0.0,False
373,373000,incremental,0.040283158541007225,0.027611940298507463,0.036667501733074974,0.21641791044776118,0.055254083567259075,0.01828358208955224,0.03940500159520695,0.2462686567164179,0.06822018155973379,11.73321330159849,147.59956380469563,17.047163351310846,11.659770789818058,11.67263778718841,199.71234903461144,0.0,False
374,374000,incremental,0.02863479084841314,0.018823529411764708,0.02957557470577053,0.13529411764705881,0.04913561870992211,0.015000000000000001,0.03567005114070637,0.19411764705882353,0.06295884370187775,11.744044592310043,145.37259077451736,17.441912777221845,11.657430671691005,11.66213040548758,197.87810922122785,0.0,False
375,375000,incremental,0.03234792343536072,0.01893491124260355,0.02929891925567399,0.17159763313609466,0.057641006420751394,0.01686390532544379,0.0387909185777441,0.2781065088757396,0.06539772322742626,11.702322843504254,149.90260262590093,17.142691528693188,11.658210096104904,11.662366417905524,202.0681935121088,0.0,False
376,376000,incremental,0.022885017561605523,0.012371134020618556,0.01900994736702445,0.1134020618556701,0.03577120640140261,0.00979381443298969,0.023289907688396935,0.17525773195876287,0.04190416730433008,11.735077015240236,146.47847520640744,19.31186237839888,11.65742902391187,11.661108010888043,200.84395163484646,0.0,False
377,377000,incremental,0.025540806548816915,0.016867469879518072,0.023792615412541965,0.13855421686746988,0.04396384351212751,0.015060240963855425,0.03021154441521355,0.2289156626506024,0.0543541012888993,11.733541562669592,153.03378949196866,18.997250849153712,11.65737471779671,11.660855055398155,207.0828116769868,0.0,False
378,378000,incremental,0.023404652737776366,0.014438502673796792,0.021226803222957325,0.11764705882352941,0.044427717960275365,0.014705882352941176,0.029862792856458098,0.21390374331550802,0.04999499327035295,11.74949831227179,149.5755862619269,17.409203633425573,11.657795838532214,11.661518949213079,202.05360299536954,0.0,False
379,379000,incremental,0.022674599382673917,0.014906832298136646,0.025436536155819322,0.11180124223602485,0.04876222366275708,0.015527950310559006,0.03546428372297653,0.19875776397515527,0.061600838774751816,11.768981612050865,145.99805260148702,17.057884353660626,11.65598445997118,11.660697667795205,198.1416006949649,0.0,False
380,380000,incremental,0.03419391281233387,0.021052631578947368,0.030385813935068454,0.1736842105263158,0.055363182139497924,0.01763157894736842,0.039605930316211624,0.23684210526315788,0.06504649804959402,11.704225351155673,148.99269728260722,17.78216023770596,11.692483266170782,11.660350575398715,201.8319167130384,649.614315530081,True
381,381000,incremental,0.02436149162155354,0.012834224598930483,0.023420968018425376,0.10695187165775401,0.043868019951611284,0.011229946524064173,0.030133716994537218,0.18181818181818182,0.05084625908225684,11.793934475493039,152.40487726179975,20.75074992992365,11.657816435903246,11.664637387984179,208.27201549110387,0.0,False
382,382000,incremental,0.024186235107012444,0.015686274509803925,0.021332463119901286,0.13725490196078433,0.045037106966940424,0.016339869281045753,0.02986764261124055,0.2222222222222222,0.04756009145844027,11.793242131838412,150.51557301666574,17.330938045304055,11.657572831044739,11.662809578816269,202.96013560366924,0.0,False
383,383000,incremental,0.02177526142421778,0.012903225806451613,0.02077156547784084,0.0967741935483871,0.04141668140220022,0.011935483870967743,0.02817996073422284,0.1935483870967742,0.046070481667205926,11.735982799132572,151.0661535083918,21.817108943250616,11.658998070887549,11.66389402573742,207.94213734739998,0.0,False
384,384000,incremental,0.025419618752780013,0.015568862275449106,0.021852735514170274,0.1437125748502994,0.03979775902396179,0.011976047904191617,0.025986437032153965,0.18562874251497005,0.05165579841081779,11.734584917322266,150.14585752494426,18.03745238791732,11.657733833533857,11.662259102623862,203.23788776634157,0.0,False
385,385000,incremental,0.025310769686830804,0.016129032258064516,0.02200738820862025,0.11827956989247312,0.04008865906149438,0.012365591397849464,0.027249215438447865,0.1881720430107527,0.042618735716458675,11.732776072498341,149.5257794683902,18.935969777686413,11.658072501696815,11.662516067212358,203.51511388748412,0.0,False
386,386000,incremental,0.024124292131466104,0.01584699453551913,0.027164434140688126,0.12568306010928962,0.045432575000938454,0.013934426229508195,0.03394457498898596,0.2185792349726776,0.0637807174882747,11.732871326039508,149.25655978097197,23.875177450519146,11.658179300572113,11.661519871669634,208.18430772977237,0.0,False
387,387000,incremental,0.01849429048365971,0.014285714285714287,0.017027440213407536,0.13636363636363635,0.04467984446176033,0.01525974025974026,0.026771287727044145,0.2532467532467532,0.03988837878533709,11.731030716416457,150.6939906186222,19.77739034543513,11.658910296502567,11.66297248141046,205.5242944583868,0.0,False
388,388000,incremental,0.02080739917049441,0.014583333333333334,0.02196505520716079,0.10416666666666667,0.03576543890663843,0.012500000000000002,0.027690081700289117,0.18055555555555555,0.052989030949557266,11.728899899671186,150.49817248218022,19.339870412984904,11.657729296191132,11.662635236331376,204.8873073273588,0.0,False
389,389000,incremental,0.030425728353905147,0.018784530386740335,0.029172055178856165,0.15469613259668508,0.039645307117682806,0.012983425414364643,0.031786080568492504,0.19889502762430938,0.06491455363327317,11.72806168306395,153.79511601622264,17.407131338659234,11.659277162373582,11.661470808541075,206.25105700886047,0.0,False
390,390000,incremental,0.035411140721834364,0.02138728323699422,0.026327388839746797,0.17341040462427745,0.05084030853539524,0.015317919075144508,0.03172915387164742,0.23121387283236994,0.04617135669498811,11.779811692994024,151.06196432068674,17.60183023681583,11.655789366349367,11.661652688274572,203.76104830512054,0.0,False
391,391000,incremental,0.02952394120041179,0.018823529411764708,0.030593415792528757,0.14705882352941177,0.049790591524606874,0.016764705882352942,0.03871864344033662,0.23529411764705882,0.06780790768247516,11.734567130633478,145.65256036190576,17.454909332470514,11.659729614157953,11.661641950058698,198.16340838922642,0.0,False
392,392000,incremental,0.03842720600785117,0.019999999999999997,0.029954689071514738,0.16111111111111112,0.05945158018439926,0.016666666666666666,0.038358336211760914,0.23333333333333334,0.05942822008095486,11.73565989534553,152.88485293546427,17.72547810356684,11.659550829559716,11.661965050938083,205.66750681487443,0.0,False
393,393000,incremental,0.040177005581286195,0.024827586206896554,0.03506838305042787,0.20689655172413793,0.06269815188592227,0.02,0.042654713709951005,0.296551724137931,0.07017716281915064,11.7034837352481,148.99083425910786,17.04663990532984,11.656964027800809,11.661274481045147,201.05919640853176,0.0,False
394,394000,incremental,0.027167984807605457,0.01780821917808219,0.02400753580686227,0.136986301369863,0.0436032048387159,0.01404109589041096,0.029439361401325297,0.2054794520547945,0.04562215681670493,11.747662524347335,149.82524302040167,16.993862399977687,11.658707338449425,11.662309399640414,201.88778468281652,0.0,False
395,395000,incremental,0.02472736294972476,0.0135678391959799,0.020133669368516655,0.12562814070351758,0.04775338773454351,0.013316582914572866,0.029142653346422853,0.24623115577889448,0.04791479149881066,11.744108500855166,145.7820053348269,17.579388729746515,11.657078967081125,11.66179907353959,198.42438060604928,0.0,False
396,396000,incremental,0.04184568412580496,0.024503311258278145,0.043167081977670364,0.1986754966887417,0.050835200863666066,0.016887417218543047,0.04641949512865715,0.2251655629139073,0.09874132421750981,11.697597194451625,147.75339940517605,17.010331825870196,11.658850305906743,11.663343494339173,199.7835222257438,0.0,False
397,397000,incremental,0.050883481597767316,0.029999999999999995,0.04729675261718792,0.24285714285714285,0.06971732696387074,0.021785714285714287,0.05458330547668136,0.32857142857142857,0.10185087613133832,11.7313193521984,150.3289226431892,17.599365553275238,11.658964586838682,11.661681631039421,202.98025376654095,0.0,False
398,398000,incremental,0.02430807919938355,0.015053763440860214,0.021677241101731335,0.12365591397849462,0.034438696789678556,0.011021505376344087,0.02523867915203565,0.1774193548387097,0.048676787816531154,11.746308619914325,152.19664438542725,17.287141607327804,11.660061321222548,11.661382320629631,204.55153825452155,0.0,False
399,399000,incremental,0.02843450462272845,0.01790123456790124,0.025049957636968254,0.14814814814814814,0.046810844094075967,0.015123456790123458,0.031134734187491107,0.2222222222222222,0.0500191160493878,11.76582937827131,145.48875317589582,17.51200947870679,11.660132810870083,11.66292054448348,198.08964538822752,0.0,False
400,400000,incremental,0.0275610325986523,0.015294117647058824,0.025594619478167522,0.12941176470588237,0.0518777289741722,0.014705882352941176,0.03528214876558163,0.22941176470588234,0.05345424999836765,11.737128435038159,145.7216687676538,17.093517243479962,11.72046920203118,11.66139638203445,197.93418003023754,552.9077055061033,True
401,401000,incremental,0.03649555893824541,0.023312883435582823,0.036817693419294806,0.18404907975460122,0.06374892713930493,0.01932515337423313,0.046115384431964564,0.26993865030674846,0.08210592998290771,11.795421295007769,157.5561094150496,17.596893220464537,11.65934422900361,11.674469368935792,210.28223752846134,0.0,False
402,402000,incremental,0.01927297144804539,0.01340782122905028,0.016611560531896146,0.11731843575418995,0.03224093923444893,0.011452513966480445,0.021312024613275072,0.16201117318435754,0.03548430644137789,11.74018287802836,154.89698835187414,17.666389264425764,11.657565956058047,11.660900988530454,207.62202743891675,0.0,False
403,403000,incremental,0.030927150927150922,0.014054054054054054,0.02719794433294893,0.11891891891891893,0.04340428715428716,0.010810810810810811,0.03225342726271963,0.16756756756756758,0.053398963135805236,11.737597365321651,152.2874210498626,20.88137122731315,11.657830528852276,11.6609155348113,208.22513570616096,0.0,False
404,404000,incremental,0.03357380089717046,0.015760869565217394,0.027267917670831743,0.13043478260869565,0.04964483424361941,0.012228260869565218,0.03326289208006585,0.19021739130434784,0.05292627280718713,11.73455217044761,155.6842040422862,18.08283572228564,11.657265514247728,11.66134804422847,208.82020549349568,0.0,False
405,405000,incremental,0.019212400965642706,0.014556962025316455,0.020743947618203716,0.10759493670886076,0.04077429531213146,0.014873417721518989,0.028783113069930956,0.20253164556962025,0.05057206782257729,11.738013318010609,153.60281987004953,20.050666200352453,11.657352559354962,11.661981174040935,208.7108331218085,0.0,False
406,406000,incremental,0.0291602908404677,0.0192090395480226,0.03175777350192576,0.12994350282485875,0.04375941895106041,0.015254237288135594,0.03682759658091371,0.1807909604519774,0.06879889512321165,11.787841212376748,151.99079893510324,20.890013269520004,11.65813844089536,11.661913882715647,207.988705740611,0.0,False
407,407000,incremental,0.021204004402313664,0.01317365269461078,0.019651527717837063,0.11976047904191617,0.05109578074484176,0.014371257485029942,0.030331049933312548,0.2215568862275449,0.05081855006564411,11.748881167589209,150.74863993626286,20.189061898961967,11.657821473887164,11.664971763220011,206.00937623992124,0.0,False
408,408000,incremental,0.024348007902292898,0.013294797687861274,0.024837945766624098,0.12138728323699421,0.04193239846356207,0.011271676300578036,0.03127325028283129,0.19653179190751446,0.06215253527727803,11.748007459927434,151.39162544294814,20.60562805490662,11.658539054923423,11.663111356988164,207.0669113696938,0.0,False
409,409000,incremental,0.01702938540156585,0.012,0.01744276419556592,0.11428571428571428,0.04087991423780898,0.013428571428571427,0.02703091650059272,0.22285714285714286,0.05079877766343932,11.73343241037128,151.5173339301512,20.353791861549286,11.657589088193143,11.661454172945396,206.9236014632103,0.0,False
410,410000,incremental,0.027211133957165703,0.013756613756613757,0.021628877548617226,0.13756613756613756,0.05005831655245044,0.0126984126984127,0.03058378654598321,0.21693121693121692,0.04527571085141482,11.733180511355744,155.37731337242343,17.760044292991495,11.657061688929993,11.664180686030146,208.1917805517308,0.0,False
411,411000,incremental,0.031176858336544197,0.018324607329842934,0.02954457040114375,0.15706806282722513,0.04823068147675477,0.014397905759162303,0.0364725378290561,0.21465968586387435,0.06776429786657852,11.760882125136373,154.24175020579966,17.551535078957905,11.656966164411141,11.660869794843931,206.87200336914898,0.0,False
412,412000,incremental,0.030911144952848597,0.017857142857142856,0.029904565945305484,0.14795918367346939,0.057194127187134604,0.015561224489795918,0.04002746775479367,0.2193877551020408,0.06363299607222175,11.709382685715086,148.6513377458032,17.738581520598817,11.65822146112494,11.663618777787988,201.42114219103007,0.0,False
413,413000,incremental,0.026968503225198615,0.018421052631578946,0.025200198953794894,0.125,0.0389309660748005,0.014473684210526314,0.02905276554464922,0.18421052631578946,0.04758904827113032,11.73965556451606,151.08327037700874,17.41857302946237,11.656804519352693,11.66176636213656,203.56006985247643,0.0,False
414,414000,incremental,0.02544609736141994,0.022500000000000003,0.03007610933128119,0.18333333333333332,0.037214972900456764,0.01791666666666667,0.033394073423238406,0.225,0.06937839937839939,11.709882143495776,149.27633183513257,17.04013953328365,11.656941412072076,11.66069170736861,201.3439866313527,0.0,False
415,415000,incremental,0.0324607210366704,0.022784810126582282,0.035495882986198095,0.189873417721519,0.05462453752010714,0.019936708860759492,0.04319604173051964,0.2721518987341772,0.0889299395070058,11.70662213671736,150.90962575396716,17.458814376286604,11.655339066329873,11.66136590186051,203.3917672351615,0.0,False
416,416000,incremental,0.028712359836585846,0.018421052631578946,0.029949165287237747,0.16447368421052633,0.047757717750945304,0.015460526315789475,0.03653484286862578,0.21710526315789475,0.06800384374397532,11.712817519868302,153.29052256467247,17.373441069667983,11.657588946265008,11.660299288923648,205.69466938939743,0.0,False
417,417000,incremental,0.03196917532983107,0.019672131147540985,0.024987383704000197,0.15300546448087432,0.04579231223773406,0.014480874316939892,0.03005131923081746,0.21311475409836064,0.046507114772099796,11.789836902545424,149.5401433704857,17.176761113554818,11.659154204909928,11.662279360974415,201.8281749524703,0.0,False
418,418000,incremental,0.02356608399279566,0.012021857923497269,0.023954747747142274,0.11475409836065574,0.04511910829881007,0.011475409836065575,0.03214602073258422,0.1912568306010929,0.05846923487955311,11.750998021975434,152.26052940317535,17.283303527390604,11.656333752038673,11.660688080658566,204.61185278523865,0.0,False
419,419000,incremental,0.036240754775237534,0.020689655172413793,0.03145597407211954,0.1781609195402299,0.0529853657802841,0.016091954022988506,0.03783971789397868,0.26436781609195403,0.06785584692265059,11.706528601843068,148.52263068994287,17.419806149943096,11.657813510881908,11.662462786041218,200.96924173865216,0.0,False
420,420000,incremental,0.01700767419219169,0.01168831168831169,0.01629727874032675,0.08441558441558442,0.04005050029565852,0.012337662337662338,0.024082665850957096,0.19480519480519481,0.03788903366523889,11.736326335762271,152.16281986575598,18.13703656046439,11.690514531537133,11.660286278789012,205.3869835723088,553.405724471906,True
421,421000,incremental,0.023450261090597897,0.015697674418604653,0.022761565812178218,0.14534883720930233,0.037904156789481565,0.012209302325581395,0.02771722596708437,0.21511627906976744,0.059205226208340185,11.77604115118469,153.27914741036784,17.764896197466907,11.656952012328858,11.663147777882244,206.14018454923055,0.0,False
422,422000,incremental,0.025592748036742375,0.022222222222222223,0.031362158882486814,0.1568627450980392,0.05199220373226717,0.0196078431372549,0.03957589644894298,0.26143790849673204,0.07896681738953941,11.737681473583672,152.42570653944964,17.244833799445747,11.6547844864201,11.660416057310275,204.72342235620945,0.0,False
423,423000,incremental,0.0364922853038303,0.020430107526881718,0.029827773468293076,0.16666666666666666,0.05564919069800225,0.016666666666666666,0.03732503073426497,0.23118279569892472,0.05752210641354754,11.73799548008503,151.73530868178852,20.178709540213944,11.65775648741263,11.662355482569552,206.9721256720697,0.0,False
424,424000,incremental,0.020041872854050357,0.014035087719298248,0.02305280976070499,0.10526315789473684,0.038309979128811206,0.013742690058479532,0.030558654302702527,0.19883040935672514,0.05562417923438509,11.736202649006987,159.9697381882287,17.969511466126022,11.657357991537442,11.66305831629133,212.9958686111905,0.0,False
425,425000,incremental,0.022796828205207013,0.014102564102564105,0.020302369113116364,0.11538461538461539,0.03227705788819589,0.010256410256410256,0.022714029160353356,0.16025641025641027,0.03881794187968277,11.760514415648515,151.4067300869004,17.308631677731555,11.657539161713526,11.659890475357315,203.7933058173513,0.0,False
426,426000,incremental,0.023072661656476683,0.010404624277456647,0.022579538694940764,0.10404624277456648,0.04278486434492968,0.010982658959537574,0.030910251531764004,0.1791907514450867,0.05355208881981014,11.705652266408295,149.78653420387457,17.610392708547472,11.657547380972133,11.66269887335758,202.42282543316006,0.0,False
427,427000,incremental,0.030950648296274808,0.019780219780219783,0.028116421161292805,0.15934065934065933,0.05260101130002127,0.014835164835164836,0.035852149707881344,0.24175824175824176,0.06039357154014556,11.739961762735618,150.79427533327973,17.331676466184053,11.657683323632039,11.665179077288702,203.18877596312015,0.0,False
428,428000,incremental,0.023545686159433313,0.015469613259668507,0.021611655668514303,0.143646408839779,0.03247740821270233,0.011325966850828728,0.02417428879352816,0.18232044198895028,0.05259742018354304,11.813008051572705,154.47200096620207,17.39229786089369,11.657506138906815,11.659888914300476,206.99470193187574,0.0,False
429,429000,incremental,0.03077713590903403,0.015463917525773196,0.026093655254046815,0.13402061855670103,0.048005769717715446,0.012371134020618556,0.03260539642560094,0.19072164948453607,0.05391456075124007,11.705037983672506,149.93558392410733,17.489445510165957,11.654841961972195,11.66064943641798,202.44555881633593,0.0,False
430,430000,incremental,0.02030940631984293,0.013157894736842105,0.01773975578061974,0.11578947368421053,0.04539812338916942,0.012368421052631582,0.026426571088602534,0.18421052631578946,0.03933552673857383,11.703971954157844,155.81398291540648,17.573342644156,11.657298659276115,11.662877335325007,208.41147350832148,0.0,False
431,431000,incremental,0.03523509622907213,0.019879518072289156,0.03207084000002199,0.15060240963855423,0.05726129626732036,0.016265060240963858,0.04000374647571021,0.22289156626506024,0.06274221805130269,11.763015429835932,144.52545313767274,17.5366193759241,11.654890019877072,11.661387283701252,197.14136524701112,0.0,False
432,432000,incremental,0.02516522968330197,0.015060240963855422,0.02448010946335905,0.12650602409638553,0.03936740388416658,0.012650602409638554,0.03009554361273205,0.1927710843373494,0.05894495617466449,11.700460060201646,145.5307264145861,17.295093920191572,11.657106608942147,11.661367005644241,197.8447540095657,0.0,False
433,433000,incremental,0.025415960758507068,0.017318435754189947,0.023740096354034606,0.1340782122905028,0.0389817727633595,0.013687150837988828,0.02827871365315034,0.20670391061452514,0.05033766039093192,11.736684627602912,144.9770121399324,17.14217542909957,11.657321428729105,11.663012915330562,197.17620654069458,0.0,False
434,434000,incremental,0.028769803795773326,0.01578947368421053,0.020516076689211384,0.13815789473684212,0.0428101400889408,0.013815789473684208,0.0269701762679367,0.21710526315789475,0.04000883916610248,11.755965695123272,144.69085321057452,17.361616564848248,11.658793886842878,11.66313027897714,197.13035963636608,0.0,False
435,435000,incremental,0.02388810257649807,0.014534883720930232,0.021708536242493307,0.11046511627906977,0.04920923047450785,0.013953488372093025,0.03118196782090998,0.20930232558139536,0.046281916932476734,11.74665636716199,168.130936419153,17.446225747008715,11.658336020695103,11.661300786544594,220.64345534056338,0.0,False
436,436000,incremental,0.03636476300410566,0.020710059171597635,0.02982633554303496,0.14201183431952663,0.05549039367103538,0.01715976331360947,0.03726114261709671,0.23668639053254437,0.0554412790176342,11.750224380616125,155.35469534079527,17.501303789288492,11.65796119308171,11.662680992077789,207.9268656958594,0.0,False
437,437000,incremental,0.045475112289540265,0.024022346368715086,0.037632313631290756,0.20670391061452514,0.054282180454150335,0.014804469273743018,0.03985922144709684,0.24581005586592178,0.06996020681441924,11.76565086506709,143.5829306954267,17.3480280778876,11.657032387424326,11.658836414019103,196.01247843982483,0.0,False
438,438000,incremental,0.024792041500426982,0.015425531914893618,0.023226477972808416,0.13297872340425532,0.03627470777032729,0.010638297872340425,0.026950831039380913,0.17553191489361702,0.04734221157093497,11.700360045635572,142.5335462726246,17.39546235073053,11.657854965818615,11.66248870128339,194.9497123360927,0.0,False
439,439000,incremental,0.015218102569469988,0.01206896551724138,0.016962245744665806,0.10344827586206896,0.03455524739185647,0.012643678160919542,0.024647823819538745,0.1839080459770115,0.04549707895629749,11.733753595408182,144.3374485809723,17.256726742340135,11.655865491885798,11.659831939389576,196.643626349996,0.0,False
440,440000,incremental,0.0261213737243149,0.012000000000000002,0.023138026611444908,0.115,0.05967710965505083,0.013999999999999999,0.036003793860339285,0.245,0.05589058733234429,11.70374482326042,144.4262549015196,17.600670148623653,11.690175279924219,11.6590019380719,197.07984709139978,564.4601755620259,True
441,441000,incremental,0.023748844263101795,0.015853658536585366,0.02364895212326134,0.13414634146341464,0.04676866515679945,0.014024390243902441,0.031377867170995444,0.24390243902439024,0.06554573037880257,11.768107006523977,161.6714552922366,17.777797479565095,11.658462621896849,11.664659909094155,214.54048230931667,0.0,False
442,442000,incremental,0.03197196221433694,0.018518518518518517,0.027246302168918712,0.16666666666666666,0.04843042910853368,0.014197530864197533,0.03314519008429653,0.21604938271604937,0.059921057116046214,11.746828825362488,164.05881875716787,17.45309522288574,11.65899403024473,11.663948785184397,216.58168562084524,0.0,False
443,443000,incremental,0.029119803976062265,0.016071428571428573,0.0278470546826634,0.13690476190476192,0.051677854652064065,0.01488095238095238,0.035693589857925465,0.23214285714285715,0.06303682966663948,11.747204600329187,161.42450331924073,17.52271316958487,11.658122913024705,11.66170367122854,214.01424767340802,0.0,False
444,444000,incremental,0.019452297978946237,0.016778523489932886,0.022775038188961386,0.12080536912751678,0.046773640575269414,0.01610738255033557,0.03095232419264832,0.22818791946308725,0.05593552497421428,11.742949533322111,168.50960052887388,18.84359567404237,11.659057414986629,11.662448957200366,222.41765210842533,0.0,False
445,445000,incremental,0.025457112245284963,0.013829787234042554,0.02252626640334126,0.12234042553191489,0.047503730409274345,0.013297872340425532,0.03196538388423341,0.20212765957446807,0.05227311788164992,11.758722869709137,164.33506865268234,17.933990495822005,11.658441516015916,11.664154644611124,217.35037817884054,0.0,False
446,446000,incremental,0.0337420030708208,0.02142857142857143,0.03094709977844765,0.18181818181818182,0.04748407568015621,0.01590909090909091,0.03481174332908012,0.23376623376623376,0.062371762899737254,11.746562037090458,166.4237783414596,17.420879066212812,11.658305080541886,11.66200885534263,218.9115333806474,0.0,False
447,447000,incremental,0.03703502556565221,0.021341463414634148,0.02981183026162903,0.17073170731707318,0.056572689175549355,0.016158536585365854,0.03602337072416266,0.24390243902439024,0.05850801093618052,11.742840112974328,149.87790231807406,17.301912158054765,11.656143306143507,11.659186167314871,202.23798406256157,0.0,False
448,448000,incremental,0.032128691293451014,0.015760869565217394,0.026613249640074436,0.14130434782608695,0.044852933894944644,0.013043478260869565,0.03229378455215571,0.21195652173913043,0.05539967444854543,11.715540701881523,148.30354514801246,17.582304718599673,11.657767266318174,11.661518767899782,200.92067660271164,0.0,False
449,449000,incremental,0.030415690903056403,0.020567375886524825,0.025338572471216705,0.14893617021276595,0.04958024722741652,0.01773049645390071,0.0321611571973632,0.24822695035460993,0.04633465647644556,11.730930552580897,145.72864549845798,17.173560430905344,11.65906497195557,11.662809204324166,197.95501065822396,0.0,False
450,450000,incremental,0.024917641355927198,0.0163265306122449,0.02137440901518752,0.12755102040816327,0.04143049358306514,0.012244897959183675,0.026717486979194432,0.1989795918367347,0.04699374410805036,11.7287582527964,144.51073149215898,17.412895524954173,11.656104523943833,11.657992765215507,196.9664825590689,0.0,False
451,451000,incremental,0.02328658995325662,0.015343915343915345,0.021962662354820535,0.13227513227513227,0.03891741709202027,0.013492063492063491,0.026748573009164434,0.19047619047619047,0.052424135387057404,11.730598281911586,144.96293327787012,17.297768540106006,11.658579378473476,11.662878173751556,197.31275765211274,0.0,False
452,452000,incremental,0.03232091332660592,0.02258064516129032,0.03459413450447285,0.2,0.04755183594604846,0.01741935483870968,0.04038778829834356,0.25161290322580643,0.08501117162407484,11.7296034311265,146.36262924068444,16.988334625309133,11.658183802415456,11.663022466995576,198.40177356653112,0.0,False
453,453000,incremental,0.027338745977487748,0.014814814814814817,0.0203428934672005,0.12962962962962962,0.040736093942736945,0.012037037037037039,0.025631954501664604,0.19135802469135801,0.0361551990300127,11.72844221219993,145.3263112396741,17.273332643272244,11.657781848070648,11.661550430683288,197.64741837390022,0.0,False
454,454000,incremental,0.029813681313125142,0.021290322580645164,0.025797958079603445,0.16129032258064516,0.0490585737356797,0.018709677419354837,0.032337911807923427,0.24516129032258063,0.053637437830986213,11.733356781534754,144.33453712311973,17.257548538068825,11.657654231084225,11.65421515918197,196.6373118329895,0.0,False
455,455000,incremental,0.0334169646623316,0.019298245614035085,0.031942877287729876,0.17543859649122806,0.05099361304575043,0.0152046783625731,0.03873654319661243,0.25146198830409355,0.07262411495207105,11.729787542102965,144.14528290794536,17.42451871539208,11.657594784483805,11.661429227441399,196.61861317736563,0.0,False
456,456000,incremental,0.03471429409644513,0.021195652173913046,0.0350399311681933,0.17391304347826086,0.05202248762457389,0.01657608695652174,0.041544233507989026,0.2391304347826087,0.08201479227294443,11.727520837362393,144.99202388749964,17.409919375752093,11.656270808818592,11.66011433828551,197.44584924771823,0.0,False
457,457000,incremental,0.0316959972394755,0.018787878787878787,0.027152124647675965,0.1393939393939394,0.04984534788882614,0.014545454545454547,0.03265840744018555,0.18181818181818182,0.04421229097699686,11.70914091391806,143.67940880435916,17.439606661839857,11.656353592529033,11.658308238168825,196.1428182108149,0.0,False
458,458000,incremental,0.026193778626044637,0.013793103448275862,0.02320000879624225,0.12643678160919541,0.050669026524613775,0.014367816091954026,0.03340760649677333,0.22413793103448276,0.0561281062675586,11.746112087429594,144.98750693521524,17.352043272439445,11.65752963371014,11.660899679771797,197.4040916085662,0.0,False
459,459000,incremental,0.04149720890968831,0.022155688622754494,0.0389311390531263,0.19760479041916168,0.059747720872775134,0.016467065868263474,0.044185314971517245,0.281437125748503,0.09245448715587386,11.696804705987883,144.5831932228442,17.284634234268626,11.658374516373971,11.66135005470359,196.88435673417825,0.0,False
460,460000,incremental,0.034322511545863056,0.017791411042944783,0.034535411426417535,0.15337423312883436,0.04453971777005046,0.012269938650306749,0.03758490393342115,0.19631901840490798,0.07588847093443572,11.728953815529074,144.22033508602883,17.362567700934804,11.690596124741548,11.659147933051894,196.66160066028613,534.3016423318414,True
461,461000,incremental,0.018149574358794236,0.013986013986013986,0.021364182169553936,0.11888111888111888,0.034721740919900816,0.01188811188811189,0.026590814438221175,0.1888111888111888,0.05427083600160523,11.7437119870889,156.09476133861267,17.154083785261843,11.657384900179423,11.664064422198251,208.31400643334104,0.0,False
462,462000,incremental,0.028752829002108005,0.022891566265060243,0.028516216489558863,0.1746987951807229,0.04373416362438262,0.016265060240963854,0.03219794886182008,0.21084337349397592,0.058398657016658424,11.76156185823951,147.1264091456037,17.38643668976192,11.663725501750989,11.66406994899949,199.6022031443556,0.0,False
463,463000,incremental,0.02495516905672833,0.015483870967741937,0.023484728063437994,0.13548387096774195,0.039027679652428954,0.012580645161290325,0.027976151888220127,0.2129032258064516,0.05730320056121513,11.735644911484155,144.81422213087626,17.093399663589693,11.655568022406193,11.65888613548216,196.95772086383846,0.0,False
464,464000,incremental,0.04501162035680321,0.026618705035971225,0.038867737307578976,0.20863309352517986,0.06552128917677116,0.02050359712230216,0.046606680771324106,0.2805755395683453,0.08433526830580086,11.701720572285247,149.04684428428126,17.297321860648694,11.661713964009056,11.662261270750651,201.3698619519749,0.0,False
465,465000,incremental,0.03768944782352749,0.022155688622754494,0.03178041282203581,0.19161676646706588,0.04777365546696449,0.014970059880239521,0.03496218627598371,0.2275449101796407,0.06214228158482066,11.715436504800003,146.83813636486022,17.202635665722333,11.658390537003239,11.661819119004878,199.0764181913907,0.0,False
466,466000,incremental,0.023992665392796157,0.013714285714285717,0.02229425961928393,0.11428571428571428,0.041712459755202484,0.013142857142857147,0.02931824246855325,0.2,0.05248941475743775,11.734821954684227,146.11863195307384,17.63476034305489,11.658069375614089,11.661429243220445,198.8077128696475,0.0,False
467,467000,incremental,0.026330819164870886,0.01614583333333333,0.024214254378177497,0.13541666666666666,0.04338625235715752,0.012760416666666668,0.03000842290709362,0.19791666666666666,0.05193047129241015,11.729625818204802,147.817062082764,17.735061459356327,11.65622359056151,11.659898272786684,200.59787122367334,0.0,False
468,468000,incremental,0.024036604868496448,0.018954248366013074,0.02613095079436847,0.13071895424836602,0.04248853505629745,0.01503267973856209,0.030984165195678745,0.21568627450980393,0.05729423548430409,11.715403111414723,147.26882962420862,17.251708916435348,11.6588907871501,11.658450507878726,199.55328294708755,0.0,False
469,469000,incremental,0.034129829912438604,0.016666666666666666,0.028318502356110845,0.13333333333333333,0.04757091338613077,0.013000000000000001,0.0332542510554932,0.18,0.05086796536796536,11.708945552232898,146.58107500920005,17.1741569415379,11.656448269517504,11.658331614705641,198.778957387194,0.0,False
470,470000,incremental,0.025805186061743812,0.01635220125786164,0.02429301954364226,0.11949685534591195,0.04370337056715336,0.014779874213836478,0.03098719317536403,0.16981132075471697,0.05078160216894956,11.73920213151658,144.27684608964154,17.22974050001602,11.659118158521832,11.663902997921527,196.5688098776175,0.0,False
471,471000,incremental,0.022689312112389035,0.013846153846153847,0.0208354825558526,0.12307692307692308,0.04011498689592335,0.012307692307692308,0.02712665328140522,0.18461538461538463,0.04961419057334752,11.736130193049089,145.90708874250012,17.38055671458849,11.656585662878083,11.660045970779409,198.3404072837952,0.0,False
472,472000,incremental,0.03683246577983419,0.017934782608695653,0.031358708152776506,0.15217391304347827,0.050410463868701856,0.012771739130434783,0.03640615996299112,0.1956521739130435,0.06125335960609887,11.69612690843369,146.49376095464405,17.400341733461723,11.655944853874999,11.659419779000423,198.90559422941487,0.0,False
473,473000,incremental,0.022490494514304037,0.0126984126984127,0.0203256592286137,0.10582010582010581,0.043447090338624726,0.012962962962962964,0.028358416746247277,0.1746031746031746,0.04625345885297235,11.71230631073772,146.5830887222852,17.433744699521526,11.65875595218746,11.66219375867139,199.05008944340327,0.0,False
474,474000,incremental,0.02174089391442492,0.01578947368421053,0.020728034684688045,0.11842105263157894,0.04361067252762458,0.014473684210526317,0.02857910123231218,0.21710526315789475,0.04421046950555464,11.735526085340787,146.82434637998398,17.167891414274216,11.65622584939352,11.661275399546533,199.045265128539,0.0,False
475,475000,incremental,0.028397475428061664,0.01818181818181818,0.028473598371627676,0.1696969696969697,0.04257417163534411,0.013636363636363636,0.033337913921092005,0.22424242424242424,0.06495113904556629,11.706564736063685,146.34470402773158,17.40354604619354,11.656265948248311,11.658419034304979,198.76949979254212,0.0,False
476,476000,incremental,0.03805949697941948,0.02208588957055215,0.04055977170064857,0.17791411042944785,0.05368071398100458,0.017484662576687113,0.045083861640242834,0.2392638036809816,0.09222513108650547,11.700647797860398,145.55768457477635,17.338880785131018,11.65742912245804,11.659513943509946,197.91415622373574,0.0,False
477,477000,incremental,0.03304556657990297,0.02,0.031359719261795496,0.1393939393939394,0.05526930775101257,0.016666666666666666,0.038949939859499925,0.23636363636363636,0.06867567271310587,11.698630705728185,146.30054607814301,17.21407952627596,11.65801987096371,11.659009778869356,198.5302859599802,0.0,False
478,478000,incremental,0.031021662488182295,0.01988950276243094,0.03126932995862832,0.16574585635359115,0.056678630230184865,0.015745856353591162,0.03964394107656494,0.2430939226519337,0.07105831947312884,11.751064576154269,145.77541885892055,17.32948467098039,11.657904793724306,11.663987244114882,198.17786014389438,0.0,False
479,479000,incremental,0.030451015768476086,0.016666666666666666,0.029900457266081714,0.1282051282051282,0.04848864943110975,0.014423076923076924,0.03703642270488967,0.23076923076923078,0.06849699052083548,11.729523793205242,146.40626855326465,17.12322713481873,11.655851663072703,11.660414653960615,198.57528579832194,0.0,False
480,480000,incremental,0.02643523362328118,0.014705882352941176,0.02491618056017235,0.13529411764705881,0.04293154492777663,0.013529411764705882,0.0321864529425129,0.19411764705882353,0.05205533544542833,11.698766080758816,146.50726137087344,17.423716150696823,11.711927646221309,11.663431040087602,199.005102288638,543.0453390235651,True
481,481000,incremental,0.012763304678497872,0.007978723404255319,0.014350783421119409,0.0797872340425532,0.03337972500549392,0.009840425531914894,0.022851875070155767,0.1702127659574468,0.0404035710792512,11.785757743021374,162.8162394924776,17.8221933029854,11.659178235839951,11.664420746959614,215.74778952128395,0.0,False
482,482000,incremental,0.04044467179232804,0.020833333333333332,0.039256837117921814,0.171875,0.05101559367069477,0.015104166666666667,0.04325084616926018,0.21354166666666666,0.08452549065213538,11.751846369756347,163.9427820559619,17.571518548281652,11.65919596336773,11.66218751835757,216.58753045572522,0.0,False
483,483000,incremental,0.016519331416777236,0.012352941176470589,0.014191683471421399,0.1,0.03586764313965643,0.012941176470588237,0.021436052894323012,0.18823529411764706,0.02962929707739396,11.741388993333214,159.89906111300854,17.557652101582445,11.658091821839523,11.66218786527451,212.51838189503823,0.0,False
484,484000,incremental,0.031150151609134636,0.015053763440860214,0.026857878949731646,0.13978494623655913,0.04894848936972799,0.013172043010752688,0.03305809871252779,0.22043010752688172,0.05932848677468172,11.743359273272414,165.86996655211516,17.547147999175117,11.657805252224263,11.661501655324535,218.47978073211146,0.0,False
485,485000,incremental,0.03897866511425392,0.024137931034482762,0.03987913442368093,0.20689655172413793,0.05685838845604623,0.017241379310344827,0.0456303675211804,0.25517241379310346,0.08273554636531043,11.741202075601919,166.12827334004655,17.528707823510903,11.658472165679278,11.661764099404891,218.71841950424357,0.0,False
486,486000,incremental,0.02161685155361549,0.015789473684210527,0.023031167251105215,0.13450292397660818,0.042522880986476705,0.014619883040935672,0.03040470543220617,0.21052631578947367,0.05840660158595088,11.803763626416774,148.3869451135572,17.299614303148413,11.657548409857444,11.661852681893459,200.8097241348733,0.0,False
487,487000,incremental,0.017901012159520596,0.010759493670886078,0.01490829258893351,0.10759493670886076,0.04396369180034137,0.014240506329113924,0.025901072160203157,0.1962025316455696,0.033428736573698756,11.752086580482658,146.77313125104064,17.396230656510635,11.659688305715177,11.662417728042218,199.2435545217913,0.0,False
488,488000,incremental,0.020926217123292016,0.012041884816753928,0.020451081927211998,0.10471204188481675,0.039815847360520705,0.010994764397905763,0.028005916275911886,0.18848167539267016,0.0520800674434393,11.718267419955076,150.3726905649899,17.59406594734059,11.658574143383337,11.66291378773554,203.00651186340446,0.0,False
489,489000,incremental,0.030634575993701053,0.018604651162790697,0.02477173656724427,0.1569767441860465,0.04920115960388931,0.014534883720930232,0.03130147374015524,0.22093023255813954,0.04883951725089496,11.744402718588676,162.65197389402076,17.582019865874933,11.657666853626125,11.662436803783205,215.2985001358937,0.0,False
490,490000,incremental,0.02341880051304135,0.011518324607329844,0.022981939375020376,0.1099476439790576,0.04126750213137648,0.010471204188481676,0.02996959758931199,0.16230366492146597,0.0524734034743274,11.747158418839998,165.65347514573003,19.51230886391986,11.659046416576114,11.661163274931386,220.23315211999738,0.0,False
491,491000,incremental,0.015706998427154586,0.010112359550561799,0.014537487978193642,0.07865168539325842,0.029552729013271443,0.009550561797752809,0.01953325288875061,0.1348314606741573,0.030277129971445896,11.76054192349174,164.10983388337462,17.43826998015785,11.658429031433105,11.660930219065113,216.62800503752243,0.0,False
492,492000,incremental,0.025910033302681316,0.014942528735632184,0.02432122776419292,0.11494252873563218,0.042215143538956904,0.01293103448275862,0.029836012366760388,0.1896551724137931,0.05165080415494102,11.816158953376066,154.4920620836221,20.368067116666168,11.659876473071872,11.692593092554882,210.0287577192911,0.0,False
493,493000,incremental,0.028819436773476256,0.017241379310344827,0.03396852166161427,0.15862068965517243,0.04551712599985598,0.015517241379310345,0.039786480879108695,0.25517241379310346,0.09516860181560727,11.736636009909706,155.79408072126378,19.336581507489736,11.655834755472384,11.659864205329495,210.1829971994651,0.0,False
494,494000,incremental,0.023959117573248007,0.014673913043478261,0.023277133134409832,0.13043478260869565,0.04470422391618044,0.013315217391304349,0.031071042072486132,0.20652173913043478,0.05657958912750103,11.7318127234034,154.2311018052217,19.850959356929042,11.660301697524744,11.660618053521699,209.1347936366006,0.0,False
495,495000,incremental,0.029067601948224782,0.014973262032085563,0.02528877695130713,0.13903743315508021,0.05498841316315364,0.013903743315508022,0.03479261699023158,0.24598930481283424,0.05501385866735777,11.737476367082444,158.72897966595633,19.735830520214993,11.656308826241135,11.660523116366338,213.51911849586125,0.0,False
496,496000,incremental,0.03541894650634146,0.020000000000000004,0.028748960418010634,0.17714285714285713,0.04939317619821822,0.015142857142857145,0.033852732155801174,0.21142857142857144,0.05684121934873814,11.71565153745835,158.08213805702798,17.599437048876343,11.65652907303416,11.660531311949441,210.7142870283463,0.0,False
497,497000,incremental,0.034124459081429824,0.019879518072289156,0.025878555355500595,0.1746987951807229,0.05489390048340133,0.015361445783132532,0.03289439265772496,0.23493975903614459,0.04519090875305205,11.738029346508583,156.96696943841292,17.723762949575782,11.658486075094565,11.663524408275784,209.75077221786762,0.0,False
498,498000,incremental,0.02672151932087485,0.020571428571428574,0.025953254213044587,0.15428571428571428,0.04335498003116629,0.015142857142857145,0.030250596246951506,0.24,0.061960909182713686,11.768787677848835,152.0152972650929,17.328795115581496,11.658130142797042,11.660938280602661,204.43194848192292,0.0,False
499,499000,incremental,0.026335166931027863,0.017964071856287425,0.02739585410909152,0.16766467065868262,0.03649038884061827,0.012574850299401199,0.029754568563107597,0.20359281437125748,0.0651318350155969,11.700471988937423,152.35464988380687,17.448298944525153,11.659128888855118,11.661198280610297,204.82374798673487,0.0,False
500,500000,incremental,0.03821183669964608,0.021019108280254783,0.04623299396567822,0.17834394904458598,0.054512603290783605,0.015605095541401276,0.0510302493551752,0.24203821656050956,0.11561308146541133,11.728949128389509,154.17111929742765,17.41381163637701,11.6904818950464,11.66348094290559,206.66784290014613,585.7719366947622,True
501,501000,incremental,0.029386126621633864,0.014444444444444447,0.023272317348600642,0.1388888888888889,0.05261215440648519,0.013055555555555558,0.032272509289899366,0.2222222222222222,0.049284837229238675,11.777971383492014,161.79367775862042,17.69696504246021,11.657083271832125,11.66351249927422,214.589209955679,0.0,False
502,502000,incremental,0.024835470256300406,0.016875,0.02583380084663971,0.14375,0.0491113831112798,0.015625,0.034976275262484945,0.2125,0.06333967248029748,11.74936787666503,164.37980017057484,22.853668853184406,11.65725057708511,11.661208809896074,222.30129628740545,0.0,False
503,503000,incremental,0.030501398131995146,0.018407960199004977,0.025074618980985435,0.15422885572139303,0.05129246444544952,0.014179104477611941,0.031181103954031744,0.21890547263681592,0.0540331937477402,11.742278874876666,160.75934706287487,17.59535764019049,11.657348609375727,11.661430772733073,213.4157629600508,0.0,False
504,504000,incremental,0.02541099009352978,0.014285714285714287,0.023482763764079557,0.12698412698412698,0.043179416988940796,0.012698412698412698,0.030493954025822972,0.19047619047619047,0.05464237138213746,11.719783300098708,149.15678495519558,17.33429361644445,11.656475446236714,11.661163511436644,201.5285008294121,0.0,False
505,505000,incremental,0.022039575705737207,0.014361702127659576,0.026611713603759937,0.12234042553191489,0.036391107743439455,0.011170212765957447,0.03058130663347506,0.18617021276595744,0.07358366778962425,11.699180732557824,148.4748708465017,17.410523171848546,11.659222083626464,11.663166368747202,200.90696320328175,0.0,False
506,506000,incremental,0.014046626361612484,0.00989010989010989,0.011570344705501948,0.09340659340659341,0.037714426815127225,0.01098901098901099,0.020680215098621387,0.16483516483516483,0.027120391251732046,11.728036887356797,151.18057419490071,17.653502902975625,11.656635100498747,11.659440230515905,203.87818931624778,0.0,False
507,507000,incremental,0.02987004286085888,0.019753086419753086,0.027918410541103045,0.15432098765432098,0.051002982168603786,0.017592592592592597,0.036657629235446236,0.24691358024691357,0.055895079128509925,11.718201662083704,148.9564420781575,17.557047047353503,11.657912993248697,11.662269218018494,201.55187299886188,0.0,False
508,508000,incremental,0.02220016791302933,0.01694915254237288,0.024422609136041103,0.12429378531073447,0.055281770037502835,0.01751412429378531,0.036347739616833005,0.22033898305084745,0.0636134781514432,11.753411206585906,164.59839001348175,18.46099617394681,11.657975991646863,11.660936171623003,218.13170955728432,0.0,False
509,509000,incremental,0.02233465523842019,0.011734693877551022,0.018404070803556716,0.11224489795918367,0.042233775392642385,0.012244897959183675,0.02688265635265098,0.1989795918367347,0.04209256513566395,11.759022381180317,158.77614627318738,17.545606792276903,11.655468043367257,11.661382592620395,211.39762608263226,0.0,False
510,510000,incremental,0.026805962019623177,0.01647727272727273,0.02807796836267669,0.14204545454545456,0.054671280839988796,0.015625,0.037419743096744146,0.23295454545454544,0.07005546187773354,11.716744932888101,148.3826019774287,17.39143771718743,11.65833636493363,11.663325431732208,200.81244642417008,0.0,False
511,511000,incremental,0.016693961625436106,0.009782608695652175,0.014277023988260463,0.09239130434782608,0.03049368584576524,0.00923913043478261,0.019653394334495037,0.15217391304347827,0.03383186583629947,11.732597020225333,148.88225353527906,17.309994059480637,11.657427644182206,11.664890319826316,201.24716257899357,0.0,False
512,512000,incremental,0.02207660798886976,0.014906832298136647,0.021233438147798996,0.12422360248447205,0.04284576291951537,0.013975155279503106,0.02936296480350901,0.21739130434782608,0.0463061515325327,11.730816433255796,149.19466483344357,17.24326057540859,11.659032323640961,11.66145477214664,201.48922893789555,0.0,False
513,513000,incremental,0.028108036250638076,0.016666666666666666,0.02678181280885957,0.13333333333333333,0.05189579568772781,0.019333333333333334,0.0374168585363183,0.26,0.06364846751688856,11.697397110183028,149.52573572707405,17.28966473968363,11.6586054395712,11.661539452006986,201.83294246851892,0.0,False
514,514000,incremental,0.02792519130224407,0.01644736842105263,0.02926506284253272,0.14473684210526316,0.04391322158980996,0.012828947368421054,0.0345034250431328,0.21710526315789475,0.06758698441651227,11.7059762700239,149.53811284418305,17.252320238803076,11.65868868056863,11.66194772155016,201.81704575512882,0.0,False
515,515000,incremental,0.031236747255404786,0.02042253521126761,0.028769584426419973,0.16901408450704225,0.051455473481978306,0.01654929577464789,0.03605615081034841,0.23943661971830985,0.06646835712483469,11.764963831220609,161.01370446673647,17.43286648957232,11.658566724387365,11.660423984843904,213.53052549676065,0.0,False
516,516000,incremental,0.02311036360664507,0.014130434782608696,0.027763582751054693,0.11413043478260869,0.040053526662290714,0.013043478260869568,0.03395992018464323,0.17391304347826086,0.0692076232740353,11.744098512109225,165.5030659126061,17.783981673985537,11.659847628880948,11.660641386704306,218.3516351142861,0.0,False
517,517000,incremental,0.03672960881866768,0.025170068027210887,0.04210638322961805,0.17687074829931973,0.058220752566746865,0.02040816326530612,0.048424182655795366,0.25170068027210885,0.09180009818159815,11.740609592594819,164.41054873414518,17.64350563041028,11.658002174952387,11.661436953941395,217.11410308604405,0.0,False
518,518000,incremental,0.028199067586900984,0.01542857142857143,0.022069633267341127,0.13714285714285715,0.04682646637250217,0.013142857142857144,0.028891447214516554,0.21714285714285714,0.04686081612132032,11.743535839103814,156.32674413021408,17.293173515439687,11.659453294565747,11.662410138293943,208.68531691761726,0.0,False
519,519000,incremental,0.025548955700689803,0.016184971098265895,0.02667141089617403,0.15028901734104047,0.0464906705369133,0.014450867052023121,0.03418462919177401,0.2138728323699422,0.06059282661539323,11.761231026932716,148.8204468164944,17.49675919984761,11.655593429138467,11.661709422697285,201.39573989511047,0.0,False
520,520000,incremental,0.03826723772709291,0.019496855345911952,0.034248441984803965,0.15723270440251572,0.05108105140982418,0.01446540880503145,0.038339394910636704,0.20754716981132076,0.06488150765707866,11.69307767685812,148.76197524324454,17.27320251287967,11.71312576700445,11.663721428342711,201.10510262832946,572.4062843650846,True
521,521000,incremental,0.03356597527052072,0.020606060606060607,0.03236956365073581,0.17575757575757575,0.05928798614404675,0.016969696969696968,0.041160693547000686,0.26666666666666666,0.07176600273208772,11.756221252379184,165.21366287712559,17.793214694264424,11.656487390737658,11.672497681691762,218.09208389619863,0.0,False
522,522000,incremental,0.035291214477377576,0.019886363636363636,0.0318030756761734,0.17045454545454544,0.04955448435144291,0.015056818181818183,0.03704051399390489,0.23295454545454544,0.0688358329768318,11.749762289819943,162.5083361079527,17.523829427670833,11.656693865130796,11.663869797701176,215.10249148827543,0.0,False
523,523000,incremental,0.04223828133773555,0.02164948453608247,0.038568849271293636,0.17010309278350516,0.061659002088808035,0.01675257731958763,0.04607238659553123,0.21649484536082475,0.07548903912609188,11.760625026502325,154.33214149754292,17.442572515416476,11.65864245178394,11.663466219224983,206.85744771047067,0.0,False
524,524000,incremental,0.04144495768024311,0.023870967741935485,0.041928908707113,0.1870967741935484,0.06832128243321953,0.02,0.05149698905047931,0.2709677419354839,0.09105851966757789,11.730561203210366,153.0375163493608,17.680801898692366,11.657786661359303,11.661688766206879,205.76835487882968,0.0,False
525,525000,incremental,0.032733333194557374,0.01639344262295082,0.028505098574068292,0.14207650273224043,0.061416108010618004,0.014754098360655738,0.0389626354801143,0.22950819672131148,0.05862640074308349,11.725641958532096,154.7859899606735,17.506489938756697,11.65718467793786,11.659672237790408,207.33497877369055,0.0,False
526,526000,incremental,0.03096106537828728,0.023026315789473683,0.02706789093104745,0.19078947368421054,0.05503514489948197,0.019736842105263157,0.0363421786549152,0.24342105263157895,0.05177859421280474,11.700373906006757,154.80396068126566,17.658634872033673,11.65914645477606,11.661277918545432,207.48339383262757,0.0,False
527,527000,incremental,0.03290870375731369,0.022651933701657457,0.030765618644172568,0.1878453038674033,0.054509667492618805,0.017403314917127075,0.03776862400933267,0.2596685082872928,0.06285865421622225,11.737197964961643,163.62854477701416,22.80808903365461,11.657388653052436,11.664940620784158,221.496161049467,0.0,False
528,528000,incremental,0.022319717041521553,0.012571428571428572,0.019138641484832988,0.10285714285714286,0.04473759718120621,0.013714285714285717,0.029101052647655157,0.21142857142857144,0.04109686787240967,11.736963573247273,160.61563720766446,17.515641446821938,11.657570469739142,11.661696547871081,213.1875092453439,0.0,False
529,529000,incremental,0.025312961304340617,0.014942528735632184,0.022829618326146862,0.13218390804597702,0.04513238995997617,0.013218390804597701,0.03023187235439383,0.19540229885057472,0.053062077063891946,11.749584482217967,164.64450124342721,17.622073445106025,11.658320841018144,11.65942713493573,217.33390714670506,0.0,False
530,530000,incremental,0.02131965846184154,0.015508021390374334,0.018145991992066648,0.11764705882352941,0.034727724653802035,0.011764705882352943,0.022758012116127716,0.1711229946524064,0.03413140108641839,11.737709911752159,160.24417301986617,17.702107746001005,11.657374528573072,11.661103804697092,213.00246901088948,0.0,False
531,531000,incremental,0.029883746723580483,0.01684782608695652,0.02633657884366644,0.14130434782608695,0.04877748707671981,0.015217391304347825,0.03452003482178716,0.23369565217391305,0.054767769565353355,11.739465699087127,162.27445346737866,21.403843558587266,11.658251582571943,11.661370620530409,218.73738492815542,0.0,False
532,532000,incremental,0.021664673862184746,0.01550802139037433,0.0222042468602089,0.11764705882352941,0.03512649798577357,0.012834224598930482,0.026504866059823558,0.1925133689839572,0.045688597052192026,11.738818673431851,158.0901451161687,17.72104891482884,11.657504416215382,11.661740872623284,210.86925799326804,0.0,False
533,533000,incremental,0.02799319020810249,0.01818181818181818,0.02647283799055085,0.16083916083916083,0.04096667959711699,0.016083916083916083,0.031560110564384646,0.21678321678321677,0.05775790764884488,11.715388860800147,159.58092419478265,17.482492799231196,11.656987794608774,11.66119216643169,212.09698581585445,0.0,False
534,534000,incremental,0.04297306744375702,0.024025974025974027,0.04108355347939766,0.19480519480519481,0.06703831253350681,0.01883116883116883,0.048975273213834554,0.2597402597402597,0.0855124459917693,11.700157619198848,156.93065596758538,17.50644153999947,11.656755937144991,11.659873181441016,209.45388424536972,0.0,False
535,535000,incremental,0.025784283683296605,0.0161849710982659,0.022812579677043886,0.15028901734104047,0.03713792735791852,0.012427745664739883,0.026403905885277797,0.2023121387283237,0.05476604260941846,11.696127401192303,155.10802206443464,17.446766978193583,11.659394474783369,11.660908636162981,207.57121955476688,0.0,False
536,536000,incremental,0.0508835896102066,0.02631578947368421,0.04394463768159195,0.21710526315789475,0.08232155953501863,0.020723684210526318,0.05543028641931889,0.3092105263157895,0.08672826557302889,11.749779528530402,162.73201611900768,17.548882999235403,11.658133406852734,11.661344551536224,215.35015660516243,0.0,False
537,537000,incremental,0.022523097437342796,0.0125,0.018339172590577428,0.10714285714285714,0.03585296642197368,0.010714285714285716,0.023640179718418843,0.16666666666666666,0.039678651896697004,11.75515020855611,161.1549906561094,17.617634222630297,11.657296928688222,11.660641828212249,213.84571384419627,0.0,False
538,538000,incremental,0.028837166970380825,0.017777777777777778,0.028415650700861658,0.14444444444444443,0.04586543576948296,0.013333333333333336,0.03326281835329148,0.2,0.05788676601176602,11.741537704418326,158.5364349379198,20.824025318680327,11.65755947525604,11.662510784812842,214.42206822108736,0.0,False
539,539000,incremental,0.021672825333046326,0.011049723756906077,0.01779042557950273,0.10497237569060773,0.04717514682984295,0.011602209944751382,0.02703332815564751,0.19337016574585636,0.0432268030781193,11.739511190711482,159.85094483592087,17.652414069105337,11.658109494203096,11.660748772943098,212.56172836288388,0.0,False
