batch,interactions,recall_existing,precision_existing,ndcg_existing,recall_new_user,precision_new_user,ndcg_new_user,recall_overall,precision_overall,ndcg_overall,pct_new_user,n_new_users,n_new_user_interactions,n_unique_users,window_unique_users,n_users_trained
1,1000,0.029757217847769028,0.004133858267716535,0.015606667803340453,0.0,0.0,0.0,0.02153371320037987,0.0029914529914529917,0.011293714022930132,0.27635327635327633,194,288,702,702,65679
2,2000,0.016584158415841585,0.0019801980198019802,0.00871553019508882,0.00684931506849315,0.0009132420091324202,0.0025097424234031642,0.013639502762430939,0.0016574585635359118,0.006838365109454622,0.28314917127071826,205,306,724,1369,65679
3,3000,0.03220439691027926,0.004313725490196079,0.01855497532118222,0.006329113924050633,0.0008438818565400844,0.005140959649021789,0.023994969778102306,0.0032128514056224897,0.014299122959332125,0.27710843373493976,207,320,747,2008,65679
4,4000,0.01546267629858961,0.0025490196078431374,0.006732912791890686,0.009523809523809525,0.0009523809523809524,0.002878712871921984,0.013730506822612086,0.0020833333333333333,0.0056087711485664805,0.24861111111111112,179,302,720,2602,65679
5,5000,0.021623419827012644,0.0023952095808383238,0.013438500734088735,0.006103637269556552,0.001345291479820628,0.005569271967922798,0.016843155310006137,0.0020718232044198894,0.011014691321305583,0.24585635359116023,178,319,724,3164,65679
6,6000,0.02906162464985994,0.004201680672268907,0.01579322997549973,0.003930817610062893,0.0009433962264150943,0.00252308378640318,0.021317829457364337,0.0031976744186046516,0.011704173300952537,0.24563953488372092,169,356,688,3672,65679
7,7000,0.013888888888888888,0.0020833333333333333,0.007408088128895929,0.0028877887788778876,0.0009900990099009901,0.0016463436176492965,0.01063049853372434,0.0017595307917888565,0.005701530370432849,0.2155425219941349,147,311,682,4141,65679
8,8000,0.025978407557354928,0.004251012145748988,0.01432178403639014,0.011111111111111112,0.0014285714285714288,0.00847128909073519,0.021543560606060608,0.003409090909090909,0.012576607987260114,0.21448863636363635,151,308,704,4641,65679
9,9000,0.0274781919111816,0.0032989690721649486,0.013511671200204944,0.002581120943952802,0.0008849557522123895,0.003803799893871054,0.01956435500739298,0.0025316455696202536,0.010425906199879403,0.2250351617440225,160,344,711,5099,65679
10,10000,0.016767473118279568,0.002620967741935484,0.008784244647227242,0.0,0.0,0.0,0.01189794945159752,0.0018597997138769672,0.006233169306186999,0.21602288984263232,151,305,699,5571,65679
11,11000,0.02949260042283298,0.004228329809725159,0.013462602413772031,0.004166666666666667,0.0004166666666666667,0.0026288739732144065,0.02096774193548387,0.0029453015427769987,0.009815905603486155,0.2131837307152875,152,373,713,6012,65679
12,12000,0.026595999520900707,0.004150197628458498,0.01449722489908274,0.0020491803278688526,0.0004098360655737705,0.0008376327770019923,0.01861010101010101,0.002933333333333333,0.01005330426203247,0.21066666666666667,158,342,750,6470,65679
13,13000,0.03261494252873563,0.004310344827586207,0.014809005767160554,0.004405286343612335,0.0004405286343612335,0.0017041973886984213,0.023347805113362277,0.0030390738060781476,0.01050395294239803,0.2040520984081042,141,337,691,6874,65679
14,14000,0.032407407407407406,0.004732510288065843,0.018112519398175365,0.011166666666666667,0.0025,0.0067845398860583205,0.02621477162293489,0.004081632653061224,0.014809901464613542,0.17784256559766765,122,332,686,7272,65679
15,15000,0.02661764705882353,0.0035294117647058825,0.011650488325581349,0.0009478672985781991,0.00047393364928909954,0.0005725654156374132,0.018101415094339626,0.0025157232704402514,0.007975265473382967,0.1949685534591195,124,352,636,7628,65679
16,16000,0.014449371766444938,0.0031042128603104213,0.008124384187072757,0.004366812227074236,0.0004366812227074236,0.0016893135687097887,0.011053921568627452,0.002205882352941177,0.005957279522947581,0.20294117647058824,138,344,680,8004,65679
17,17000,0.018683409436834095,0.00319634703196347,0.009951265133574957,0.0,0.0,0.0,0.011723973256924546,0.002005730659025788,0.006244490155452481,0.23638968481375358,165,400,698,8392,65679
18,18000,0.030353430353430355,0.004365904365904366,0.018891127555582515,0.006355932203389831,0.0008474576271186442,0.0026282852105110723,0.022454672245467225,0.0032078103207810326,0.013538225472685917,0.17433751743375175,125,350,717,8762,65679
19,19000,0.029060095653982116,0.0037117903930131003,0.01457797460197648,0.0,0.0,0.0,0.018852016727370833,0.002407932011331445,0.009457099670970578,0.21104815864022664,149,375,706,9143,65679
20,20000,0.02053834808259587,0.0026548672566371685,0.01053055482222477,0.0102880658436214,0.00205761316872428,0.005695887357282189,0.016954436450839327,0.0024460431654676263,0.008840160298511033,0.19424460431654678,135,389,695,9494,65679
21,21000,0.03599562363238512,0.004595185995623633,0.02023960087956432,0.0022123893805309734,0.00044247787610619474,0.001049547401634054,0.02481698389458272,0.0032210834553440706,0.013889744238257966,0.18740849194729137,128,365,683,683,65679
22,22000,0.017980636237897647,0.0024896265560165978,0.00934799669148956,0.0,0.0,0.0,0.012345679012345678,0.0017094017094017096,0.006418425078772034,0.17806267806267806,125,338,702,1332,65679
23,23000,0.009563994374120956,0.0018987341772151902,0.006828427841569846,0.0,0.0,0.0,0.0063581112669471715,0.0012622720897615708,0.004539515844185283,0.20196353436185133,144,347,713,1946,65679
24,24000,0.01825396825396825,0.0023809523809523807,0.010247652741846212,0.000819672131147541,0.0004098360655737705,0.00043849644412813024,0.012566844919786097,0.0017379679144385028,0.00704787448430181,0.1858288770053476,139,347,748,2554,65679
25,25000,0.012558139534883722,0.0018604651162790699,0.005307765533147944,0.0,0.0,0.0,0.007814761215629523,0.0011577424023154848,0.0033029510553597907,0.22575976845151954,156,404,691,3085,65679
26,26000,0.038175460902733625,0.005165289256198347,0.021293322145002333,0.009584859584859586,0.002136752136752137,0.0039115368749678735,0.028857632618078298,0.004178272980501393,0.015628506332762686,0.19080779944289694,137,345,718,3631,65679
27,27000,0.01774322169059011,0.0026315789473684214,0.011415406650932361,0.01567717996289425,0.002448979591836735,0.006199670938822015,0.01702113863312151,0.002567760342368046,0.009592503299338874,0.16262482168330955,114,377,701,4123,65679
28,28000,0.03054989816700611,0.004073319755600814,0.016670879972728463,0.005063291139240506,0.0008438818565400844,0.00463307715540657,0.022252747252747253,0.003021978021978022,0.012751979879726693,0.1771978021978022,129,353,728,4640,65679
29,29000,0.01492063492063492,0.0025263157894736847,0.00953248598912366,0.0,0.0,0.0,0.010153727202437806,0.00171919770773639,0.006487006941022548,0.17335243553008595,121,357,698,5104,65679
30,30000,0.016931818181818183,0.0022727272727272726,0.008149843120018199,0.0031284989791213855,0.0012448132780082989,0.0018696786452639129,0.012046943104211828,0.001908957415565345,0.005927347322050823,0.17033773861967694,116,404,681,5542,65679
31,31000,0.017857142857142856,0.003393665158371041,0.010915062975326326,0.0007092198581560283,0.00042553191489361707,0.000387627247759396,0.011904761904761902,0.0023633677991137373,0.007260783217603684,0.17725258493353027,120,385,677,5973,65679
32,32000,0.026274509803921573,0.0037647058823529413,0.012089046124590996,0.003689236111111111,0.0011718750000000002,0.003891537881495611,0.017784304127916463,0.0027900146842878126,0.009007457122781276,0.19530102790014683,133,406,681,6410,65679
33,33000,0.011232676878191102,0.002188183807439825,0.00727982605210928,0.008765859284890426,0.0017301038062283738,0.00499816277261476,0.010277033065236819,0.0020107238605898124,0.00639591092104505,0.21045576407506703,157,400,746,6887,65679
34,34000,0.014668826493880488,0.003455723542116631,0.009859561423439437,0.0,0.0,0.0,0.009552273792780121,0.002250351617440225,0.006420502023983769,0.170182841068917,121,351,711,7325,65679
35,35000,0.024662402274342573,0.0031982942430703624,0.012989564128378695,0.0,0.0,0.0,0.016268166901078292,0.002109704641350211,0.008568362273149941,0.14627285513361463,104,353,711,7747,65679
36,36000,0.024492164901151078,0.00391705069124424,0.013342988749744001,0.001488095238095238,0.00044642857142857147,0.002094994312601591,0.016660992249898025,0.0027355623100303954,0.009513884260504032,0.16109422492401215,106,362,658,8086,65679
37,37000,0.03353909465020576,0.0051440329218107,0.01742654685206365,0.0034867503486750344,0.0012552301255230127,0.0023859946592637467,0.023632183908045976,0.003862068965517241,0.012468351025747544,0.16827586206896553,122,352,725,8491,65679
38,38000,0.026228551121941317,0.0036247334754797443,0.013774523130818454,0.002600472813238771,0.0012765957446808512,0.0020776597344149533,0.01834133748196248,0.002840909090909091,0.009870030377757626,0.14630681818181818,103,375,704,8856,65679
39,39000,0.022114627227409183,0.0035164835164835165,0.011677898734282972,0.0,0.0,0.0,0.014053289648702762,0.00223463687150838,0.007421011067177029,0.15502793296089384,111,359,716,9229,65679
40,40000,0.02793470028891195,0.004751619870410367,0.012869444109655476,0.007452574525745257,0.0016260162601626016,0.005137023078452923,0.020828067090408412,0.003667136812411848,0.010186544852002688,0.15937940761636107,113,368,709,9609,65679
41,41000,0.02519057519057519,0.0033264033264033266,0.011959448259774231,0.004329004329004329,0.0007936507936507937,0.0042311675533904325,0.0180185208152466,0.0024556616643929058,0.009302522287047468,0.16371077762619374,120,369,733,733,65679
42,42000,0.015261958997722097,0.002050113895216401,0.005777297123627599,0.004770992366412214,0.0011450381679389316,0.002157076192988522,0.011340941512125535,0.001711840228245364,0.004424233095343093,0.1768901569186876,124,418,701,1372,65679
43,43000,0.027309682187730968,0.003547671840354767,0.016714503333275905,0.0009716506630086877,0.000823045267489712,0.0013633383507784041,0.018087576048671148,0.0025936599423631124,0.011339383605974907,0.1440922190201729,100,365,694,1977,65679
44,44000,0.028711484593837537,0.0037815126050420172,0.01654892161234806,0.004878048780487805,0.0008130081300813008,0.002553760291022374,0.02059095106186519,0.002770083102493075,0.011780487145525181,0.1523545706371191,110,349,722,2570,65679
45,45000,0.031275221953188055,0.004842615012106538,0.016926843399577913,0.001859504132231405,0.0008264462809917356,0.001939202019026102,0.02040712468193384,0.003358778625954199,0.011389424752106862,0.16946564885496182,111,401,655,3096,65679
46,46000,0.025730337078651685,0.0044943820224719105,0.016876161304449053,0.01606905710491368,0.0023904382470119525,0.005856861793483288,0.022246168582375478,0.003735632183908046,0.012902247256672607,0.16091954022988506,112,376,696,3613,65679
47,47000,0.03247261345852895,0.003990610328638498,0.015310833590015392,0.007722007722007722,0.0015444015444015444,0.004707394279274145,0.023114355231143552,0.0030656934306569346,0.011301649967413957,0.15766423357664233,108,432,685,4114,65679
48,48000,0.02510460251046025,0.0031380753138075313,0.01283768423473009,0.0003192848020434227,0.0003831417624521073,0.0003262188415387777,0.016350924672981507,0.002165087956698241,0.00841888522576807,0.14073071718538566,104,365,739,4627,65679
49,49000,0.011940673705379587,0.0020361990950226246,0.007482452712085734,0.0,0.0,0.0,0.007465032217507463,0.001272984441301273,0.004677855868093203,0.15983026874115983,113,384,707,5089,65679
50,50000,0.02610084033613445,0.004,0.014946199105816354,0.009868421052631578,0.0015037593984962407,0.003800094471769934,0.019852181103990077,0.0030390738060781476,0.010655513385619035,0.15340086830680175,106,429,691,5534,65679
51,51000,0.01747311827956989,0.002304147465437788,0.009449748666618232,0.011567164179104477,0.0014925373134328358,0.006389302621553763,0.015218423551756885,0.0019943019943019944,0.008281373253402736,0.15954415954415954,112,392,702,5992,65679
52,52000,0.03152400835073069,0.0043841336116910235,0.019029177823584296,0.006147540983606557,0.000819672131147541,0.0021568136847835415,0.022959889349930845,0.0031811894882434306,0.013335046634279478,0.1396957123098202,101,375,723,6461,65679
53,53000,0.0178544061302682,0.002988505747126437,0.011067441736557939,0.004752851711026616,0.0007604562737642586,0.001849178214595904,0.012917860553963705,0.002148997134670487,0.007594084564242731,0.15902578796561603,111,392,698,6886,65679
54,54000,0.019036334913112164,0.003080568720379147,0.010600719518903042,0.003942652329749104,0.0016129032258064516,0.004677116576848276,0.013449419568822554,0.0025373134328358212,0.008408102310500681,0.14029850746268657,94,408,670,7279,65679
55,55000,0.020687134502923976,0.003289473684210526,0.010289346440866055,0.0030120481927710845,0.0012048192771084338,0.0027149545824082183,0.014444444444444446,0.0025531914893617024,0.007614135699368182,0.12482269503546099,88,394,705,7677,65679
56,56000,0.022350877192982458,0.0029473684210526317,0.013113377841651695,0.004826254826254826,0.0007722007722007722,0.002871717741005378,0.016167120799273387,0.0021798365122615805,0.009499495054093933,0.13760217983651227,101,368,734,8094,65679
57,57000,0.021375469898445826,0.0032822757111597373,0.012259588937692096,0.0034482758620689655,0.0006896551724137932,0.0020871042898369164,0.014415782789276764,0.002275769745649264,0.008310431577748316,0.1459170013386881,109,381,747,8498,65679
58,58000,0.02639873916469661,0.003546099290780142,0.017765756748888265,0.01343101343101343,0.0018315018315018315,0.0048387005800675596,0.021312260536398467,0.0028735632183908054,0.012695230406807728,0.15804597701149425,110,409,696,8892,65679
59,59000,0.02195626477541371,0.0034042553191489366,0.013331574189322801,0.0030991735537190084,0.0008264462809917356,0.0024576960643825944,0.015546972534332085,0.0025280898876404497,0.009635677410902113,0.10252808988764045,73,352,712,9268,65679
60,60000,0.02587719298245614,0.004166666666666667,0.016067979701547618,0.0,0.0,0.0,0.0164804469273743,0.0026536312849162014,0.010233238469142059,0.16620111731843576,119,358,716,9664,65679
61,61000,0.03062770562770563,0.004318181818181818,0.013724467211710008,0.0037593984962406013,0.00037593984962406017,0.0023719163668099908,0.020504519088088494,0.0028328611898017,0.009447160519438898,0.12606232294617564,89,417,706,706,65679
62,62000,0.028008298755186723,0.0029045643153526968,0.013030020854834748,0.0012391573729863693,0.00037174721189591083,0.0006214143307293764,0.01841988459831336,0.001997336884154461,0.00858539348468249,0.11318242343541944,85,401,751,1388,65679
63,63000,0.027170311464546057,0.0033797216699801196,0.014148032192534346,0.007246376811594203,0.0007246376811594203,0.002492328996009141,0.02011125374411639,0.0024390243902439024,0.01001841206128793,0.13478818998716302,105,361,779,2057,65679
64,64000,0.015668044077134985,0.0024793388429752063,0.009062529318017317,0.0,0.0,0.0,0.00995188101487314,0.0015748031496062994,0.005756252217743283,0.11811023622047244,90,381,762,2670,65679
65,65000,0.03840245775729646,0.005069124423963134,0.021060057697352745,0.0,0.0,0.0,0.02292526364053186,0.0030261348005502066,0.012572304044912093,0.13342503438789546,97,436,727,3233,65679
66,66000,0.02614517265680056,0.003171247357293869,0.010921375621114901,0.0019157088122605363,0.0003831417624521073,0.002349222960787197,0.017529518619436878,0.0021798365122615805,0.007873239593396194,0.13487738419618528,99,381,734,3765,65679
67,67000,0.021925693354264784,0.0035164835164835165,0.009922579588141604,0.0036133694670280035,0.0016260162601626016,0.0021304892683307957,0.015499399950184541,0.0028530670470756064,0.007188122785469052,0.0912981455064194,64,364,701,4265,65679
68,68000,0.016837899543378994,0.0025114155251141556,0.007969683715788174,0.009598884598884598,0.002316602316602317,0.006668575236761702,0.014147935597003029,0.002439024390243903,0.007486201511960546,0.11764705882352941,82,405,697,4737,65679
69,69000,0.02076095947063689,0.0027295285359801493,0.011642564113967533,0.0024425287356321834,0.00103448275862069,0.001700887525066829,0.013095238095238094,0.00202020202020202,0.007482266551512693,0.1414141414141414,98,460,693,5197,65679
70,70000,0.019641401792991033,0.0031784841075794628,0.011626779499416057,0.009608730369976046,0.002076124567474048,0.007007925121969164,0.015487473367129528,0.0027220630372492838,0.009714388503596353,0.1332378223495702,93,462,698,5658,65679
71,71000,0.018810554524840237,0.0024943310657596376,0.009040360591679338,0.0,0.0,0.0,0.011426245930378161,0.0015151515151515154,0.005491458706515962,0.13085399449035812,95,401,726,6131,65679
72,72000,0.03329702251270878,0.004357298474945534,0.015080380693048154,0.0,0.0,0.0,0.020993589743589742,0.0027472527472527475,0.009508097167732285,0.11813186813186813,86,395,728,6588,65679
73,73000,0.021731321839080456,0.0028017241379310344,0.012923078614422538,0.003875968992248062,0.0003875968992248062,0.0011667829289301597,0.015350877192982455,0.0019390581717451526,0.008722075447030525,0.1038781163434903,75,403,722,7037,65679
74,74000,0.027210884353741496,0.0036281179138321997,0.015037651817741101,0.00199203187250996,0.00039840637450199205,0.0010520642333569357,0.018063583815028903,0.0024566473988439307,0.009964844760399447,0.11560693641618497,80,403,692,7434,65679
75,75000,0.028295454545454544,0.0038636363636363642,0.017559804913733653,0.0,0.0,0.0,0.017291666666666667,0.0023611111111111116,0.01073099189172612,0.12777777777777777,92,408,720,7863,65679
76,76000,0.019264069264069265,0.002597402597402598,0.011670386761610172,0.0021645021645021645,0.0004329004329004329,0.0007672696397577825,0.013564213564213565,0.001875901875901876,0.008036014387659376,0.09812409812409813,68,371,693,8249,65679
77,77000,0.029906962785114045,0.0037815126050420172,0.016426028106354473,0.0007692307692307692,0.0003846153846153846,0.00043482077599181555,0.019613742236024845,0.002581521739130435,0.010776960299432882,0.12907608695652173,95,370,736,8645,65679
78,78000,0.025253350768224908,0.0036613272311212816,0.01363956370280421,0.005474452554744526,0.0007299270072992701,0.0020855054891025905,0.017631103074141046,0.0025316455696202536,0.009186944925653374,0.12236286919831224,87,398,711,9028,65679
79,79000,0.02359835286664555,0.0028824833702882483,0.011332572483681004,0.007785467128027681,0.0010380622837370243,0.005404038981060412,0.01742277992277992,0.002162162162162162,0.009017239804954854,0.11081081081081082,82,421,740,9411,65679
80,80000,0.018866160783019902,0.003002309468822171,0.01206077492182675,0.0017985611510791368,0.00035971223021582735,0.0007351884805341227,0.01219275333199384,0.001969057665260197,0.007632486552376188,0.1111111111111111,79,387,711,9781,65679
81,81000,0.02555555555555555,0.004222222222222223,0.013430728809538307,0.0,0.0,0.0,0.015415549597855228,0.0025469168900804293,0.008101646064734904,0.11528150134048257,86,412,746,746,65679
82,82000,0.022665895061728395,0.003472222222222222,0.010737344279964126,0.005420054200542005,0.0008130081300813008,0.0032006341283700936,0.016408554572271385,0.002507374631268437,0.00800278572938576,0.10914454277286136,74,399,678,1368,65679
83,83000,0.019615587151132177,0.003317535545023697,0.012867359901882707,0.0009398496240601503,0.00037593984962406017,0.0005677429256684408,0.01239502583979328,0.002180232558139535,0.008111984733753354,0.10465116279069768,72,406,688,1954,65679
84,84000,0.012962962962962963,0.0017777777777777779,0.00764562194422972,0.00392512077294686,0.0010869565217391307,0.0027730008918359613,0.009527089072543618,0.0015151515151515154,0.005793220552410606,0.11570247933884298,84,399,726,2545,65679
85,85000,0.02740046838407494,0.003747072599531616,0.015543862400720665,0.0025940337224383916,0.0007782101167315176,0.0013008595717214184,0.01807992202729045,0.002631578947368421,0.010192324788070363,0.09502923976608187,65,419,684,3050,65679
86,86000,0.019271948608137045,0.002355460385438972,0.009130399485540107,0.0006968641114982578,0.0003484320557491289,0.0003939142918392754,0.012201591511936338,0.0015915119363395227,0.005804973423746819,0.11936339522546419,90,391,754,3604,65679
87,87000,0.02297297297297297,0.002927927927927928,0.012835876678368571,0.0,0.0,0.0,0.014265734265734265,0.0018181818181818186,0.007970810133140762,0.1076923076923077,77,401,715,4127,65679
88,88000,0.019473368041649976,0.003083700440528634,0.010327781820723653,0.005757575757575757,0.0010909090909090912,0.002572548288300618,0.014299372324063682,0.0023319615912208505,0.007402282202868598,0.11248285322359397,82,400,729,4632,65679
89,89000,0.018469551282051282,0.002884615384615385,0.011198929900246872,0.006463878326996198,0.001140684410646388,0.004097663892057541,0.013819342169857633,0.0022091310751104565,0.008448365894129355,0.09572901325478646,65,420,679,5052,65679
90,90000,0.024107820804859532,0.0036446469248291574,0.01302725243927383,0.007518796992481203,0.0007518796992481203,0.0061313148630505925,0.017848699763593382,0.002553191489361702,0.010425380956613717,0.10070921985815603,71,407,705,5501,65679
91,91000,0.02161985301520185,0.003382663847780127,0.012088335116456097,0.0,0.0,0.0,0.013875428054532532,0.002170963364993216,0.007758185223994212,0.07462686567164178,55,367,737,5962,65679
92,92000,0.028312412831241283,0.003765690376569038,0.012724876150944205,0.0023234200743494425,0.0007434944237918217,0.0011952116989783716,0.01895359214636323,0.002677376171352075,0.00857296217828181,0.11512717536813923,86,384,747,6447,65679
93,93000,0.020519389190275267,0.002953586497890295,0.011940629931379228,0.0035460992907801418,0.0003546099290780142,0.001371818465370715,0.014188082640463591,0.0019841269841269845,0.007998295495645893,0.09523809523809523,72,373,756,6900,65679
94,94000,0.018850574712643675,0.002988505747126437,0.011822278166656498,0.010067114093959731,0.0010067114093959733,0.004610703852060474,0.015279672578444746,0.0021828103683492503,0.008890423943260024,0.11732605729877217,86,406,733,7349,65679
95,95000,0.023436667731969743,0.002684563758389262,0.012844232901124996,0.0034482758620689655,0.0003448275862068966,0.0012283006452000764,0.015571493183433482,0.0017639077340569878,0.008273513288888597,0.10990502035278155,81,414,737,7781,65679
96,96000,0.019142857142857145,0.003058823529411765,0.008763238629189237,0.003873239436619719,0.0010563380281690142,0.00322780896910297,0.013026395325408016,0.0022566995768688296,0.0065459438147118035,0.07898448519040903,56,419,709,8158,65679
97,97000,0.01659324522760646,0.003083700440528634,0.00975748015744411,0.0017605633802816902,0.00035211267605633805,0.0008352032139763952,0.010885275519421861,0.0020325203252032522,0.006323975209009379,0.09349593495934959,69,383,738,8546,65679
98,98000,0.03034913516976297,0.004260089686098655,0.019186444720640707,0.010572139303482586,0.002238805970149254,0.005050923447747976,0.02292583700146725,0.0035014005602240898,0.013880674831095537,0.10504201680672269,75,389,714,8952,65679
99,99000,0.019331911869225303,0.0034115138592750536,0.010202962351199172,0.0017921146953405018,0.00035842293906810036,0.0007828223541869685,0.012789661319073083,0.002272727272727273,0.006689300507393816,0.10160427807486631,76,390,748,9343,65679
100,100000,0.01905311778290993,0.0032332563510392614,0.00998446254041586,0.0035211267605633804,0.00035211267605633805,0.001254250658831064,0.01290097629009763,0.0020920502092050207,0.006526470665422718,0.11157601115760112,80,458,717,9729,65679
101,101000,0.014916286149162862,0.0018264840182648403,0.0060711269533736045,0.005241935483870968,0.0009677419354838711,0.002970377334226924,0.010906862745098039,0.0014705882352941178,0.004786056924048108,0.10962566844919786,82,440,748,748,65679
102,102000,0.010542168674698794,0.0016867469879518074,0.005334689138096614,0.01263537906137184,0.0014440433212996391,0.007431497729705027,0.011380057803468208,0.0015895953757225434,0.006174018588783798,0.1199421965317919,83,403,692,1371,65679
103,103000,0.013567733079928201,0.0019955654101995565,0.005368914616322775,0.008445945945945946,0.0010135135135135136,0.004174139704110404,0.011538216357493466,0.0016064257028112453,0.004895483058069948,0.09906291834002677,74,425,747,2000,65679
104,104000,0.03394355453852021,0.004576659038901602,0.020752433063768685,0.0012626262626262625,0.0003787878787878788,0.0017775709319043805,0.021635758440323345,0.0029957203994293866,0.013606407952767005,0.0912981455064194,64,408,701,2580,65679
105,105000,0.01963768115942029,0.0026086956521739132,0.010353952898830374,0.007647058823529411,0.0015686274509803923,0.006502558136536882,0.015361305361305363,0.0022377622377622378,0.008980378543047379,0.0951048951048951,68,380,715,3140,65679
106,106000,0.013868808567603749,0.0028915662650602415,0.010625672153190609,0.0019011406844106464,0.0003802281368821293,0.0007018087330021603,0.00922648312028843,0.0019174041297935103,0.006776149912026064,0.10914454277286136,74,399,678,3631,65679
107,107000,0.022879464285714284,0.003125,0.016291938342957713,0.0011614401858304297,0.0003484320557491289,0.0005450391707581375,0.01439909297052154,0.0020408163265306124,0.010143149142384544,0.09387755102040816,69,412,735,4166,65679
108,108000,0.028774289985052316,0.0033632286995515697,0.01512961240225303,0.0032679738562091504,0.00032679738562091506,0.002061861939776005,0.018395390070921988,0.002127659574468085,0.00981215011300041,0.11037234042553191,83,417,752,4701,65679
109,109000,0.02138508371385084,0.0029680365296803654,0.010602783077686837,0.00684931506849315,0.0006849315068493151,0.0022098356624175,0.015570776255707764,0.002054794520547945,0.007245604111579101,0.08356164383561644,61,428,730,5187,65679
110,110000,0.009062253743104806,0.001182033096926714,0.004762300762277786,0.0030084235860409142,0.0007220216606498196,0.0032824155369361864,0.006666666666666667,0.001,0.00417668903739261,0.10142857142857142,71,416,700,5644,65679
111,111000,0.023148148148148147,0.003472222222222222,0.012011780404408036,0.01116017316017316,0.0025454545454545456,0.009548854115716173,0.01848521586852563,0.003111739745403112,0.011053782201592956,0.09618104667609619,68,413,707,6080,65679
112,112000,0.022421972534332084,0.003146067415730337,0.010661859116467895,0.0015748031496062994,0.0007874015748031497,0.0009185136717923364,0.014846606262915278,0.0022889842632331904,0.007121358768903386,0.09585121602288985,67,364,699,6514,65679
113,113000,0.0263317191283293,0.0036319612590799038,0.013482882186279075,0.003875968992248062,0.0011627906976744188,0.0031288634130530795,0.01769746646795827,0.002682563338301043,0.009501754252609467,0.08196721311475409,55,388,671,6924,65679
114,114000,0.02095671981776765,0.003416856492027335,0.014126053052891078,0.0,0.0,0.0,0.012689655172413794,0.00206896551724138,0.008553568676164391,0.09241379310344827,67,396,725,7352,65679
115,115000,0.022916666666666665,0.0030000000000000005,0.013177360729736956,0.0010615711252653928,0.00031847133757961787,0.0014945182357412625,0.01330532212885154,0.001820728291316527,0.008039528036299074,0.11624649859943978,83,425,714,7766,65679
116,116000,0.0196078431372549,0.0031674208144796376,0.011623609898683223,0.0,0.0,0.0,0.011987090825265098,0.0019363762102351319,0.0071059966462212795,0.07468879668049792,54,392,723,8168,65679
117,117000,0.01890847247990105,0.0036796536796536794,0.010872325579245534,0.0,0.0,0.0,0.012678830603358905,0.002467343976777939,0.007290296687389605,0.06821480406386067,47,356,689,8529,65679
118,118000,0.019850763271815904,0.0035885167464114833,0.010723621910504985,0.0023809523809523807,0.0006802721088435375,0.0019604010817786135,0.012637105403959336,0.002387640449438202,0.007105100950328646,0.09410112359550561,67,434,712,8931,65679
119,119000,0.027139008028153527,0.004849884526558892,0.013730939924092854,0.003703703703703704,0.0003703703703703704,0.00131928587817786,0.018138251032987877,0.0031294452347083927,0.008964017317553667,0.08819345661450925,62,376,703,9322,65679
120,120000,0.025244472789115648,0.0033482142857142855,0.014301014158903372,0.0,0.0,0.0,0.015387107223841918,0.0020408163265306124,0.008716808630188722,0.08843537414965986,65,408,735,9696,65679
121,121000,0.019450800915331808,0.0025171624713958814,0.012999408383364565,0.0036231884057971015,0.00036231884057971015,0.0012077294685990338,0.01332398316970547,0.001683029453015428,0.008434887513132747,0.11220196353436185,80,416,713,713,65679
122,122000,0.022396199859254045,0.00394088669950739,0.011918264397188278,0.0016778523489932886,0.00033557046979865775,0.001298163782666247,0.013626217532467533,0.002414772727272727,0.0074228240802457135,0.10795454545454546,76,437,704,1348,65679
123,123000,0.01317287784679089,0.002173913043478261,0.0062278563323650065,0.004132231404958678,0.0004132231404958678,0.0015985653191509985,0.01005630172296839,0.001566951566951567,0.004632003874818298,0.06695156695156695,47,365,702,1963,65679
124,124000,0.01976425438596491,0.0026315789473684214,0.010933794674813865,0.0038314176245210726,0.0003831417624521073,0.0024173553776684195,0.013964435146443514,0.0018131101813110182,0.007833668236104017,0.07670850767085077,55,394,717,2552,65679
125,125000,0.015544041450777202,0.0023316062176165805,0.007621419770974433,0.0011185682326621924,0.00033557046979865775,0.0005609411240476587,0.009259259259259259,0.0014619883040935672,0.004545363284447855,0.09649122807017543,66,503,684,3081,65679
126,126000,0.01747239475500345,0.002826086956521739,0.00865005982466427,0.0,0.0,0.0,0.01102510505802687,0.0017832647462277093,0.005458199615014491,0.08641975308641975,63,382,729,3621,65679
127,127000,0.02619589977220957,0.0029612756264236905,0.013056672540538867,0.0,0.0,0.0,0.015667574931880108,0.0017711171662125342,0.007809099789232375,0.08310626702997276,61,426,734,4149,65679
128,128000,0.016744548286604363,0.001869158878504673,0.006878028697679798,0.0,0.0,0.0,0.009871441689623508,0.0011019283746556475,0.004054815816263021,0.08402203856749312,61,414,726,4641,65679
129,129000,0.014085545722713864,0.0026548672566371685,0.007941130874783693,0.0035087719298245615,0.00035087719298245617,0.0013573782709983917,0.009995477159656263,0.0017639077340569878,0.005395174983224926,0.06648575305291723,49,401,737,5134,65679
130,130000,0.026650432900432897,0.0036363636363636364,0.013840061999942024,0.00984009840098401,0.0014760147601476016,0.00721896683709045,0.020243118344384168,0.0028129395218002813,0.011316409694551343,0.09423347398030943,67,393,711,5607,65679
131,131000,0.022821792472447495,0.0032751091703056767,0.018117382914332514,0.0018726591760299626,0.0003745318352059925,0.002296431433578496,0.015106732348111659,0.002206896551724138,0.012290908369006549,0.07448275862068965,54,374,725,6057,65679
132,132000,0.020507084265473527,0.002684563758389262,0.009176979084982226,0.0006510416666666666,0.000390625,0.00045727575444517006,0.013276434329065907,0.001849217638691323,0.006001667488086797,0.07681365576102418,54,403,703,6478,65679
133,133000,0.02907407407407407,0.0035555555555555557,0.01314661334600397,0.008503401360544218,0.0010204081632653062,0.0032225931698335033,0.020945340501792115,0.002553763440860215,0.009225024728001125,0.08602150537634409,64,420,744,6907,65679
134,134000,0.015293244246473646,0.0022271714922048997,0.006080729868552817,0.0,0.0,0.0,0.009317051108095884,0.0013568521031207597,0.0037045423486841453,0.08276797829036635,61,402,737,7358,65679
135,135000,0.026368760064412237,0.0038647342995169085,0.011872751000975382,0.0046641791044776115,0.0007462686567164179,0.005187985261164559,0.017839687194525902,0.002639296187683284,0.009245892909671422,0.08651026392961877,59,412,682,7742,65679
136,136000,0.017683881064162753,0.0021126760563380284,0.008994711335176458,0.010304659498207885,0.002508960573476703,0.0073615782322454405,0.014763593380614656,0.0022695035460992908,0.008348407596569714,0.0950354609929078,67,435,705,8136,65679
137,137000,0.017803030303030303,0.0022727272727272726,0.007333882614962734,0.007246376811594203,0.0010869565217391307,0.0044145196986165374,0.013733705772811916,0.0018156424581005587,0.006208541602516435,0.08519553072625698,61,413,716,8507,65679
138,138000,0.013575899843505476,0.0021126760563380284,0.007169506844143064,0.0,0.0,0.0,0.008122659176029962,0.0012640449438202249,0.0042896206679844725,0.08286516853932584,59,452,712,8892,65679
139,139000,0.0234106529209622,0.003092783505154639,0.01776392520517026,0.004507337526205451,0.0015723270440251573,0.0025744241843189044,0.014896128423040602,0.002407932011331445,0.010922195283596985,0.09490084985835694,67,501,706,9272,65679
140,140000,0.015258215962441314,0.0021126760563380284,0.008016858028449968,0.0,0.0,0.0,0.008783783783783784,0.0012162162162162164,0.004615110162323901,0.07297297297297298,54,440,740,9632,65679
141,141000,0.017166666666666667,0.0022500000000000003,0.008139033914237573,0.0014840182648401827,0.0006849315068493151,0.0007626043337738853,0.01054913294797688,0.0015895953757225434,0.005026436461209543,0.08092485549132948,56,437,692,692,65679
142,142000,0.034973798131692865,0.004545454545454546,0.018628718031439905,0.002527075812274368,0.0007220216606498196,0.0026216627961131063,0.022041795135320313,0.0030215827338129497,0.012248927671460734,0.08633093525179857,60,422,695,1330,65679
143,143000,0.020499999999999997,0.0025,0.009797356928940433,0.0017718715393133997,0.000664451827242525,0.0009912476162077875,0.012458392772230148,0.001711840228245364,0.006016131674828413,0.0898716119828816,63,473,701,1936,65679
144,144000,0.026958333333333334,0.0035000000000000005,0.012931763340574833,0.007226107226107226,0.0024475524475524478,0.004567987219707794,0.018731778425655977,0.0030612244897959186,0.009444824607968458,0.08600583090379009,59,472,686,2491,65679
145,145000,0.021998420221169036,0.0028436018957345975,0.009912394789855328,0.0008038585209003215,0.0003215434083601286,0.00036284611366217126,0.013005911778080945,0.0017735334242837653,0.005860676320147181,0.0791268758526603,58,443,733,3042,65679
146,146000,0.0257847533632287,0.003587443946188341,0.01400634868509193,0.0,0.0,0.0,0.015333333333333332,0.0021333333333333334,0.008329108684734667,0.076,57,405,750,3593,65679
147,147000,0.020190023752969122,0.0023752969121140144,0.01317478893713736,0.010344827586206896,0.00103448275862069,0.004597404957212854,0.01617440225035162,0.0018284106891701829,0.009676277890473357,0.08860759493670886,63,440,711,4108,65679
148,148000,0.022823529411764704,0.0035294117647058825,0.012046312257732226,0.0,0.0,0.0,0.013916786226685796,0.0021520803443328554,0.007345312352275747,0.05738880918220947,40,435,697,4563,65679
149,149000,0.014332514332514331,0.0017199017199017199,0.006560986040078269,0.005190311418685121,0.0006920415224913496,0.0040988778435279176,0.01053639846743295,0.0012931034482758623,0.005538645136625608,0.06752873563218391,47,427,696,5016,65679
150,150000,0.02955823293172691,0.004337349397590362,0.01606747892841611,0.003676470588235294,0.0003676470588235294,0.001159797341124003,0.019311014070839398,0.002765647743813683,0.010165165403316469,0.06550218340611354,45,423,687,5451,65679
151,151000,0.02496069182389937,0.0030660377358490572,0.012526197241853875,0.0,0.0,0.0,0.015097479790775085,0.001854493580599144,0.007576473082091358,0.07703281027104136,54,444,701,5879,65679
152,152000,0.016845878136200716,0.0019354838709677422,0.010982242396862555,0.005190311418685121,0.0006920415224913496,0.003121840896482167,0.012378426171529618,0.0014588859416445625,0.007969435986239302,0.050397877984084884,38,421,754,6362,65679
153,153000,0.03015873015873016,0.0040100250626566416,0.013486555481369875,0.01126126126126126,0.0015015015015015015,0.004624439058984947,0.02156193078324226,0.002868852459016393,0.009455018912170175,0.07103825136612021,52,466,732,6827,65679
154,154000,0.015743816906607606,0.0023255813953488376,0.006399963637590883,0.002389078498293515,0.0006825938566552901,0.0012573474071045667,0.009989495798319328,0.0016176470588235296,0.004184101055925455,0.08823529411764706,60,449,680,7208,65679
155,155000,0.02748156924697209,0.004502369668246446,0.01335212862462067,0.0,0.0,0.0,0.016758991650610146,0.0027456647398843934,0.00814248306299122,0.08236994219653179,57,388,692,7614,65679
156,156000,0.015176470588235295,0.0025882352941176473,0.008348219322565307,0.008576998050682261,0.0014035087719298247,0.003323470641035526,0.01252738654147105,0.002112676056338028,0.006331242739134339,0.04929577464788732,35,419,710,7975,65679
157,157000,0.02108433734939759,0.0028915662650602415,0.011253802635793833,0.01135395969344309,0.0014760147601476016,0.005453871919335427,0.017240412648575912,0.0023323615160349854,0.008962576361507785,0.08017492711370262,55,404,686,8361,65679
158,158000,0.017208043310131475,0.002552204176334107,0.00915325789763799,0.00039123630672926443,0.00035211267605633805,0.00027587505799822224,0.010528360528360528,0.0016783216783216785,0.005627136601892963,0.07972027972027972,57,422,715,8761,65679
159,159000,0.026173787271918113,0.004205607476635514,0.01477085578719419,0.003208985158443642,0.0014440433212996391,0.0022295480103881014,0.01715073736350332,0.003120567375886525,0.009843278121697328,0.07801418439716312,55,406,705,9137,65679
160,160000,0.01752076752076752,0.00343980343980344,0.008894949024694565,0.0007968127490039841,0.00039840637450199205,0.0005227293924794493,0.011141265016644955,0.0022796352583586625,0.005701290775931656,0.060790273556231005,40,415,658,9465,65679
161,161000,0.018817204301075273,0.002534562211981567,0.010753256292406605,0.006194180351483722,0.0018726591760299626,0.006567197719168736,0.014009290756794324,0.002282453637660485,0.00915885167178676,0.05848787446504993,41,426,701,701,65679
162,162000,0.025898078529657476,0.003007518796992482,0.013473258096988005,0.0008865248226950354,0.0003546099290780142,0.000535530561091508,0.015540871267743513,0.0019089574155653451,0.008115785020449367,0.08223201174743025,56,435,681,1306,65679
163,163000,0.025061728395061728,0.003703703703703704,0.012538279973716884,0.004452054794520548,0.0010273972602739727,0.0026438960268795413,0.01642754662840746,0.002582496413199426,0.00839314351392276,0.06886657101865136,48,433,697,1895,65679
164,164000,0.019996150885296382,0.0027713625866050812,0.011476068177625188,0.0017241379310344827,0.0003448275862068966,0.0007531290924764283,0.012667127708621485,0.001798063623789765,0.007175027604052378,0.07330567081604426,53,409,723,2498,65679
165,165000,0.02727272727272727,0.003409090909090909,0.013743903110905906,0.004891922639362912,0.0010238907849829354,0.0020123613157973157,0.01832651205093224,0.0024556616643929058,0.009054487359245855,0.06684856753069578,49,436,733,3072,65679
166,166000,0.018883792048929662,0.002752293577981651,0.00998606348927453,0.0038314176245210726,0.0007662835249042146,0.0031322972810495955,0.01324725011956002,0.0020086083213773313,0.007419588625075524,0.06312769010043041,44,409,697,3614,65679
167,167000,0.02777503790162018,0.004556962025316456,0.014522002909956892,0.006624825662482566,0.0012552301255230127,0.0039109174195607645,0.019802008366677136,0.0033123028391167193,0.010521924941179803,0.0583596214511041,37,390,634,4068,65679
168,168000,0.024353120243531205,0.002968036529680366,0.013209838946116319,0.00539568345323741,0.0007194244604316547,0.0027831137211118103,0.016992551210428305,0.002094972067039106,0.009161473565458144,0.06424581005586592,46,404,716,4555,65679
169,169000,0.02144120247568523,0.0034482758620689655,0.014143541652035374,0.0009359605911330051,0.0006896551724137932,0.0006450535384616662,0.012525879917184264,0.0022488755622188904,0.008274633776568546,0.07646176911544228,51,497,667,5005,65679
170,170000,0.012286491807075443,0.0029702970297029703,0.006761129792015863,0.003424657534246575,0.00034246575342465754,0.003424657534246575,0.00856859581904954,0.001867816091954023,0.005361345453986219,0.05172413793103448,36,415,696,5455,65679
171,171000,0.015347564313081553,0.0022988505747126436,0.005529731916441284,0.0,0.0,0.0,0.009298315426449131,0.0013927576601671311,0.0033501857711030064,0.07103064066852367,51,416,718,5902,65679
172,172000,0.008218654434250764,0.001376146788990826,0.004136477525567414,0.004918032786885246,0.0006557377049180328,0.00399477848137103,0.006860098965362123,0.0010796221322537112,0.00407815335757835,0.059379217273954114,44,422,741,6356,65679
173,173000,0.01598446683459278,0.002770780856423174,0.00872058422617342,0.004786450662739322,0.0010309278350515466,0.0021762204137752085,0.011248096622369877,0.0020348837209302325,0.005952546625289873,0.06540697674418605,45,442,688,6750,65679
174,174000,0.02345679012345679,0.0032098765432098768,0.010248868087406066,0.0025445292620865138,0.0007633587786259542,0.002725246808899731,0.015242378810594702,0.002248875562218891,0.007293562577707925,0.06896551724137931,46,425,667,7127,65679
175,175000,0.01578137028483449,0.0018475750577367207,0.006809503511610539,0.0016891891891891893,0.00033783783783783786,0.0020714432188022242,0.01005944215820759,0.001234567901234568,0.0048856820484126495,0.06035665294924554,44,430,729,7548,65679
176,176000,0.025732383214568486,0.0030878859857482186,0.012827392144006003,0.0070921985815602835,0.0010638297872340428,0.005161720388608015,0.018255097202465622,0.002275960170697013,0.009752400060048348,0.06827880512091039,48,423,703,7932,65679
177,177000,0.01757990867579909,0.0029680365296803654,0.009400236950544687,0.0006693440428380187,0.00040160642570281126,0.00043288817078116843,0.011450752062105773,0.0020378457059679767,0.006150062501984111,0.04512372634643377,31,377,687,8308,65679
178,178000,0.017361111111111112,0.0030092592592592593,0.008689545395189402,0.003787878787878788,0.0003787878787878788,0.003787878787878788,0.01221264367816092,0.0020114942528735636,0.0068302925441405486,0.0603448275862069,42,378,696,8691,65679
179,179000,0.012602535421327367,0.0020134228187919465,0.007182463464864386,0.0017301038062283738,0.0003460207612456748,0.0007072055279878412,0.008333333333333333,0.001358695652173913,0.004639868976063678,0.058423913043478264,43,392,736,9084,65679
180,180000,0.010690045248868777,0.0022624434389140274,0.00875341315984411,0.015086206896551725,0.001724137931034483,0.01256110857081655,0.01220326409495549,0.002077151335311573,0.010064073894778244,0.050445103857566766,34,380,674,9421,65679
181,181000,0.01836340206185567,0.002835051546391753,0.012399265738401274,0.005490196078431372,0.0011764705882352942,0.0024259503613047284,0.013258164852255056,0.0021772939346811817,0.008444062906115707,0.06376360808709176,41,455,643,643,65679
182,182000,0.015387689848121503,0.002398081534772182,0.006936759375493491,0.008806584362139918,0.0022222222222222227,0.009750088232685195,0.012801229176775028,0.0023289665211062593,0.00804243447220639,0.05967976710334789,41,421,687,1254,65679
183,183000,0.022975077881619933,0.0032710280373831773,0.01326238895045295,0.006620209059233449,0.0013937282229965157,0.0026246328566019075,0.01641025641025641,0.002517482517482518,0.008992408532361693,0.05314685314685315,38,420,715,1871,65679
184,184000,0.023809523809523808,0.003747072599531616,0.013996820134301285,0.009101251422070534,0.0020477815699658708,0.006229938056015701,0.017824074074074072,0.0030555555555555557,0.010836130621887848,0.05694444444444444,41,416,720,2441,65679
185,185000,0.020863309352517984,0.002398081534772182,0.010525401460151329,0.0036231884057971015,0.0007246376811594203,0.0029620637331664655,0.013997113997113996,0.0017316017316017318,0.007513163058062119,0.05483405483405483,38,440,693,2971,65679
186,186000,0.040115798180314306,0.004714640198511166,0.019944526869040115,0.005012531328320802,0.0007518796992481203,0.0028958974499501415,0.026158445440956652,0.0031390134529147985,0.013165849103004341,0.08669656203288491,58,408,669,3474,65679
187,187000,0.03265083265083265,0.004914004914004914,0.018093526373393988,0.007194244604316547,0.0010791366906474822,0.004141636335247251,0.022319545823195456,0.003357664233576642,0.01243129946740159,0.05401459854014599,37,400,685,3956,65679
188,188000,0.01518943343760862,0.0038929440389294406,0.008938469569707109,0.007633587786259542,0.0007633587786259542,0.0025798382960016395,0.012247930375716407,0.002674591381872214,0.006463044021845544,0.05349182763744428,36,400,673,4413,65679
189,189000,0.024535893918609965,0.004444444444444445,0.014308731581921896,0.0034153005464480873,0.000819672131147541,0.002818385913282462,0.01659533184956914,0.0030816640986132513,0.009988786523142201,0.04160246533127889,27,390,649,4860,65679
190,190000,0.021536796536796535,0.003246753246753247,0.012450917250226935,0.008389261744966443,0.0010067114093959733,0.003907302776723246,0.01638157894736842,0.0023684210526315787,0.009100921048774174,0.056578947368421055,43,415,760,5374,65679
191,191000,0.010912698412698412,0.002142857142857143,0.008072409130192743,0.0005611672278338944,0.0003367003367003367,0.00030670842836181167,0.006624825662482566,0.001394700139470014,0.004855654446170725,0.06276150627615062,45,413,717,5829,65679
192,192000,0.03240521327014218,0.005687203791469194,0.01777417269120591,0.000591016548463357,0.0003546099290780142,0.0010730582038965017,0.01966145833333333,0.0035511363636363635,0.011084237626687084,0.06534090909090909,46,398,704,6268,65679
193,193000,0.0190744920993228,0.0029345372460496616,0.01148783822749652,0.0035460992907801418,0.0003546099290780142,0.001371818465370715,0.013034482758620689,0.0019310344827586205,0.007553055368297242,0.038620689655172416,28,394,725,6693,65679
194,194000,0.02883895131086142,0.0035955056179775282,0.016442569486344438,0.0013333333333333333,0.0004,0.0006686418198648091,0.01894484412470024,0.0024460431654676263,0.010768494786171909,0.04892086330935252,34,392,695,7100,65679
195,195000,0.020756343927075635,0.0033259423503325942,0.011857258611610532,0.010638297872340425,0.0010638297872340428,0.006965471939378691,0.01686372593603153,0.0024556616643929058,0.009975288841393098,0.06957708049113233,51,378,733,7526,65679
196,196000,0.022829457364341086,0.003023255813953489,0.013691450559324279,0.0,0.0,0.0,0.013768115942028985,0.0018232819074333801,0.008257116045595288,0.06872370266479663,49,413,713,7932,65679
197,197000,0.017260624679979516,0.0030107526881720434,0.012908951181643546,0.0011614401858304297,0.0003484320557491289,0.0005450391707581375,0.011116388044579534,0.0019946808510638296,0.008190277315787014,0.05452127659574468,41,394,752,8386,65679
198,198000,0.018094218415417557,0.0029978586723768737,0.00790300075296218,0.005660377358490566,0.0007547169811320755,0.004694629986177041,0.013592896174863388,0.002185792349726776,0.006741500407063189,0.04781420765027322,35,385,732,8761,65679
199,199000,0.027008233199821985,0.004205607476635514,0.01465942174905019,0.0,0.0,0.0,0.017099887292194985,0.0026627218934911247,0.00928140903638089,0.057692307692307696,39,392,676,9125,65679
200,200000,0.025713213213213213,0.003828828828828829,0.014161627257114688,0.00102880658436214,0.000411522633744856,0.0004643832977322439,0.016982047549733138,0.002620087336244542,0.009316750572791641,0.05822416302765648,40,380,687,9451,65679
201,201000,0.014488121870672206,0.0022371364653243847,0.008459940033405415,0.0034965034965034965,0.00034965034965034965,0.0010525524323915427,0.010199441304489054,0.0015006821282401092,0.005569745144060303,0.05320600272851296,39,411,733,733,65679
202,202000,0.017703802832608452,0.0028103044496487124,0.00954615848464124,0.004966887417218543,0.0006622516556291391,0.0017822109550770775,0.012427330328564894,0.0019204389574759948,0.006329818081447307,0.04663923182441701,34,413,729,1390,65679
203,203000,0.020703551191356067,0.003547671840354767,0.010770037845323877,0.0017793594306049821,0.00035587188612099647,0.0021820184795923784,0.0134389365946743,0.002322404371584699,0.007473270848369572,0.04918032786885246,36,401,732,2038,65679
204,204000,0.014972419227738376,0.002836879432624114,0.010320322981963512,0.0,0.0,0.0,0.008882655446470314,0.001683029453015428,0.006122716159005002,0.05890603085553997,42,422,713,2616,65679
205,205000,0.027182539682539687,0.0035714285714285713,0.0119330080349607,0.0,0.0,0.0,0.016569908079342045,0.0021770682148040637,0.007274112299976043,0.05370101596516691,37,433,689,3164,65679
206,206000,0.020416666666666666,0.003,0.013070625134553203,0.0024946921443736725,0.0009554140127388536,0.0021392408154101085,0.01253501400560224,0.002100840336134454,0.0082632656440617,0.06722689075630252,48,487,714,3678,65679
207,207000,0.00911369332421964,0.001674641148325359,0.005976578732125022,0.0,0.0,0.0,0.005305743467303356,0.0009749303621169917,0.0034794009888972975,0.06685236768802229,48,443,718,4200,65679
208,208000,0.01902092675635277,0.00336322869955157,0.009935424370670985,0.0065298507462686565,0.0014925373134328358,0.0030446046892803045,0.014332399626517273,0.002661064425770308,0.007348954238160199,0.05042016806722689,36,410,714,4702,65679
209,209000,0.007658643326039387,0.00087527352297593,0.004650812338554435,0.0,0.0,0.0,0.004593175853018373,0.0005249343832020997,0.002789266717479497,0.047244094488188976,36,414,762,5234,65679
210,210000,0.015011547344110854,0.0016166281755196305,0.007131534213419614,0.005338078291814947,0.0007117437722419929,0.003210718929122229,0.011204481792717087,0.0012605042016806726,0.005588468254193332,0.05182072829131653,37,393,714,5690,65679
211,211000,0.025646071100616553,0.0038961038961038965,0.014944767773768628,0.012714097496706192,0.002173913043478261,0.005047440705710728,0.021347871781397795,0.0033236994219653176,0.011655193748258057,0.033236994219653176,23,333,692,6119,65679
212,212000,0.018805309734513276,0.0019911504424778765,0.008221524982204699,0.007936507936507936,0.0007936507936507937,0.002341646118975671,0.014914772727272728,0.0015625,0.006116795616389763,0.05113636363636364,36,381,704,6551,65679
213,213000,0.016158315177923023,0.0023965141612200436,0.009371787176042498,0.00421179302045728,0.0010830324909747295,0.002489766193621631,0.011662137681159422,0.0019021739130434781,0.006781678735647688,0.057065217391304345,42,390,736,7012,65679
214,214000,0.023555027711797308,0.0035629453681710215,0.014768682257062255,0.004152249134948096,0.0006920415224913496,0.0019729877226385803,0.015657276995305166,0.002394366197183099,0.00956029391840248,0.056338028169014086,40,407,710,7413,65679
215,215000,0.017756255044390636,0.0021791767554479417,0.007614846620520326,0.002025462962962963,0.0006944444444444445,0.0018459966071247592,0.011293390394674275,0.0015691868758915836,0.005244762734845684,0.04850213980028531,34,434,701,7821,65679
216,216000,0.01492450638792102,0.0024390243902439024,0.008875215058348393,0.003875968992248062,0.0003875968992248062,0.0011667829289301597,0.010657256914741944,0.0016467065868263474,0.005898006241896441,0.04341317365269461,29,444,668,8176,65679
217,217000,0.02448937908496732,0.003676470588235294,0.013676436229541443,0.0,0.0,0.0,0.014192708333333333,0.002130681818181818,0.007926116451211518,0.052556818181818184,37,434,704,8542,65679
218,218000,0.019859770862698325,0.003740648379052369,0.011028606713267858,0.0004528985507246377,0.00036231884057971015,0.0009164590679987577,0.01194795881232205,0.0023633677991137373,0.006906076801754902,0.056129985228951254,38,420,677,8891,65679
219,219000,0.010375816993464052,0.002205882352941177,0.006176480811259453,0.002517985611510791,0.0010791366906474822,0.0015478107839815547,0.007191448007774538,0.0017492711370262393,0.004300722403703687,0.06559766763848396,45,431,686,9238,65679
220,220000,0.022321428571428572,0.0035714285714285718,0.013266272371461312,0.0,0.0,0.0,0.013257575757575758,0.0021212121212121214,0.007879361772140658,0.05909090909090909,39,449,660,9590,65679
221,221000,0.027375201288244763,0.0033816425120772944,0.01521301902738019,0.0027412280701754384,0.0006578947368421052,0.0013301255517615082,0.016945218198700093,0.0022284122562674096,0.00933502513241072,0.054317548746518104,39,437,718,718,65679
222,222000,0.01598721023181455,0.002877697841726619,0.00896238974050903,0.0,0.0,0.0,0.009195402298850575,0.0016551724137931036,0.005154919340403124,0.04275862068965517,31,431,725,1387,65679
223,223000,0.02911877394636015,0.00367816091954023,0.01448202698664246,0.0034129692832764505,0.0013651877133105802,0.0025671403828281215,0.018772893772893776,0.0027472527472527475,0.009686612460656744,0.050824175824175824,37,439,728,1998,65679
224,224000,0.018957826439578267,0.0034063260340632608,0.010038946293681648,0.008458646616541353,0.0015037593984962407,0.005621544046105882,0.014832594780896113,0.002658788774002954,0.0083033052333343,0.07090103397341212,48,398,677,2552,65679
225,225000,0.02053872053872054,0.0027972027972027976,0.008902409693105417,0.000946969696969697,0.0003787878787878788,0.0004274437172308154,0.01307519640852974,0.001875901875901876,0.005673851226105568,0.044733044733044736,31,424,693,3100,65679
226,226000,0.0216824644549763,0.004028436018957347,0.014205783563683981,0.007220216606498195,0.0007220216606498196,0.002130306216541044,0.015951359084406293,0.0027181688125894133,0.009420508563457095,0.044349070100143065,31,416,699,3630,65679
227,227000,0.018483709273182956,0.003508771929824562,0.011511496414371712,0.0017241379310344827,0.0003448275862068966,0.0006669875986802442,0.011429608127721336,0.0021770682148040637,0.006947044227796203,0.04499274310595065,31,448,689,4119,65679
228,228000,0.016908212560386472,0.0019323671497584543,0.009324417209233582,0.003115264797507788,0.00031152647975077883,0.0011096797106168916,0.010884353741496598,0.0012244897959183673,0.005736756342490782,0.04081632653061224,30,459,735,4629,65679
229,229000,0.028065630397236613,0.003367875647668394,0.015375066989264769,0.0,0.0,0.0,0.015498330948974725,0.0018597997138769672,0.008490380340280688,0.04721030042918455,33,473,699,5103,65679
230,230000,0.01911933448078026,0.0033734939759036144,0.009884526098615088,0.0,0.0,0.0,0.011515999723546893,0.0020319303338171262,0.005953669565929262,0.0420899854862119,29,415,689,5538,65679
231,231000,0.010842696629213484,0.0017977528089887641,0.0058537043054882,0.0036363636363636364,0.0007272727272727273,0.0029728348740143437,0.008090277777777778,0.001388888888888889,0.004753372230966936,0.03611111111111111,26,409,720,5979,65679
232,232000,0.008239044905711573,0.0017948717948717947,0.00378211502921067,0.006029579067121729,0.0013651877133105802,0.003218002661148242,0.007291206705555168,0.0016105417276720353,0.003540116604844211,0.055636896046852125,38,429,683,6398,65679
233,233000,0.028864734299516907,0.0036231884057971015,0.01599057941866184,0.0,0.0,0.0,0.016830985915492955,0.002112676056338028,0.009324084337078875,0.04929577464788732,35,430,710,6817,65679
234,234000,0.029339853300733496,0.003422982885085575,0.015094904833101764,0.0011148272017837235,0.0003344481605351171,0.0006071631857436544,0.017419962335216574,0.00211864406779661,0.008976494165644031,0.052259887005649715,37,434,708,7227,65679
235,235000,0.018622848200312986,0.002816901408450705,0.01057124629661337,0.0024834437086092716,0.0006622516556291391,0.0011836543587050987,0.011927655677655679,0.0019230769230769232,0.006676943047645928,0.050824175824175824,37,427,728,7644,65679
236,236000,0.015013054830287207,0.0023498694516971277,0.0071159252532830165,0.004347826086956522,0.0007246376811594203,0.0027236994792425783,0.01054628224582701,0.0016691957511380882,0.005276389117266081,0.036418816388467376,24,457,659,8011,65679
237,237000,0.02041564792176039,0.0031784841075794623,0.008890496705248684,0.0070145903479236806,0.0013468013468013469,0.0034933109889251517,0.0147780925401322,0.002407932011331445,0.006620009229684818,0.031161473087818695,22,437,706,8365,65679
238,238000,0.007631257631257632,0.001282051282051282,0.003854203080029745,0.007982120051085567,0.0015325670498084292,0.004302495442859833,0.007771925974690951,0.0013824884792626728,0.004033933197846416,0.04608294930875576,30,449,651,8722,65679
239,239000,0.023987941429801894,0.00310077519379845,0.01629001469866846,0.005230880230880231,0.0009740259740259741,0.004288709827170421,0.015675459632294164,0.0021582733812949644,0.010971450813170048,0.041726618705035974,29,477,695,9057,65679
240,240000,0.019620253164556962,0.002278481012658228,0.011908675452684278,0.0007763975155279503,0.00031055900621118014,0.00043185148916389946,0.011157601115760111,0.001394700139470014,0.006754509042288793,0.061366806136680614,44,483,717,9416,65679
241,241000,0.020053887605850654,0.0032332563510392614,0.011241219097841836,0.002329192546583851,0.0009316770186335405,0.002789677654474008,0.01249448123620309,0.002251655629139073,0.00763672062795516,0.04900662251655629,37,442,755,755,65679
242,242000,0.017783291976840365,0.002233250620347395,0.008269207933373367,0.0,0.0,0.0,0.009898710865561695,0.0012430939226519338,0.004602887841366667,0.04419889502762431,32,465,724,1417,65679
243,243000,0.026261373035566582,0.0037220843672456576,0.013947103625099072,0.007909604519774013,0.0010169491525423731,0.006188087841121283,0.018505253104106972,0.0025787965616045844,0.010667863429864907,0.044412607449856735,31,447,698,2011,65679
244,244000,0.0206132434393304,0.0038647342995169085,0.009887143414463628,0.0011695906432748538,0.00035087719298245617,0.0016465920211324787,0.01268557384437213,0.002432045779685265,0.006527261945079682,0.04291845493562232,30,424,699,2587,65679
245,245000,0.011904761904761904,0.0020737327188940094,0.007211945469319724,0.0010683760683760683,0.0003205128205128205,0.0005818647196710021,0.007372654155495977,0.0013404825737265416,0.004439043064640902,0.040214477211796246,30,450,746,3182,65679
246,246000,0.02723063973063973,0.005050505050505051,0.018600791495795348,0.000505050505050505,0.00030303030303030303,0.000305659003534155,0.015082644628099173,0.0028925619834710746,0.010284822181131168,0.03994490358126722,29,460,726,3716,65679
247,247000,0.013140069599801145,0.0022371364653243847,0.009413280864535264,0.0006859886811867604,0.0006802721088435375,0.0006512918322171797,0.008198774336545235,0.001619433198380567,0.005936864163453596,0.044534412955465584,33,432,741,4261,65679
248,248000,0.01124031007751938,0.0013953488372093026,0.004261621989401404,0.003355704697986577,0.00033557046979865775,0.0010101677706845006,0.008012820512820512,0.0009615384615384615,0.0029306695756958585,0.03571428571428571,26,409,728,4757,65679
249,249000,0.016785150078988943,0.0021327014218009478,0.008192035743246761,0.0033222591362126247,0.0003322259136212625,0.0009603482601923185,0.011180267404333793,0.0013831258644536654,0.005181333208807774,0.035961272475795295,26,405,723,5214,65679
250,250000,0.010644707772645109,0.0020887728459530026,0.00855328332096673,0.003355704697986577,0.00033557046979865775,0.0010101677706845006,0.007455099966113181,0.0013215859030837006,0.005252477984719881,0.04405286343612335,30,442,681,5641,65679
251,251000,0.022647317502198765,0.0031662269129287598,0.012015941532226706,0.0,0.0,0.0,0.012403660886319844,0.0017341040462427746,0.006580985318950753,0.04046242774566474,28,466,692,6062,65679
252,252000,0.02577625570776256,0.0035616438356164386,0.013481896874554372,0.005031446540880504,0.0009433962264150945,0.0022089584559198527,0.016117618350414836,0.002342606149341142,0.008233295971002723,0.06881405563689605,47,495,683,6482,65679
253,253000,0.021655065738592418,0.002552204176334107,0.008467780633336745,0.008260305095748132,0.0015822784810126582,0.004078996389224884,0.015988741289946106,0.00214190093708166,0.006611213269027042,0.04417670682730924,33,446,747,6926,65679
254,254000,0.029657477025898077,0.003508771929824562,0.014684512950902865,0.0030120481927710845,0.00030120481927710846,0.0011652192988992217,0.017555859553123575,0.002051983584131327,0.0085444233579272,0.05198358413132695,38,482,731,7338,65679
255,255000,0.01789390340459224,0.002612826603325416,0.009658030758261436,0.003389830508474576,0.00033898305084745765,0.0010693724636804366,0.011918063314711359,0.0016759776536312849,0.006119407578231555,0.0670391061452514,48,445,716,7727,65679
256,256000,0.019941225860621324,0.002770780856423174,0.013750440417583663,0.0024834437086092716,0.0006622516556291391,0.002530353678785641,0.01239866475917978,0.0018597997138769672,0.008902849294383373,0.044349070100143065,31,445,699,8083,65679
257,257000,0.024215723034620672,0.003674540682414698,0.012903370007217186,0.007939393939393939,0.0021818181818181823,0.004279469138953113,0.017392566782810686,0.003048780487804878,0.009288167661527215,0.041158536585365856,27,465,656,8421,65679
258,258000,0.009400621996041842,0.0017811704834605597,0.006315043884757167,0.007494145199063232,0.0013114754098360656,0.0042662544060126754,0.008567562650657206,0.0015759312320916907,0.005419799198486294,0.045845272206303724,32,483,698,8790,65679
259,259000,0.019115323854660346,0.0026066350710900474,0.012389621089999324,0.0,0.0,0.0,0.010769915442812639,0.0014686248331108145,0.006980534178878124,0.04005340453938585,30,439,749,9190,65679
260,260000,0.0189873417721519,0.0027848101265822785,0.010289066071078523,0.004559270516717325,0.0006079027355623101,0.003660736770785672,0.012430939226519336,0.0017955801104972376,0.007277021402851522,0.04834254143646409,35,495,724,9546,65679
261,261000,0.012425021422450727,0.0020565552699228795,0.008814551174525122,0.0,0.0,0.0,0.0067883895131086135,0.0011235955056179776,0.004815815178216675,0.047752808988764044,34,487,712,712,65679
262,262000,0.02065843621399177,0.0029629629629629632,0.009465793111928012,0.0005128205128205128,0.0003076923076923077,0.0005874488190121067,0.011689497716894977,0.0017808219178082193,0.005513105584259972,0.04657534246575343,34,464,730,1377,65679
263,263000,0.01842546063651591,0.0022613065326633165,0.010176053015997895,0.006920415224913495,0.0010380622837370243,0.004829227417308691,0.01358563803978651,0.0017467248908296946,0.007926806148427036,0.048034934497816595,33,469,687,1954,65679
264,264000,0.033273208273208274,0.004292929292929294,0.0209124873859889,0.0016307893020221786,0.0006849315068493151,0.0008287282687078002,0.019843576965669987,0.002761627906976744,0.01238856636528239,0.03488372093023256,24,440,688,2523,65679
265,265000,0.023972003499562553,0.0047244094488188984,0.015905904831778808,0.003494748223663886,0.0012048192771084338,0.002932291366392815,0.014437012263099219,0.003085553997194951,0.009864895476227407,0.05049088359046283,36,489,713,3082,65679
266,266000,0.02652329749103943,0.0032258064516129032,0.011594325647004196,0.003956478733926805,0.0005934718100890209,0.001453292508430026,0.015796897038081806,0.0019746121297602257,0.006774116665763724,0.06205923836389281,44,482,709,3615,65679
267,267000,0.014321608040201005,0.0020100502512562816,0.006395131376171684,0.005847953216374269,0.0005847953216374269,0.0020535604795914337,0.010405405405405405,0.0013513513513513514,0.0043886215834278396,0.04594594594594595,34,495,740,4162,65679
268,268000,0.02184508268059182,0.0031331592689295045,0.009825610657833817,0.005194805194805195,0.0012987012987012987,0.003101508760012674,0.014423540762180418,0.0023154848046309695,0.006828471172263755,0.041968162083936326,29,480,691,4628,65679
269,269000,0.027926960257787323,0.0040100250626566416,0.015204507990222181,0.005813953488372093,0.0009966777408637875,0.0030691911092497397,0.018418367346938774,0.0027142857142857147,0.00998632173140403,0.03857142857142857,27,445,700,5082,65679
270,270000,0.021449352808455047,0.0029925187032418957,0.013392827528325652,0.003424657534246575,0.00034246575342465754,0.0010803591670744137,0.013854531711674566,0.001875901875901876,0.008204889921564668,0.05483405483405483,38,458,693,5531,65679
271,271000,0.02242268041237113,0.002577319587628866,0.010624759586917195,0.0,0.0,0.0,0.012464183381088824,0.0014326647564469918,0.005906026819088641,0.05157593123209169,36,467,698,5961,65679
272,272000,0.017816091954022988,0.0020689655172413794,0.008196268156944613,0.001044932079414838,0.00031347962382445143,0.0009281564607080415,0.010720601237842619,0.001326259946949602,0.005121297823921449,0.033156498673740056,25,429,754,6399,65679
273,273000,0.022949902043101034,0.0030226700251889172,0.010239769873282555,0.0015422885572139301,0.0008955223880597016,0.0020578467310519307,0.013152701882210077,0.0020491803278688526,0.006495310511742583,0.050546448087431695,37,478,732,6850,65679
274,274000,0.013289036544850497,0.0018087855297157624,0.010466641560520138,0.0,0.0,0.0,0.006940427993059571,0.0009446693657219974,0.0054663836490165905,0.04048582995951417,30,495,741,7263,65679
275,275000,0.02945736434108527,0.003617571059431525,0.01404898211511835,0.003115264797507788,0.0006230529595015577,0.001885545931628367,0.01751412429378531,0.0022598870056497176,0.00853420384548518,0.046610169491525424,33,439,708,7647,65679
276,276000,0.01678951678951679,0.0019656019656019656,0.008667921795371859,0.0,0.0,0.0,0.00967894239848914,0.00113314447592068,0.004996946417445249,0.03541076487252125,25,475,706,8006,65679
277,277000,0.017195767195767195,0.0021164021164021165,0.00814040771016518,0.0033341658341658337,0.0012987012987012987,0.0018251631876989942,0.01097219107423189,0.0017492711370262393,0.005304991802119138,0.048104956268221574,33,495,686,8354,65679
278,278000,0.019733333333333332,0.0029333333333333334,0.010680950442548283,0.003105590062111801,0.0005434782608695652,0.0029333072810673027,0.011497788886752548,0.001749663526244953,0.006843625162030112,0.05518169582772544,41,518,743,8742,65679
279,279000,0.010568513119533529,0.001530612244897959,0.005725776794716656,0.008856473039854129,0.0011461318051575933,0.005000999585928959,0.0097621676569045,0.001349527665317139,0.00538441748855349,0.04723346828609987,35,494,741,9109,65679
280,280000,0.01611635220125786,0.0023584905660377358,0.009335822436147969,0.0015625,0.0003125,0.0006825232400567631,0.00985663082437276,0.0014784946236559141,0.005613973319549601,0.02956989247311828,22,446,744,9499,65679
281,281000,0.00977891156462585,0.0012755102040816326,0.003519072437546653,0.0,0.0,0.0,0.0054918815663801334,0.0007163323782234957,0.001976327214209581,0.044412607449856735,31,468,698,698,65679
282,282000,0.011221853082318198,0.0018087855297157622,0.005478251860434214,0.010939112487100102,0.0018575851393188858,0.007069745675120243,0.011093226022803488,0.0018309859154929575,0.006202269469087155,0.04366197183098591,31,504,710,1358,65679
283,283000,0.021342925659472423,0.0033573141486810554,0.009714343186367679,0.0022145857197403587,0.0010309278350515466,0.0011431920655986122,0.013480853735091024,0.002401129943502825,0.006191454801983782,0.03531073446327684,25,428,708,1960,65679
284,284000,0.01547029702970297,0.0019801980198019802,0.00797390169540268,0.00473186119873817,0.0006309148264984228,0.0029857429845387747,0.010748959778085992,0.0013869625520110957,0.005780772276063072,0.04160887656033287,30,493,721,2538,65679
285,285000,0.018613554903877484,0.002688172043010753,0.012134876810021289,0.0004681647940074906,0.0002808988764044944,0.000850006779491049,0.00974025974025974,0.001510989010989011,0.006616451355531227,0.04532967032967033,33,515,728,3112,65679
286,286000,0.01840277777777778,0.0028645833333333336,0.010021288424864617,0.0031633616619452312,0.00113314447592068,0.0022298197752559606,0.011103573043871552,0.0020352781546811396,0.006289418094726415,0.036635006784260515,27,519,737,3657,65679
287,287000,0.021147403685092128,0.002763819095477387,0.012702449162303871,0.0,0.0,0.0,0.01175512104283054,0.0015363128491620113,0.00706085861256556,0.04888268156424581,35,447,716,4174,65679
288,288000,0.007572924457741211,0.0013089005235602095,0.004802191825039021,0.005550532449266626,0.0012658227848101266,0.0029821971536080115,0.006657342975394552,0.0012893982808022922,0.0039782400826719735,0.02865329512893983,20,465,698,4648,65679
289,289000,0.01987353206865402,0.002439024390243902,0.007306703860542254,0.013846673421141506,0.002127659574468085,0.00601355722656165,0.01703279210442534,0.0022922636103151865,0.006697183455700394,0.045845272206303724,32,497,698,5091,65679
290,290000,0.02406417112299465,0.0034759358288770055,0.01501707293518589,0.00303951367781155,0.0009118541033434652,0.0023312217048333463,0.01422475106685633,0.002275960170697013,0.009080166740611231,0.02844950213371266,20,501,703,5570,65679
291,291000,0.016769688644688644,0.0021634615384615386,0.00715336618316872,0.000998003992015968,0.0002994011976047904,0.0008864727873229498,0.009746031746031746,0.0013333333333333333,0.004362509657552071,0.032,24,452,750,6043,65679
292,292000,0.010080645161290322,0.0016129032258064518,0.004688627774118957,0.009208103130755063,0.0011049723756906078,0.0039637284689503635,0.009650317892824705,0.0013623978201634877,0.0043311161277006585,0.04087193460490463,30,475,734,6472,65679
293,293000,0.02093397745571659,0.0026570048309178746,0.010421390681118858,0.0,0.0,0.0,0.011570983533600358,0.0014686248331108145,0.005760288040030984,0.036048064085447265,27,461,749,6925,65679
294,294000,0.022100122100122105,0.003333333333333334,0.010710921422751016,0.002890173410404624,0.00028901734104046245,0.0008354474749071904,0.013069358178053832,0.0019021739130434783,0.006068375246183131,0.042119565217391304,31,492,736,7349,65679
295,295000,0.01642416225749559,0.002380952380952381,0.010232972220893095,0.002002002002002002,0.0006006006006006007,0.0007949279305869548,0.009669479606188467,0.0015471167369901547,0.005812622363407942,0.029535864978902954,21,503,711,7742,65679
296,296000,0.019082125603864734,0.0026570048309178746,0.009426626972310125,0.0021436227224008574,0.0006430868167202572,0.001535767535380122,0.011816091954022988,0.001793103448275862,0.006041720372468427,0.04,29,435,725,8122,65679
297,297000,0.02572944297082228,0.0034482758620689663,0.014963410268147648,0.0,0.0,0.0,0.013233287858117325,0.0017735334242837658,0.007696051393030918,0.05184174624829468,38,524,733,8515,65679
298,298000,0.01752136752136752,0.002564102564102564,0.011431815485744004,0.0029585798816568047,0.0002958579881656805,0.0029585798816568047,0.01076007326007326,0.001510989010989011,0.007497813240989233,0.05357142857142857,39,497,728,8886,65679
299,299000,0.015494137353433834,0.0020100502512562816,0.008232841243073788,0.0009641873278236914,0.0005509641873278238,0.0005605801802481008,0.008563293911519929,0.001314060446780552,0.0045731424706615354,0.030223390275952694,23,506,761,9260,65679
300,300000,0.017195767195767195,0.0021164021164021165,0.00781916790201167,0.003503503503503503,0.000900900900900901,0.0027938166928986752,0.010782934833567744,0.0015471167369901547,0.0054655223990093815,0.040787623066104076,29,504,711,9611,65679
301,301000,0.018089430894308943,0.0029268292682926834,0.01081396241834608,0.00718849840255591,0.0009584664536741215,0.003308792534881827,0.013370216689718764,0.0020746887966804984,0.007564836313886452,0.04149377593360996,30,433,723,723,65679
302,302000,0.01678951678951679,0.0022113022113022115,0.00938325557601899,0.00385038503850385,0.0009900990099009903,0.003660646897298821,0.011267605633802818,0.0016901408450704224,0.00694107187228348,0.04084507042253521,29,482,710,1375,65679
303,303000,0.017129629629629627,0.0025000000000000005,0.008051315128855034,0.0025799793601651183,0.0006191950464396285,0.0012518828722461253,0.010248901903367495,0.0016105417276720353,0.0048357710309272495,0.043923865300146414,30,514,683,1946,65679
304,304000,0.008635578583765112,0.0012953367875647669,0.0036301314384502795,0.0024676734774454643,0.000977198697068404,0.0026339024588993396,0.0059031877213695395,0.0011544011544011544,0.0031888005629493576,0.047619047619047616,33,448,693,2491,65679
305,305000,0.024331550802139036,0.003208556149732621,0.011930800342954418,0.0013736263736263737,0.0002747252747252747,0.0006000204308191324,0.013008130081300813,0.0017615176151761518,0.006342177188459508,0.02981029810298103,22,521,738,3059,65679
306,306000,0.02707275803722504,0.0035532994923857864,0.01330695142141885,0.0029940119760479044,0.0002994011976047904,0.0009012874121676084,0.016025641025641024,0.0020604395604395605,0.007615341834756879,0.03021978021978022,22,486,728,3613,65679
307,307000,0.028003947693066866,0.0038860103626943004,0.015848274198040118,0.0054890219560878245,0.0008982035928143714,0.005373320315277878,0.01755952380952381,0.0025000000000000005,0.010989059480203189,0.034722222222222224,25,495,720,4108,65679
308,308000,0.026865671641791045,0.0038805970149253734,0.012699976181622295,0.0022274633123689725,0.0009433962264150945,0.0010794593925825238,0.014867279224093926,0.002450229709035222,0.007040980256791289,0.036753445635528334,24,537,653,4525,65679
309,309000,0.010582010582010581,0.0010582010582010583,0.005315478748375034,0.007120253164556962,0.0012658227848101266,0.002751479837377425,0.009005763688760807,0.0011527377521613833,0.0041480095035980255,0.037463976945244955,26,505,694,4981,65679
310,310000,0.014462809917355372,0.001652892561983471,0.007008282696813026,0.0,0.0,0.0,0.007363253856942496,0.0008415147265077138,0.003568031723622901,0.04628330995792426,33,509,713,5442,65679
311,311000,0.02258355916892502,0.0029810298102981034,0.009236236756288816,0.00496031746031746,0.0008928571428571429,0.002012383141599117,0.014184397163120567,0.0019858156028368795,0.005793378863330321,0.03971631205673759,28,528,705,5877,65679
312,312000,0.0230625,0.0032500000000000003,0.01156248642550241,0.0022749042145593867,0.0008620689655172415,0.0017701904823056393,0.013391265597147949,0.0021390374331550807,0.00700671237706327,0.03208556149732621,24,492,748,6337,65679
313,313000,0.029733009708737865,0.0033980582524271844,0.011912651343957107,0.00906344410876133,0.000906344410876133,0.005266042278980555,0.020524899057873486,0.002288021534320323,0.008951645152157324,0.024226110363391656,18,468,743,6756,65679
314,314000,0.015962441314553988,0.0025352112676056337,0.008102584783634282,0.005641025641025641,0.0015384615384615385,0.002809077447032961,0.011029411764705883,0.002058823529411765,0.005572599659523356,0.041176470588235294,28,525,680,7156,65679
315,315000,0.01918238993710692,0.002964959568733154,0.010381820643471705,0.0,0.0,0.0,0.009995318352059926,0.0015449438202247193,0.005409628453269667,0.033707865168539325,24,494,712,7543,65679
316,316000,0.013477088948787063,0.001886792452830189,0.006809552826105154,0.006467661691542288,0.0008955223880597016,0.002893340537807403,0.010151085930122757,0.00141643059490085,0.004951293454179167,0.0339943342776204,24,509,706,7906,65679
317,317000,0.011637572734829592,0.0014962593516209479,0.00593576383421407,0.0043806939329327395,0.0014925373134328358,0.002306353496172457,0.008334509693205346,0.0014945652173913044,0.004283790378719586,0.03940217391304348,29,482,736,8295,65679
318,318000,0.015638963360142984,0.0021447721179624667,0.006062154396658514,0.007739938080495356,0.0009287925696594429,0.004969845956819523,0.011973180076628351,0.0015804597701149427,0.005555235393687258,0.040229885057471264,28,508,696,8666,65679
319,319000,0.014044444444444444,0.0024000000000000002,0.007659773357805149,0.005158730158730159,0.0009523809523809525,0.003406720122044159,0.00998792270531401,0.001739130434782609,0.005718162098001219,0.034782608695652174,24,480,690,8994,65679
320,320000,0.012016460905349793,0.0022222222222222227,0.0068779446842531355,0.006389776357827476,0.0006389776357827476,0.004031500022820815,0.009563602599814298,0.0015320334261838442,0.005637085103433753,0.025069637883008356,18,444,718,9350,65679
321,321000,0.012499999999999999,0.00231958762886598,0.00575055307422222,0.0038461538461538464,0.0006153846153846154,0.0019481698337700665,0.00855539971949509,0.0015427769985974756,0.00401734893236114,0.04628330995792426,33,489,713,713,65679
322,322000,0.013089005235602094,0.0020942408376963353,0.007838575170588823,0.005087209302325582,0.0014534883720930232,0.0028236209332563873,0.009297520661157025,0.0017906336088154271,0.0054623434107508645,0.028925619834710745,21,518,726,1369,65679
323,323000,0.03143093465674111,0.004218362282878412,0.013472181350578398,0.00141137401411374,0.0008219178082191782,0.0007920451062336482,0.017163825757575756,0.0026041666666666665,0.007445814515701011,0.020833333333333332,16,490,768,2030,65679
324,324000,0.011363636363636364,0.0014204545454545455,0.006496679839473265,0.004984894259818731,0.0012084592145015106,0.0024521928618139073,0.008272327964860908,0.0013177159590043925,0.004536613676068803,0.04685212298682284,32,523,683,2585,65679
325,325000,0.022606382978723406,0.002393617021276596,0.011422794103524087,0.0007246376811594203,0.0002898550724637681,0.00037717879226290013,0.012135922330097087,0.001386962552011096,0.006137444197303408,0.03744798890429958,27,525,721,3137,65679
326,326000,0.012166666666666668,0.0017500000000000003,0.006661032777544297,0.0016181229773462784,0.00032362459546925567,0.000706820183877554,0.0075693464974141995,0.0011283497884344148,0.004066037444056252,0.019746121297602257,14,471,709,3649,65679
327,327000,0.024871891013623294,0.003412073490813649,0.012106146684499887,0.0007374631268436578,0.0002949852507374631,0.001151563569298235,0.013508597883597883,0.0019444444444444446,0.006948363801092442,0.03611111111111111,26,504,720,4150,65679
328,328000,0.013067694944301628,0.0020565552699228795,0.007776232458390017,0.0027548209366391185,0.0002754820936639119,0.0017380984946872109,0.008089539007092198,0.0011968085106382979,0.004861548111549433,0.0398936170212766,30,488,752,4666,65679
329,329000,0.026762156049754994,0.0036939313984168864,0.012558388515258818,0.0029239766081871343,0.00029239766081871346,0.0011311485591653265,0.015454725579552209,0.002080443828016644,0.007137977884213086,0.036061026352288486,26,493,721,5147,65679
330,330000,0.005833333333333333,0.0007500000000000001,0.0035247511565646194,0.0,0.0,0.0,0.003183265120509322,0.00040927694406548435,0.001923465842600065,0.0286493860845839,21,486,733,5607,65679
331,331000,0.012560386473429951,0.0020289855072463765,0.005659542156527886,0.001044932079414838,0.00031347962382445143,0.00046407823035402073,0.007028112449799196,0.0012048192771084338,0.0031635286136823095,0.043674698795180725,29,512,664,6005,65679
332,332000,0.009887005649717515,0.001977401129943503,0.005816201819290397,0.0025100401606425703,0.0006024096385542169,0.0010806659015704832,0.006316812439261419,0.0013119533527696794,0.003524368109839943,0.030612244897959183,21,506,686,6431,65679
333,333000,0.01606145251396648,0.00223463687150838,0.007179142451486671,0.004335260115606936,0.0008670520231213874,0.0016234075782621347,0.010298295454545454,0.0015625,0.004448625027998476,0.028409090909090908,20,522,704,6853,65679
334,334000,0.010969157310620726,0.0024390243902439024,0.006007842374513871,0.0014749262536873156,0.0002949852507374631,0.000699698267756036,0.006423190745224643,0.0014124293785310734,0.0034662310013628735,0.0423728813559322,30,493,708,7262,65679
335,335000,0.019120691754962855,0.0023017902813299235,0.011912063100446018,0.0014792899408284023,0.0002958579881656805,0.0018140449490102318,0.01094127637337514,0.0013717421124828536,0.007230128758628055,0.027434842249657063,20,483,729,7670,65679
336,336000,0.02412398921832884,0.002964959568733154,0.013982873183218529,0.0030211480362537764,0.000906344410876133,0.0023691082000092956,0.014173789173789173,0.001994301994301994,0.00850686718686204,0.024216524216524215,17,516,702,8066,65679
337,337000,0.02361111111111111,0.002777777777777778,0.016090967906066504,0.002587991718426501,0.0006211180124223603,0.0013058831198142122,0.013685239491691106,0.0017595307917888565,0.009110326702000172,0.024926686217008796,17,491,682,8416,65679
338,338000,0.027850304612706704,0.00339425587467363,0.012751041090400827,0.0,0.0,0.0,0.014453477868112016,0.0017615176151761522,0.006617410213582,0.02981029810298103,22,499,738,8806,65679
339,339000,0.01098901098901099,0.0016483516483516486,0.0077648925020795175,0.006200396825396824,0.0017857142857142859,0.004426922989320459,0.00869047619047619,0.0017142857142857146,0.006162667135955169,0.02,14,484,700,9143,65679
340,340000,0.026881720430107524,0.002977667493796526,0.014735845968836111,0.0,0.0,0.0,0.014483065953654187,0.0016042780748663102,0.007939232520642985,0.02807486631016043,21,468,748,9521,65679
341,341000,0.015209857527916825,0.001886792452830189,0.007690849938261057,0.002173348903594135,0.0010899182561307902,0.0013815034897069283,0.008726932507420312,0.0014905149051490517,0.004553275213844573,0.03523035230352303,26,524,738,738,65679
342,342000,0.014458333333333333,0.0025,0.006974807106220527,0.0006079027355623101,0.00030395136778115504,0.00029799175024728585,0.008207590306355738,0.0015089163237311386,0.003961539270671562,0.03292181069958848,24,454,729,1395,65679
343,343000,0.015714285714285712,0.0026666666666666666,0.007256525169931346,0.0,0.0,0.0,0.008503401360544217,0.001443001443001443,0.003926691109270209,0.031746031746031744,22,484,693,1999,65679
344,344000,0.013180272108843538,0.0020408163265306124,0.007990544245538194,0.0014516129032258066,0.0006451612903225806,0.0008382822006782896,0.008000949667616336,0.0014245014245014246,0.004832137929431969,0.039886039886039885,28,464,702,2584,65679
345,345000,0.010526315789473684,0.0010526315789473684,0.005544839336322148,0.00893719806763285,0.0014492753623188406,0.005540826008902393,0.009770114942528737,0.0012413793103448277,0.005542929546032748,0.041379310344827586,30,528,725,3132,65679
346,346000,0.009582256675279932,0.002583979328165375,0.005804529130908368,0.004409171075837742,0.0012345679012345679,0.00399961435396593,0.007224901212242984,0.001969057665260197,0.004982036321162447,0.02531645569620253,18,475,711,3652,65679
347,347000,0.028444444444444442,0.003466666666666667,0.013278041698184044,0.0007062146892655367,0.0002824858757062147,0.0003928140664146204,0.01497485139460448,0.0019204389574759948,0.007021017580699305,0.037037037037037035,27,512,729,4161,65679
348,348000,0.018807724601175482,0.0030226700251889172,0.010410811684191577,0.0007739938080495357,0.00030959752321981426,0.0012086069659198195,0.010717592592592593,0.001805555555555556,0.006282600400855774,0.03194444444444444,23,457,720,4645,65679
349,349000,0.013013555241534516,0.0023316062176165805,0.0063091945657205205,0.01069078947368421,0.001644736842105263,0.004530996774802197,0.011990191772800468,0.0020289855072463765,0.005525756698417376,0.020289855072463767,14,442,690,5093,65679
350,350000,0.02192513368983957,0.0029411764705882357,0.009893483154930244,0.0061162079510703364,0.0006116207951070337,0.004077471967380224,0.01455064194008559,0.001854493580599144,0.007180450832064543,0.037089871611982884,26,495,701,5542,65679
351,351000,0.016069788797061522,0.0024793388429752068,0.008937286204818007,0.005506391347099312,0.0011799410029498525,0.004715147510922455,0.010968660968660967,0.0018518518518518521,0.006898390168876993,0.03418803418803419,24,500,702,5992,65679
352,352000,0.0293859649122807,0.0036842105263157894,0.014024909321891531,0.0028089887640449437,0.0002808988764044944,0.001086665188861072,0.016530797101449276,0.0020380434782608695,0.007766736887980059,0.029891304347826088,22,506,736,6410,65679
353,353000,0.01788720538720539,0.0025252525252525255,0.006863773650787385,0.0026954177897574125,0.00026954177897574127,0.0010427299386375785,0.010538896132116471,0.0014341590612777055,0.00404811886955195,0.04041720990873533,31,494,767,6858,65679
354,354000,0.014257620452310717,0.001769911504424779,0.005969404632095269,0.002857142857142857,0.00028571428571428574,0.0010177348203086348,0.008466376390904692,0.0010159651669085633,0.0034540426086913183,0.040638606676342524,28,537,689,7258,65679
355,355000,0.014774951076320937,0.0019178082191780824,0.008453797808444189,0.0017258382642998025,0.001183431952662722,0.0020348566797480073,0.00850098218519271,0.0015647226173541964,0.005367592827648586,0.02702702702702703,19,494,703,7653,65679
356,356000,0.01752136752136752,0.002564102564102564,0.007415863160755144,0.0,0.0,0.0,0.009438305709023941,0.0013812154696132596,0.003994732918086334,0.031767955801104975,23,499,724,8045,65679
357,357000,0.012282147903909562,0.0023316062176165805,0.004751066529481903,0.0003183699458771092,0.0002865329512893983,0.00023989946704639962,0.00660138802995946,0.0013605442176870747,0.002609029380107766,0.034013605442176874,25,487,735,8452,65679
358,358000,0.00527027027027027,0.0013513513513513514,0.0027573781769620765,0.004573170731707317,0.0009146341463414636,0.0019201970485188335,0.00494269340974212,0.0011461318051575933,0.0023639750105876015,0.04011461318051576,28,514,698,8832,65679
359,359000,0.014211886304909561,0.0018087855297157622,0.0077790273209790185,0.0025906735751295338,0.00025906735751295336,0.0011157423784284794,0.008408796895213453,0.0010349288486416557,0.004451694865837352,0.02457956015523933,19,506,773,9252,65679
360,360000,0.022419627749576985,0.002791878172588833,0.01176854329928532,0.0035714285714285713,0.0005952380952380953,0.003985595849028619,0.01374429223744292,0.0017808219178082193,0.008186255157797303,0.021917808219178082,16,492,730,9612,65679
361,361000,0.01507537688442211,0.001758793969849246,0.006960752592595053,0.004886831275720164,0.0009259259259259261,0.002990668748784671,0.010503231763619576,0.0013850415512465374,0.005179163720857429,0.02631578947368421,19,486,722,722,65679
362,362000,0.0030214424951267053,0.0008771929824561405,0.0019887769994376197,0.004673063255152808,0.0017910447761194032,0.0027825816213512167,0.0038387142153759584,0.0013293943870014773,0.0023815754460270655,0.04283604135893648,29,554,677,1327,65679
363,363000,0.010972461273666093,0.0015060240963855422,0.004083350424696902,0.000496031746031746,0.00029761904761904765,0.0003484005748153677,0.00570287995437696,0.0008982035928143712,0.0022046930151756513,0.025449101796407185,17,552,668,1894,65679
364,364000,0.02763157894736842,0.0028947368421052633,0.012688294218070424,0.005913978494623655,0.0013440860215053765,0.004694827853993668,0.016888297872340426,0.002127659574468085,0.008734079474138836,0.034574468085106384,26,524,752,2496,65679
365,365000,0.009285051067780874,0.0011142061281337048,0.0035296580322319083,0.0,0.0,0.0,0.004636068613815485,0.0005563282336578582,0.0017623744555928442,0.03337969401947149,24,548,719,3075,65679
366,366000,0.026740270926317436,0.003617571059431525,0.014702066442131735,0.004464285714285714,0.0005952380952380953,0.004127538116769469,0.01638794584852676,0.0022130013831258644,0.009787762822046367,0.017980636237897647,13,461,723,3613,65679
367,367000,0.015323565323565321,0.002564102564102564,0.006145075063435746,0.0,0.0,0.0,0.008231667322576412,0.0013774104683195593,0.003301073381184492,0.023415977961432508,17,494,726,4131,65679
368,368000,0.01507537688442211,0.002512562814070352,0.007128039675144447,0.011870155038759688,0.001744186046511628,0.0065281301078107075,0.013589398023360287,0.00215633423180593,0.006849914484898077,0.018867924528301886,14,476,742,4657,65679
369,369000,0.005668934240362812,0.0010582010582010583,0.004438532235567036,0.002824858757062147,0.0002824858757062147,0.0008911437197336971,0.0042935206869633095,0.0006830601092896175,0.002722991887745995,0.02185792349726776,16,510,732,5133,65679
370,370000,0.02032520325203252,0.002168021680216802,0.009854889588813417,0.0065913370998116755,0.0011299435028248588,0.006499529253125364,0.013600737667127707,0.0016597510373443985,0.008212016063455781,0.030428769017980636,22,523,723,5591,65679
371,371000,0.01634877384196185,0.0016348773841961856,0.008767277929502642,0.0028169014084507044,0.00028169014084507044,0.0008142671163884165,0.009695290858725761,0.0009695290858725763,0.004856864025547587,0.037396121883656507,27,504,722,6068,65679
372,372000,0.0103359173126615,0.001550387596899225,0.008275470022157838,0.00505050505050505,0.0008264462809917356,0.001852817763687795,0.0077777777777777776,0.0012000000000000001,0.005166906329058337,0.04,30,504,750,6515,65679
373,373000,0.020501474926253687,0.002654867256637168,0.012519733632587772,0.005154639175257732,0.0007731958762886599,0.001946151399180922,0.012310866574965612,0.0016506189821182946,0.006876611340205574,0.03576341127922971,26,557,727,6917,65679
374,374000,0.014619883040935672,0.0014619883040935672,0.006864297360953744,0.003617308992562542,0.0008620689655172415,0.001971213188536466,0.00907075873827792,0.0011594202898550724,0.004396480995734596,0.03188405797101449,22,559,690,7302,65679
375,375000,0.021875000000000002,0.003125,0.009708902293462975,0.007729468599033816,0.0011594202898550724,0.004564663147209786,0.014873266379722621,0.002152080344332855,0.007162614624227179,0.03156384505021521,22,533,697,7687,65679
376,376000,0.027865961199294534,0.0034391534391534392,0.014367816374754627,0.0024015369836695483,0.0005763688760806917,0.0015965800063422013,0.015678160919540232,0.00206896551724138,0.008255238416355852,0.031724137931034485,23,508,725,8076,65679
377,377000,0.019023385435599175,0.002544529262086514,0.008463466430894111,0.0007062146892655367,0.0005649717514124294,0.000492695601435744,0.010342959138139861,0.0016064257028112448,0.004686153347054404,0.025435073627844713,19,498,747,8495,65679
378,378000,0.012049549549549548,0.0018918918918918919,0.004968825768580611,0.007183908045977011,0.0011494252873563218,0.0048301489079690925,0.009691272051996285,0.0015320334261838442,0.004901611914133803,0.022284122562674095,16,486,718,8902,65679
379,379000,0.0264917695473251,0.003395061728395062,0.01748823163648543,0.0010723860589812334,0.0005361930294906167,0.0006548484698933346,0.01288857006217121,0.0018651362984218078,0.008479835766845757,0.02582496413199426,18,571,697,9228,65679
380,380000,0.025883476599808983,0.00343839541547278,0.013186627556731478,0.007402597402597402,0.001142857142857143,0.005912654161964862,0.016629817488186587,0.0022889842632331904,0.009544437731025734,0.020028612303290415,14,514,699,9568,65679
381,381000,0.00975975975975976,0.0013513513513513514,0.005303149160360605,0.0015527950310559005,0.00031055900621118014,0.0005732164496259881,0.005940912010276172,0.0008670520231213874,0.003102226714036116,0.02023121387283237,14,485,692,692,65679
382,382000,0.022479564032697547,0.0029972752043596735,0.014150295079463594,0.0,0.0,0.0,0.011870503597122302,0.0015827338129496403,0.007472170207428976,0.017266187050359712,12,497,695,1320,65679
383,383000,0.013314967860422406,0.0016528925619834713,0.006511595484713925,0.0029940119760479044,0.0002994011976047904,0.0009445056191189484,0.008369201339072214,0.0010043041606886658,0.003843865190440292,0.03730272596843615,26,504,697,1901,65679
384,384000,0.011068044788975022,0.0023255813953488376,0.007899755687505623,0.0,0.0,0.0,0.005867579908675799,0.0012328767123287673,0.0041879526726913375,0.023287671232876714,17,472,730,2483,65679
385,385000,0.016164383561643837,0.002465753424657534,0.009259457584486767,0.002458592132505176,0.0009316770186335405,0.0023250686745194707,0.009740417273168366,0.0017467248908296946,0.006009278211838341,0.023289665211062592,16,484,687,3021,65679
386,386000,0.008064516129032258,0.001075268817204301,0.005064472785088652,0.0036127167630057803,0.0005780346820809249,0.001457713618471008,0.005919220055710306,0.0008356545961002786,0.0033263966407297316,0.023676880222841225,17,494,718,3553,65679
387,387000,0.020018621973929236,0.0025139664804469273,0.011101459699545636,0.0015105740181268882,0.00030211480362537764,0.0006174694791192934,0.011127237542331882,0.001451378809869376,0.006064883846191326,0.030478955007256895,21,511,689,4026,65679
388,388000,0.020671834625323,0.002583979328165375,0.011769249130494807,0.0,0.0,0.0,0.01078167115902965,0.0013477088948787063,0.006138408913074785,0.026954177897574125,20,489,742,4535,65679
389,389000,0.016266812068338785,0.002035623409669211,0.009191669459268057,0.0014285714285714286,0.00028571428571428574,0.0011052937349558332,0.009277062103441645,0.001211305518169583,0.005382474972714519,0.018842530282637954,14,510,743,5047,65679
390,390000,0.015793848711554447,0.0019950124688279305,0.008265063735435564,0.0019212295869356388,0.0005763688760806917,0.0011076290195856065,0.009358288770053475,0.001336898395721925,0.0049447029782164,0.022727272727272728,17,470,748,5524,65679
391,391000,0.02072538860103627,0.0023316062176165805,0.008634771274499494,0.0,0.0,0.0,0.0107095046854083,0.0012048192771084338,0.004461876455096124,0.02677376171352075,20,507,747,6005,65679
392,392000,0.002652519893899204,0.00026525198938992045,0.002652519893899204,0.0009915014164305948,0.00056657223796034,0.0006160182676754984,0.0018493150684931509,0.0004109589041095891,0.001667745819848563,0.03424657534246575,25,527,730,6424,65679
393,393000,0.015049415992812218,0.00215633423180593,0.008338202297180486,0.0003869969040247678,0.00030959752321981426,0.00027894739520856865,0.008225264169068203,0.0012968299711815564,0.004587281067588369,0.021613832853025938,15,512,694,6816,65679
394,394000,0.007361963190184049,0.001226993865030675,0.003976093448928551,0.001352064371454953,0.0008310249307479226,0.0015562049659710922,0.004203923199556387,0.0010189228529839884,0.0027045072155258685,0.017467248908296942,12,559,687,7234,65679
395,395000,0.008784425451092117,0.0014245014245014246,0.005659080717906125,0.011479591836734694,0.0015306122448979593,0.004390543643425492,0.010206370569762225,0.0014804845222072679,0.004989812167170716,0.026917900403768506,20,566,743,7636,65679
396,396000,0.015333333333333334,0.002285714285714286,0.00642340033259965,0.006303724928366763,0.000859598853868195,0.0021298318030294186,0.010824988078206962,0.0015736766809728185,0.00427968728993869,0.031473533619456366,22,545,699,8006,65679
397,397000,0.015745856353591162,0.0022099447513812156,0.006724542920305256,0.003720238095238095,0.0005952380952380953,0.004138035863071731,0.00995702005730659,0.0014326647564469914,0.005479462159230092,0.022922636103151862,16,495,698,8358,65679
398,398000,0.014636449480642114,0.00198300283286119,0.00766213468539431,0.007113821138211381,0.0018292682926829272,0.005504101273277042,0.011013215859030836,0.0019089574155653456,0.00662272945900009,0.02936857562408223,20,532,681,8702,65679
399,399000,0.01118421052631579,0.0015789473684210528,0.004734933793790884,0.0018018018018018016,0.0005405405405405405,0.0009424385067663647,0.006555555555555556,0.0010666666666666667,0.002863969452192121,0.017333333333333333,13,528,750,9071,65679
400,400000,0.02022771317829457,0.0026162790697674414,0.013492752700159878,0.0026109660574412533,0.0002610966057441253,0.0009300448749556715,0.010946813388353965,0.0013755158184319122,0.006874434822507593,0.02063273727647868,15,552,727,9432,65679
401,401000,0.007716049382716049,0.0013227513227513227,0.005757427518196412,0.00467032967032967,0.0013736263736263737,0.002411319407588552,0.0062219227313566935,0.0013477088948787063,0.004115940520539726,0.02830188679245283,21,529,742,742,65679
402,402000,0.022857142857142857,0.0025714285714285713,0.011517812806455682,0.0025188916876574307,0.00025188916876574307,0.0015892437117668956,0.012048192771084338,0.0013386880856760374,0.006241183715971816,0.0214190093708166,16,561,747,1411,65679
403,403000,0.011839708561020039,0.0016393442622950822,0.008216858351565055,0.0009718172983479105,0.0002915451895043732,0.0004118570637312798,0.006582040432534086,0.0009873060648801129,0.00444095504870612,0.021156558533145273,15,540,709,2006,65679
404,404000,0.01581196581196581,0.0022792022792022795,0.008204066394178249,0.003401360544217687,0.0008928571428571429,0.002174052031255212,0.009742150135163236,0.0016011644832605533,0.005254889063840344,0.024745269286754003,17,533,687,2534,65679
405,405000,0.023651130210896973,0.0034985422740524785,0.014510471441823809,0.0,0.0,0.0,0.011757011104837192,0.001739130434782609,0.007213176383399372,0.02318840579710145,16,519,690,3048,65679
406,406000,0.01948291782086796,0.0030470914127423824,0.010118271687800768,0.0015060240963855422,0.00030120481927710846,0.000555950893914362,0.010870610870610871,0.0017316017316017318,0.005537188710065866,0.027417027417027416,19,512,693,3550,65679
407,407000,0.00876010781671159,0.002425876010781671,0.004301006431773033,0.0028653295128939827,0.0002865329512893983,0.001108460765715019,0.005902777777777778,0.0013888888888888887,0.0027535086019754677,0.029166666666666667,21,465,720,4049,65679
408,408000,0.010217983651226158,0.0013623978201634877,0.004319865155081319,0.0035140562248995987,0.0009036144578313254,0.0019023783170248726,0.007033857892226991,0.0011444921316165952,0.0031716453693377707,0.022889842632331903,16,504,699,4514,65679
409,409000,0.023829943641264395,0.0032345013477088954,0.010671850852499993,0.001943634596695821,0.0005830903790087463,0.0008876594679023851,0.013315932433579493,0.00196078431372549,0.005971602050095261,0.025210084033613446,18,503,714,4979,65679
410,410000,0.011842105263157895,0.0018421052631578947,0.005507877128330728,0.002367424242424242,0.0005681818181818183,0.0010963755401302239,0.007285974499089253,0.0012295081967213114,0.003386499315425568,0.020491803278688523,15,504,732,5409,65679
411,411000,0.01147842056932966,0.0019283746556473828,0.008102912445141833,0.008571428571428572,0.001142857142857143,0.003190727667353184,0.010051425899953248,0.0015427769985974756,0.005691601544404067,0.014025245441795231,10,522,713,5844,65679
412,412000,0.011695906432748537,0.0011695906432748538,0.006205842572079594,0.0013966480446927375,0.0002793296089385475,0.0004950818066593513,0.0064285714285714285,0.0007142857142857143,0.0032851963520503843,0.027142857142857142,19,548,700,6250,65679
413,413000,0.019959384972439802,0.0031331592689295045,0.007778924826505139,0.000558659217877095,0.0002793296089385475,0.0009473748750659668,0.010586294796821112,0.0017543859649122812,0.0044783919214913415,0.022941970310391364,17,476,741,6687,65679
414,414000,0.008333333333333333,0.001388888888888889,0.005330797705101078,0.005555555555555556,0.0008333333333333335,0.003394902662206904,0.006944444444444444,0.0011111111111111111,0.004362850183653991,0.019444444444444445,14,509,720,7086,65679
415,415000,0.019527702089009988,0.003269754768392371,0.01058805927100601,0.005315500685871057,0.0012345679012345679,0.002407432546533081,0.012863804470172054,0.0023154848046309695,0.006752280604248804,0.02170767004341534,15,517,691,7477,65679
416,416000,0.012751786874593891,0.0023391812865497076,0.007301072859022075,0.0,0.0,0.0,0.006274980015987209,0.0011510791366906475,0.003592758155087122,0.02014388489208633,14,516,695,7846,65679
417,417000,0.01591760299625468,0.0022471910112359553,0.007556215821883597,0.0014492753623188406,0.0002898550724637681,0.0017772382398998793,0.00879695672848312,0.001283880171184023,0.00471206850978034,0.019971469329529243,14,548,701,8210,65679
418,418000,0.016062437059415912,0.0030211480362537764,0.00960754784091295,0.007076337278649418,0.001445086705202312,0.005340198557088257,0.011469836580619445,0.0022156573116691287,0.007426598280789841,0.028064992614475627,19,538,677,8576,65679
419,419000,0.0169971671388102,0.0025495750708215297,0.009294563754514854,0.0037140204271123487,0.0005571030640668524,0.0021457067456455087,0.010299625468164793,0.0015449438202247193,0.0056900136615596645,0.023876404494382022,17,538,712,8958,65679
420,420000,0.016203703703703703,0.0019444444444444446,0.009870024498726074,0.0018315018315018313,0.0005698005698005699,0.001405098257164591,0.009108566070591387,0.0012658227848101268,0.005691136860486861,0.01969057665260197,14,521,711,9309,65679
421,421000,0.011428571428571429,0.0017142857142857146,0.005451596949150762,0.006868131868131868,0.0008241758241758243,0.0022296775158828636,0.009103641456582634,0.0012605042016806726,0.0038090497870926173,0.02661064425770308,19,539,714,714,65679
422,422000,0.008403361344537815,0.0008403361344537817,0.0036987962857501764,0.0007485029940119761,0.0002994011976047904,0.000737432301618952,0.004703328509406657,0.0005788712011577424,0.0022673989330731447,0.027496382054992764,19,541,691,1337,65679
423,423000,0.017630057803468206,0.002601156069364162,0.009113723565495621,0.005653976630229928,0.00079155672823219,0.0022411521777646274,0.011369458128078817,0.0016551724137931036,0.005521027626254178,0.019310344827586208,14,523,725,1950,65679
424,424000,0.008748906386701661,0.0010498687664041995,0.004788728362603067,0.004291251384274639,0.000872093023255814,0.004537512123045117,0.006633825944170771,0.0009655172413793105,0.0046695305882472945,0.016551724137931035,12,500,725,2543,65679
425,425000,0.014336917562724014,0.001881720430107527,0.008645706882156217,0.0,0.0,0.0,0.007511737089201878,0.0009859154929577466,0.00452986332417199,0.016901408450704224,12,515,710,3093,65679
426,426000,0.011637239165329051,0.0016853932584269665,0.005027013311923289,0.0012570245489500148,0.0006211180124223603,0.0007292686676591951,0.00670740272510184,0.0011799410029498525,0.0029859015487182176,0.02654867256637168,18,486,678,3593,65679
427,427000,0.028583765112262526,0.0036269430051813468,0.015814909114763097,0.00043159257660768235,0.00030211480362537764,0.0003212588550762231,0.015587434415886298,0.0020920502092050207,0.008662331379816994,0.01394700139470014,10,492,717,4093,65679
428,428000,0.010589318600368323,0.0013812154696132596,0.006308552212655275,0.0,0.0,0.0,0.0054143126177024475,0.0007062146892655367,0.0032255591821768494,0.026836158192090395,19,514,708,4568,65679
429,429000,0.013741134751773049,0.002127659574468085,0.005856260446094718,0.004073556797020484,0.00111731843575419,0.00210571769847984,0.009025885558583104,0.0016348773841961856,0.004026976653661303,0.01907356948228883,14,508,734,5018,65679
430,430000,0.004261363636363636,0.0005681818181818183,0.002198027313832623,0.0002702702702702703,0.0002702702702702703,0.0001876519511804791,0.00221606648199446,0.0004155124653739613,0.001167779551808671,0.015235457063711912,11,550,722,5482,65679
431,431000,0.023038490007401925,0.0028497409326424875,0.011412422467937323,0.0035112359550561797,0.0005617977528089888,0.0012025870950243358,0.01366961879091259,0.0017520215633423182,0.0065139030706906605,0.014824797843665768,11,511,742,5925,65679
432,432000,0.0172865595942519,0.0029585798816568047,0.011953274196933301,0.005208333333333333,0.0008928571428571429,0.0022155491610271537,0.011265366680796947,0.0019287833827893175,0.007098859342238248,0.02225519287833828,15,538,674,6307,65679
433,433000,0.025845410628019323,0.0037681159420289855,0.013191101971749705,0.002681992337164751,0.0011494252873563218,0.0029519813788138616,0.014213564213564213,0.0024531024531024535,0.008049379076595775,0.017316017316017316,12,531,693,6683,65679
434,434000,0.01959921798631476,0.0032258064516129037,0.008889289575423833,0.007121661721068249,0.0011869436201780417,0.005352221412816887,0.01339724680432645,0.0022123893805309734,0.007131189323508582,0.028023598820058997,19,522,678,7080,65679
435,435000,0.014322916666666666,0.001822916666666667,0.007991753550973188,0.0,0.0,0.0,0.007554945054945055,0.0009615384615384616,0.0042154304444693745,0.0260989010989011,19,512,728,7496,65679
436,436000,0.012465373961218837,0.0016620498614958452,0.007609455190856932,0.0017507002801120449,0.0005602240896358544,0.00199159324201854,0.007137883008356546,0.0011142061281337048,0.004816172856963749,0.018105849582172703,13,538,718,7881,65679
437,437000,0.01898815241754723,0.002881844380403458,0.012385259695187056,0.0038367346938775514,0.001142857142857143,0.0024632829259493153,0.011379836487440505,0.0020086083213773313,0.007402918419386182,0.02295552367288379,16,530,697,8226,65679
438,438000,0.020599250936329586,0.0025280898876404497,0.01571704575204781,0.00436046511627907,0.0005813953488372093,0.001658520482856481,0.012619047619047617,0.0015714285714285715,0.008808284762616641,0.027142857142857142,19,520,700,8575,65679
439,439000,0.01347305389221557,0.0017964071856287427,0.009190715385830932,0.001098901098901099,0.0005494505494505495,0.0005498260465776612,0.007020057306590258,0.0011461318051575933,0.004684578251893696,0.025787965616045846,18,550,698,8927,65679
440,440000,0.018795430944963654,0.0024922118380062306,0.011333502601100142,0.006544502617801047,0.0010471204188481676,0.004686875600914938,0.012138454243717402,0.0017069701280227599,0.007721821926746305,0.015647226173541962,11,588,703,9266,65679
441,441000,0.009915014164305949,0.00113314447592068,0.006708576391900153,0.0007042253521126761,0.00028169014084507044,0.0003178736376026346,0.005296610169491525,0.0007062146892655367,0.0035041985984317642,0.015536723163841809,11,549,708,708,65679
442,442000,0.00909090909090909,0.0009090909090909092,0.007016560232684027,0.004166666666666667,0.0005555555555555556,0.0017334736666773274,0.006521739130434782,0.0007246376811594203,0.004260167241724009,0.014492753623188406,10,551,690,1352,65679
443,443000,0.009722222222222222,0.0011111111111111111,0.003884531809916404,0.00444635685599541,0.0009036144578313254,0.004343484300844859,0.00719102669969722,0.0010115606936416186,0.004104722889379189,0.015895953757225433,11,507,692,1944,65679
444,444000,0.02561643835616438,0.003287671232876713,0.009586749378910275,0.002824858757062147,0.0002824858757062147,0.0008165673059827341,0.01439499304589708,0.001808066759388039,0.005268745966091987,0.015299026425591099,11,505,719,2528,65679
445,445000,0.024029490441704184,0.003816793893129771,0.012038197827243951,0.005988023952095809,0.0005988023952095808,0.002156245929843937,0.01574083871195288,0.0023383768913342504,0.007498208922523724,0.027510316368638238,20,464,727,3098,65679
446,446000,0.018418688230008983,0.00215633423180593,0.0071641625529381085,0.0038461538461538464,0.0005128205128205128,0.0031241216328670874,0.010950503723171265,0.001314060446780552,0.005093707942126415,0.010512483574244415,8,542,761,3671,65679
447,447000,0.009536784741144414,0.0010899182561307902,0.004535085088456478,0.003989361702127659,0.0005319148936170213,0.001616797459727236,0.006729475100942127,0.0008075370121130553,0.003058266584550428,0.016150740242261104,12,528,743,4205,65679
448,448000,0.005880880880880881,0.0012012012012012014,0.004198615802831361,0.0036832412523020255,0.0005524861878453039,0.003580336770623937,0.00473621103117506,0.0008633093525179858,0.00387657694001253,0.015827338129496403,11,534,695,4636,65679
449,449000,0.014279155188246098,0.0024793388429752068,0.006718328867852264,0.0019365079365079366,0.001142857142857143,0.00175658369624948,0.00822035218949665,0.0018232819074333801,0.004282689583054263,0.019635343618513323,14,516,713,5107,65679
450,450000,0.01802990325417766,0.0023746701846965703,0.012914627009928407,0.009551098376313275,0.0014326647564469914,0.006127621397672972,0.013965201465201464,0.001923076923076923,0.009660966352404854,0.017857142857142856,13,497,728,5541,65679
451,451000,0.020345140781108086,0.0029972752043596735,0.00776345406682592,0.00410958904109589,0.0005479452054794521,0.0015141440809726713,0.012249544626593807,0.0017759562841530056,0.004647336382623139,0.01639344262295082,12,518,732,5999,65679
452,452000,0.010285474391267842,0.0015113350125944584,0.006132668497267076,0.0028169014084507044,0.00028169014084507044,0.0009389671361502347,0.006759751773049645,0.0009308510638297872,0.00368085468982495,0.013297872340425532,10,502,752,6429,65679
453,453000,0.012612612612612614,0.0016216216216216215,0.0065393037511809315,0.006298449612403101,0.0011627906976744186,0.003933541286570871,0.009570494864612512,0.0014005602240896359,0.005283866373273563,0.018207282913165267,13,486,714,6827,65679
454,454000,0.012362637362637362,0.0016483516483516486,0.0063959233267922464,0.0014245014245014246,0.00028490028490028494,0.0006757769594566844,0.006993006993006993,0.000979020979020979,0.0035878514737366068,0.012587412587412588,9,542,715,7232,65679
455,455000,0.018649669499527857,0.0025495750708215297,0.009605690299144173,0.0009057971014492753,0.0002717391304347826,0.0012752139294096643,0.009593157651410078,0.0013869625520110957,0.005353796673537655,0.018030513176144243,13,535,721,7611,65679
456,456000,0.014,0.0021333333333333334,0.0061649489581957735,0.006391347099311701,0.0011799410029498525,0.0036311658173541236,0.010387488328664799,0.0016806722689075633,0.004961934273678519,0.011204481792717087,8,493,714,7973,65679
457,457000,0.014375561545372865,0.0018867924528301885,0.006785679659278829,0.0013132760267430754,0.000859598853868195,0.002174216946296888,0.00804398148148148,0.001388888888888889,0.004550401205347305,0.018055555555555554,13,519,720,8347,65679
458,458000,0.01304945054945055,0.001923076923076923,0.006975213688426018,0.00254841997961264,0.0006116207951070337,0.0016614038203123154,0.008080077182826821,0.0013024602026049203,0.004460574286294063,0.011577424023154847,8,509,691,8681,65679
459,459000,0.014995715509854327,0.0020565552699228795,0.007278041433180335,0.0014970059880239522,0.0002994011976047904,0.000530656547257628,0.00875979714153988,0.0012448132780082987,0.004160992260430426,0.005532503457814661,4,498,723,9039,65679
460,460000,0.023351400180668475,0.0037940379403794034,0.017536313757940687,0.0030120481927710845,0.00030120481927710846,0.0019003908240104142,0.013718497384688541,0.0021398002853067048,0.010130997903354595,0.015691868758915834,11,478,701,9382,65679
461,461000,0.008267195767195767,0.0013227513227513227,0.0032967731376597124,0.0,0.0,0.0,0.004451566951566952,0.0007122507122507123,0.001775185535662922,0.017094017094017096,12,457,702,702,65679
462,462000,0.003436426116838488,0.0007731958762886599,0.0029751550313390873,0.0040650406504065045,0.0008130081300813009,0.0027738082546541285,0.0037428445618670186,0.0007926023778071336,0.002877008451951043,0.01453104359313078,11,503,757,1375,65679
463,463000,0.012632455343627006,0.002452316076294278,0.007591434377631547,0.0030959752321981426,0.0006191950464396285,0.001147571796908107,0.008168276972624799,0.0015942028985507248,0.004574959575350864,0.014492753623188406,10,474,690,1930,65679
464,464000,0.014066496163682864,0.0015345268542199491,0.006337888626113042,0.004314994606256742,0.0009708737864077672,0.0029931517010039384,0.009761904761904762,0.0012857142857142856,0.004861426183457738,0.008571428571428572,6,477,700,2487,65679
465,465000,0.016795865633074936,0.002583979328165375,0.009187012493234378,0.0,0.0,0.0,0.00896551724137931,0.001379310344827586,0.004903963910181662,0.011034482758620689,8,459,725,3026,65679
466,466000,0.010833963214915594,0.002380952380952381,0.005896345905376536,0.002367424242424242,0.0005681818181818183,0.0011182498715252322,0.006751467710371819,0.0015068493150684932,0.0035923872698756334,0.0136986301369863,10,469,730,3560,65679
467,467000,0.011111111111111112,0.0014814814814814814,0.006306542036547753,0.00424929178470255,0.00056657223796034,0.0014375984791389577,0.0079155672823219,0.0010554089709762533,0.0040390788759075095,0.01978891820580475,15,474,758,4099,65679
468,468000,0.016073059360730592,0.002465753424657534,0.009092884780135162,0.006024096385542169,0.0006024096385542169,0.003065610122909636,0.011286465805834528,0.0015781922525107603,0.006221930424039217,0.015781922525107604,11,514,697,4544,65679
469,469000,0.006724303554274735,0.0008645533141210376,0.003295571131663012,0.003355704697986577,0.00033557046979865775,0.0021172139381592536,0.005167958656330749,0.00062015503875969,0.0027511518391605,0.015503875968992248,10,474,645,4958,65679
470,470000,0.019337016574585635,0.0024861878453038676,0.009247044544310268,0.002514367816091954,0.0008620689655172415,0.002013490233348586,0.011091549295774649,0.0016901408450704228,0.005701584121472711,0.009859154929577466,7,541,710,5394,65679
471,471000,0.0017825311942959,0.0005347593582887701,0.0008594785848300793,0.008432539682539682,0.0011904761904761906,0.005585155900522203,0.004929577464788732,0.0008450704225352114,0.003095855455354803,0.015492957746478873,11,498,710,5829,65679
472,472000,0.010732323232323232,0.0012626262626262627,0.004433215544511346,0.0014204545454545455,0.00028409090909090913,0.0005035207010910447,0.006350267379679145,0.0008021390374331551,0.0025839473829017924,0.01871657754010695,14,486,748,6280,65679
473,473000,0.01868953386103782,0.002638522427440633,0.008579030467623932,0.0027247956403269754,0.00027247956403269756,0.0007876425785228552,0.010835567470956209,0.001474530831099196,0.004746001841216299,0.013404825737265416,10,514,746,6687,65679
474,474000,0.02233676975945017,0.0030927835051546395,0.010362256195363271,0.0078125,0.0009375000000000002,0.00625,0.015772128060263655,0.00211864406779661,0.008503609327402472,0.018361581920903956,13,462,708,7068,65679
475,475000,0.023809523809523808,0.003258145363408522,0.012657461392416379,0.0,0.0,0.0,0.01330532212885154,0.001820728291316527,0.0070732872487032725,0.014005602240896359,10,454,714,7447,65679
476,476000,0.012242268041237113,0.0015463917525773197,0.00624956419056217,0.00404040404040404,0.0006060606060606061,0.002069499146061839,0.008472609099350046,0.0011142061281337048,0.004328364379023021,0.005571030640668524,4,467,718,7822,65679
477,477000,0.02387057387057387,0.0033333333333333335,0.012336944705352924,0.004016064257028112,0.0009036144578313254,0.003164442048819983,0.014740799366838147,0.00221606648199446,0.008119117999024757,0.013850415512465374,10,477,722,8177,65679
478,478000,0.020112781954887218,0.002631578947368421,0.008437732370102794,0.0006097560975609756,0.0003048780487804878,0.0003683271423765067,0.011077481840193705,0.0015536723163841809,0.004699363846523385,0.01694915254237288,12,480,708,8525,65679
479,479000,0.010983884648006785,0.002035623409669211,0.007182784246836756,0.0037267080745341614,0.0006211180124223603,0.0013051860367398437,0.007715617715617715,0.0013986013986013986,0.00453580994802388,0.016783216783216783,12,457,715,8856,65679
480,480000,0.011538461538461539,0.0015384615384615387,0.005544600662769287,0.0,0.0,0.0,0.006122448979591836,0.000816326530612245,0.002942033004734724,0.017687074829931974,13,481,735,9224,65679
481,481000,0.021232876712328767,0.0027397260273972603,0.008507449731617926,0.002680965147453083,0.00026809651474530834,0.0008070509267130863,0.011856368563685637,0.0014905149051490517,0.004615513750277133,0.008130081300813009,6,527,738,738,65679
482,482000,0.014335060449050085,0.002072538860103627,0.008458950564291674,0.006042296072507553,0.0006042296072507553,0.002078195779149616,0.010506741050674106,0.001394700139470014,0.005513302260411589,0.015341701534170154,11,488,717,1375,65679
483,483000,0.019389438943894388,0.003217821782178218,0.00982333588022924,0.003105590062111801,0.00031055900621118014,0.0011062335003354726,0.012167125803489439,0.001928374655647383,0.005957072841212997,0.012396694214876033,9,463,726,1979,65679
484,484000,0.01730914588057445,0.0026455026455026454,0.008611241009957632,0.0,0.0,0.0,0.009441352298495156,0.001443001443001443,0.004697040550885981,0.007215007215007215,5,482,693,2499,65679
485,485000,0.01911111111111111,0.0026666666666666666,0.008434239195831859,0.0029850746268656717,0.0008955223880597016,0.0015828180299728586,0.011502347417840375,0.0018309859154929577,0.005201526392222331,0.011267605633802818,8,495,710,3041,65679
486,486000,0.008291351805205708,0.0015113350125944584,0.0033172097290543384,0.0,0.0,0.0,0.004478458049886621,0.0008163265306122448,0.0017917445747409146,0.009523809523809525,7,446,735,3562,65679
487,487000,0.011118598382749326,0.0013477088948787063,0.005482863719781479,0.0004761904761904762,0.00028571428571428574,0.0005454881890826704,0.005952380952380953,0.0008321775312066574,0.0030860794815781743,0.012482662968099861,9,521,721,4063,65679
488,488000,0.025197834235735107,0.0029154518950437317,0.013061386684998722,0.0029940119760479044,0.0002994011976047904,0.0018890112382378968,0.01424351128930154,0.0016248153618906944,0.007549461427660295,0.013293943870014771,9,531,677,4506,65679
489,489000,0.010362694300518135,0.0015544041450777201,0.004711520977627083,0.006622516556291391,0.0009933774834437088,0.004096681168110252,0.00872093023255814,0.0013081395348837211,0.004441634898449637,0.011627906976744186,8,491,688,4931,65679
490,490000,0.017105263157894738,0.002368421052631579,0.007782125245002318,0.00048449612403100775,0.00029069767441860465,0.0005550025179620194,0.009208103130755065,0.00138121546961326,0.004348243728287037,0.009668508287292817,7,491,724,5344,65679
491,491000,0.01700507614213198,0.0020304568527918783,0.006950565391483888,0.003323836657169991,0.0005698005698005699,0.001409236358287899,0.010559284116331096,0.0013422818791946308,0.0043398184241660465,0.016107382550335572,12,473,745,5786,65679
492,492000,0.041284271284271284,0.005194805194805195,0.022978923834490055,0.0035460992907801413,0.0009118541033434652,0.0018653820686491945,0.023895113600995953,0.0032212885154061627,0.0132501349816026,0.008403361344537815,6,493,714,6223,65679
493,493000,0.0101164344340523,0.00173697270471464,0.0045974222832417975,0.005714285714285714,0.0005714285714285715,0.0020576746873367854,0.008070282970681377,0.001195219123505976,0.00341692871276802,0.009296148738379814,7,481,753,6620,65679
494,494000,0.014078110808356041,0.0019073569482288828,0.007290493423536253,0.006097560975609756,0.0009146341463414636,0.0044378205780105495,0.010311750599520384,0.0014388489208633094,0.0059441960230579355,0.0014388489208633094,1,473,695,6968,65679
495,495000,0.01187214611872146,0.0016438356164383565,0.004865295051752515,0.007480798771121351,0.0019354838709677422,0.0032679364149422576,0.009855379188712522,0.001777777777777778,0.004131693307439657,0.007407407407407408,5,522,675,7314,65679
496,496000,0.01693404634581105,0.0021390374331550803,0.008825477583364529,0.0024122807017543857,0.0008771929824561405,0.002433720412432967,0.009997672253258845,0.0015363128491620113,0.005772431560377665,0.009776536312849162,7,529,716,7685,65679
497,497000,0.00853874790730461,0.002061855670103093,0.005951207337040074,0.009796238244514107,0.001567398119122257,0.005277444854325034,0.009106130393259106,0.0018387553041018388,0.005647204180058324,0.004243281471004243,3,428,707,8033,65679
498,498000,0.022108843537414963,0.0030612244897959186,0.010934531379309718,0.0019801980198019802,0.0009900990099009901,0.001238655819097047,0.013333333333333332,0.0021582733812949644,0.006707408653058727,0.012949640287769784,9,453,695,8365,65679
499,499000,0.01237842617152962,0.0015915119363395227,0.008262916545033432,0.0,0.0,0.0,0.006852667645619188,0.0008810572687224671,0.004574331185723353,0.00881057268722467,6,481,681,8684,65679
500,500000,0.02821869488536155,0.003968253968253968,0.015395473396113513,0.0,0.0,0.0,0.014814814814814814,0.0020833333333333333,0.008082623532959595,0.013888888888888888,10,494,720,9017,65679
501,501000,0.022435897435897436,0.0028205128205128207,0.010744807679052967,0.0041025641025641026,0.0006153846153846154,0.0033852568602898894,0.014102564102564101,0.0018181818181818182,0.007399557306887932,0.008391608391608392,6,477,715,715,65679
502,502000,0.008386113065916023,0.0012315270935960591,0.004916804473144765,0.001607717041800643,0.0006430868167202572,0.0017023672974369045,0.0054459719731686255,0.0009762900976290099,0.0035225367442115085,0.005578800557880056,4,465,717,1353,65679
503,503000,0.01511715797430083,0.0020408163265306124,0.006548611448441499,0.010416666666666666,0.0015625,0.008270368790021262,0.013140604467805518,0.0018396846254927724,0.007272609279329179,0.003942181340341655,3,420,761,1994,65679
504,504000,0.01808785529715762,0.0023255813953488376,0.007717066093511069,0.005605988214683866,0.0016722408026755853,0.002853129128858043,0.01264750798278495,0.0020408163265306124,0.005597070244485918,0.007288629737609329,5,444,686,2545,65679
