batch,interactions,recall_existing,precision_existing,ndcg_existing,hr_existing,mrr_existing,recall_new_content,precision_new_content,ndcg_new_content,hr_new_content,mrr_new_content,recall_overall_content,precision_overall_content,ndcg_overall_content,hr_overall_content,mrr_overall_content,n_new_users,pct_new_users,n_users_trained,id_resolution_emissions_mg,recovered_history_seed_emissions_mg,expand_embeddings_emissions_mg,gt_split_emissions_mg,scoring_emissions_mg,history_update_emissions_mg,apply_content_seeds_emissions_mg,batch_emissions_mg,update_emissions_mg,updated
1,1000,0.03134302775133304,0.02149532710280374,0.03157621458754149,0.1588785046728972,0.0646417445482866,0.0,0.0,0.0,0.0,0.0,0.02220996006220288,0.015231788079470197,0.02237519841633735,0.11258278145695365,0.045805739514348784,44,0.2913907284768212,59868,11.718569509543283,17.878565624215142,124.43835615172496,11.659331878470795,12.248584243684107,11.655241984685174,11.655160888184566,201.25381028050802,0.0,False
2,2000,0.024530075971373796,0.014166666666666668,0.026841565359537446,0.14166666666666666,0.07045965608465607,0.0065359477124183,0.00196078431372549,0.0030671812158350096,0.0196078431372549,0.0028011204481792717,0.01916340613975549,0.010526315789473686,0.019750959562292857,0.10526315789473684,0.050280794579040194,50,0.29239766081871343,59868,11.702912886373419,19.25668227494774,124.94236668675991,11.663726069411382,12.517778899360133,11.660715399277503,11.65650814972561,203.40069036585572,0.0,False
3,3000,0.04289256413316564,0.023308270676691726,0.039016627963729636,0.18045112781954886,0.0716374269005848,0.011737089201877934,0.0028169014084507044,0.006894483303987831,0.028169014084507043,0.008802816901408451,0.03204923707374687,0.016176470588235292,0.02783686193019205,0.12745098039215685,0.04976851851851851,71,0.3480392156862745,59868,11.751995999337533,22.12637984037619,123.89810303811049,11.655757490682657,12.446070433398964,11.656127455031308,11.657581369587115,205.19201562652427,0.0,False
4,4000,0.036068361333943304,0.02288135593220339,0.02995963957007984,0.19491525423728814,0.05317460317460317,0.03252032520325203,0.007317073170731709,0.01627220621868786,0.07317073170731707,0.01524390243902439,0.035153458935463164,0.01886792452830189,0.026430175624123413,0.16352201257861634,0.04339373065788161,41,0.2578616352201258,59868,11.70616016812323,17.563769708051588,124.89986014668797,11.66190459786845,12.348795554641828,11.661311855918308,11.654449886481416,201.4962519177728,0.0,False
5,5000,0.03687917353029739,0.019512195121951223,0.03260111144423458,0.18699186991869918,0.06525680732997806,0.005747126436781609,0.001724137931034483,0.008091012517633733,0.017241379310344827,0.017241379310344827,0.026903158439557526,0.013812154696132596,0.024747046594826575,0.13259668508287292,0.04987064807506797,58,0.32044198895027626,59868,11.70193065369498,20.244447778191038,123.99032049231003,11.662308508731105,12.352983961051288,11.66065305525845,11.655692162508037,203.26833661174493,0.0,False
6,6000,0.030188482441585514,0.01834862385321101,0.030495197853964335,0.1651376146788991,0.06785714285714285,0.03205128205128205,0.007692307692307693,0.02340269563179557,0.07692307692307693,0.03434065934065934,0.030790132004965765,0.014906832298136647,0.028204451794630322,0.13664596273291926,0.057031943212067435,52,0.32298136645962733,59868,11.702588492486882,19.422951282014157,127.31398788749662,11.66088471956186,12.343276029513211,11.665042310712773,11.65726698464575,205.76599770643128,0.0,False
7,7000,0.029866752401789227,0.018260869565217393,0.025262305094163204,0.1565217391304348,0.042363699102829534,0.00980392156862745,0.00196078431372549,0.0042824987611404745,0.0196078431372549,0.00326797385620915,0.023702870639793747,0.013253012048192769,0.018816701943656217,0.1144578313253012,0.03035236182826544,51,0.3072289156626506,59868,11.748751729338293,19.03787708631933,123.65532701173113,11.662007321878304,12.38444798417498,11.665293373999468,11.657293093051551,201.81099760049307,0.0,False
8,8000,0.02631900526637369,0.020720720720720724,0.02291203263328408,0.1891891891891892,0.04601387101387101,0.026515151515151512,0.00681818181818182,0.023861225051758736,0.06818181818181818,0.03598484848484848,0.026374685491833198,0.016774193548387096,0.02318148080368979,0.15483870967741936,0.04316692268305172,44,0.2838709677419355,59868,11.746367290386885,18.429293327577216,123.66125245472027,11.662786533417563,12.375299638991153,11.663707115262476,11.65747232767067,201.19617868802624,0.0,False
9,9000,0.03147865982295807,0.016666666666666666,0.030364180268925924,0.15079365079365079,0.061309523809523814,0.023474178403755867,0.007042253521126761,0.021503064485231146,0.07042253521126761,0.0386317907444668,0.02859379596121514,0.013197969543147208,0.027170580164142526,0.1218274111675127,0.05313633067440173,71,0.3604060913705584,59868,11.748490700469635,21.941185229846365,123.21919058521767,11.661350673594812,12.491738880487068,11.66330697884325,11.657645791082922,204.38290883954176,0.0,False
10,10000,0.04367794431101283,0.026415094339622643,0.04115786640212327,0.2169811320754717,0.080641659179395,0.024509803921568624,0.0058823529411764705,0.0148090246335896,0.058823529411764705,0.01764705882352941,0.03618694691743694,0.01839080459770115,0.03086061789488023,0.15517241379310345,0.05602307972997628,68,0.39080459770114945,59868,11.748458505490312,21.46494327781665,123.67732101831695,11.659806962364353,12.320544189192098,11.662128741930701,11.660198470188343,204.19340116529938,0.0,False
11,11000,0.031191684607382284,0.02307692307692308,0.029578823064700957,0.20192307692307693,0.06521672771672772,0.008771929824561403,0.002631578947368421,0.0038958146179719107,0.02631578947368421,0.003289473684210526,0.025192031919021765,0.017605633802816902,0.02270590531135093,0.15492957746478872,0.048644645651687905,38,0.2676056338028169,59868,11.74857288796299,17.469475609337497,122.96739451504376,11.662687591113777,12.277838529079279,11.663866726821688,11.659475405715897,199.4493112650749,0.0,False
12,12000,0.03269442165436001,0.019090909090909092,0.03104119145331965,0.16363636363636364,0.05704184704184703,0.02564102564102564,0.005128205128205128,0.021321913579067247,0.05128205128205128,0.029914529914529916,0.030848230751540955,0.015436241610738253,0.028497219392273718,0.1342281879194631,0.049941408330670074,39,0.26174496644295303,59868,11.848845573987631,17.07948780448748,123.84800135816593,11.663069885049868,12.3213169601513,11.665072018239142,11.659516237796236,200.0853098378776,0.0,False
13,13000,0.019924843674843675,0.014166666666666666,0.017122429317983096,0.11666666666666667,0.03271825396825397,0.0319634703196347,0.00821917808219178,0.016031819772309934,0.0821917808219178,0.015449010654490107,0.0244783138565522,0.011917098445595856,0.016709918971692213,0.10362694300518134,0.026186364010198207,73,0.37823834196891193,59868,11.750255846302085,22.06007644620133,123.71225651951028,11.660899526019787,12.47383674102655,11.666029541950937,11.659731337473021,204.983085958484,0.0,False
14,14000,0.04273621476562653,0.022400000000000003,0.031171018861435473,0.208,0.05678730158730159,0.028571428571428567,0.008571428571428572,0.026382805225650185,0.08571428571428572,0.048072562358276644,0.03765141972155547,0.01743589743589744,0.029452172940897168,0.1641025641025641,0.05365893365893365,70,0.358974358974359,59868,11.741319585117926,21.494566164990697,123.89797888236707,11.661846181412749,12.550051293970434,11.660759869898483,11.658577312825043,204.6650992905824,0.0,False
15,15000,0.02226115368867976,0.01565217391304348,0.024780574901577732,0.12173913043478261,0.0513768115942029,0.025157232704402514,0.007547169811320755,0.013965307777817815,0.07547169811320754,0.016561844863731655,0.02317479766387801,0.013095238095238096,0.021368615630391566,0.10714285714285714,0.040393518518518516,53,0.31547619047619047,59868,11.70394122563742,19.370964185244123,124.90298118092565,11.660490881967595,12.320964025594288,11.661767154505336,11.65550403061039,203.2766126844848,0.0,False
16,16000,0.02450090971830102,0.011304347826086957,0.021379889018805196,0.10434782608695652,0.04183574879227053,0.03968253968253968,0.009523809523809525,0.0401209863365907,0.09523809523809523,0.06746031746031746,0.028562237479434927,0.010828025477707007,0.02639343097642934,0.10191082802547771,0.04869072894550602,42,0.267515923566879,59868,11.70433336025213,17.682733188322757,124.13743552684882,11.670254475680194,12.42649486850149,11.667030909492775,11.664925033788489,200.95320736288664,0.0,False
17,17000,0.035434282493106026,0.02254901960784314,0.03270451100887428,0.20588235294117646,0.07187986305633365,0.016025641025641024,0.0038461538461538464,0.020815883053619515,0.038461538461538464,0.038461538461538464,0.028880715244351606,0.016233766233766232,0.02869016910190514,0.14935064935064934,0.06059575345289631,52,0.33766233766233766,59868,11.832933204338707,19.423159582187925,125.18497566948311,11.665735473261833,12.41876978380716,11.663167586841837,11.659929714840072,203.84867101476064,0.0,False
18,18000,0.03104960502742147,0.02148760330578512,0.0334186864783118,0.18181818181818182,0.0794503476321658,0.03216374269005848,0.007017543859649123,0.018765972545855814,0.07017543859649122,0.020175438596491225,0.03140637944747939,0.016853932584269662,0.028726525275221963,0.14606741573033707,0.06046905653647226,57,0.3202247191011236,59868,11.751152413607725,20.08494389133626,123.79091145520073,11.663060602691566,12.532834268572621,11.662211864661188,11.656770369103224,203.1418848651733,0.0,False
19,19000,0.03639151619622208,0.0256,0.03476038320441631,0.208,0.0776984126984127,0.031073446327683614,0.00847457627118644,0.026598859991330135,0.06779661016949153,0.03790018832391714,0.03468626553185376,0.020108695652173915,0.03214337304369846,0.16304347826086957,0.06493702553485163,59,0.32065217391304346,59868,11.736321278071893,20.46775555861278,121.99674693343793,11.686882305526717,12.472026808227863,11.664450324392998,11.658873457755236,201.68305666602544,0.0,False
20,20000,0.047771227892849884,0.02380952380952381,0.039966980607827655,0.20634920634920634,0.07264739229024943,0.018518518518518517,0.003703703703703704,0.007974520673825316,0.037037037037037035,0.0060185185185185185,0.038995415080550475,0.017777777777777778,0.030369242627626955,0.15555555555555556,0.052658730158730155,54,0.3,59868,11.704395148436943,19.595597546552025,123.58440044140784,11.662132274035432,12.387610353495164,11.659472973451871,11.658445351646513,202.2520540890258,0.0,False
21,21000,0.0334576866877287,0.02053571428571429,0.028341295608771085,0.17857142857142858,0.05778415532879818,0.020833333333333332,0.0058823529411764705,0.020208060644101286,0.058823529411764705,0.0392156862745098,0.028688486531623782,0.015000000000000001,0.02526874017767361,0.13333333333333333,0.05076940035273368,68,0.37777777777777777,59868,11.77143958704021,21.37212112155503,124.34872390478576,11.675698947510165,12.379747343695472,11.660932667099075,11.661731786150389,204.87039535783612,0.0,False
22,22000,0.0365235402120648,0.02131147540983607,0.03021098176787285,0.1721311475409836,0.05711358313817331,0.0,0.0,0.0,0.0,0.0,0.025032988235235424,0.014606741573033709,0.020706403234160044,0.11797752808988764,0.03914526484751204,56,0.3146067415730337,59868,11.701724534080547,20.040195220383076,123.59022014406685,11.660494587523857,12.42816034230463,11.66123446891612,11.655860848117788,202.73789014539287,0.0,False
23,23000,0.04865047227248141,0.024528301886792454,0.037568839885551535,0.18867924528301888,0.06050464210841569,0.022727272727272728,0.00681818181818182,0.011929911634039302,0.045454545454545456,0.010227272727272727,0.04104633373922019,0.019333333333333334,0.030048087598441277,0.14666666666666667,0.04575661375661376,44,0.29333333333333333,59868,11.705070576241775,18.06391728674181,123.09644983987678,11.664138273163523,12.345383344081716,11.661849153742597,11.661987745502193,200.19879621935038,0.0,False
24,24000,0.0405423223101932,0.02543859649122807,0.040939312785245645,0.21929824561403508,0.08756613756613757,0.018018018018018018,0.005405405405405406,0.0253664176228517,0.05405405405405406,0.05405405405405406,0.03502312192071982,0.020529801324503313,0.037123437811678914,0.17880794701986755,0.07935456743403763,37,0.24503311258278146,59868,11.752391086571404,17.37521994551409,123.93719873340665,11.655540703795278,12.299650606107521,11.660481523467075,11.65909745802409,200.3395800568861,0.0,False
25,25000,0.04047563547563547,0.02181818181818182,0.03887127891804962,0.19090909090909092,0.07943001443001443,0.043478260869565216,0.010869565217391304,0.03106115025584662,0.08695652173913043,0.03894927536231884,0.04136102501487116,0.01858974358974359,0.03656829226124617,0.16025641025641027,0.06749338624338626,46,0.2948717948717949,59868,11.701851540060932,18.707721491642225,123.0968511604395,11.662403820377268,12.374683219648283,11.65937371183992,11.660445252375043,200.86333019638317,0.0,False
26,26000,0.022071196223738595,0.011016949152542373,0.014459820682127308,0.1016949152542373,0.021149448479956954,0.029569892473118278,0.008064516129032258,0.0221419851438966,0.08064516129032258,0.034050179211469536,0.024654080487413823,0.01,0.017105899552292286,0.09444444444444444,0.025593033509700176,62,0.34444444444444444,59868,11.71479509265612,20.333785603811155,122.59803013197224,11.65953281030696,12.399400863037819,11.655790880113308,11.658846963025216,202.0201823449228,0.0,False
27,27000,0.036833938705843804,0.027659574468085108,0.03499644379954639,0.22340425531914893,0.07226021614319486,0.05092592592592592,0.013888888888888888,0.02366660613106644,0.1388888888888889,0.022255291005291007,0.040736335166789615,0.023846153846153847,0.03185895029135194,0.2,0.05841269841269841,36,0.27692307692307694,59868,11.70376756117874,16.816355480211467,122.5971675399215,11.664127968561735,12.31040642963449,11.663355438850525,11.661391261266058,198.4165716796245,0.0,False
28,28000,0.03203577505637002,0.01842105263157895,0.0315010578189545,0.15789473684210525,0.0712719298245614,0.013888888888888886,0.0035714285714285718,0.006376204795094817,0.03571428571428571,0.005555555555555556,0.02433709607622651,0.012121212121212121,0.02084202926337766,0.10606060606060606,0.04339225589225589,84,0.42424242424242425,59868,11.719951134209031,23.48952502946155,121.84268935064215,11.6613540559014,12.545159006019379,11.663563497969937,11.66266505029344,204.58490712449688,0.0,False
29,29000,0.01440972222222222,0.0078125,0.01207234251866771,0.078125,0.022891865079365078,0.019774011299435026,0.005084745762711865,0.007907579917403547,0.05084745762711865,0.005696798493408663,0.016102198455139632,0.006951871657754011,0.010758326510782226,0.06951871657754011,0.017466683643154228,59,0.3155080213903743,59868,11.738051698107453,19.667727915430312,123.01179020286767,11.66357787017909,12.497541297337017,11.663700059557497,11.659700770574183,201.90208981405323,0.0,False
30,30000,0.041934713121153794,0.02372881355932204,0.032190851875342236,0.22033898305084745,0.05632902878665591,0.015151515151515152,0.004545454545454546,0.010284276203942061,0.045454545454545456,0.014520202020202018,0.03232769645813124,0.01684782608695652,0.02433305842799217,0.15760869565217392,0.04133238440303657,66,0.358695652173913,59868,11.728505005604086,21.327146529347488,122.46791386618001,11.659013672395483,12.416206051417584,11.66113439129285,11.66038082299481,202.9203003392323,0.0,False
31,31000,0.02920211347086684,0.023853211009174313,0.030604529577536385,0.1926605504587156,0.06762050385903597,0.01633986928104575,0.00392156862745098,0.01508967519162831,0.0392156862745098,0.022408963585434174,0.02510227313536137,0.0175,0.025659169742028188,0.14375,0.053209325396825394,51,0.31875,59868,11.70470955308943,18.903314619161254,122.80544093739958,11.66256676631526,12.32250992073882,11.661515267323216,11.659455241340954,200.7195123053685,0.0,False
32,32000,0.032898058731392066,0.023931623931623933,0.03454365333331244,0.1794871794871795,0.07043481210147877,0.005291005291005291,0.0015873015873015873,0.0024829562223426267,0.015873015873015872,0.0022675736961451248,0.023235590027256694,0.016111111111111114,0.023322409344473004,0.12222222222222222,0.04657627865961199,63,0.35,59868,11.752045433039566,20.97419054725592,123.47825344941661,11.661656441146716,12.438346381895421,11.660831525113664,11.660651663704911,203.62597544157285,0.0,False
33,33000,0.03693320163280045,0.019696969696969702,0.03207646039852695,0.18181818181818182,0.06357924482924483,0.017295597484276726,0.0056603773584905665,0.01917141543438573,0.05660377358490566,0.04043126684636118,0.031307293417277435,0.01567567567567568,0.028379339408800008,0.14594594594594595,0.05694766194766195,53,0.2864864864864865,59868,11.703625547692699,19.631656499145834,124.26731273463328,11.663182570692369,12.46286310075187,11.66448473420307,11.665747466309446,203.05887265342855,0.0,False
34,34000,0.036430879678006116,0.023809523809523808,0.031907646732295736,0.1984126984126984,0.06202443940539178,0.032407407407407406,0.008333333333333335,0.019145920790433518,0.08333333333333333,0.023032407407407404,0.03496779885233386,0.01818181818181818,0.027267019117073115,0.15656565656565657,0.04784551867885201,71,0.35858585858585856,59868,11.748491954051941,21.974640737050347,123.1436149015672,11.658359366964465,12.54395675311104,11.664930722211746,11.663716040755633,204.39771047571242,0.0,False
35,35000,0.03094029376205357,0.01926605504587156,0.02936030217349149,0.1834862385321101,0.05788553953691568,0.028735632183908042,0.006896551724137932,0.013834475427579854,0.06896551724137931,0.014224137931034482,0.030174602914553927,0.014970059880239521,0.023968098872516188,0.1437125748502994,0.0427216994582264,58,0.3473053892215569,59868,11.72093458104862,20.275321656550506,122.74598276117761,11.659753558986713,12.347315326689465,11.661103272502144,11.658869535384127,202.0692806923392,0.0,False
36,36000,0.036540973522463265,0.022033898305084745,0.03494481488739137,0.17796610169491525,0.07015065913370999,0.0,0.0,0.0,0.0,0.0,0.02729009414968776,0.016455696202531647,0.026098026308304954,0.13291139240506328,0.05239099859353025,40,0.25316455696202533,59868,11.7035399690461,17.213462332379276,122.8389492951218,11.66233667884535,12.377294237622163,11.661457161043012,11.659694995422992,199.11673466948068,0.0,False
37,37000,0.020604649979649982,0.015000000000000001,0.0247230189807397,0.14166666666666666,0.06536706349206349,0.008771929824561403,0.002631578947368421,0.004398959341215849,0.02631578947368421,0.0043859649122807015,0.017758805891717282,0.012025316455696204,0.01983495400414536,0.11392405063291139,0.05070072332730561,38,0.24050632911392406,59868,11.717524790930828,17.336684283226177,123.74300069330474,11.661405153161503,12.40502043838715,11.663629378036097,11.66219105835399,200.18945579540045,0.0,False
38,38000,0.029947373554816532,0.018367346938775512,0.026330828480698155,0.17346938775510204,0.05712666018788468,0.037037037037037035,0.008333333333333335,0.019588881860687374,0.08333333333333333,0.02019400352733686,0.032950054559051103,0.014117647058823532,0.02347541579457594,0.13529411764705881,0.04148459383753502,71,0.4176470588235294,59868,11.748596206337565,22.085869290092848,123.4970034605272,11.662265768682193,12.453353417233789,11.664931672254742,11.661759073239644,204.77377888836799,0.0,False
39,39000,0.03335500701439133,0.020754716981132078,0.03145520995816942,0.18867924528301888,0.06507936507936508,0.011299435028248588,0.0033898305084745766,0.01590775342450022,0.03389830508474576,0.03389830508474576,0.025468469152679675,0.014545454545454547,0.025895816409766494,0.13333333333333333,0.05392977392977393,59,0.3575757575757576,59868,11.738269852897693,20.20813098185803,122.17352899576012,11.661513950668098,12.34847499640042,11.659066276786811,11.660457693584563,201.44944274795574,0.0,False
40,40000,0.023422077741792884,0.019444444444444445,0.02248318652042985,0.1574074074074074,0.0457120811287478,0.03763440860215053,0.008064516129032258,0.015697643341171953,0.08064516129032258,0.011533538146441372,0.028605398408511555,0.015294117647058826,0.020008459007994618,0.12941176470588237,0.033246965452847804,62,0.36470588235294116,59868,11.693173745393192,20.3212931597415,123.06310383485528,11.663333264641876,12.45146901947096,11.663948749711036,11.663242648014826,202.51956442182868,0.0,False
41,41000,0.0339182966633947,0.02435897435897436,0.028894917385338996,0.20512820512820512,0.0458994708994709,0.05208333333333333,0.0125,0.047960056667404626,0.125,0.07118055555555555,0.03920267096737685,0.020909090909090912,0.03444113972193991,0.18181818181818182,0.05325396825396825,32,0.2909090909090909,59868,11.734113188135304,16.37678674861441,124.10107426853548,11.656874956467167,12.183372797971991,11.660626477744824,11.660809272064435,199.3736577095336,0.0,False
42,42000,0.029291702625174713,0.02018348623853211,0.02990680942965449,0.1651376146788991,0.06412916848696665,0.011574074074074073,0.002777777777777778,0.009551196706123899,0.027777777777777776,0.016203703703703706,0.022243806184957884,0.013259668508287295,0.02180954911974177,0.11049723756906077,0.04506489520301675,72,0.39779005524861877,59868,11.689023182973393,22.191802396461306,122.66870527263309,11.662865516961011,12.430433634271626,11.662906940353505,11.661169046130876,203.9669059897848,0.0,False
43,43000,0.03712273159639641,0.022330097087378643,0.030419778651271934,0.20388349514563106,0.06338804130066265,0.01818181818181818,0.005454545454545455,0.011749640235442643,0.05454545454545454,0.015909090909090907,0.03052937566094196,0.016455696202531647,0.023920679835635155,0.1518987341772152,0.04686055856941933,55,0.34810126582278483,59868,11.701044525020201,19.602213554948538,122.97436372860417,11.660974804006754,12.408320453174623,11.660477936173418,11.661781671942068,201.66917667386974,0.0,False
44,44000,0.02307096171802054,0.015000000000000001,0.025907884915325873,0.125,0.061412037037037036,0.02333333333333333,0.006000000000000001,0.02025115550529767,0.06,0.032857142857142856,0.023148129840171363,0.012352941176470589,0.02424414097119993,0.10588235294117647,0.053013538748832856,50,0.29411764705882354,59868,11.700251457065145,19.028380858730763,127.0172456691223,11.663900888900237,12.544118250525441,11.664138221916323,11.665293003443669,205.28332834970385,0.0,False
45,45000,0.03457516379019243,0.02616822429906542,0.03437200019581583,0.22429906542056074,0.07529669188547694,0.022727272727272728,0.004545454545454546,0.00935986000989625,0.045454545454545456,0.006628787878787878,0.031122798182454243,0.019867549668874173,0.02708369444627635,0.17218543046357615,0.05528750131399138,44,0.2913907284768212,59868,11.735484172620964,18.233345631864587,123.63918301294164,11.662047680908657,12.323514678473298,11.657943958300402,11.663894557915889,200.9154136930254,0.0,False
46,46000,0.0293789469192695,0.016935483870967744,0.028994054535918103,0.16129032258064516,0.06585061443932412,0.005291005291005291,0.0015873015873015873,0.004699712872474051,0.015873015873015872,0.007936507936507936,0.02126375802846391,0.011764705882352943,0.020809329804383478,0.11229946524064172,0.04633944486885664,63,0.33689839572192515,59868,11.703561106487722,20.927193227340823,125.52667968544068,11.663165694640599,12.55618605983111,11.661380069697552,11.662825784722678,205.70099162816118,0.0,False
47,47000,0.03015352125584454,0.02100840336134454,0.026696514684701397,0.16806722689075632,0.049813258636788045,0.006802721088435374,0.0020408163265306124,0.0031923722858690916,0.02040816326530612,0.0029154518950437317,0.023342871207016863,0.015476190476190477,0.01984113981837531,0.125,0.03613473167044595,49,0.2916666666666667,59868,11.702677820054145,19.082075279045277,123.0666072595827,11.659573673923271,12.34579191274586,11.660278825577352,11.662540512052608,201.1795452829812,0.0,False
48,48000,0.024773033254857916,0.01721311475409836,0.02819083548307887,0.13114754098360656,0.065807962529274,0.052083333333333336,0.012499999999999999,0.032064198417900903,0.125,0.037698412698412696,0.03248417680642744,0.015882352941176472,0.029284490899969796,0.12941176470588237,0.05787114845938376,48,0.2823529411764706,59868,11.744878090259522,18.780234303591644,123.89363385286421,11.660421390955259,12.464144852784505,11.664112003132235,11.665898720035136,201.8733232136225,0.0,False
49,49000,0.025175936373993582,0.013761467889908258,0.02353981263291583,0.12844036697247707,0.05310543177515654,0.0065359477124183,0.00196078431372549,0.0027699406443103722,0.0196078431372549,0.0021786492374727667,0.019234439988116456,0.01,0.01691941593654784,0.09375,0.03687251984126984,51,0.31875,59868,11.742283826136553,19.294988506699667,122.57541263087022,11.662716210626353,12.342446331735715,11.661429884530367,11.662173232262694,200.94145062286157,0.0,False
50,50000,0.048200609251231416,0.03076923076923077,0.053840083053756836,0.2403846153846154,0.12156593406593406,0.004975124378109453,0.0014925373134328358,0.0035020800449459435,0.014925373134328358,0.004975124378109453,0.031264308160592995,0.01929824561403509,0.0341170058514742,0.15204678362573099,0.07588415483152325,67,0.391812865497076,59868,11.69168818774928,21.11048751975847,123.32921145424142,11.660576054580915,12.465405952252414,11.654352978292259,11.663053242825377,203.57477538970014,0.0,False
51,51000,0.06891443478751592,0.0375,0.06584492794591855,0.3020833333333333,0.1332093253968254,0.042553191489361694,0.010638297872340425,0.031072305202285995,0.10638297872340426,0.04441067207024653,0.06025024992728342,0.02867132867132867,0.05441616382738197,0.23776223776223776,0.10402375402375402,47,0.32867132867132864,59868,11.70283534168877,18.566558897965475,123.3860898412556,11.663472353104845,12.2844709392958,11.66089707798669,11.659476064043023,200.9238005153402,0.0,False
52,52000,0.04168602178749475,0.028703703703703703,0.037517369384349394,0.23148148148148148,0.07440476190476189,0.0,0.0,0.0,0.0,0.0,0.029425427144113937,0.020261437908496733,0.026482848977187806,0.16339869281045752,0.05252100840336134,45,0.29411764705882354,59868,11.699038013422703,18.237465117722923,123.50242312138792,11.65884278047681,12.313209572834689,11.661085180143804,11.663297848983623,200.7353616349725,0.0,False
53,53000,0.028037154961040582,0.01788617886178862,0.027929377139994518,0.17073170731707318,0.06374048264292166,0.018518518518518517,0.0041666666666666675,0.009820562186757744,0.041666666666666664,0.009876543209876543,0.024522581505340122,0.01282051282051282,0.02124304546495325,0.12307692307692308,0.04385225885225886,72,0.36923076923076925,59868,11.7019472616834,21.72983898284485,121.83742442586042,11.660774569920498,12.539390482376248,11.663322408150822,11.662929741354175,202.7956278721904,0.0,False
54,54000,0.019984527998893914,0.0163265306122449,0.02092257527626515,0.1326530612244898,0.042375283446712014,0.023809523809523808,0.006122448979591837,0.015288341036640972,0.061224489795918366,0.02040816326530612,0.02125952660243721,0.01292517006802721,0.019044497196390425,0.10884353741496598,0.03505291005291005,49,0.3333333333333333,59868,11.717988892186519,18.243290143651546,125.02789437019227,11.665077947130634,12.37592208183473,11.663178447276351,11.666454541699872,202.35980642397195,0.0,False
55,55000,0.029862098914078008,0.02033898305084746,0.028352234223471492,0.19491525423728814,0.06598062953995157,0.023391812865497075,0.005263157894736843,0.01195687355328689,0.03508771929824561,0.00935672514619883,0.02775463431539736,0.01542857142857143,0.023012031033754224,0.14285714285714285,0.047537414965986395,57,0.32571428571428573,59868,11.742649927244317,19.931449689649174,122.63067701453849,11.664912868523599,12.49676438672305,11.668434046097076,11.675121464107056,201.81000939688278,0.0,False
56,56000,0.03193401705087629,0.021428571428571432,0.0348619732152626,0.16071428571428573,0.08193027210884353,0.02046783625730994,0.005263157894736843,0.01880586374335703,0.05263157894736842,0.03216374269005848,0.028066725303933792,0.015976331360946748,0.029446599014679067,0.1242603550295858,0.06514511129895745,57,0.33727810650887574,59868,11.74934494953088,23.709640797217602,128.33082082539144,11.660200303256762,12.381670641818666,11.664288047368714,11.667988366189167,211.16395393077326,0.0,False
57,57000,0.03159259811642888,0.02285714285714286,0.028560840719396255,0.18095238095238095,0.060181405895691605,0.02619047619047619,0.007142857142857143,0.014822047268308238,0.07142857142857142,0.017976190476190475,0.02943174934604781,0.01657142857142857,0.02306532333896105,0.13714285714285715,0.04329931972789115,70,0.4,59868,11.737607516191378,21.80173217244778,123.47239515922078,11.66431489024039,12.574910344061857,11.667655954108666,11.670556517965474,204.58917255423634,0.0,False
58,58000,0.024457557720149684,0.018018018018018018,0.020710505778760768,0.15315315315315314,0.037923637923637926,0.006802721088435374,0.0020408163265306124,0.009577116857607273,0.02040816326530612,0.02040816326530612,0.019050764001687176,0.013125000000000001,0.017300905421657513,0.1125,0.0325595238095238,48,0.3,59868,11.749478542729882,22.385936344142614,134.14139806360026,11.660421919195905,12.41100961503136,11.662487345199743,11.669222529412174,215.67995435931192,0.0,False
59,59000,0.02836316559720815,0.01347517730496454,0.025481002035606458,0.1347517730496454,0.05646740965889901,0.02564102564102564,0.006153846153846154,0.011484785364758644,0.046153846153846156,0.007838827838827838,0.027504237941131146,0.01116504854368932,0.021064720076358366,0.10679611650485436,0.04112343966712899,65,0.3155339805825243,59868,11.743010257147384,21.520247056395007,125.97837522865599,11.665402983576309,12.629540530125979,11.66759792666991,11.670671792311099,206.8748457748817,0.0,False
60,60000,0.0310150976099252,0.019819819819819826,0.03332947590863617,0.15315315315315314,0.07102102102102102,0.03333333333333333,0.00909090909090909,0.02127360051375014,0.07272727272727272,0.02727272727272727,0.03178318775924717,0.016265060240963858,0.02933505936213779,0.12650602409638553,0.056526104417670676,55,0.3313253012048193,59868,11.750912719285175,24.354125515144155,132.22493806147767,11.661385375737881,12.362946511633096,11.660732933658352,11.665653869466496,215.6806949864028,0.0,False
61,61000,0.026476830022338225,0.02149532710280374,0.026921657156171813,0.17757009345794392,0.05417593828808782,0.007246376811594202,0.002173913043478261,0.006436563281866635,0.021739130434782608,0.010869565217391304,0.020695125135447863,0.015686274509803925,0.020762740043635614,0.13071895424836602,0.04115572154787841,46,0.3006535947712418,59868,11.704722565900743,18.39327066506524,123.66738959794337,11.663902887535867,12.415810175765014,11.66720335979074,11.6725577702214,201.1848570222224,0.0,False
62,62000,0.019127651060424168,0.012605042016806723,0.01818693047715915,0.11764705882352941,0.041023075897025474,0.01366120218579235,0.004918032786885246,0.009628862977169634,0.04918032786885246,0.014344262295081968,0.017275132275132273,0.01,0.015286696491051592,0.09444444444444444,0.03198192239858906,61,0.3388888888888889,59868,11.75012250539606,24.83454043058879,131.14560616689883,11.662777143378253,12.509694994928752,11.664546436281412,11.672763669682077,215.24005134715418,0.0,False
63,63000,0.03821748784984079,0.02448979591836735,0.04056679119185903,0.1836734693877551,0.08664965986394557,0.0196078431372549,0.00392156862745098,0.009301871088992008,0.0392156862745098,0.00784313725490196,0.03184774368647247,0.017449664429530203,0.02986537558617971,0.1342281879194631,0.059675615212527955,51,0.3422818791946309,59868,11.742934912144579,21.450481724614306,123.78277047044375,11.6619122033923,12.343711948827746,11.663229024183597,11.666304502135766,204.31134478574205,0.0,False
64,64000,0.03286876237457633,0.020833333333333332,0.03635208718939431,0.18333333333333332,0.08923280423280423,0.022727272727272724,0.006060606060606061,0.022213258451910835,0.06060606060606061,0.037121212121212124,0.02927016927392021,0.015591397849462365,0.03133508344383566,0.13978494623655913,0.07074159412869091,66,0.3548387096774194,59868,11.719466699698296,22.47518644558563,124.96302381557848,11.663038601934447,12.619612531761595,11.65941580932861,11.668460458042624,206.7682043619297,0.0,False
65,65000,0.03212881926964334,0.018487394957983194,0.026628545848009277,0.16806722689075632,0.0528578097905829,0.015625,0.004687500000000001,0.009551301897109376,0.046875,0.012369791666666666,0.02635699176550578,0.01366120218579235,0.0206561763788421,0.12568306010928962,0.038698065747246074,64,0.34972677595628415,59868,11.720091495961634,21.5618739471575,123.40997291420027,11.660585720564207,12.458207541915858,11.6602943021904,11.663167929800572,204.13419385179046,0.0,False
66,66000,0.02638542586889694,0.018181818181818184,0.025591499646479995,0.17355371900826447,0.06017643972189427,0.009433962264150943,0.0018867924528301887,0.00729910957046305,0.018867924528301886,0.009433962264150943,0.021222049023773164,0.013218390804597701,0.020019679680796675,0.12643678160919541,0.04472039773763912,53,0.3045977011494253,59868,11.70336923355525,19.11990968090499,122.53623777334737,11.656861670384863,12.511969449839622,11.661634097428694,11.666962880994141,200.85694478645493,0.0,False
67,67000,0.04321216702169083,0.023809523809523808,0.0397856037692461,0.2,0.07187830687830687,0.01633986928104575,0.00392156862745098,0.016786892808966627,0.0392156862745098,0.029411764705882353,0.03442699276032609,0.01730769230769231,0.03226679441684704,0.14743589743589744,0.05799501424501425,51,0.3269230769230769,59868,11.71754454864192,18.96019048942127,123.55366158449053,11.661590864620736,12.391707346976617,11.662892066881259,11.669667010928004,201.61725391196035,0.0,False
68,68000,0.03572283272283272,0.02076923076923077,0.028277714916918332,0.17692307692307693,0.05041208791208791,0.011494252873563218,0.003448275862068966,0.006012107715578533,0.034482758620689655,0.006321839080459771,0.02824805808848362,0.015425531914893618,0.021408538227143288,0.13297872340425532,0.0368097771023303,58,0.30851063829787234,59868,11.741758015536632,19.964089539518948,123.07881452957788,11.665951299517571,12.599789664329009,11.661016152500828,11.663095691160155,202.37451489214098,0.0,False
69,69000,0.047077686688225005,0.027731092436974792,0.04261465986816851,0.25210084033613445,0.08932906495931707,0.009433962264150943,0.0018867924528301887,0.00729910957046305,0.018867924528301886,0.009433962264150943,0.035478166952899855,0.01976744186046512,0.0317325426252709,0.18023255813953487,0.06471022517534145,53,0.3081395348837209,59868,11.688071639400292,19.279569542072007,122.78549530123777,11.663105727697728,12.426737901326257,11.662592565157489,11.669475000022564,201.17504767691412,0.0,False
70,70000,0.025720074678408006,0.017708333333333333,0.021998338948854623,0.15625,0.042427248677248675,0.014619883040935672,0.0035087719298245615,0.009531211390212756,0.03508771929824561,0.011278195488721804,0.021584709166408513,0.012418300653594774,0.01735372279955667,0.1111111111111111,0.030822699450150433,57,0.37254901960784315,59868,11.726621467237145,20.395006498065417,124.7135993487844,11.659663734717164,12.335481040333038,11.660381855819676,11.663288723063117,204.15404266801997,0.0,False
71,71000,0.02664883143855106,0.01682242990654206,0.03037428424319062,0.1588785046728972,0.0777369826435247,0.03508771929824561,0.008771929824561403,0.016884461422615075,0.08771929824561403,0.015643274853801167,0.029581859536127828,0.014024390243902441,0.02568574826286863,0.13414634146341464,0.056155632984901276,57,0.3475609756097561,59868,11.69627005724594,20.082435275433145,122.84175603340108,11.656361516119636,12.383373459483316,11.663782725006635,11.66313447335636,201.98711354004612,0.0,False
72,72000,0.022974320327055254,0.02159090909090909,0.024858017506721716,0.18181818181818182,0.0509469696969697,0.02564102564102564,0.007692307692307693,0.014157713113246753,0.07692307692307693,0.01668956043956044,0.023964810872244252,0.016428571428571428,0.020883618732002444,0.14285714285714285,0.038222789115646257,52,0.37142857142857144,59868,11.715279448324539,18.90436514864757,122.65413067333309,11.658421730693231,12.343912115899899,11.664074033005193,11.669516234193155,200.60969938409667,0.0,False
73,73000,0.025588463027487417,0.013008130081300813,0.023103741277212805,0.12195121951219512,0.04678668215253581,0.013440860215053762,0.0032258064516129032,0.00516496242277445,0.03225806451612903,0.003405017921146953,0.021517374517374517,0.00972972972972973,0.017091826201671302,0.0918918918918919,0.032247962247962246,62,0.33513513513513515,59868,11.742013182531805,20.249627452374742,121.42333136466385,11.660764060330772,12.511333331905252,11.663436543235886,11.665824092489673,200.916330027532,0.0,False
74,74000,0.045956607247241925,0.02636363636363637,0.03773400422862194,0.22727272727272727,0.06852813852813852,0.0,0.0,0.0,0.0,0.0,0.030270819144889893,0.017365269461077845,0.024854733324242005,0.1497005988023952,0.04513829483889364,57,0.3413173652694611,59868,11.721954137355189,19.88528126637551,121.88879050073314,11.661447936572866,12.46729857408077,11.664242903889482,11.66830876280639,200.95732408181334,0.0,False
75,75000,0.019365309004277118,0.016190476190476193,0.023875728356515545,0.14285714285714285,0.06264550264550264,0.0,0.0,0.0,0.0,0.0,0.014120537815618728,0.011805555555555557,0.01740938525995925,0.10416666666666667,0.04567901234567901,39,0.2708333333333333,59868,11.741340186435453,17.47380734064448,123.10907527437672,11.664897048952252,12.377886361806048,11.667034674178387,11.678618930059322,199.71265981645263,0.0,False
76,76000,0.022997495167306488,0.016037735849056607,0.021365996139178584,0.1509433962264151,0.05087601078167116,0.010416666666666666,0.003125,0.010490407383176626,0.03125,0.01953125,0.01826118326118326,0.011176470588235295,0.017271656842801377,0.10588235294117647,0.03907563025210084,64,0.3764705882352941,59868,11.751034064436116,25.051116812811053,128.3543965742498,11.658522742593464,12.522684388626553,11.662172305873518,11.666712834760423,212.66663972335095,0.0,False
77,77000,0.04203833203833204,0.02416666666666667,0.037662483008683995,0.19166666666666668,0.07384259259259258,0.02011494252873563,0.005172413793103449,0.008628694975075023,0.05172413793103448,0.006773399014778325,0.03489475568127253,0.017977528089887642,0.028202035222451856,0.14606741573033707,0.05198858569645087,58,0.3258426966292135,59868,11.703266392534829,20.090928638454713,122.73664066890164,11.664533190888783,12.547855696477123,11.66661260734378,11.676510582672023,202.0863477772729,0.0,False
78,78000,0.030731922398589066,0.018803418803418806,0.02588480098952043,0.1452991452991453,0.04973884140550807,0.023809523809523808,0.006349206349206349,0.021487775645287463,0.047619047619047616,0.03333333333333333,0.028309082892416227,0.014444444444444446,0.02434584211903889,0.1111111111111111,0.04399691358024691,63,0.35,59868,11.74828449806986,25.91066043607787,132.9395887497975,11.65973444777757,12.638474323676402,11.664268373678954,11.670362713413207,218.23137354249135,0.0,False
79,79000,0.025841656379755357,0.016417910447761197,0.022175142150052663,0.16417910447761194,0.04616204690831556,0.018518518518518517,0.005555555555555556,0.01807834773778081,0.05555555555555555,0.03333333333333333,0.023282113049614323,0.012621359223300974,0.020743252840909103,0.1262135922330097,0.041678224687933425,36,0.34951456310679613,59868,11.740354890762278,17.320378297457083,123.22679163168787,11.661056886030224,12.189782661917171,11.662535911644012,11.664741829491703,199.46564210899032,0.0,False
80,80000,0.01722807524059375,0.013445378151260505,0.019709535491467804,0.10084033613445378,0.04509803921568628,0.0,0.0,0.0,0.0,0.0,0.011202956030768612,0.008743169398907104,0.012816583188440808,0.06557377049180328,0.02932604735883424,64,0.34972677595628415,59868,11.721142340569147,20.761188981987395,125.39532070134432,11.662260781950678,12.486180327571372,11.661304023000834,11.66705008377733,205.35444724020107,0.0,False
81,81000,0.036207173204353654,0.03214285714285715,0.036564028339018374,0.23809523809523808,0.07046957671957672,0.03741496598639455,0.01020408163265306,0.03132518513799317,0.08163265306122448,0.044217687074829926,0.03665214949247399,0.02406015037593985,0.034633928212324874,0.18045112781954886,0.06079782790309105,49,0.3684210526315789,59868,11.709932649449362,19.518647694838354,123.18109903194582,11.664586696762125,12.332582435683332,11.665973272678709,11.677564182792366,201.75038596415004,0.0,False
82,82000,0.035747693890844257,0.02173913043478261,0.03213121767544142,0.20869565217391303,0.06888543823326433,0.02032520325203252,0.004878048780487805,0.010255960111711619,0.04878048780487805,0.009581881533101045,0.031694346992182196,0.01730769230769231,0.026381951264461155,0.16666666666666666,0.05329924704924705,41,0.26282051282051283,59868,11.750280787852645,20.79568065615697,129.23140303305533,11.658808823384465,12.357678668698663,11.659937587178703,11.668014730830539,209.12180428715735,0.0,False
83,83000,0.03173860992868874,0.017431192660550463,0.031020707049956676,0.1559633027522936,0.06478811708169506,0.026666666666666665,0.008,0.020534537088626324,0.06,0.026222222222222223,0.030143659217361046,0.014465408805031449,0.02772316932626789,0.12578616352201258,0.05266047718877908,50,0.31446540880503143,59868,11.70308481631896,18.82703366087521,124.5350467692606,11.66027172588846,12.4254503899128,11.663575789380015,11.666343020216852,202.48080617185292,0.0,False
84,84000,0.014556136219670054,0.01517857142857143,0.018689144780970217,0.11607142857142858,0.04987599206349207,0.02222222222222222,0.006666666666666667,0.026249943883907858,0.06666666666666667,0.052777777777777785,0.017230352267071973,0.012209302325581395,0.02132663284013451,0.09883720930232558,0.05088824289405685,60,0.3488372093023256,59868,11.71341563613662,20.149930929826837,123.68364555765538,11.659044532267432,12.465231400825283,11.662654225336189,11.676399794411513,203.01032207645926,0.0,False
85,85000,0.03010569729672865,0.019402985074626868,0.027592216198206152,0.16417910447761194,0.05617152333570244,0.03773584905660377,0.009433962264150943,0.02981734943200007,0.07547169811320754,0.04278975741239892,0.03226825367786973,0.016577540106951873,0.0282228689329178,0.13903743315508021,0.0523788303200068,53,0.28342245989304815,59868,11.742554729916865,19.453317914704115,124.46203506897083,11.66459451390836,12.635744511050456,11.666915485344237,11.67897191586137,203.30413413975626,0.0,False
86,86000,0.029140230225974704,0.019999999999999997,0.02773268325810188,0.16363636363636364,0.05728354978354979,0.0326797385620915,0.00784313725490196,0.013187562154793895,0.0784313725490196,0.009368191721132898,0.03026144094114214,0.01614906832298137,0.023125222535935994,0.13664596273291926,0.042105392881790396,51,0.3167701863354037,59868,11.750569537439388,23.097019174026652,129.84870760318276,11.660879287375693,12.391936472580522,11.660784551271314,11.663148249681926,212.07304487555825,0.0,False
87,87000,0.03701349909333103,0.022689075630252103,0.032585663082116974,0.18487394957983194,0.05638922235560891,0.0196078431372549,0.005882352941176471,0.024208614961007412,0.058823529411764705,0.049019607843137254,0.03179180230650819,0.01764705882352941,0.030072548645784108,0.14705882352941177,0.0541783380018674,51,0.3,59868,11.739200960720481,19.383472217165966,124.69801257599181,11.662704518411449,12.566646156404737,11.66364884403609,11.671270771885373,203.3849560446159,0.0,False
88,88000,0.030208934583934585,0.016666666666666666,0.020400108652224844,0.14166666666666666,0.03162698412698413,0.0196078431372549,0.00392156862745098,0.008270066853899301,0.0392156862745098,0.006100217864923747,0.027047205555977484,0.012865497076023392,0.016782376887811964,0.1111111111111111,0.024013738048825766,51,0.2982456140350877,59868,11.718554604533276,19.06634695092099,124.38528885384132,11.66142735102224,12.435020250577134,11.660055179468776,11.674048575383011,202.60074176574673,0.0,False
89,89000,0.025138815119991297,0.01862745098039216,0.02372604528567856,0.18627450980392157,0.05876517273576098,0.016129032258064516,0.0032258064516129032,0.006945550264299469,0.03225806451612903,0.005241935483870968,0.021732677696579952,0.012804878048780489,0.017382199606864514,0.12804878048780488,0.03853077816492451,62,0.3780487804878049,59868,11.746113751473498,20.778804700243015,123.59921218890041,11.660852087008733,12.371411966097256,11.663790080929799,11.67329930394992,203.49348407860265,0.0,False
90,90000,0.0276101429553868,0.02110091743119266,0.031093122759083772,0.1743119266055046,0.07311052861511577,0.017543859649122806,0.005263157894736843,0.01053594927116462,0.05263157894736842,0.013471177944862155,0.024153648085163622,0.015662650602409643,0.024034334272268157,0.13253012048192772,0.05263195639701663,56,0.3373493975903614,59868,11.728641861819684,19.898184314640773,122.19203013627555,11.666763250043482,12.529680012030031,11.669261165751093,11.679906370513915,201.36446711107453,0.0,False
91,91000,0.02965987964563816,0.0208,0.02854092424810365,0.184,0.06582857142857142,0.005555555555555555,0.0016666666666666668,0.003910656050189637,0.016666666666666666,0.005555555555555555,0.021842261021827587,0.014594594594594595,0.020552729156888296,0.12972972972972974,0.04628056628056628,60,0.32432432432432434,59868,11.747168956022236,25.41424361081693,124.13625621327668,11.662101439074979,12.67319157361238,11.665342839237148,11.67393303691533,208.97223766895564,0.0,False
92,92000,0.03222860791826309,0.01839080459770115,0.032282848999696516,0.16091954022988506,0.07001459587666484,0.00909090909090909,0.0018181818181818182,0.005574065388776894,0.01818181818181818,0.006060606060606061,0.023266823161189356,0.011971830985915494,0.02193789760110089,0.1056338028169014,0.04524368432819137,55,0.3873239436619718,59868,11.734322784669876,20.449294149745,122.7687993715157,11.657896574479576,12.457483641720863,11.66295001941986,11.666886207507138,202.397632749058,0.0,False
93,93000,0.02748756068083799,0.01596638655462185,0.025368628582065948,0.13445378151260504,0.05245098039215686,0.011904761904761904,0.0035714285714285718,0.007709533649969875,0.03571428571428571,0.010714285714285714,0.022501065072493647,0.012000000000000004,0.019717718203795205,0.10285714285714286,0.03909523809523809,55,0.3142857142857143,59868,11.720184812914757,19.5905321452583,122.33157737743042,11.660506220603772,12.485666616338097,11.66361729161569,11.66767620458184,201.11976066874288,0.0,False
94,94000,0.03685168961871748,0.01965811965811966,0.03634783250555348,0.18803418803418803,0.08451702618369285,0.011904761904761904,0.0035714285714285718,0.008080502731668762,0.03571428571428571,0.011479591836734693,0.028776383537899488,0.014450867052023121,0.027197714197243976,0.13872832369942195,0.06087485090375263,56,0.3236994219653179,59868,11.720715968974865,20.364417042513516,121.99815370271538,11.659741586882848,12.436843285348886,11.660607729203909,11.667768149693087,201.50824746533252,0.0,False
95,95000,0.01687695297210254,0.013402061855670104,0.016994357541032786,0.12371134020618557,0.04232531500572737,0.011363636363636364,0.002272727272727273,0.004396054627665246,0.022727272727272728,0.002840909090909091,0.015156485377971252,0.009929078014184398,0.013062972234733695,0.09219858156028368,0.030003940110323087,44,0.3120567375886525,59868,11.700466919412762,17.693445289661963,122.94278569599179,11.658686973645832,12.301713745707655,11.655612650724596,11.664926054786445,199.61763732993103,0.0,False
96,96000,0.035264622138160395,0.021621621621621626,0.03779295948569997,0.18018018018018017,0.0972972972972973,0.012578616352201257,0.0037735849056603774,0.005586451150299344,0.03773584905660377,0.0047169811320754715,0.027933169048795548,0.01585365853658537,0.027384758621210745,0.13414634146341464,0.06737804878048781,53,0.3231707317073171,59868,11.71913536380728,19.08610139477948,122.57907718374317,11.663882765911016,12.38943495380368,11.661098250292934,11.666039917507254,200.7647698298448,0.0,False
97,97000,0.02450193173931801,0.02136752136752137,0.028376501049343812,0.1623931623931624,0.06465540632207299,0.023255813953488372,0.006976744186046512,0.02325581395348837,0.06976744186046512,0.04263565891472868,0.024167037584376293,0.017499999999999998,0.027000316392332663,0.1375,0.0587375992063492,43,0.26875,59868,11.68765295880489,17.887631858778256,123.0701396194335,11.663966252552227,12.444954777018207,11.664611638310951,11.675844469448416,200.09480157434646,0.0,False
98,98000,0.026259205354032936,0.019827586206896553,0.023642607925138705,0.1724137931034483,0.05205596606458675,0.031249999999999997,0.0078125,0.014928214233678475,0.0625,0.010999503968253967,0.028033710117043448,0.015555555555555557,0.020544156834841735,0.13333333333333333,0.03745811287477954,64,0.35555555555555557,59868,11.734913923439755,21.008489219646876,122.58070885055872,11.667228829576743,12.56574584411474,11.672095845599584,11.68156241923915,202.91074493217556,0.0,False
99,99000,0.04570561763578389,0.02213114754098361,0.03808871361937591,0.18032786885245902,0.06701795472287277,0.023474178403755867,0.007042253521126761,0.012651300328504193,0.07042253521126761,0.0143919069975408,0.03752721252970104,0.016580310880829015,0.028730908729987868,0.13989637305699482,0.047658113331688456,70,0.3626943005181347,59868,11.75210594004869,26.71965899528686,132.91682487822504,11.658284652694972,12.577352223409887,11.656324543338897,11.680895300788391,218.96144653379275,0.0,False
100,100000,0.05093364920231837,0.027927927927927927,0.04673059907650146,0.22522522522522523,0.09657872157872158,0.010416666666666666,0.003125,0.004326858535816825,0.015625,0.001736111111111111,0.03611600987499432,0.018857142857142857,0.03122294539305108,0.14857142857142858,0.061893424036281175,64,0.3657142857142857,59868,11.714502475886762,25.99238259800088,130.30306102743486,11.664491791147508,12.500626445255403,11.660918696362183,11.667552383801821,215.5035354178894,0.0,False
101,101000,0.026867302793228718,0.015740740740740743,0.0204487572589156,0.12962962962962962,0.03748530276308054,0.02419354838709677,0.0064516129032258064,0.010812515680572518,0.06451612903225806,0.009453405017921145,0.025892168833345303,0.012352941176470589,0.016934363271519887,0.10588235294117647,0.02726190476190476,62,0.36470588235294116,59868,11.701053579983578,20.173083384561473,122.21170671375403,11.663969433813037,12.59474618489978,11.666558092295054,11.682455777688865,201.6935731669958,0.0,False
102,102000,0.025846877989735135,0.02,0.023121828990969713,0.17142857142857143,0.0417687074829932,0.017241379310344827,0.005172413793103449,0.01830073358542219,0.05172413793103448,0.034482758620689655,0.022784798705044105,0.0147239263803681,0.02140634719022274,0.12883435582822086,0.03917616126205083,58,0.3558282208588957,59868,11.75423585062646,24.373091234229648,131.08858403032207,11.666326869507609,12.499283288145563,11.663703623199934,11.681067908768384,214.72629280479964,0.0,False
103,103000,0.032052317248740116,0.021782178217821784,0.027726162510881745,0.1782178217821782,0.052789564670752784,0.03472222222222222,0.008333333333333333,0.01582794675195422,0.08333333333333333,0.013624338624338624,0.03291242086435851,0.017449664429530203,0.023893180252972206,0.1476510067114094,0.040172579098753596,48,0.3221476510067114,59868,11.740472049420053,18.750655871833942,127.33099141689144,11.664099975838143,12.398147517644203,11.66334360866439,11.683703379467698,205.23141381975984,0.0,False
104,104000,0.0405576814058957,0.024107142857142858,0.034240016238222336,0.19642857142857142,0.06272321428571428,0.015873015873015872,0.004761904761904762,0.009085693380069421,0.031746031746031744,0.009259259259259259,0.031671201814058955,0.017142857142857144,0.025184460009287285,0.13714285714285715,0.043476190476190474,62,0.35428571428571426,59868,11.744475446055086,20.586840721589088,129.06730810472584,11.659655732292052,12.466056352338633,11.664249889260098,11.672869617066622,208.8614558633274,0.0,False
105,105000,0.01586453425252307,0.017475728155339806,0.020868714043802326,0.13592233009708737,0.050323624595469255,0.03954802259887005,0.01016949152542373,0.024997358312305786,0.1016949152542373,0.03248587570621469,0.02449000223051364,0.014814814814814817,0.022372356092207907,0.12345679012345678,0.04382716049382716,59,0.36419753086419754,59868,11.726854944899696,19.73352320413027,124.24089768416773,11.664118282867648,12.409325648717745,11.661564835056815,11.669653970522443,203.10593857036238,0.0,False
106,106000,0.02566670933606418,0.014516129032258067,0.02629092455656478,0.13709677419354838,0.06348566308243728,0.0,0.0,0.0,0.0,0.0,0.017019636137283196,0.009625668449197862,0.01743355425141194,0.09090909090909091,0.04209744503862151,62,0.3315508021390374,59868,11.700365588208916,20.833397291912526,123.1472728239029,11.662199794006817,12.512387905741495,11.662938508544274,11.675510247954184,203.1940721602711,0.0,False
107,107000,0.021663722307104658,0.013235294117647059,0.02361228577003281,0.11764705882352941,0.05540966386554621,0.027777777777777776,0.007407407407407408,0.014115877408129697,0.07407407407407407,0.013888888888888888,0.023401401230348597,0.011578947368421053,0.02091330655138666,0.10526315789473684,0.04360902255639097,54,0.28421052631578947,59868,11.745474058084959,19.506873587059324,123.26263348160296,11.66234713718614,12.610043605795763,11.663360547791573,11.672623367063595,202.12335578458433,0.0,False
108,108000,0.02200002679549191,0.018032786885245903,0.02653063975791137,0.1557377049180328,0.0647183190215977,0.028301886792452827,0.007547169811320755,0.024494940787235967,0.07547169811320754,0.042976939203354304,0.02390859010885722,0.014857142857142857,0.025914113783935388,0.13142857142857142,0.058133786848072556,53,0.3028571428571429,59868,11.747800997830016,19.589655298211937,121.41919555624936,11.658467537683375,12.547773256533363,11.66069701735023,11.663699846686109,200.2872895105444,0.0,False
109,109000,0.029310122697582562,0.02307692307692308,0.026182405080174977,0.18269230769230768,0.04225427350427351,0.010869565217391304,0.002173913043478261,0.003853027973566255,0.021739130434782608,0.002173913043478261,0.023655018403657243,0.016666666666666666,0.019334729434148303,0.13333333333333333,0.029962962962962962,46,0.30666666666666664,59868,11.691399856024464,17.905265133795478,122.81193197678786,11.667884992988542,12.475567783935826,11.663139034345098,11.680107274755075,199.89529605263235,0.0,False
110,110000,0.03669175236228663,0.022935779816513763,0.03647183368234325,0.21100917431192662,0.08978083588175331,0.022988505747126436,0.006896551724137932,0.012644395198595369,0.06896551724137931,0.014367816091954021,0.03193254096300944,0.017365269461077845,0.028196435885592484,0.16167664670658682,0.0635894876912841,58,0.3473053892215569,59868,11.742640651526969,20.495203644249614,122.68982512674692,11.665486524165686,12.441232513215466,11.661138625090189,11.666111221879383,202.36163830687423,0.0,False
111,111000,0.023416329224793916,0.019387755102040816,0.02610786801934738,0.16326530612244897,0.054859086491739546,0.023809523809523808,0.006122448979591837,0.02007689946544461,0.061224489795918366,0.03401360544217687,0.02354739408637055,0.014965986394557824,0.02409754516804646,0.1292517006802721,0.04791059280855199,49,0.3333333333333333,59868,11.689911144713989,18.589712168209232,121.6689164803518,11.657913036613316,12.42470652349295,11.663631999520724,11.664624733901535,199.35941608680355,0.0,False
112,112000,0.03572992542089597,0.02018348623853211,0.033470069063366664,0.1834862385321101,0.07062763943497888,0.0065359477124183,0.00196078431372549,0.00396288914706956,0.0196078431372549,0.004901960784313725,0.026424345026318706,0.014375000000000002,0.024064655465046964,0.13125,0.04967757936507936,51,0.31875,59868,11.688884331038235,18.95076246502883,122.51661805310482,11.660336947629663,12.471129228756178,11.663739772089372,11.675207949431165,200.62667874707827,0.0,False
113,113000,0.02826073567855899,0.018691588785046728,0.025872931551349423,0.16822429906542055,0.06108144192256342,0.05384615384615385,0.013846153846153847,0.041862801873619473,0.1076923076923077,0.05860805860805861,0.03792964370701053,0.01686046511627907,0.031915615103370085,0.14534883720930233,0.06014673311184939,64,0.37209302325581395,59868,11.740244346910428,20.58987623171013,122.71129461526725,11.664576037368619,12.586327625341982,11.666881287789726,11.686922203334865,202.646122347723,0.0,False
114,114000,0.04161993923278539,0.024761904761904763,0.03290756048925266,0.22857142857142856,0.0537792894935752,0.024242424242424242,0.007272727272727273,0.013682732623178711,0.07272727272727272,0.016414141414141416,0.03564641845484874,0.01875,0.026299025910289743,0.175,0.04093501984126984,54,0.3375,59868,11.749202573373141,23.87273559335823,129.12883875683053,11.663660686046102,12.367441477954127,11.661390177192255,11.67091130135911,212.11418056611348,0.0,False
115,115000,0.03208851452712104,0.021359223300970877,0.03313322529702366,0.18446601941747573,0.07948451225150253,0.029239766081871343,0.008771929824561403,0.015176825836810091,0.07017543859649122,0.014981899192425506,0.03107364789350083,0.016875,0.026736257989322575,0.14375,0.056505456349206354,57,0.35625,59868,11.70334308572829,20.009510052352436,123.27058676253958,11.66263559111702,12.439622500113462,11.662274236275138,11.673225638272195,202.42119786639813,0.0,False
116,116000,0.022783030348893334,0.018446601941747576,0.02167958398483625,0.1650485436893204,0.042649098474341195,0.006172839506172839,0.001851851851851852,0.008690346778199194,0.018518518518518517,0.018518518518518517,0.017069971078148706,0.012738853503184714,0.017211948257712675,0.11464968152866242,0.0343494085532302,54,0.34394904458598724,59868,11.723086519976889,19.645551301218646,123.09189958846848,11.661743509899097,12.561022079339567,11.662669043621676,11.678546387873523,202.02451843039793,0.0,False
117,117000,0.03207721685165295,0.019047619047619053,0.032497239531732086,0.14285714285714285,0.07503779289493574,0.0,0.0,0.0,0.0,0.0,0.02291229775118067,0.013605442176870748,0.023212313951237205,0.10204081632653061,0.05359842349638268,42,0.2857142857142857,59868,11.73685128304583,17.873617093669413,123.15610567632113,11.661523640304344,12.443995218540394,11.663982797466971,11.677313426983888,200.21338913633198,0.0,False
118,118000,0.03691787450096266,0.022222222222222223,0.033812912211487876,0.18253968253968253,0.0608339632149156,0.033950617283950615,0.009259259259259259,0.01871280898920118,0.09259259259259259,0.020282186948853614,0.03602769733585904,0.018333333333333333,0.029282881244801866,0.15555555555555556,0.048668430335097,54,0.3,59868,11.72405648095301,19.716823594410904,122.25447375533577,11.66257252964084,12.452067300570969,11.660922551722658,11.665619017525719,201.13653523015986,0.0,False
119,119000,0.03411943300015413,0.02909090909090909,0.034984631852388794,0.2727272727272727,0.08138528138528138,0.026666666666666665,0.008,0.011907728594696578,0.08,0.010158730158730159,0.0317904435209393,0.0225,0.027773099584359973,0.2125,0.05912698412698412,25,0.3125,59868,11.69668444097119,15.004210682501713,122.9672199102097,11.66097575799191,12.091881911369118,11.662350992543146,11.67797750215721,196.761301197744,0.0,False
120,120000,0.0250377461878604,0.016363636363636365,0.02500018825936971,0.15454545454545454,0.05525252525252526,0.014619883040935672,0.0035087719298245615,0.007016653146588015,0.03508771929824561,0.006432748538011696,0.021481948586814237,0.01197604790419162,0.018862095436444223,0.11377245508982035,0.0385894876912841,57,0.3413173652694611,59868,11.742052654594575,20.283760106400845,123.06136517771168,11.663448941084258,12.55998066417019,11.661113009445167,11.67001235697837,202.64173291038506,0.0,False
121,121000,0.03420592317289112,0.018548387096774192,0.0331646257733857,0.1774193548387097,0.07737135176651305,0.0044444444444444444,0.0013333333333333335,0.006257049680303419,0.013333333333333334,0.013333333333333334,0.022989285461164983,0.012060301507537688,0.02302357950714866,0.11557788944723618,0.053236420196219186,75,0.3768844221105528,59868,11.72339733339356,23.04519539329114,122.14479151160737,11.658687415160712,12.580100622657659,11.660998444670835,11.668340129944443,204.4815108507257,0.0,False
122,122000,0.03520573099576281,0.02,0.03632629497698954,0.17272727272727273,0.07643939393939393,0.03954802259887005,0.01016949152542373,0.02456580019721442,0.1016949152542373,0.03380414312617702,0.036721678951877175,0.016568047337278107,0.03222056011304438,0.14792899408284024,0.061554898093359636,58,0.3431952662721893,59868,11.70150490495403,19.750346791091307,123.7601081088939,11.660148504302747,12.518740361226744,11.664448881589657,11.670933329713945,202.72623088177232,0.0,False
123,123000,0.04310182127730433,0.027272727272727275,0.04629169316985131,0.2077922077922078,0.09891774891774892,0.013888888888888888,0.002777777777777778,0.0107459113120706,0.027777777777777776,0.013888888888888888,0.033795046357101184,0.01946902654867257,0.03496737328595657,0.1504424778761062,0.07182890855457227,36,0.3185840707964602,59868,11.716534169502191,16.909020614536836,122.624449595099,11.658435267805633,12.255894187331029,11.662787018289904,11.677985063063973,198.50510591562855,0.0,False
124,124000,0.05630022312203163,0.03173076923076923,0.05014651044391398,0.2403846153846154,0.09728708791208793,0.04398148148148148,0.011111111111111112,0.031554290163328676,0.1111111111111111,0.04507826278659612,0.05126073790544294,0.02329545454545455,0.042540602147310896,0.1875,0.07592893217893218,72,0.4090909090909091,59868,11.742720001688827,22.087951627898505,122.91053563615733,11.658370377198857,12.457044502506287,11.661608883873493,11.668297405668937,204.18652843499223,0.0,False
125,125000,0.02802413013863892,0.018867924528301886,0.02882172486806324,0.16037735849056603,0.06492961964660078,0.03846153846153846,0.011538461538461537,0.028047321900569796,0.07692307692307693,0.0391025641025641,0.03145922654870712,0.016455696202531643,0.028566858068635022,0.13291139240506328,0.056429576049829205,52,0.3291139240506329,59868,11.717216909359895,18.916100012457417,122.36049934226043,11.662215258792518,12.422910818220972,11.663631534354623,11.672012584895697,200.41458646034155,0.0,False
126,126000,0.0330881626922525,0.022123893805309734,0.033469100881315154,0.18584070796460178,0.07481387835370136,0.03009259259259259,0.006944444444444444,0.013325248873017306,0.06944444444444445,0.01084104938271605,0.03192231919400648,0.016216216216216217,0.025629331451058692,0.14054054054054055,0.04991634491634491,72,0.3891891891891892,59868,11.719270179049584,21.47385895340942,123.548343721476,11.663480320053127,12.597195810145484,11.666521576796097,11.67815098527744,204.3468215462072,0.0,False
127,127000,0.01741551459293395,0.008870967741935484,0.017550095861785023,0.08064516129032258,0.03898809523809523,0.00641025641025641,0.0019230769230769232,0.0034911883180260127,0.019230769230769232,0.0038461538461538464,0.014163961038961038,0.00681818181818182,0.013396327723856223,0.0625,0.02860524891774892,52,0.29545454545454547,59868,11.725417969465218,19.550478369132623,122.40478799585563,11.664336283915416,12.552130749868272,11.663569139088587,11.671587380159693,201.23230788748543,0.0,False
128,128000,0.03271472018820139,0.0175,0.03316072742336456,0.15,0.07041666666666666,0.021126760563380278,0.005633802816901409,0.015834813145395723,0.056338028169014086,0.02147887323943662,0.02840715404494328,0.013089005235602094,0.02672020431480023,0.11518324607329843,0.05222513089005237,71,0.3717277486910995,59868,11.738243267500614,21.58506957184586,121.43786139771213,11.658315511309247,12.605688709463326,11.663837090249846,11.670677807922718,202.3596933560037,0.0,False
129,129000,0.023630477073805625,0.015447154471544716,0.027214582433653225,0.14634146341463414,0.07032520325203252,0.022727272727272728,0.00681818181818182,0.0135846124565019,0.06818181818181818,0.016666666666666666,0.02339250706633588,0.01317365269461078,0.023623452619313954,0.12574850299401197,0.056187624750499,44,0.2634730538922156,59868,11.717903498815325,17.874391209326408,123.07078242815642,11.665427720138066,12.471988228030668,11.664030926339386,11.680094423569681,200.14461843437596,0.0,False
130,130000,0.028750625272364404,0.019090909090909092,0.02727763233428473,0.15454545454545454,0.057132034632034624,0.0070921985815602835,0.002127659574468085,0.00998465374516503,0.02127659574468085,0.02127659574468085,0.022266892441359345,0.014012738853503185,0.022100753393592847,0.11464968152866242,0.04639824082499242,47,0.29936305732484075,59868,11.744164691771669,18.767671204324156,121.2771911800678,11.661654840660479,12.44241781828137,11.66427687674873,11.671418067755319,199.2287946796095,0.0,False
131,131000,0.04242993636896075,0.021111111111111112,0.04037405448501256,0.18888888888888888,0.07667989417989418,0.041666666666666664,0.009090909090909092,0.036954874580362625,0.06818181818181818,0.04772727272727273,0.04217931049656568,0.017164179104477612,0.03925133869542601,0.14925373134328357,0.0671730632551528,44,0.3283582089552239,59868,11.717835162832618,17.65218920134898,121.68914510126902,11.659003313863742,12.334100003032894,11.663382146451934,11.681559214330589,198.39721414312976,0.0,False
132,132000,0.044581802992329306,0.0232,0.039391316014750814,0.216,0.07654285714285715,0.03125,0.006250000000000001,0.022120646085783697,0.0625,0.028356481481481483,0.04088280563029574,0.018497109826589597,0.03459945383792757,0.17341040462427745,0.0631732269015506,48,0.2774566473988439,59868,11.723794178790381,19.046504538676455,122.55339142071622,11.65944137372643,12.458497407913383,11.660312084917079,11.669981837381105,200.77192284212103,0.0,False
133,133000,0.0421441961797639,0.020155038759689922,0.033862180721130744,0.18604651162790697,0.059763750461424875,0.017676767676767676,0.004545454545454546,0.007491409890209821,0.045454545454545456,0.006060606060606061,0.0338629126864421,0.014871794871794873,0.024936689055280584,0.13846153846153847,0.04158730158730158,66,0.3384615384615385,59868,11.698622447077478,21.245696384709913,121.75501675764158,11.664620669617904,12.646854034032568,11.667167778558335,11.681684221675342,202.35966229331314,0.0,False
134,134000,0.03252208927211393,0.02043010752688172,0.02863654064382928,0.1827956989247312,0.060556408943505724,0.005847953216374269,0.0017543859649122807,0.0031849437287254853,0.017543859649122806,0.0035087719298245615,0.022385917570932858,0.013333333333333334,0.018964933816089838,0.12,0.03887830687830687,57,0.38,59868,11.747201162828901,24.06131151913224,127.31014308784566,11.660654982936085,12.408634755333575,11.664938200338371,11.67684934544333,210.52973305385814,0.0,False
135,135000,0.0428889460922709,0.026956521739130435,0.04092417929122161,0.20869565217391303,0.08743616287094548,0.013513513513513514,0.004054054054054054,0.01034271131065705,0.04054054054054054,0.016891891891891893,0.03138745397148758,0.017989417989417993,0.028950482833222792,0.14285714285714285,0.0598156546569245,74,0.3915343915343915,59868,11.742746811784638,21.666139580843456,122.45951387337279,11.661018340349688,12.63079920522589,11.665485759402433,11.67280315357566,203.49850672455457,0.0,False
136,136000,0.054841997923398396,0.031313131313131314,0.04621237483936795,0.2727272727272727,0.08860429693763028,0.014492753623188404,0.004347826086956522,0.015302567152915971,0.043478260869565216,0.02898550724637681,0.04204154800746971,0.022758620689655173,0.03640650481470042,0.2,0.06969074986316366,46,0.31724137931034485,59868,11.72005475576221,18.03730057206576,122.27708092171774,11.662451846757016,12.39332570152421,11.662809712851413,11.677505445777115,199.43052895645548,0.0,False
137,137000,0.022745764972655725,0.015126050420168069,0.024337243683776984,0.14285714285714285,0.05761971455248766,0.01818181818181818,0.0036363636363636364,0.008028729279232406,0.03636363636363636,0.006233766233766234,0.02130313811348294,0.011494252873563218,0.019182253498432437,0.10919540229885058,0.0413770297390987,55,0.3160919540229885,59868,11.738391127093239,19.807552897023463,121.82538340453283,11.661416541835361,12.498511258330486,11.664187990697434,11.672814199285147,200.86825741879795,0.0,False
138,138000,0.03781041792852817,0.018897637795275594,0.03173591285953924,0.18110236220472442,0.061151731033620794,0.0101010101010101,0.0030303030303030303,0.010172516250353092,0.030303030303030304,0.01893939393939394,0.02833466188388468,0.013471502590673576,0.024361901583859005,0.12953367875647667,0.04671642404803026,66,0.34196891191709844,59868,11.720056801702016,21.411963128343398,121.88351686038753,11.660553691148628,12.556917170100657,11.660985881258718,11.671187010536821,202.56518054347777,0.0,False
139,139000,0.03357736133050778,0.019230769230769232,0.03321424850232229,0.16346153846153846,0.06609050671550672,0.0220125786163522,0.0056603773584905665,0.02173987630609742,0.05660377358490566,0.03773584905660377,0.029673326401525327,0.014649681528662419,0.02934073432143109,0.12738853503184713,0.05651855221918916,53,0.3375796178343949,59868,11.702875759848908,18.598067178757226,122.3163146291846,11.658567363011935,12.490966007808884,11.663983861830845,11.671486648150154,200.10226144859257,0.0,False
140,140000,0.03429197243241413,0.01982758620689655,0.03391790191561183,0.16379310344827586,0.07300903119868636,0.006944444444444444,0.0020833333333333333,0.004888320062737046,0.020833333333333332,0.006944444444444444,0.026287817899349832,0.014634146341463417,0.02542143893428263,0.12195121951219512,0.053673054587688736,48,0.2926829268292683,59868,11.717642296498603,18.19588499224131,122.51201363687112,11.662143619348143,12.470657392189832,11.663573179720998,11.680772343328204,199.9026874601982,0.0,False
141,141000,0.04492015019612422,0.023636363636363636,0.039458273429731974,0.20909090909090908,0.0747907647907648,0.011904761904761904,0.002857142857142857,0.005776545253364264,0.02857142857142857,0.005238095238095239,0.032080832527261106,0.015555555555555555,0.026359823583366755,0.1388888888888889,0.047742504409171084,69,0.38333333333333336,59868,11.709905744741732,22.109660402870603,122.22628051640136,11.661688226149296,12.557189567934113,11.664364544698019,11.676209995013092,203.60529899780823,0.0,False
142,142000,0.026334051807962302,0.01680672268907563,0.02277265883045412,0.15126050420168066,0.04538815526210483,0.019774011299435026,0.005084745762711865,0.012919616610830572,0.05084745762711865,0.01694915254237288,0.024159656358506632,0.012921348314606743,0.019506762813837324,0.11797752808988764,0.035961744248261096,59,0.33146067415730335,59868,11.74382149415551,20.06390182626369,121.68173582204415,11.660278368297305,12.542899013794766,11.662918005778122,11.673000888379887,201.0285554187134,0.0,False
143,143000,0.016573887964442688,0.01565217391304348,0.018399390087903363,0.13043478260869565,0.04423740510697032,0.022598870056497175,0.006779661016949153,0.011196069242884356,0.06779661016949153,0.011205273069679849,0.018616841662323233,0.012643678160919542,0.015956884743902666,0.10919540229885058,0.033036854588578725,59,0.3390804597701149,59868,11.80788026724361,20.27412852776897,124.25514694051898,11.661175720073524,12.472044784120339,11.659820558604373,11.669530536065341,203.7997273343951,0.0,False
144,144000,0.012295199876974005,0.013043478260869565,0.01536318388172335,0.10434782608695652,0.03458937198067633,0.020440251572327043,0.0056603773584905665,0.015371641292691024,0.05660377358490566,0.022641509433962263,0.01486476975705562,0.010714285714285716,0.015365851993516725,0.08928571428571429,0.030820105820105817,53,0.31547619047619047,59868,11.68751218313599,19.137455074536014,122.13632269918173,11.667584909919038,12.521707091428524,11.66593344976638,11.70069810672511,200.5172135146928,0.0,False
145,145000,0.03803701854264007,0.025742574257425745,0.034078013254788236,0.21782178217821782,0.06626198334119125,0.006289308176100628,0.0018867924528301887,0.002559471196838637,0.018867924528301886,0.0018867924528301887,0.027110858481428447,0.017532467532467535,0.023230722806273117,0.14935064935064934,0.04410688517831375,53,0.34415584415584416,59868,11.764586298066565,23.81524060675669,123.04848289932183,11.665064492804438,12.535812144571363,11.66436917540356,11.676706169042038,206.1702617859665,0.0,False
146,146000,0.03544874144672532,0.019354838709677424,0.02815977506093383,0.1774193548387097,0.05075844854070661,0.015625,0.004687500000000001,0.012257502132373302,0.046875,0.020182291666666668,0.02870023372018053,0.014361702127659576,0.022746235340572803,0.13297872340425532,0.04034954407294833,64,0.3404255319148936,59868,11.735551054475184,21.429062836513662,122.54803137633219,11.659386570907898,12.501310455541315,11.661636679493464,11.665335108816677,203.20031408208035,0.0,False
147,147000,0.03932632559224624,0.022689075630252103,0.03721801095906598,0.20168067226890757,0.07481325863678805,0.016129032258064516,0.004838709677419356,0.007635666022023277,0.04838709677419355,0.007258064516129032,0.0313802914114768,0.016574585635359115,0.02708483203035522,0.14917127071823205,0.05167280540208717,62,0.3425414364640884,59868,11.68451693836503,20.397438864051125,123.61214897994161,11.659905096543522,12.579813276444863,11.659554156676077,11.675168118643192,203.26854543066543,0.0,False
148,148000,0.03667410833441368,0.01984732824427481,0.02819502693785083,0.16030534351145037,0.05056040227795953,0.019125683060109287,0.006557377049180328,0.01622503757196262,0.04918032786885246,0.025956284153005462,0.031098827387889886,0.015625,0.024392061566396766,0.125,0.04274346891534392,61,0.3177083333333333,59868,11.701229684590169,20.260908606208744,122.66827740187169,11.664770090277777,12.677772753173084,11.666286691809635,11.69430763783147,202.33355286576256,0.0,False
149,149000,0.0404095518678852,0.025925925925925925,0.03718628615005678,0.19444444444444445,0.07330981775426221,0.028985507246376812,0.008695652173913045,0.01701630908052593,0.08695652173913043,0.02080745341614907,0.03595611074424634,0.0192090395480226,0.029323413733121022,0.15254237288135594,0.05284279436821811,69,0.3898305084745763,59868,11.757270803981063,26.911169217561092,133.0614194475846,11.664614263735135,12.593395690832509,11.670397616601186,11.692988897252926,219.3512559375485,0.0,False
150,150000,0.04490239139720901,0.02347826086956522,0.035825694817824896,0.2,0.0628088336783989,0.00505050505050505,0.0015151515151515152,0.0025327341661545797,0.015151515151515152,0.002525252525252525,0.030370764331560045,0.015469613259668507,0.02368572021555837,0.13259668508287292,0.0408269753573621,66,0.36464088397790057,59868,11.755279922729539,26.137011687080854,131.87485956331346,11.66329595678195,12.565892051979999,11.66519064335278,11.679046377839619,217.34057620307823,0.0,False
151,151000,0.028255458360002848,0.01834862385321101,0.025300886305874123,0.1559633027522936,0.04410950924712393,0.014084507042253521,0.004225352112676057,0.008930280922687371,0.04225352112676056,0.01187122736418511,0.022665805340223943,0.012777777777777777,0.018843591960283793,0.1111111111111111,0.031393298059964735,71,0.39444444444444443,59868,11.743816594148026,21.780840289638974,122.70416739519618,11.664107217444764,12.651229858870462,11.668420008343478,11.695786584609014,203.90836794825088,0.0,False
152,152000,0.030541415096552938,0.023015873015873014,0.031360776753706014,0.15873015873015872,0.06416603678508441,0.029999999999999995,0.008,0.024488610283609172,0.08,0.035833333333333335,0.03038760398957767,0.01875,0.02940845673379214,0.13636363636363635,0.056116973304473294,50,0.2840909090909091,59868,11.749756916753368,22.380652667804146,129.296535596634,11.663433397451906,12.663076925586992,11.665728039730178,11.695061517554006,211.1142450615146,0.0,False
153,153000,0.033817809794372294,0.01796875,0.0278716283458763,0.1484375,0.05303509424603174,0.041666666666666664,0.010294117647058825,0.032291594983354495,0.10294117647058823,0.04499299719887955,0.036540882586800945,0.015306122448979591,0.02940508615887894,0.1326530612244898,0.05024497894395854,68,0.3469387755102041,59868,11.74099463933931,27.21152441806374,134.27677770134343,11.666173814248172,12.660527033497848,11.664253484436337,11.692359808052055,220.91261089898092,0.0,False
154,154000,0.01547344779718166,0.01320754716981132,0.02129367965254511,0.11320754716981132,0.05719152440850554,0.011695906432748537,0.0035087719298245615,0.006730686649787723,0.03508771929824561,0.007894736842105263,0.014152467074649832,0.0098159509202454,0.016201099277347742,0.08588957055214724,0.03995277047424287,57,0.3496932515337423,59868,11.746053090726239,22.28269352365364,127.77694617444047,11.65971098845281,12.408853331931368,11.660959527814985,11.674599516744987,209.2098161537645,0.0,False
155,155000,0.032945004113228406,0.020560747663551402,0.03595973252998568,0.16822429906542055,0.08551401869158877,0.03900709219858156,0.010638297872340425,0.018248499183447748,0.0851063829787234,0.015130023640661936,0.03479512190551151,0.017532467532467535,0.030554356119029295,0.14285714285714285,0.06403318903318903,47,0.3051948051948052,59868,11.690080192992836,20.313593239798532,126.34404996787751,11.659741598710195,12.378089560449723,11.660110605139772,11.684747230823744,205.7304123957923,0.0,False
156,156000,0.038442085606172294,0.021052631578947368,0.04011948304206878,0.2,0.09242690058479532,0.02546296296296296,0.008333333333333335,0.0172305095625156,0.08333333333333333,0.024074074074074074,0.034875303811091864,0.017557251908396947,0.033829383459901496,0.16793893129770993,0.07364291772688719,36,0.2748091603053435,59868,11.692986614783575,18.76971708156955,126.3906158982253,11.661486218124406,12.337652981385395,11.663538997931655,11.68310620536933,204.19910399738922,0.0,False
157,157000,0.02949621880177436,0.020370370370370372,0.031209478400195664,0.16666666666666666,0.07486772486772486,0.046783625730994156,0.014035087719298246,0.02572674850335043,0.08771929824561403,0.020711500974658868,0.03546823210459574,0.01818181818181818,0.029315444435830947,0.1393939393939394,0.056159211159211166,57,0.34545454545454546,59868,11.744435832072853,21.829602303569118,127.82271455301364,11.663620504413775,12.62211680215508,11.666490655107275,11.691187764152621,209.0401684144844,0.0,False
158,158000,0.0356604408150903,0.022222222222222223,0.032985331747741285,0.1919191919191919,0.06963684463684464,0.005847953216374269,0.0017543859649122807,0.0029326395608105663,0.017543859649122806,0.0029239766081871343,0.024767416500174833,0.014743589743589745,0.02200454037174737,0.1282051282051282,0.04526098901098901,57,0.36538461538461536,59868,11.749551774777045,22.76531259497172,131.90842920329794,11.660224846651857,12.447274785949702,11.665687649160816,11.689737279212132,213.8862181340212,0.0,False
159,159000,0.02969688835721325,0.018446601941747576,0.0296461420698461,0.1650485436893204,0.06485591000154108,0.040123456790123455,0.011111111111111113,0.03070587093018789,0.09259259259259259,0.04614197530864198,0.03328309660802313,0.01592356687898089,0.03001063479888085,0.14012738853503184,0.05841927004347387,54,0.34394904458598724,59868,11.715016369574782,21.92542106065759,131.1598183775589,11.657418833625755,12.446013379657783,11.65962119177577,11.688514074972844,212.2518232878234,0.0,False
160,160000,0.02573065886170355,0.018584070796460177,0.024715709488909082,0.168141592920354,0.056500210703750525,0.03968253968253968,0.009523809523809525,0.020628132775297004,0.09523809523809523,0.02037037037037037,0.030724798019161937,0.015340909090909093,0.023252542824377487,0.14204545454545456,0.04356737012987013,63,0.35795454545454547,59868,11.746520625528778,22.792737572926992,127.43549198983989,11.658541262490886,12.531802227683242,11.664415342366174,11.685057456869984,209.51456647770596,0.0,False
161,161000,0.026212257420142215,0.01900826446280992,0.027906795806481487,0.17355371900826447,0.06704381477108749,0.019125683060109287,0.004918032786885246,0.009458049595513069,0.04918032786885246,0.009172521467603435,0.023837086892878428,0.014285714285714284,0.02172342482368438,0.13186813186813187,0.047647392290249425,61,0.33516483516483514,59868,11.719655797409745,22.95029255384301,127.45578412051012,11.66455561738694,12.645549110415487,11.664635775676668,11.697316593159425,209.7977895684014,0.0,False
162,162000,0.024822389864105256,0.022340425531914895,0.026786646158441424,0.18085106382978725,0.06005572441742655,0.03525641025641025,0.009615384615384616,0.03614756257401815,0.07692307692307693,0.06153846153846154,0.028538616305200194,0.01780821917808219,0.030120671183167382,0.14383561643835616,0.06058382257012394,52,0.3561643835616438,59868,11.738810466010996,21.07833840299389,125.8573280245867,11.65812045711423,12.340313988890017,11.660268796925832,11.678512994502121,206.01169313102378,0.0,False
163,163000,0.032236869377772245,0.020930232558139535,0.03454518004527903,0.17054263565891473,0.08226590377753168,0.020833333333333332,0.004687500000000001,0.009882002565892736,0.046875,0.00939360119047619,0.028455385922621524,0.015544041450777202,0.02636671704693332,0.12953367875647667,0.05810099514762726,64,0.3316062176165803,59868,11.718556406060953,23.03453502990743,132.10877277724381,11.66134029015331,12.68332058659144,11.663874930296913,11.683973553965055,214.55437357421889,0.0,False
164,164000,0.023798067046557125,0.01475409836065574,0.020330178903510958,0.13934426229508196,0.05072534478272183,0.019125683060109287,0.004918032786885246,0.01261993380843929,0.04918032786885246,0.01639344262295082,0.02224060571774118,0.011475409836065577,0.017760097205153737,0.1092896174863388,0.039281377396131495,60,0.32786885245901637,59868,11.690811043081617,22.11999633226075,126.08626385969546,11.664641156615419,12.528643496864667,11.658572483773389,11.677185124063516,207.42611349635484,0.0,False
165,165000,0.032526256116481675,0.015714285714285715,0.022841085375488752,0.12142857142857143,0.03282312925170068,0.007936507936507936,0.0015873015873015873,0.0030702603748773145,0.015873015873015872,0.001984126984126984,0.024894954957179485,0.011330049261083743,0.016705312099436927,0.08866995073891626,0.023252404410039878,63,0.3103448275862069,59868,11.70092210368151,21.99250900318528,122.24516430059396,11.665706681533717,12.711779025190161,11.667662095871112,11.698115976330193,203.68185918638596,0.0,False
166,166000,0.022116300547673093,0.014814814814814815,0.021848692363280776,0.14814814814814814,0.05709876543209877,0.03225806451612903,0.0064516129032258064,0.01339577749557801,0.06451612903225806,0.009626216077828981,0.025815061524404083,0.011764705882352941,0.018765864588000943,0.11764705882352941,0.039785247432306256,62,0.36470588235294116,59868,11.752875536855111,24.612906439784588,129.14381341139202,11.663147687211717,12.53625705183864,11.662619594149382,11.697834866500333,213.06945458773177,0.0,False
167,167000,0.03793219724342173,0.022222222222222223,0.03370277175944772,0.1984126984126984,0.07111363063744015,0.0,0.0,0.0,0.0,0.0,0.027311182015263644,0.016,0.024265995666802362,0.14285714285714285,0.051201814058956914,49,0.28,59868,11.740467385938647,18.91309369312505,122.12687025210667,11.658709955980617,12.709519924686274,11.662739374300457,11.675902701874241,200.48730328801196,0.0,False
168,168000,0.036578154960507904,0.02368421052631579,0.03633389391803127,0.18421052631578946,0.07359370648844332,0.023474178403755867,0.005633802816901409,0.014900041047253947,0.04225352112676056,0.01584507042253521,0.03154906125494361,0.016756756756756756,0.02810792876221943,0.12972972972972974,0.05143071643071643,71,0.3837837837837838,59868,11.718149066843042,21.7443982612614,126.40649033517775,11.668780665434475,12.73354494243234,11.669173702794078,11.71467001041121,207.65520698435427,0.0,False
169,169000,0.033013303184642746,0.01965811965811966,0.024808229408055313,0.1794871794871795,0.047602089268755934,0.010416666666666666,0.003125,0.005149730437816958,0.03125,0.005078125,0.02502333226115949,0.013812154696132596,0.01785715794896551,0.1270718232044199,0.03256599140577041,64,0.35359116022099446,59868,11.786100081276341,26.142930286951472,136.58932093981585,11.663324098055982,12.595561178725678,11.666086122644192,11.69473850733821,222.13806121480775,0.0,False
170,170000,0.03915935170350419,0.021008403361344543,0.033148932518873846,0.18487394957983194,0.05513205282112845,0.02864583333333333,0.0078125,0.01775761301828419,0.078125,0.02465277777777778,0.03548249281994717,0.01639344262295082,0.027766175972219535,0.14754098360655737,0.04447263422673258,64,0.34972677595628415,59868,11.748005844157417,25.498306254520543,127.78822801225859,11.658517665186219,12.535645910936866,11.659524255989984,11.674059987705487,212.5622879307551,0.0,False
171,171000,0.03321030821030821,0.020833333333333332,0.02460377846903109,0.16666666666666666,0.038204365079365074,0.014492753623188404,0.004347826086956522,0.010830201249269844,0.043478260869565216,0.016304347826086956,0.028023515975323203,0.016265060240963858,0.020787004058735802,0.13253012048192772,0.032135685599541025,46,0.27710843373493976,59868,11.69353675591067,20.597172906193506,123.56312779157608,11.661248711658523,12.603044069449398,11.66429482898218,11.689762883029807,203.47218794680015,0.0,False
172,172000,0.03983450759766549,0.024561403508771933,0.03215791046227373,0.21052631578947367,0.05646755778334726,0.008064516129032258,0.0016129032258064516,0.003119780703504368,0.016129032258064516,0.0020161290322580645,0.028642806057578782,0.01647727272727273,0.021928569297252704,0.14204545454545456,0.03728580447330447,62,0.3522727272727273,59868,11.742598447113394,24.59531604158405,122.51001377220489,11.65374273224412,12.484991837299898,11.660433236908297,11.668897615169094,206.31599368252375,0.0,False
173,173000,0.02912052615999984,0.020175438596491232,0.03288865170541279,0.19298245614035087,0.08870439988861041,0.0625,0.0171875,0.040828774034912856,0.140625,0.04637276785714285,0.04112213473168529,0.01910112359550562,0.035743527149727415,0.17415730337078653,0.0734840378098805,64,0.3595505617977528,59868,11.69051921472153,24.560289208074014,123.59510961951898,11.66002160475632,12.665035741959985,11.663906388105493,11.68789973311074,207.52278151024706,0.0,False
174,174000,0.022611780379668236,0.021111111111111112,0.027127645886407193,0.16666666666666666,0.05996913580246913,0.011904761904761904,0.0035714285714285718,0.008379977250406364,0.03571428571428571,0.011904761904761904,0.018504978772854848,0.014383561643835615,0.019936759286297283,0.11643835616438356,0.04153348554033485,56,0.3835616438356164,59868,11.743817351021757,21.30941203200287,121.95331895589744,11.659728684457193,12.491960993128714,11.662412508724184,11.679691968587147,202.50034249381932,0.0,False
175,175000,0.035161584389794276,0.02247191011235955,0.03173517551021621,0.20224719101123595,0.061204744069912616,0.014492753623188404,0.004347826086956522,0.008027560901451083,0.043478260869565216,0.009057971014492752,0.028118871684135977,0.0162962962962963,0.023657025347229573,0.14814814814814814,0.04343621399176955,46,0.34074074074074073,59868,11.708390321885087,18.41751045170842,123.3387586103557,11.662331108684699,12.364917922939867,11.656045373009682,11.68594861170047,200.8339024002839,0.0,False
176,176000,0.03729990796679257,0.027619047619047623,0.03776951107804773,0.2,0.08023809523809525,0.0303030303030303,0.00681818181818182,0.022690587750401982,0.06818181818181818,0.030113636363636363,0.035233715905010426,0.021476510067114096,0.03331667465914563,0.1610738255033557,0.06543624161073826,44,0.2953020134228188,59868,11.720436767115316,18.388888217306388,121.67573464585968,11.658189790444972,12.542362900769266,11.663642516999973,11.67793130883721,199.32718614733278,0.0,False
177,177000,0.02885925751879699,0.015625,0.02388101230210923,0.10416666666666667,0.04324156746031746,0.015503875968992248,0.004651162790697674,0.010328438754623205,0.046511627906976744,0.014534883720930232,0.024727736607706313,0.012230215827338131,0.019688489550009236,0.08633093525179857,0.03436108256252141,43,0.30935251798561153,59868,11.720273691083472,17.726102105375396,121.76822593394643,11.661649475490366,12.292627634163944,11.654632976455803,11.676890090198121,198.50040190671356,0.0,False
178,178000,0.021441883431262517,0.020370370370370372,0.02380430112858494,0.14814814814814814,0.06078777189888301,0.004901960784313725,0.0014705882352941176,0.0029721668603021703,0.014705882352941176,0.003676470588235294,0.015051458772214121,0.013068181818181817,0.01575552197947569,0.09659090909090909,0.038722041847041845,68,0.38636363636363635,59868,11.698080564608027,21.55102318893848,124.09021274587678,11.65695387299326,12.540195648585994,11.663150576761428,11.679183984085462,204.87880058184945,0.0,False
179,179000,0.02813911699532614,0.018518518518518517,0.02564739661392124,0.16296296296296298,0.05165196942974721,0.00847457627118644,0.0016949152542372883,0.004475730891060862,0.01694915254237288,0.00423728813559322,0.02215866388850015,0.013402061855670104,0.019208591059030715,0.11855670103092783,0.037232040582556046,59,0.30412371134020616,59868,11.714231520860984,20.247099283256244,122.65759232220341,11.66045120097603,12.594707643157065,11.66089183107788,11.676815916593364,202.211789718125,0.0,False
180,180000,0.022634772394012376,0.014159292035398232,0.01759491454224435,0.1415929203539823,0.032592358477314225,0.021929824561403508,0.005263157894736842,0.010524979719882022,0.05263157894736842,0.009649122807017544,0.022457368303686963,0.011920529801324504,0.015815725646550517,0.11920529801324503,0.026818564070219694,38,0.25165562913907286,59868,11.705137020576185,17.18445145867942,122.85954361487134,11.664228523181052,12.518607343574295,11.669079069180633,11.701096501365305,199.30214353142824,1054.9888204653898,True
181,181000,0.031210109335109332,0.014166666666666668,0.02477957478531196,0.13333333333333333,0.047371031746031744,0.018229166666666664,0.004687500000000001,0.013356978403236295,0.046875,0.020833333333333336,0.026694998841737972,0.010869565217391304,0.020806497782850864,0.10326086956521739,0.03814052795031055,64,0.34782608695652173,59868,11.793185661759797,26.74574353870446,143.97259644891025,11.66270207826614,12.587560002816357,11.666271696138264,11.675535745332699,230.10359517192796,0.0,False
182,182000,0.03745141162757288,0.02362204724409449,0.03418835718642948,0.1732283464566929,0.06739782527184103,0.01729559748427673,0.0056603773584905665,0.008429016817814203,0.03773584905660377,0.00550314465408805,0.031516644129824564,0.018333333333333333,0.026603662522337205,0.13333333333333333,0.049173280423280424,53,0.29444444444444445,59868,11.748652436194273,19.954654293732887,140.31558620877794,11.664404679034845,12.57497242788952,11.664250815647536,11.675701328532629,219.59822218980963,0.0,False
183,183000,0.023367765567765566,0.013600000000000001,0.0189773750319755,0.128,0.041133333333333334,0.02487562189054726,0.007462686567164179,0.01431713352815135,0.05970149253731343,0.014593698175787725,0.0238939445970696,0.011458333333333334,0.017351144923870198,0.10416666666666667,0.031872106481481484,66,0.34375,59868,11.752721500016271,21.09329983013275,142.66819665961077,11.661420637652798,12.6587972165762,11.664692573187807,11.684469306195988,223.1835977233726,0.0,False
184,184000,0.0183218228409866,0.012380952380952381,0.019110806517749167,0.12380952380952381,0.04789493575207861,0.0,0.0,0.0,0.0,0.0,0.01249215193703632,0.008441558441558443,0.013030095353010796,0.08441558441558442,0.03265563801278087,49,0.3181818181818182,59868,11.728373087785403,19.00911257644855,141.64882251394008,11.654970978408619,12.439945825691579,11.661397572540476,11.675365754901247,219.81798830971593,0.0,False
185,185000,0.03630488314043961,0.02142857142857143,0.038937327343279204,0.1836734693877551,0.08012633624878522,0.018518518518518517,0.005555555555555556,0.01559562633206908,0.041666666666666664,0.020833333333333332,0.02877183459468479,0.014705882352941176,0.029051430444413738,0.12352941176470589,0.05501400560224089,71,0.4176470588235294,59868,11.740621391240214,21.970692613858255,141.22188816309554,11.662440820757459,12.641885426552257,11.663594289564038,11.683775953195974,222.58489865826374,0.0,False
186,186000,0.025382455657073498,0.01958762886597938,0.02417222360045752,0.1958762886597938,0.0506545573555883,0.015723270440251572,0.0037735849056603774,0.009858580767301686,0.03773584905660377,0.011320754716981131,0.021969543547129752,0.014,0.019114736466075796,0.14,0.03675661375661375,53,0.35333333333333333,59868,11.737211940136827,19.41559726242187,140.01974297714327,11.661700919651796,12.473328429331298,11.65755424017978,11.674332129306409,218.63946789817126,0.0,False
187,187000,0.03489862287376907,0.023148148148148154,0.035788856473074164,0.19444444444444445,0.08263521457965901,0.007352941176470588,0.0014705882352941176,0.0038833547437145716,0.014705882352941176,0.003676470588235294,0.024255973127085564,0.01477272727272727,0.023461730804912505,0.125,0.05212842712842713,68,0.38636363636363635,59868,11.712942050233488,21.258167763348045,139.99644434369017,11.657671820645977,12.490547235378957,11.6622116675541,11.67540935431699,220.45339423516774,0.0,False
188,188000,0.022388418444300794,0.017,0.021424580761823363,0.14,0.04045634920634921,0.01515151515151515,0.004545454545454546,0.010284276203942061,0.045454545454545456,0.014610389610389608,0.02017714243817185,0.013194444444444446,0.018020598813581853,0.1111111111111111,0.03255897266313933,44,0.3055555555555556,59868,11.718881111372204,17.877490411911946,140.21440752051,11.665598092951146,12.397357280105602,11.664890000512296,11.676992234067873,217.21561665143108,0.0,False
189,189000,0.024274213750540865,0.014634146341463415,0.02086423258468414,0.12195121951219512,0.04004065040650407,0.0326797385620915,0.00980392156862745,0.034159942901973994,0.09803921568627451,0.06535947712418302,0.026737902057374675,0.013218390804597701,0.024761251125958755,0.11494252873563218,0.0474616858237548,51,0.29310344827586204,59868,11.719642835840427,18.95479332063299,141.69825534555287,11.663629827435296,12.558378290804251,11.664128161725795,11.67921100704572,219.93803878903734,0.0,False
190,190000,0.03599073006651195,0.023275862068965522,0.033796428351252475,0.16379310344827586,0.060676655719759165,0.0136986301369863,0.004109589041095891,0.007100442355161076,0.0410958904109589,0.007648401826484018,0.02738055390325601,0.015873015873015872,0.023485280321016117,0.1164021164021164,0.040194843369446544,73,0.3862433862433862,59868,11.71915666681178,22.618859552590852,140.6938055299803,11.660341142000208,12.625963583867694,11.663653081771253,11.68315573762957,222.66493529465166,0.0,False
191,191000,0.0397125530477146,0.02752293577981652,0.04100587014370299,0.22018348623853212,0.09487403524100772,0.029166666666666664,0.0075000000000000015,0.02140328833143245,0.075,0.029166666666666664,0.03688144260984937,0.022147651006711407,0.035743432073294786,0.18120805369127516,0.07723447320762757,40,0.2684563758389262,59868,11.735699899588504,17.688164904772208,140.5246021792192,11.66052706239734,12.419291407911315,11.663133038436468,11.674765734617786,217.36618422694278,0.0,False
192,192000,0.02008788744037191,0.014285714285714287,0.022963198847316058,0.11607142857142858,0.05151289682539682,0.024509803921568627,0.00784313725490196,0.012952999721184183,0.0784313725490196,0.014215686274509804,0.021471431860869042,0.012269938650306749,0.01983117335386375,0.10429447852760736,0.039843217450579414,51,0.3128834355828221,59868,11.793095127922426,18.799374831610095,141.6166087921944,11.66147641810944,12.480552414914637,11.662515113225469,11.674852373681766,219.68847507165822,0.0,False
193,193000,0.03308556473436832,0.01826923076923077,0.028635556282717238,0.15384615384615385,0.05229319291819291,0.0392156862745098,0.010294117647058823,0.022271887897705917,0.08823529411764706,0.026038748832866478,0.03550910115721495,0.015116279069767442,0.02611968738631741,0.12790697674418605,0.04191352897748246,68,0.3953488372093023,59868,11.717439799656393,21.034003812356318,140.94954386435072,11.661006332777667,12.521193967968136,11.665744158902147,11.674281024158518,221.22321296016992,0.0,False
194,194000,0.024331827592697156,0.014782608695652176,0.02655084656255369,0.13043478260869565,0.06461007591442373,0.00980392156862745,0.0029411764705882353,0.010351736603443157,0.029411764705882353,0.0196078431372549,0.01893347999905377,0.010382513661202186,0.02053150515698256,0.09289617486338798,0.04788793477318067,68,0.37158469945355194,59868,11.711286067979387,21.36290286371828,143.10322688997067,11.661134252070882,12.660394540134345,11.662545467250318,11.687148305364325,223.8486383864882,0.0,False
195,195000,0.027150683685375206,0.015702479338842973,0.027771117317015873,0.15702479338842976,0.06955922865013774,0.01633986928104575,0.00392156862745098,0.008671089604219155,0.0392156862745098,0.008496732026143792,0.02394515150734729,0.012209302325581395,0.022107737006826146,0.12209302325581395,0.05145348837209302,50,0.29069767441860467,59868,11.740540200123883,19.167925195441583,140.94991502076186,11.658884980454697,12.487240906307317,11.66401660081945,11.676919979657086,219.34544288356585,0.0,False
196,196000,0.035595783526818005,0.02272727272727273,0.028212410155885013,0.2,0.05341269841269841,0.027777777777777776,0.007407407407407408,0.021053768324876113,0.07407407407407407,0.03350970017636684,0.033021562121646225,0.017682926829268295,0.025855296382260126,0.15853658536585366,0.046859272164150215,54,0.32926829268292684,59868,11.728386443567162,19.53697646040614,141.16936449169725,11.660530389513701,12.444621839996506,11.66051825183395,11.676228302039126,219.87662617905386,0.0,False
197,197000,0.023247208268088102,0.018947368421052633,0.02855720754931739,0.16842105263157894,0.06643274853801169,0.01,0.002,0.004743954255385924,0.02,0.004,0.018679205417023236,0.013103448275862068,0.020345740896237578,0.11724137931034483,0.04490421455938697,50,0.3448275862068966,59868,11.729963063283888,19.225049081146583,140.22146569997452,11.661303680035594,12.540286442604131,11.66496674494949,11.676349237217664,218.71938394921185,0.0,False
198,198000,0.03238087635979695,0.020000000000000004,0.023989829823850412,0.17391304347826086,0.04498274672187716,0.006172839506172839,0.001851851851851852,0.004345173389099597,0.018518518518518517,0.006172839506172839,0.024006710737928896,0.014201183431952666,0.01771283901037974,0.1242603550295858,0.03258194796656335,54,0.31952662721893493,59868,11.737488898960757,19.325187814119015,146.18519070488944,11.661145042800303,12.530705702215595,11.663608177517325,11.676592353265791,224.77991869376822,0.0,False
199,199000,0.03488005320760162,0.02321428571428571,0.03839159467311818,0.20535714285714285,0.09248511904761904,0.015873015873015872,0.0031746031746031746,0.008631290621460721,0.031746031746031744,0.008465608465608466,0.02803751976715075,0.016,0.027677885214521494,0.14285714285714285,0.06223809523809523,63,0.36,59868,11.71844023292734,20.500835865341905,141.28904808600322,11.660038500525827,12.610774873744734,11.659815875413038,11.676739570302964,221.11569300425901,0.0,False
200,200000,0.03606652451190266,0.022689075630252107,0.034058748287765575,0.19327731092436976,0.06262838468720822,0.022058823529411766,0.0058823529411764705,0.01524315796024464,0.058823529411764705,0.023080065359477125,0.03097281506372415,0.016577540106951873,0.027216715441394323,0.1443850267379679,0.04824717765894236,68,0.36363636363636365,59868,11.70447483367365,21.79889825749265,142.63824153318976,11.662266714784764,12.611861938217894,11.662391580215258,11.687112408766131,223.7652472663401,0.0,False
201,201000,0.030585042235527677,0.01747572815533981,0.02636934300806601,0.1553398058252427,0.047326244413623056,0.01639344262295082,0.004918032786885246,0.008902734276023106,0.04918032786885246,0.010018214936247724,0.02530645945280091,0.01280487804878049,0.019872616589440294,0.11585365853658537,0.033449477351916376,61,0.3719512195121951,59868,11.737475838838328,20.704432807876206,141.28386191922942,11.667634820605732,12.523872722762508,11.663395967392853,11.678124013550505,221.25879809025557,0.0,False
202,202000,0.027289990956510198,0.015126050420168067,0.028011587930480076,0.14285714285714285,0.06280178738161932,0.024509803921568624,0.0058823529411764705,0.020826193463951925,0.058823529411764705,0.029901960784313723,0.02627901385289508,0.011764705882352943,0.02539871721537893,0.11229946524064172,0.0508382140735082,67,0.3582887700534759,59868,11.726010503740337,20.99981384924565,141.4369328980522,11.663637549973183,12.611279744015324,11.663275398823835,11.68528041706196,221.78623036091247,0.0,False
203,203000,0.038122197438929785,0.02592592592592593,0.03521640722812212,0.23148148148148148,0.07017195767195766,0.029166666666666664,0.0075000000000000015,0.016378343189788862,0.075,0.018154761904761903,0.035701783716696515,0.02094594594594595,0.030125038569113135,0.1891891891891892,0.056113256113256106,39,0.2635135135135135,59868,11.738212700597439,17.551064576057374,141.19979584539115,11.658665654876167,12.430196940353689,11.664997248785058,11.67805188528187,217.92098485134272,0.0,False
204,204000,0.032862448398162686,0.021111111111111112,0.030323711449732334,0.17777777777777778,0.06339065255731922,0.0273224043715847,0.006557377049180328,0.01708281578564955,0.06557377049180328,0.02418032786885246,0.030624417367558332,0.015231788079470197,0.02497474035364591,0.13245033112582782,0.04755072006727636,61,0.40397350993377484,59868,11.718467893981344,20.42249991678763,141.80037532778715,11.661102125359868,12.55936911328387,11.663772215418645,11.684499367919932,221.51008596053845,0.0,False
205,205000,0.026165127215674242,0.021296296296296296,0.029976107325258076,0.17592592592592593,0.0686985596707819,0.03160919540229885,0.008620689655172414,0.020917262176399654,0.08620689655172414,0.027777777777777776,0.02806727152184429,0.016867469879518072,0.026810968658789472,0.14457831325301204,0.05440093708165997,58,0.3493975903614458,59868,11.72429938807451,20.06702170521263,141.7338674096491,11.656657294432938,12.453532793769984,11.659638931141302,11.670797962569369,220.96581548484983,0.0,False
206,206000,0.043103519179927045,0.030508474576271188,0.045047891879553874,0.23728813559322035,0.10073984396018293,0.021164021164021163,0.006349206349206349,0.014285540880063384,0.06349206349206349,0.01984126984126984,0.03546711931803716,0.022099447513812154,0.03434055423884724,0.17679558011049723,0.07258177672542312,63,0.34806629834254144,59868,11.697959838366522,20.443860205658638,140.1617639482239,11.65802241755165,12.65081938173207,11.66076286982648,11.671842381585918,219.94503104294517,0.0,False
207,207000,0.029732419150072343,0.01653543307086614,0.022178952471055585,0.14960629921259844,0.03991376077990251,0.024590163934426226,0.006557377049180328,0.012077700471228242,0.06557377049180328,0.011885245901639344,0.028063921447123337,0.013297872340425532,0.018901418577494587,0.12234042553191489,0.030819402228976698,61,0.324468085106383,59868,11.690947214405833,19.93725678752639,144.72137949688573,11.667652626994041,12.608391952474706,11.669623005472474,11.704343660913496,223.9995947446727,0.0,False
208,208000,0.03296903460837887,0.01721311475409836,0.02792393416678917,0.1557377049180328,0.056716757741347906,0.037037037037037035,0.009523809523809523,0.025061051155119727,0.09523809523809523,0.03282312925170068,0.034354354354354355,0.014594594594594595,0.02694900643849093,0.13513513513513514,0.04858000858000858,63,0.34054054054054056,59868,11.751151889310973,25.203712408120026,148.7357414635543,11.661009462787808,12.607499618948193,11.664704561056837,11.68366324513781,233.30748264891596,0.0,False
209,209000,0.028011051448551448,0.028260869565217398,0.032863963036056425,0.20652173913043478,0.06966011042097998,0.01515151515151515,0.004545454545454546,0.007110283727617522,0.045454545454545456,0.006493506493506493,0.02385061323480441,0.020588235294117647,0.024531890318620308,0.15441176470588236,0.049223856209150325,44,0.3235294117647059,59868,11.746338544733891,18.416842454523074,139.7993107871906,11.65799531179651,12.364439807587003,11.659689854948141,11.671264251070234,217.31588101184943,0.0,False
210,210000,0.035690168417441145,0.022314049586776862,0.03066855471730896,0.19008264462809918,0.059546766364948184,0.008333333333333333,0.0016666666666666668,0.0032237733936211804,0.016666666666666666,0.0020833333333333333,0.02662160430116231,0.015469613259668513,0.02157083715144561,0.13259668508287292,0.04049811453126371,60,0.3314917127071823,59868,11.688951906195511,20.129405790957065,147.35673118929094,11.662118650203334,12.596993873063845,11.660811290406524,11.680266211594459,226.77527891171167,0.0,False
211,211000,0.017299716517633332,0.008247422680412371,0.014087118937140349,0.08247422680412371,0.024684994272623138,0.011666666666666665,0.004,0.006505170817418251,0.04,0.0075,0.015383713166964397,0.006802721088435374,0.011508225018867524,0.06802721088435375,0.018839758125472412,50,0.3401360544217687,59868,11.726240129981969,19.11342538220284,139.93318818701638,11.658459464297666,12.371696312379887,11.660964069723502,11.672298413402393,218.13627195900463,0.0,False
212,212000,0.02227309156026461,0.020430107526881718,0.02171100203650915,0.15053763440860216,0.03836405529953917,0.0303030303030303,0.007575757575757576,0.018008416176082506,0.06060606060606061,0.018686868686868686,0.025606273679903202,0.015094339622641511,0.020174079603879222,0.11320754716981132,0.030196166516921235,66,0.41509433962264153,59868,11.690789763728338,20.472025841024312,140.6235631505673,11.658008722756353,12.497854054209501,11.662410821511315,11.67703473639592,220.28168709019306,0.0,False
213,213000,0.02988402941195227,0.018320610687022905,0.028490413346837454,0.16030534351145037,0.06682418514479582,0.026455026455026454,0.006349206349206349,0.015285071894382909,0.06349206349206349,0.017195767195767195,0.02877048721460007,0.014432989690721649,0.0242020808133084,0.12886597938144329,0.05070774014072983,63,0.3247422680412371,59868,11.718539368391067,20.47309041051937,142.28119703370984,11.663401600622848,12.734440384506996,11.66357364883186,11.69185140569018,222.22609385227216,0.0,False
214,214000,0.01704382024596738,0.014634146341463414,0.015784809821693987,0.13008130081300814,0.031149180539424445,0.0234375,0.00625,0.010457200323433545,0.0625,0.008723958333333334,0.019232031498684427,0.01176470588235294,0.013961456838332127,0.10695187165775401,0.02347423818012053,64,0.3422459893048128,59868,11.74293866500198,20.858506646112552,140.0979024333768,11.656763127497472,12.59156341525819,11.66388232957949,11.679537979057686,220.29109459588415,0.0,False
215,215000,0.023367880200446688,0.017142857142857144,0.02426343411298059,0.1523809523809524,0.05076341647770218,0.016025641025641024,0.0038461538461538464,0.010286418513797581,0.038461538461538464,0.01201923076923077,0.020936055760383668,0.012738853503184714,0.019634104105607873,0.11464968152866242,0.037930947325851776,52,0.33121019108280253,59868,11.717578828986108,19.37351729008191,141.71899093213398,11.662557660108153,12.409233431605326,11.663648658760684,11.690450354442937,220.23597715611908,0.0,False
216,216000,0.029061106155839393,0.018518518518518517,0.03164401698347633,0.1574074074074074,0.06906966490299823,0.024509803921568624,0.007352941176470588,0.013980844271174462,0.07352941176470588,0.01680672268907563,0.0273026484744166,0.014204545454545454,0.02481960934463243,0.125,0.0488771645021645,68,0.38636363636363635,59868,11.744995011907234,21.481081103870427,143.30443365281886,11.659589540802262,12.505608266585867,11.658852442517077,11.679508906202452,224.0340689247042,0.0,False
217,217000,0.03308454677008021,0.018548387096774196,0.030110841111484953,0.16129032258064516,0.0585189452124936,0.02011494252873563,0.005172413793103449,0.017313318771383285,0.05172413793103448,0.028017241379310345,0.02895137618767369,0.014285714285714287,0.026032509816287713,0.12637362637362637,0.04879862201290773,58,0.31868131868131866,59868,11.69980304923518,20.393782638093715,141.96040198043158,11.668804093228902,12.712201569016479,11.662920110844244,11.693204280752155,221.7911177216023,0.0,False
218,218000,0.029639298191334387,0.016239316239316244,0.02802277853007184,0.15384615384615385,0.060510785510785516,0.04032258064516128,0.01129032258064516,0.027411863343472363,0.0967741935483871,0.037698412698412696,0.033339653007743705,0.01452513966480447,0.027811176621864196,0.1340782122905028,0.05260929325175134,62,0.3463687150837989,59868,11.743536765487782,20.96600284753197,141.87316001225415,11.666989056420551,12.515426052225887,11.664482054203617,11.675464334531815,222.10506112265577,0.0,False
219,219000,0.019404251763304573,0.01206896551724138,0.019375777277706233,0.11206896551724138,0.047506157635467984,0.022135416666666664,0.00625,0.014398567147544377,0.0625,0.02109375,0.02037533261783332,0.010000000000000002,0.017606102564759793,0.09444444444444444,0.038115079365079366,64,0.35555555555555557,59868,11.720712397453315,20.726421343778,141.94170054639827,11.659723654355858,12.508481212258893,11.6580683073228,11.671229383967974,221.8863368455351,0.0,False
220,220000,0.030170531825544102,0.025263157894736845,0.03329894803232928,0.21052631578947367,0.07875522138680033,0.028455284552845524,0.007317073170731709,0.022828194101527803,0.07317073170731707,0.03197831978319783,0.02965343522127468,0.01985294117647059,0.03014232368554354,0.16911764705882354,0.06465336134453781,41,0.3014705882352941,59868,11.682745832110319,17.536849435340063,142.94408131241414,11.661301815436842,12.43505721493926,11.664298435992704,11.692905727216097,219.61723977344943,0.0,False
221,221000,0.0355162000697715,0.019642857142857146,0.03631992315232614,0.16964285714285715,0.07705853174603175,0.023474178403755867,0.005633802816901409,0.02173926973944672,0.056338028169014086,0.0323943661971831,0.030844158876945763,0.014207650273224046,0.03066294833093577,0.12568306010928962,0.05972981177899211,71,0.3879781420765027,59868,11.743852277867894,22.09778951248881,140.82792365569668,11.662600155747105,12.720289833394183,11.664783682571734,11.67850298555706,222.39574210332347,0.0,False
222,222000,0.02986658421357715,0.026595744680851064,0.03301422074513893,0.22340425531914893,0.07168608578183046,0.008547008547008546,0.002564102564102564,0.006016393923368672,0.02564102564102564,0.008547008547008546,0.02361497931886906,0.019548872180451128,0.0250975647598078,0.16541353383458646,0.053171619525002975,39,0.2932330827067669,59868,11.727565283815855,17.467201878063054,143.31630952302277,11.656776514809565,12.375119970743642,11.662269482119736,11.693488800486318,219.89873145306092,0.0,False
223,223000,0.03941549333653656,0.02345679012345679,0.03482087875709571,0.20987654320987653,0.06621105232216343,0.017730496453900707,0.00425531914893617,0.00709926657003475,0.0425531914893617,0.005167173252279635,0.031453033543693706,0.01640625,0.02464184928215926,0.1484375,0.04379650297619048,47,0.3671875,59868,11.739446020210542,18.596366666241703,141.6014169826063,11.657304694594195,12.400338002246936,11.666520670111646,11.68485176299139,219.34624479900273,0.0,False
224,224000,0.032383318060530124,0.022689075630252103,0.036059758943863256,0.19327731092436976,0.09300720288115247,0.01694915254237288,0.005084745762711865,0.009461458643816372,0.05084745762711865,0.010895883777239709,0.02726749915282632,0.016853932584269662,0.027243468394971316,0.14606741573033707,0.06579052969502408,59,0.33146067415730335,59868,11.72260659862423,20.550159896416677,142.17609644474882,11.664869253330545,12.5841661899051,11.66357068832502,11.689439360348942,222.05090843169933,0.0,False
225,225000,0.028014445871588727,0.018750000000000006,0.02322632043740208,0.16071428571428573,0.043849206349206346,0.0234375,0.00625,0.015820585409698315,0.0625,0.020703125,0.026350101918283738,0.014204545454545454,0.02053332588187344,0.125,0.03543244949494949,63,0.35795454545454547,59868,11.7462286119141,20.533698129793223,141.04204666251508,11.664867262575761,12.720787745897077,11.666913912460053,11.709212221676369,221.08375454683167,0.0,False
226,226000,0.018117452536570187,0.013333333333333334,0.02010503526945963,0.12,0.0477037037037037,0.025157232704402514,0.0056603773584905665,0.020116867784811338,0.05660377358490566,0.02830188679245283,0.02103236151231326,0.01015625,0.020109934670347447,0.09375,0.03967013888888889,53,0.4140625,59868,11.751177773015876,23.40747493233264,150.55712884848998,11.666183468407587,12.478084077671703,11.666654681177778,11.714598950440802,233.24130273153636,0.0,False
227,227000,0.024919624925107384,0.021666666666666667,0.025024067867509162,0.175,0.052357804232804235,0.0303030303030303,0.007272727272727273,0.024171867836494748,0.05454545454545454,0.03636363636363636,0.02661155232959744,0.017142857142857144,0.024756233572047485,0.13714285714285715,0.04733106575963719,55,0.3142857142857143,59868,11.728788571356564,25.613734335870607,140.3959308795763,11.660571434465862,12.614865520531316,11.66339977148878,11.679018215603188,225.35630872889257,0.0,False
228,228000,0.02979642285280377,0.014173228346456694,0.027299226794216463,0.12598425196850394,0.05617735283089613,0.013605442176870748,0.004081632653061225,0.008199996285256745,0.04081632653061224,0.01020408163265306,0.025288706641890604,0.011363636363636364,0.021981827391153817,0.10227272727272728,0.04337797619047619,48,0.2727272727272727,59868,11.726217206783907,18.862297513258518,140.36745794479555,11.659603204060287,12.572770818702894,11.66255464441629,11.679830193719877,218.53073152573737,0.0,False
229,229000,0.026490468595731755,0.013533834586466165,0.021766769053772266,0.12030075187969924,0.046052631578947366,0.017932489451476793,0.005063291139240506,0.013615999030908313,0.05063291139240506,0.021518987341772152,0.02330141032971221,0.010377358490566039,0.01872945380940315,0.09433962264150944,0.036910377358490565,79,0.37264150943396224,59868,11.720817619485791,22.836700167915,140.8049614956969,11.658248598424292,12.887104268950733,11.662895583221255,11.677873277458895,223.24860101115286,0.0,False
230,230000,0.0322233111268199,0.023333333333333334,0.02673898234448404,0.18888888888888888,0.046481481481481485,0.0070921985815602835,0.002127659574468085,0.004992326872582515,0.02127659574468085,0.0070921985815602835,0.023601688574796522,0.016058394160583942,0.019278450905218555,0.13138686131386862,0.0329683698296837,46,0.3357664233576642,59868,11.719747088134724,18.065567027568395,140.15561375486234,11.665196619548013,12.422980561935248,11.669580884325626,11.706980885838048,217.4056668222124,0.0,False
231,231000,0.032845152509291806,0.02040816326530612,0.032312893357942116,0.1836734693877551,0.07763605442176871,0.011904761904761904,0.0035714285714285718,0.0068335771159698366,0.03571428571428571,0.00818452380952381,0.02523046501673547,0.014285714285714287,0.02304768745177038,0.12987012987012986,0.05238095238095238,56,0.36363636363636365,59868,11.750055060329167,23.413794731960703,147.39449569028255,11.665109657228722,12.60978575425009,11.669583888200552,11.708660283514527,230.21148506576628,0.0,False
232,232000,0.034835906619592155,0.025333333333333336,0.03063951522051159,0.25333333333333335,0.0672857142857143,0.023809523809523808,0.005714285714285714,0.01348105930801927,0.05714285714285714,0.015238095238095238,0.03132751208911586,0.01909090909090909,0.025180006521082213,0.19090909090909092,0.05072510822510823,35,0.3181818181818182,59868,11.748735066152705,19.277402407112675,152.03510443580203,11.6611950547324,12.19123282755058,11.662943239038048,11.70085231307766,230.27746534346608,0.0,False
233,233000,0.04161591661313383,0.018253968253968255,0.030855016200328773,0.16666666666666666,0.052358906525573186,0.029239766081871343,0.007017543859649123,0.014486049190876845,0.07017543859649122,0.014689501531606794,0.037761050054216004,0.014754098360655738,0.025756485492466695,0.1366120218579235,0.040625813166796775,56,0.30601092896174864,59868,11.746667850441595,19.672433841169678,143.9267841374936,11.665878946555408,12.55129867106658,11.660457118041478,11.676796202245153,222.9003167670135,0.0,False
234,234000,0.03914468369913915,0.027722772277227727,0.03661302195179748,0.22772277227722773,0.07650872230080151,0.01741293532338308,0.004477611940298508,0.013969491912875226,0.04477611940298507,0.01956882255389718,0.03047785547785548,0.018452380952380953,0.027582566519608248,0.15476190476190477,0.05380054799697657,67,0.39880952380952384,59868,11.69033003423775,20.913037114780874,150.282476227101,11.660442906839819,12.521714799720861,11.668721065116738,11.684539408238216,230.42126155603523,0.0,False
235,235000,0.02532322068612391,0.017741935483870968,0.02612285898071796,0.14516129032258066,0.05513952892985151,0.0196078431372549,0.005882352941176471,0.014741424936125772,0.058823529411764705,0.02396514161220044,0.023657596371882087,0.014285714285714285,0.022805983916293952,0.12,0.046054421768707485,51,0.2914285714285714,59868,11.720224024798497,18.827376050564727,143.84325481311967,11.664631112191792,12.726187770824293,11.665238843189263,11.705570192269143,222.15248280695735,0.0,False
236,236000,0.029999624323782805,0.020161290322580648,0.03457801101709765,0.1693548387096774,0.07966589861751151,0.025423728813559324,0.006779661016949153,0.013664367959023217,0.06779661016949153,0.013983050847457627,0.02852433560737196,0.01584699453551913,0.027835361069412447,0.1366120218579235,0.05848946135831382,59,0.3224043715846995,59868,11.748966529417926,24.13527723156561,151.6256935176971,11.66779954837882,12.746624112880411,11.670493921644987,11.729469818227978,235.3243246798128,0.0,False
237,237000,0.044564621069238336,0.026724137931034488,0.037955818763173305,0.25,0.07410714285714286,0.01944444444444444,0.005000000000000001,0.010695521356903005,0.05,0.012566137566137565,0.03600092449260406,0.019318181818181818,0.028662535556490253,0.18181818181818182,0.05312725468975468,59,0.3352272727272727,59868,11.753270825129448,25.07826018882664,148.01699651185302,11.661728466914878,12.570015165740134,11.662106938280237,11.686859827775287,232.42923792451964,0.0,False
238,238000,0.03898546144121366,0.024778761061946906,0.03293028033522676,0.20353982300884957,0.06277918246944796,0.021604938271604937,0.005555555555555557,0.018751069912312658,0.05555555555555555,0.03042328042328042,0.033365412033076705,0.01856287425149701,0.028345385946979086,0.15568862275449102,0.05231679498146563,54,0.32335329341317365,59868,11.737470824522978,20.011422808045854,146.5921369906559,11.664530522093042,12.577905687413683,11.667343776736171,11.70313873216644,225.95394934163406,0.0,False
239,239000,0.036625856058776496,0.021649484536082474,0.04436802642124661,0.16494845360824742,0.09240713467517592,0.03107344632768361,0.00847457627118644,0.01934264071557825,0.0847457627118644,0.023305084745762712,0.03452590622458112,0.016666666666666666,0.03490329721205153,0.1346153846153846,0.06627238502238503,59,0.3782051282051282,59868,11.750564782801732,24.202367505693488,151.95068296066512,11.661606187492179,12.40902353152884,11.661579625739382,11.691913288487676,235.32773788240843,0.0,False
240,240000,0.021601991639176997,0.01594202898550725,0.02269583088538505,0.12318840579710146,0.051224982746721874,0.027777777777777776,0.006060606060606061,0.015230446566791253,0.06060606060606061,0.015656565656565653,0.02360004009578313,0.01274509803921569,0.02028055948819294,0.10294117647058823,0.039717553688141914,66,0.3235294117647059,59868,11.704548089366828,22.76086103608632,145.8579373479485,11.659951112456824,12.622062369870013,11.662325369012072,11.685441963560361,227.95312728830095,0.0,False
241,241000,0.02539234554062646,0.01578947368421053,0.0288277077762368,0.15789473684210525,0.07101434140907827,0.017676767676767676,0.004545454545454546,0.010159783881059425,0.045454545454545456,0.010984848484848484,0.022563300323878238,0.011666666666666667,0.0219828023480051,0.11666666666666667,0.049003527336860676,66,0.36666666666666664,59868,11.72262930553697,23.26741084843903,145.78145913420047,11.664266765305797,12.61668148375833,11.666949812999539,11.707558637309711,228.42695598754986,0.0,False
242,242000,0.04352042322968254,0.024576271186440683,0.033636307025843956,0.2033898305084746,0.06237893462469734,0.0182648401826484,0.004109589041095891,0.00872804030307963,0.0410958904109589,0.007762557077625571,0.0338677658347428,0.016753926701570682,0.024116393566358117,0.14136125654450263,0.041504612316130646,73,0.38219895287958117,59868,11.729052998295241,23.861496533390813,146.8045564620088,11.660375524837063,12.637869600477803,11.663190269579903,11.68883487762118,230.04537626621084,0.0,False
243,243000,0.021787908711871844,0.012698412698412698,0.021553726526074915,0.1111111111111111,0.04335159989921895,0.020833333333333332,0.006250000000000001,0.009825576092848341,0.0625,0.009052579365079366,0.02152457757296467,0.010919540229885057,0.018318374682426204,0.09770114942528736,0.033889801131180446,48,0.27586206896551724,59868,11.74192957492659,19.51109197697448,145.68429858657916,11.658010252289797,12.495260732207914,11.660088635914722,11.679802484843016,224.43048224373567,0.0,False
244,244000,0.048831007466117765,0.029166666666666667,0.04707985740823018,0.25833333333333336,0.10494708994708994,0.018817204301075266,0.004838709677419356,0.010971762550343898,0.04838709677419355,0.012634408602150536,0.038606525069235155,0.02087912087912088,0.03477929762147772,0.18681318681318682,0.07349991278562706,62,0.34065934065934067,59868,11.694489903901761,21.861013275836783,149.217085762314,11.667900796798191,12.590244576997367,11.663827128617632,11.70485695146245,230.39941839592822,0.0,False
245,245000,0.028717905232551577,0.01846153846153846,0.03168232559103617,0.16923076923076924,0.0724023199023199,0.039999999999999994,0.01,0.03278912460652484,0.1,0.04722222222222222,0.03185182044573169,0.016111111111111114,0.03198976976200525,0.15,0.06540784832451499,50,0.2777777777777778,59868,11.743735201498462,19.24921081621067,140.40028530860894,11.666499248844108,12.767896262963486,11.663696460433027,11.681246224887198,219.17256952344587,0.0,False
246,246000,0.01862524288994877,0.010810810810810811,0.01757047662084462,0.10810810810810811,0.03898005148005148,0.0,0.0,0.0,0.0,0.0,0.012644660310607424,0.007339449541284404,0.01192858045818809,0.07339449541284404,0.02646352118829183,35,0.3211009174311927,59868,11.720336941786758,16.95088284224544,141.26093671019967,11.661258917702867,12.183560094143619,11.662557049083034,11.682837520982092,217.12237007614348,0.0,False
247,247000,0.038085920898420896,0.027027027027027032,0.030661192639938658,0.25225225225225223,0.060842985842985836,0.021604938271604937,0.005555555555555557,0.01600882427292147,0.05555555555555555,0.022222222222222223,0.03269214476600841,0.020000000000000004,0.025865872083460306,0.18787878787878787,0.04820346320346321,54,0.32727272727272727,59868,11.735470360069167,19.634592814357642,141.70168397518307,11.65540211992,12.446710300671738,11.660100307162026,11.67716722700468,220.5111271043683,0.0,False
248,248000,0.021947283744016954,0.014942528735632187,0.021034597498139834,0.13793103448275862,0.039586754241926654,0.015873015873015872,0.004761904761904762,0.008175579032389918,0.047619047619047616,0.008597883597883597,0.01996961513485381,0.011627906976744186,0.01684794032324451,0.10852713178294573,0.02949735449735449,41,0.3178294573643411,59868,11.731141248944033,17.56918997436463,139.88189426055592,11.658106667714051,12.299871583430766,11.660025657229955,11.674347302370602,216.47457669460996,0.0,False
249,249000,0.03960599165568592,0.023387096774193553,0.034161523257301346,0.23387096774193547,0.07132616487455196,0.005128205128205128,0.0015384615384615385,0.0025716993071723425,0.015384615384615385,0.002564102564102564,0.027748551844647553,0.015873015873015872,0.023297298089267563,0.15873015873015872,0.04767783656672545,65,0.3439153439153439,59868,11.688831767324437,20.67624980783833,140.02877086373434,11.67042910593663,12.678804928230313,11.675715650104335,11.736311635736351,220.15511375890472,0.0,False
250,250000,0.03300463594636527,0.022000000000000006,0.03473148103649486,0.18,0.06813888888888889,0.029850746268656712,0.007462686567164179,0.023756516238737237,0.07462686567164178,0.035323383084577116,0.03173930296189537,0.016167664670658683,0.030328351446975335,0.1377245508982036,0.054973386560212896,67,0.40119760479041916,59868,11.759171103610521,27.588319481158806,142.30064073863375,11.661702425530551,12.580286062102708,11.660989902177732,11.682287257654133,229.23339697086823,0.0,False
251,251000,0.037810886032868786,0.023333333333333334,0.039533335055731096,0.18333333333333332,0.08477843915343915,0.02657004830917874,0.007246376811594203,0.01699025297190038,0.07246376811594203,0.023752012882447663,0.03370708813374385,0.01746031746031746,0.03130332096163417,0.14285714285714285,0.062498950197362894,69,0.36507936507936506,59868,11.698166182676218,22.14503526541678,139.94738726587352,11.665401146568332,12.865134701577075,11.668433797747124,11.712372269656601,221.70193062951566,0.0,False
252,252000,0.029270754729470327,0.017431192660550456,0.024566168772479056,0.1559633027522936,0.046519586427843304,0.03333333333333333,0.01,0.03457015709129933,0.1,0.06555555555555556,0.03071309032847494,0.014792899408284023,0.02811788060164602,0.13609467455621302,0.05327791866253404,60,0.35502958579881655,59868,11.75198067252664,24.59565537230729,145.91196199233158,11.659137206659898,12.547398848629376,11.661962042504303,11.686060440663226,229.81415657562232,0.0,False
253,253000,0.03360828193589772,0.023863636363636368,0.032210719463112984,0.2159090909090909,0.06699585137085137,0.0,0.0,0.0,0.0,0.0,0.020119243607884342,0.014285714285714287,0.019282607569754712,0.1292517006802721,0.040106360004319185,59,0.4013605442176871,59868,11.741650037984385,19.95627813921458,142.36626423737297,11.664664466143337,12.599200480821471,11.669995764754248,11.713306822862258,221.71135994915326,0.0,False
254,254000,0.02588467212213031,0.013675213675213675,0.025450084070606983,0.1282051282051282,0.052536969203635875,0.005847953216374269,0.0017543859649122807,0.008232960105662393,0.017543859649122806,0.017543859649122806,0.019320919377141265,0.009770114942528737,0.019809991737263066,0.09195402298850575,0.041073709177157455,57,0.3275862068965517,59868,11.757109517653019,23.979984188730874,148.22175017321914,11.664705865888081,12.587720890994136,11.663696286981494,11.704420192472364,231.5793871159391,0.0,False
255,255000,0.022521425836295145,0.01926605504587156,0.029639250706619005,0.14678899082568808,0.07688219018494248,0.033950617283950615,0.007407407407407408,0.023563205556538007,0.07407407407407407,0.029320987654320986,0.02630778373919941,0.015337423312883436,0.027626327773463334,0.12269938650306748,0.0611257181809329,54,0.3312883435582822,59868,11.75025824309145,19.404378828406788,141.2601882124151,11.665259929377614,12.579721134227395,11.667281184360444,11.714936647790053,220.0420241796688,0.0,False
256,256000,0.04066238148132374,0.02568807339449541,0.045048591022680835,0.21100917431192662,0.10815494393476045,0.013888888888888888,0.0033333333333333335,0.005561092146527221,0.03333333333333333,0.004047619047619047,0.031156999495843912,0.017751479289940832,0.03102936065244879,0.14792899408284024,0.07119376350145581,60,0.35502958579881655,59868,11.759575190617433,24.611489173410884,157.79362827878646,11.667507830395717,12.662147118640277,11.65814538683918,11.703715186682507,241.85620816537246,0.0,False
257,257000,0.0386163214063729,0.02605042016806723,0.042734800818686636,0.2184873949579832,0.10200413498732826,0.012578616352201257,0.0037735849056603774,0.006478760742648614,0.03773584905660377,0.006813417190775681,0.03059307508154094,0.019186046511627905,0.03156288149293073,0.16279069767441862,0.072672111480251,53,0.3081395348837209,59868,11.745657380643483,19.73936253377162,142.22467209868555,11.667234411573412,12.542453820929556,11.661963186332391,11.691460477351868,221.27280390928786,0.0,False
258,258000,0.030476044796949358,0.01652173913043478,0.023331437451078785,0.14782608695652175,0.036563146997929605,0.017543859649122806,0.005263157894736843,0.009779791726465963,0.05263157894736842,0.011306042884990252,0.026190378788658004,0.012790697674418606,0.018840485088852443,0.11627906976744186,0.028193060169804354,57,0.3313953488372093,59868,11.725427505354657,20.020291998060213,143.87020824613296,11.66137140105883,12.5541260462686,11.661534528334405,11.679628067452763,223.17258779266245,0.0,False
259,259000,0.03686277061215272,0.02184873949579832,0.03411071630922077,0.20168067226890757,0.07422635720955048,0.023255813953488372,0.004651162790697674,0.011422076585169706,0.046511627906976744,0.010335917312661497,0.03325104754843317,0.01728395061728395,0.028088423049133147,0.16049382716049382,0.057267783656672545,43,0.2654320987654321,59868,11.689658106446565,17.69495980539354,142.4895590812561,11.660015218586949,12.44127189979627,11.661487463815456,11.680756050708174,219.31770762600306,0.0,False
260,260000,0.025333858536370314,0.018681318681318684,0.029319176558289677,0.15384615384615385,0.06396302110587825,0.018018018018018018,0.005405405405405406,0.018145569527656866,0.05405405405405406,0.033783783783783786,0.0232191233865341,0.014843750000000003,0.02608930577599738,0.125,0.055239335317460315,37,0.2890625,59868,11.68959015677984,16.588467056773137,144.8481324265796,11.665146499917345,12.54399269308426,11.661342450404454,11.68934815633932,220.68601943987795,0.0,False
261,261000,0.034341978684083944,0.022727272727272728,0.03171596411996278,0.16363636363636364,0.059772727272727276,0.007246376811594202,0.002173913043478261,0.0036339229340478754,0.021739130434782608,0.003623188405797101,0.02635224992681133,0.016666666666666666,0.023435362231808383,0.12179487179487179,0.04321581196581197,45,0.28846153846153844,59868,11.71921646818397,18.093906303424944,144.48034625199475,11.662152382595215,12.479430711385964,11.6643966450794,11.689193283787036,221.78864204645126,0.0,False
262,262000,0.040422552050459026,0.02252252252252252,0.03322874552534106,0.18018018018018017,0.05835478335478335,0.047222222222222214,0.011666666666666667,0.026729922629640454,0.1,0.02967592592592593,0.042808401233533834,0.01871345029239766,0.030948456790007513,0.15204678362573099,0.0482920263622018,60,0.3508771929824561,59868,11.71990221298519,20.201702115328622,145.30685116066755,11.66340963064394,12.562211330446882,11.665131784147075,11.693305667151431,224.81251390137066,0.0,False
263,263000,0.032324517066156966,0.020895522388059702,0.03290459472864623,0.1865671641791045,0.07667318171049514,0.01282051282051282,0.002564102564102564,0.007860861445711005,0.02564102564102564,0.008547008547008546,0.027927660617716957,0.016763005780346823,0.02725889763018106,0.15028901734104047,0.0613152582805762,39,0.2254335260115607,59868,11.720006398249772,17.2532252122673,145.62927759702305,11.661133709310601,12.582126529318838,11.662955400365549,11.691770490526721,222.20049533706182,0.0,False
264,264000,0.031173382904793673,0.022891566265060243,0.03938069604956734,0.21686746987951808,0.10237617135207495,0.01515151515151515,0.004545454545454546,0.015258774375529638,0.045454545454545456,0.028409090909090908,0.025622499588697178,0.01653543307086614,0.031023494839664517,0.15748031496062992,0.07674978127734033,44,0.3464566929133858,59868,11.720920196398033,18.08593096763733,144.09945248790996,11.669790350769816,12.329615979259078,11.664031332375702,11.709842632018352,221.2795839463683,0.0,False
265,265000,0.03164740755663287,0.02247191011235955,0.027503453203088647,0.16853932584269662,0.046205635812377376,0.0,0.0,0.0,0.0,0.0,0.024073668996071156,0.017094017094017096,0.020921430214315296,0.1282051282051282,0.035147876814543476,28,0.23931623931623933,59868,11.750614942331039,15.94985446962821,142.89972601052443,11.66530346178446,12.301405699646772,11.66198500575366,11.69015637766252,217.9190459673311,0.0,False
266,266000,0.03592618840420812,0.02547169811320755,0.03945206504270579,0.2169811320754717,0.08308999700509136,0.017241379310344827,0.003448275862068966,0.0067061740408285225,0.034482758620689655,0.004378762999452655,0.029318146163695488,0.017682926829268295,0.02787120115179797,0.1524390243902439,0.05525309717382888,58,0.35365853658536583,59868,11.72558318603828,19.804020376490428,147.0669085298082,11.658316390383838,12.513931049319693,11.659825103829679,11.68459893366447,226.11318356953458,0.0,False
267,267000,0.030043741461064297,0.01653543307086614,0.026519711052132224,0.14173228346456693,0.05444944381952256,0.0,0.0,0.0,0.0,0.0,0.019976728615472072,0.01099476439790576,0.017633525149847083,0.09424083769633508,0.036204604005651134,64,0.33507853403141363,59868,11.688722859427847,20.883752545698687,144.19431167776025,11.665630969916185,12.759758008802635,11.66380231715225,11.70730450202745,224.56328288078532,0.0,False
268,268000,0.03000244334125913,0.018333333333333333,0.025723703911183456,0.16666666666666666,0.04905092592592593,0.04301075268817204,0.01129032258064516,0.02727763440552303,0.0967741935483871,0.03467741935483871,0.034433845426471224,0.015934065934065936,0.02625306484881562,0.14285714285714285,0.04415445665445666,62,0.34065934065934067,59868,11.743188963520002,21.384654946048077,139.82185041381408,11.660412422717648,12.58221075583349,11.662460992385714,11.683948293116087,220.5387267874351,0.0,False
269,269000,0.04616719758229192,0.025471698113207552,0.03965399680016078,0.19811320754716982,0.06705600479185385,0.0303030303030303,0.00909090909090909,0.02406521267225068,0.07272727272727272,0.03636363636363636,0.04074776155521497,0.01987577639751553,0.03432863576267597,0.15527950310559005,0.05657103421078576,55,0.3416149068322981,59868,11.717893596302487,19.59224272821136,143.07846842617073,11.662392053260472,12.505692767693366,11.662643948341655,11.684703970414601,221.9040374903947,0.0,False
270,270000,0.02835865202301228,0.020689655172413796,0.02987245815036168,0.1724137931034483,0.07527025177887248,0.046296296296296294,0.011111111111111112,0.02260709553960039,0.1111111111111111,0.021825396825396824,0.03260704145615849,0.018421052631578946,0.02815171437412875,0.15789473684210525,0.06261225981620719,36,0.23684210526315788,59868,11.722755795105789,16.816054975457572,141.93209790305806,11.664011184395196,12.483332678267512,11.66218593365298,11.70372331524977,217.98416178518687,0.0,False
271,271000,0.04363729868823248,0.03125000000000001,0.04776364289417815,0.25,0.10806878306878308,0.011904761904761904,0.0035714285714285718,0.006983314375338638,0.03571428571428571,0.008503401360544217,0.03194636408379595,0.021052631578947368,0.0327393113346057,0.17105263157894737,0.07138680033416876,56,0.3684210526315789,59868,11.743145186718372,20.065088193847725,141.65407504904138,11.664807678023193,12.493276146434418,11.664040813083588,11.703729007626896,220.98816207477554,0.0,False
272,272000,0.038647856336535585,0.02169811320754717,0.03397956552018515,0.19811320754716982,0.06261605271039233,0.02121212121212121,0.005454545454545455,0.011079745905115986,0.05454545454545454,0.010909090909090908,0.03269154930645614,0.016149068322981366,0.026156645775906866,0.14906832298136646,0.04495218377205955,54,0.33540372670807456,59868,11.741476322282839,19.677732557142612,140.71352635069283,11.661174840998934,12.609149726977575,11.663018158303284,11.684215226036299,219.75029318243435,0.0,False
273,273000,0.02990349738010654,0.018446601941747576,0.022555006046538116,0.17475728155339806,0.03806056403143781,0.016666666666666666,0.004,0.010289786955680589,0.04,0.013333333333333332,0.02557773570904776,0.013725490196078431,0.01854676451357814,0.13071895424836602,0.02997976968565204,50,0.32679738562091504,59868,11.718761339103711,18.487109585858807,139.84500194052367,11.666761956422022,12.473253742650847,11.66242580536575,11.685789032302162,217.53910340222697,0.0,False
274,274000,0.04783328784011296,0.02479338842975207,0.04699122990306878,0.2231404958677686,0.10108881017971927,0.01944444444444444,0.005000000000000001,0.01034744753011994,0.05,0.010833333333333334,0.03842262152110682,0.018232044198895028,0.03484411972419071,0.16574585635359115,0.07116986757870737,60,0.3314917127071823,59868,11.720666318465467,20.27333398028214,141.0264007354195,11.664010656164958,12.605463419503026,11.664144517413433,11.706934826556658,220.66095445380515,0.0,False
275,275000,0.023195123589860433,0.015384615384615385,0.02682841297983254,0.12307692307692308,0.06021367521367521,0.030054644808743165,0.00819672131147541,0.014252636617859518,0.08196721311475409,0.01284153005464481,0.02538586073306382,0.013089005235602096,0.02281206555532807,0.1099476439790576,0.04508435136707388,61,0.3193717277486911,59868,11.747670971735957,20.965552526147626,140.74184945543632,11.66365603438857,12.763296283475889,11.664682607603893,11.685711483667982,221.23241936245623,0.0,False
276,276000,0.03169323284869503,0.018253968253968255,0.02978252259015371,0.1746031746031746,0.07023494583018393,0.016431924882629106,0.004225352112676057,0.007899836983407718,0.04225352112676056,0.007746478873239438,0.026192964495442846,0.013197969543147208,0.021895869401935608,0.12690355329949238,0.04771372169849328,71,0.3604060913705584,59868,11.72390476994467,21.2253205273058,140.00468718620291,11.660896348707206,12.699445438579815,11.664943466965783,11.692768590074177,220.67196632778038,0.0,False
277,277000,0.03233375951265859,0.02018348623853211,0.031681053711593396,0.13761467889908258,0.055540993155672055,0.015432098765432098,0.003703703703703704,0.00632346961296673,0.037037037037037035,0.004629629629629629,0.026734436320325888,0.014723926380368098,0.023280381678919534,0.10429447852760736,0.038674651864835916,54,0.3312883435582822,59868,11.725086412818497,19.645554740176095,139.63614820105414,11.661313121330563,12.528521012453165,11.662595827334476,11.696155890632276,218.5553752057992,0.0,False
278,278000,0.033053828122852576,0.025454545454545455,0.035179699878175874,0.21818181818181817,0.08340909090909092,0.039999999999999994,0.01,0.0191246016939403,0.1,0.0175,0.03522450683446115,0.020624999999999998,0.030162481695602254,0.18125,0.06281250000000001,50,0.3125,59868,11.744440992264572,18.620225178692106,139.4960898723069,11.664901523211757,12.65191774815766,11.66851915957584,11.721021618261995,217.56711609247085,0.0,False
279,279000,0.053643109914752844,0.030973451327433628,0.0440789629329591,0.23008849557522124,0.07348644472538278,0.024193548387096774,0.004838709677419356,0.01089879016035267,0.04838709677419355,0.008960573476702509,0.04320955097352613,0.021714285714285717,0.032323701722092826,0.1657142857142857,0.050625850340136044,62,0.35428571428571426,59868,11.752302369556766,24.717815752299533,146.94094425948128,11.660844246211276,12.501644657325617,11.662170192924815,11.686367970331624,230.9220894481309,0.0,False
280,280000,0.03666835576557798,0.027777777777777776,0.036767669044626416,0.21296296296296297,0.06973471487360376,0.05026455026455026,0.014285714285714287,0.024633526520483614,0.1111111111111111,0.019904257999496095,0.04167748005467303,0.02280701754385965,0.03229719548310012,0.17543859649122806,0.051376125498932515,63,0.3684210526315789,59868,11.701574190982333,21.165762311210756,141.3167196874718,11.660282515361942,12.484725037224809,11.660321147764774,11.705155942572098,221.6945408325885,0.0,False
281,281000,0.03610048868002848,0.025242718446601947,0.03474014753833418,0.20388349514563106,0.07212590537833256,0.017857142857142856,0.005357142857142858,0.015554974000006017,0.03571428571428571,0.023809523809523808,0.029675159333603353,0.018238993710691827,0.02798310528584124,0.14465408805031446,0.05510881501447539,56,0.3522012578616352,59868,11.742929680508274,19.969313822795765,139.45315286888194,11.660971425651868,12.49479983585905,11.662962460634585,11.685062356291132,218.6691924506226,0.0,False
282,282000,0.02829677131147719,0.019444444444444445,0.026653715659837682,0.17592592592592593,0.055875220458553795,0.014367816091954021,0.003448275862068966,0.00620128292548264,0.034482758620689655,0.0047892720306513415,0.023430027921523315,0.013855421686746989,0.019507684945424476,0.12650602409638553,0.03802591317651559,58,0.3493975903614458,59868,11.721391882213439,19.534428755990653,139.43631855546644,11.666025970420712,12.533052681888702,11.663223371233267,11.706791740832834,218.26123295804607,0.0,False
283,283000,0.03624692301162889,0.020000000000000004,0.033831277615163746,0.192,0.0728984126984127,0.0,0.0,0.0,0.0,0.0,0.024894864705789076,0.013736263736263736,0.02323576759283224,0.13186813186813187,0.050067591139019714,57,0.3131868131868132,59868,11.7441596261883,19.97202927504771,140.3426883178488,11.66188586240735,12.584143018350147,11.664140263913103,11.705636348280368,219.6746827120358,0.0,False
284,284000,0.03509865863806081,0.023958333333333335,0.035243617964528934,0.1875,0.07780257936507937,0.01736111111111111,0.004166666666666667,0.016556020527141897,0.041666666666666664,0.024999999999999998,0.029186142795744243,0.017361111111111112,0.02901441881873326,0.1388888888888889,0.060201719576719576,48,0.3333333333333333,59868,11.744084816821266,18.77251821270215,140.79718748459536,11.667088806850689,12.562072005443959,11.660556028809943,11.690437858050128,218.8939452132735,0.0,False
285,285000,0.03190143873641411,0.016379310344827588,0.024098049424065796,0.16379310344827586,0.04851190476190476,0.02121212121212121,0.005454545454545455,0.01229383155595097,0.05454545454545454,0.013383838383838385,0.02846335415257721,0.012865497076023392,0.020301371162391436,0.1286549707602339,0.03721340388007055,55,0.3216374269005848,59868,11.700890298969869,19.807776629646167,137.7463213192917,11.660800382666537,12.528746239338917,11.66331031778739,11.68536598388642,216.793211171587,0.0,False
286,286000,0.044231287426348465,0.023584905660377364,0.0410274058479009,0.19811320754716982,0.08123315363881402,0.01736111111111111,0.004166666666666667,0.008332275611573268,0.041666666666666664,0.0076388888888888895,0.03585616753588487,0.017532467532467535,0.03083671590411047,0.14935064935064934,0.05829468150896722,48,0.3116883116883117,59868,11.721377048162784,18.46344318090498,141.50912159452412,11.669104239372952,12.499969292395496,11.667350884307648,11.754338644337503,219.2847048840055,0.0,False
287,287000,0.028313002749210874,0.017,0.021802770168683275,0.16,0.037757936507936504,0.027777777777777776,0.007407407407407408,0.013779657042453696,0.07407407407407407,0.013447971781305114,0.028125326460526543,0.013636363636363637,0.018989470760784593,0.12987012987012986,0.029233663162234594,54,0.35064935064935066,59868,11.78547135911867,24.242293942787484,146.05696060644712,11.663179464334316,12.479726549892433,11.66561451960979,11.72391416393026,229.61716060612008,0.0,False
288,288000,0.02281926912887642,0.01370967741935484,0.018442339863660246,0.13709677419354838,0.03530465949820788,0.06,0.014000000000000002,0.03863098661442333,0.12,0.042412698412698416,0.033503387195291244,0.013793103448275864,0.024243675136868027,0.13218390804597702,0.03734719941616493,50,0.28735632183908044,59868,11.753691397449472,23.028547067177605,147.7155921024778,11.666091822896963,12.5809861166587,11.663253331052614,11.71018770606408,230.11834954377724,0.0,False
289,289000,0.03960064703499832,0.024528301886792458,0.037871125872924113,0.2169811320754717,0.07531072177298592,0.03231292517006803,0.01020408163265306,0.03215924263311635,0.08163265306122448,0.04931972789115646,0.037296786574471975,0.02,0.036065433751952626,0.17419354838709677,0.0670942140296979,49,0.3161290322580645,59868,11.74560818741066,19.024548239779392,140.07149013389036,11.664962250988731,12.489946517348082,11.663009138809798,11.708340178606669,218.3679046468337,0.0,False
290,290000,0.029312237926547136,0.015625,0.02565721708520733,0.140625,0.05198412698412698,0.027777777777777776,0.006250000000000001,0.015944114434659724,0.041666666666666664,0.012731481481481483,0.028893748795064587,0.013068181818181819,0.023008189089603438,0.11363636363636363,0.041278860028860026,48,0.2727272727272727,59868,11.75055283483828,18.67613971454768,139.12503696598966,11.665134236116259,12.612193341129952,11.66449678971504,11.720076074528407,217.21362995686528,0.0,False
291,291000,0.029193865680352166,0.019819819819819822,0.029378978737743693,0.17117117117117117,0.0626984126984127,0.004219409282700422,0.0012658227848101266,0.002115955126154459,0.012658227848101266,0.002109704641350211,0.018809749599223283,0.012105263157894735,0.0180433004992408,0.10526315789473684,0.037506265664160404,78,0.4105263157894737,59868,11.755019839965186,27.614774323878045,146.41436167373013,11.665680328717954,12.677549970516178,11.663510626785945,11.71019010284824,233.50108686644168,0.0,False
292,292000,0.03323302941878352,0.019811320754716984,0.03560508986530327,0.18867924528301888,0.08617475292003594,0.0,0.0,0.0,0.0,0.0,0.02380203458372333,0.01418918918918919,0.025500942741365863,0.13513513513513514,0.06171975546975547,42,0.28378378378378377,59868,11.756032675017124,17.841503909404864,139.39978500931983,11.66438321045793,12.455544046954813,11.667123532635436,11.723521922871182,216.50789430666117,0.0,False
293,293000,0.04052915274490388,0.02717391304347826,0.03991086334486954,0.20652173913043478,0.07585403726708073,0.0070921985815602835,0.002127659574468085,0.006299615126933303,0.02127659574468085,0.010638297872340425,0.029223132272406412,0.018705035971223024,0.028545908911466637,0.14388489208633093,0.05380267214799589,47,0.3381294964028777,59868,11.754138686190242,21.984379649425676,150.55356351360848,11.66814037285857,12.40946938096954,11.66514303876931,11.751137638682518,231.78597228050435,0.0,False
294,294000,0.035056701935698105,0.018333333333333333,0.033412445883630564,0.175,0.06862103174603176,0.007246376811594202,0.002173913043478261,0.003071021149126717,0.021739130434782608,0.0024154589371980675,0.02735022629889822,0.013855421686746989,0.02500458119816565,0.13253012048192772,0.05027490916045133,46,0.27710843373493976,59868,11.79473813228693,21.89975796329513,147.721476065954,11.663935078579101,12.730401895422183,11.664607081268707,11.714559525699553,229.18947574250558,0.0,False
295,295000,0.03139094170109648,0.02307692307692308,0.031207934984279463,0.22115384615384615,0.07048611111111111,0.012195121951219513,0.0024390243902439024,0.009435434322793698,0.024390243902439025,0.012195121951219513,0.02596315818561403,0.017241379310344827,0.025051572728273144,0.16551724137931034,0.054003831417624514,41,0.2827586206896552,59868,11.753651302542911,20.740378719324994,145.88323889372367,11.665272977676167,12.570296717084872,11.665814536890306,11.72162293155976,226.0002760788027,0.0,False
296,296000,0.019740828481770507,0.014423076923076924,0.019704600424347598,0.1346153846153846,0.04576465201465201,0.04358974358974359,0.010769230769230769,0.021045777108818255,0.1076923076923077,0.018736263736263734,0.02891348813868323,0.013017751479289942,0.020220437610682467,0.1242603550295858,0.03536911806142576,64,0.378698224852071,59868,11.790456846502707,25.194993320584725,148.4730332972223,11.660750365544148,12.523838954892064,11.66477834105284,11.695766838723532,233.0036179645223,0.0,False
297,297000,0.03991093468417306,0.02327586206896552,0.035818594650212976,0.22413793103448276,0.08056239737274219,0.021164021164021163,0.006349206349206349,0.010899528286484017,0.06349206349206349,0.011262282690854119,0.03331285897596318,0.017318435754189943,0.027048196991470378,0.16759776536312848,0.05617185421654695,63,0.35195530726256985,59868,11.744407039104843,21.09798963977061,143.74398130827248,11.662767370954064,12.584833040313326,11.665693790921527,11.715067186945927,224.21473937628278,0.0,False
298,298000,0.03377487522224364,0.01842105263157895,0.028704093687354534,0.17543859649122806,0.055955861876914516,0.0,0.0,0.0,0.0,0.0,0.023335368335368332,0.012727272727272728,0.019831919274899495,0.12121212121212122,0.03866041366041365,51,0.3090909090909091,59868,11.756166642729049,22.661374683277668,152.00107956822583,11.668233973638475,12.542444527266493,11.666628966983117,11.796136420133552,234.09206478225423,0.0,False
299,299000,0.04246034069456139,0.021167883211678836,0.030540104374118224,0.20437956204379562,0.052259297879735836,0.02459016393442623,0.006557377049180328,0.025911724200895537,0.06557377049180328,0.045081967213114756,0.03695488219775207,0.016666666666666666,0.029114189270246584,0.16161616161616163,0.05004810004810005,61,0.30808080808080807,59868,11.776820725381555,23.589339993052015,151.75316119191152,11.663511852763598,12.697340138381751,11.664770847158445,11.692227531515108,234.837172280164,0.0,False
300,300000,0.02443161602326229,0.019000000000000003,0.022772374017461128,0.15,0.03824603174603174,0.021739130434782608,0.006521739130434784,0.01655123785788673,0.06521739130434782,0.02701863354037267,0.02358329864607006,0.015068493150684932,0.020812290021978787,0.1232876712328767,0.034708632311372035,46,0.3150684931506849,59868,11.74841297051088,18.78592715029437,145.97860294082722,11.663549369544945,12.439592659146959,11.667091337666523,11.691816514322607,223.9749929423135,0.0,False
301,301000,0.03922332931829868,0.02577319587628866,0.034791964517237976,0.2268041237113402,0.06444526264113894,0.0,0.0,0.0,0.0,0.0,0.025882060842686884,0.017006802721088437,0.022957962980762473,0.14965986394557823,0.04252510528020732,50,0.3401360544217687,59868,11.75189895269435,19.457917551757298,150.75091682988096,11.662486619851142,12.421470164822313,11.662937499365423,11.741174788526543,229.44880240689804,0.0,False
302,302000,0.03699828518722664,0.028089887640449437,0.03277218358133139,0.23595505617977527,0.06103085428928126,0.023809523809523808,0.0071428571428571435,0.01280477101814761,0.03571428571428571,0.008928571428571428,0.033842000413075536,0.023076923076923078,0.027993657497834414,0.18803418803418803,0.04856193189526523,28,0.23931623931623933,59868,11.750937475560331,18.503851973453166,147.1641457630457,11.661300569731914,12.298895705378786,11.66121668223774,11.711648428600064,224.75199659800768,0.0,False
303,303000,0.027295616566491186,0.019626168224299065,0.028628596745171927,0.18691588785046728,0.06967067200712061,0.012345679012345678,0.003703703703703704,0.006857246971181963,0.037037037037037035,0.008024691358024692,0.022281351796777784,0.014285714285714285,0.021326404895510694,0.13664596273291926,0.04899438036083999,54,0.33540372670807456,59868,11.728259216831072,23.217252631671514,145.46099740304908,11.664760976179412,12.676284656953918,11.66543937687614,11.71493131128798,228.12792557284914,0.0,False
304,304000,0.03578376232382717,0.01732283464566929,0.03173602633834344,0.14173228346456693,0.06091426071741033,0.039473684210526314,0.009210526315789475,0.02547060095129425,0.06578947368421052,0.027537593984962402,0.037165210911950984,0.014285714285714287,0.029390349838758517,0.11330049261083744,0.048418562827429824,76,0.37438423645320196,59868,11.728450853232264,27.656255999403136,146.021948671457,11.658649981163837,12.62405509998288,11.661002240898055,11.703364909090851,233.05372775522804,0.0,False
305,305000,0.02503923847878096,0.018518518518518517,0.029172907780535627,0.1574074074074074,0.07741769547325103,0.007407407407407407,0.0022222222222222222,0.003714676777026717,0.022222222222222223,0.0037037037037037034,0.019853405810729915,0.013725490196078431,0.021685192779503593,0.11764705882352941,0.05573710965867829,45,0.29411764705882354,59868,11.689285193419718,21.729157857003358,145.4649208506298,11.665089402812523,12.454855291180177,11.667065426365642,11.71336857896943,226.38374260038063,0.0,False
306,306000,0.04071487478608669,0.026373626373626377,0.040938020728269485,0.2087912087912088,0.08901098901098901,0.011494252873563218,0.003448275862068966,0.005823436550568885,0.017241379310344827,0.004310344827586207,0.029340404511413117,0.017449664429530203,0.027269256417486697,0.1342281879194631,0.05604026845637584,57,0.3825503355704698,59868,11.722340555950229,23.775461618122385,144.27574622274952,11.660699532400898,12.467863115636636,11.661436957882687,11.764612508957661,227.32816051170005,0.0,False
307,307000,0.022135458605704778,0.022077922077922082,0.025643985972624597,0.18181818181818182,0.05234487734487734,0.03260869565217391,0.008695652173913044,0.01915300802554614,0.06521739130434782,0.01847826086956522,0.026052278964546892,0.017073170731707322,0.02321646576477411,0.13821138211382114,0.039679313459801274,46,0.37398373983739835,59868,11.732807160769188,21.091658480729137,146.81634689753253,11.665255352621973,12.342468182699463,11.667405296858501,11.721148166957128,227.03708953816792,0.0,False
308,308000,0.024637840045893186,0.01931818181818182,0.026538358963426042,0.1590909090909091,0.061498917748917754,0.020833333333333332,0.006250000000000001,0.010636141131803724,0.0625,0.01099537037037037,0.023295072970872056,0.014705882352941176,0.020925811493441696,0.125,0.04367413632119515,48,0.35294117647058826,59868,11.751897951897682,21.492793638680507,147.94165089580812,11.66087653974024,12.365852014917245,11.66408098289551,11.716068530842616,228.5932205547819,0.0,False
309,309000,0.030975445319707615,0.01639344262295082,0.03013373206725268,0.13114754098360656,0.05788771792870153,0.025423728813559324,0.006779661016949153,0.02324972622255892,0.06779661016949153,0.03790018832391714,0.029165769773504577,0.013259668508287295,0.027889774360971287,0.11049723756906077,0.051372445847583964,59,0.3259668508287293,59868,11.752634994990906,20.70603054760145,141.95182699409946,11.660901650792365,12.495780613908103,11.659655570678273,11.67868725421295,221.9055176262835,0.0,False
310,310000,0.0434645813174039,0.024193548387096774,0.03608962502167342,0.18548387096774194,0.0653321812596006,0.01570048309178744,0.004347826086956523,0.010426293014488398,0.043478260869565216,0.013043478260869565,0.03353855656316796,0.017098445595854925,0.026914651402524373,0.13471502590673576,0.04663829262274859,69,0.35751295336787564,59868,11.693005028234893,21.035766045840454,140.75024462795182,11.661105732363453,12.598717398421,11.663542782328062,11.70294113139736,221.105322746537,0.0,False
311,311000,0.040477556329439,0.02181818181818182,0.0346242083998764,0.2,0.07009740259740259,0.008333333333333333,0.0025,0.004795614237973753,0.025,0.005625,0.02694314664686819,0.013684210526315792,0.022064800331706866,0.12631578947368421,0.04295112781954888,80,0.42105263157894735,59868,11.72337507640564,23.49087565592378,140.68020364034484,11.663890217686323,12.623179827794818,11.662852894417375,11.699237435436327,223.54361474800908,0.0,False
312,312000,0.020001581506006286,0.01592920353982301,0.02270358908066497,0.1504424778761062,0.06236128669756989,0.027777777777777776,0.007575757575757576,0.017070009996319094,0.07575757575757576,0.020346320346320345,0.022868782365989063,0.012849162011173186,0.02062640349649275,0.12290502793296089,0.04686973485856167,65,0.36312849162011174,59868,11.757463776282396,20.46327617562238,139.7399492927276,11.661367526005773,12.714401286001431,11.660607141833479,11.687892590067639,219.68495778854066,0.0,False
313,313000,0.033054071975093115,0.022935779816513766,0.029993275143066173,0.1834862385321101,0.06825760885393913,0.03153153153153153,0.008108108108108109,0.028929894417748087,0.08108108108108109,0.048048048048048055,0.032438399883161106,0.016939890710382512,0.02956327419403045,0.14207650273224043,0.060085436724780984,73,0.3989071038251366,59868,11.736301169518182,21.914326713001753,139.83209910797822,11.66631150721631,12.63827918669691,11.664061142391269,11.689065312001091,221.14044413880373,0.0,False
314,314000,0.030918867457328993,0.017948717948717954,0.02622139127961595,0.1794871794871795,0.05355786189119522,0.04569892473118279,0.012903225806451613,0.03453455996160363,0.12903225806451613,0.054205069124423966,0.03603821690413869,0.016201117318435754,0.029100812834270903,0.16201117318435754,0.0537820342289616,62,0.3463687150837989,59868,11.722646212589115,22.17015926508914,141.6903990017898,11.665826382831202,12.628658513022529,11.66291761552085,11.717100303662576,223.25770729450522,0.0,False
315,315000,0.022588197032946896,0.01588785046728972,0.023733733897876582,0.12149532710280374,0.05137219997033081,0.013157894736842105,0.002631578947368421,0.008067726220598136,0.02631578947368421,0.008771929824561403,0.02011680746569185,0.012413793103448275,0.019628159472107057,0.09655172413793103,0.040207991242474005,38,0.2620689655172414,59868,11.742165492739653,17.87670915916195,139.16740296135433,11.658518142179663,12.439429554936265,11.66136988334232,11.688795981110168,216.23439117482437,0.0,False
316,316000,0.024494091252387933,0.013114754098360656,0.020563465860034935,0.12295081967213115,0.04196916471506636,0.017094017094017092,0.005128205128205128,0.009067126102713948,0.038461538461538464,0.007173382173382174,0.021608062330623304,0.01,0.016079893354679752,0.09,0.028398809523809524,78,0.39,59868,11.729827337422783,22.920059397996127,141.34012600641734,11.665725489204416,12.712401878015033,11.663626433303097,11.719805726589927,223.75157226894873,0.0,False
317,317000,0.04157658109863992,0.02403846153846154,0.04120816232919639,0.22115384615384615,0.08671016483516483,0.019230769230769232,0.0038461538461538464,0.009639727602728597,0.038461538461538464,0.008653846153846154,0.03412797714268303,0.01730769230769231,0.03068535075370712,0.16025641025641027,0.060691391941391934,52,0.3333333333333333,59868,11.753830407537635,19.08277774796685,138.83537195277796,11.663591928265383,12.535640735000797,11.667110787885736,11.72961059783817,217.26793415727255,0.0,False
318,318000,0.026336663336663336,0.013846153846153848,0.026369456104977585,0.11538461538461539,0.056025641025641025,0.0182648401826484,0.004109589041095891,0.016185504007360997,0.0410958904109589,0.02328767123287671,0.023433988015268806,0.010344827586206896,0.0227072467299726,0.08866995073891626,0.044252873563218394,73,0.35960591133004927,59868,11.753962111546446,26.888562860469257,146.50459630626,11.66509145270056,12.867405581012958,11.664104899500316,11.714991573888444,233.058714785378,0.0,False
319,319000,0.028990147610057113,0.018461538461538463,0.02865678343835019,0.14615384615384616,0.06176129426129426,0.02054794520547945,0.005479452054794521,0.013633154250826838,0.0547945205479452,0.02009132420091324,0.02595428172072623,0.013793103448275862,0.023254197572886128,0.11330049261083744,0.046776526702635074,72,0.35467980295566504,59868,11.751309138940957,21.928183770253405,140.3712609594765,11.664209396189396,12.760596627775511,11.665381613554239,11.728218156092929,221.86915966228295,0.0,False
320,320000,0.01700014365293635,0.015306122448979591,0.020399710727707927,0.14285714285714285,0.05124716553287982,0.01282051282051282,0.0038461538461538464,0.011633282681830849,0.038461538461538464,0.021153846153846155,0.015551204964362858,0.011333333333333334,0.017360682338470542,0.10666666666666667,0.04081481481481481,52,0.3466666666666667,59868,11.753187745766613,23.254992715604494,150.0188630024907,11.66376466632535,12.438430561090286,11.666889479428066,11.718937104693294,232.51506527539877,0.0,False
321,321000,0.045160507208794026,0.02605042016806723,0.03547342953744836,0.23529411764705882,0.0660764305722289,0.01515151515151515,0.0036363636363636364,0.006779085203668072,0.03636363636363636,0.005454545454545455,0.035674906271148395,0.01896551724137931,0.026403378167575275,0.1724137931034483,0.04691434044882321,55,0.3160919540229885,59868,11.744066774413419,20.049619689307963,142.5833544625027,11.656632652484733,12.57039040460095,11.663032637554416,11.689094901262687,221.95619152212686,0.0,False
322,322000,0.034679106208493196,0.021782178217821784,0.03415833991211116,0.19801980198019803,0.0853960396039604,0.02127659574468085,0.006382978723404256,0.010669816274438443,0.06382978723404255,0.010638297872340425,0.03042290356120143,0.016891891891891893,0.026699146594742127,0.1554054054054054,0.06165540540540541,47,0.31756756756756754,59868,11.723146731326683,18.61334966389572,144.640522914144,11.661870149282105,12.435054097301169,11.662001751719387,11.718784380582159,222.4547296882512,0.0,False
323,323000,0.036902112498857914,0.02033898305084746,0.030639206943098768,0.1864406779661017,0.0622511433952112,0.03459119496855345,0.009433962264150943,0.016826632694174646,0.09433962264150944,0.016427073974243783,0.03618586320583957,0.016959064327485382,0.026358116678812344,0.15789473684210525,0.04804836164485288,53,0.30994152046783624,59868,11.747730371505781,19.128433702872428,141.74483503645584,11.665229275745205,12.573534924203988,11.66450427572685,11.725368173093331,220.2496357596034,0.0,False
324,324000,0.027017019198560005,0.020175438596491232,0.025723107558535612,0.15789473684210525,0.049961709830130874,0.03409090909090909,0.009090909090909092,0.018769879746660847,0.09090909090909091,0.020075757575757577,0.028986963219214176,0.01708860759493671,0.023786765636241373,0.13924050632911392,0.041639039582077556,44,0.27848101265822783,59868,11.751575209731357,21.029598237062853,150.81219062755557,11.664909028943903,12.495838554629767,11.657796039579726,11.717216587173173,231.12912428467632,0.0,False
325,325000,0.025928683956206892,0.01834862385321101,0.02466775584234389,0.1559633027522936,0.055770350953837186,0.016260162601626015,0.0036585365853658543,0.007369897889561012,0.036585365853658534,0.006213704994192799,0.021777800442721908,0.012041884816753928,0.0172414503338193,0.10471204188481675,0.03449472284550819,82,0.4293193717277487,59868,11.744723027992677,23.37217213016496,142.75461349726183,11.660916646477615,12.605829023931703,11.662859528943637,11.694997813518903,225.49611166829132,0.0,False
326,326000,0.03876352813852814,0.01583333333333333,0.03191781061977887,0.15,0.058677248677248675,0.024193548387096774,0.0064516129032258064,0.015892513320046858,0.04838709677419355,0.015456989247311826,0.033800128442985584,0.012637362637362636,0.026458643407782253,0.11538461538461539,0.04395386359672074,61,0.33516483516483514,59868,11.72273233972232,20.906230055378614,143.36660658492707,11.66512961599253,12.588631062432354,11.664426198862433,11.718963571841211,223.6327194291565,0.0,False
327,327000,0.0249668328615697,0.013513513513513514,0.021210643720594356,0.12612612612612611,0.04323609323609323,0.02898550724637681,0.006521739130434784,0.016486862169331085,0.06521739130434782,0.017598343685300204,0.026144278859666054,0.011464968152866243,0.0198266058138548,0.10828025477707007,0.03572439591547872,46,0.2929936305732484,59868,11.744450291631402,18.771226512073746,146.09200851363468,11.658037283146516,12.400292624947795,11.66230929321166,11.692995468701174,224.02131998734697,0.0,False
328,328000,0.03361016110974211,0.0232,0.033994730882169616,0.216,0.08816190476190476,0.024691358024691357,0.005555555555555557,0.013198064386554423,0.05555555555555555,0.01337448559670782,0.0309195724695592,0.01787709497206704,0.027720876185168383,0.16759776536312848,0.06560033696905206,54,0.3016759776536313,59868,11.72205853548769,19.274262563304113,142.96859457052503,11.662165639816923,12.581430227628921,11.662497496067736,11.716422813584648,221.58743184641506,0.0,False
329,329000,0.027700019958281894,0.01937984496124031,0.027250380082691386,0.17829457364341086,0.06446413190599237,0.02678571428571428,0.0071428571428571435,0.011846415838966484,0.07142857142857142,0.009970238095238093,0.027423257160099263,0.01567567567567568,0.022587558473780064,0.14594594594594595,0.047968682968682966,56,0.3027027027027027,59868,11.747295638755983,20.03764708349842,139.03226034046867,11.665213562619957,12.712794647318226,11.663361284969254,11.69064835732092,218.54922091495143,0.0,False
330,330000,0.034175196633536006,0.021359223300970877,0.02822161372717955,0.18446601941747573,0.04699106179688704,0.005847953216374269,0.0017543859649122807,0.002744320035220798,0.017543859649122806,0.002506265664160401,0.024083616166172134,0.014374999999999999,0.019145327849419243,0.125,0.03114335317460317,57,0.35625,59868,11.721833316491459,19.511135072453058,139.36709726508622,11.664551273216084,12.4804035934456,11.663183225082975,11.712862727122907,218.12106647289832,0.0,False
331,331000,0.03671894742246355,0.026595744680851064,0.03909733541595501,0.20212765957446807,0.08132387706855791,0.03333333333333333,0.007272727272727273,0.02159429386983492,0.07272727272727272,0.029545454545454545,0.03546922410097253,0.01946308724832215,0.03263648115396437,0.15436241610738255,0.06221103653989561,55,0.3691275167785235,59868,11.743508693928817,19.8920709905126,139.36983276517657,11.658994203703198,12.357132686477424,11.659536586813847,11.678759311517517,218.35983523813,0.0,False
332,332000,0.025714771650179553,0.018400000000000003,0.028634396429096272,0.152,0.06603809523809523,0.02127659574468085,0.00425531914893617,0.012579472443043143,0.0425531914893617,0.013677811550151974,0.02450201428065375,0.014534883720930232,0.024247295107325935,0.12209302325581395,0.05173034330011074,47,0.27325581395348836,59868,11.693273377563763,18.474933969475636,142.64864154284186,11.660876066688086,12.566072457406708,11.666797360879166,11.71585897372096,220.4264537485762,0.0,False
333,333000,0.026129553558396065,0.018548387096774192,0.027047362141913656,0.1693548387096774,0.06247759856630824,0.034482758620689655,0.006896551724137932,0.02345421260416759,0.06896551724137931,0.03119868637110016,0.028791563962863254,0.014835164835164835,0.02590229250900557,0.13736263736263737,0.052509593581022154,58,0.31868131868131866,59868,11.752935085942994,20.196813166450944,138.09949411688893,11.66420065265572,12.63480236933512,11.66542196076592,11.732147607176891,217.74581495921652,0.0,False
334,334000,0.031921937435261186,0.020535714285714286,0.03202900363993489,0.16071428571428573,0.06907242063492064,0.025423728813559324,0.006779661016949153,0.023688598800633048,0.06779661016949153,0.038841807909604516,0.029679865454673993,0.015789473684210527,0.029151320098889225,0.1286549707602339,0.05864197530864198,59,0.34502923976608185,59868,11.752837779599457,24.50166304311663,144.67425923689325,11.663822327159789,12.529154820334343,11.663371711767567,11.709648803828742,228.49475772269975,0.0,False
335,335000,0.03364788762336964,0.018055555555555557,0.03029969577040534,0.1388888888888889,0.06307870370370369,0.0375,0.01,0.02732900329367079,0.075,0.03273809523809524,0.03502364204359477,0.01517857142857143,0.029238734171571572,0.11607142857142858,0.05224277210884353,40,0.35714285714285715,59868,11.741683431362727,17.591841653410988,140.25383570676064,11.664918947218439,12.278878938995486,11.66453128292888,11.732634056085821,216.928324016763,0.0,False
336,336000,0.03181169327510791,0.019512195121951223,0.028607477139696705,0.18699186991869918,0.06530842689379275,0.038011695906432746,0.008771929824561403,0.02583869182877594,0.08771929824561403,0.032330827067669175,0.03377502744169411,0.016111111111111114,0.027730695124571794,0.15555555555555556,0.05486552028218694,57,0.31666666666666665,59868,11.75598784960985,24.147213195921392,149.76408058318958,11.661302623561243,12.587754197643243,11.6626227714689,11.717810323774724,233.29677154516895,0.0,False
337,337000,0.02555399102812896,0.01769230769230769,0.022529892975039954,0.15384615384615385,0.04548840048840049,0.010638297872340425,0.002127659574468085,0.013045684952456562,0.02127659574468085,0.02127659574468085,0.02159332674382353,0.013559322033898306,0.02001148745491894,0.11864406779661017,0.039059277194870415,47,0.2655367231638418,59868,11.749333895930135,18.645729837729608,144.48573992000001,11.655098591467628,12.516778027049646,11.662262709627447,11.695210421797109,222.41015340360158,0.0,False
338,338000,0.03212061538390787,0.019811320754716984,0.025275402070942435,0.16037735849056603,0.04070455226115604,0.04716981132075472,0.013207547169811321,0.0356139810828881,0.1320754716981132,0.0559748427672956,0.037137014029523484,0.017610062893081764,0.028721595074924323,0.1509433962264151,0.04579464909653589,53,0.3333333333333333,59868,11.719086958988933,19.859916364911577,148.77625272849414,11.659655854492911,12.436378226163281,11.665969839133595,11.700855695379042,227.81811566756346,0.0,False
339,339000,0.035491960186796026,0.022000000000000002,0.029901226070316665,0.21,0.06013492063492063,0.01282051282051282,0.0038461538461538464,0.007101303874360574,0.038461538461538464,0.008012820512820512,0.027735938719383357,0.01578947368421053,0.022101252687489577,0.1513157894736842,0.042303675856307434,52,0.34210526315789475,59868,11.70069965203413,19.320527857955017,146.057080514142,11.665479436304139,12.455162824026589,11.6635379611707,11.695237732534114,224.5577259781667,0.0,False
340,340000,0.03929489855253753,0.02280701754385965,0.03489637539641492,0.18421052631578946,0.05998677248677249,0.0,0.0,0.0,0.0,0.0,0.027651965648081967,0.016049382716049384,0.024556708612291984,0.12962962962962962,0.042212913972173235,48,0.2962962962962963,59868,11.723276078901002,18.58253478877192,146.7462825427146,11.663939734174456,12.555578096262732,11.668319016153173,11.729132502191764,224.66906275916963,0.0,False
341,341000,0.026288862652499013,0.01487603305785124,0.024892518775067773,0.1322314049586777,0.05212842712842713,0.02592592592592592,0.006666666666666668,0.01946152155803978,0.06666666666666667,0.03095238095238095,0.026190476190476195,0.012650602409638554,0.02342026049334332,0.1144578313253012,0.046387932683113406,45,0.2710843373493976,59868,11.755241069583144,21.3438747782152,147.62862255655872,11.664143792070035,12.50319944057221,11.660341938293794,11.729599374218914,228.285022949512,0.0,False
342,342000,0.018586886654113545,0.014285714285714287,0.01962540673326746,0.12244897959183673,0.051230968577907356,0.04081632653061224,0.01020408163265306,0.01986937609001536,0.10204081632653061,0.018901846452866862,0.025996699946279775,0.012925170068027212,0.019706729852183424,0.11564625850340136,0.04045459453622719,49,0.3333333333333333,59868,11.747439303974595,18.810961920551208,148.38675683903625,11.665144875785959,12.443260217445683,11.665027713186893,11.732133754702168,226.45072462468278,0.0,False
343,343000,0.030687040271891914,0.02035398230088496,0.028557836672446307,0.17699115044247787,0.05646158168282061,0.024999999999999998,0.006666666666666667,0.015627706687310738,0.06666666666666667,0.018611111111111113,0.028714656362565236,0.015606936416184972,0.024073398527312585,0.13872832369942195,0.04333425084870172,60,0.3468208092485549,59868,11.760156328796679,25.711186887211745,148.1816739312969,11.668166169834237,12.604279529634944,11.66941436292479,11.771785646610965,233.36666285631026,0.0,False
344,344000,0.025868570262509657,0.019191919191919194,0.02649560506592303,0.16161616161616163,0.06121933621933622,0.046511627906976744,0.011627906976744186,0.029736419057624097,0.09302325581395349,0.031229235880398668,0.03211963701400321,0.016901408450704227,0.027476978316931102,0.14084507042253522,0.05213782696177062,43,0.3028169014084507,59868,11.765933894680725,21.508987178550655,151.83932617203467,11.662963592007358,12.42916465900301,11.663894301683353,11.723562805154852,232.5938326031146,0.0,False
345,345000,0.03808740954143662,0.02540983606557377,0.04004707728274451,0.1885245901639344,0.08328129065833983,0.021604938271604937,0.005555555555555557,0.009392496777539559,0.05555555555555555,0.007583774250440917,0.03303028767455645,0.019318181818181818,0.03064169462773845,0.14772727272727273,0.06005591630591631,54,0.3068181818181818,59868,11.751621336028585,23.462463658252553,146.87069023298915,11.663203999839888,12.56570335636531,11.662382738128475,11.701958811990988,229.67802413359493,0.0,False
346,346000,0.03622359411421912,0.017968750000000002,0.03096945047136747,0.15625,0.05581287202380952,0.030054644808743168,0.00819672131147541,0.035798172138914015,0.08196721311475409,0.07103825136612021,0.03423255756589089,0.014814814814814815,0.03252792677676609,0.13227513227513227,0.06072688334593096,60,0.31746031746031744,59868,11.744064660965115,20.235432720921985,147.29908960077475,11.66181751065254,12.68668891393765,11.664913699069302,11.727940014652493,227.01994712097385,0.0,False
347,347000,0.026559959672129763,0.021818181818181816,0.02958322482978853,0.17272727272727273,0.07083333333333333,0.041666666666666664,0.0125,0.03982932378798778,0.1,0.05982142857142857,0.030588414870672934,0.019333333333333334,0.03231551788530833,0.15333333333333332,0.0678968253968254,40,0.26666666666666666,59868,11.745212867592114,20.13990953594891,148.56488036660286,11.66650333678243,12.446869484775135,11.663820557158978,11.722887480331012,227.95008362919145,0.0,False
348,348000,0.024077398582349075,0.014851485148514854,0.020785558739291353,0.13861386138613863,0.04218528995756718,0.039215686274509796,0.00980392156862745,0.03012870204727217,0.09803921568627451,0.04873949579831933,0.029156692479060907,0.013157894736842105,0.023920429191311234,0.125,0.0443843984962406,51,0.3355263157894737,59868,11.745051108208449,18.93497562822921,146.22443734360613,11.661861847242495,12.45424377108173,11.663126092492648,11.692831856549567,224.37652764741026,0.0,False
349,349000,0.0424587002871157,0.028037383177570093,0.0425652586626855,0.22429906542056074,0.0891188251001335,0.04074074074074074,0.011111111111111112,0.023701863494184603,0.1111111111111111,0.026666666666666665,0.041950093842465216,0.023026315789473683,0.036980700882537215,0.19078947368421054,0.07062969924812029,45,0.29605263157894735,59868,11.72179770372872,18.52108666164365,145.99518200866802,11.660818413763984,12.371449269826806,11.660645876723773,11.695744604800495,223.62672453915545,0.0,False
350,350000,0.043130133409295925,0.027966101694915257,0.040183229267901716,0.211864406779661,0.08430858218993811,0.026190476190476188,0.007142857142857143,0.020022247006226106,0.07142857142857142,0.030612244897959183,0.0368228142320758,0.02021276595744681,0.03267648055344803,0.1595744680851064,0.06431526511313744,70,0.3723404255319149,59868,11.708016975239822,21.751171907558042,144.83099790202348,11.665628450924226,12.708397298707986,11.664632338176384,11.73293507342188,226.06177994605181,0.0,False
351,351000,0.04193805253462824,0.023809523809523808,0.031018691010347297,0.20952380952380953,0.04804232804232804,0.028205128205128206,0.004615384615384616,0.011197765323410698,0.046153846153846156,0.006984126984126984,0.03668722852628999,0.016470588235294115,0.023440101777106835,0.14705882352941177,0.03234360410830999,64,0.3764705882352941,59868,11.75245208191733,24.95200942909115,147.0973426192651,11.662020121816496,12.539810337719448,11.662550450042275,11.720169864545827,231.38635490439765,0.0,False
352,352000,0.04213994565217392,0.028260869565217398,0.03683018828348698,0.2608695652173913,0.07502587991718426,0.014492753623188404,0.004347826086956522,0.008319137358571975,0.043478260869565216,0.009963768115942028,0.032924214975845405,0.020289855072463767,0.027326504641848645,0.18840579710144928,0.05333850931677018,46,0.3333333333333333,59868,11.74415747776103,18.87567561924264,142.22838373623148,11.66498582856612,12.39586478439525,11.666480385988386,11.731347246371481,220.3068950785564,0.0,False
353,353000,0.03779668439530638,0.0256198347107438,0.04017909570721064,0.21487603305785125,0.09601534828807555,0.048850574712643674,0.013793103448275864,0.036455048564419404,0.1206896551724138,0.05488505747126436,0.04137839187243243,0.021787709497206702,0.038972421214015715,0.18435754189944134,0.08268821495078478,58,0.3240223463687151,59868,11.75943297655746,24.430837812131067,150.35228721792248,11.6637231365041,12.754985027382816,11.663838710443407,11.72596170864737,234.35106658958867,0.0,False
354,354000,0.024063315172343513,0.01956521739130435,0.026390499375316158,0.14130434782608695,0.05843685300207039,0.03968253968253968,0.009523809523809525,0.03002058224704642,0.09523809523809523,0.04047619047619048,0.02895889300389753,0.016417910447761197,0.027528286544067433,0.12686567164179105,0.05280739161336176,42,0.31343283582089554,59868,11.765155049747733,18.127823521951747,143.8799426109888,11.66423915892334,12.378626164349926,11.670190164556061,11.728152910714385,221.214129581232,0.0,False
355,355000,0.04754964548008258,0.027678571428571434,0.04241259932234887,0.21428571428571427,0.08669217687074829,0.012121212121212121,0.0036363636363636364,0.00560777141501875,0.03636363636363636,0.005050505050505051,0.03588159856548453,0.01976047904191617,0.03029124881394674,0.15568862275449102,0.05980420112156639,55,0.32934131736526945,59868,11.756737696599906,24.024958786825202,149.0145944682275,11.664895259250185,12.504854237066487,11.663805750711242,11.719854505903848,232.3497007045844,0.0,False
356,356000,0.041886229913734016,0.024761904761904763,0.03798329091390145,0.20952380952380953,0.0705933484504913,0.037037037037037035,0.009259259259259259,0.024746932501041874,0.09259259259259259,0.03497942386831276,0.040239334219761454,0.01949685534591195,0.03348792390576047,0.16981132075471697,0.05849805330937406,54,0.33962264150943394,59868,11.751386529881835,19.194927043567066,145.20783618113265,11.66315900098802,12.534045339102073,11.666003839588823,11.728520091944251,223.74587802620474,0.0,False
357,357000,0.0263976763976764,0.015384615384615385,0.023142154006582524,0.14285714285714285,0.044261294261294264,0.006060606060606061,0.0018181818181818182,0.003674679027282683,0.01818181818181818,0.004545454545454545,0.018736451270697847,0.010273972602739725,0.015808516171914776,0.0958904109589041,0.029299847792998476,55,0.3767123287671233,59868,11.753914228015972,23.51457206026253,153.07035844142058,11.663069760151078,12.455468311675656,11.663438368419987,11.73227091152973,235.8530920814755,0.0,False
358,358000,0.04781553060940168,0.029523809523809525,0.040749939005744085,0.23809523809523808,0.07506424792139077,0.01818181818181818,0.005454545454545455,0.008908531279334254,0.05454545454545454,0.008686868686868687,0.03762894196241985,0.021249999999999998,0.029804455099790704,0.175,0.052247023809523806,55,0.34375,59868,11.752515538088204,21.338890215771844,146.0994541686994,11.65882757586667,12.410397417908502,11.662148259178329,11.68964765205227,226.61188082756522,0.0,False
359,359000,0.03265749388004742,0.019819819819819822,0.028292892927355855,0.17117117117117117,0.057518232518232515,0.028248587570621465,0.00847457627118644,0.029921366728620707,0.06779661016949153,0.05084745762711865,0.031127344043246647,0.015882352941176472,0.028858069128971302,0.13529411764705881,0.055203081232493,59,0.34705882352941175,59868,11.691842433506071,22.417992695519807,147.95825423201404,11.663811600753915,12.546734062077181,11.66250479285591,11.718480800879117,229.65962061760607,0.0,False
360,360000,0.03294196113963555,0.020155038759689926,0.026879000356552905,0.16279069767441862,0.04613325950535253,0.024305555555555552,0.006250000000000001,0.017053889409017805,0.0625,0.02291666666666667,0.030599885049037587,0.01638418079096045,0.024214563489424745,0.13559322033898305,0.039837234328759755,48,0.2711864406779661,59868,11.749117144521648,19.813527271303478,146.66854881460745,11.661062641457608,12.594017353151354,11.662996587225027,11.705241876006077,225.85451168827265,1061.2914973267827,True
361,361000,0.03741961163836163,0.02416666666666667,0.040224164870355926,0.2,0.08750992063492063,0.04954954954954955,0.013513513513513514,0.0435974067200136,0.10810810810810811,0.07297297297297298,0.0402782594263486,0.021656050955414015,0.041019132694797546,0.17834394904458598,0.08408401577191386,37,0.2356687898089172,59868,11.78782575546322,19.31579735335587,175.1291886857992,11.666694109874198,12.557226536785704,11.667824398028937,11.751033331203198,253.87559017051026,0.0,False
362,362000,0.029648023855340926,0.018018018018018018,0.02854727811604029,0.18018018018018017,0.0629093379093379,0.014619883040935672,0.0035087719298245615,0.008178517001283131,0.03508771929824561,0.008771929824561403,0.024549190364739144,0.013095238095238096,0.021636448452104825,0.13095238095238096,0.04454128873771731,57,0.3392857142857143,59868,11.756751687033717,22.929988792774747,168.68770422465153,11.663784321547244,12.600322799316555,11.667648349839022,11.72658543266425,251.03278560782707,0.0,False
363,363000,0.047902707130136765,0.03333333333333334,0.04821492704251455,0.26436781609195403,0.09701240649516511,0.020833333333333332,0.006250000000000001,0.011505326010083911,0.0625,0.013020833333333334,0.038278040891273325,0.023703703703703706,0.03516262445320587,0.1925925925925926,0.06714873603762493,48,0.35555555555555557,59868,11.753492831334533,20.79720288117315,174.71135764557388,11.662043041080207,12.448958859628823,11.664619676207689,11.731135320061647,254.76881025505992,0.0,False
364,364000,0.03651601382376482,0.025663716814159295,0.03587400498900475,0.19469026548672566,0.07365500772580419,0.0522875816993464,0.013725490196078433,0.032440953653524965,0.13725490196078433,0.03937908496732026,0.04142058676068348,0.021951219512195124,0.034806409756629936,0.17682926829268292,0.06299603174603174,51,0.31097560975609756,59868,11.7481030509764,20.96197251225118,166.30333841902157,11.657191493791297,12.560665419505955,11.663787073123988,11.721964012265108,246.6170219809355,0.0,False
365,365000,0.041170321565058406,0.030630630630630633,0.046606971025737805,0.24324324324324326,0.10886958386958387,0.02127659574468085,0.006382978723404256,0.011928530532099588,0.06382978723404255,0.013677811550151974,0.03525256768178154,0.02341772151898734,0.0362912323978834,0.189873417721519,0.08055304400241109,47,0.2974683544303797,59868,11.72417986021468,19.9720392524555,169.57945421669507,11.667389288053108,12.4951605008361,11.664696850335886,11.729618414987875,248.83253838357822,0.0,False
366,366000,0.033339874411302976,0.020535714285714286,0.030628639625756984,0.16964285714285715,0.06351332199546485,0.0065359477124183,0.00196078431372549,0.0032776559797294564,0.0196078431372549,0.00326797385620915,0.02495336973864581,0.014723926380368098,0.02207096989601831,0.12269938650306748,0.04466355049177134,51,0.3128834355828221,59868,11.763476637602356,20.864014329755044,169.39831249301872,11.659256967097576,12.5825565433918,11.663719817270323,11.71393436674717,249.645271154883,0.0,False
367,367000,0.02250181739268313,0.017241379310344827,0.02605755317233405,0.12931034482758622,0.057433634373289535,0.04022988505747126,0.010344827586206898,0.02020410385153467,0.10344827586206896,0.020279146141215107,0.028411173280945844,0.014942528735632184,0.024106403398734256,0.1206896551724138,0.04504880496259807,58,0.3333333333333333,59868,11.725380141255904,21.504103188865752,164.62209794408656,11.66136120289707,12.474433531764472,11.660862285170492,11.687840917248838,245.3360792112891,0.0,False
368,368000,0.04804614822517636,0.026956521739130435,0.043719570962972236,0.23478260869565218,0.09342995169082124,0.0405982905982906,0.011538461538461539,0.027712404503735966,0.10256410256410256,0.036752136752136746,0.04503613322570957,0.02072538860103627,0.0372503534302239,0.18134715025906736,0.07052389176741508,78,0.40414507772020725,59868,11.703492541870197,23.127044488938097,160.3608986390781,11.661152974268285,12.606949852320138,11.663826694985335,11.70436974172462,242.8277349331848,0.0,False
369,369000,0.04168110158259614,0.02109375,0.03401531235695384,0.203125,0.0623108878968254,0.032407407407407406,0.006944444444444444,0.025189250825655,0.06944444444444445,0.03587962962962963,0.038342571679528197,0.016,0.030837930205686256,0.155,0.05279563492063492,72,0.36,59868,11.734159700765856,22.3251301801064,158.76856503883874,11.659299391786337,12.655898525171239,11.66442913176635,11.691188032222911,240.49867000065785,0.0,False
370,370000,0.03546642060350934,0.027118644067796616,0.03365990558680238,0.211864406779661,0.06035445251546946,0.01944444444444444,0.005000000000000001,0.020507781237852456,0.05,0.035416666666666666,0.03006575448247623,0.019662921348314606,0.029226605244459712,0.15730337078651685,0.05194845728553594,60,0.33707865168539325,59868,11.743211114079166,20.385545060466747,157.04504656509354,11.662705799581063,12.583427786774791,11.664186796239706,11.690745990847184,236.7748691130822,0.0,False
371,371000,0.031417805244123465,0.020212765957446813,0.03269084773235039,0.1702127659574468,0.07198159405606214,0.021645021645021644,0.005194805194805195,0.010033373794893281,0.05194805194805195,0.008441558441558443,0.02701719508546358,0.01345029239766082,0.02248835946811532,0.11695906432748537,0.04336999907175346,77,0.4502923976608187,59868,11.720035510517924,22.451135882575745,158.58958402013846,11.666178674832327,12.541747953578874,11.663850950610621,11.70229792954447,240.3348309217984,0.0,False
372,372000,0.05627081213815908,0.029591836734693875,0.04635913554763803,0.25510204081632654,0.08972708130871396,0.023391812865497075,0.005263157894736843,0.00941953853442177,0.05263157894736842,0.006627680311890838,0.044179825308857563,0.02064516129032258,0.032774896646003665,0.18064516129032257,0.05916794674859191,57,0.36774193548387096,59868,11.747849599744175,20.205032562101156,157.21165085949562,11.66589974498089,12.506762066558096,11.66873107011357,11.735915007152208,236.74184091014575,0.0,False
373,373000,0.05061374518359943,0.031958762886597936,0.04667461863047782,0.25773195876288657,0.08809932907871053,0.0,0.0,0.0,0.0,0.0,0.03663830808066526,0.023134328358208955,0.033786850799674244,0.1865671641791045,0.06377339493011135,37,0.27611940298507465,59868,11.752684066015927,20.070061394400483,165.480085755787,11.665214319500627,12.493504542757105,11.663297096037306,11.69770210113219,244.82254927563062,0.0,False
374,374000,0.03188638440831423,0.020833333333333332,0.0377941729673758,0.15833333333333333,0.09125,0.0,0.0,0.0,0.0,0.0,0.022508036052927692,0.014705882352941176,0.026678239741677035,0.11176470588235295,0.06441176470588235,50,0.29411764705882354,59868,11.751583917793408,19.17409196088016,158.14367203879908,11.66481207738601,12.72667735129074,11.66675512147275,11.735303215812397,236.86289568343454,0.0,False
375,375000,0.0445890764418582,0.026851851851851852,0.040681166704854776,0.26851851851851855,0.0858318636096414,0.032786885245901634,0.00819672131147541,0.01925724638533693,0.08196721311475409,0.022950819672131147,0.04032911393917566,0.020118343195266276,0.03294827238834242,0.20118343195266272,0.06313515544284774,61,0.3609467455621302,59868,11.759302540964578,24.99696255779671,167.15075825152192,11.662600530246149,12.457915977689971,11.66480334173492,11.704788201546968,251.3971314015012,0.0,False
376,376000,0.035155778129916056,0.01982758620689655,0.031163910847039792,0.1724137931034483,0.06485700602079912,0.029914529914529912,0.008974358974358975,0.017004348184949995,0.07692307692307693,0.018803418803418806,0.03304847214641029,0.015463917525773196,0.02547089080764287,0.13402061855670103,0.046340615283914255,78,0.4020618556701031,59868,11.756762858888825,23.420700909215775,161.4903467444251,11.668729252817256,12.662253885478702,11.66853882267338,11.764875165909405,244.43220763940843,0.0,False
377,377000,0.03059960000755946,0.022222222222222223,0.03667873184487165,0.18803418803418803,0.09574345407678742,0.023809523809523808,0.006122448979591837,0.02100670098600386,0.061224489795918366,0.03129251700680272,0.028595300406934487,0.017469879518072287,0.03205265044677213,0.15060240963855423,0.07671877988143048,49,0.29518072289156627,59868,11.751702365517257,22.61120063769273,170.14754964393697,11.660910008010061,12.715670182919524,11.673418319341211,11.712718758910556,252.27316991632833,0.0,False
378,378000,0.0344574829435003,0.021311475409836064,0.03246259830448539,0.1721311475409836,0.06728142076502731,0.01282051282051282,0.003076923076923077,0.006220894888238438,0.03076923076923077,0.0056410256410256415,0.026936610975616945,0.014973262032085561,0.0233411505929557,0.12299465240641712,0.04585561497326203,65,0.34759358288770054,59868,11.753411687520643,21.279018951408936,163.73113341100475,11.663532978378743,12.539667587060933,11.661040348998064,11.69174238348225,244.31954734785432,0.0,False
379,379000,0.037990060621639565,0.024761904761904763,0.039148720711369545,0.19047619047619047,0.08096749811035525,0.023809523809523808,0.005357142857142858,0.012366031901938714,0.05357142857142857,0.01207482993197279,0.03305769999133843,0.018012422360248446,0.029833002864610995,0.14285714285714285,0.057004830917874394,56,0.34782608695652173,59868,11.695424764590623,19.44374300578977,162.55368907043544,11.667427120221063,12.485012329352397,11.664010549722326,11.705034305711791,241.2143411458234,0.0,False
380,380000,0.051207922314479695,0.03278688524590164,0.04970444135280268,0.26229508196721313,0.10806336195680458,0.014705882352941176,0.004411764705882354,0.009626698521676446,0.029411764705882353,0.011029411764705883,0.038144034328244855,0.022631578947368426,0.035360828129031185,0.17894736842105263,0.07333542188805346,68,0.35789473684210527,59868,11.75930951449744,21.734464000763843,157.3395256717486,11.659950726147784,12.683391835771607,11.662954753854926,11.69349973581535,238.5330962385995,0.0,False
381,381000,0.02643579280218956,0.016923076923076926,0.02396735207843612,0.13846153846153847,0.0495940170940171,0.038011695906432746,0.008771929824561403,0.027684739428466068,0.07017543859649122,0.03216374269005848,0.02996427663610326,0.014438502673796792,0.025100459452509414,0.11764705882352941,0.04428104575163398,57,0.3048128342245989,59868,11.725036096088548,19.845731328918536,156.28102435974455,11.660908671648485,12.61405400755644,11.662422155001018,11.691836871233207,235.48101349019078,0.0,False
382,382000,0.028430147094567874,0.020560747663551402,0.02405300934163847,0.17757009345794392,0.043079661771250555,0.010869565217391304,0.002173913043478261,0.013329286799249095,0.021739130434782608,0.021739130434782608,0.023150495026920015,0.01503267973856209,0.020828883609939702,0.13071895424836602,0.03666355431061313,46,0.3006535947712418,59868,11.7346444151456,18.215494331993987,158.38313223255628,11.659475441197497,12.507864244962196,11.660738424970617,11.68552016657387,235.84686925740004,0.0,False
383,383000,0.022226126062820598,0.013084112149532711,0.021381729101247585,0.09345794392523364,0.04299065420560747,0.024305555555555552,0.006250000000000001,0.01843837634793655,0.0625,0.026041666666666668,0.022870078421861104,0.010967741935483872,0.020470239216351264,0.08387096774193549,0.03774193548387097,48,0.3096774193548387,59868,11.692197823987005,18.514959782028882,155.97688736591897,11.660023560039479,12.449489637259003,11.664539557351695,11.693162987450044,233.65126071403512,0.0,False
384,384000,0.026505100280657192,0.01946902654867257,0.027536897999614545,0.168141592920354,0.06649108020789435,0.021604938271604937,0.005555555555555557,0.01906349554742986,0.05555555555555555,0.032407407407407406,0.024920616756772037,0.014970059880239521,0.024796995410285367,0.1317365269461078,0.0554700123562399,54,0.32335329341317365,59868,11.723943378699753,18.942750856870695,159.98902198015307,11.66249978247491,12.667454000053757,11.662598910042178,11.702633684523844,238.35090259281822,0.0,False
385,385000,0.043691707902234214,0.025833333333333333,0.03459063942067432,0.19166666666666668,0.05335648148148147,0.015151515151515152,0.004545454545454546,0.011886062673816535,0.045454545454545456,0.019570707070707072,0.03356454273262423,0.01827956989247312,0.02653417670404737,0.13978494623655913,0.041367980884109916,66,0.3548387096774194,59868,11.749298322122348,21.39175048362918,158.49029903805544,11.665957685688678,12.605535401916113,11.664783323844796,11.699885178559356,239.26750943381592,0.0,False
386,386000,0.03576330282745052,0.02543859649122807,0.03717275285122228,0.20175438596491227,0.07482595377332221,0.021739130434782605,0.005797101449275362,0.01640302940999592,0.057971014492753624,0.025966183574879228,0.03047550012201836,0.018032786885245903,0.02934154565207135,0.14754098360655737,0.05640341746899124,69,0.3770491803278688,59868,11.730450068025977,21.326129233764647,158.82243494436122,11.662467658435371,12.632125017911221,11.664432683577974,11.70355172039339,239.54159132646978,0.0,False
387,387000,0.03528035547342704,0.023584905660377364,0.02610671442796346,0.20754716981132076,0.04051362683438155,0.024305555555555552,0.006250000000000001,0.010729137639938399,0.0625,0.009375,0.03185963861590865,0.018181818181818184,0.021313703481046557,0.16233766233766234,0.03080808080808081,48,0.3116883116883117,59868,11.731484698865312,18.55453599400314,157.73262076156092,11.663594959729352,12.473741326887723,11.662518692640012,11.706595192589875,235.52509162627635,0.0,False
388,388000,0.02450748190583692,0.021505376344086023,0.02923961386857676,0.16129032258064516,0.06712749615975422,0.0065359477124183,0.00196078431372549,0.00396288914706956,0.0196078431372549,0.004901960784313725,0.018142563545667824,0.014583333333333334,0.020287440529709627,0.1111111111111111,0.045089285714285714,51,0.3541666666666667,59868,11.748977176984088,19.173897287533272,156.91703843447036,11.657967204758979,12.365467291428068,11.660034905339177,11.682296087917043,235.205678388431,0.0,False
389,389000,0.03378795878795879,0.02432432432432433,0.03632792081504702,0.2072072072072072,0.07748820248820248,0.016666666666666663,0.004285714285714286,0.007345120639997907,0.04285714285714286,0.00623015873015873,0.027166464597403826,0.016574585635359115,0.025119103067790458,0.143646408839779,0.04992984302376568,70,0.3867403314917127,59868,11.690720726043047,21.85785356459413,157.73496550534892,11.658396895583568,12.577266593219449,11.664012051659789,11.70781048900893,238.89102582545783,0.0,False
390,390000,0.04607173905329643,0.027049180327868856,0.03395344422257547,0.23770491803278687,0.05788446526151444,0.0065359477124183,0.00196078431372549,0.0029027638329986788,0.0196078431372549,0.0024509803921568627,0.03441667917823987,0.019653179190751446,0.024799775437208908,0.17341040462427745,0.04154280209193504,51,0.2947976878612717,59868,11.750664443047064,19.516539153524583,156.5859243270046,11.665111052730492,12.595711308974188,11.66602738562894,11.693872400506123,235.473850071416,0.0,False
391,391000,0.04144859924026591,0.028333333333333335,0.04131803846652722,0.225,0.08579365079365078,0.03666666666666667,0.01,0.023041668544201782,0.08,0.028666666666666667,0.040042148483324956,0.022941176470588236,0.035942635548196204,0.18235294117647058,0.06899159663865546,50,0.29411764705882354,59868,11.7218963898158,18.639799513872624,158.02516175258964,11.66311105345319,12.592274744163689,11.66330459388687,11.707158539681073,236.01270658746287,0.0,False
392,392000,0.05059572862036788,0.027118644067796613,0.04024958038728819,0.23728813559322035,0.06779997309658328,0.013440860215053762,0.0032258064516129032,0.007132670480889951,0.03225806451612903,0.006989247311827957,0.03779794061409302,0.018888888888888893,0.028842644752862127,0.16666666666666666,0.04685405643738977,62,0.34444444444444444,59868,11.766305120494703,20.763555288030865,156.93909704606045,11.667057755071486,12.596252073268644,11.66917595765704,11.741459189987257,237.14290243057047,0.0,False
393,393000,0.044669328044518515,0.03076923076923077,0.04203097035121107,0.2403846153846154,0.08028464590964592,0.008130081300813007,0.0024390243902439024,0.005722911292960445,0.024390243902439025,0.008130081300813007,0.03433754103422937,0.02275862068965517,0.03176455365198159,0.1793103448275862,0.059882320744389705,41,0.2827586206896552,59868,11.752937675885144,20.542157560254903,165.65757692653392,11.663751133164645,12.53865167716306,11.664048271492478,11.70800175090414,245.52712499539828,0.0,False
394,394000,0.029711200925143233,0.02395833333333333,0.027614037212365026,0.17708333333333334,0.05226934523809523,0.03666666666666667,0.01,0.027221026163129915,0.1,0.04033333333333333,0.03209320974073345,0.01917808219178082,0.027479444387284512,0.1506849315068493,0.048181669928245276,50,0.3424657534246575,59868,11.74656055487333,18.75248605220925,157.15207192089352,11.662219019534238,12.453421449676316,11.662060437483968,11.69919507777728,235.12801451244792,0.0,False
395,395000,0.028402948677338922,0.01707317073170732,0.02651930344554205,0.17073170731707318,0.06062072525487159,0.017543859649122806,0.003947368421052633,0.007031951873742427,0.039473684210526314,0.004986424394319131,0.024255758897718693,0.01206030150753769,0.01907689782013114,0.12060301507537688,0.03937345457445959,76,0.38190954773869346,59868,11.722279497042297,22.70160790084075,158.03596784902396,11.663249789822805,12.660169344771987,11.66284307074772,11.709976319829174,240.1560937720787,0.0,False
396,396000,0.04369328407482044,0.029126213592233014,0.051646765516730364,0.2524271844660194,0.1298659269533056,0.04513888888888889,0.012499999999999999,0.03796488752700609,0.125,0.06423611111111112,0.044152814081941535,0.02384105960264901,0.04729755926834119,0.2119205298013245,0.10900346893724376,48,0.31788079470198677,59868,11.74830244636549,18.585572411938813,157.99627875789923,11.666582525313164,12.659880516380229,11.66745712734285,11.694749419033368,236.0188232042732,0.0,False
397,397000,0.07123993359948416,0.04157303370786517,0.06405433870399754,0.3707865168539326,0.1304217941858391,0.0261437908496732,0.00784313725490196,0.021469478137429547,0.0784313725490196,0.035784313725490194,0.054812053026338736,0.029285714285714283,0.04854128235474778,0.2642857142857143,0.09594671201814059,51,0.36428571428571427,59868,11.740512026070515,18.759641281118622,156.48267855165875,11.664107520986677,12.516209812948876,11.663532197850323,11.69422353745897,234.52090492809273,0.0,False
398,398000,0.03300296689238088,0.02347826086956522,0.02996940111537828,0.19130434782608696,0.05946514837819185,0.007042253521126761,0.0014084507042253522,0.0030761610819459743,0.014084507042253521,0.002347417840375587,0.023093232218407537,0.015053763440860214,0.01970370196283154,0.12365591397849462,0.0376621437105308,71,0.3817204301075269,59868,11.721199579595165,21.31511566902389,156.84204587991525,11.665801764537687,12.590453545860413,11.66379194553202,11.694708724918623,237.49311710938304,0.0,False
399,399000,0.03256084826465661,0.02330097087378641,0.027772953347144184,0.1941747572815534,0.048212359377407914,0.050847457627118633,0.013559322033898306,0.03155520155042763,0.11864406779661017,0.03790018832391714,0.039220786242343396,0.019753086419753086,0.029150438803895565,0.16666666666666666,0.04445669214187733,59,0.36419753086419754,59868,11.72657088639728,20.1103701477634,155.70321451451042,11.658429551780758,12.45026088975143,11.661137269011746,11.68523007273603,234.99521333195105,0.0,False
400,400000,0.0352876451713661,0.01880341880341881,0.029938641118550324,0.17094017094017094,0.05684778184778184,0.015723270440251572,0.0037735849056603774,0.01615342515579808,0.03773584905660377,0.02830188679245283,0.029188163637548042,0.014117647058823532,0.025640897318398154,0.12941176470588237,0.04794817927170868,53,0.31176470588235294,59868,11.690596830371547,19.232394492321724,156.62040738718963,11.66786101725048,12.642262281647998,11.66445799173632,11.694021714719893,235.2120017152376,0.0,False
401,401000,0.04277403298455929,0.03,0.04621972141415944,0.24545454545454545,0.10551587301587301,0.04716981132075472,0.011320754716981133,0.027203042665298594,0.11320754716981132,0.03479335130278526,0.044203335142954124,0.02392638036809816,0.0400363841522599,0.20245398773006135,0.08252020644658681,53,0.32515337423312884,59868,11.720138875848107,19.333244312746967,156.92936582065164,11.657097459372157,12.604378440403408,11.663021008426199,11.699949253166086,235.60719517061455,0.0,False
402,402000,0.024134510125889436,0.01810344827586207,0.021437379932266368,0.14655172413793102,0.043055555555555555,0.015873015873015872,0.004761904761904762,0.011951931030764078,0.047619047619047616,0.019444444444444445,0.021226833377671363,0.013407821229050279,0.018098925849614724,0.11173184357541899,0.034745499689633766,63,0.35195530726256985,59868,11.719396085185796,20.798807571040246,158.88687872492312,11.665954031375714,12.73047221427015,11.665225806728463,11.698504906024198,239.1652393395477,0.0,False
403,403000,0.04327270987718749,0.020895522388059702,0.03926264162109194,0.1865671641791045,0.07386579009713339,0.0130718954248366,0.00392156862745098,0.012104307480503706,0.0392156862745098,0.022058823529411766,0.03494707994707994,0.016216216216216217,0.03177574950665951,0.14594594594594595,0.059583869583869575,51,0.2756756756756757,59868,11.718540452454462,18.87469818331877,159.29531819509901,11.662226513428632,12.619837928162791,11.663002874848228,11.700215091350884,237.53383923866275,0.0,False
404,404000,0.04090089203725567,0.01900826446280992,0.03334276834029435,0.15702479338842976,0.05819231273776728,0.010582010582010581,0.0031746031746031746,0.007581328627035205,0.031746031746031744,0.01111111111111111,0.03051997066942719,0.01358695652173913,0.024522275394993666,0.11413043478260869,0.04207211870255348,63,0.3423913043478261,59868,11.718873660304663,20.40444636017269,156.26366426062245,11.660612006358928,12.599340590266351,11.66201580130033,11.695075251769161,236.00402793079456,0.0,False
405,405000,0.01715482401065048,0.015533980582524273,0.02376781996432573,0.13592233009708737,0.05910001541069502,0.0303030303030303,0.007272727272727273,0.019258709370829255,0.07272727272727272,0.02683982683982684,0.021731731264327,0.012658227848101266,0.022198192858994676,0.11392405063291139,0.047870202933494074,55,0.34810126582278483,59868,11.722060928351375,19.01908932694374,159.50767248068541,11.667223503819546,12.584306539831225,11.663509522988335,11.710405517881274,237.8742678205009,0.0,False
406,406000,0.0312972461794079,0.022429906542056073,0.038777152045184726,0.17757009345794392,0.09514167037531523,0.04523809523809524,0.011428571428571427,0.03087447395131369,0.1,0.03696145124716554,0.03681057631561194,0.01807909604519774,0.03565179912670465,0.14689265536723164,0.07213254416644248,70,0.3954802259887006,59868,11.750074944180678,22.025450805179815,156.86719209308254,11.669040696965505,12.563331055037708,11.662598578904282,11.6949583887499,238.23264656210046,0.0,False
407,407000,0.037505425190243344,0.024299065420560748,0.031893492915389204,0.22429906542056074,0.06250927162142116,0.01944444444444444,0.005000000000000001,0.010419338133593062,0.05,0.012083333333333333,0.031016450071992236,0.017365269461077845,0.024178227724324725,0.16167664670658682,0.04439216804486266,60,0.3592814371257485,59868,11.723475836000752,19.937685728721455,157.5771577518037,11.6629847570493,12.5098385261313,11.665464838772621,11.708745199887073,236.7853526383662,0.0,False
408,408000,0.03467163436921501,0.018548387096774192,0.037084101403414046,0.1693548387096774,0.08600870455709166,0.006802721088435374,0.0020408163265306124,0.006042487978895209,0.02040816326530612,0.01020408163265306,0.02677812713939881,0.013872832369942197,0.028291968121324902,0.12716763005780346,0.06453803101201945,49,0.2832369942196532,59868,11.745750800082334,19.02697239351825,157.40498998559337,11.667582655042196,12.776487485696709,11.667111256996598,11.744722283421606,236.0336168603511,0.0,False
409,409000,0.022375333782758595,0.017857142857142856,0.025565170114755977,0.16964285714285715,0.06029974489795919,0.021164021164021163,0.004761904761904762,0.016659649791659823,0.047619047619047616,0.025793650793650792,0.02193926124001312,0.013142857142857142,0.022359182798441363,0.12571428571428572,0.04787755102040817,63,0.36,59868,11.751292594022743,25.338082155393348,166.60009763806715,11.664369905919902,12.635632532287389,11.666109850039241,11.743533556152208,251.399118231882,0.0,False
410,410000,0.03926710414805653,0.01904761904761905,0.028075311605464445,0.19047619047619047,0.04550579491055681,0.010582010582010581,0.0031746031746031746,0.007581328627035205,0.031746031746031744,0.01111111111111111,0.029705406292707875,0.013756613756613759,0.021243983945988035,0.13756613756613756,0.03404090031074158,63,0.3333333333333333,59868,11.75118896458438,25.562086570493637,162.73240223761698,11.662771041032194,12.561682590853106,11.662286697189383,11.694037688039781,247.62645578980946,0.0,False
411,411000,0.04158528809691601,0.024031007751937988,0.03816033906899628,0.20155038759689922,0.07970345761043435,0.0,0.0,0.0,0.0,0.0,0.02808639876702704,0.0162303664921466,0.025773213297908486,0.13612565445026178,0.053831131056261944,62,0.32460732984293195,59868,11.70433762164025,20.687762978255364,158.1233397793952,11.658782813533941,12.730158203813623,11.660830109908037,11.69453890004224,238.25975040658864,0.0,False
412,412000,0.04598044415152165,0.028695652173913046,0.041244252991881156,0.24347826086956523,0.08157694962042789,0.020576131687242795,0.0049382716049382715,0.014900503053659309,0.04938271604938271,0.02275132275132275,0.035481723184141105,0.018877551020408164,0.03035729510924865,0.16326530612244897,0.05726635892452219,81,0.413265306122449,59868,11.720409750962112,22.748208196449184,158.65723917779516,11.656295868772704,12.754557670260901,11.660437537724944,11.69570087980465,240.89284908176967,0.0,False
413,413000,0.02786299446574766,0.021212121212121213,0.029752433252692216,0.16161616161616163,0.0680976430976431,0.006289308176100628,0.0018867924528301887,0.004427157792667513,0.018867924528301886,0.006289308176100628,0.02034059069369968,0.014473684210526317,0.020921909572552026,0.1118421052631579,0.046546052631578946,53,0.34868421052631576,59868,11.741171350429514,19.581200418603007,166.25835041864102,11.663393270411326,12.478784720298952,11.664711419695495,11.742415507415283,245.13002710549458,0.0,False
414,414000,0.035133537933963316,0.028571428571428574,0.031008401086957783,0.26373626373626374,0.05424733996162567,0.0,0.0,0.0,0.0,0.0,0.026642932933255512,0.02166666666666667,0.023514704157609652,0.2,0.04113756613756614,29,0.24166666666666667,59868,11.748046681553381,18.095760203312715,168.54916268452257,11.659105521519276,12.368525991665603,11.668342818446643,11.765725764598113,245.85466966561827,0.0,False
415,415000,0.049051181996726555,0.039603960396039604,0.055021415885564105,0.32673267326732675,0.1273888103096024,0.008771929824561403,0.0017543859649122807,0.0046327740802208925,0.017543859649122806,0.0043859649122807015,0.03452005937765431,0.025949367088607598,0.036843234981104846,0.21518987341772153,0.08301436608398634,57,0.36075949367088606,59868,11.819354913553127,25.144014467626263,168.26083378594646,11.662118401853384,12.633331933492586,11.668351625054862,11.73861468252435,252.92661981005102,0.0,False
416,416000,0.041630133571910276,0.024489795918367346,0.037895780978376196,0.22448979591836735,0.0746274700356333,0.032407407407407406,0.009259259259259259,0.0294531190333229,0.09259259259259259,0.048500881834215165,0.03835363875031057,0.019078947368421056,0.03489641423473884,0.17763157894736842,0.06534565580618212,54,0.35526315789473684,59868,11.71291907017813,24.081403771525345,172.6786129651464,11.662393650108127,12.478550490108153,11.659224328511296,11.729494067899694,256.00259834347713,0.0,False
417,417000,0.04684491358045077,0.027272727272727275,0.036757273956780155,0.2231404958677686,0.06674209628755082,0.018817204301075266,0.004838709677419356,0.01660207013409983,0.04838709677419355,0.024731182795698924,0.037349186939350874,0.019672131147540985,0.029928734956746385,0.16393442622950818,0.05250889062364472,62,0.33879781420765026,59868,11.713293143936209,22.15183141066057,165.74277587776132,11.657465817729861,12.659375294613028,11.663363859978904,11.710841087086976,247.29894649176688,0.0,False
418,418000,0.035178669043374924,0.018400000000000003,0.030766494674096208,0.184,0.0648984126984127,0.034482758620689655,0.010344827586206898,0.032259974896557526,0.10344827586206896,0.057471264367816084,0.03495810727006484,0.01584699453551913,0.031239838132581212,0.15846994535519127,0.0625444531182236,58,0.31693989071038253,59868,11.731450399316001,20.341066638993045,169.18921827130396,11.659168128674846,12.576508638326157,11.660401585025792,11.707221194132146,248.86503485577197,0.0,False
419,419000,0.04842189842189843,0.02612612612612613,0.04372290476765466,0.25225225225225223,0.09176676676676676,0.023809523809523808,0.006349206349206349,0.012751060307447885,0.06349206349206349,0.013095238095238094,0.03951052140707313,0.018965517241379314,0.03250896108378669,0.1839080459770115,0.06328224776500639,62,0.3563218390804598,59868,11.712862839671768,21.085946618551453,166.52884793341704,11.666029004347989,12.715352766645704,11.664647222575653,11.71525533549822,247.08894172070785,0.0,False
420,420000,0.02293116455784578,0.015841584158415842,0.02481826316056791,0.13861386138613863,0.055720572057205715,0.006289308176100628,0.0018867924528301887,0.008854315585335027,0.018867924528301886,0.018867924528301886,0.01720377242646596,0.011038961038961041,0.019324177306753995,0.09740259740259741,0.04303751803751804,53,0.34415584415584416,59868,11.73282964245237,23.439820893034202,169.76095637848132,11.672225971065542,12.607500597519582,11.66759807647022,11.749111582248783,252.630043141272,0.0,False
421,421000,0.03128866503866504,0.020000000000000004,0.029668872816276323,0.19166666666666668,0.06914351851851852,0.00641025641025641,0.0019230769230769232,0.009024590885053009,0.019230769230769232,0.019230769230769232,0.023767285685890337,0.014534883720930232,0.02342757827892974,0.13953488372093023,0.05405361757105942,52,0.3023255813953488,59868,11.789849011123454,22.622592550661235,164.84817831688426,11.65737390966537,12.649851904258934,11.660410484615191,11.722370855532516,246.95062703274095,0.0,False
422,422000,0.029405764006011567,0.027450980392156866,0.03546574479106444,0.20588235294117646,0.07535403050108931,0.02287581699346405,0.005882352941176471,0.012700338462950806,0.058823529411764705,0.013725490196078431,0.027229115001829063,0.020261437908496733,0.027877276015026563,0.1568627450980392,0.05481118373275236,51,0.3333333333333333,59868,11.718321619169636,19.833969445492983,161.91401525811332,11.66784511909269,12.634405497660705,11.66283058520734,11.779779949358527,241.21116747409522,0.0,False
423,423000,0.03860487016357462,0.022307692307692306,0.03270758795769263,0.17692307692307693,0.05923687423687424,0.026785714285714284,0.0071428571428571435,0.02381705779929493,0.07142857142857142,0.03928571428571429,0.03504641463045538,0.017741935483870968,0.03003086920032558,0.14516129032258066,0.05323007339136371,56,0.3010752688172043,59868,11.902935382654412,20.086952688819217,160.5642558656639,11.662439214563115,12.583701770416123,11.662849977403521,11.699939380840906,240.1630742803612,0.0,False
424,424000,0.03203364439152872,0.02016806722689076,0.032307566472263426,0.15126050420168066,0.06353874883286648,0.016025641025641024,0.0038461538461538464,0.006328430327879204,0.038461538461538464,0.004326923076923077,0.02716571354342252,0.0152046783625731,0.024407478288006237,0.11695906432748537,0.04553281351526966,52,0.30409356725146197,59868,11.740104178079026,19.14747170321529,158.84991587492016,11.666529061621356,12.593819351258695,11.662431462930446,11.71137159877711,237.37164323080208,0.0,False
425,425000,0.011658398741993647,0.010619469026548674,0.015778968486626396,0.08849557522123894,0.04048672566371682,0.011627906976744186,0.002325581395348837,0.004121843878698785,0.023255813953488372,0.002325581395348837,0.01164999396054668,0.008333333333333333,0.012565786703671991,0.07051282051282051,0.029967948717948716,43,0.27564102564102566,59868,11.75958624127782,18.68935787072146,160.83937344578413,11.655011280239936,12.591962392324852,11.665023377377404,11.686878918351628,238.88719352607723,0.0,False
426,426000,0.030416265832932506,0.014814814814814815,0.028480406947531175,0.1388888888888889,0.06166225749559082,0.028205128205128206,0.006153846153846154,0.017523635672726374,0.06153846153846154,0.01974358974358974,0.02958549157971123,0.011560693641618497,0.024363700977228793,0.10982658959537572,0.04591246903385632,65,0.37572254335260113,59868,11.702973743005218,21.35653026261175,160.55992870869784,11.664698411767427,12.560284101598151,11.663881699999767,11.708838834875724,241.21713576255587,0.0,False
427,427000,0.03980232840164928,0.022580645161290325,0.03749578043466697,0.18548387096774194,0.07954429083461342,0.017241379310344827,0.005172413793103449,0.015748303318475074,0.034482758620689655,0.02586206896551724,0.03261257539453028,0.017032967032967035,0.030565265749287123,0.13736263736263737,0.06243676957962672,57,0.3131868131868132,59868,11.753132811764821,20.03621208544748,163.72833305659807,11.656597495565691,12.63553616731583,11.666521246317396,11.686321796725018,243.1626546597343,0.0,False
428,428000,0.02926189883151567,0.02110091743119266,0.031406161865548524,0.1926605504587156,0.07786515217707879,0.027777777777777776,0.006944444444444444,0.01988976984716409,0.06944444444444445,0.027777777777777776,0.028671530235553636,0.015469613259668507,0.026825055648290623,0.143646408839779,0.05794089274752258,71,0.39226519337016574,59868,11.698099047580124,21.70268692203159,161.99738087620264,11.659577116504561,12.68688450298261,11.66549863861055,11.696310732167703,243.1064378360798,0.0,False
429,429000,0.035447398854415266,0.021212121212121213,0.031121284092338653,0.16666666666666666,0.06191678691678691,0.026881720430107524,0.0064516129032258064,0.019197140893881123,0.06451612903225806,0.025403225806451612,0.03270991399716228,0.016494845360824743,0.02731047544128521,0.13402061855670103,0.05024750450008182,62,0.31958762886597936,59868,11.71606376283718,21.262861297999258,162.08844807681643,11.667170900023226,12.592287111853896,11.659705862296367,11.69846332695068,242.68500033877703,0.0,False
430,430000,0.02075548379332328,0.01504424778761062,0.020488300169236535,0.11504424778761062,0.044760500070234584,0.021645021645021644,0.005194805194805195,0.016677887011505806,0.025974025974025976,0.01948051948051948,0.021115980712169462,0.01105263157894737,0.018944080100050924,0.07894736842105263,0.034515455304928985,77,0.4052631578947368,59868,11.720239527390763,23.601617589200096,160.4122866734059,11.659243040473832,12.665575691628295,11.671893877629458,11.701779634429311,243.43263603415767,0.0,False
431,431000,0.03668315811172954,0.023214285714285715,0.03612493249403276,0.1875,0.07322491496598639,0.05246913580246913,0.012962962962962964,0.03348185785593834,0.09259259259259259,0.03518518518518518,0.041818355673777355,0.019879518072289156,0.03526513712983337,0.1566265060240964,0.06085054503729202,54,0.3253012048192771,59868,11.733098788380136,19.953832133962067,161.58687620368428,11.666389300668545,12.6097197828412,11.666321518444267,11.723219949646978,240.93945767762753,0.0,False
432,432000,0.027627026969132232,0.020175438596491232,0.03146240642615522,0.17543859649122806,0.07555346700083541,0.00641025641025641,0.0019230769230769232,0.009024590885053009,0.019230769230769232,0.019230769230769232,0.02098080968562896,0.014457831325301207,0.024433693124123204,0.12650602409638553,0.05791021227768215,52,0.3132530120481928,59868,11.729409482783005,19.475532248541818,163.90812017769153,11.6591561657442,12.59038883985597,11.658323607083299,11.708698228682369,242.7296287503822,0.0,False
433,433000,0.02640681057196484,0.019827586206896553,0.024695912639371456,0.15517241379310345,0.04774562123700054,0.047619047619047616,0.01111111111111111,0.030741384296271462,0.09523809523809523,0.03321995464852607,0.033872569979597325,0.01675977653631285,0.026823648473922858,0.1340782122905028,0.04263323578966037,62,0.3463687150837989,59868,11.7475980003362,20.853783146063122,161.51733830149783,11.662904086093274,12.616877338861299,11.659756613824346,11.700237424611126,241.7584949112872,0.0,False
434,434000,0.03363778811204039,0.023853211009174313,0.029628228901440203,0.1926605504587156,0.05220984418232125,0.050387596899224806,0.011627906976744186,0.03396995018635012,0.11627906976744186,0.0417312661498708,0.03837622086104651,0.020394736842105264,0.03085647900177656,0.17105263157894737,0.04924550960735171,43,0.28289473684210525,59868,11.710691166622045,18.23145173178442,159.4703611036419,11.655972106019984,12.428378612691638,11.664340380149184,11.708423693954085,236.86961879486324,0.0,False
435,435000,0.03295013853056539,0.018584070796460177,0.028063947708256196,0.168141592920354,0.056057732827644334,0.0,0.0,0.0,0.0,0.0,0.02164747473229005,0.012209302325581399,0.018437360994377615,0.11046511627906977,0.03682862679955703,59,0.3430232558139535,59868,11.72536359363152,20.114489601277818,160.91214937026533,11.668913889914535,12.526074281038468,11.661539168775214,11.7236052252917,240.3321351301946,0.0,False
436,436000,0.04955963685652986,0.02920353982300885,0.040963431013902846,0.20353982300884957,0.06887905604719764,0.011904761904761904,0.0035714285714285718,0.007174996749599651,0.03571428571428571,0.008928571428571428,0.03708228184292628,0.020710059171597635,0.02976726344703315,0.14792899408284024,0.049013806706114396,55,0.3254437869822485,59868,11.728544270048214,23.76306019538643,158.43666340679962,11.660293201112836,12.562766155785333,11.657929273753421,11.697320572948144,241.506577075834,0.0,False
437,437000,0.050841248123856826,0.028448275862068967,0.04797059812317205,0.2672413793103448,0.09340790914066777,0.03968253968253968,0.011111111111111112,0.02436270823162729,0.1111111111111111,0.03126102292768959,0.04691388146573961,0.0223463687150838,0.0396616759825725,0.2122905027932961,0.07153498270816706,63,0.35195530726256985,59868,11.705029421008039,20.846752854977723,160.85993044812062,11.661025635878453,12.515533632503907,11.668529401917539,11.709080923419378,240.96588231782567,0.0,False
438,438000,0.0309180082289326,0.018253968253968255,0.03097175792529505,0.15873015873015872,0.06389833711262284,0.013440860215053762,0.0032258064516129032,0.008204531336827045,0.03225806451612903,0.009408602150537633,0.025154267926483197,0.013297872340425532,0.023463417241864105,0.11702127659574468,0.045928318135764944,62,0.32978723404255317,59868,11.715632831088563,21.34230497466416,158.2457544061361,11.657114305882455,12.540516772033271,11.65897576685393,11.710396584888038,238.8706956415465,0.0,False
439,439000,0.029803109621306955,0.021782178217821784,0.028792843639215783,0.19801980198019803,0.06316988841741318,0.01141552511415525,0.0027397260273972603,0.009420358395081105,0.0273972602739726,0.015981735159817354,0.02208877819014561,0.013793103448275862,0.020665306726446633,0.12643678160919541,0.0433725597518701,73,0.41954022988505746,59868,11.751442906021703,21.715578294057014,159.4626685102324,11.713447979136426,12.58443554741362,11.688405550019931,11.71352332274278,240.62950210962384,0.0,False
440,440000,0.03508904870895821,0.016153846153846154,0.026078195921013923,0.16153846153846155,0.05276556776556776,0.03095238095238095,0.007142857142857143,0.022044046512688865,0.07142857142857142,0.02857142857142857,0.03364121499415617,0.013000000000000001,0.024666243628100153,0.13,0.044297619047619044,70,0.35,59868,11.8262833215671,26.732636132412168,160.4198387415573,11.657976293683037,12.686126138541919,11.661525927686434,11.689483690402458,246.6738702458504,0.0,False
441,441000,0.0270971308103661,0.01916666666666667,0.027564191540026962,0.18333333333333332,0.07456679894179893,0.03787878787878787,0.011363636363636364,0.023969740121167805,0.11363636363636363,0.03188131313131313,0.02998977051164999,0.017073170731707315,0.026599826525211086,0.16463414634146342,0.0631145954316686,44,0.2682926829268293,59868,11.723178435688041,17.747360252534648,157.25506004397872,11.665468764091024,12.463450277680476,11.66149038558939,11.685070473943515,234.2010786335058,0.0,False
442,442000,0.04120910471240322,0.02616822429906542,0.036867477187457455,0.22429906542056074,0.0802403204272363,0.033333333333333326,0.00909090909090909,0.021590296463097226,0.09090909090909091,0.02994227994227994,0.03853523171333628,0.020370370370370372,0.03168078002795244,0.17901234567901234,0.06316382520086224,55,0.3395061728395062,59868,11.727553362983478,21.06497293651033,160.0232866520307,11.657907603615513,12.592238756298224,11.664578346740061,11.694706207793226,240.4252438659715,0.0,False
443,443000,0.043300372512067115,0.02547169811320755,0.03949706404766892,0.20754716981132076,0.07869496855345912,0.024193548387096774,0.0064516129032258064,0.016636594858089906,0.06451612903225806,0.02338709677419355,0.03624904456118521,0.01845238095238095,0.031060462322943332,0.15476190476190477,0.05828373015873015,62,0.36904761904761907,59868,11.730586374658625,20.364561675076388,157.14205999405038,11.659476831904492,12.594750398026155,11.659711159045516,11.737822242341434,236.888968675103,0.0,False
444,444000,0.01705094335285581,0.016216216216216217,0.020083139740127702,0.13513513513513514,0.04137709137709138,0.017543859649122806,0.005263157894736842,0.013110243617537178,0.05263157894736842,0.019736842105263157,0.0171766535492192,0.013422818791946308,0.01830481723906435,0.11409395973154363,0.03585810162991371,38,0.2550335570469799,59868,11.709209574287115,18.866890171331807,158.10494442837498,11.661339198928978,12.436002309698658,11.667425145980847,11.693563847225974,236.13937467582838,0.0,False
445,445000,0.02999249474395318,0.018181818181818184,0.030628672269554208,0.1652892561983471,0.07703004066640431,0.01741293532338308,0.004477611940298508,0.007804099019532572,0.04477611940298507,0.0064854299928926796,0.025509353886622347,0.013297872340425532,0.022494382866620966,0.12234042553191489,0.05188914218169537,67,0.35638297872340424,59868,11.73124998779529,21.166196341348975,156.66432782580898,11.663284189278311,12.5529322884399,11.670187067644445,11.698882304900238,237.14706000521613,0.0,False
446,446000,0.03728077514530716,0.024761904761904763,0.03307784057780774,0.19047619047619047,0.05494331065759637,0.027210884353741496,0.00816326530612245,0.014990741077489043,0.08163265306122448,0.017687074829931974,0.03407671898435445,0.01948051948051948,0.027322854373160885,0.15584415584415584,0.04308905380333952,49,0.3181818181818182,59868,11.724461678019882,18.964152311409798,159.62628948405776,11.657226641467734,12.435449133638144,11.658603579767224,11.71117805827404,237.7773608866346,0.0,False
447,447000,0.03589484902232875,0.023636363636363643,0.03037043310414666,0.17272727272727273,0.055162337662337656,0.030864197530864196,0.009259259259259259,0.018100449349466294,0.09259259259259259,0.022295708406819516,0.0342384149946514,0.018902439024390247,0.026330316501995812,0.14634146341463414,0.04434039876113047,53,0.3231707317073171,59868,11.767937768955573,19.237212396078228,159.32360254934665,11.664045703199676,12.516431633816104,11.667963168898732,11.694484484542356,237.87167770483728,0.0,False
448,448000,0.038705560196788266,0.018518518518518517,0.034540516029431395,0.18518518518518517,0.07198412698412697,0.03401360544217687,0.01020408163265306,0.026348054703325654,0.10204081632653061,0.04203109815354713,0.03745607224583197,0.016304347826086956,0.03235882795889237,0.16304347826086957,0.06400750517598343,49,0.266304347826087,59868,11.704957274330518,18.915374701569675,158.4976540840166,11.657932337691413,12.68599516418556,11.664209037379191,11.69509338078134,236.8212159799543,0.0,False
449,449000,0.03837350951646281,0.023000000000000003,0.035235962773538756,0.2,0.07392857142857143,0.012195121951219513,0.0024390243902439024,0.014954809579645326,0.024390243902439025,0.024390243902439025,0.0307613542669949,0.017021276595744685,0.029338606171059104,0.14893617021276595,0.05952380952380952,41,0.2907801418439716,59868,11.72723448758517,17.45395263888505,163.76999260760138,11.693072735047272,12.660223233054712,11.684382047363883,11.766826352815896,240.75568410235337,0.0,False
450,450000,0.028659260921213514,0.017557251908396947,0.02753363098707359,0.16030534351145037,0.06297407003513873,0.017948717948717947,0.004615384615384616,0.01607509349482725,0.046153846153846156,0.024615384615384615,0.02510729513951855,0.01326530612244898,0.023733605798318427,0.12244897959183673,0.05025307742144477,65,0.33163265306122447,59868,11.739569100069346,21.421998196449742,173.49641443632768,11.720973202927754,12.630721099193831,11.700391626581762,11.696398659874486,254.4064663214246,0.0,False
451,451000,0.030602268102268095,0.01851851851851852,0.028433666124026556,0.16296296296296298,0.06137566137566137,0.024691358024691357,0.007407407407407408,0.014457837096038347,0.07407407407407407,0.01800411522633745,0.028913436651531888,0.015343915343915345,0.024440572116029922,0.13756613756613756,0.0489837910472831,54,0.2857142857142857,59868,11.700916181731081,19.44701131133264,163.38935380720565,11.668340541767797,12.889183245795577,11.665319850903689,11.694798584788169,242.45492352352463,0.0,False
452,452000,0.03553079815092046,0.025742574257425745,0.04067238103744182,0.2376237623762376,0.10022002200220022,0.027777777777777773,0.007407407407407408,0.021200690505301687,0.07407407407407407,0.029166666666666667,0.032829745891890104,0.01935483870967742,0.03388869530366397,0.18064516129032257,0.07546594982078854,54,0.34838709677419355,59868,11.708102426968846,19.283279110063333,159.21725328651993,11.662361091888119,12.394383913719164,11.662820262242635,11.697600185114897,237.62580027651694,0.0,False
453,453000,0.022802239183818133,0.014285714285714285,0.02152712022141011,0.14285714285714285,0.05101284958427815,0.043859649122807015,0.012280701754385967,0.02201784797582382,0.10526315789473684,0.019493177387914232,0.030211327866054957,0.013580246913580249,0.021699783690555675,0.12962962962962962,0.03992259455222418,57,0.35185185185185186,59868,11.706498541333431,20.385586295662563,159.44434026730903,11.658632523087187,12.481192410637721,11.662764015096805,11.703860209266725,239.04287426239347,0.0,False
454,454000,0.031307973185255134,0.027000000000000007,0.0312468241610967,0.21,0.06510714285714286,0.0303030303030303,0.007272727272727273,0.023254820605738726,0.07272727272727272,0.031818181818181815,0.030951380549626966,0.02,0.02841095193177613,0.16129032258064516,0.05329493087557604,55,0.3548387096774194,59868,11.727860761090447,19.635142638349535,161.23003506851586,11.678263578909775,12.557101627896916,11.685437819181077,11.732725015353719,240.2465665092973,0.0,False
455,455000,0.04186348658485829,0.02434782608695652,0.039051613831133404,0.24347826086956523,0.08922360248447206,0.02678571428571428,0.0071428571428571435,0.022271377469218957,0.07142857142857142,0.03290816326530612,0.036925736592156165,0.01871345029239766,0.03355633174769944,0.1871345029239766,0.07078111946532999,56,0.32748538011695905,59868,11.781139621289128,20.36750871269033,160.39398946240956,11.671204196039842,12.564414478763442,11.702951305439523,11.700217988880324,240.18142576551213,0.0,False
456,456000,0.04641646439133841,0.0296875,0.041546024075457225,0.2265625,0.07725384424603174,0.05654761904761905,0.016071428571428573,0.04508250813462688,0.14285714285714285,0.0661422902494331,0.04949985928672817,0.025543478260869567,0.04262234531085668,0.20108695652173914,0.07387206694271913,56,0.30434782608695654,59868,11.747448826995853,19.774366654568,157.7611365589371,11.664998326055276,12.671909891182054,11.665374071156975,11.703496430537363,236.98873075943263,0.0,False
457,457000,0.03138363853787392,0.019827586206896553,0.024358936423652413,0.13793103448275862,0.030890804597701146,0.07142857142857142,0.014285714285714287,0.04198484889625117,0.12244897959183673,0.04795918367346939,0.04327577012359621,0.01818181818181818,0.029593298309454463,0.13333333333333333,0.03595959595959596,49,0.296969696969697,59868,11.746130893622308,18.847929018822597,158.48305106963556,11.656722594094449,12.622368359027636,11.660834295670885,11.736308387536031,236.75334461840947,0.0,False
458,458000,0.04659850949602502,0.02608695652173913,0.03843273633270993,0.21739130434782608,0.0671704623878537,0.01694915254237288,0.005084745762711865,0.014030717195438806,0.05084745762711865,0.02360774818401937,0.0365449919082924,0.018965517241379314,0.03015848846432489,0.16091954022988506,0.052399197226783434,59,0.3390804597701149,59868,11.762232185269506,20.600496659348156,159.9539000749356,11.664029768987394,12.664790460359399,11.667723261776786,11.765123869370008,240.07829628004686,0.0,False
459,459000,0.04064127360620962,0.024390243902439025,0.041678954629707506,0.21951219512195122,0.09944508968899214,0.011363636363636364,0.002272727272727273,0.008792109255330492,0.022727272727272728,0.011363636363636364,0.03292740511116038,0.018562874251497007,0.03301415704603931,0.16766467065868262,0.076238000190096,44,0.2634730538922156,59868,11.738720426715531,21.254612248125525,161.8356858853892,11.6739749360939,12.527504552065082,11.6591276024397,11.702095701213167,242.39172135204217,0.0,False
460,460000,0.029648630210849104,0.01891891891891892,0.03208623078065766,0.16216216216216217,0.06836479336479337,0.02884615384615384,0.007692307692307693,0.022940808320128923,0.07692307692307693,0.03317307692307692,0.029392625481007673,0.015337423312883439,0.029168672695090207,0.13496932515337423,0.05713798811958321,52,0.31901840490797545,59868,11.698607323765152,19.61368235224581,171.21474482045818,11.659583982054356,12.541859995912619,11.664011492426575,11.7282098759941,250.1206998428568,0.0,False
461,461000,0.01964156170772475,0.01568627450980392,0.028401951375064436,0.13725490196078433,0.07288748832866479,0.024390243902439025,0.007317073170731709,0.018062992021650046,0.07317073170731707,0.029268292682926834,0.021003071987328144,0.013286713286713287,0.025437634357651916,0.11888111888111888,0.06038128538128538,41,0.2867132867132867,59868,11.754131060401352,17.615780523103087,162.33798195443293,11.661094985043752,12.375171940970375,11.664710034525738,11.70607491764175,239.11494541611899,0.0,False
462,462000,0.03894322464477908,0.03017241379310345,0.03918251685532657,0.22413793103448276,0.08609058565955119,0.016666666666666666,0.004,0.010450095613339786,0.04,0.012,0.0322334180248657,0.022289156626506025,0.03052817310774019,0.1686746987951807,0.06377414419583094,50,0.30120481927710846,59868,11.707150526590882,19.760162167967167,160.2776684463958,11.660556411718925,12.4588947001264,11.659153587126326,11.7034472563865,239.227033096312,0.0,False
463,463000,0.027882056962218443,0.017647058823529415,0.029368913135193547,0.16666666666666666,0.06666666666666667,0.04716981132075472,0.013207547169811321,0.03960278241851672,0.11320754716981132,0.06053459119496855,0.0344772245815889,0.016129032258064516,0.03286823618045889,0.14838709677419354,0.06456989247311827,53,0.3419354838709677,59868,11.70582507706297,19.74277156560622,159.05370112843931,11.661346755925672,12.476652305221103,11.661554211617187,11.747826224928204,238.04967726880068,0.0,False
464,464000,0.04795553255620575,0.03125,0.04585336673254503,0.25,0.09710234788359788,0.03875968992248062,0.011627906976744186,0.021592490404297685,0.06976744186046512,0.018604651162790697,0.04511077548246344,0.025179856115107913,0.0383482035518642,0.19424460431654678,0.0728188877469453,43,0.30935251798561153,59868,11.716102485959112,19.261287811891957,161.17169996938964,11.660101661092881,12.349518840812369,11.663246139229088,11.70832642441444,239.5302833327895,0.0,False
465,465000,0.042604032934221624,0.024528301886792454,0.03777496776294585,0.22641509433962265,0.07253668763102725,0.01092896174863388,0.003278688524590164,0.010008945883321073,0.03278688524590164,0.018214936247723135,0.03103409675265963,0.016766467065868266,0.027632887914699672,0.15568862275449102,0.05269461077844312,61,0.3652694610778443,59868,11.70560307395263,21.484075313132898,157.87793139274143,11.741281742527754,12.51982664061957,11.665173530781004,11.700719587739993,238.69461128149527,0.0,False
466,466000,0.03730902565284716,0.02252252252252252,0.03312176893141252,0.1891891891891892,0.062294437294437295,0.018229166666666664,0.004687500000000001,0.012970115087794188,0.046875,0.020089285714285712,0.030331248652186865,0.016,0.025752021240032102,0.13714285714285715,0.04685941043083901,64,0.3657142857142857,59868,11.728501131888503,20.95955660476323,159.59909146517904,11.660355568446356,12.519424207782514,11.66362919888253,11.70242202545857,239.83298020240073,0.0,False
467,467000,0.03752785496482975,0.02521008403361345,0.03692296248550252,0.21008403361344538,0.08200280112044818,0.0228310502283105,0.005479452054794521,0.012052820984111522,0.0547945205479452,0.012176560121765602,0.031940007330632326,0.017708333333333336,0.02746712743549448,0.15104166666666666,0.05545428240740741,73,0.3802083333333333,59868,11.74679322539507,22.02333386470967,157.53688467999572,11.655134259269673,12.708197679234257,11.659981427297739,11.696782908660053,239.0271080445622,0.0,False
468,468000,0.03843485626573862,0.02647058823529412,0.03648682523379967,0.19607843137254902,0.06414565826330532,0.02287581699346405,0.005882352941176471,0.013886097823948798,0.058823529411764705,0.01715686274509804,0.0332485098416471,0.0196078431372549,0.028953249430516047,0.1503267973856209,0.04848272642390289,51,0.3333333333333333,59868,11.70568016571616,19.20548838012237,157.82265721911438,11.661050929936966,12.449053889251882,11.668855726842953,11.697831417939453,236.21061772892418,0.0,False
469,469000,0.02730958880390006,0.014953271028037384,0.02501247104704656,0.11214953271028037,0.042768135291499774,0.04263565891472868,0.011627906976744186,0.02633298344704028,0.09302325581395349,0.03430232558139535,0.031703062235670924,0.014,0.02539101793504476,0.10666666666666667,0.04034126984126984,43,0.2866666666666667,59868,11.725406054874377,17.84292797354925,160.89590597691273,11.662933675313237,12.456996356380312,11.656132374401885,11.701040434228261,237.94134284566007,0.0,False
470,470000,0.030823376851493382,0.022222222222222227,0.03358993488179635,0.16666666666666666,0.07061287477954145,0.01633986928104575,0.00392156862745098,0.007352317571659285,0.0392156862745098,0.006372549019607843,0.026177723479840365,0.01635220125786164,0.025174095367224085,0.12578616352201258,0.050007487271638215,51,0.32075471698113206,59868,11.706626009577725,19.21187195805252,159.23065468322062,11.672886628497082,12.561907906966097,11.703095446694011,11.71219172704796,237.799234360056,0.0,False
471,471000,0.0257198097041847,0.014843750000000001,0.024372932666358336,0.1328125,0.05688864087301587,0.014925373134328358,0.004477611940298508,0.0070983266088393065,0.04477611940298507,0.006633499170812603,0.022010952010952007,0.011282051282051283,0.01843755520044154,0.10256410256410256,0.03962148962148962,67,0.3435897435897436,59868,11.703631252926726,20.868230188528237,160.69139396859833,11.663515421436731,12.657158102113986,11.661346228347691,11.735415279420792,240.98069044137247,0.0,False
472,472000,0.04779459424423126,0.024137931034482762,0.04334544222579408,0.20689655172413793,0.085207991242474,0.00980392156862745,0.0029411764705882353,0.013802315471257542,0.029411764705882353,0.029411764705882353,0.03375456303802986,0.016304347826086956,0.032427330164334925,0.14130434782608695,0.06458764665286404,67,0.3641304347826087,59868,11.751548847874215,21.51133419328599,159.4278423703993,11.66494971049925,12.789882788410978,11.66655859907717,11.749251011689,240.56136752123595,0.0,False
473,473000,0.016098943429451906,0.011864406779661017,0.016613792130310775,0.1016949152542373,0.034449825127791225,0.011737089201877934,0.0028169014084507044,0.006894483303987831,0.028169014084507043,0.008802816901408451,0.01446036326988708,0.008465608465608466,0.012962623206136547,0.07407407407407407,0.024815234735869655,71,0.37566137566137564,59868,11.75682973733605,28.52771728320547,161.66983017869285,11.658816649925964,12.618486863971711,11.664505689082393,11.69168374583196,249.58787014804642,0.0,False
474,474000,0.025633605921740642,0.02,0.024084638104220128,0.14285714285714285,0.04428571428571429,0.010638297872340425,0.002127659574468085,0.005046759846155238,0.02127659574468085,0.00425531914893617,0.020996898827518207,0.014473684210526317,0.018197925748107958,0.10526315789473684,0.0319078947368421,47,0.3092105263157895,59868,11.730005532673005,18.51920179825328,160.86676030459267,11.660089547310681,12.492078232603788,11.666913203645102,11.712214472367478,238.647263091446,0.0,False
475,475000,0.042711253045031414,0.024761904761904763,0.04030432880970445,0.22857142857142856,0.09191232048374905,0.024999999999999998,0.006666666666666667,0.011500724202859074,0.06666666666666667,0.01,0.03627079739229272,0.01818181818181818,0.029830290770851583,0.1696969696969697,0.06212602212602213,60,0.36363636363636365,59868,11.709458710262854,21.52847633264676,159.79833869474157,11.660771878710396,12.44157951928171,11.657375920709478,11.685355852636414,240.48135690898917,0.0,False
476,476000,0.03946124898853944,0.026851851851851856,0.04571980808451794,0.2037037037037037,0.10695546737213404,0.05151515151515151,0.012727272727272726,0.027031790170509256,0.12727272727272726,0.028030303030303027,0.04352851671224289,0.02208588957055215,0.03941403516874814,0.17791411042944785,0.08032427695004381,55,0.3374233128834356,59868,11.710660182753795,19.69169871292309,169.7893132830558,11.672285813765782,12.786055184121903,11.665977696875828,11.800261561181745,249.1162524346779,0.0,False
477,477000,0.050987113702823196,0.028813559322033902,0.04240759021769763,0.2288135593220339,0.07608958837772396,0.0425531914893617,0.010638297872340425,0.020303208416532017,0.0851063829787234,0.01633738601823708,0.048584723738988714,0.02363636363636364,0.03611119055312318,0.18787878787878787,0.05906926406926406,47,0.28484848484848485,59868,11.742453501148443,18.815591172532955,169.1345492507018,11.65987079071451,12.508320683474183,11.656147456531873,11.699938247067276,247.21687110217104,0.0,False
478,478000,0.0363532130456099,0.024031007751937988,0.03293058091892869,0.17829457364341086,0.06072043804601944,0.02564102564102564,0.007692307692307693,0.017196896688422416,0.07692307692307693,0.025694444444444447,0.03327567854263541,0.019337016574585635,0.02841040644386611,0.14917127071823205,0.05065772165219679,52,0.287292817679558,59868,11.699816216834137,18.900886606609824,160.43818826222412,11.658771038480786,12.524095963153957,11.661751191466285,11.695134870995382,238.5786441497645,0.0,False
479,479000,0.03216949176364761,0.019090909090909092,0.03224734551135671,0.16363636363636364,0.06606782106782107,0.02898550724637681,0.008695652173913044,0.021300293485855114,0.06521739130434782,0.030797101449275364,0.031230624534195967,0.016025641025641024,0.029019368632042138,0.1346153846153846,0.055667480667480666,45,0.28846153846153844,59868,11.696193420285272,18.086820775517488,157.33978731706512,11.65770112047937,12.518309481387991,11.661160651099678,11.687516725270019,234.64748949110498,0.0,False
480,480000,0.031901900252964084,0.01891891891891892,0.0334395242592152,0.17117117117117117,0.06795366795366795,0.022598870056497175,0.006779661016949153,0.01810462822690291,0.05084745762711865,0.028248587570621465,0.028673201537719684,0.014705882352941176,0.02811741328329505,0.12941176470588237,0.05417366946778711,59,0.34705882352941175,59868,11.692480814853855,20.056402269943984,157.64319069835886,11.69993930065505,12.474270571882773,11.666648809888214,11.70958380805609,236.94251627363886,0.0,False
481,481000,0.03431362632846965,0.018691588785046728,0.02581545477756527,0.17757009345794392,0.04862038273253227,0.04938271604938271,0.012345679012345678,0.030536122613485907,0.12345679012345678,0.03592004703115814,0.040806159665671554,0.015957446808510637,0.027849359536658732,0.15425531914893617,0.04314842958459979,81,0.4308510638297872,59868,11.727197240532504,23.82956762193855,162.6440253753303,11.688186595124051,12.651773400249034,11.679009612866608,11.714769779694322,245.93452962573537,0.0,False
482,482000,0.046224817610660086,0.027118644067796613,0.04416596262378869,0.211864406779661,0.08969935431799837,0.015765765765765764,0.004054054054054054,0.014187755436180866,0.04054054054054054,0.021396396396396396,0.03448539137877373,0.018229166666666664,0.03261186193689817,0.14583333333333334,0.06337425595238096,74,0.3854166666666667,59868,11.747399339012699,23.207331413366283,170.6246965660352,11.711325236113401,12.693462243848487,11.695351196980287,11.708523078995947,253.38808907435228,0.0,False
483,483000,0.023525432900432897,0.016363636363636365,0.01945873617828818,0.13636363636363635,0.03792929292929293,0.030555555555555555,0.006666666666666667,0.023098736502097313,0.06666666666666667,0.03071428571428571,0.026006652661064427,0.012941176470588237,0.020743442174926695,0.11176470588235295,0.035382819794584505,60,0.35294117647058826,59868,11.699444125268244,19.96757112289471,158.30613462818056,11.661919884081717,12.501442807635875,11.661744190330502,11.693149705629956,237.49140646402157,0.0,False
484,484000,0.03543209900071247,0.018032786885245903,0.030326306738558045,0.16393442622950818,0.059185532136351804,0.024739583333333332,0.0078125,0.015828253612023592,0.078125,0.021546378968253968,0.03175295382484008,0.014516129032258065,0.025337729318675225,0.13440860215053763,0.04623442566990954,64,0.34408602150537637,59868,11.698863967332663,20.59052420065599,160.75722204632325,11.662596208703025,12.60632480944157,11.665200396901444,11.735586103719942,240.7163177330779,0.0,False
485,485000,0.044136548594354945,0.028571428571428577,0.041605391865722104,0.26373626373626374,0.09271323914181057,0.04938271604938271,0.011111111111111112,0.052969339463735554,0.1111111111111111,0.08597883597883597,0.046090293715537696,0.02206896551724138,0.045837482695327114,0.20689655172413793,0.09020525451559934,54,0.3724137931034483,59868,11.75809332147615,19.638859819384734,159.7701086703124,11.659857849274925,12.370751919080213,11.663575802262072,11.734148512854148,238.59539589464464,0.0,False
486,486000,0.026326281788001643,0.020560747663551402,0.026497761463861593,0.16822429906542055,0.05848167927607179,0.041666666666666664,0.009375000000000001,0.021617415964203537,0.09375,0.02111235119047619,0.032067712385864575,0.01637426900584795,0.02467119940551004,0.14035087719298245,0.04449549800426994,64,0.3742690058479532,59868,11.753665668856605,21.228947270884866,156.99695232110344,11.671727044512693,12.61236829185053,11.6606026516336,11.733658351109622,237.65792159995135,0.0,False
487,487000,0.031396774229374556,0.020560747663551402,0.026115297087294126,0.17757009345794392,0.044841269841269835,0.049019607843137254,0.013725490196078433,0.03640377331446168,0.13725490196078433,0.057570806100217864,0.0370851572312853,0.018354430379746836,0.029436260932772258,0.16455696202531644,0.048950170785613825,51,0.3227848101265823,59868,11.742724388363879,18.94881497040146,161.94848595528498,11.664278460221666,12.521090248934774,11.659604629427056,11.737562733940553,240.2225613865744,0.0,False
488,488000,0.02717856438094533,0.01746031746031746,0.030416242158281086,0.16666666666666666,0.07533698664651045,0.01282051282051282,0.003076923076923077,0.012004733042025548,0.03076923076923077,0.01794871794871795,0.02229231646770914,0.012565445026178013,0.02415054533861297,0.12041884816753927,0.05580694756087426,65,0.3403141361256545,59868,11.707312170095019,21.818439499998732,159.109868402188,11.661627227987914,12.675372179804523,11.662345127352868,11.70864890476242,240.34361351218948,0.0,False
489,489000,0.02895764987180595,0.02,0.02908386758616443,0.16,0.060885714285714286,0.0070921985815602835,0.002127659574468085,0.003862591330581972,0.02127659574468085,0.00425531914893617,0.02298278818202952,0.015116279069767442,0.02219200721399946,0.12209302325581395,0.045411129568106307,47,0.27325581395348836,59868,11.717600854374567,18.4954423721323,158.92935440749156,11.66347736454576,12.47159259548658,11.66144366869515,11.734027487983468,236.6729387507094,0.0,False
490,490000,0.02278580005852733,0.01322314049586777,0.02416793485457643,0.12396694214876033,0.05559818968909878,0.03571428571428571,0.01,0.020551326942875786,0.08571428571428572,0.02238095238095238,0.027523988518752915,0.012041884816753928,0.02284247645761808,0.1099476439790576,0.04342433308401894,70,0.36649214659685864,59868,11.728845429576085,22.51392789216766,158.78830408687372,11.663251834173604,12.673249916161922,11.676338808594423,11.702059340978899,240.74597730852634,0.0,False
491,491000,0.019281129140211052,0.01391304347826087,0.020139725137583556,0.11304347826086956,0.04146997929606625,0.015873015873015872,0.004761904761904762,0.012452065658283988,0.047619047619047616,0.020502645502645505,0.018074886804068935,0.010674157303370787,0.01741881195108989,0.0898876404494382,0.034048956661316215,63,0.3539325842696629,59868,11.727899052210722,20.870514072193757,157.98378975305505,11.662127739009431,12.528669923878022,11.66556151627196,11.733256201351683,238.17181825797064,0.0,False
492,492000,0.030684225556020427,0.01794871794871795,0.028013841346995038,0.13675213675213677,0.05123456790123457,0.03216374269005848,0.008771929824561403,0.02058748137292717,0.08771929824561403,0.028801169590643275,0.031168894961998407,0.014942528735632187,0.025581068252041768,0.1206896551724138,0.043885696040868456,57,0.3275862068965517,59868,11.785882238782296,20.44594521279086,158.7214582091795,11.662913464438596,12.635433563473741,11.673330956321614,11.733828138044133,238.65879178303078,0.0,False
493,493000,0.05047392030892748,0.02970297029702971,0.0513429095530193,0.25742574257425743,0.11898475561841901,0.007575757575757575,0.002272727272727273,0.0032106130195415678,0.022727272727272728,0.002525252525252525,0.037456546789896614,0.02137931034482759,0.03673724715665364,0.18620689655172415,0.08364532019704435,44,0.30344827586206896,59868,11.74217811078515,18.394654145922896,158.01320201505598,11.659908990643842,12.438710607576287,11.662024385863944,11.695475815545752,235.60615407139386,0.0,False
494,494000,0.026988599096037114,0.019008264462809916,0.02755437648194604,0.18181818181818182,0.06124229306047487,0.05820105820105819,0.017460317460317457,0.03934939503815125,0.14285714285714285,0.04938271604938272,0.037675473680908456,0.01847826086956522,0.03159288827021195,0.16847826086956522,0.057181677018633546,63,0.3423913043478261,59868,11.736194879014006,20.36803416026467,158.03707156707148,11.6884663853567,12.535733301108355,11.663666764222258,11.73880538365979,237.76797244069726,0.0,False
495,495000,0.039707455412583616,0.018803418803418806,0.02948143402116383,0.1794871794871795,0.04968118301451634,0.03571428571428571,0.008571428571428572,0.021838504439140125,0.08571428571428572,0.028231292517006804,0.03821268600680365,0.014973262032085563,0.026620444338053356,0.1443850267379679,0.04165181224004754,69,0.3689839572192513,59868,11.728591246609742,21.545013583423867,160.10227781114438,11.661165303211707,12.746701831697905,11.666735043200372,11.708017193856612,241.15850201314456,0.0,False
496,496000,0.041520000330515686,0.022123893805309734,0.029597630387831517,0.19469026548672566,0.05089549093973873,0.018817204301075266,0.004838709677419356,0.009284537125782772,0.04838709677419355,0.009472606246799794,0.03347672402294251,0.016,0.022400991632134246,0.14285714285714285,0.03621995464852608,61,0.3485714285714286,59868,11.747771741191237,20.107486639317496,156.64650734958929,11.65635077395033,12.500112852836809,11.661378961552726,11.691744838310258,236.01135315674813,0.0,False
497,497000,0.03829695089093585,0.02192982456140351,0.035118508885926915,0.18421052631578946,0.07410888331940964,0.03365384615384615,0.009615384615384616,0.028927571922607857,0.09615384615384616,0.04807692307692308,0.036842484346787274,0.018072289156626505,0.03317917923476672,0.1566265060240964,0.06595429336393191,52,0.3132530120481928,59868,11.723371020594398,18.99990952219932,156.6228358654276,11.66146880367258,12.582157167623231,11.66235477081945,11.701491842860957,234.9535889931975,0.0,False
498,498000,0.03263171315791744,0.024369747899159664,0.03358739805732303,0.21008403361344538,0.08527077497665733,0.03571428571428571,0.008928571428571428,0.028032393642257732,0.08928571428571429,0.04246031746031746,0.033618136375955295,0.019428571428571427,0.03180979664450214,0.17142857142857143,0.07157142857142858,56,0.32,59868,11.727062821681455,19.4749169597358,157.87999109802274,11.659807352251693,12.532803191411812,11.661315777761194,11.688004345714042,236.62390154657874,0.0,False
499,499000,0.027382850643720206,0.018095238095238095,0.027276285617273924,0.17142857142857143,0.06560468631897204,0.026881720430107524,0.008064516129032258,0.01533927414304292,0.06451612903225806,0.016935483870967744,0.027196802300941847,0.014371257485029942,0.022844580758577388,0.1317365269461078,0.04753588061971296,61,0.3652694610778443,59868,11.72512345858079,20.383760158115827,158.67169627209466,11.658660396401954,12.513247523798787,11.66566923110901,11.715850995019927,238.33400803512097,0.0,False
500,500000,0.04485785355963093,0.02592592592592593,0.04897244303869151,0.24074074074074073,0.11657113462669016,0.030612244897959183,0.00816326530612245,0.021948182481404552,0.08163265306122448,0.033527696793002916,0.040411771875414906,0.020382165605095544,0.04053811968004781,0.1910828025477707,0.09065311899706803,49,0.31210191082802546,59868,11.720623346742066,18.545303766159815,157.667824739402,11.660294566867568,12.525929762585708,11.66229033398858,11.68691537491162,235.46918189065738,0.0,False
501,501000,0.0412567714616895,0.02295081967213115,0.03207439345472339,0.21311475409836064,0.059468514181628934,0.011494252873563218,0.003448275862068966,0.004891257395092765,0.034482758620689655,0.003879310344827586,0.03166662658329325,0.016666666666666666,0.02331538294662019,0.15555555555555556,0.041556437389770724,58,0.32222222222222224,59868,11.697134794041997,20.220986564178922,156.64916259479355,11.664714482481632,12.545233405963918,11.660881122477207,11.718830331214347,236.1569432951516,0.0,False
502,502000,0.03439918744050575,0.024299065420560748,0.03437208922784844,0.205607476635514,0.0745067497403946,0.015723270440251572,0.0037735849056603774,0.01615342515579808,0.03773584905660377,0.02830188679245283,0.02821278993417155,0.0175,0.02833715675398176,0.15,0.05920138888888889,53,0.33125,59868,11.747328864011862,19.07902102299408,160.3692461002726,11.686733264987259,12.545870502977952,11.68630732975573,11.837645536125208,238.95215262112464,0.0,False
503,503000,0.03354710849414239,0.023728813559322035,0.0286909813801524,0.19491525423728814,0.055236077481840194,0.028112449799196783,0.0072289156626506035,0.01726647431257333,0.07228915662650602,0.0235083189902467,0.03130294594846834,0.016915422885572143,0.0239733988597093,0.14427860696517414,0.04213456526889362,83,0.4129353233830846,59868,11.785907466824174,23.41654753741651,161.5402706773156,11.663215989721198,12.655387086835113,11.666437079338454,11.690234851854942,244.41800068930598,0.0,False
504,504000,0.030464332103676366,0.019672131147540985,0.02959889880673975,0.18032786885245902,0.06236013531095498,0.01990049751243781,0.004477611940298508,0.009016455128261566,0.04477611940298507,0.007356076759061834,0.026719480687734658,0.014285714285714287,0.022302476973628433,0.13227513227513227,0.04286134206769128,67,0.3544973544973545,59868,11.72445672757705,20.799413176203487,158.60012287541304,11.664205561298658,12.641143681366152,11.6607819372061,11.742741123241252,238.83286508230572,0.0,False
505,505000,0.02597082157933274,0.018032786885245903,0.02935999515728607,0.1721311475409836,0.06518345042935206,0.017676767676767676,0.004545454545454546,0.0080193322455959,0.045454545454545456,0.006709956709956709,0.02305907925183649,0.013297872340425532,0.021868060305309734,0.1276595744680851,0.04465552178318136,65,0.34574468085106386,59868,11.71083336523604,25.67510653042615,171.6417221643979,11.663799199701508,12.823738261058537,11.663686622961912,11.764706748226828,256.9435928920089,0.0,False
506,506000,0.02255446927917109,0.015044247787610621,0.015942700250772816,0.1415929203539823,0.02675235285854755,0.00966183574879227,0.002898550724637681,0.008848488389602688,0.014492753623188406,0.014492753623188406,0.017666602720950546,0.01043956043956044,0.013253136413296228,0.09340659340659341,0.022104482818768534,68,0.37362637362637363,59868,11.722212611933735,27.45033172808775,162.46832297032998,11.661358664177834,12.54095617175821,11.670747438963236,11.744164291907499,249.25809387715827,0.0,False
507,507000,0.04179402537809617,0.025663716814159295,0.037711841936791723,0.20353982300884957,0.07255232476471414,0.03401360544217687,0.00816326530612245,0.024982605665194165,0.08163265306122448,0.03401360544217687,0.03944068848389836,0.020370370370370372,0.033861640842296176,0.16666666666666666,0.06089555163629237,49,0.30246913580246915,59868,11.717045078046828,19.39055813880708,158.2580256002525,11.662259046571478,12.520731050832957,11.671725108020059,11.692183582351356,236.91252760488226,0.0,False
508,508000,0.04016311883958943,0.027927927927927934,0.037175613501858974,0.22522522522522523,0.08501716001716002,0.0,0.0,0.0,0.0,0.0,0.025187040628217097,0.017514124293785314,0.023313520331674272,0.14124293785310735,0.05331584611245628,66,0.3728813559322034,59868,11.709799103851172,21.569281662761618,159.13762698972766,11.682559357573119,12.562876295099667,11.662357647448939,11.751059013173638,240.07556006963583,0.0,False
509,509000,0.035105689329827265,0.02076923076923077,0.02829567627595701,0.19230769230769232,0.05303418803418804,0.0101010101010101,0.0030303030303030303,0.009165616658412184,0.030303030303030304,0.016666666666666666,0.026685746324205156,0.014795918367346941,0.021853921506783756,0.1377551020408163,0.04078798185941043,66,0.336734693877551,59868,11.739465173410402,26.522156236205575,159.1938988405456,11.65802787508885,12.587458649460093,11.656669986329081,11.722893596730067,245.0805703577697,0.0,False
510,510000,0.03635651014002635,0.02434782608695652,0.03807533258142429,0.21739130434782608,0.09237405106970324,0.03551912568306011,0.00819672131147541,0.022254035473298774,0.08196721311475409,0.026775956284153003,0.03606628029982783,0.01875,0.03259181483372169,0.17045454545454544,0.06963834776334776,61,0.3465909090909091,59868,11.699668177364565,20.566319117495958,160.460892783737,11.659086682325182,12.64089078437114,11.662316258986838,11.743960612611847,240.43313441689253,0.0,False
511,511000,0.028110184458780073,0.017699115044247787,0.021473315444349137,0.17699115044247787,0.04600014046916701,0.018779342723004695,0.005633802816901409,0.01628769354940261,0.056338028169014086,0.0278336686787391,0.024509696615084137,0.013043478260869568,0.019472341778364335,0.13043478260869565,0.038990251897860595,70,0.3804347826086957,59868,11.726136415854405,21.971477358495584,158.59130505961605,11.658230222144628,12.625598149768047,11.669491695745492,11.707552842257773,239.94979174388197,0.0,False
512,512000,0.030319488956385574,0.020952380952380955,0.027638113460713112,0.17142857142857143,0.048877551020408166,0.017857142857142856,0.005357142857142858,0.014411393677781282,0.05357142857142857,0.024107142857142858,0.02598475987838811,0.015527950310559006,0.02303751527534552,0.13043478260869565,0.04026175687666371,56,0.34782608695652173,59868,11.725614647281613,20.368414705290718,158.48664591107396,11.661269565324538,12.438724715860271,11.66602164717756,11.714058079911883,238.06074927192057,0.0,False
513,513000,0.030436908033140073,0.02,0.029961698539687703,0.18095238095238095,0.06264172335600907,0.044444444444444446,0.011111111111111112,0.030430282651891627,0.08888888888888889,0.037248677248677246,0.03463916895653139,0.017333333333333333,0.03010227377334888,0.15333333333333332,0.05502380952380952,45,0.3,59868,11.756581637614726,18.174150719779682,158.6607358505382,11.666375482430325,12.551759681636575,11.664862374805018,11.74199239425966,236.2164581410642,0.0,False
514,514000,0.03610620138377021,0.02254901960784314,0.03549812590405617,0.19607843137254902,0.07212107065048241,0.016666666666666666,0.004,0.007456993724034879,0.04,0.006000000000000001,0.02971161759524931,0.01644736842105263,0.02627406926589127,0.14473684210526316,0.050370718462823726,50,0.32894736842105265,59868,11.721512771373233,18.53626398079511,161.04270195320402,11.68378114151103,12.43279069756964,11.6647206192394,11.71801567871611,238.79978684240854,0.0,False
515,515000,0.04219835211826059,0.02947368421052632,0.04264389621793357,0.24210526315789474,0.09521720969089388,0.05319148936170213,0.01276595744680851,0.02707861329532549,0.1276595744680851,0.02794663964876731,0.04583692571292081,0.023943661971830985,0.03749200679988723,0.20422535211267606,0.0729515984797675,47,0.33098591549295775,59868,11.706266439398538,18.29036586421806,158.85827414395536,11.659804890970516,12.45291068364962,11.65935033024812,11.695053615382033,236.3220259678222,0.0,False
516,516000,0.04205799285890819,0.02478632478632479,0.04371395584643468,0.19658119658119658,0.09074074074074075,0.01741293532338308,0.004477611940298508,0.014877557191094903,0.04477611940298507,0.021641791044776117,0.03308397734325502,0.017391304347826087,0.03321374546650118,0.14130434782608695,0.06557971014492754,67,0.3641304347826087,59868,11.706817453327467,21.409201300823245,158.04173020061984,11.661509580040974,12.603574587766175,11.655845915350959,11.689484651591918,238.76816368952063,0.0,False
517,517000,0.03774433130542059,0.031067961165048546,0.04572347134049099,0.24271844660194175,0.10821775312066573,0.0303030303030303,0.00681818181818182,0.02530935230272295,0.045454545454545456,0.03409090909090909,0.03551700311422894,0.023809523809523808,0.03961312278496858,0.1836734693877551,0.08603012633624878,44,0.29931972789115646,59868,11.723967673668568,17.76245426954315,159.47336834920554,11.661199241716492,12.398507725622231,11.662376035351251,11.705611004456106,236.38748429956337,0.0,False
518,518000,0.0393598356335146,0.02288135593220339,0.03049851335818265,0.211864406779661,0.059069814366424535,0.017543859649122806,0.005263157894736843,0.009471345025149876,0.05263157894736842,0.010526315789473684,0.032254060598598415,0.017142857142857144,0.023649664243994836,0.16,0.043258503401360546,57,0.32571428571428573,59868,11.693427534445465,19.65251839777804,158.12817093735498,11.726923433166835,12.794559623788281,11.694948403820348,11.735287973754783,237.42583630410874,0.0,False
519,519000,0.03296880588547255,0.020512820512820516,0.03329331552606853,0.18803418803418803,0.0676943426943427,0.011904761904761904,0.0035714285714285718,0.00558665150027091,0.03571428571428571,0.00510204081632653,0.02615038702466448,0.015028901734104047,0.02432468439633057,0.13872832369942195,0.047433250756950186,56,0.3236994219653179,59868,11.69672827647239,19.79065806702318,159.04167637141586,11.666537186691418,12.527325441616387,11.67186370790163,11.693520434188919,238.0883094853098,0.0,False
520,520000,0.05285598099235534,0.028000000000000004,0.049295013230528,0.24,0.09807936507936509,0.025423728813559317,0.006779661016949153,0.011714410860519216,0.06779661016949153,0.010660478880817864,0.04267671760525493,0.020125786163522015,0.0353500098353675,0.1761006289308176,0.0656409104522312,59,0.3710691823899371,59868,11.716921394455682,20.25233716489161,160.30498892999344,11.657771962533815,12.473703307799845,11.664241074765824,11.767238408566527,239.83720224300671,0.0,False
521,521000,0.029786547227023417,0.02,0.02697369264805154,0.18095238095238095,0.05313303099017385,0.03888888888888888,0.01,0.017401574992091606,0.1,0.014464285714285713,0.03309648964951995,0.016363636363636365,0.02349292259133884,0.15151515151515152,0.03907166907166907,60,0.36363636363636365,59868,11.725645835194975,20.759240871456864,158.19132251382317,11.662261444611577,12.522428347275238,11.669813299503007,11.734311253730478,238.2650235655953,0.0,False
522,522000,0.04993921685098156,0.0264957264957265,0.03855338331988826,0.20512820512820512,0.06199294532627866,0.022598870056497175,0.006779661016949153,0.01593438045598086,0.05084745762711865,0.022457627118644068,0.04077398695964873,0.019886363636363636,0.03097087667801021,0.1534090909090909,0.04873962842712842,59,0.3352272727272727,59868,11.72763884774164,22.65847158039458,159.49210646684642,11.668201053013917,12.497655527576867,11.676637383647993,11.71048260432961,241.43119346355104,0.0,False
523,523000,0.049718994593722254,0.02666666666666667,0.04890703460430275,0.21481481481481482,0.10350676072898295,0.019774011299435026,0.005084745762711865,0.011273003133743428,0.05084745762711865,0.012308313155770783,0.040612015138243154,0.020103092783505156,0.03746163328078213,0.16494845360824742,0.07577115038455245,59,0.30412371134020616,59868,11.69432183867336,21.533193173495224,161.73719904799543,11.659260906765612,12.600242076374336,11.661373169297162,11.743567837063651,242.62915804966474,0.0,False
524,524000,0.05292258359713602,0.031730769230769236,0.05425601022137902,0.23076923076923078,0.11285485347985347,0.0196078431372549,0.005882352941176471,0.024208614961007412,0.058823529411764705,0.049019607843137254,0.041960959316788046,0.023225806451612905,0.04436944790990191,0.17419354838709677,0.09185099846390168,51,0.32903225806451614,59868,11.746886092858787,19.108723067956525,161.028032912236,11.675019861018265,12.549056986208008,11.663813103135467,11.742607841577769,239.51413986499082,0.0,False
525,525000,0.045947194714488555,0.023728813559322035,0.04253089287088869,0.2033898305084746,0.07904896421845574,0.028205128205128206,0.007692307692307693,0.018853757732191095,0.06153846153846154,0.025787545787545788,0.039645367812256735,0.018032786885245903,0.034120981482826704,0.15300546448087432,0.06013097406540029,65,0.3551912568306011,59868,11.731631233760641,21.339555857410875,158.36039095022682,11.660904218516176,12.755586077717318,11.664155493459894,11.706779455666894,239.2190032867586,0.0,False
526,526000,0.04254438014654518,0.027358490566037737,0.033325471067575274,0.22641509433962265,0.05501647199760406,0.010869565217391304,0.002173913043478261,0.004204921817766757,0.021739130434782608,0.002717391304347826,0.03295858089166966,0.019736842105263157,0.02451267326829112,0.16447368421052633,0.03918911862990809,46,0.3026315789473684,59868,11.708007969860045,18.434472887657314,157.43610346202752,11.659064069233228,12.442822746386305,11.66280685688248,11.707223168733183,235.05050116078007,0.0,False
527,527000,0.04009452534735785,0.023577235772357725,0.035220557326049985,0.21951219512195122,0.07316427926184023,0.017241379310344827,0.005172413793103449,0.01128647412886204,0.05172413793103448,0.015394088669950737,0.032771417777486274,0.017679558011049725,0.02755107210264169,0.16574585635359115,0.054652284486538624,58,0.32044198895027626,59868,11.726060100733516,19.776893401129982,159.04835726777978,11.65740530756354,12.700286485256562,11.658618012652667,11.69237745023144,238.2599980253475,0.0,False
528,528000,0.029029830322933773,0.014655172413793105,0.02371013057834791,0.12931034482758622,0.0409688013136289,0.03954802259887005,0.01016949152542373,0.02480778869708368,0.1016949152542373,0.03368307775087436,0.032575963718820856,0.013142857142857144,0.024080198172664546,0.12,0.0385124716553288,59,0.33714285714285713,59868,11.726998915578823,20.015969029882342,163.29111011728625,11.658666633829196,12.491036281883638,11.663732982142294,11.70946573025855,242.55697969086114,0.0,False
529,529000,0.030084884251550918,0.018803418803418806,0.0223665803328407,0.1623931623931624,0.03996404829738163,0.0,0.0,0.0,0.0,0.0,0.020229491134663546,0.012643678160919542,0.015039597120358402,0.10919540229885058,0.026872377303411785,56,0.3218390804597701,59868,11.70136170577929,20.078409486617986,161.3786871414863,11.664762313928767,12.555594960828032,11.68349079146147,11.746058353773181,240.80836475387503,0.0,False
530,530000,0.017058727899435862,0.011504424778761062,0.02003871240471384,0.10619469026548672,0.04596502317741256,0.01126126126126126,0.002702702702702703,0.006952558753838236,0.02702702702702703,0.009009009009009009,0.014764543240479069,0.008021390374331552,0.014860234489394084,0.0748663101604278,0.031340718105423986,74,0.39572192513368987,59868,11.724063933210571,22.503879627461252,161.26490509885127,11.659423729978858,12.583358617909713,11.663655379981485,11.703633514589807,243.10291990198297,0.0,False
531,531000,0.03427474747474747,0.020800000000000006,0.029003796836489362,0.184,0.056685714285714284,0.019774011299435026,0.005084745762711865,0.015734722088382936,0.05084745762711865,0.02189265536723164,0.029625054896794026,0.01576086956521739,0.024749039172694366,0.14130434782608695,0.045529244306418214,59,0.32065217391304346,59868,11.750664237669683,20.48093012077534,163.22902115262218,11.663119599797378,12.756300450458834,11.661955019698356,11.714317718458656,243.25630829948042,0.0,False
532,532000,0.0403567400411492,0.022123893805309734,0.02938194541808089,0.19469026548672566,0.045041438404270266,0.03603603603603603,0.00945945945945946,0.022776895038885966,0.08108108108108109,0.028866366366366365,0.038646942734312975,0.017112299465240642,0.026768182166420865,0.1497326203208556,0.03864060775825482,73,0.39037433155080214,59868,11.702057317680703,23.134888103390484,159.63918854568215,11.665462035168051,12.602594464769524,11.664831412586118,11.73348845640021,242.14251033567723,0.0,False
533,533000,0.03106228028746848,0.021505376344086023,0.036824377406811534,0.1935483870967742,0.08906810035842294,0.013333333333333332,0.004,0.008035996359551609,0.04,0.01,0.024863347786022626,0.015384615384615385,0.0267585099077696,0.13986013986013987,0.06142191142191142,50,0.34965034965034963,59868,11.698089801642775,19.117072725713392,162.6767647609495,11.66306486030666,12.391442927223162,11.673610837703574,11.695260732511038,240.91530664605008,0.0,False
534,534000,0.051290982059672266,0.03333333333333333,0.05360010304380929,0.24761904761904763,0.11163643235071806,0.017006802721088433,0.004081632653061225,0.011087327535553615,0.04081632653061224,0.013119533527696792,0.040382379542850136,0.024025974025974027,0.040073310836637024,0.18181818181818182,0.08029014636157494,49,0.3181818181818182,59868,11.708022978965115,19.411821786885497,161.75664643851283,11.657329145237094,12.562981745331548,11.660714672068195,11.706311543693836,240.4638283106941,0.0,False
535,535000,0.024782653509361586,0.019642857142857146,0.023832203804925733,0.17857142857142858,0.05282383786848072,0.024590163934426226,0.006557377049180328,0.011867085650340605,0.06557377049180328,0.011241217798594848,0.024714781462708075,0.01502890173410405,0.01961328931111248,0.13872832369942195,0.03816175795944582,61,0.35260115606936415,59868,11.718170336627587,20.399162286438568,160.72354994700612,11.668668246256342,12.523533115843533,11.77652394307449,11.749330811050562,240.55893868629718,0.0,False
536,536000,0.06332154969629394,0.0330188679245283,0.053810515272410674,0.2830188679245283,0.10248203054806829,0.05797101449275362,0.015217391304347827,0.041003348672034416,0.13043478260869565,0.051449275362318844,0.06170230877943306,0.027631578947368424,0.049934662222296804,0.23684210526315788,0.08703790726817043,46,0.3026315789473684,59868,11.776074001559888,19.375901845433695,168.7504501689807,11.689813307971807,12.564209147664096,11.68392140984964,11.7065551961254,247.54692507758523,0.0,False
537,537000,0.015643822621742076,0.010091743119266056,0.0150354747506475,0.08256880733944955,0.03315494393476044,0.0423728813559322,0.011864406779661016,0.03478701216403952,0.11864406779661017,0.05612052730696799,0.025030813486725513,0.010714285714285714,0.021972026580350648,0.09523809523809523,0.0412202380952381,59,0.35119047619047616,59868,11.784308677278975,20.803906931612936,160.4381764662155,11.656482419547531,12.513741334083118,11.67079236688573,11.721441983414405,240.5888501790382,0.0,False
538,538000,0.02862306419934108,0.021153846153846155,0.030722695600825665,0.18269230769230768,0.06354166666666666,0.008771929824561403,0.002631578947368421,0.006555121808768589,0.02631578947368421,0.009868421052631578,0.02024147412998966,0.013333333333333332,0.020518608888623786,0.11666666666666667,0.04087962962962963,76,0.4222222222222222,59868,11.716354809870877,22.420935858954994,158.137460781263,11.679910716835828,12.598300251936978,11.669410122067125,11.749030449453857,239.97140299038267,0.0,False
539,539000,0.023099415204678363,0.013157894736842105,0.019452743751203337,0.12280701754385964,0.03806042884990253,0.01990049751243781,0.004477611940298508,0.008852932830183723,0.04477611940298507,0.00708955223880597,0.02191528545119705,0.00994475138121547,0.01552905683568779,0.09392265193370165,0.026596071209330878,67,0.3701657458563536,59868,11.762373749071852,21.659697120313126,167.217808987985,11.66248603474973,12.781878608938978,11.754118696929993,11.816706907738507,248.65507010572716,0.0,False
