batch,interactions,recall_existing,precision_existing,ndcg_existing,hr_existing,mrr_existing,recall_new_content,precision_new_content,ndcg_new_content,hr_new_content,mrr_new_content,recall_overall_content,precision_overall_content,ndcg_overall_content,hr_overall_content,mrr_overall_content,n_new_users,pct_new_users,n_users_trained,id_resolution_emissions_mg,recovered_history_seed_emissions_mg,expand_embeddings_emissions_mg,gt_split_emissions_mg,scoring_emissions_mg,history_update_emissions_mg,apply_content_seeds_emissions_mg,batch_emissions_mg,update_emissions_mg,updated
1,1000,0.03134302775133304,0.02149532710280374,0.03157621458754149,0.1588785046728972,0.0646417445482866,0.0,0.0,0.0,0.0,0.0,0.02220996006220288,0.015231788079470197,0.02237519841633735,0.11258278145695365,0.045805739514348784,44,0.2913907284768212,59868,11.695960611733593,17.83628580272125,123.77338842688667,11.659485268803946,12.353339741791714,11.66379548946648,11.657137566109967,200.63939290751364,0.0,False
2,2000,0.024530075971373796,0.014166666666666668,0.026841565359537446,0.14166666666666666,0.07045965608465607,0.0065359477124183,0.00196078431372549,0.0030671812158350096,0.0196078431372549,0.0028011204481792717,0.01916340613975549,0.010526315789473686,0.019750959562292857,0.10526315789473684,0.050280794579040194,50,0.29239766081871343,59868,11.69641361783633,19.32698758848046,127.60997808184945,11.6593501066556,12.396898232596289,11.663537984818992,11.656627169050171,206.0097927812873,0.0,False
3,3000,0.04289256413316564,0.023308270676691726,0.039016627963729636,0.18045112781954886,0.0716374269005848,0.011737089201877934,0.0028169014084507044,0.006894483303987831,0.028169014084507043,0.008802816901408451,0.03204923707374687,0.016176470588235292,0.02783686193019205,0.12745098039215685,0.04976851851851851,71,0.3480392156862745,59868,11.744036709430365,21.96705122364047,123.44952628572375,11.658206191317495,12.441644554925029,11.657212051255556,11.653639354027652,204.57131637032035,0.0,False
4,4000,0.036068361333943304,0.02288135593220339,0.02995963957007984,0.19491525423728814,0.05317460317460317,0.03252032520325203,0.007317073170731709,0.01627220621868786,0.07317073170731707,0.01524390243902439,0.035153458935463164,0.01886792452830189,0.026430175624123413,0.16352201257861634,0.04339373065788161,41,0.2578616352201258,59868,11.749591747683757,17.637220046014537,123.75284631194845,11.661371645731167,12.338602720882294,11.662175292829687,11.656567209883091,200.458374974973,0.0,False
5,5000,0.03687917353029739,0.019512195121951223,0.03260111144423458,0.18699186991869918,0.06525680732997806,0.005747126436781609,0.001724137931034483,0.008091012517633733,0.017241379310344827,0.017241379310344827,0.026903158439557526,0.013812154696132596,0.024747046594826575,0.13259668508287292,0.04987064807506797,58,0.32044198895027626,59868,11.72126077807656,20.136124743506784,125.63939577959061,11.662071939174627,12.409111767144486,11.662835175817566,11.656512587901457,204.88731277121212,452.6614885647113,True
6,6000,0.030417840239750655,0.01926605504587156,0.03155028954192797,0.1743119266055046,0.07038371923693025,0.03205128205128205,0.007692307692307693,0.02388568698813725,0.07692307692307693,0.03543956043956044,0.03094541150807135,0.01552795031055901,0.029074765735734687,0.14285714285714285,0.059097407078773534,52,0.32298136645962733,59868,11.95965045289616,20.038617467505727,133.47391702658234,11.674253410693616,12.290198827266588,11.704367150699568,11.781000698101938,212.9220050337459,0.0,False
7,7000,0.02870733211193416,0.018260869565217393,0.024624725071603987,0.16521739130434782,0.04238785369220152,0.00980392156862745,0.00196078431372549,0.0040074979919311,0.0196078431372549,0.0028011204481792717,0.022899657788388122,0.013253012048192772,0.01829051675194545,0.12048192771084337,0.03022566456301396,51,0.3072289156626506,59868,11.863644786462915,19.26853857825775,125.29407712836421,11.672795825549022,12.396342320529149,11.718279369814146,11.659528127291267,203.8732061362685,0.0,False
8,8000,0.025353754301122723,0.020720720720720724,0.023215822779070368,0.1891891891891892,0.050257400257400255,0.026515151515151512,0.00681818181818182,0.023861225051758736,0.06818181818181818,0.03598484848484848,0.02568344125220186,0.0167741935483871,0.02339903374680126,0.15483870967741936,0.0462058371735791,44,0.2838709677419355,59868,11.69865429274681,18.494921720651167,126.49163079871346,11.661391154020682,12.315521090427907,11.66105259333772,11.793652241991714,204.11682389188945,0.0,False
9,9000,0.030155908500206746,0.015873015873015876,0.029202902094793606,0.14285714285714285,0.05979780801209373,0.023474178403755867,0.007042253521126761,0.021289553652164152,0.07042253521126761,0.038184663536776214,0.027747772272551863,0.012690355329949238,0.026350883112932228,0.116751269035533,0.05200829908951736,71,0.3604060913705584,59868,11.693092147783014,21.907010744746067,129.00208174885685,11.678170186202578,12.640962315638594,11.829436889492124,11.875200608074156,210.62595464079337,0.0,False
10,10000,0.04367794431101283,0.026415094339622643,0.04106722041849122,0.2169811320754717,0.07926774483378256,0.029411764705882353,0.007352941176470588,0.01680390659583148,0.07352941176470588,0.019117647058823527,0.03810265572969747,0.01896551724137931,0.03158500582112995,0.16091954022988506,0.0557608100711549,68,0.39080459770114945,59868,11.781680770127107,22.135926160589577,129.46296174517298,11.676865752219008,12.388644271363585,11.690233713994303,11.671533568467177,210.80784598193372,462.65849466833265,True
11,11000,0.03239360768430536,0.02307692307692308,0.029721309016586237,0.20192307692307693,0.06142399267399267,0.008771929824561403,0.002631578947368421,0.0038958146179719107,0.02631578947368421,0.003289473684210526,0.02607231360916261,0.017605633802816902,0.022810261219773954,0.15492957746478872,0.04586686787391013,38,0.2676056338028169,59868,11.827532975749751,18.30402461355232,137.3488209621366,11.729229167061883,12.450164506894874,11.692340949720926,11.684447919750422,215.03656109486678,0.0,False
12,12000,0.035150019416281895,0.019090909090909092,0.03173645178884741,0.17272727272727273,0.05704184704184703,0.02564102564102564,0.005128205128205128,0.021321913579067247,0.05128205128205128,0.029914529914529916,0.032661088159671205,0.015436241610738253,0.029010498834609648,0.14093959731543623,0.049941408330670074,39,0.26174496644295303,59868,11.717461091079011,17.48272001464435,123.21170974130547,11.65919756148737,12.403308376611813,11.668378332028734,11.657806513155727,199.80058163031245,0.0,False
13,13000,0.01986171236171236,0.014166666666666668,0.017894581500821884,0.125,0.036005291005291006,0.0365296803652968,0.00958904109589041,0.01794340281740157,0.0958904109589041,0.016971080669710807,0.026166176943379013,0.012435233160621763,0.017913047594657724,0.11398963730569948,0.028805822847273628,73,0.37823834196891193,59868,11.740968313646814,21.82342782938848,126.06878211962862,11.672473723048967,12.423578950648395,11.673451090143342,11.674649615077588,207.07733164158222,0.0,False
14,14000,0.03459335762276939,0.0216,0.029223191501733733,0.192,0.05624444444444444,0.019047619047619046,0.005714285714285714,0.0222268161935886,0.05714285714285714,0.044642857142857144,0.029012836082971828,0.015897435897435898,0.0267116721603483,0.14358974358974358,0.052079772079772074,70,0.358974358974359,59868,11.693625049102874,21.72257543304936,127.70910006135605,11.698226262611168,12.480554437217968,11.68433109132068,11.675975060556656,208.66438739521473,0.0,False
15,15000,0.026803567796311257,0.018260869565217393,0.027795285698601336,0.1565217391304348,0.058623188405797104,0.025157232704402514,0.007547169811320755,0.016631542458009282,0.07547169811320754,0.023322851153039833,0.026284188273268616,0.01488095238095238,0.024273390509605034,0.13095238095238096,0.04748677248677249,53,0.31547619047619047,59868,11.788832454956086,19.503178669267456,139.1427524764727,11.693279618372847,12.352376264845866,11.687256683526673,11.66789627531431,217.83557244275596,442.19736495195673,True
16,16000,0.02450090971830102,0.011304347826086957,0.021881304409818038,0.10434782608695652,0.04293305728088337,0.03968253968253968,0.009523809523809525,0.03865806852815053,0.09523809523809523,0.06349206349206349,0.028562237479434927,0.010828025477707007,0.02636935595739743,0.10191082802547771,0.04843291881508442,42,0.267515923566879,59868,11.737266595848208,18.073997146427455,128.4636121568405,11.699454689294459,12.318136147960839,11.676938764469332,11.673486414888641,205.64289191572942,0.0,False
17,17000,0.0342087922970276,0.021568627450980395,0.03094828955260957,0.20588235294117646,0.06930438842203548,0.016025641025641024,0.0038461538461538464,0.020815883053619515,0.038461538461538464,0.038461538461538464,0.028069026932663294,0.015584415584415586,0.027526957488015525,0.14935064935064934,0.058889919604205324,52,0.33766233766233766,59868,11.750333931482768,19.312767413369457,137.09942590771698,11.685543603534576,12.352897544340262,11.670178218986527,11.664505447830063,215.53565206726063,0.0,False
18,18000,0.030614633300583713,0.02066115702479339,0.03423026296467642,0.17355371900826447,0.08301849665486029,0.03216374269005848,0.007017543859649123,0.017998054841434314,0.07017543859649122,0.018859649122807017,0.031110696419685183,0.016292134831460678,0.02903230867802024,0.1404494382022472,0.0624732477260567,57,0.3202247191011236,59868,11.753134401576437,20.345008018423336,125.5904280296153,11.661088729386302,12.428153680143355,11.66028495004634,11.654695269827652,205.09279307901872,0.0,False
19,19000,0.03742961143431731,0.024,0.03438750562924588,0.208,0.07857460317460317,0.031073446327683614,0.00847457627118644,0.02650369050951011,0.06779661016949153,0.03771186440677966,0.03539149327512499,0.019021739130434784,0.03185954317237409,0.16304347826086957,0.06547187715665977,59,0.32065217391304346,59868,11.68832767339898,20.01123248127762,124.6116038470524,11.670200246836556,12.435072601042242,11.669156706622246,11.675548062781843,203.76114161901188,0.0,False
20,20000,0.053582211290040184,0.0253968253968254,0.04164390750682776,0.20634920634920634,0.07123960695389267,0.018518518518518517,0.003703703703703704,0.0076265526006562044,0.037037037037037035,0.005401234567901234,0.04306310345858368,0.01888888888888889,0.03143870103497629,0.15555555555555556,0.051488095238095236,54,0.3,59868,11.731511915312291,19.939796629447372,136.70648850733127,11.734960907385135,12.458595835530135,11.658866002552983,11.665166404877837,215.895386202437,472.1954634648003,True
21,21000,0.031241718778826012,0.021428571428571432,0.02756226314033076,0.19642857142857142,0.05586380385487528,0.020833333333333332,0.0058823529411764705,0.020879541316960504,0.058823529411764705,0.04044117647058824,0.027309662054973222,0.01555555555555556,0.025037679340390886,0.14444444444444443,0.05003747795414463,68,0.37777777777777777,59868,11.803450130520865,21.88192422904016,127.64036651396766,11.660417984090191,12.359311118556246,11.657399093281846,11.669170993947041,208.67204006340398,0.0,False
22,22000,0.03553573020786135,0.020491803278688527,0.029700864471455233,0.16393442622950818,0.055373406193078324,0.011904761904761904,0.0035714285714285718,0.005215682418572023,0.03571428571428571,0.004336734693877551,0.02810126826980759,0.015168539325842698,0.021997661128975124,0.12359550561797752,0.039316925271981454,56,0.3146067415730337,59868,11.808936473358365,20.339922248069872,132.8757234275238,11.91643503209265,12.510762502184088,11.739019188667342,11.834731249227467,213.02553012112358,0.0,False
23,23000,0.04561422486434747,0.02358490566037736,0.034133634485277176,0.18867924528301888,0.053346810422282114,0.022727272727272728,0.00681818181818182,0.012051000910020628,0.045454545454545456,0.009090909090909092,0.038900718904138876,0.018666666666666665,0.027656061969868587,0.14666666666666667,0.04036507936507936,44,0.29333333333333333,59868,11.957709091411397,18.84699709161705,136.11709413383684,11.697933349734923,12.37794212887583,11.842410300630032,11.690753349329064,214.53083944543513,0.0,False
24,24000,0.03752738364774762,0.02192982456140351,0.03840989182716625,0.19298245614035087,0.08523043720412142,0.018018018018018018,0.005405405405405406,0.0253664176228517,0.05405405405405406,0.05405405405405406,0.03274694306297944,0.017880794701986755,0.035213808743989834,0.15894039735099338,0.07759119100178703,37,0.24503311258278146,59868,11.762574863641294,17.629015515047488,126.21589597498935,11.661669745683009,12.334969611004464,11.686787488587695,11.659591737214585,202.95050493616787,0.0,False
25,25000,0.03897966069018701,0.024545454545454547,0.038685049942466895,0.21818181818181817,0.07902236652236651,0.05072463768115942,0.013043478260869568,0.03414831764024726,0.10869565217391304,0.042753623188405795,0.042442923136242976,0.021153846153846155,0.03734729554565854,0.1858974358974359,0.06832773707773708,46,0.2948717948717949,59868,11.74283125449354,18.423855034377553,125.3418780479366,11.67596201490182,12.33134628470054,11.707402513015664,11.671912558356562,202.89518770778227,502.53876379305166,True
26,26000,0.025783350359621548,0.013559322033898306,0.01678268436048351,0.1271186440677966,0.023903685768092545,0.029569892473118278,0.008064516129032258,0.022911199428712524,0.08064516129032258,0.0359062980030722,0.02708760375427042,0.011666666666666665,0.01889361732842906,0.1111111111111111,0.028037918871252204,62,0.34444444444444444,59868,11.698930716688704,20.511971138607866,127.80854904215558,11.68384881085338,12.500865851437782,11.674079571411673,11.689795817993593,207.5680409491486,0.0,False
27,27000,0.02845224947309074,0.024468085106382976,0.03134601929787793,0.19148936170212766,0.07072779466396487,0.04166666666666666,0.011111111111111112,0.02231324269313893,0.1111111111111111,0.025264550264550264,0.032111626542081,0.02076923076923077,0.028844635007334828,0.16923076923076924,0.058137973137973135,36,0.27692307692307694,59868,11.72065942418518,16.963453534045435,128.40954538355203,11.676725652449981,12.409633987074328,11.673330483859267,11.692784463456645,204.54613292862288,0.0,False
28,28000,0.026396677312009117,0.01578947368421053,0.02771623954355434,0.13157894736842105,0.06303606237816764,0.007936507936507936,0.002380952380952381,0.004020944284916611,0.023809523809523808,0.004166666666666667,0.01856509030422074,0.010101010101010102,0.01766369003988985,0.08585858585858586,0.0380611672278339,84,0.42424242424242425,59868,11.700288798962081,23.864994897366056,141.673001436627,11.664549161174639,12.578776736134682,11.679565288051293,11.702424374629775,224.8636006929455,0.0,False
29,29000,0.01614473792582808,0.010937500000000001,0.014350147550586445,0.109375,0.02849082341269841,0.025423728813559317,0.006779661016949153,0.011062119898703496,0.06779661016949153,0.009059725585149314,0.019072333981315474,0.009625668449197862,0.013312748451864018,0.0962566844919786,0.022360156183685594,59,0.3155080213903743,59868,11.739670387693469,23.875030711825033,128.83381703422506,11.699512041638688,12.465272134581928,11.717204228390774,11.670939547583913,212.00144608593888,0.0,False
30,30000,0.03503191723530706,0.020338983050847456,0.0320032480448898,0.1864406779661017,0.0629876244283024,0.0101010101010101,0.0030303030303030303,0.008972179120177734,0.030303030303030304,0.015151515151515152,0.02608930924148315,0.014130434782608699,0.02374210375667786,0.13043478260869565,0.04582902001380262,66,0.358695652173913,59868,11.702045971787728,21.469801956615353,126.49625041467709,11.658452564188709,12.460571353326358,11.656788069398447,11.653655412462507,207.09756574245623,516.0570370817928,True
31,31000,0.029722719266701992,0.023853211009174313,0.029678880831099336,0.2018348623853211,0.06267292849861658,0.01633986928104575,0.00392156862745098,0.01508967519162831,0.0392156862745098,0.022408963585434174,0.025456935833774064,0.017499999999999998,0.025028571533517945,0.15,0.049838789682539686,51,0.31875,59868,11.74634649996932,20.15836456209681,147.95271797404982,11.66039639663441,12.323498112283907,11.663842410448988,11.676921401063481,227.18208735654673,0.0,False
32,32000,0.036104458812792145,0.026495726495726495,0.040576040899164056,0.18803418803418803,0.08538190204856871,0.010582010582010581,0.0031746031746031746,0.004636162149841798,0.031746031746031744,0.003854875283446712,0.027171601932018598,0.018333333333333333,0.02799708333690127,0.13333333333333333,0.056847442680776,63,0.35,59868,11.723621451572436,20.975274845196417,127.44450034712571,11.659322849764953,12.417228614836073,11.689323612895652,11.677126810090074,207.5863985314813,0.0,False
33,33000,0.02971744018255646,0.01590909090909091,0.028487392055765188,0.13636363636363635,0.05847763347763347,0.020440251572327043,0.0056603773584905665,0.020076248558553667,0.05660377358490566,0.04043126684636118,0.027059651013139382,0.012972972972972974,0.026077713107915398,0.11351351351351352,0.05330759330759331,53,0.2864864864864865,59868,11.712445598818789,20.330646191791743,138.46085560959878,11.764891929550227,12.693550757390467,11.693840965798854,11.668600600780316,218.32483165372915,0.0,False
34,34000,0.035747458161251265,0.023015873015873017,0.0332347246363989,0.19047619047619047,0.07333081380700429,0.025462962962962958,0.006944444444444444,0.019089775349778564,0.06944444444444445,0.028587962962962968,0.032007641725510065,0.017171717171717175,0.028091106713991502,0.14646464646464646,0.0570606862273529,71,0.35858585858585856,59868,11.74801258270984,22.11111445962928,136.37991831880885,11.659831519532718,12.515519434194712,11.664145721098155,11.664800185632803,217.74334222160638,0.0,False
35,35000,0.03209858724799926,0.01743119266055046,0.030053204163882543,0.1743119266055046,0.060776175913790594,0.02586206896551724,0.006896551724137932,0.01420777595738171,0.06896551724137931,0.016420361247947456,0.029932610838514485,0.01377245508982036,0.024550001553241534,0.1377245508982036,0.045371162437030696,58,0.3473053892215569,59868,11.740007942333957,20.55039403652155,127.33948564992367,11.674648767653895,12.393289931819304,11.719939479360939,11.683773126477949,207.10153893409128,495.91492153248237,True
36,36000,0.04235567869042445,0.027118644067796616,0.03928649058586452,0.211864406779661,0.07606941081517352,0.0,0.0,0.0,0.0,0.0,0.03163272205993725,0.020253164556962026,0.029340543602101348,0.15822784810126583,0.05681133212778782,40,0.25316455696202533,59868,11.753334772305127,18.320569574634472,136.87565022760077,11.67697868428505,12.324338765789047,11.680999258223066,11.690606357805944,214.32247764064346,0.0,False
37,37000,0.02198361823361823,0.018333333333333333,0.026495434659983032,0.16666666666666666,0.06745039682539682,0.008771929824561403,0.002631578947368421,0.005318614381593357,0.02631578947368421,0.006578947368421052,0.018806123552958996,0.014556962025316455,0.02140227535252222,0.13291139240506328,0.05281042796865581,38,0.24050632911392406,59868,11.689338123769058,17.674333441066935,127.93496715048438,11.65832532144112,12.35930848994711,11.655676659894088,11.65554975328907,204.62749893989175,0.0,False
38,38000,0.03366457472099729,0.019387755102040816,0.029974127030887972,0.1836734693877551,0.06993440233236152,0.037037037037037035,0.008333333333333335,0.020340355999006354,0.08333333333333333,0.022354497354497356,0.03509291170190824,0.014705882352941176,0.02589394165267929,0.1411764705882353,0.04978291316526611,71,0.4176470588235294,59868,11.699544589290761,22.246459966460826,127.36089496102366,11.655872729941438,12.376377300171715,11.678405098932906,11.68206951278339,208.6996241586047,0.0,False
39,39000,0.040419838905439695,0.024528301886792458,0.035573249760385485,0.20754716981132076,0.06578691224917639,0.011299435028248588,0.0033898305084745766,0.01590775342450022,0.03389830508474576,0.03389830508474576,0.03000708842814106,0.01696969696969697,0.028541345009978028,0.14545454545454545,0.05438431938431938,59,0.3575757575757576,59868,11.75679363450005,20.79304094393386,151.76329853759663,11.987282943125289,12.846149807751658,11.86727271269318,11.997370928518505,233.01120950811918,0.0,False
40,40000,0.023017903726507763,0.017592592592592597,0.022012973312386268,0.16666666666666666,0.04819591416813638,0.04569892473118279,0.009677419354838712,0.021633171592131538,0.0967741935483871,0.018951612903225806,0.03128980550468336,0.014705882352941176,0.0218744573908816,0.1411764705882353,0.037530345471521946,62,0.36470588235294116,59868,11.970346945784637,21.188694140333865,129.51982306029683,11.666337293008214,12.366468352275131,11.668755420923132,11.662357701966094,210.0427829145879,439.01009348623967,True
41,41000,0.03152936388230505,0.020512820512820513,0.02653658520174356,0.1794871794871795,0.049587912087912085,0.041666666666666664,0.009375000000000001,0.029402064669852672,0.09375,0.036458333333333336,0.03447839741957389,0.017272727272727273,0.02737017922882985,0.15454545454545454,0.045768398268398264,32,0.2909090909090909,59868,11.728414973813036,16.489180218414585,140.21938928669186,11.66659501015098,12.207018181546736,11.66270053371346,11.66508424866458,215.63838245299527,0.0,False
42,42000,0.03219690140193312,0.02110091743119266,0.03364888568575284,0.1651376146788991,0.07853866317169068,0.011574074074074073,0.002777777777777778,0.009812172761000732,0.027777777777777776,0.016666666666666666,0.023993345779801344,0.013812154696132596,0.024166878334470236,0.11049723756906077,0.05392659826361484,72,0.39779005524861877,59868,11.717422379087933,22.290086763427503,129.9795467552198,11.672811010608394,12.459794908301763,11.675022912582476,11.6744152131934,211.46909994242128,0.0,False
43,43000,0.03965779092757224,0.023300970873786412,0.03671399630260136,0.20388349514563106,0.08118354137771613,0.01818181818181818,0.005454545454545455,0.010643451623793213,0.05454545454545454,0.013383838383838385,0.03218197762999963,0.01708860759493671,0.02763880669921878,0.1518987341772152,0.05758237894313844,55,0.34810126582278483,59868,11.687329500085012,20.76666297797479,126.65924290834046,11.663222788664552,12.335369298580034,11.661814356120349,11.662881536440157,206.43652336620534,0.0,False
44,44000,0.029736266728913784,0.0175,0.029002223810993866,0.15833333333333333,0.0659457671957672,0.029999999999999995,0.008,0.031200992445828652,0.08,0.054000000000000006,0.029813835338056795,0.014705882352941176,0.029648920468298215,0.13529411764705881,0.06243230625583567,50,0.29411764705882354,59868,11.729886662157144,18.75117340658164,126.8478932167378,11.66880233375786,12.398667360767613,11.654476135668917,11.655912843282906,204.7068119589539,0.0,False
45,45000,0.031815528320276586,0.025233644859813085,0.032066776605476376,0.21495327102803738,0.06673713098946744,0.022727272727272728,0.004545454545454546,0.008839956690183053,0.045454545454545456,0.005772005772005772,0.029167294902447644,0.019205298013245036,0.025298696630159115,0.16556291390728478,0.04897245874067067,44,0.2913907284768212,59868,11.696101719251354,18.262766337854078,143.14096332970414,11.880913445698123,12.582959685860859,11.74481360692939,11.72003167951817,221.02854980481612,441.67824795523535,True
46,46000,0.02558563748079877,0.015322580645161291,0.025255323019778488,0.13709677419354838,0.05594598054275474,0.018518518518518517,0.004761904761904762,0.010837538956285411,0.047619047619047616,0.013668430335097003,0.023204736440030554,0.011764705882352943,0.020397994698922534,0.10695187165775401,0.04170274170274171,63,0.33689839572192515,59868,11.805043461538336,21.33311344999604,129.06466057271277,11.718765950267592,12.487288961200715,11.703928449548206,11.959206762052546,210.0720076073162,0.0,False
47,47000,0.03666200700308461,0.022689075630252107,0.03045778588728366,0.19327731092436976,0.058680138722155537,0.0,0.0,0.0,0.0,0.0,0.02596892162718493,0.016071428571428573,0.021574265003492594,0.13690476190476192,0.04156509826152683,49,0.2916666666666667,59868,12.088109128052457,20.529126402376445,140.88892335073837,11.833027945948663,12.751347912435055,11.927580263649748,11.793248503248755,221.81136350644948,0.0,False
48,48000,0.027847356949648256,0.019672131147540985,0.029592996020920692,0.16393442622950818,0.06533307311995837,0.027777777777777776,0.006250000000000001,0.02081398714356869,0.0625,0.027976190476190474,0.027827711065826006,0.015882352941176472,0.027114217043786006,0.13529411764705881,0.054785247432306255,48,0.2823529411764706,59868,11.871915337701571,19.287269379528876,127.42937340051024,11.703266167926301,12.409095521598996,11.691245686147948,11.707358925186137,206.09952441860005,0.0,False
49,49000,0.03265850929999158,0.02018348623853211,0.02928743510608225,0.1926605504587156,0.061529780107761764,0.0065359477124183,0.00196078431372549,0.0027699406443103722,0.0196078431372549,0.0021786492374727667,0.024331942793952597,0.014375000000000002,0.02083498374639247,0.1375,0.042611607142857146,51,0.31875,59868,11.73160651096218,19.201416056859046,131.40592922805845,11.675360133462167,12.449811924095112,11.678870007544514,11.678589282703571,209.82158314368502,0.0,False
50,50000,0.05207639033289486,0.03173076923076923,0.054406165327930786,0.25,0.12133318070818071,0.004975124378109453,0.0014925373134328358,0.003016527559709665,0.014925373134328358,0.0037313432835820895,0.03362150835061052,0.019883040935672513,0.0342710440971073,0.15789473684210525,0.07525526779912745,67,0.391812865497076,59868,11.705543429262402,21.00103582934089,127.59605380059485,11.673642852018384,12.417243551738483,11.675207407199975,11.674198660594632,207.74292553074963,472.7595482285421,True
51,51000,0.06733677826194273,0.0375,0.06872600196563589,0.3333333333333333,0.15101273148148145,0.04609929078014184,0.010638297872340425,0.02797422461383226,0.10638297872340426,0.03315602836879432,0.06035662503365852,0.02867132867132867,0.05533206115770044,0.25874125874125875,0.11227661227661229,47,0.32867132867132864,59868,11.702783181891455,18.638574083074122,128.32097150078206,11.663111742801075,12.332141709345962,11.66182389450085,11.664355607742676,205.9837617201382,0.0,False
52,52000,0.04613322401416201,0.027777777777777776,0.03596147816113141,0.24074074074074073,0.0685001469723692,0.0,0.0,0.0,0.0,0.0,0.03256462871587907,0.0196078431372549,0.02538457281962218,0.16993464052287582,0.04835304492167237,45,0.29411764705882354,59868,11.73604255501684,17.994269283984345,133.85699567111664,11.679931230492574,12.397029376897544,11.677478393357783,11.7012223562786,211.0429688671443,0.0,False
53,53000,0.03377176587857833,0.019512195121951223,0.031049631193984375,0.17886178861788618,0.06860562653245582,0.016203703703703703,0.0041666666666666675,0.008834948360927766,0.041666666666666664,0.010317460317460317,0.02728509676785539,0.013846153846153847,0.02284728676331732,0.1282051282051282,0.04708384208384208,72,0.36923076923076925,59868,11.810089334537283,23.366719209529098,137.76676755752544,11.669238323446656,12.533319681786587,11.66630762113041,11.681846466118916,220.4942881940744,0.0,False
54,54000,0.026726537198202498,0.017346938775510207,0.02358381956435755,0.15306122448979592,0.04747732426303855,0.03741496598639455,0.01020408163265306,0.022022044188568866,0.08163265306122448,0.02559118885649498,0.030289346794266512,0.014965986394557824,0.02306322777242799,0.1292517006802721,0.04018194579419069,49,0.3333333333333333,59868,11.728733650202134,22.498157375316907,131.14257682383945,11.659454648173945,12.378385850643491,11.66320802321527,11.665588514439552,212.73610488583077,0.0,False
55,55000,0.03330811889667248,0.024576271186440676,0.030038982922302986,0.2033898305084746,0.05962469733656175,0.023391812865497075,0.005263157894736843,0.012509883166171278,0.03508771929824561,0.01023391812865497,0.030078236360803916,0.018285714285714287,0.02432950471602009,0.14857142857142858,0.04353741496598639,57,0.32571428571428573,59868,11.72676348037971,19.920189673481442,129.47556830159024,11.689762643742052,12.422743210206699,11.672805373882934,11.67894492244692,208.58677760573002,465.4182422574593,True
56,56000,0.033340299260729934,0.02053571428571429,0.03477232728712576,0.16964285714285715,0.0833829365079365,0.02046783625730994,0.005263157894736843,0.0166655497152314,0.05263157894736842,0.028265107212475635,0.028998699312830882,0.015384615384615387,0.028665307632699852,0.1301775147928994,0.06479289940828402,57,0.33727810650887574,59868,11.729639164858446,20.029110851259997,137.48874224183555,11.675129095885945,12.541737055216801,11.671014662682083,11.683697453447605,216.8190705251864,0.0,False
57,57000,0.027609226990200606,0.02,0.026671102019077752,0.17142857142857143,0.062086167800453514,0.03095238095238095,0.008571428571428572,0.015483812809035692,0.08571428571428572,0.01611111111111111,0.028946488575072746,0.01542857142857143,0.022196186335060927,0.13714285714285715,0.043696145124716555,70,0.4,59868,11.703988518900477,21.759956773049343,133.02276435659886,11.66259937311273,12.422638298061756,11.660102945218465,11.663313099895268,213.8953633648369,0.0,False
58,58000,0.02823868215344803,0.021621621621621626,0.023949229154031703,0.18018018018018017,0.04108751608751609,0.013605442176870748,0.004081632653061225,0.009063731968342812,0.04081632653061224,0.012755102040816327,0.023757252410621234,0.01625,0.019390545640914483,0.1375,0.03241071428571428,48,0.3,59868,11.835772013468748,18.794417775185035,129.1254672809057,11.658885488312343,12.441487851656829,11.66201322296695,11.662239692841053,207.18028332533663,0.0,False
59,59000,0.03276295545799092,0.014893617021276596,0.027318835612818157,0.14184397163120568,0.05606214116852415,0.010256410256410256,0.003076923076923077,0.005696789791443477,0.03076923076923077,0.006666666666666667,0.025661375661375663,0.01116504854368932,0.020496345426462066,0.10679611650485436,0.04047619047619048,65,0.3155339805825243,59868,11.741805338961326,21.23926395916631,144.58441385176158,11.851830308860084,12.936238322450166,11.838071330528416,11.737024552163632,225.92864766389152,0.0,False
60,60000,0.03476259510742269,0.020720720720720724,0.03486994789481381,0.17117117117117117,0.07655155155155155,0.03333333333333333,0.00909090909090909,0.024905200537896473,0.07272727272727272,0.031818181818181815,0.034289044519622,0.016867469879518072,0.03156837497535325,0.13855421686746988,0.06173025435073628,55,0.3313253012048193,59868,11.755315909790093,20.3791196443405,128.30473758226532,11.655694223504376,12.385778952950927,11.657127334877003,11.661461782355026,207.79923543008323,460.95645637498836,True
61,61000,0.03392641434582723,0.02616822429906542,0.03158900570820771,0.21495327102803738,0.06022103545468031,0.014492753623188404,0.004347826086956522,0.014148272142611069,0.043478260869565216,0.02608695652173913,0.028083614390001174,0.0196078431372549,0.02634538646626362,0.16339869281045752,0.04995850191928623,46,0.3006535947712418,59868,11.781254020976768,19.07142885073862,145.4889866610888,11.671329535875575,12.558685980955387,11.669574465800192,11.67215561335977,223.9134151287951,0.0,False
62,62000,0.014645858343337335,0.01092436974789916,0.014623753057916796,0.10084033613445378,0.03235294117647059,0.01366120218579235,0.004918032786885246,0.008630215689692255,0.04918032786885246,0.011657559198542805,0.01431216931216931,0.008888888888888889,0.012592609838685147,0.08333333333333333,0.025339506172839504,61,0.3388888888888889,59868,11.711029677622525,20.96791637560061,128.75951860618142,11.701854861149997,12.492525866738408,11.67742653302925,11.671593919220651,208.98186583954288,0.0,False
63,63000,0.03676163981014182,0.028571428571428574,0.045623001056478256,0.19387755102040816,0.10250647878198899,0.0261437908496732,0.005882352941176471,0.01687425212908771,0.058823529411764705,0.0196078431372549,0.033127342514947866,0.02080536912751678,0.035782825249116385,0.1476510067114094,0.07413177799083838,51,0.3422818791946309,59868,11.715062166114954,19.19998402422074,133.48893109618385,11.760302148375313,12.526128418989535,11.746021021892538,11.729521474150573,212.1659503499275,0.0,False
64,64000,0.03360529436110831,0.020833333333333332,0.03511026151246072,0.18333333333333332,0.08420965608465608,0.027777777777777773,0.007575757575757576,0.02383595561709401,0.07575757575757576,0.03751803751803752,0.03153746589605554,0.016129032258064516,0.031109701356040277,0.14516129032258066,0.06764166239972691,66,0.3548387096774194,59868,11.798147589461848,21.078498995664997,132.35180032321674,11.679854119751171,12.522192072976502,11.718036552667982,11.668525470825974,212.81705512456526,0.0,False
65,65000,0.031348507144793404,0.01764705882352941,0.029181163937550336,0.15126050420168066,0.06579631852741097,0.015625,0.004687500000000001,0.0090408727607113,0.046875,0.011284722222222224,0.025849575684319205,0.013114754098360657,0.02213756483745362,0.11475409836065574,0.04673215369936681,64,0.34972677595628415,59868,11.692118219816528,21.023463029876815,133.3778604675831,11.735169529625278,12.55348530850367,11.781440536692834,11.725459223576456,213.88899631567466,475.7172843032724,True
66,66000,0.01694837531614391,0.012396694214876035,0.017710504841362378,0.12396694214876033,0.04470680834317198,0.009433962264150943,0.0018867924528301887,0.00729910957046305,0.018867924528301886,0.009433962264150943,0.014659502375019616,0.009195402298850575,0.014539217776088445,0.09195402298850575,0.03396278051450465,53,0.3045977011494253,59868,11.713962317718568,20.057935529449455,129.84541200821917,11.725318268922258,12.42867056297503,11.678586743568003,11.726853735717635,209.17673916657012,0.0,False
67,67000,0.0488936988936989,0.027619047619047623,0.045486305407514714,0.22857142857142856,0.08826152683295542,0.01633986928104575,0.00392156862745098,0.016786892808966627,0.0392156862745098,0.029411764705882353,0.03825110075110075,0.019871794871794874,0.036103805134912466,0.16666666666666666,0.06902218152218152,51,0.3269230769230769,59868,11.832808446167464,19.410587670170425,137.68297463912643,11.693258643342974,12.426644011742649,11.667610479382251,11.68136863577765,216.39525252570985,0.0,False
68,68000,0.030264393725932186,0.01769230769230769,0.02335959623690798,0.15384615384615385,0.037936507936507935,0.02586206896551724,0.006896551724137932,0.017180515327731453,0.06896551724137931,0.025068418171866447,0.028906229704102043,0.014361702127659576,0.021453284041523732,0.1276595744680851,0.03396656534954408,58,0.30851063829787234,59868,11.696726796951024,22.22882347927002,129.26759285944098,11.660770889723725,12.609236378059718,11.655593951984123,11.659096143899067,210.77784049932862,0.0,False
69,69000,0.050648770294081144,0.03109243697478992,0.0410162034675055,0.2605042016806723,0.07536681339202346,0.015723270440251572,0.0037735849056603774,0.010250548098908059,0.03773584905660377,0.012129380053908354,0.03988684301354063,0.022674418604651164,0.031536088731833035,0.19186046511627908,0.05588086009597638,53,0.3081395348837209,59868,11.699774343867237,19.437792822010053,131.1612642682751,11.699497860541419,12.426429667870137,11.660765543795165,11.687736324598324,209.7732608309574,0.0,False
70,70000,0.02561546285504619,0.015625,0.018859153496729616,0.15625,0.03390790343915343,0.02046783625730994,0.005263157894736843,0.015734037222470857,0.05263157894736842,0.02149122807017544,0.023697719612752292,0.011764705882352943,0.017694894492594,0.11764705882352941,0.029282083203651825,57,0.37254901960784315,59868,11.690424292110091,24.969983747985538,131.8545708368264,11.658034388475901,12.435628648110875,11.67538792020556,11.742191410687997,216.0262212444024,464.7494860661287,True
71,71000,0.03363659964127254,0.019626168224299065,0.031922957792796025,0.18691588785046728,0.07554146269099542,0.03508771929824561,0.008771929824561403,0.025468310881666047,0.08771929824561403,0.03654970760233918,0.03414095220497659,0.015853658536585366,0.029679574415147195,0.1524390243902439,0.06198945025164537,57,0.3475609756097561,59868,11.788285177474073,20.796077705061144,141.912023288511,11.744089164846677,12.5589558404339,11.6874795069756,11.681469585699682,222.16838026900206,0.0,False
72,72000,0.03192614789082181,0.025,0.031106529619621306,0.2159090909090909,0.067122113997114,0.01282051282051282,0.0038461538461538464,0.01020617834571622,0.038461538461538464,0.016025641025641024,0.024829769150421326,0.017142857142857144,0.023343542003599418,0.15,0.04814342403628118,52,0.37142857142857144,59868,11.740468773734774,19.60214375993155,129.81608823064983,11.663821513248351,12.417328488098512,11.662869182468144,11.657658135350024,208.56037808348123,0.0,False
73,73000,0.02995172052560862,0.015447154471544716,0.027187404152553073,0.15447154471544716,0.058972125435540076,0.01075268817204301,0.0032258064516129032,0.005451097331369971,0.03225806451612903,0.005529953917050691,0.023517450223332577,0.011351351351351352,0.019902804028697117,0.11351351351351352,0.041061776061776065,62,0.33513513513513515,59868,11.715469682059554,20.7196292882246,143.5897679441106,11.738146090563978,12.68475872715294,11.799712674682993,11.712973029615743,223.96045743641042,0.0,False
74,74000,0.050778658941496115,0.030000000000000002,0.04007900673303162,0.2545454545454545,0.06948051948051948,0.0,0.0,0.0,0.0,0.0,0.0334470208596681,0.019760479041916166,0.026399345752296275,0.16766467065868262,0.0457656116338751,57,0.3413173652694611,59868,11.745174337624704,20.345268871648642,131.52248717623536,11.687933334576101,12.487011941588605,11.680021457384504,11.665399190275567,211.13329630933347,0.0,False
75,75000,0.027306876435847442,0.02,0.02848093698324142,0.19047619047619047,0.0763718820861678,0.01282051282051282,0.002564102564102564,0.004544597097026865,0.02564102564102564,0.002564102564102564,0.02338348629002765,0.015277777777777779,0.021998178264058317,0.14583333333333334,0.056382275132275145,39,0.2708333333333333,59868,11.737915675585214,17.355990803293725,129.82762242662315,11.658947100336853,12.381188746624778,11.662287520794457,11.664139941792302,206.2880922150505,477.91869884828213,True
76,76000,0.03911793133491246,0.022641509433962266,0.028955859349930252,0.18867924528301888,0.05087226714585206,0.010416666666666666,0.003125,0.0077842071479127,0.03125,0.01171875,0.028312749342161107,0.015294117647058824,0.020985354991523642,0.12941176470588237,0.036132119514472455,64,0.3764705882352941,59868,11.74984625339215,24.84603460556692,131.86174355510337,11.65855657989448,12.479838238998314,11.66511140743634,11.663501607060006,215.9246322474516,0.0,False
77,77000,0.04371972934472935,0.02416666666666667,0.04087502042968972,0.18333333333333332,0.07956679894179894,0.011494252873563218,0.003448275862068966,0.006181613594967811,0.034482758620689655,0.006773399014778325,0.0332192931912033,0.017415730337078654,0.029570427191409544,0.1348314606741573,0.05584760121276976,58,0.3258426966292135,59868,11.737890058517719,19.89951252426986,130.22318204129746,11.678469581583029,12.63959910692211,11.673673641850874,11.675150405392188,209.52747735983326,0.0,False
78,78000,0.026168430335097,0.016239316239316237,0.024911465932249258,0.1282051282051282,0.05232668566001899,0.018518518518518517,0.004761904761904762,0.015831722319319477,0.047619047619047616,0.02557319223985891,0.023490961199294533,0.012222222222222223,0.021733555667723833,0.1,0.04296296296296296,63,0.35,59868,11.715917349323924,21.368127367919072,134.77405191943473,11.679192338936994,12.577410667298505,11.680197739546983,11.68406649170936,215.47896387416955,0.0,False
79,79000,0.034646512695193095,0.022388059701492536,0.027582757631936284,0.22388059701492538,0.05379057095475005,0.009259259259259259,0.002777777777777778,0.01303552016729879,0.027777777777777776,0.027777777777777776,0.025773297902051174,0.015533980582524273,0.02249828628507269,0.1553398058252427,0.04469872091231314,36,0.34951456310679613,59868,11.728966455477192,17.22586672810514,140.6669650788131,11.680104902628274,12.152546362709932,11.664214305508875,11.678450707933857,216.79711454117634,0.0,False
80,80000,0.023390540226588145,0.014285714285714287,0.02295815952327703,0.10084033613445378,0.04997665732959851,0.015625,0.003125,0.006296611462464568,0.03125,0.004340277777777778,0.02067472287958464,0.010382513661202184,0.01713117003752841,0.07650273224043716,0.03401639344262295,64,0.34972677595628415,59868,11.700983556999638,21.126493992627836,138.3939732106758,11.758106108195749,12.688501880114138,11.714729046201356,11.72750281325241,219.11029060806695,534.5578624497624,True
81,81000,0.0353250773993808,0.02976190476190476,0.032929766372475563,0.2261904761904762,0.058640400604686324,0.03061224489795918,0.00816326530612245,0.025672068392548545,0.061224489795918366,0.03469387755102041,0.03358877068833074,0.02180451127819549,0.030255877643028766,0.16541353383458646,0.04981799737438835,49,0.3684210526315789,59868,11.916812807197253,20.31572834212264,143.46384499512587,11.67015863887122,12.334727085026865,11.659179136390419,11.663660605891469,223.0241116106257,0.0,False
82,82000,0.040185298589900637,0.026086956521739136,0.03531688003430085,0.22608695652173913,0.07192546583850933,0.03252032520325203,0.007317073170731709,0.01769056345583849,0.07317073170731707,0.01788617886178862,0.03817078635366607,0.021153846153846155,0.03068432247201266,0.1858974358974359,0.057722832722832726,41,0.26282051282051283,59868,11.710457050527479,17.97395654383818,132.06219049378964,11.660728287544996,12.36514824131535,11.656867735274773,11.664298554498604,209.09364690678902,0.0,False
83,83000,0.04428461119390778,0.024770642201834864,0.040820139354306076,0.2018348623853211,0.07642711518858308,0.026666666666666665,0.008,0.01973174965944878,0.06,0.0275,0.038744377065844535,0.01949685534591195,0.03418857026787296,0.15723270440251572,0.06104122990915444,50,0.31446540880503143,59868,11.691223384655697,18.601142532936876,132.15168695954875,11.666841288511531,12.439664308951103,11.670927575785361,11.692863241558744,209.91434929194807,0.0,False
84,84000,0.019535796544725117,0.020535714285714286,0.024052236530418294,0.16071428571428573,0.060824121315192735,0.02222222222222222,0.006666666666666667,0.0194526742494367,0.06666666666666667,0.03333333333333333,0.020472921781061314,0.015697674418604653,0.022447738060308434,0.12790697674418605,0.05123431155407899,60,0.3488372093023256,59868,11.756988279938707,20.901399630238878,144.5115738655141,11.67276439451026,12.508187081917283,11.689997735809394,11.667099906520484,224.70801089444907,0.0,False
85,85000,0.04084932762991122,0.022388059701492536,0.03364565335877118,0.1791044776119403,0.06668443496801707,0.03459119496855346,0.007547169811320755,0.0191894041344161,0.07547169811320754,0.020020964360587003,0.03907563227669217,0.018181818181818184,0.02954842764277749,0.1497326203208556,0.053458959341312284,53,0.28342245989304815,59868,11.743870491645602,23.647231505389417,141.77974568702763,11.660102141149848,12.62220843616449,11.661554817795489,11.68797551399231,224.80268859316482,483.6245116524272,True
86,86000,0.03760647641412099,0.024545454545454544,0.03628724786882147,0.2,0.07613275613275614,0.01633986928104575,0.00392156862745098,0.007052439405450845,0.0392156862745098,0.0054466230936819175,0.030869849309854917,0.018012422360248446,0.027026532144399724,0.14906832298136646,0.05374149659863945,51,0.3167701863354037,59868,11.736011020248988,25.506124141112114,147.82945987798155,11.722493534638973,12.667185063142822,11.730142727074677,11.74372410431973,232.93514046851885,0.0,False
87,87000,0.03328931711284653,0.02184873949579832,0.031824437534596794,0.17647058823529413,0.06390889689209017,0.0196078431372549,0.005882352941176471,0.01856671430443087,0.058823529411764705,0.03333333333333333,0.029184874920169038,0.017058823529411765,0.02784712056554702,0.1411764705882353,0.05473622782446312,51,0.3,59868,11.906454492383729,23.405847968036714,147.2994795523909,11.928027324439178,12.568442357956815,11.70467098712824,11.682076812315895,230.49499949465147,0.0,False
88,88000,0.030196909571909573,0.017500000000000005,0.024186137541462614,0.15833333333333333,0.048898809523809525,0.0,0.0,0.0,0.0,0.0,0.02119081373467338,0.012280701754385968,0.01697272809927201,0.1111111111111111,0.03431495405179616,51,0.2982456140350877,59868,11.70646978231743,19.76707605529787,150.01797442818975,11.666298062151803,12.494877933175857,11.665933817642248,11.670686370125749,228.98931644890067,0.0,False
89,89000,0.023084660124659828,0.017647058823529415,0.023391405041029427,0.17647058823529413,0.05696778711484594,0.008064516129032258,0.0016129032258064516,0.0028586981739362536,0.016129032258064516,0.0016129032258064516,0.017406313004361604,0.011585365853658538,0.015629040249811276,0.11585365853658537,0.036040940766550525,62,0.3780487804878049,59868,11.70542375131256,22.012235172425008,144.9508036237869,11.810859149762736,12.577934963703408,11.746895359047299,11.809648032722746,226.61380005276064,0.0,False
90,90000,0.028084239651115554,0.02110091743119266,0.031998279863260023,0.1834862385321101,0.0809742245522062,0.029239766081871343,0.008771929824561403,0.017144132460688372,0.08771929824561403,0.021247563352826508,0.028481016799025677,0.016867469879518072,0.0268977593696059,0.15060240963855423,0.06046567221266017,56,0.3373493975903614,59868,11.804445727368885,21.451176270260998,153.10857539244105,11.658251982623463,12.498328020974641,11.661850155764848,11.66968457028475,233.85231211971862,527.2686315441096,True
91,91000,0.024025381635907953,0.016800000000000002,0.021622180970274775,0.144,0.044898412698412694,0.024999999999999998,0.006666666666666667,0.019090657693334328,0.06666666666666667,0.028935185185185185,0.024341474078316182,0.013513513513513514,0.020801146393969763,0.11891891891891893,0.03972114972114972,60,0.32432432432432434,59868,11.78004174680683,21.881092022928843,143.85001929189193,11.68221144361506,12.552520594687893,11.668553943224024,11.703941909906035,225.1183809530606,0.0,False
92,92000,0.03407578879688413,0.022988505747126436,0.03461686272941108,0.1839080459770115,0.06609195402298851,0.0303030303030303,0.007272727272727273,0.015772036767357767,0.07272727272727272,0.01606060606060606,0.032614509098560465,0.016901408450704227,0.027317810420165078,0.14084507042253522,0.046713615023474174,55,0.3873239436619718,59868,11.723145491578796,20.795971735133868,145.80863560632525,11.670800698557887,12.403564283829105,11.679972074102318,11.686184541264549,225.76827443079176,0.0,False
93,93000,0.029248264962550678,0.015966386554621848,0.026750966633185803,0.13445378151260504,0.05267106842737095,0.020833333333333332,0.005357142857142858,0.0160804875635991,0.05357142857142857,0.025297619047619044,0.026555486841201126,0.012571428571428572,0.02333641333091806,0.10857142857142857,0.04391156462585034,55,0.3142857142857143,59868,11.761325231621905,19.999281697165305,135.85485644551295,11.671639486562219,12.519968062719295,11.663682297245042,11.671930167336807,215.1426833881635,0.0,False
94,94000,0.05187419434710456,0.0264957264957265,0.04368949523375885,0.23076923076923078,0.08310609143942477,0.011904761904761904,0.0035714285714285718,0.00793076547229996,0.03571428571428571,0.011160714285714286,0.03893611216923642,0.01907514450867052,0.032114415079760594,0.1676300578034682,0.0598174144416919,56,0.3236994219653179,59868,11.75259944232246,20.563959391893537,132.26642944404523,11.660903638317095,12.666641353915875,11.6695036928606,11.709487026057008,212.2895239894118,0.0,False
95,95000,0.020131868611717042,0.01752577319587629,0.019361224035016368,0.14432989690721648,0.038140238913434786,0.026515151515151512,0.00681818181818182,0.01036090099191963,0.06818181818181818,0.007070707070707071,0.022123815049668226,0.014184397163120567,0.016552612588943624,0.12056737588652482,0.028444782168186425,44,0.3120567375886525,59868,11.73149778320101,22.986925255947394,152.36900032117308,11.775777130764581,12.61390960428238,11.7652035820405,11.79803482855707,235.040348505966,519.968572715069,True
96,96000,0.03647814448980939,0.02432432432432433,0.04232578994673904,0.1981981981981982,0.10856570856570856,0.03459119496855346,0.009433962264150943,0.01724415545901219,0.09433962264150944,0.017183288409703505,0.03586833763233034,0.01951219512195122,0.034220139776924875,0.16463414634146342,0.07903358497870693,53,0.3231707317073171,59868,11.730414272832778,19.523364544655337,144.96205246531878,11.767651504322046,12.858547583576712,11.990850372210065,11.85637730798106,224.6892580508968,0.0,False
97,97000,0.0280622811327281,0.022222222222222227,0.03045188334129985,0.1794871794871795,0.06700583367250035,0.031007751937984496,0.009302325581395349,0.03341271417469595,0.09302325581395349,0.06395348837209303,0.028853876411640757,0.01875,0.031247606627775048,0.15625,0.06618551587301587,43,0.26875,59868,11.751154237224505,22.202383046864004,139.76639471710226,11.656429040250021,12.517616223055306,11.663701235585522,11.67198842569328,221.22966692577495,0.0,False
98,98000,0.028664104095138577,0.02155172413793104,0.02676095749793115,0.19827586206896552,0.062243431855500825,0.028645833333333332,0.00625,0.015556146446226972,0.046875,0.013541666666666665,0.02865760782427449,0.016111111111111114,0.02277702467954744,0.14444444444444443,0.04492724867724868,64,0.35555555555555557,59868,11.738161474650344,20.805487171149384,132.30153876145692,11.668951731786532,12.568489933549587,11.682730037688993,11.687940655889795,212.45329976617157,0.0,False
99,99000,0.051111550500733155,0.02540983606557377,0.04210708262945933,0.20491803278688525,0.07315248503773093,0.028169014084507043,0.008450704225352114,0.015044691061792558,0.07042253521126761,0.015425888665325283,0.04267155005745825,0.01917098445595855,0.032151487804048244,0.15544041450777202,0.051916276009540255,70,0.3626943005181347,59868,11.700935679349877,22.03877432163312,136.18183936955214,11.678947674273466,12.698545777407865,11.663680811669492,11.67977884983587,217.64250248372184,0.0,False
100,100000,0.04734008603428712,0.02882882882882883,0.04665038884097102,0.23423423423423423,0.09933504933504934,0.015625,0.004687500000000001,0.011852916474461218,0.03125,0.017361111111111112,0.035741425998890686,0.02,0.03392445608979029,0.16,0.06935600907029478,64,0.3657142857142857,59868,11.725713150907008,21.481619858369772,146.35673527715193,11.668424019860291,12.657103450507828,11.721940417749877,11.71287026456927,227.32440643911596,485.8841898988352,True
101,101000,0.04064045094137687,0.022222222222222223,0.03063614871313366,0.18518518518518517,0.05293944738389183,0.026881720430107524,0.008064516129032258,0.01282663287450057,0.08064516129032258,0.012410394265232974,0.035622560990208045,0.017058823529411765,0.0241409135249263,0.14705882352941177,0.038158263305322127,62,0.36470588235294116,59868,11.770736090536971,25.821152329325024,147.41061996950688,11.6599325095737,12.501164234519912,11.6636708503981,11.737891728001715,232.5651677118623,0.0,False
102,102000,0.04974836451026927,0.03333333333333333,0.04408181597447964,0.29523809523809524,0.08724489795918366,0.025862068965517238,0.006896551724137932,0.021635671578823408,0.06896551724137931,0.036637931034482756,0.04124894646367039,0.02392638036809816,0.03609484434903141,0.2147239263803681,0.06923751095530235,58,0.3558282208588957,59868,11.824491041541318,20.815967688693483,144.98858685742937,11.887931219874137,12.738186366122173,11.758950081645903,11.736740122350596,225.75085337765697,0.0,False
103,103000,0.03860029284519526,0.024752475247524757,0.0315131115345975,0.19801980198019803,0.05234952066635236,0.048611111111111105,0.010416666666666666,0.021477676566611533,0.10416666666666667,0.017038690476190475,0.041825254434215135,0.020134228187919462,0.02828021973283021,0.16778523489932887,0.04097421966549483,48,0.3221476510067114,59868,11.703206815108501,19.21975142810811,141.87705797055057,11.670381550317465,12.42818883629565,11.670937053676056,11.665045066167057,220.23456872022342,0.0,False
104,104000,0.03501275510204081,0.020535714285714286,0.03027809965621201,0.16964285714285715,0.05400368480725624,0.031746031746031744,0.009523809523809525,0.021367374705676952,0.07936507936507936,0.028703703703703703,0.033836734693877546,0.016571428571428574,0.02707023867401939,0.13714285714285715,0.04489569160997733,62,0.35428571428571426,59868,11.722129210078869,20.579260559816515,134.39570976808008,11.6698492875697,12.544390614349643,11.665780224406896,11.688775846292742,214.26589551059445,0.0,False
105,105000,0.014086018383562644,0.015533980582524271,0.018329914032721384,0.1262135922330097,0.0449953767914933,0.036723163841807904,0.01016949152542373,0.020491643698527035,0.0847457627118644,0.02191283292978208,0.02233041086526925,0.013580246913580249,0.019117210639403685,0.1111111111111111,0.03658877131099353,59,0.36419753086419754,59868,11.745368382734544,20.358031687650602,143.20914797626844,11.740081414544912,12.517487194947662,11.691707689762133,11.670964165377828,222.93278851128613,469.8491411187569,True
106,106000,0.029950403100308227,0.018548387096774196,0.028759097206783876,0.1693548387096774,0.06049027137736815,0.0,0.0,0.0,0.0,0.0,0.01986016034458941,0.01229946524064171,0.01907020349540749,0.11229946524064172,0.04011119599354893,62,0.3315508021390374,59868,11.728287109678826,20.84798087457346,136.53730833960987,11.65973866684017,12.68930345592334,11.665265818694426,11.689749505813808,216.8176337711339,0.0,False
107,107000,0.024054754477548596,0.014705882352941176,0.026948517913818307,0.1323529411764706,0.06609185340802988,0.046296296296296294,0.012962962962962964,0.02867847470683311,0.1111111111111111,0.03580246913580248,0.030376034783929515,0.014210526315789474,0.02744018984446462,0.12631578947368421,0.057483291562238935,54,0.28421052631578947,59868,11.744061476463841,24.0021369171603,145.9637516639245,11.661753900459038,12.687874083407157,11.682500674937979,11.699772281541232,229.4418509978941,0.0,False
108,108000,0.020431736888385565,0.01639344262295082,0.020323564306934994,0.13114754098360656,0.04184556336195681,0.018867924528301886,0.0056603773584905665,0.00955801026398237,0.05660377358490566,0.009770889487870619,0.019958125145045937,0.013142857142857144,0.017063139368212202,0.10857142857142857,0.032131519274376415,53,0.3028571428571429,59868,11.712293750028302,19.97796668670032,141.26076667827365,11.684144809127883,12.51241495613814,11.701378568186593,11.690744847782375,220.53971029623725,0.0,False
109,109000,0.027961243843642975,0.021153846153846155,0.029843898811984557,0.16346153846153846,0.06353785103785103,0.0,0.0,0.0,0.0,0.0,0.01938646239825913,0.014666666666666668,0.02069176984297596,0.11333333333333333,0.04405291005291005,46,0.30666666666666664,59868,11.769978091574762,18.346200168717353,133.3714507214534,11.661509746359322,12.417587535659692,11.662734124839869,11.67076488923363,210.90022527783802,0.0,False
110,110000,0.03613760891823493,0.022935779816513763,0.03623821218430239,0.21100917431192662,0.0923401776612786,0.022988505747126436,0.006896551724137932,0.020123456120106933,0.05172413793103448,0.03160919540229885,0.03157085452347868,0.017365269461077845,0.030641470557216544,0.15568862275449102,0.07124798023001616,58,0.3473053892215569,59868,11.718446577393959,20.29466113854378,134.61113210661708,11.65803815410954,12.63494860109099,11.697494672627261,11.742603491522729,214.35732474190536,516.0093568949906,True
111,111000,0.02597949734918653,0.02142857142857143,0.027791015302183895,0.17346938775510204,0.057709750566893425,0.03401360544217687,0.00816326530612245,0.03025160737137833,0.08163265306122448,0.05170068027210884,0.028657533380183314,0.017006802721088437,0.028611212658582037,0.14285714285714285,0.05570672713529856,49,0.3333333333333333,59868,11.750972537499793,19.357735733339933,139.28029032087008,11.664206443030844,12.330854629469258,11.68183979668308,11.68512568533453,217.75102514622753,0.0,False
112,112000,0.03890386666823171,0.023853211009174313,0.04045656398602058,0.1926605504587156,0.09174311926605505,0.0130718954248366,0.00392156862745098,0.008465370282319864,0.0196078431372549,0.00980392156862745,0.03066992583439952,0.017499999999999998,0.030259370992965974,0.1375,0.065625,51,0.31875,59868,11.736717537014218,18.78276432206588,137.0546577773718,11.835968511612894,12.492289222426622,11.670221602373687,11.669699359485863,215.24231833235095,0.0,False
113,113000,0.02994142777981183,0.020560747663551402,0.02640960713840345,0.18691588785046728,0.05610814419225635,0.07692307692307693,0.02,0.05971575893613934,0.15384615384615385,0.07783882783882784,0.047696120769999226,0.020348837209302327,0.03899623427126876,0.1744186046511628,0.06432032115171649,64,0.37209302325581395,59868,11.720178464173781,21.05078283743539,142.95607164902663,11.668788079746694,12.491744667886273,11.668179480082975,11.690900588834374,223.24664576718612,0.0,False
114,114000,0.03936721786491372,0.02666666666666667,0.038025417403856725,0.19047619047619047,0.07478835978835978,0.024242424242424242,0.007272727272727273,0.014085722619215707,0.07272727272727272,0.016839826839826842,0.03416807005718296,0.02,0.02979614732163638,0.15,0.054868551587301584,54,0.3375,59868,11.70126742049138,19.49854619434643,145.2198933081586,11.680332763226719,12.4596145150771,11.667000913401226,11.695949500442616,223.92260461514408,0.0,False
115,115000,0.03280125917190452,0.020388349514563107,0.03706523444482666,0.17475728155339806,0.09525350593311757,0.017543859649122806,0.005263157894736843,0.011789267488369693,0.03508771929824561,0.014619883040935672,0.02736581059191353,0.015000000000000003,0.02806067121658886,0.125,0.06652777777777777,57,0.35625,59868,11.803946172270209,21.838279724864517,138.36191940853197,11.66281292418886,12.50919868401451,11.657528706209009,11.689537728183652,219.52322334826272,587.6770066665579,True
116,116000,0.02696016623772192,0.018446601941747576,0.02153345934179488,0.17475728155339806,0.04220604099244876,0.015432098765432098,0.003703703703703704,0.01227231721555606,0.037037037037037035,0.020833333333333332,0.02299509844470504,0.01337579617834395,0.018348098355699997,0.12738853503184713,0.03485491861288039,54,0.34394904458598724,59868,11.704001192318348,19.797885170154405,138.038052744531,11.658990427196315,12.4589039017034,11.660268054068668,11.67748081506298,216.99558230503513,0.0,False
117,117000,0.03588467923054389,0.021904761904761906,0.03561976365823763,0.20952380952380953,0.08511715797430082,0.0,0.0,0.0,0.0,0.0,0.02563191373610278,0.01564625850340136,0.0254426883273126,0.14965986394557823,0.06079796998164345,42,0.2857142857142857,59868,11.697818876062193,18.305105524848987,138.26312903694736,11.678943945353515,12.563458238579184,11.677035898070843,11.686741879110564,215.87223339897267,0.0,False
118,118000,0.031311159247848795,0.017460317460317464,0.030936207722872158,0.1349206349206349,0.0621031746031746,0.030864197530864196,0.007407407407407408,0.014663248817079004,0.07407407407407407,0.013117283950617283,0.03117707073275341,0.014444444444444446,0.026054320051134214,0.11666666666666667,0.047407407407407405,54,0.3,59868,11.744172877831138,20.41699008369785,155.42716861189493,11.692458814820117,12.859319864236273,11.738077191542073,11.694167191288185,235.57235463531057,0.0,False
119,119000,0.03295724140851469,0.04181818181818183,0.05089243552172961,0.2727272727272727,0.10852813852813853,0.013333333333333332,0.004,0.008084293860021902,0.04,0.01,0.026824770135020513,0.030000000000000006,0.037514891252445955,0.2,0.07773809523809525,25,0.3125,59868,11.799760300919282,17.16932040906477,146.58342906376936,11.666037285355813,12.170681576349763,11.678945255590156,11.714063596228453,222.78223748727754,0.0,False
120,120000,0.029734127746812736,0.019090909090909096,0.02895120932127454,0.17272727272727273,0.06699494949494951,0.014619883040935672,0.0035087719298245615,0.00856342787579091,0.03508771929824561,0.00935672514619883,0.02457537356576487,0.01377245508982036,0.021992505474612463,0.12574850299401197,0.04732202262142382,57,0.3413173652694611,59868,11.726010639659389,25.785910814729583,155.01407933278531,11.707722716157443,12.535761574346271,11.683809102887299,11.686022935206154,240.13931711577143,568.6633476419817,True
121,121000,0.0340237058429658,0.020161290322580645,0.036026191100575096,0.18548387096774194,0.084597414234511,0.0044444444444444444,0.0013333333333333335,0.0031285248401517096,0.013333333333333334,0.0044444444444444444,0.022875743004327098,0.01306532663316583,0.0236275731632296,0.12060301507537688,0.05438900853473718,75,0.3768844221105528,59868,11.844291692507392,29.294897190085265,144.01954077213063,11.676221243053785,12.612748985792177,11.671672296188762,11.686302764990497,232.80567494474852,0.0,False
122,122000,0.043917135929029266,0.02727272727272728,0.04292118651782716,0.20909090909090908,0.07823953823953823,0.05649717514124293,0.015254237288135592,0.03183465471082359,0.13559322033898305,0.033965563626580576,0.048308983938026934,0.023076923076923078,0.03905074050236438,0.1834319526627219,0.06278294355217431,58,0.3431952662721893,59868,11.713335175349282,25.19722239574529,138.80696199405907,11.656325788707289,12.46974764849973,11.661863831793905,11.673605560535982,223.1790623946905,0.0,False
123,123000,0.040685023744611214,0.024675324675324677,0.045993119491710976,0.2077922077922078,0.10418470418470419,0.013888888888888888,0.002777777777777778,0.0107459113120706,0.027777777777777776,0.013888888888888888,0.032148202020664284,0.017699115044247787,0.03476392042563086,0.1504424778761062,0.07541789577187807,36,0.3185840707964602,59868,11.758480406034998,20.08796306663535,148.09082814290497,11.739179564082548,12.522433359016262,12.011360084628054,11.774396900997298,227.98464152429946,0.0,False
124,124000,0.053984136430944935,0.03173076923076923,0.05315081854097392,0.23076923076923078,0.10788690476190475,0.039351851851851846,0.009722222222222222,0.03057384159932308,0.09722222222222222,0.04540895061728395,0.04799820183040686,0.022727272727272728,0.043914782519389475,0.17613636363636365,0.0823277417027417,72,0.4090909090909091,59868,11.86773165120364,25.816007180226585,147.71278312951387,11.67353645517566,12.521048162350557,11.665081595883809,11.673855206839612,232.9300433811937,0.0,False
125,125000,0.029130026637425824,0.019811320754716984,0.031036994813856772,0.16981132075471697,0.0690700808625337,0.03205128205128205,0.009615384615384616,0.019260980670333806,0.057692307692307696,0.01987179487179487,0.030091452469834207,0.01645569620253165,0.027161344589406177,0.13291139240506328,0.052878239903556355,52,0.3291139240506329,59868,11.826786024009273,19.341581236398397,149.15957972060772,11.665667378195355,12.4677735405046,11.667017397742896,11.697075201204388,227.82548049866264,587.5417063610846,True
126,126000,0.02932214439179788,0.01946902654867257,0.03289428485795048,0.168141592920354,0.07428711897738446,0.032407407407407406,0.006944444444444444,0.013526992085657226,0.06944444444444445,0.010185185185185186,0.030522895403278343,0.014594594594594595,0.02535674388711202,0.12972972972972974,0.049339339339339344,72,0.3891891891891892,59868,12.024552068577721,22.50179614284725,139.97560826459198,11.698017439838726,12.705680855595869,11.662066756935873,11.686571761461428,222.25429328984887,0.0,False
127,127000,0.027124935995903734,0.01370967741935484,0.02356391081059126,0.12096774193548387,0.04494687660010241,0.0,0.0,0.0,0.0,0.0,0.01911075036075036,0.00965909090909091,0.016601846252916566,0.08522727272727272,0.03166711760461761,52,0.29545454545454547,59868,11.706728551705293,19.41984183959078,139.6984555554273,11.668625811617206,12.590904674487923,11.672165496107167,11.690282668397334,218.447004597333,0.0,False
128,128000,0.04035360907709027,0.019166666666666665,0.036671816775255245,0.175,0.07024801587301586,0.021126760563380278,0.005633802816901409,0.011905824592453111,0.056338028169014086,0.012832550860719874,0.033206455964664046,0.014136125654450262,0.027465610257040838,0.13089005235602094,0.048905094323942494,71,0.3717277486910995,59868,11.719505758248093,22.038240562127775,146.2326863550037,11.679896510574661,12.673130868112725,11.68964424683172,11.729478632316326,227.76258293321501,0.0,False
129,129000,0.029448305560213738,0.01788617886178862,0.02931519818746838,0.17073170731707318,0.07007678410117434,0.022727272727272728,0.00681818181818182,0.013312647398601087,0.06818181818181818,0.015909090909090907,0.02767749451440892,0.014970059880239521,0.025098957261060227,0.1437125748502994,0.05580505655355954,44,0.2634730538922156,59868,11.769941340153412,21.890182343727027,149.1227407880505,11.668085901847537,12.515395243883898,11.762501708569017,11.672384448255247,230.40123177448663,0.0,False
130,130000,0.04446929849103762,0.026363636363636367,0.0355017137798101,0.19090909090909092,0.0563095238095238,0.014184397163120567,0.00425531914893617,0.01331287166022004,0.0425531914893617,0.0243161094224924,0.03540311783873124,0.019745222929936305,0.028859194164391425,0.1464968152866242,0.04673187746436153,47,0.29936305732484075,59868,11.747718359461645,22.24887713146717,142.6995926025604,11.664419212173428,12.443136599357697,11.679179929641181,11.677084017128191,224.16000785178971,499.14419434266694,True
131,131000,0.04763061455464034,0.025555555555555557,0.04702887049584138,0.2222222222222222,0.0883289241622575,0.03409090909090909,0.00681818181818182,0.033871875184170626,0.045454545454545456,0.045454545454545456,0.0431847411187883,0.019402985074626865,0.0427086630800689,0.16417910447761194,0.07425076995972518,44,0.3283582089552239,59868,11.72473367522936,18.63687833596195,149.88881144020056,11.821617120356953,12.557317325884165,11.664747912996932,11.717540585980124,228.01164639661005,0.0,False
132,132000,0.05727444368496999,0.029599999999999998,0.0484509070016528,0.256,0.08887301587301587,0.048611111111111105,0.010416666666666666,0.025063433654280733,0.10416666666666667,0.024131944444444442,0.05487074447372591,0.024277456647398846,0.04196189705556112,0.2138728323699422,0.07091017524543537,48,0.2774566473988439,59868,11.711744598651153,18.82435882702427,136.94262362345944,11.66029136965424,12.516612705279485,11.654118472918807,11.664710142376967,214.97445973936436,0.0,False
133,133000,0.04270405836753306,0.020155038759689922,0.036240263976635496,0.17054263565891473,0.06554386612526146,0.012626262626262624,0.0030303030303030303,0.008923638692955899,0.030303030303030304,0.011363636363636364,0.03252388134741076,0.014358974358974357,0.026994636957543942,0.12307692307692308,0.04720594220594221,66,0.3384615384615385,59868,11.693557294099877,21.590442874072636,136.31676501918432,11.659302785925474,12.650426736281196,11.660654367286194,11.66646796379317,217.23761704064285,0.0,False
134,134000,0.04596985879786511,0.02580645161290323,0.03415928591588133,0.22580645161290322,0.05880696364567332,0.011695906432748537,0.0035087719298245615,0.006290062956283036,0.03508771929824561,0.006892230576441102,0.03294575689912081,0.017333333333333333,0.023568981191233976,0.15333333333333332,0.03907936507936508,57,0.38,59868,11.699138428099277,19.69035393065838,146.5924849270439,11.681628971735304,12.538133335300572,11.9262445627058,11.903626378151344,226.03161053369456,0.0,False
135,135000,0.04938220347427509,0.02956521739130435,0.04135668532866702,0.25217391304347825,0.07890614216701174,0.018018018018018018,0.005405405405405406,0.01045602599342263,0.05405405405405406,0.012628700128700128,0.03710204620568766,0.020105820105820106,0.029258014477830593,0.1746031746031746,0.0529562442260855,74,0.3915343915343915,59868,11.965646352335435,22.400309974947298,148.89687356346022,11.670395182489246,12.582093999707888,11.693749514277151,11.690589577215139,230.8996581644324,525.7871761685448,True
136,136000,0.0547501686036279,0.03434343434343435,0.045700445147791764,0.2828282828282828,0.08365400032066699,0.02536231884057971,0.006521739130434784,0.01915559512648223,0.06521739130434782,0.031159420289855074,0.0454271266098333,0.025517241379310347,0.03727932031344528,0.21379310344827587,0.06700054734537493,46,0.31724137931034485,59868,11.831845367245297,19.446146169901922,156.55844771350624,11.680063122243567,12.521788941843859,11.681142692294976,11.714129002221574,235.43356300925743,0.0,False
137,137000,0.02672569027611044,0.01680672268907563,0.02806435599508535,0.15126050420168066,0.06662998532746432,0.0303030303030303,0.007272727272727273,0.013971956974593299,0.07272727272727272,0.01186147186147186,0.02785645867542419,0.013793103448275864,0.02360986205182637,0.12643678160919541,0.0493180988870644,55,0.3160919540229885,59868,11.751316397128065,24.93131216055322,140.42844780443735,11.65924205633745,12.471796179525096,11.667469263190732,11.68832751571175,224.59791137688367,0.0,False
138,138000,0.03633608298962629,0.018897637795275594,0.030293522710488616,0.16535433070866143,0.05613360829896263,0.0101010101010101,0.0030303030303030303,0.0067291343401333,0.030303030303030304,0.00946969696969697,0.027364503659840448,0.013471502590673576,0.022235234459486282,0.11917098445595854,0.040176001315897686,66,0.34196891191709844,59868,11.725601644564653,21.411145010218068,136.1902543878038,11.682235524612672,12.647135792333286,11.697184333823996,11.669999261200436,217.0235559545569,0.0,False
139,139000,0.036582342460488915,0.022115384615384613,0.03742688855158776,0.18269230769230768,0.0780563186813187,0.02830188679245283,0.007547169811320755,0.02880280726862288,0.07547169811320754,0.049528301886792456,0.03378702940057864,0.017197452229299363,0.03451557448791172,0.1464968152866242,0.06842584167424932,53,0.3375796178343949,59868,11.699067288026278,18.714156315026433,136.311070737076,11.719735746477944,12.559030257520975,11.676420265040177,11.699256401154212,214.378737010322,0.0,False
140,140000,0.03025102415655206,0.01810344827586207,0.026829275345783207,0.14655172413793102,0.04719143404488232,0.006944444444444444,0.0020833333333333333,0.0061683731451221925,0.020833333333333332,0.010416666666666666,0.02342958619203276,0.013414634146341465,0.020782182018760472,0.10975609756097561,0.03642808749516066,48,0.2926829268292683,59868,11.703196278509132,18.559762246433962,143.2195682717144,11.666157933951094,12.545627496848844,11.71665355240159,11.71818814493103,221.12915392479005,476.975802649271,True
141,141000,0.05650665582000204,0.028181818181818183,0.045146365118636435,0.23636363636363636,0.08322510822510822,0.016666666666666663,0.004285714285714286,0.00996627430573847,0.04285714285714286,0.011564625850340135,0.04101332670481606,0.018888888888888893,0.03146521869139834,0.16111111111111112,0.055357142857142855,69,0.38333333333333336,59868,11.706516836962333,22.15435162126328,137.05958299067152,11.664292684350485,12.860879277112879,11.678584016149019,11.711950985468512,218.83615841197803,0.0,False
142,142000,0.022732098206008702,0.01596638655462185,0.02334109795714076,0.14285714285714285,0.04933306655995731,0.033898305084745756,0.00847457627118644,0.022603866888802525,0.0847457627118644,0.03135593220338983,0.0264332566658148,0.013483146067415732,0.02309673485021966,0.12359550561797752,0.043374353486713035,59,0.33146067415730335,59868,11.771257922059409,20.947332922002794,156.1724252329699,12.031787430304142,12.881116475876864,11.944369666568033,11.994705748738511,237.7429953985197,0.0,False
143,143000,0.020259188171482024,0.018260869565217393,0.020881348064022403,0.13043478260869565,0.04169772256728779,0.01694915254237288,0.005084745762711865,0.008880462565324404,0.05084745762711865,0.009651600753295669,0.019136819768508232,0.013793103448275862,0.01681208229147538,0.10344827586206896,0.030831508848750223,59,0.3390804597701149,59868,11.856003215127142,20.647627680676905,142.20723737938533,11.663869778751057,12.563074352850423,11.663400954875502,11.675597813898264,222.27681117556466,0.0,False
144,144000,0.016711913560623987,0.01391304347826087,0.01794497370106654,0.1391304347826087,0.04411663216011042,0.02672955974842767,0.007547169811320755,0.018323801868950756,0.07547169811320754,0.02421383647798742,0.019872242417490627,0.011904761904761904,0.018064484968315725,0.11904761904761904,0.03783777399848828,53,0.31547619047619047,59868,11.717909365840939,19.60814223842672,135.83628086779458,11.662610183725553,12.462043123363797,11.658829601864095,11.671301214329077,214.61711659534475,0.0,False
145,145000,0.042405241079179444,0.027722772277227727,0.03754682538454899,0.22772277227722773,0.07771884331290271,0.015723270440251572,0.0037735849056603774,0.01615342515579808,0.03773584905660377,0.02830188679245283,0.03322248495019777,0.01948051948051948,0.03018416166945939,0.16233766233766234,0.06071170892599464,53,0.34415584415584416,59868,11.70100802983659,19.056849481807745,141.3304985522501,11.775928031088068,12.559973369685729,11.801737581154658,11.720817468530154,219.94681251435307,502.84791389202525,True
146,146000,0.034997690635899754,0.019354838709677424,0.031676830615394,0.1935483870967742,0.06788594470046082,0.010416666666666666,0.003125,0.009776640125474093,0.03125,0.017857142857142856,0.02662968247616083,0.013829787234042554,0.024221446618825526,0.13829787234042554,0.050854863221884504,64,0.3404255319148936,59868,11.707412184598642,21.307800128211873,141.7096130169604,11.665266821246634,12.750630564363485,11.678036614962139,11.692406066445004,222.5111653967882,0.0,False
147,147000,0.04717437777249938,0.026890756302521013,0.042053186687112803,0.226890756302521,0.07968520741629984,0.026881720430107524,0.008064516129032258,0.013779160821790825,0.08064516129032258,0.014400921658986173,0.040223301776762935,0.02044198895027624,0.03236816125258263,0.17679558011049723,0.0573226343944576,62,0.3425414364640884,59868,11.71828820888815,21.169803515463936,136.87643264303355,11.65813375460928,12.535038430183665,11.68696685591164,11.716794836351408,217.36145824444162,0.0,False
148,148000,0.041456666742926286,0.023664122137404583,0.03403067230783806,0.183206106870229,0.062283412092572404,0.019125683060109287,0.006557377049180328,0.01589574249385446,0.04918032786885246,0.02459016393442623,0.03436192713536463,0.018229166666666668,0.028269053981520353,0.140625,0.050307953042328046,61,0.3177083333333333,59868,11.750848851743712,24.522807839787163,151.67790437219801,11.671572869895176,13.056802755311015,12.006768292667502,11.846720131110377,236.53342511271296,0.0,False
149,149000,0.03514775225222085,0.02592592592592593,0.03753483706632454,0.18518518518518517,0.0841820987654321,0.03864734299516908,0.011594202898550725,0.02235201245305512,0.11594202898550725,0.027168161950770646,0.036511999490997274,0.02033898305084746,0.03161610882725341,0.15819209039548024,0.061956326786835256,69,0.3898305084745763,59868,11.750675123704813,25.913364399762774,139.2608151972244,11.667597388957674,12.665890480302588,11.671711835165022,11.681775157673657,224.61182958279088,0.0,False
150,150000,0.04313182252305957,0.02347826086956522,0.03822092073624014,0.2,0.07382677708764664,0.00505050505050505,0.0015151515151515152,0.003062232522735569,0.015151515151515152,0.003787878787878788,0.029245817256824222,0.015469613259668507,0.025400625586564436,0.13259668508287292,0.048287731298781014,66,0.36464088397790057,59868,11.707076907903346,21.578178593426035,137.59738738756965,11.659500444669014,12.51421367241823,11.67022228733966,11.673636558393042,218.400215851719,541.4183880841847,True
151,151000,0.022572266294263305,0.01376146788990826,0.023452701449849074,0.12844036697247707,0.048543760011649915,0.0,0.0,0.0,0.0,0.0,0.013668761255970559,0.008333333333333335,0.01420191365574194,0.07777777777777778,0.02939594356261023,71,0.39444444444444443,59868,11.71540280649891,22.686683536818354,142.0722944529898,11.662881634448564,12.690246786552228,11.665362370114064,11.683928690803258,224.17680027822516,0.0,False
152,152000,0.03751099684683644,0.026984126984126982,0.03479673543206559,0.1984126984126984,0.06519274376417235,0.029999999999999995,0.008,0.02413844637197476,0.08,0.03507936507936508,0.03537719092443972,0.02159090909090909,0.03176881240363069,0.16477272727272727,0.05663780663780664,50,0.2840909090909091,59868,11.72761500015107,19.24058266657841,137.59385937851116,11.659636767837045,12.636098624736746,11.65503709591592,11.668132798979547,216.1809623327099,0.0,False
153,153000,0.034779600760758846,0.01796875,0.029315678753275613,0.1640625,0.05842943948412698,0.03676470588235294,0.008823529411764707,0.02962907142550723,0.08823529411764706,0.04411764705882353,0.03546831070090374,0.014795918367346941,0.029424406823233523,0.1377551020408163,0.05346412374473599,68,0.3469387755102041,59868,11.724259414341853,21.369866003130568,145.67351279342472,11.733249941886514,13.018470136745563,11.704987033109294,11.750221170975239,226.97456649361376,0.0,False
154,154000,0.019801713160599536,0.019811320754716984,0.023913900017845418,0.16037735849056603,0.05682464809823301,0.03216374269005848,0.008771929824561403,0.02244006730435735,0.07017543859649122,0.0304093567251462,0.02412463146231217,0.015950920245398775,0.02339851066404898,0.12883435582822086,0.04758739896776707,57,0.3496932515337423,59868,11.780877321218576,20.38964881796723,150.0207223670072,11.664767417748912,12.507483005207154,11.663401779882232,11.683773241420726,229.71067395045205,0.0,False
155,155000,0.039818647085002226,0.02616822429906542,0.04109031838633363,0.18691588785046728,0.08274736685951639,0.03900709219858156,0.010638297872340425,0.02765125021706401,0.0851063829787234,0.032269503546099296,0.039570964749536176,0.02142857142857143,0.03698878459441368,0.15584415584415584,0.06734178519892806,47,0.3051948051948052,59868,11.69631469791904,18.865935739006968,140.4379993070956,11.659314593896742,12.43154211193892,11.660944307739785,11.680949212708459,218.4329999703055,485.40382122869846,True
156,156000,0.04018429406850459,0.025263157894736845,0.0442518522693542,0.22105263157894736,0.09923558897243108,0.046296296296296294,0.011111111111111112,0.02445066098438792,0.1111111111111111,0.0248015873015873,0.04186392826850842,0.02137404580152672,0.03881030351928713,0.19083969465648856,0.07878044347509998,36,0.2748091603053435,59868,11.72848141517413,17.540307238210485,142.87392628520996,11.66861208200254,12.374398027370503,11.69757410967448,11.676425552095694,219.5597247097378,0.0,False
157,157000,0.04810268949157838,0.03240740740740741,0.04330784317480809,0.24074074074074073,0.08747060552616108,0.04970760233918129,0.014035087719298246,0.026652443251099184,0.08771929824561403,0.02124756335282651,0.0486571139298412,0.026060606060606065,0.03755415956479956,0.18787878787878787,0.06459355459355459,57,0.34545454545454546,59868,11.69541528694279,20.520891049917445,138.08302320713477,11.678508768479812,12.448629177035098,11.702012843131659,11.692565585967596,217.82104591860917,0.0,False
158,158000,0.039700636329695935,0.026262626262626265,0.03759321456606058,0.2222222222222222,0.08086419753086421,0.014619883040935672,0.0035087719298245615,0.00678391304000203,0.03508771929824561,0.006335282651072124,0.030536514935725838,0.01794871794871795,0.02633596977769303,0.15384615384615385,0.053632478632478636,57,0.36538461538461536,59868,11.698781027705273,20.25592406659088,143.5398419623035,11.677325713436993,12.436688960712484,11.688893319553028,11.69714687863227,222.99460192893443,0.0,False
159,159000,0.03907577807590879,0.022330097087378643,0.04042828643848628,0.20388349514563106,0.09252581291416243,0.041666666666666664,0.011111111111111113,0.02855923543933856,0.09259259259259259,0.03736772486772487,0.0399669117313287,0.018471337579617837,0.036345937687187066,0.16560509554140126,0.07355424122940046,54,0.34394904458598724,59868,11.715856187165253,19.476466618692513,143.15238180896694,11.668728808235384,12.631900189102874,11.67234312186849,11.708720207712076,222.02639694174354,0.0,False
160,160000,0.03168782853568738,0.020353982300884955,0.026125838997872904,0.18584070796460178,0.05222292456805731,0.021164021164021163,0.004761904761904762,0.01608089558922183,0.047619047619047616,0.021693121693121695,0.0279207838515114,0.014772727272727276,0.022530205845912574,0.13636363636363635,0.041294642857142856,63,0.35795454545454547,59868,11.727545395343043,20.741249628482283,153.4733055802498,11.97115645275998,12.562720538462912,11.691742330614819,11.683438974709192,233.851158900622,478.19382892459043,True
161,161000,0.0347231362291376,0.023966942148760332,0.031094721311756626,0.19008264462809918,0.059677948314311946,0.01092896174863388,0.003278688524590164,0.010257458492300687,0.03278688524590164,0.01873536299765808,0.02674816566149624,0.01703296703296703,0.02411080355358733,0.13736263736263737,0.045955433455433445,61,0.33516483516483514,59868,11.6993548459135,20.89076961090536,140.91195170842786,11.729376966855554,12.64990327325133,11.982800364594704,11.817456210809485,221.68161298075782,0.0,False
162,162000,0.0267048347939736,0.024468085106382983,0.027192346556308828,0.2127659574468085,0.05629432624113476,0.03525641025641025,0.009615384615384616,0.03614756257401815,0.07692307692307693,0.06153846153846154,0.02975060139703323,0.01917808219178082,0.030381875548917622,0.1643835616438356,0.058162100456621006,52,0.3561643835616438,59868,11.776698696702725,19.662966210969024,147.1621258303038,11.66466473462302,12.3404377770156,11.669935879553284,11.670066245902945,225.94689537507043,0.0,False
163,163000,0.03495801773845549,0.022480620155038763,0.03624449684745,0.1937984496124031,0.0890150116894303,0.026041666666666664,0.00625,0.02170954932800718,0.0625,0.034375,0.03200130028459806,0.017098445595854925,0.031424617877272076,0.15025906735751296,0.07089604408257258,64,0.3316062176165803,59868,11.715278090261572,20.702870963854036,137.14132827021692,11.657460374611684,12.651234147072199,11.664509709283234,11.699927972931567,217.2326095282312,0.0,False
164,164000,0.0285221381532857,0.01639344262295082,0.020577762178187863,0.1557377049180328,0.03960122300286234,0.0273224043715847,0.006557377049180328,0.013220311040074598,0.06557377049180328,0.012451209992193598,0.028122226892718694,0.013114754098360656,0.01812527846548344,0.12568306010928962,0.03055121866597276,60,0.32786885245901637,59868,11.745653249961574,20.00540020800218,143.08439646355808,11.703353225658851,12.600952091795792,11.660876734508053,11.672839097545683,222.47347107103022,0.0,False
165,165000,0.030007459124000477,0.015000000000000001,0.026070231630341608,0.12142857142857143,0.047933673469387754,0.0,0.0,0.0,0.0,0.0,0.020694799395862398,0.010344827586206896,0.017979470089890766,0.08374384236453201,0.03305770584095707,63,0.3103448275862069,59868,11.701329323772491,21.43723301184508,144.6852907779281,11.67967556446603,12.752518711210692,11.67252496456217,11.686583313609555,225.6151556673941,503.5486043514989,True
166,166000,0.023878256517145407,0.014814814814814815,0.02018612615883873,0.14814814814814814,0.04415784832451499,0.029569892473118278,0.0064516129032258064,0.014321756106806497,0.06451612903225806,0.013082437275985664,0.025954029630500215,0.011764705882352941,0.018047355904568147,0.11764705882352941,0.03282446311858077,62,0.36470588235294116,59868,11.78927101744276,21.167763369897564,147.82348815420983,11.685106699840798,12.501434498574104,11.676074585416362,11.696920301798585,228.34005862717999,0.0,False
167,167000,0.04220713473164453,0.025396825396825397,0.039038779719480415,0.1984126984126984,0.08284517510707987,0.0,0.0,0.0,0.0,0.0,0.03038913700678407,0.018285714285714287,0.028107921398025894,0.14285714285714285,0.0596485260770975,49,0.28,59868,11.697272523793211,19.912500168757507,151.82282106225574,11.768025829514418,12.835058078294882,11.7006958203561,11.712056016695282,231.44842949966713,0.0,False
168,168000,0.03658439084135679,0.02105263157894737,0.03143696939263052,0.20175438596491227,0.06442147034252298,0.016431924882629106,0.004225352112676057,0.015009230221674776,0.028169014084507043,0.02112676056338028,0.028850201203142377,0.014594594594594595,0.02513226949458804,0.13513513513513514,0.0478056628056628,71,0.3837837837837838,59868,11.918961455983922,25.01884736026694,152.9443465917296,11.690489107020474,12.535213343205232,11.672858111308472,11.67210979829969,237.45282576781435,0.0,False
169,169000,0.04340948583549829,0.02564102564102564,0.037992897045380614,0.23931623931623933,0.08567019400352734,0.020833333333333332,0.00625,0.016054762281373786,0.0625,0.025669642857142856,0.035426757878931674,0.01878453038674033,0.030235766521090907,0.17679558011049723,0.06445452950977813,64,0.35359116022099446,59868,11.706887666579346,21.196675857156066,137.02961207535947,11.671536298017704,12.60542309013124,11.665423434982502,11.6931485889607,217.56870701118703,0.0,False
170,170000,0.04206174072928994,0.019327731092436976,0.03864164297462737,0.18487394957983194,0.07219887955182071,0.015625,0.004687500000000001,0.01383531064955449,0.046875,0.02395833333333333,0.03281610462724318,0.014207650273224045,0.029966204347279476,0.1366120218579235,0.055327868852459015,64,0.34972677595628415,59868,11.740054935600874,25.241493901477508,144.09169996479343,11.660322809428635,12.600519645918073,11.67790362768123,11.736742738882588,228.74873762378232,499.5803782558428,True
171,171000,0.03330010181596869,0.02416666666666667,0.026908495294146555,0.175,0.044083994708994705,0.014492753623188404,0.004347826086956522,0.007794208445828979,0.043478260869565216,0.008540372670807454,0.0280884270155597,0.01867469879518072,0.021611765203648915,0.13855421686746988,0.03423455727672595,46,0.27710843373493976,59868,11.750807293542387,18.48459691177612,142.31042825395974,11.677212781203982,12.503660186853615,11.670206091801694,11.686433228116911,220.08334474725444,0.0,False
172,172000,0.036666014297593245,0.02280701754385965,0.03502788152362384,0.19298245614035087,0.07447438039543301,0.02150537634408602,0.004838709677419356,0.009115984470718671,0.04838709677419355,0.006912442396313364,0.03132533501851684,0.01647727272727273,0.025899826879986796,0.14204545454545456,0.05067415223665224,62,0.3522727272727273,59868,11.702104471905672,21.55443736563678,143.40755228506308,11.681179299886935,12.786414019319569,11.679181504298253,11.699578008173006,224.51044695428328,0.0,False
173,173000,0.03245450494411713,0.021929824561403508,0.03429873099510179,0.20175438596491227,0.08883667502088556,0.049479166666666664,0.014062500000000002,0.03215472447051132,0.125,0.03986235119047619,0.03857573163087651,0.01910112359550562,0.03352785224468724,0.17415730337078653,0.07122792937399679,64,0.3595505617977528,59868,11.710762858399558,25.262790073934948,154.43687225120962,11.693419528641114,12.631370788336593,11.664488536775043,11.693253264784264,239.09295730208115,0.0,False
174,174000,0.01785029217046761,0.016666666666666666,0.023403936335411855,0.13333333333333333,0.05403880070546738,0.011904761904761904,0.0035714285714285718,0.0068335771159698366,0.03571428571428571,0.00818452380952381,0.015569814808279119,0.011643835616438357,0.017048182114256013,0.0958904109589041,0.03645085888236573,56,0.3835616438356164,59868,11.720320736353928,23.684784388515457,155.01512169985992,11.758925110502695,12.481673877927369,11.763162620817557,11.761189573404607,238.18517800738152,0.0,False
175,175000,0.032590220554241114,0.02471910112359551,0.02915273463733908,0.19101123595505617,0.05056179775280899,0.018115942028985504,0.004347826086956522,0.007486950907614131,0.043478260869565216,0.005797101449275362,0.02765824416785772,0.01777777777777778,0.02177031944054391,0.14074074074074075,0.03530864197530864,46,0.34074074074074073,59868,11.765155679306638,18.896914964781907,151.0541212477179,11.664660998569886,12.331720273005276,11.685782497147802,11.686770058409735,229.08512571893917,530.7103210542355,True
176,176000,0.04516749099179688,0.03142857142857143,0.03933391997037389,0.24761904761904763,0.07589569160997732,0.0303030303030303,0.00681818181818182,0.026526373976504595,0.06818181818181818,0.03787878787878787,0.040777985821959774,0.024161073825503355,0.03555182585137893,0.19463087248322147,0.0646692233940556,44,0.2953020134228188,59868,11.723407268078578,18.512716552253337,141.21234357317158,11.65656715741703,12.422898805188042,11.682308420309095,11.668772625789137,218.87901440220682,0.0,False
177,177000,0.027623270799547888,0.016666666666666666,0.030473431682614693,0.10416666666666667,0.065625,0.023255813953488372,0.006976744186046512,0.017836556764887698,0.06976744186046512,0.02916205241786637,0.02627218702702588,0.01366906474820144,0.02656418260734663,0.09352517985611511,0.054345095352289596,43,0.30935251798561153,59868,11.709199984166752,17.76100819567833,142.17623619158098,11.656015632105499,12.351138887221891,11.666039526271598,11.674914386292091,218.99455280331713,0.0,False
178,178000,0.03940829552007163,0.028703703703703703,0.03249558813838879,0.2222222222222222,0.061574074074074066,0.014705882352941176,0.004411764705882354,0.007818971978247543,0.04411764705882353,0.008455882352941176,0.029864181341862136,0.01931818181818182,0.022961440985606943,0.1534090909090909,0.04105113636363636,68,0.38636363636363635,59868,11.718306572996994,21.46127115140034,154.5482400162404,11.828565851135231,12.573348732919376,12.026534024822677,11.802425305837417,235.95869165535248,0.0,False
179,179000,0.03681003455513259,0.021481481481481483,0.035359393499425996,0.17037037037037037,0.07805408583186361,0.019774011299435026,0.005084745762711865,0.008324061330248904,0.05084745762711865,0.006423190745224643,0.03162897593613179,0.016494845360824743,0.027137307942820592,0.13402061855670103,0.056269432171494015,59,0.30412371134020616,59868,11.827627068521085,21.370165408970966,151.68071384227127,11.66068664253811,12.610481401893747,11.661797059234203,11.676018126953458,232.48748955038283,0.0,False
180,180000,0.022996836583510188,0.015929203539823012,0.019837192123764304,0.13274336283185842,0.03417966006461582,0.03508771929824561,0.007894736842105265,0.015305196171567007,0.07894736842105263,0.012280701754385965,0.026039575279933672,0.013907284768211922,0.018696689831158363,0.11920529801324503,0.028668663933564598,38,0.25165562913907286,59868,11.695905314752785,16.901898458918097,137.68680501322072,11.661325500782194,12.399843691057733,11.688944780548216,11.680505880830305,213.71522864011004,548.0160050452126,True
181,181000,0.023455479705479707,0.011666666666666667,0.019316939259989254,0.10833333333333334,0.038680555555555544,0.0234375,0.00625,0.017578672604165856,0.0625,0.02777777777777778,0.023449225894878065,0.009782608695652175,0.0187123247710072,0.09239130434782608,0.034888285024154586,64,0.34782608695652173,59868,11.711578065079497,21.728603413422032,143.29655708283929,11.734016807596337,12.620287747726334,11.72295478378549,11.753178623716277,224.56717652416526,0.0,False
182,182000,0.031213775383827483,0.019685039370078743,0.029316922661726703,0.16535433070866143,0.05954568178977628,0.0110062893081761,0.0037735849056603774,0.006644442788071799,0.03773584905660377,0.008385744234800837,0.02526379337266347,0.015000000000000001,0.022641136921150537,0.12777777777777777,0.044481922398589065,53,0.29444444444444445,59868,11.742596847656717,20.161168435332833,145.7034149079245,11.736018350694266,12.746124618268073,11.706448775350431,11.68153903643998,225.4773109716668,0.0,False
183,183000,0.02752332112332112,0.015200000000000003,0.02211902116602054,0.144,0.045676190476190474,0.02487562189054726,0.007462686567164179,0.012148312969496837,0.05970149253731343,0.009328358208955223,0.02659938441188441,0.012500000000000002,0.018639659451608625,0.11458333333333333,0.0329923115079365,66,0.34375,59868,11.70008542199924,21.43188648481842,141.1047674713603,11.659829776355934,12.637642478996458,11.663984110510395,11.680709233442832,221.8789049774836,0.0,False
184,184000,0.02001345039640153,0.013333333333333334,0.021992982135271323,0.13333333333333333,0.05553665910808768,0.0,0.0,0.0,0.0,0.0,0.013645534361182864,0.00909090909090909,0.014995215092230445,0.09090909090909091,0.03786590393733251,49,0.3181818181818182,59868,11.706323219284887,18.974127984544566,152.8115925015297,11.729739560872865,12.474599827866362,11.791004028600948,11.81631207396866,231.303699196668,0.0,False
185,185000,0.03893838014826529,0.025510204081632657,0.04029693106380895,0.1836734693877551,0.06933106575963718,0.023148148148148147,0.006944444444444444,0.016326464339536995,0.05555555555555555,0.020833333333333332,0.03225075247762744,0.01764705882352941,0.030144733392352595,0.12941176470588237,0.048790849673202616,71,0.4176470588235294,59868,11.802099311890302,23.181867575744477,141.7495317285744,11.657036542503384,12.519203765652687,11.663297841545129,11.763302856300506,224.3363396222109,466.9225910640812,True
186,186000,0.029993695856108848,0.024742268041237116,0.035087375933480755,0.20618556701030927,0.0806537391588938,0.009433962264150943,0.0018867924528301887,0.00729910957046305,0.018867924528301886,0.009433962264150943,0.022729256653617056,0.016666666666666666,0.025268855151881167,0.14,0.055489417989418,53,0.35333333333333333,59868,11.774829742454418,20.122312199721826,157.71217322990694,11.660366734105033,12.5208623551476,11.683127517307657,11.688548947147437,237.16222072579092,0.0,False
187,187000,0.04144443423984187,0.02592592592592593,0.04006283752336396,0.21296296296296297,0.0905570252792475,0.024509803921568624,0.0058823529411764705,0.01163905457853116,0.058823529411764705,0.010661764705882353,0.03490150888959994,0.018181818181818184,0.029080921385587655,0.1534090909090909,0.059688401875901874,68,0.38636363636363635,59868,11.716371199725629,26.492736855496247,145.59073876644484,11.659453256790409,12.475474976028632,11.671867586340866,11.697303847271744,231.30394648809838,0.0,False
188,188000,0.03352133707721943,0.024,0.027601714758931122,0.2,0.04360714285714285,0.01515151515151515,0.004545454545454546,0.014220567455235044,0.045454545454545456,0.025974025974025972,0.027908335933254234,0.018055555555555557,0.023513030860579542,0.1527777777777778,0.03821924603174603,44,0.3055555555555556,59868,11.728351121571833,18.19460554906144,140.8132251637731,11.701084646598137,12.439021726859401,11.68636681393026,11.700823717493424,218.2634787392876,0.0,False
189,189000,0.03324261662138277,0.01951219512195122,0.029651902923445383,0.17073170731707318,0.05972706155632985,0.0261437908496732,0.00784313725490196,0.02607104033459758,0.0784313725490196,0.04855275443510738,0.03116192630898513,0.016091954022988506,0.02860233975085207,0.14367816091954022,0.056451833607006015,51,0.29310344827586204,59868,11.726448448608206,19.013456333455416,139.99904931265294,11.657113297876275,12.522378909814169,11.699947711094062,11.691717360755305,218.3101113742564,0.0,False
190,190000,0.04807455589244928,0.03189655172413793,0.04289371220013086,0.23275862068965517,0.07427818828680897,0.0136986301369863,0.004109589041095891,0.008187985590220324,0.0410958904109589,0.010045662100456623,0.03479708192340802,0.021164021164021163,0.029488854832281815,0.15873015873015872,0.04946879986562526,73,0.3862433862433862,59868,11.73736890735383,29.67272066065757,146.9243112329349,11.691873281413635,12.87960965466739,11.782648711801402,11.799223883113275,236.487756331942,603.0949615994582,True
191,191000,0.0390836178181611,0.030275229357798163,0.043770211962862356,0.22018348623853212,0.09952672200378622,0.0375,0.01,0.025104312218505766,0.1,0.03229166666666666,0.03865848551798362,0.02483221476510067,0.038759232165719644,0.18791946308724833,0.08147704271865346,40,0.2684563758389262,59868,11.707674537862756,17.97355344194257,156.84228675674066,11.735151021978474,12.602917913502598,11.984246038994339,11.820281968090429,234.66611167911185,0.0,False
192,192000,0.025165735190397227,0.016071428571428573,0.025135890942669624,0.13392857142857142,0.0558000283446712,0.017973856209150325,0.005882352941176471,0.008388625454865,0.058823529411764705,0.00778089013383131,0.02291551538644881,0.012883435582822086,0.019895948980227684,0.11042944785276074,0.040775635407537245,51,0.3128834355828221,59868,11.755364304373572,19.51583761997805,153.1872772354004,11.662093912831462,12.405585033889444,11.66050550998471,11.682964964003506,231.86962858046115,0.0,False
193,193000,0.03259539148123396,0.01730769230769231,0.028193558199126542,0.14423076923076922,0.05220161782661782,0.026960784313725488,0.007352941176470588,0.01845716661485666,0.04411764705882353,0.022549019607843137,0.030367756089428277,0.013372093023255814,0.024344287107671007,0.10465116279069768,0.04047849760059063,68,0.3953488372093023,59868,11.708392421254377,21.769459913827117,141.51104459066144,11.65938594124838,12.438548318206843,11.671590010545184,11.69990729655429,222.45832849229765,0.0,False
194,194000,0.03667572058126781,0.02173913043478261,0.03662426913019748,0.17391304347826086,0.08166666666666668,0.017156862745098037,0.004411764705882354,0.013861763584892198,0.04411764705882353,0.023529411764705882,0.029422811658538058,0.01530054644808743,0.028166070348335397,0.12568306010928962,0.060063752276867034,68,0.37158469945355194,59868,11.729269570118216,21.836336321079397,144.49049807442606,11.677688929082052,12.606190171744746,11.700087729257792,11.816041955298173,225.85611275100644,0.0,False
195,195000,0.029570224003380698,0.019008264462809916,0.028880488855868074,0.1652892561983471,0.06588285451921816,0.02287581699346405,0.005882352941176471,0.011507389960191619,0.058823529411764705,0.011002178649237472,0.027585254482998433,0.015116279069767445,0.023729163020522148,0.13372093023255813,0.04961009597637505,50,0.29069767441860467,59868,11.754674959792155,19.453308977547547,159.24179181069087,11.740969355959752,12.695866499663754,11.755865419599276,11.689347165243225,238.33182418849657,513.8989726005058,True
196,196000,0.04318135798087683,0.030000000000000002,0.03859670840960325,0.23636363636363636,0.06807720057720057,0.012345679012345678,0.003703703703703704,0.010965996702439453,0.037037037037037035,0.018518518518518517,0.033028146613189736,0.021341463414634148,0.02949879114017127,0.17073170731707318,0.05175909794812234,54,0.32926829268292684,59868,11.783535836099034,19.899168591422377,141.53530907319578,11.666353982059396,12.49320870566617,11.664497065785874,11.707031732602346,220.74910498683096,0.0,False
197,197000,0.022094705799796163,0.020000000000000004,0.030078743462408266,0.15789473684210525,0.07080200501253132,0.0,0.0,0.0,0.0,0.0,0.014475841730900932,0.013103448275862071,0.019706762958129554,0.10344827586206896,0.046387520525451566,50,0.3448275862068966,59868,11.774828666988313,19.061081735965992,159.45745039717963,11.83020752208719,12.637841895368762,12.030827027553759,12.139057342416827,238.93129458756047,0.0,False
198,198000,0.039721468052084256,0.026956521739130435,0.030186041774929135,0.2,0.04599723947550034,0.006172839506172839,0.001851851851851852,0.005482998351219726,0.018518518518518517,0.009259259259259259,0.029001787924988306,0.01893491124260355,0.022292761627708376,0.14201183431952663,0.03425847656616887,54,0.31952662721893493,59868,11.936939946305403,20.177376151869765,151.44094088323513,11.76375747556635,12.628846890225255,11.708038845550938,11.697746807801114,231.35364700055396,0.0,False
199,199000,0.04092554777725584,0.028571428571428574,0.04463850500622949,0.23214285714285715,0.09958545918367347,0.015873015873015872,0.0031746031746031746,0.006710949752486513,0.031746031746031744,0.0049130763416477706,0.03190663629172946,0.01942857142857143,0.030984585114882016,0.16,0.06550340136054421,63,0.36,59868,11.740218931410862,21.10167070699942,143.71305488465603,11.658746723985924,12.627258154082611,11.665592521303836,11.69843893504552,224.20498085748417,0.0,False
200,200000,0.036997619560644776,0.02184873949579832,0.03772478948418574,0.18487394957983194,0.0734093637454982,0.03676470588235294,0.010294117647058825,0.019947181421831998,0.07352941176470588,0.018995098039215685,0.03691292367762956,0.017647058823529415,0.031260204734238926,0.1443850267379679,0.053622358034122734,68,0.36363636363636365,59868,11.725431139864018,26.776385911364553,151.30816894055877,11.782742781588084,12.770364983705207,11.779702584716055,11.77496114426746,237.91775748606415,551.5572461353979,True
201,201000,0.034282422000868604,0.022330097087378643,0.028094669122672878,0.1650485436893204,0.04222915703498228,0.01092896174863388,0.003278688524590164,0.005629087202629124,0.03278688524590164,0.005919854280510018,0.02559607398022032,0.01524390243902439,0.019738568530461482,0.11585365853658537,0.028723867595818815,61,0.3719512195121951,59868,11.703352447892112,21.45648492374308,144.34111956848628,11.67099849541664,12.459544732182358,11.675483398726483,11.742285618093762,225.04926918454072,0.0,False
202,202000,0.03163248590621578,0.02016806722689076,0.030062913621584853,0.18487394957983194,0.06199479791916767,0.02941176470588235,0.007352941176470588,0.0245643203939617,0.07352941176470588,0.034967320261437916,0.03082495092427635,0.015508021390374334,0.028063425175176435,0.1443850267379679,0.05216662422544775,67,0.3582887700534759,59868,11.70171531866826,21.380509345178545,154.45795482363357,11.674869306421698,12.592915692999362,11.671541832763976,11.69439770995484,235.17390402962025,0.0,False
203,203000,0.045363282676296496,0.03703703703703704,0.04851524998110977,0.28703703703703703,0.09290858318636097,0.029166666666666664,0.0075000000000000015,0.01599936146109495,0.075,0.017361111111111112,0.04098581888991005,0.02905405405405406,0.039727172002727386,0.22972972972972974,0.07249034749034748,39,0.2635135135135135,59868,11.711130296188088,17.963586680477817,148.41136670083742,11.666072255403503,12.413728079960219,11.671473059929326,11.685211233861125,225.5225683066575,0.0,False
204,204000,0.03675657675657676,0.023333333333333334,0.0346417184475422,0.2,0.07234567901234569,0.03825136612021857,0.009836065573770493,0.021104917989222313,0.08196721311475409,0.024655217278168096,0.03736043206241881,0.017880794701986755,0.029173209653121587,0.152317880794702,0.05307999579522759,61,0.40397350993377484,59868,11.767239110116456,20.545908189811833,145.90210747188192,11.672732116191353,12.471434663929859,11.687262707754664,11.691744939382186,225.73842919906826,0.0,False
205,205000,0.03413323028181653,0.025,0.0332857708518694,0.2037037037037037,0.07587081128747795,0.04597701149425287,0.012068965517241381,0.036819344076196095,0.1206896551724138,0.057327586206896555,0.038271418898209945,0.020481927710843374,0.03452039282181487,0.1746987951807229,0.06939185312679289,58,0.3493975903614458,59868,11.730237089294103,19.953029021455016,142.49763038680362,11.6579189006899,12.482927765955498,11.663577314746654,11.688562922551604,221.6738834014964,538.465913067096,True
206,206000,0.04563487724388088,0.03220338983050847,0.04777551426694387,0.2288135593220339,0.09622006994888349,0.029100529100529095,0.007936507936507936,0.015770089532965933,0.06349206349206349,0.016313932980599646,0.03987982789011755,0.023756906077348067,0.03663550455290735,0.1712707182320442,0.06840743663948083,63,0.34806629834254144,59868,11.896029476557434,21.4717666521258,146.09735940615542,11.659107158654148,12.583189679379881,11.677268486873228,11.685981066267281,227.0707019260132,0.0,False
207,207000,0.03594143404488232,0.018110236220472444,0.026426446967889587,0.1732283464566929,0.04973440819897513,0.024590163934426226,0.006557377049180328,0.013741370958808964,0.06557377049180328,0.016276346604215456,0.032258309168617307,0.014361702127659576,0.022310544645794277,0.13829787234042554,0.03887833502195204,61,0.324468085106383,59868,11.725192513772908,19.93642263728446,141.95886598565576,11.658762298555336,12.71493131285717,12.27106558308877,11.782099015283931,222.04733934649832,0.0,False
208,208000,0.030859391657681038,0.01885245901639344,0.030394092240790118,0.14754098360655737,0.06110785844392402,0.03968253968253968,0.009523809523809523,0.027343249760609298,0.09523809523809523,0.03584656084656085,0.0338640312553356,0.01567567567567568,0.029355156693485294,0.12972972972972974,0.05250536250536251,63,0.34054054054054056,59868,11.7697955837881,21.94616529282989,167.02743282201448,11.831483664348497,12.99760817603801,11.756940997462163,11.673131439432494,249.00255797591362,0.0,False
209,209000,0.04198012886871582,0.035869565217391305,0.04208092992279396,0.2717391304347826,0.08194013112491373,0.007575757575757575,0.002272727272727273,0.003555141863808761,0.022727272727272728,0.0032467532467532465,0.030849302862170507,0.025,0.029616704374298745,0.19117647058823528,0.056480508870214746,44,0.3235294117647059,59868,11.69733494019165,18.150517519452404,141.8416162213554,11.657777137408232,12.40916160784311,11.686292852225444,11.694644744930649,219.1373450234069,0.0,False
210,210000,0.03739225421043602,0.02396694214876033,0.03274264957552744,0.2066115702479339,0.06230486685032139,0.013888888888888888,0.0033333333333333335,0.005683365646452562,0.03333333333333333,0.004232804232804232,0.029601083385613774,0.017127071823204422,0.023772721201248476,0.14917127071823205,0.043054459352801895,60,0.3314917127071823,59868,11.7260026737398,20.592366390265184,141.63482240045488,11.667889619607074,12.619567947264043,11.679648182910674,11.682586994382627,221.6028842086243,534.0825220703643,True
211,211000,0.019589565614178014,0.012371134020618558,0.018349293454569142,0.12371134020618557,0.03566519391261659,0.011666666666666665,0.004,0.006187890182618929,0.04,0.007222222222222222,0.016894702026589124,0.009523809523809525,0.014212761729416011,0.09523809523809523,0.025990713745815786,50,0.3401360544217687,59868,11.748480040832398,19.115692260027185,144.75587738944918,11.66614706356317,12.464209605378418,11.69399926115311,11.724784375388708,223.16918999579218,0.0,False
212,212000,0.028911544704094096,0.025806451612903226,0.027151436075413753,0.1827956989247312,0.04009643283836832,0.03535353535353535,0.00909090909090909,0.01745162660850597,0.07575757575757576,0.014454064454064454,0.03158557855857915,0.01886792452830189,0.02312510007028222,0.13836477987421383,0.029452430867525213,66,0.41509433962264153,59868,11.813142411234988,20.977387292328565,145.66743771537995,11.663779389534113,12.51485677551678,11.678680145107979,11.696933122376517,226.0122168514789,0.0,False
213,213000,0.042079690319947446,0.02366412213740458,0.03402138505906691,0.21374045801526717,0.06881739973343028,0.026455026455026454,0.006349206349206349,0.01440422878379311,0.06349206349206349,0.01525573192239859,0.03700570153907105,0.01804123711340206,0.027650865237715108,0.16494845360824742,0.051423662248404514,63,0.3247422680412371,59868,11.727104651776399,20.84098521146216,159.5089767306851,11.710900337816298,12.677862192875256,11.765204770475268,11.748499903235787,239.9795337983263,0.0,False
214,214000,0.022154550531090385,0.018699186991869916,0.022012466786569165,0.15447154471544716,0.04623822428700477,0.010416666666666666,0.003125,0.0058735364979876125,0.03125,0.006944444444444444,0.01813730685556569,0.013368983957219251,0.016488982623632166,0.11229946524064172,0.0327900857312622,64,0.3422459893048128,59868,11.959969650796044,21.665150277960787,148.65902791551255,11.821189882660343,12.601996153854822,11.754538483024767,11.704593518360728,230.16646588217006,0.0,False
215,215000,0.021972526737424055,0.01619047619047619,0.021082708309764848,0.1523809523809524,0.03995842781557068,0.016025641025641024,0.0038461538461538464,0.015005916302531935,0.038461538461538464,0.022435897435897436,0.02000285758447681,0.012101910828025477,0.019070012867878783,0.11464968152866242,0.034154787180264885,52,0.33121019108280253,59868,11.785792404558904,19.84081809248972,150.57305354022887,11.683272630472196,12.52381958635751,11.688477059693113,11.761800820742074,229.85703413454243,553.5251219615511,True
216,216000,0.03393845761321821,0.023148148148148147,0.04057324078745191,0.18518518518518517,0.08567019400352732,0.022058823529411763,0.0058823529411764705,0.012471204457224546,0.058823529411764705,0.014968487394957982,0.029348598989929354,0.01647727272727273,0.029715635841682252,0.13636363636363635,0.058353625541125546,68,0.38636363636363635,59868,12.028853262374684,23.24453148994099,150.39675357170213,11.66043338939049,12.48393053694674,11.659684026263385,11.689391769459379,233.1635780460778,0.0,False
217,217000,0.03681108144516907,0.02096774193548387,0.03524135824403476,0.1693548387096774,0.07328149001536098,0.028735632183908042,0.006896551724137932,0.017232824021562756,0.06896551724137931,0.02353585112205802,0.03423758662564633,0.016483516483516484,0.02950237481049972,0.13736263736263737,0.0574284842141985,58,0.31868131868131866,59868,11.741061160447375,20.39023841782228,143.93833006566547,11.663082622556665,12.556562041840525,11.663376267553872,11.682841855417681,223.63549243130385,0.0,False
218,218000,0.03203228140192766,0.018803418803418806,0.02627501694241926,0.1794871794871795,0.055633563966897295,0.04032258064516129,0.011290322580645162,0.028077591193894164,0.0967741935483871,0.03859447004608295,0.03490378169846669,0.016201117318435754,0.026899372269745765,0.15083798882681565,0.049731754899352665,62,0.3463687150837989,59868,11.751070447166278,20.789536384374642,147.0041041310016,11.750110309224905,12.66455270211575,11.745330638593398,11.777785752065117,227.4824903645417,0.0,False
219,219000,0.022906908275770837,0.016379310344827588,0.022351197049654017,0.14655172413793102,0.051412835249042145,0.02734375,0.0078125,0.020060835418704168,0.078125,0.027213541666666667,0.024484451999941204,0.013333333333333336,0.02153684624753852,0.12222222222222222,0.04280864197530864,64,0.35555555555555557,59868,11.819151944411633,21.42206265512425,161.68336977163966,11.6651379657301,12.580022564087635,11.67230445110745,11.710972669040643,242.55302202114137,0.0,False
220,220000,0.028285004052623425,0.028421052631578948,0.03635957191135747,0.22105263157894736,0.07831662489557226,0.028455284552845524,0.007317073170731709,0.014160293466577385,0.07317073170731707,0.013685636856368564,0.028336338615190387,0.022058823529411766,0.029667142380210537,0.17647058823529413,0.05883228291316527,41,0.3014705882352941,59868,11.735773110047031,21.282096423713703,153.42786842159617,11.663870722641857,12.379351823840757,11.696305934796868,11.721366009867506,233.90663244650386,498.65442645094515,True
221,221000,0.035598944706087564,0.019642857142857146,0.033235480581313176,0.16964285714285715,0.06988732993197279,0.023474178403755867,0.005633802816901409,0.02266161554965109,0.056338028169014086,0.034624413145539906,0.030894800402997122,0.014207650273224045,0.02913305207176122,0.12568306010928962,0.056206088992974246,71,0.3879781420765027,59868,11.733892246901245,23.035764855336428,155.4895745062429,11.832027065075689,12.659973898543342,11.808446652786241,11.745092583004269,238.3047718078901,0.0,False
222,222000,0.024308459020854364,0.02553191489361702,0.027277611590082,0.20212765957446807,0.055965045592705175,0.029914529914529912,0.007692307692307694,0.01658329336068979,0.07692307692307693,0.01816239316239316,0.02595234447087953,0.02030075187969925,0.02414168368823015,0.16541353383458646,0.04488005728607232,39,0.2932330827067669,59868,11.801543634087919,18.332133327164655,152.88075943135914,11.668388627691929,12.354964950875292,11.684654340662902,11.721985357190935,230.4444296690328,0.0,False
223,223000,0.048097165362260046,0.02839506172839506,0.04184746960993126,0.2222222222222222,0.07343719380756418,0.017730496453900707,0.00425531914893617,0.007001667596802524,0.0425531914893617,0.0047872340425531915,0.03694690412247185,0.01953125,0.029052526683235554,0.15625,0.04822978670634921,47,0.3671875,59868,11.725958220590304,18.48985003473358,143.402612546209,11.661394468232,12.33467620385953,11.669330663932609,11.678372712861652,220.96219485041868,0.0,False
224,224000,0.049637399180157464,0.0319327731092437,0.049914545496873165,0.2605042016806723,0.11454915299453114,0.01694915254237288,0.005084745762711865,0.008561499822222719,0.05084745762711865,0.008635996771589992,0.03880253091257718,0.023033707865168538,0.03620763709909577,0.19101123595505617,0.07944310683074728,59,0.33146067415730335,59868,11.716564567845754,20.5334149972064,160.12221330054254,11.78484013754366,12.806987005814507,11.781627695911512,11.755746234617948,240.5013939394823,0.0,False
225,225000,0.03482915893630179,0.022321428571428572,0.02814269057097113,0.17857142857142858,0.05499574829931973,0.04687499999999999,0.0125,0.02450803842214728,0.125,0.026605902777777777,0.03920946477764659,0.018750000000000003,0.026820998880489725,0.1590909090909091,0.04467216810966811,63,0.35795454545454547,59868,11.8430982908313,21.57413090610183,144.88701302979578,11.666919681588283,12.533514445647874,11.663154265151299,11.673986182750284,225.84181680186663,582.5484401682096,True
226,226000,0.03569251867413632,0.02266666666666667,0.035909669962540344,0.2,0.07244444444444445,0.03459119496855346,0.007547169811320755,0.02370871601174801,0.07547169811320754,0.03018867924528302,0.03523650182729342,0.01640625,0.03085771246729039,0.1484375,0.054947916666666666,53,0.4140625,59868,11.859202732930619,21.232632998705036,154.27044441018722,11.66819676591546,12.328263550034912,11.663586915483526,11.678509702323092,234.70083707557987,0.0,False
227,227000,0.028730526600592388,0.023333333333333334,0.03153108807884846,0.19166666666666668,0.07000992063492065,0.02121212121212121,0.005454545454545455,0.02094933534951206,0.05454545454545454,0.03636363636363636,0.026367599192787163,0.017714285714285714,0.028205394363914164,0.14857142857142858,0.05943537414965986,55,0.3142857142857143,59868,11.694367986078703,20.061792256165223,141.94294683436692,11.683765697254046,12.488186711248627,11.675235931082884,11.708126636228444,221.25442205242487,0.0,False
228,228000,0.026269044998407456,0.014173228346456694,0.0265074693230343,0.11811023622047244,0.05578052743407074,0.013605442176870748,0.004081632653061225,0.008810895599965571,0.02040816326530612,0.01020408163265306,0.02274338284922962,0.011363636363636364,0.02158058232058903,0.09090909090909091,0.04309163059163059,48,0.2727272727272727,59868,11.737421268850913,18.73578167539691,146.25877253325592,11.673753728944082,12.538715407170443,11.664612261860775,11.688183368052663,224.2972402435317,0.0,False
229,229000,0.02834463378927989,0.014285714285714287,0.021192732702705157,0.12030075187969924,0.03971237617854159,0.022151898734177215,0.006329113924050633,0.015404188560779566,0.06329113924050633,0.022925457102672294,0.026036963650821813,0.011320754716981133,0.019035680876232884,0.09905660377358491,0.03345687331536388,79,0.37264150943396224,59868,11.716376265777374,22.912567589128408,146.4706567448626,11.675896514268258,12.784484586608746,11.68365990221465,11.682248897929014,228.92589050078908,0.0,False
230,230000,0.03500764123313143,0.023333333333333334,0.030419050556907044,0.2,0.06682980599647267,0.014184397163120567,0.00425531914893617,0.007186368509212667,0.0425531914893617,0.007446808510638297,0.027863900566777337,0.016788321167883213,0.0224487143799608,0.145985401459854,0.046457536786003936,46,0.3357664233576642,59868,11.715228061065508,18.79769823831534,172.12695217828923,12.071989002784832,12.485620070820659,11.6830640300436,11.708962589188076,250.58951417050727,534.0948656057249,True
231,231000,0.040385523583497465,0.028571428571428574,0.04146864825649992,0.22448979591836735,0.09302721088435373,0.020833333333333332,0.005357142857142858,0.010339984013600504,0.05357142857142857,0.010714285714285714,0.03327563621980142,0.02012987012987013,0.030149133986354684,0.16233766233766234,0.06309523809523808,56,0.36363636363636365,59868,11.705275076809297,19.944885412334635,151.47614501140328,11.819751227326591,12.446432367418936,11.776837120433537,11.719195320919473,230.88852153664573,0.0,False
232,232000,0.024449448048923052,0.021333333333333336,0.030187209646752637,0.2,0.08275132275132274,0.03809523809523809,0.008571428571428572,0.023955146273768366,0.08571428571428572,0.03492063492063492,0.028791290336386933,0.017272727272727273,0.02820428039171219,0.16363636363636364,0.06753246753246754,35,0.3181818181818182,59868,11.719678275540213,16.89258080464495,156.29194076281772,11.708972786433902,12.264327967206889,11.660814240865847,11.69403337929198,232.23234821680148,0.0,False
233,233000,0.0427769983297711,0.01746031746031746,0.03510739274307806,0.16666666666666666,0.0709719072814311,0.02631578947368421,0.007017543859649123,0.014215450259822985,0.07017543859649122,0.016151489835700365,0.03764973655492436,0.014207650273224045,0.028600066395834674,0.1366120218579235,0.05389669529013791,56,0.30601092896174864,59868,11.724727470588391,19.92587753432695,155.38808891794875,11.66317294105934,12.558302515605636,11.669981366799199,11.6965990142881,234.62674976061638,0.0,False
234,234000,0.039358843345294624,0.0306930693069307,0.04207502389940054,0.2376237623762376,0.1024045261669024,0.029850746268656712,0.007462686567164179,0.023353654185599964,0.07462686567164178,0.035299692016109926,0.035566923677825935,0.021428571428571432,0.03460876335877768,0.17261904761904762,0.07564247921390779,67,0.39880952380952384,59868,11.729293864393142,23.425703937693388,150.0787528267433,11.659965981722365,12.602643310502536,11.67111025440759,11.705376305362613,232.87284648082496,0.0,False
235,235000,0.0304888189767222,0.021774193548387097,0.035125580904815615,0.1935483870967742,0.08594150025601638,0.0326797385620915,0.00980392156862745,0.023049916499820685,0.0784313725490196,0.028127917833800187,0.031127315541601256,0.018285714285714287,0.03160638727821709,0.16,0.06909297052154195,51,0.2914285714285714,59868,11.694309425741567,19.980870746227897,150.9273747572204,11.669179669132612,12.513996469593058,11.677501830661964,11.690459233729133,230.15369213230662,516.4912688345596,True
236,236000,0.03300141643847815,0.022580645161290325,0.03640056072506701,0.1935483870967742,0.08272529441884281,0.025423728813559324,0.006779661016949153,0.01670060721767636,0.06779661016949153,0.021892655367231634,0.03055833682170104,0.017486338797814208,0.030049209594268933,0.15300546448087432,0.06311258565356925,59,0.3224043715846995,59868,11.705787584539994,20.238418214718614,147.61170749449937,11.661696405401711,12.554858647290112,11.663562933375559,11.680744036540736,227.11677531636607,0.0,False
237,237000,0.04441909332616069,0.02586206896551724,0.04157106305291062,0.2413793103448276,0.08895730706075534,0.005555555555555555,0.0016666666666666668,0.0049346985160977535,0.016666666666666666,0.008333333333333333,0.031170159995272576,0.017613636363636363,0.029081393324451688,0.16477272727272727,0.061471861471861476,59,0.3352272727272727,59868,11.717782914144603,19.810292925068197,155.22851548090134,11.960392800769437,12.86355322586974,11.916565511443933,12.020635048223816,235.51773790642105,0.0,False
238,238000,0.04756110408765276,0.028318584070796463,0.03788065750779452,0.23008849557522124,0.06803975277426605,0.027777777777777776,0.007407407407407408,0.026022864521951787,0.07407407407407407,0.042798353909465014,0.0411641003706872,0.02155688622754491,0.034046401093210645,0.17964071856287425,0.05987786332097709,54,0.32335329341317365,59868,11.829356135792391,21.964526819004405,164.73107324559143,11.665899021295889,12.879802826396002,11.660322864565087,11.677594642878208,246.4085755555234,0.0,False
239,239000,0.035277343398071995,0.022680412371134016,0.03993735758915146,0.18556701030927836,0.08042464408443789,0.05084745762711865,0.013559322033898306,0.02950915974235679,0.11864406779661017,0.031941081517352705,0.041166040446237076,0.019230769230769232,0.035993359685556045,0.16025641025641027,0.06208791208791208,59,0.3782051282051282,59868,11.7010450703392,20.62390231649669,145.20980380747227,11.660902898308345,12.432515804086663,11.662861882130727,11.677546121566241,224.96857790040016,0.0,False
240,240000,0.028408788220001032,0.018115942028985508,0.024928637979806902,0.14492753623188406,0.04517483321831148,0.04797979797979797,0.010606060606060605,0.02897110262920329,0.09090909090909091,0.03173400673400673,0.03474058549522946,0.01568627450980392,0.026236494189905733,0.12745098039215685,0.040826330532212886,66,0.3235294117647059,59868,11.691554298670637,20.54909690953066,148.09388546989376,11.667339389551113,12.77937855288791,11.69018689359258,11.725904329212833,228.19734584333946,575.6406747044057,True
241,241000,0.03212051464760443,0.01842105263157895,0.030761206054394453,0.17543859649122806,0.07095168476747424,0.007575757575757576,0.0015151515151515152,0.009290108981294823,0.015151515151515152,0.015151515151515152,0.023120770387927248,0.012222222222222223,0.02288847046092459,0.11666666666666667,0.05049162257495591,66,0.36666666666666664,59868,11.74645006647712,21.63400966549711,152.3597261710863,11.663364972713808,12.53061868315697,11.675538052299817,11.700367536782164,233.31007514801328,0.0,False
242,242000,0.03758821983985204,0.0211864406779661,0.034459094644533374,0.1694915254237288,0.07334880279795535,0.0182648401826484,0.004109589041095891,0.00838583436882082,0.0410958904109589,0.007191780821917808,0.03020284436877421,0.014659685863874344,0.024493921868999256,0.12041884816753927,0.04806365827308236,73,0.38219895287958117,59868,11.738688055359937,22.1915809501122,149.4443658690281,11.65654081261569,12.557983156705198,11.663912427545275,11.681217372466746,230.93428864383318,0.0,False
243,243000,0.03009320215541414,0.018253968253968255,0.026767207628527426,0.15079365079365079,0.05078105316200554,0.013888888888888888,0.004166666666666667,0.0072646301563240616,0.041666666666666664,0.0076388888888888895,0.025623046771545102,0.014367816091954023,0.021387186256885116,0.1206896551724138,0.03887976646597336,48,0.27586206896551724,59868,11.737490449068023,18.35422889934213,155.05339724426747,11.679306351999873,12.570828113678267,11.691771202845814,11.700605211620307,232.7876274728219,0.0,False
244,244000,0.03931964736652236,0.02666666666666667,0.048229509058606894,0.24166666666666667,0.1220436507936508,0.013440860215053762,0.0032258064516129032,0.007307206448863588,0.03225806451612903,0.008064516129032258,0.030503796798439654,0.01868131868131868,0.034288944433309716,0.17032967032967034,0.08321559392987965,62,0.34065934065934067,59868,11.832879596121447,21.02994071306874,151.85436074753588,11.680289921073284,12.575051141300309,11.675527345017533,11.717612061312721,232.36566152542997,0.0,False
245,245000,0.03637233413698048,0.023846153846153843,0.03446243162963182,0.2153846153846154,0.07309218559218558,0.04666666666666666,0.012,0.03762943500548985,0.12,0.05472222222222222,0.0392318709507822,0.020555555555555556,0.035342154789592385,0.18888888888888888,0.06798941798941799,50,0.2777777777777778,59868,11.710492786573546,19.098369341399856,149.4460608125331,11.6621258948596,12.548044536597747,11.663721438029405,11.69086780712647,227.81968261711972,549.105265634564,True
246,246000,0.020416899272987333,0.017567567567567565,0.025228351871652205,0.12162162162162163,0.04872372372372372,0.0,0.0,0.0,0.0,0.0,0.01386101418533085,0.011926605504587155,0.017127504940387735,0.08256880733944955,0.03307849133537207,35,0.3211009174311927,59868,11.766787256270451,17.60151449237135,151.98600498657345,11.658377170167821,12.173066358325823,11.662639664150598,11.68953369426462,228.5379236221241,0.0,False
247,247000,0.032830065642565645,0.02522522522522523,0.03247061360622571,0.21621621621621623,0.07285499785499785,0.021604938271604937,0.005555555555555557,0.012480452264467076,0.05555555555555555,0.014506172839506172,0.029156387593887594,0.01878787878787879,0.02592837898528652,0.16363636363636364,0.053759018759018756,54,0.32727272727272727,59868,11.70812508140273,19.222905740454156,147.73816603975976,11.660635890531346,12.42963629681515,11.678985242763451,11.703396529241793,226.1418508209684,0.0,False
248,248000,0.022055469082817476,0.022988505747126436,0.027220457711833342,0.19540229885057472,0.05290093048713738,0.023809523809523808,0.0071428571428571435,0.011067944519848017,0.047619047619047616,0.006613756613756614,0.022626556668256748,0.017829457364341085,0.02196149992839626,0.14728682170542637,0.037830687830687826,41,0.3178294573643411,59868,11.701492440063799,18.119870800040182,146.81130215452032,11.690898077357236,12.397065647581918,11.681380191433387,11.690855592813577,224.09286490381044,0.0,False
249,249000,0.048661888354662744,0.029032258064516134,0.044368131073319904,0.2661290322580645,0.09081221198156682,0.023076923076923078,0.006153846153846154,0.019588474284963273,0.06153846153846154,0.034401709401709404,0.039862826222106774,0.021164021164021163,0.03584602688684804,0.19576719576719576,0.07141177458637776,65,0.3439153439153439,59868,11.719933474832466,21.306821628805373,161.3666790631768,11.66635978391839,12.60313146894676,11.67877213754942,11.7011312700116,242.04282882724084,0.0,False
250,250000,0.03400619873364234,0.024,0.0396565989672831,0.19,0.08633333333333333,0.02487562189054726,0.005970149253731343,0.019688527935038995,0.05970149253731343,0.0294953802416489,0.03034303317383773,0.016766467065868266,0.031645456696861814,0.1377245508982036,0.06353008269175933,67,0.40119760479041916,59868,11.696403229163877,21.968029574367943,149.21479768474632,11.685273031386556,12.475680286755386,11.661807665264146,11.692975236801683,230.39496670848592,537.2078766030796,True
251,251000,0.042225781482246996,0.025833333333333333,0.03974753911304165,0.21666666666666667,0.0898015873015873,0.004830917874396135,0.0014492753623188406,0.006801140956851542,0.014492753623188406,0.014492753623188406,0.028573688419063346,0.016931216931216932,0.0277194889925278,0.14285714285714285,0.06230788611740993,69,0.36507936507936506,59868,11.712048245182682,22.02004079952802,162.54911959508178,11.71343296524352,12.762236946170514,11.818416741804505,11.780289453741656,244.35558474675267,0.0,False
252,252000,0.03543611078014748,0.02110091743119266,0.02888318436750278,0.1834862385321101,0.05179117518567059,0.05,0.013333333333333334,0.03115444552632663,0.13333333333333333,0.04238095238095238,0.04060672233749157,0.01834319526627219,0.02968954927596095,0.16568047337278108,0.04845026768103691,60,0.35502958579881655,59868,11.844978790559457,20.84771673362129,150.15456836649233,11.675503699792866,12.514986773834448,11.66311711855994,11.683297762993261,230.38416924585357,0.0,False
253,253000,0.034877003627003626,0.025,0.035305857195907314,0.19318181818181818,0.07443632756132756,0.014124293785310733,0.0033898305084745766,0.006980994064329254,0.03389830508474576,0.007344632768361582,0.026547684710950016,0.016326530612244896,0.023937374714525644,0.1292517006802721,0.047508368426735774,59,0.4013605442176871,59868,11.699119221331156,19.80600788666076,144.73501610355598,11.670160757606961,12.362967552081994,11.681831882354166,11.701366115474121,223.65646951906513,0.0,False
254,254000,0.03277208606492494,0.018803418803418806,0.03167767180978992,0.1623931623931624,0.06446886446886446,0.011695906432748537,0.0035087719298245615,0.013427379596291608,0.03508771929824561,0.02631578947368421,0.025867820323349913,0.013793103448275864,0.025699127808816336,0.1206896551724138,0.0519704433497537,57,0.3275862068965517,59868,11.7049265932756,19.522431524560126,155.46684285247525,11.871238385544046,12.720571308535987,11.741103738652225,11.756742031590605,234.78385643463383,0.0,False
255,255000,0.026794677264848018,0.01926605504587156,0.029960892004827565,0.1834862385321101,0.07883355176933159,0.033950617283950615,0.007407407407407408,0.023367055618317874,0.07407407407407407,0.02839506172839506,0.02916535678037894,0.015337423312883436,0.027776430870646445,0.147239263803681,0.06212386795208882,54,0.3312883435582822,59868,11.925846286148234,19.875442113084784,157.01490552796903,11.690837257855025,12.450755433990324,11.667843234142161,11.709490566780278,236.33512041996985,500.5661917398957,True
256,256000,0.04150336007459591,0.029357798165137616,0.04563708332404726,0.2018348623853211,0.10257026357943788,0.04444444444444444,0.011666666666666667,0.02411680896848423,0.1,0.027453703703703702,0.0425475320402226,0.023076923076923075,0.03799674923331483,0.16568047337278108,0.07590166244012397,60,0.35502958579881655,59868,11.713442252134222,20.631773689508414,147.8465723871586,11.687502584747932,12.555131327390834,11.66246731278131,11.682726051898129,227.77961560561943,0.0,False
257,257000,0.04001688163046255,0.02605042016806723,0.04346938262672078,0.2184873949579832,0.10734960650927038,0.012578616352201257,0.0037735849056603774,0.008251865732560268,0.03773584905660377,0.011530398322851155,0.03156206732960296,0.019186046511627905,0.032617473351194574,0.16279069767441862,0.07782392026578074,53,0.3081395348837209,59868,11.718083255007894,20.17705040438522,157.24859931422196,11.804634471854204,12.603169212505039,11.705348907015134,11.74027156689017,236.9971571318796,0.0,False
258,258000,0.0392717659839749,0.020869565217391306,0.03125566582099022,0.19130434782608696,0.05125603864734299,0.017543859649122806,0.005263157894736843,0.008162012657065492,0.05263157894736842,0.007456140350877194,0.032071238884634375,0.015697674418604653,0.023602536574805863,0.14534883720930233,0.036740956072351415,57,0.3313953488372093,59868,11.730872600659858,20.596820544602213,151.59407947222536,11.70624764157413,12.484216342964483,11.671422836465052,11.69173401369128,231.47539345218235,0.0,False
259,259000,0.0385365636725004,0.02184873949579832,0.0373644756733939,0.21008403361344538,0.08713485394157662,0.01937984496124031,0.004651162790697674,0.010767438102100341,0.046511627906976744,0.011074197120708748,0.03345175561951161,0.01728395061728395,0.030304768169902404,0.16666666666666666,0.06694591416813639,43,0.2654320987654321,59868,11.733342616448983,17.719976376770475,146.80844081320365,11.662007027637976,12.411272651655093,11.658860838995032,11.672251548161539,223.66615187287272,0.0,False
260,260000,0.02828499019841954,0.024175824175824177,0.03444747748299867,0.2087912087912088,0.075715157858015,0.02702702702702703,0.008108108108108109,0.018571554486076457,0.08108108108108109,0.02638352638352638,0.02792136021918889,0.01953125,0.029858343491700842,0.171875,0.06145523313492063,37,0.2890625,59868,11.68278268910694,16.665014870881343,146.97303728830602,11.685838288991167,12.35799596555065,11.676607720903508,11.774922600973902,222.81619942471355,523.4391263263111,True
261,261000,0.03829569455624901,0.026363636363636367,0.035441875855154605,0.22727272727272727,0.06956709956709957,0.0,0.0,0.0,0.0,0.0,0.02700337436658585,0.018589743589743593,0.02499106630812184,0.16025641025641027,0.04905372405372405,45,0.28846153846153844,59868,11.817392414598116,18.5521233619923,159.7056988764528,11.730782820448816,12.623446291312735,11.721608193876465,11.722373641470663,237.8734256001519,0.0,False
262,262000,0.04921684921684922,0.027927927927927927,0.043470516223842626,0.22522522522522523,0.08306878306878306,0.05277777777777778,0.013333333333333334,0.03441025572594245,0.11666666666666667,0.04282407407407408,0.05046629783471889,0.02280701754385965,0.040291477452649584,0.1871345029239766,0.06894783254432377,60,0.3508771929824561,59868,11.708209235586352,21.004526393239576,148.28850387335612,11.668604063014287,12.509467671381614,11.663688099738945,11.690217836826665,228.53321717314358,0.0,False
263,263000,0.04054575231955734,0.026119402985074626,0.0367253437308455,0.22388059701492538,0.07093402037431888,0.01282051282051282,0.002564102564102564,0.007860861445711005,0.02564102564102564,0.008547008547008546,0.034295553819772735,0.020809248554913295,0.030218321712809405,0.1791907514450867,0.05686989632076337,39,0.2254335260115607,59868,11.75720955205739,17.49747012902425,159.57025612502173,11.663624269284135,12.523266488415064,11.689571718889734,11.690618796425522,236.39201707911784,0.0,False
264,264000,0.04275835320123001,0.027710843373493978,0.04562972343644147,0.24096385542168675,0.10486708739720788,0.01515151515151515,0.004545454545454546,0.015998138387139423,0.045454545454545456,0.0303030303030303,0.033193779388730374,0.01968503937007874,0.03536366247447855,0.1732283464566929,0.07903387076615424,44,0.3464566929133858,59868,11.710344799686911,18.65337710689474,149.75339792187847,11.660002389599079,12.309532626889052,11.68296658782264,11.719467960191743,227.48908939296263,0.0,False
265,265000,0.03429948394466431,0.02359550561797753,0.03182556053880784,0.1797752808988764,0.05661672908863919,0.008928571428571428,0.0035714285714285718,0.005393557793850187,0.03571428571428571,0.0071428571428571435,0.028227812573291655,0.018803418803418806,0.02549995304428806,0.1452991452991453,0.04477682811016145,28,0.23931623931623933,59868,11.708744641458768,15.843218328426278,150.66560271606576,11.66032662301697,12.319077991262972,11.661673709001397,11.676692630815943,225.53533664004811,558.1501226901014,True
266,266000,0.040869313782960576,0.03207547169811321,0.04944479089868656,0.29245283018867924,0.11670035938903864,0.02011494252873563,0.005172413793103449,0.00980233310453636,0.05172413793103448,0.008928571428571428,0.03352935321744201,0.0225609756097561,0.03542489728856026,0.2073170731707317,0.07858594657375145,58,0.35365853658536583,59868,11.836969240439089,20.24443606170323,151.7321365546026,11.667995245670525,12.428299351649464,11.663493076297105,11.691842195502012,231.26517172586398,0.0,False
267,267000,0.03968669638997032,0.02204724409448819,0.03408809892777763,0.1889763779527559,0.0679352580927384,0.005208333333333333,0.0015625,0.004626279858841644,0.015625,0.0078125,0.028133737041149555,0.015183246073298429,0.024216075784259813,0.13089005235602094,0.047789412449098304,64,0.33507853403141363,59868,11.722709127637287,20.876295521055077,148.56367402706073,11.66431084263786,12.604655318396162,11.657943403672878,11.690280495524341,228.77986873598434,0.0,False
268,268000,0.030402321241137027,0.019166666666666665,0.02658045044611031,0.16666666666666666,0.0517228835978836,0.03494623655913978,0.00967741935483871,0.019667358989705702,0.08064516129032258,0.020698924731182795,0.03195024843737973,0.015934065934065936,0.024225441268653797,0.13736263736263737,0.04115428222571079,62,0.34065934065934067,59868,11.706149947943167,22.156776171594615,153.97747159719145,11.797146269629245,12.764298143980168,11.832116714197149,11.87615063107106,236.11010947560686,0.0,False
269,269000,0.05097947126249013,0.03018867924528302,0.05283488156684187,0.20754716981132076,0.09559374064091047,0.0303030303030303,0.00909090909090909,0.024559099569040885,0.07272727272727272,0.038636363636363635,0.04391609081050075,0.02298136645962733,0.04317545293405271,0.16149068322981366,0.07613625160209012,55,0.3416149068322981,59868,11.843547113615793,20.142494781022478,154.4850647191842,11.685630376179201,12.439327317564919,11.677784108612975,11.683861182193445,233.95770959837304,0.0,False
270,270000,0.03620955288661731,0.025862068965517244,0.02964550253679539,0.22413793103448276,0.05648604269293924,0.046296296296296294,0.011111111111111112,0.036929242527978086,0.1111111111111111,0.058333333333333334,0.03859851843101497,0.022368421052631583,0.031370598850496555,0.19736842105263158,0.056923558897243105,36,0.23684210526315788,59868,11.719653725539292,17.140029501941378,150.60926706672583,11.701515291354102,12.596324810168479,11.71451400965029,11.751912735405433,227.2332171407848,540.6662549466284,True
271,271000,0.040482463604943446,0.027083333333333334,0.04105431245297436,0.21875,0.08577628968253968,0.011904761904761904,0.0035714285714285718,0.007809801496887397,0.03571428571428571,0.010912698412698414,0.0299538366627713,0.01842105263157895,0.028806334732310746,0.1513157894736842,0.05819496658312449,56,0.3684210526315789,59868,11.75091350413826,25.003475386517483,170.0282346301929,11.684504360898185,12.431305619578502,11.682314226948986,11.719146140135027,254.29989386840936,0.0,False
272,272000,0.046862833183587894,0.02547169811320755,0.041721326411586414,0.2358490566037736,0.07772162324049117,0.0303030303030303,0.007272727272727273,0.01551055790242776,0.07272727272727272,0.015454545454545452,0.04120575766538499,0.019254658385093167,0.03276733716932725,0.18012422360248448,0.05645026126392585,54,0.33540372670807456,59868,11.860621320566867,19.374802499985687,149.3065939115884,11.661247914171447,12.48422397290283,11.66252345509433,11.676427177254034,228.0264402515636,0.0,False
273,273000,0.027538548413215833,0.01650485436893204,0.021328958168987368,0.1553398058252427,0.038334103868084446,0.026666666666666665,0.006000000000000001,0.017334472598423706,0.04,0.016666666666666666,0.027253619737872964,0.013071895424836602,0.020023570727626692,0.11764705882352941,0.031253242037555765,50,0.32679738562091504,59868,11.688167110168735,19.172262700900554,149.83822332353958,11.657513505805571,12.372009803904295,11.664729834257038,11.696667439622942,228.08957371819872,0.0,False
274,274000,0.0625036614547681,0.032231404958677684,0.0568337603777535,0.2727272727272727,0.11068804932441295,0.027777777777777776,0.006666666666666667,0.01767240278152264,0.06666666666666667,0.025066137566137566,0.05099231879941219,0.02375690607734807,0.0438520948762405,0.20441988950276244,0.08230509515039902,60,0.3314917127071823,59868,11.728761256518672,20.64845336292864,162.92794972269652,11.69318990397461,12.603146427730971,11.75088687603576,12.008670180571613,243.36105773045676,0.0,False
275,275000,0.033717101611838454,0.02153846153846154,0.033094111412176934,0.18461538461538463,0.06745421245421246,0.03825136612021857,0.009836065573770491,0.02200510676579375,0.09836065573770492,0.02504553734061931,0.03516521750194938,0.01780104712041885,0.02955259683924828,0.15706806282722513,0.0539100806116513,61,0.3193717277486911,59868,11.811088106605805,21.357031779065117,157.4038485389617,11.664832700319927,12.67905730539809,11.66531117846592,11.737508849432587,238.31867845824917,629.5537384429228,True
276,276000,0.034041465589084635,0.019841269841269844,0.03065929002766032,0.19047619047619047,0.07030108339632149,0.014084507042253521,0.004225352112676057,0.006960360027332124,0.04225352112676056,0.006941649899396379,0.026848856163576976,0.014213197969543146,0.02211805129657757,0.13705583756345177,0.047465957618241884,71,0.3604060913705584,59868,11.789359191993753,26.721500611046057,167.82253828866166,11.708699617363205,13.113480033993818,11.670810484407102,11.76634847209479,254.5927366995604,0.0,False
277,277000,0.04115761659339641,0.028440366972477066,0.033939611435664895,0.2018348623853211,0.055322557157419544,0.018518518518518517,0.003703703703703704,0.012841229696616127,0.037037037037037035,0.015432098765432098,0.03365754729251662,0.020245398773006136,0.02694996349757512,0.147239263803681,0.04210731327295744,54,0.3312883435582822,59868,11.76305262247379,23.564888915153514,166.00773787030232,11.693756720651539,12.541437848054283,11.75128489284971,11.732656074417424,249.0548149439026,0.0,False
278,278000,0.03504454833549793,0.025454545454545462,0.036071148382191096,0.21818181818181817,0.08571789321789322,0.03666666666666666,0.01,0.02105497641415794,0.1,0.023333333333333334,0.03555146031398816,0.020624999999999998,0.031378594642180735,0.18125,0.06622271825396826,50,0.3125,59868,11.864394182284354,19.960486060205398,161.22416250122228,11.674788613469378,12.505832798825889,11.666163795526208,11.707409468500462,240.60323742003396,0.0,False
279,279000,0.05499102453700375,0.03008849557522124,0.04367201437129416,0.23008849557522124,0.07531605562579015,0.024193548387096774,0.004838709677419356,0.018356906870425026,0.04838709677419355,0.024193548387096774,0.04407991870103671,0.021142857142857144,0.034703233428129095,0.1657142857142857,0.057204081632653066,62,0.35428571428571426,59868,11.744522569537285,21.228262062092384,169.7734776229115,11.662495227118818,12.702153535826266,11.68004644516718,11.740814154129197,250.53177161678266,0.0,False
280,280000,0.039732614038169585,0.02962962962962963,0.04093172957956747,0.23148148148148148,0.08842225161669605,0.03439153439153439,0.009523809523809523,0.0187436220603877,0.07936507936507936,0.018140589569160998,0.03776484785256715,0.022222222222222223,0.03275716365144861,0.17543859649122806,0.06252900770444629,63,0.3684210526315789,59868,11.721997334498969,26.8199012844611,168.7587812927993,11.685034977032549,12.777604959768318,11.698620080838328,11.76091938823176,255.22285931763037,605.054150504894,True
281,281000,0.03564591272044156,0.024271844660194174,0.035876958837529546,0.1941747572815534,0.07498073663122208,0.017857142857142856,0.005357142857142858,0.014008573865569487,0.03571428571428571,0.020089285714285716,0.02938068559877661,0.01761006289308176,0.028174886143002734,0.13836477987421383,0.05564789857242688,56,0.3522012578616352,59868,11.818037461613917,21.417141373436532,170.62434593453912,11.818702721405616,12.595952099556108,11.668835035297253,11.739481210013004,251.68249583586157,0.0,False
282,282000,0.031247585928958474,0.024074074074074078,0.029752793681878293,0.21296296296296297,0.061118459729570834,0.014367816091954021,0.003448275862068966,0.006786619909946236,0.034482758620689655,0.005911330049261084,0.025349835022053305,0.016867469879518072,0.021728467906143,0.15060240963855423,0.04182922164849876,58,0.3493975903614458,59868,11.746263086392927,20.865534965580636,150.78641969937246,11.667847384044805,12.515900693149673,11.672607920190647,11.703255152539782,230.95782890127091,0.0,False
283,283000,0.027173228079110434,0.016800000000000002,0.02966138431583388,0.16,0.07307619047619048,0.0,0.0,0.0,0.0,0.0,0.018662931373015407,0.011538461538461539,0.020371829887248543,0.10989010989010989,0.050189691261119836,57,0.3131868131868132,59868,11.737262158306727,19.900275467679695,150.84675037502217,11.672469749035574,12.561805972838291,11.671249740274892,11.746136312523747,230.13594977568113,0.0,False
284,284000,0.038854348580249005,0.029166666666666664,0.0460976812848743,0.21875,0.11145833333333333,0.01736111111111111,0.004166666666666667,0.016984469568041793,0.041666666666666664,0.026041666666666668,0.03168993609053637,0.020833333333333336,0.03639327737926347,0.1597222222222222,0.08298611111111111,48,0.3333333333333333,59868,11.745778570479427,18.857834668775663,165.09487261513743,12.022714968362713,12.409958062939431,11.706517191470422,11.759207930187031,243.59688400735212,0.0,False
285,285000,0.027533389495314576,0.017241379310344827,0.027987575234711962,0.1724137931034483,0.06868842364532018,0.01515151515151515,0.0036363636363636364,0.00804046490573049,0.03636363636363636,0.00787878787878788,0.02355091529116856,0.012865497076023392,0.021571837994396284,0.1286549707602339,0.04912976886661097,55,0.3216374269005848,59868,11.704765398773409,20.03821315182952,162.2438257432579,11.681156893775245,12.515912668903395,11.668330919242798,11.705179518040065,241.5573842938223,565.4718278666899,True
286,286000,0.057112549813642166,0.029245283018867925,0.05092802596432083,0.2358490566037736,0.09901168014375561,0.03819444444444444,0.008333333333333333,0.016298536810048492,0.08333333333333333,0.013078703703703703,0.051215997490775336,0.02272727272727273,0.04013441895519699,0.18831168831168832,0.07222737579880437,48,0.3116883116883117,59868,11.792808816871169,22.606071155922834,159.9566582378975,11.66197531675406,12.449572088402139,11.67634074882018,11.725905498735646,241.86933186340354,0.0,False
287,287000,0.02305109798730611,0.016,0.018704471475471142,0.14,0.031785714285714285,0.030864197530864196,0.007407407407407408,0.02036231134511753,0.07407407407407407,0.02962962962962963,0.02579075626881349,0.012987012987012988,0.01928579194924325,0.11688311688311688,0.03102968460111317,54,0.35064935064935066,59868,11.703230792900477,19.7566080833711,159.82804923818372,11.669193052565863,12.401878664414223,11.67478999007654,11.69218966191876,238.7259394834307,0.0,False
288,288000,0.033970882436871214,0.020161290322580648,0.033136151608450966,0.1693548387096774,0.0784690220174091,0.05333333333333333,0.012000000000000002,0.03517950155547096,0.1,0.03966666666666667,0.03953480510826837,0.01781609195402299,0.03372332113345671,0.14942528735632185,0.0673189199051268,50,0.28735632183908044,59868,11.71636543917387,19.66501847255886,152.46801113273645,11.671688012665493,12.509393585449779,11.658672486439258,11.673424547609113,231.36257367663282,0.0,False
289,289000,0.05931538198558234,0.031132075471698113,0.047965046148205064,0.25471698113207547,0.07926774483378256,0.03231292517006803,0.01020408163265306,0.03103431264116744,0.08163265306122448,0.04965986394557824,0.05077912144390361,0.024516129032258065,0.04261274974920608,0.2,0.06990783410138249,49,0.3161290322580645,59868,11.690647015852317,19.080921603312206,153.40734774435538,11.651380381366705,12.389476406346468,11.6550454073161,11.676915551428468,231.55173410997762,0.0,False
290,290000,0.027935749831309042,0.01875,0.02719785118468673,0.15625,0.05739707341269841,0.027777777777777776,0.006250000000000001,0.01217760262781427,0.0625,0.009953703703703702,0.027892666543982335,0.015340909090909093,0.02310141976008515,0.13068181818181818,0.04445797258297258,48,0.2727272727272727,59868,11.703244363753251,19.242929726048796,174.41881758410716,11.777322019332349,13.711327166113229,11.811341339998393,11.791039914638146,254.4560221139913,525.8779378181921,True
291,291000,0.0397365512230377,0.026126126126126126,0.039733813930209284,0.2072072072072072,0.08274345774345773,0.0189873417721519,0.005063291139240506,0.012145065883428582,0.05063291139240506,0.014888487040385772,0.03110924834609045,0.017368421052631578,0.028262702900232046,0.14210526315789473,0.05453007518796992,78,0.4105263157894737,59868,11.704607383172805,23.237988778818107,150.30663462692328,11.789032497905305,12.863139253083133,11.813284890471731,11.814401158147248,233.52908858852157,0.0,False
292,292000,0.036233553527798196,0.020754716981132078,0.03622172937677028,0.18867924528301888,0.07989667565139262,0.007936507936507936,0.002380952380952381,0.003229808891248757,0.023809523809523808,0.002380952380952381,0.028203310859999605,0.01554054054054054,0.026859157347095253,0.14189189189189189,0.057898970398970406,42,0.28378378378378377,59868,11.90397739886384,18.210004552793315,168.99267214381953,11.919960942824437,12.416417642546751,11.6808253907974,11.752099461331822,246.8759575329771,0.0,False
293,293000,0.04363618058019259,0.028260869565217398,0.04709665558124913,0.21739130434782608,0.09519064872325743,0.014184397163120567,0.00425531914893617,0.009449422690399953,0.0425531914893617,0.013297872340425532,0.0336776638852114,0.020143884892086333,0.03436701568290445,0.15827338129496402,0.067500285485897,47,0.3381294964028777,59868,11.731195537156847,22.21327632667691,168.04601071944424,11.706188719901034,12.477350618461669,11.690466494296281,11.940468214552414,249.8049566304894,0.0,False
294,294000,0.03760789257512403,0.020833333333333332,0.029560199300553862,0.2,0.052255291005291006,0.014492753623188404,0.004347826086956522,0.006471591627552488,0.043478260869565216,0.005521048999309869,0.03120249262458765,0.016265060240963858,0.023162151391167937,0.1566265060240964,0.039304838401223945,46,0.27710843373493976,59868,11.78318285866009,19.030706494727045,152.72014030101587,11.680086748136475,12.72812114498645,11.672411235466583,11.6788158154163,231.29346459840886,0.0,False
295,295000,0.0441004704005653,0.029807692307692306,0.041648076712918196,0.2692307692307692,0.09168956043956043,0.012195121951219513,0.0024390243902439024,0.014954809579645326,0.024390243902439025,0.024390243902439025,0.035078958080405453,0.02206896551724138,0.03410032531661346,0.2,0.07266009852216748,41,0.2827586206896552,59868,11.68914839559665,17.944896699845224,170.7699652656325,11.675525542265142,12.53280918765698,11.673386789451401,11.748565794417187,248.03429767486506,523.1044105543925,True
296,296000,0.030167042921362876,0.02403846153846154,0.03169051900005011,0.20192307692307693,0.07127213064713064,0.038461538461538464,0.009230769230769232,0.02084306086807772,0.09230769230769231,0.022326007326007324,0.0333572335137381,0.01834319526627219,0.02751841971852227,0.15976331360946747,0.05244669860054476,64,0.378698224852071,59868,11.70688516519136,21.33952867268418,155.79585716810064,11.659289845297739,12.55784831408202,11.66382044748282,11.705855847490842,236.4290854603296,0.0,False
297,297000,0.0451350774678333,0.028448275862068967,0.03773990907865253,0.25,0.07062123700054734,0.010582010582010581,0.0031746031746031746,0.007353053427493135,0.031746031746031744,0.010582010582010581,0.03297394219516944,0.019553072625698324,0.027045093961205365,0.17318435754189945,0.04949011261860424,63,0.35195530726256985,59868,11.747237335116289,22.839882133640632,165.82586343372174,11.738733888752574,12.853433439527496,11.733096199312287,11.76703614004515,248.50528257011615,0.0,False
298,298000,0.04100997686524002,0.02280701754385965,0.03593667562752619,0.21929824561403508,0.07263297131718185,0.0196078431372549,0.005882352941176471,0.009114777839874839,0.058823529411764705,0.008247743541861188,0.0343947718947719,0.017575757575757578,0.027646270856797585,0.1696969696969697,0.052732082732082734,51,0.3090909090909091,59868,11.79749428298349,19.274485998838074,155.0638770568269,11.656337024282259,12.468600172066413,11.662927786232347,11.721553896518188,233.64527621774766,0.0,False
299,299000,0.044847876111293886,0.022627737226277374,0.036853636773931324,0.2116788321167883,0.06990789016336461,0.030054644808743165,0.00819672131147541,0.026241937880573333,0.08196721311475409,0.04193989071038252,0.04029036545747775,0.018181818181818184,0.03358437600375538,0.1717171717171717,0.06129148629148629,61,0.30808080808080807,59868,11.710463044004026,20.608425021120812,151.05899703130032,11.660933029580821,12.592367885241874,11.658519901161512,11.675309146086388,230.96501505849577,0.0,False
300,300000,0.016724867724867726,0.011000000000000001,0.019929357850366314,0.1,0.05109523809523809,0.021739130434782608,0.006521739130434784,0.021739130434782605,0.06521739130434782,0.03985507246376811,0.018304703921142276,0.009589041095890411,0.020499560171483775,0.08904109589041095,0.047553816046966735,46,0.3150684931506849,59868,11.688648104621336,17.984030663636965,155.3553018282805,11.772108742910682,12.652627208592504,11.786391520857142,11.777232514720293,233.01634058361938,550.9090574998543,True
301,301000,0.039105983005044406,0.02371134020618557,0.03524199744011938,0.21649484536082475,0.07088856161021109,0.0,0.0,0.0,0.0,0.0,0.025804628241423856,0.015646258503401362,0.023254923480895102,0.14285714285714285,0.04677680596047943,50,0.3401360544217687,59868,11.728653894843566,19.48844979907105,159.5011013448,11.675170381683643,12.413970562050181,11.672475855165064,11.715145609089706,238.19496744670323,0.0,False
302,302000,0.054511673110607395,0.04044943820224719,0.059343506307660256,0.2808988764044944,0.12535223827358657,0.011904761904761904,0.0035714285714285718,0.008379977250406364,0.03571428571428571,0.011904761904761904,0.044315147351943515,0.03162393162393162,0.04714710619139436,0.2222222222222222,0.09820241486908153,28,0.23931623931623933,59868,11.717937762875664,16.399952965984177,164.98465293475485,11.684659464800129,12.353933446299092,11.686909570748917,11.746506654711219,240.57455280017405,0.0,False
303,303000,0.027101859129743097,0.022429906542056077,0.02977362804113036,0.19626168224299065,0.0636552440290758,0.012345679012345678,0.003703703703703704,0.008379780610619458,0.037037037037037035,0.011904761904761904,0.022152581326392407,0.016149068322981366,0.022598051884313037,0.14285714285714285,0.04629793946564133,54,0.33540372670807456,59868,11.810237974793637,23.704658843270998,169.6781731389957,11.667591654593302,12.48591145348865,11.688858400582536,11.713155379386443,252.7485868451113,0.0,False
304,304000,0.038162006709945566,0.02125984251968504,0.03460515417936131,0.1889763779527559,0.06829146356705411,0.03399122807017543,0.009210526315789475,0.02258453346636588,0.07894736842105263,0.02719298245614035,0.03660053293347991,0.016748768472906406,0.03010482327203297,0.1477832512315271,0.052904840096958325,76,0.37438423645320196,59868,11.70910055012242,22.491421691361868,151.56700612675712,11.692258074971761,12.7244256819814,11.669911614886619,11.70065685783539,233.55478059791656,0.0,False
305,305000,0.03387975296988025,0.028703703703703703,0.03581757126996777,0.2222222222222222,0.07904541446208112,0.014814814814814814,0.0044444444444444444,0.009718864085015426,0.044444444444444446,0.013580246913580249,0.02827241821839041,0.021568627450980395,0.028141480921452373,0.16993464052287582,0.0597909534184044,45,0.29411764705882354,59868,11.730774547982769,18.482088417468013,150.35764772074188,11.657132904782653,12.402739307318388,11.657347546156771,11.701521569429385,227.9892520138799,538.9352150605847,True
306,306000,0.053900815829170584,0.035164835164835165,0.04876411169411667,0.2967032967032967,0.09693005407291122,0.028735632183908042,0.008620689655172414,0.01358038681432411,0.06896551724137931,0.010153256704980844,0.04410497253101469,0.024832214765100672,0.035068433552989366,0.2080536912751678,0.0631511665068712,57,0.3825503355704698,59868,11.70351589697971,20.011807096084745,155.23686821550254,11.657421056562868,12.357442408433839,11.6625270869114,11.685327821656099,234.3149095821312,0.0,False
307,307000,0.025208436354007203,0.024675324675324677,0.029406540646157005,0.22077922077922077,0.06285301999587714,0.04710144927536231,0.013043478260869568,0.03262860199405909,0.10869565217391304,0.043297101449275364,0.03339606720264408,0.020325203252032523,0.03061153919903095,0.17886178861788618,0.055539424441863466,46,0.37398373983739835,59868,11.693304548185402,18.526709965854813,154.81700574761226,11.778615442895045,12.44184166447615,11.73095376479083,11.800499155695254,232.78893028950975,0.0,False
308,308000,0.03675079056011335,0.025,0.03516771565194494,0.18181818181818182,0.06939484126984127,0.0,0.0,0.0,0.0,0.0,0.023779923303602752,0.016176470588235296,0.02275558071596437,0.11764705882352941,0.04490254435107376,48,0.35294117647058826,59868,11.817038606171115,18.741460285034982,169.19742452566055,11.698475510898977,12.357101061413744,11.687498768495065,11.70450908950793,247.20350784718238,0.0,False
309,309000,0.037269652023750384,0.020491803278688523,0.03377049970373881,0.1557377049180328,0.061120869112672394,0.025423728813559324,0.006779661016949153,0.022944573994120514,0.06779661016949153,0.03728813559322034,0.03340827373976545,0.016022099447513816,0.03024160679286876,0.1270718232044199,0.05335218802069631,59,0.3259668508287293,59868,11.738242568962164,20.81503456201339,151.74096421122218,11.67287831729813,12.51559004028513,11.680743814843076,11.702055939408208,231.8655094540323,0.0,False
310,310000,0.04487298803297381,0.024193548387096777,0.03813550712833235,0.22580645161290322,0.07527201740911417,0.010869565217391304,0.002898550724637681,0.010901498148930927,0.028985507246376812,0.016908212560386476,0.0327163239175583,0.016580310880829015,0.028398996146059303,0.15544041450777202,0.0544062011678592,69,0.35751295336787564,59868,11.744428232748906,21.556809077880047,157.92663314416478,11.676924461356819,12.646027808746464,11.664164496355545,11.710588124741461,238.925575345994,648.5423853336281,True
311,311000,0.03407637776318866,0.019090909090909092,0.03186185910616807,0.19090909090909092,0.06906565656565655,0.008333333333333333,0.0025,0.004628641705547825,0.025,0.005416666666666667,0.023237201161144312,0.012105263157894739,0.020395241253275336,0.12105263157894737,0.04226608187134503,80,0.42105263157894735,59868,11.717504412256385,23.70412384876397,155.18764125341255,11.670892810011768,12.647745626842566,11.66196713489609,11.70068365852206,238.2905587447054,0.0,False
312,312000,0.01986173855642882,0.01592920353982301,0.022560562201015082,0.1504424778761062,0.055847029077117576,0.04292929292929293,0.010606060606060607,0.025471031540179347,0.09090909090909091,0.02601010101010101,0.028367093800054692,0.013966480446927373,0.023633696147299117,0.12849162011173185,0.04484570364458632,65,0.36312849162011174,59868,11.709368969659018,20.633805136935358,152.8385179176417,11.661821653768945,12.58466732070862,11.662705227802327,11.710328812988834,232.80121503950483,0.0,False
313,313000,0.032076074437462555,0.023853211009174317,0.030082738580259453,0.1651376146788991,0.056924421144604644,0.038288288288288286,0.00945945945945946,0.029049740861039838,0.0945945945945946,0.045270270270270266,0.034588117196812845,0.0180327868852459,0.029665023655547695,0.1366120218579235,0.05221181368722352,73,0.3989071038251366,59868,11.719396757953193,25.747511941773272,164.68825855309177,11.77801518671695,12.740687802603734,11.748868470981556,11.882653285208434,250.3053919983289,0.0,False
314,314000,0.037817729911747006,0.022222222222222223,0.034910492570834686,0.20512820512820512,0.07776081942748608,0.04032258064516129,0.011290322580645162,0.03318107927563389,0.11290322580645161,0.05542114695340501,0.03868533184175642,0.018435754189944132,0.03431147790992714,0.17318435754189945,0.07002305577724571,62,0.3463687150837989,59868,11.816621694124564,21.684246729422597,152.7958751487285,11.659530606694668,12.585484151172999,11.657424063213352,11.675461616303394,233.87464400966007,0.0,False
315,315000,0.02622297804815672,0.015887850467289723,0.022757693235569726,0.14953271028037382,0.045223260643821386,0.039473684210526314,0.007894736842105265,0.01670352139405025,0.05263157894736842,0.009868421052631578,0.029695576904501853,0.013793103448275862,0.021171082683999105,0.12413793103448276,0.035957854406130266,38,0.2620689655172414,59868,11.746183034649915,17.36204435527633,155.1553318272364,11.659262359603462,12.345361109694641,11.66323505075173,11.694762821617966,231.62618055883044,561.2282537531682,True
316,316000,0.026475318963323766,0.018032786885245903,0.02263690362679208,0.12295081967213115,0.035860655737704916,0.0235042735042735,0.00641025641025641,0.012027946648844445,0.05128205128205128,0.009844322344322344,0.025316611234294163,0.013500000000000002,0.0184994104053925,0.095,0.02571428571428571,78,0.39,59868,11.797458798534777,23.92250725073708,158.05226244204607,11.702288150672313,13.03407618090391,11.720422850095002,11.700977614770292,241.92999328775946,0.0,False
317,317000,0.05087551839299669,0.03076923076923077,0.05254686070886568,0.2692307692307692,0.11091651404151405,0.035256410256410256,0.007692307692307693,0.023117448971164377,0.07692307692307693,0.02724358974358974,0.04566914901413455,0.023076923076923078,0.04273705679629858,0.20512820512820512,0.08302553927553927,52,0.3333333333333333,59868,11.766108230101825,19.905911609108262,161.05811871289234,11.686140751643315,12.475942268164175,11.66337714977872,11.69558451574737,240.251183237436,0.0,False
318,318000,0.029528055278055278,0.018461538461538463,0.03156276807243755,0.11538461538461539,0.06362026862026862,0.0228310502283105,0.005479452054794521,0.015905991474026136,0.0547945205479452,0.0204337899543379,0.027119772673959864,0.013793103448275862,0.025932498655274822,0.09359605911330049,0.04809015560247087,73,0.35960591133004927,59868,11.745589237277532,21.831966001806258,154.4635383075449,11.683680790020023,12.660481264636925,11.701313346476617,11.705460635683117,235.79202958344538,0.0,False
319,319000,0.02660938734468146,0.01769230769230769,0.028851961041673296,0.14615384615384616,0.07107448107448108,0.0136986301369863,0.004109589041095891,0.0059362354561624964,0.0410958904109589,0.004848880191345944,0.02196660273304724,0.012807881773399015,0.02061133065870636,0.10837438423645321,0.04725936351552115,72,0.35467980295566504,59868,11.771096687929195,22.120129135175247,168.45591162484297,11.768417691779277,12.765287231333854,11.695059148872367,11.705959598415362,250.28186111834822,0.0,False
320,320000,0.03349080609687484,0.02653061224489796,0.03317951106594345,0.1836734693877551,0.0601878846776806,0.016025641025641024,0.0038461538461538464,0.01274432941615437,0.038461538461538464,0.021634615384615384,0.027436215538847116,0.018666666666666665,0.026095314760683233,0.13333333333333333,0.04682275132275133,52,0.3466666666666667,59868,11.775104012443084,19.39443992200751,159.0175528909943,11.676192566922872,12.425987061012723,11.676363439322435,11.710181336402336,237.67582122910528,537.4704693885957,True
321,321000,0.041220893085632794,0.02521008403361345,0.03470112568622484,0.23529411764705882,0.07070161397892491,0.01818181818181818,0.0036363636363636364,0.011004731710049197,0.03636363636363636,0.012121212121212121,0.033938426880404035,0.01839080459770115,0.027210886210996904,0.1724137931034483,0.052184820288268555,55,0.3160919540229885,59868,11.828306955743994,20.674322634334217,173.6142196696322,11.691455136950136,12.542194247677774,11.667341539067788,11.682399182783021,253.70023936618915,0.0,False
322,322000,0.04605774407227956,0.02772277227722772,0.04495113548334559,0.2376237623762376,0.10761040389753261,0.0070921985815602835,0.002127659574468085,0.003862591330581972,0.02127659574468085,0.00425531914893617,0.03368355057184844,0.019594594594594596,0.031902746461859845,0.16891891891891891,0.07478818103818104,47,0.31756756756756754,59868,11.690643168277282,18.962991054111143,152.23831393958164,11.66293339084634,12.410709262111741,11.66285951925694,11.70565158621628,230.3341019204014,0.0,False
323,323000,0.037336101884085676,0.02203389830508475,0.036620552662329296,0.1864406779661017,0.07828221684153885,0.03773584905660377,0.011320754716981133,0.01889674584277432,0.11320754716981132,0.019287211740041926,0.037460000130538657,0.01871345029239766,0.03112720902819822,0.16374269005847952,0.05999721526037315,53,0.30994152046783624,59868,11.744706068628208,18.839108688190052,156.29208886205893,11.665857739540098,12.575114957599776,11.670984646966476,11.69965087212399,234.4875118351075,0.0,False
324,324000,0.031123400288160016,0.021929824561403508,0.02947966582323642,0.17543859649122806,0.057254246727930946,0.026515151515151512,0.00681818181818182,0.0179788068235372,0.06818181818181818,0.022727272727272728,0.02984009050327157,0.01772151898734177,0.026276894962560686,0.14556962025316456,0.04763914004420333,44,0.27848101265822783,59868,11.706111380974104,18.291313448728918,160.78041168139657,11.683317060473541,12.42100410633884,11.67367919281681,11.717676981257142,238.27351385198594,0.0,False
325,325000,0.020919218396282618,0.014678899082568808,0.020917138053617248,0.11926605504587157,0.04620285423037716,0.03455284552845528,0.00853658536585366,0.018166893561204163,0.08536585365853659,0.018795973674022453,0.026772398631037374,0.012041884816753928,0.01973640481603676,0.10471204188481675,0.03443654948890551,82,0.4293193717277487,59868,11.72164069228321,23.616150438998673,165.23689246154828,11.691337072142204,12.636243013050553,11.689981145868167,11.779119564653273,248.37136438854435,532.2989957667335,True
326,326000,0.03419291356791357,0.018333333333333333,0.033571724535624556,0.16666666666666666,0.06590939153439153,0.028225806451612902,0.008064516129032258,0.015274734640367367,0.06451612903225806,0.013440860215053762,0.032160162792030926,0.014835164835164836,0.02733868402185563,0.13186813186813187,0.04803549624978196,61,0.33516483516483514,59868,11.705469379785782,21.847546075648427,161.16637127021326,11.676157397749742,12.585760167493909,11.707605461513948,11.732519968332689,242.42142972073773,0.0,False
327,327000,0.024596807663958296,0.01711711711711712,0.025466252182652374,0.13513513513513514,0.05782925782925783,0.021739130434782608,0.004347826086956522,0.01261476545330027,0.043478260869565216,0.01358695652173913,0.02375952643757561,0.01337579617834395,0.02170084842755558,0.10828025477707007,0.04486654534425235,46,0.2929936305732484,59868,11.715280938198735,19.086728867814816,165.70901401394278,11.667920253116693,12.432117122249121,11.67170739052592,11.710277230819743,243.9930458166678,0.0,False
328,328000,0.03623934641718828,0.024000000000000004,0.03512368111317682,0.216,0.07951746031746032,0.024691358024691357,0.005555555555555557,0.011670103923879847,0.05555555555555555,0.010390946502057614,0.03275559572894898,0.018435754189944132,0.02804830028512075,0.16759776536312848,0.058663651680411454,54,0.3016759776536313,59868,11.743439545769396,19.16956285717697,154.33287146485176,11.657174016840855,12.638903825273884,11.661023214926125,11.688581222371596,232.8915561472106,0.0,False
329,329000,0.027773847939086615,0.020930232558139535,0.02994120954457528,0.18604651162790697,0.0735234403839055,0.017857142857142856,0.005357142857142858,0.011418861255825747,0.05357142857142857,0.015376984126984128,0.02477203450887661,0.016216216216216217,0.024334444657170013,0.14594594594594595,0.05592235092235092,56,0.3027027027027027,59868,11.72401070836937,23.867132405597236,161.31090729569476,11.692631991008785,12.632180219754318,11.69428673349071,11.724007550659167,244.64515690457435,0.0,False
330,330000,0.0329647565881445,0.018446601941747576,0.02703411212930934,0.1553398058252427,0.045334412081984896,0.0,0.0,0.0,0.0,0.0,0.021221062053618022,0.011875,0.01740320968324289,0.1,0.029184027777777777,57,0.35625,59868,11.719230078283127,20.545142905531442,170.0487674950596,11.762100806209098,12.537591545389027,11.665962543136455,11.698878862320683,249.97767423592944,540.2866053747097,True
331,331000,0.04797227838848097,0.039361702127659576,0.05682504809747297,0.2765957446808511,0.11832151300236406,0.024242424242424242,0.005454545454545455,0.020367266469634347,0.05454545454545454,0.031818181818181815,0.039212936254030495,0.026845637583892617,0.04336747769793522,0.19463087248322147,0.08639075316927665,55,0.3691275167785235,59868,11.710643113976849,20.154876225364493,154.92696089212942,11.654136782682233,12.353390106828455,11.658062218380948,11.68769061503372,234.1457599543961,0.0,False
332,332000,0.03408278736221149,0.028000000000000004,0.03534117328166055,0.208,0.06805079365079365,0.031914893617021274,0.00851063829787234,0.014639385035125081,0.0851063829787234,0.012588652482269504,0.033490397792304866,0.022674418604651164,0.029684289284060746,0.1744186046511628,0.05289544112218531,47,0.27325581395348836,59868,11.697185987646908,18.76386207506908,160.8043196225789,11.717598439139888,12.5580593022534,11.719813273816658,11.841510343071903,239.1023490435768,0.0,False
333,333000,0.02317398574200619,0.01532258064516129,0.02717143687074808,0.11290322580645161,0.0609863031233999,0.048850574712643674,0.010344827586206898,0.030554188359510397,0.10344827586206896,0.03840996168582376,0.03135663497440715,0.013736263736263736,0.028249456575958058,0.10989010989010989,0.05379164486307343,58,0.31868131868131866,59868,11.757295695954962,20.12772961820786,171.72597734789463,11.711815244508372,12.796767553543976,11.76925064294565,11.67719673275669,251.56603283581217,0.0,False
334,334000,0.0365507821796807,0.026785714285714284,0.03708401199186203,0.23214285714285715,0.0807752267573696,0.025423728813559324,0.006779661016949153,0.022944573994120518,0.06779661016949153,0.03728813559322034,0.032711623415931215,0.019883040935672516,0.03220549244878162,0.17543859649122806,0.06577090875336489,59,0.34502923976608185,59868,11.701165722993734,20.47545695418873,161.78173606518075,11.662560700703706,12.489427908601858,11.662782202687128,11.702154171830404,241.47528372618632,0.0,False
335,335000,0.051286536310405424,0.034722222222222224,0.05278952063933202,0.20833333333333334,0.09760802469135804,0.03333333333333333,0.0075000000000000015,0.023853728288815303,0.075,0.03134920634920635,0.044874678104308244,0.024999999999999998,0.04245530908557604,0.16071428571428573,0.07394416099773242,40,0.35714285714285715,59868,11.725494703726525,17.68228845350217,154.47056758775835,11.659401463151585,12.347857378205983,11.661509563859473,11.690277977857711,231.23739712806182,583.541747489466,True
336,336000,0.03351455696283282,0.025203252032520326,0.035193640740649165,0.21951219512195122,0.0868305587817783,0.05555555555555555,0.014035087719298246,0.03511526358100581,0.12280701754385964,0.04042049568365357,0.04049420651719503,0.021666666666666667,0.035168821306762105,0.18888888888888888,0.07213403880070547,57,0.31666666666666665,59868,11.728166679589314,19.83197063488984,157.73011977363026,11.657656334845834,12.57447200044004,11.667113181096367,11.693078119393018,236.88257672388468,0.0,False
337,337000,0.04217025311852898,0.026923076923076925,0.03694825740219679,0.2076923076923077,0.06901404151404152,0.010638297872340425,0.002127659574468085,0.00823091079222429,0.02127659574468085,0.010638297872340425,0.033797361047507156,0.020338983050847456,0.029322747285424427,0.15819209039548024,0.05351313783517173,47,0.2655367231638418,59868,11.691148065512413,18.51391609682118,159.05185214538932,11.678728408792693,12.545610166017628,11.69474869658349,11.695973929179427,236.87197750829617,0.0,False
338,338000,0.03423252724993416,0.020754716981132078,0.02612638767529631,0.18867924528301888,0.04545148247978436,0.04716981132075472,0.013207547169811321,0.03742730449456457,0.1320754716981132,0.06118598382749326,0.03854495527354101,0.018238993710691827,0.029893359948385732,0.16981132075471697,0.05069631626235399,53,0.3333333333333333,59868,11.784256735841714,22.45100748801687,165.64515472503038,11.71006736490343,12.44941086679663,11.680392182508715,11.699564227155012,247.41985359025276,0.0,False
339,339000,0.028724426250144444,0.022000000000000002,0.029174985355649934,0.19,0.059611111111111115,0.00641025641025641,0.0019230769230769232,0.003008196961684336,0.019230769230769232,0.002747252747252747,0.021090631304919588,0.01513157894736842,0.020223189326135385,0.13157894736842105,0.040157685881370093,52,0.34210526315789475,59868,11.700694565353054,20.40537687973687,154.82839725534936,11.688665443182478,12.42886018189282,11.663707661771493,11.698234909846006,234.4139368971321,0.0,False
340,340000,0.04063062384044878,0.027192982456140352,0.041620335674963635,0.21052631578947367,0.08326719576719577,0.006944444444444444,0.0020833333333333333,0.0032588800418246974,0.020833333333333332,0.002976190476190476,0.03064953364904008,0.019753086419753086,0.030253978450329882,0.15432098765432098,0.059477268273564574,48,0.2962962962962963,59868,11.689294211886248,18.46235155210374,157.21391522127703,11.683502014331326,12.564032646267265,11.679242027148874,11.76446463077574,235.05680230379025,548.8750740888504,True
341,341000,0.026613663510140242,0.017355371900826446,0.027130094272001484,0.1487603305785124,0.053443526170798894,0.033333333333333326,0.008888888888888889,0.02771549196169471,0.08888888888888889,0.043915343915343914,0.02843526075136728,0.015060240963855422,0.02728878641679784,0.13253012048192772,0.0508605851979346,45,0.2710843373493976,59868,11.749175242076193,19.472113502602696,168.22991717818647,11.68152960331903,12.551737423927012,11.686973025351598,11.726479156176639,247.09792513163967,0.0,False
342,342000,0.031907909915319776,0.02448979591836735,0.026962871252405658,0.1836734693877551,0.04893505021056041,0.03741496598639456,0.01020408163265306,0.020231569446182967,0.10204081632653061,0.02196307094266278,0.033743595272344704,0.019727891156462587,0.024719103983664757,0.1564625850340136,0.03994439045459454,49,0.3333333333333333,59868,11.739363995344476,18.77875576823673,153.5861076573386,11.661612143873402,12.408343188094474,11.658821927218455,11.686896528501078,231.51990120860725,0.0,False
343,343000,0.044514473900210495,0.02566371681415929,0.0378365832835215,0.22123893805309736,0.07505969939598257,0.03333333333333333,0.008333333333333333,0.01704254721413698,0.06666666666666667,0.015185185185185185,0.04063662168048431,0.019653179190751446,0.030624778866393913,0.1676300578034682,0.054293971924029724,60,0.3468208092485549,59868,11.717408158237742,20.57534508533021,156.05217846562104,11.675563614893525,12.52082751626582,11.698192569395417,11.717298509808515,235.95681391955225,0.0,False
344,344000,0.04132915371502963,0.025252525252525252,0.0333205063025753,0.23232323232323232,0.07172919672919673,0.03488372093023256,0.009302325581395349,0.02847512823675485,0.06976744186046512,0.0377906976744186,0.03937736773090095,0.02042253521126761,0.03185324393053108,0.18309859154929578,0.06145204560697518,43,0.3028169014084507,59868,11.9209812963067,19.463167911584755,167.4563816832647,11.679910072587285,12.366840036581728,11.690924614907171,11.716241531983806,246.29444714721615,0.0,False
345,345000,0.05140835544434973,0.03278688524590164,0.04515570934558923,0.26229508196721313,0.08554839968774394,0.027777777777777773,0.007407407407407408,0.015401539143589441,0.07407407407407407,0.017901234567901235,0.04415806456937879,0.025,0.03602658894270294,0.20454545454545456,0.06479301948051948,54,0.3068181818181818,59868,11.735747575056244,20.12554022100266,155.23837431717646,11.657287575517206,12.55320774311286,11.65621658839877,11.679325824701102,234.6456998449653,582.6913806423195,True
346,346000,0.04543521582584083,0.0265625,0.04226101321965211,0.1875,0.07377232142857143,0.03551912568306011,0.009836065573770493,0.0370152680530308,0.09836065573770492,0.06830601092896174,0.042234784615736994,0.021164021164021163,0.040567942028308726,0.15873015873015872,0.07200806248425295,60,0.31746031746031744,59868,11.70313603414408,20.693896722157046,161.419529158352,11.750176087538255,12.817580988325194,11.713223865339462,11.998675516239343,242.09621837209536,0.0,False
347,347000,0.03218863495274008,0.02909090909090909,0.03578324597249091,0.21818181818181817,0.07951659451659451,0.041666666666666664,0.0125,0.0311746219967886,0.1,0.04027777777777778,0.03471611007645384,0.024666666666666667,0.034554279578970296,0.18666666666666668,0.06905291005291005,40,0.26666666666666666,59868,11.74099881272317,17.23803044040295,156.72187776286094,11.73086690560432,12.372824440276542,11.677782361163569,11.715569331730013,233.19795005476152,0.0,False
348,348000,0.036337259078883084,0.023762376237623766,0.031008783674324688,0.2079207920792079,0.06348813452773848,0.0326797385620915,0.00784313725490196,0.02758839161189392,0.0784313725490196,0.0469187675070028,0.0351100646949596,0.01842105263157895,0.029861152127061735,0.16447368421052633,0.057928675856307434,51,0.3355263157894737,59868,11.749473570576985,18.735003432066023,154.6068621835206,11.657600150802306,12.448870548256718,11.660480108852123,11.687733724938255,232.546023719013,0.0,False
349,349000,0.0317518834477776,0.02616822429906542,0.03693853471468246,0.205607476635514,0.08331849873905949,0.03333333333333333,0.008888888888888889,0.026971028916040928,0.08888888888888889,0.039285714285714285,0.0322200758481066,0.021052631578947368,0.033987628392716226,0.17105263157894737,0.07028247702589809,45,0.29605263157894735,59868,11.745187838071992,18.220603209953556,174.80959553771436,11.931043135543495,12.847277104877097,11.981551680168012,11.872453139730176,253.4077116460587,0.0,False
350,350000,0.04424595261833547,0.028813559322033902,0.042059828717831864,0.23728813559322035,0.08859967715899919,0.024999999999999998,0.007142857142857143,0.01685277346875929,0.07142857142857142,0.02471655328798186,0.03707990643065737,0.02074468085106383,0.0326742230399857,0.17553191489361702,0.06481340763255658,70,0.3723404255319149,59868,11.891619501228078,23.73913575845488,175.72944932613132,11.824181551794988,12.645310719303083,11.68341273517781,11.70566784786109,259.2187774399512,541.7709772990443,True
351,351000,0.03596828685057685,0.023809523809523808,0.03438955830635925,0.19047619047619047,0.06753590325018895,0.020512820512820513,0.003076923076923077,0.008738041482226332,0.03076923076923077,0.007326007326007326,0.030058843839081775,0.015882352941176472,0.024581625403014312,0.12941176470588237,0.04451447245564893,64,0.3764705882352941,59868,11.714282624322724,20.767943858163164,167.98866281798885,11.707715202632919,12.622751550686594,11.680855274795455,11.737615976101235,248.21982730469094,0.0,False
352,352000,0.04020644138732513,0.02934782608695653,0.04167830475499708,0.25,0.10244565217391303,0.007246376811594202,0.002173913043478261,0.0036339229340478754,0.021739130434782608,0.003623188405797101,0.029219753195414824,0.020289855072463767,0.028996844148014008,0.17391304347826086,0.06950483091787438,46,0.3333333333333333,59868,11.711523567714544,18.742214275960233,161.92096814435232,11.663112757978599,12.520835676710362,11.656806671020426,11.680057843646562,239.89551893738306,0.0,False
353,353000,0.05003770336520447,0.031404958677685946,0.04623721059978244,0.2396694214876033,0.09258166076347894,0.04310344827586206,0.01206896551724138,0.04029748298402544,0.1206896551724138,0.07183908045977012,0.047790849760836536,0.025139664804469275,0.044312606120933795,0.2011173184357542,0.08586060122372971,58,0.3240223463687151,59868,11.697340431215952,20.5205697665356,156.63991371697716,11.668499321673686,12.509943257049683,11.664330595378969,11.693209929622416,236.3938070184535,0.0,False
354,354000,0.026954430508423076,0.01956521739130435,0.030776917178111828,0.15217391304347827,0.0785455486542443,0.03968253968253968,0.009523809523809525,0.028288195844470235,0.09523809523809523,0.036904761904761905,0.030943837861504394,0.016417910447761197,0.029996870192940586,0.13432835820895522,0.06549395877754086,42,0.31343283582089554,59868,11.72116973757742,17.765029013003254,158.266526927478,11.66031768234932,12.366930318766233,11.668412565696284,11.749587814857687,235.1979740597282,0.0,False
355,355000,0.04846234389278099,0.03125,0.04634927850155141,0.23214285714285715,0.08506235827664399,0.006060606060606061,0.0018181818181818182,0.0028441134910470087,0.01818181818181818,0.0025974025974025974,0.034497699696555716,0.02155688622754491,0.03202123014479846,0.16167664670658682,0.05790324113677408,55,0.32934131736526945,59868,11.712603274885435,24.371112392798654,161.5058195520852,11.679201752240465,12.614750224321236,11.699700545278468,11.821162965205968,245.4043507068154,660.6206653187452,True
356,356000,0.04183241582051106,0.025714285714285717,0.038144797532512695,0.20952380952380953,0.0664625850340136,0.04938271604938271,0.012962962962962964,0.023948610447393607,0.12962962962962962,0.023243680188124633,0.04439666872842973,0.02138364779874214,0.033323450975302434,0.18238993710691823,0.05178446640710792,54,0.33962264150943394,59868,11.720772685422375,19.66268123472503,178.5840735032268,12.068282572871848,12.815099087765125,11.921172648921008,11.874972057068778,258.647053790001,0.0,False
357,357000,0.04423987040528394,0.023076923076923078,0.032205928511646977,0.2087912087912088,0.04966422466422467,0.01818181818181818,0.005454545454545455,0.008806440380654595,0.05454545454545454,0.008484848484848486,0.03442348086904684,0.016438356164383564,0.02339105284586217,0.1506849315068493,0.03415144596651446,55,0.3767123287671233,59868,11.824960039152899,20.8289393080624,170.85644143904898,11.657543052309705,12.417142223872247,11.656223270081757,11.681833935656138,250.92308326818414,0.0,False
358,358000,0.04541948469870077,0.03428571428571429,0.04642113225811953,0.24761904761904763,0.09348828420256992,0.006060606060606061,0.0018181818181818182,0.0028441134910470087,0.01818181818181818,0.0025974025974025974,0.031889870166855704,0.023125,0.03144153205693835,0.16875,0.06224454365079365,55,0.34375,59868,11.693974820065067,19.28162133327249,156.9212780981738,11.662125268069312,12.412911783388214,11.656859414316267,11.696041471886964,235.3248121891721,0.0,False
359,359000,0.04530344770247183,0.027927927927927927,0.038131996673571124,0.22522522522522523,0.07242957242957244,0.036723163841807904,0.01016949152542373,0.031222515461432208,0.0847457627118644,0.05141242937853107,0.04232558448024141,0.021764705882352943,0.03573400025288761,0.17647058823529413,0.06513538748832866,59,0.34705882352941175,59868,11.69225725806966,21.1604829190859,156.12096990930135,11.667533040132794,12.593391145163114,11.6950047710368,11.699819543867228,236.62945858665682,0.0,False
360,360000,0.03928995133024338,0.02403100775193798,0.03448842409961134,0.20930232558139536,0.06767564907099792,0.024305555555555552,0.006250000000000001,0.018723696214884577,0.0625,0.027777777777777776,0.035226386374395825,0.019209039548022597,0.030213243656295605,0.1694915254237288,0.05685588736436194,48,0.2711864406779661,59868,11.727650412518553,18.57152470792489,166.13192168543623,11.671551056580132,12.50447728853854,11.679535567521437,11.708694492004735,243.9953552105245,556.5227054977751,True
361,361000,0.038868209336959336,0.025833333333333337,0.04431095002781516,0.21666666666666667,0.09860780423280424,0.05855855855855856,0.016216216216216217,0.03692096496158487,0.13513513513513514,0.04714714714714715,0.043508610108928585,0.023566878980891725,0.0425693611905507,0.19745222929936307,0.08648013345465574,37,0.2356687898089172,59868,11.718967474316777,16.995021582213997,164.34793515472668,11.65676618851419,12.408753070763945,11.655535743892997,11.71018103345023,240.4931602478788,0.0,False
362,362000,0.037813007020324085,0.020720720720720724,0.03480342098842115,0.1891891891891892,0.07224367224367224,0.017543859649122806,0.0035087719298245615,0.00821843017826451,0.03508771929824561,0.006892230576441102,0.030935974876523654,0.01488095238095238,0.02578351339211801,0.13690476190476192,0.05007086167800453,57,0.3392857142857143,59868,11.720441117427093,20.170435400992947,167.4470009346146,11.691712563655088,12.60887214085682,11.804528950429273,11.906127490010633,247.34911859798643,0.0,False
363,363000,0.05188777718136103,0.0367816091954023,0.05208702164800365,0.27586206896551724,0.09669312169312168,0.020833333333333332,0.006250000000000001,0.012195621652263058,0.041666666666666664,0.013020833333333334,0.040846197146506745,0.02592592592592592,0.03790341276062921,0.1925925925925926,0.06694297472075249,48,0.35555555555555557,59868,11.783345087029717,22.767334390619286,172.33977662203804,11.679746288059679,12.389468579329655,11.687026869572348,11.791461635463074,254.43815947211178,0.0,False
364,364000,0.042115206163878725,0.028318584070796463,0.036980898202923884,0.21238938053097345,0.06637168141592921,0.04248366013071895,0.011764705882352941,0.027285245175614547,0.11764705882352941,0.03355119825708061,0.042229786360883925,0.023170731707317076,0.03396578659077281,0.18292682926829268,0.05616531165311653,51,0.31097560975609756,59868,11.727121558918752,22.624892443479094,166.30653683857855,11.658646623405321,12.462869149063028,11.662522748770442,11.679102409595243,248.12169177181045,0.0,False
365,365000,0.04258243087190456,0.03423423423423424,0.052528066903750815,0.26126126126126126,0.13301873301873302,0.02482269503546099,0.006382978723404256,0.013188894282204405,0.06382978723404255,0.01400709219858156,0.03729947147751944,0.02594936708860759,0.040825907959366754,0.20253164556962025,0.09761653606590315,47,0.2974683544303797,59868,11.682826473471962,18.849867234771445,162.40377383119898,11.842428345662515,12.927023217479405,11.877825780673422,12.116991770144692,241.70073665340243,696.3263823203253,True
366,366000,0.03907967032967032,0.022321428571428572,0.031799426124071474,0.17857142857142858,0.05890022675736961,0.01633986928104575,0.00392156862745098,0.008210578535424487,0.0392156862745098,0.00784313725490196,0.031964763253106813,0.016564417177914112,0.024418866449096036,0.13496932515337423,0.04292530918297789,51,0.3128834355828221,59868,11.720065065140561,19.40276326144186,169.0022909425076,11.682030744961104,12.51234502148979,11.679045818391298,11.741718298027838,247.74025915196006,0.0,False
367,367000,0.028458796203660472,0.020689655172413793,0.030880926169209663,0.1724137931034483,0.0707375478927203,0.02586206896551724,0.006896551724137932,0.015694798888309245,0.06896551724137931,0.01939655172413793,0.02759322045761273,0.01609195402298851,0.02581888374224286,0.13793103448275862,0.053623882503192846,58,0.3333333333333333,59868,11.705925466842793,22.09958901096265,177.3277559174169,11.687583584343852,12.67241705393829,11.807595283283568,11.705284362534263,259.00615067932233,0.0,False
368,368000,0.04308002738949031,0.02521739130434783,0.04112829956612475,0.21739130434782608,0.09439268461007591,0.0405982905982906,0.011538461538461539,0.02500136565100807,0.10256410256410256,0.0311965811965812,0.042077045681129806,0.019689119170984454,0.034610678605611275,0.17098445595854922,0.06885229048441484,78,0.40414507772020725,59868,11.697224483422918,26.696492023192686,162.96275454001642,11.670473696531737,12.678978650065842,11.671375311564368,11.703769439416757,249.0810681442107,0.0,False
369,369000,0.0489790955581383,0.02734375,0.0415438104673389,0.234375,0.0742063492063492,0.041666666666666664,0.009722222222222222,0.03208079816686468,0.09722222222222222,0.045849867724867724,0.0463466211572085,0.021,0.038137126039168176,0.185,0.06399801587301587,72,0.36,59868,11.755077571423689,22.74657036077654,160.44358304916074,11.67783818667445,12.677568511476611,11.666646347857634,11.684734562797395,242.65201859016705,0.0,False
370,370000,0.04380501592864504,0.02966101694915255,0.04196925449299513,0.22033898305084745,0.08175275760021523,0.01944444444444444,0.005000000000000001,0.020507781237852456,0.05,0.035416666666666666,0.035593587338465064,0.02134831460674157,0.03473505002496951,0.16292134831460675,0.06613385054396291,60,0.33707865168539325,59868,11.756652643385435,20.68674794819536,156.91968038972215,11.656309680627142,12.580259874717115,11.688665263964726,11.738984203882307,237.02730000449424,573.3099225544713,True
371,371000,0.04234778613536708,0.024468085106382976,0.04011819102866989,0.20212765957446807,0.08087639311043567,0.021645021645021644,0.005194805194805195,0.010585392935284689,0.05194805194805195,0.009523809523809525,0.03302548867480218,0.015789473684210527,0.02681979656556661,0.13450292397660818,0.048746867167919795,77,0.4502923976608187,59868,11.751721019331862,23.31275587998116,162.28962752815045,11.656475311982994,12.500605423279577,11.77269257357505,11.76991348750267,245.05379122380378,0.0,False
372,372000,0.05573409017286568,0.029591836734693882,0.04878146895675445,0.24489795918367346,0.09491010689990281,0.02046783625730994,0.005263157894736843,0.010531250839368449,0.05263157894736842,0.010526315789473686,0.042765209700693564,0.02064516129032258,0.034715259713586695,0.17419354838709677,0.06387864823348695,57,0.36774193548387096,59868,11.770850046971537,20.772282312453427,173.06484191378922,12.281498948135683,12.959338773932405,12.101119535271042,11.839894883292068,254.7898264138454,0.0,False
373,373000,0.04353181873622684,0.03402061855670103,0.047454849488929515,0.24742268041237114,0.09571674030436918,0.0,0.0,0.0,0.0,0.0,0.0315118389359254,0.024626865671641796,0.03435164477929973,0.1791044776119403,0.06928749111584931,37,0.27611940298507465,59868,12.019214883002283,17.963798840295308,169.91521299136724,11.671997955778334,12.34885984109646,11.721571856054824,11.720498517733823,247.36115488532826,0.0,False
374,374000,0.03964223236153061,0.025,0.04485671483448965,0.19166666666666668,0.09800925925925925,0.0,0.0,0.0,0.0,0.0,0.027982752255198078,0.01764705882352941,0.03166356341258093,0.13529411764705881,0.06918300653594771,50,0.29411764705882354,59868,11.726269096040687,19.18024918459715,158.5838202920603,11.675561048155036,12.561034775232516,11.68191008307784,11.70299311670231,237.11183759586584,0.0,False
375,375000,0.05118318434315565,0.03148148148148148,0.04930886656465499,0.2777777777777778,0.10411890064667843,0.030054644808743165,0.00819672131147541,0.016947384594334057,0.08196721311475409,0.019945355191256828,0.043556906759728654,0.023076923076923075,0.0376280949659001,0.20710059171597633,0.07373673335211797,61,0.3609467455621302,59868,11.690404137884581,20.672385635245316,162.55753854471644,11.674555897275841,12.544738838909941,11.658550461812744,11.69885533952586,242.49702885537073,576.3217522563591,True
376,376000,0.03260720122789088,0.01982758620689655,0.03053879265030484,0.1896551724137931,0.06999178981937602,0.029914529914529912,0.008974358974358975,0.01451532997162689,0.08974358974358974,0.014046601546601548,0.031524580802931315,0.015463917525773198,0.024096369511454944,0.14948453608247422,0.04749836360661102,78,0.4020618556701031,59868,11.705150648855245,23.228416424714293,166.25358302102543,11.663404499956398,12.569467539635948,11.660008963049195,11.684752554003142,248.76478365123967,0.0,False
377,377000,0.03206828382918445,0.023931623931623933,0.03689592421053264,0.19658119658119658,0.08460181793515127,0.03061224489795918,0.00816326530612245,0.0262272538694394,0.08163265306122448,0.03968253968253968,0.03163848920490712,0.01927710843373494,0.03374673838695694,0.16265060240963855,0.07134251290877797,49,0.29518072289156627,59868,11.720483428373507,18.442222484232886,164.44354171465946,11.661708491761402,12.445724016985071,11.66343467109976,11.719509687035945,242.09662449414805,0.0,False
378,378000,0.03944737010551862,0.02540983606557377,0.0344424831521199,0.21311475409836064,0.0668000260213375,0.017948717948717947,0.004615384615384616,0.00864248211446162,0.046153846153846156,0.007753357753357754,0.03197457657507988,0.01818181818181818,0.02547456835293387,0.15508021390374332,0.046275783040488926,65,0.34759358288770054,59868,11.731081535348853,21.42802937393773,175.0372231662245,11.760239303271192,13.014774058878187,11.740630077666792,11.751858880582056,256.46383639590925,0.0,False
379,379000,0.04216000930286644,0.024761904761904763,0.04026384718314756,0.18095238095238095,0.08265684051398337,0.02976190476190476,0.0071428571428571435,0.02364170503838005,0.07142857142857142,0.03273809523809524,0.03784762511470586,0.018633540372670808,0.03448223252409799,0.14285714285714285,0.06529379867889185,56,0.34782608695652173,59868,11.821825916413786,20.10175625563604,172.93420609795774,11.656018126526835,12.523504632933058,11.658714821533023,11.723863596602158,252.41988944760266,0.0,False
380,380000,0.05092227899604949,0.03360655737704918,0.050634950355530194,0.26229508196721313,0.10860655737704918,0.014705882352941176,0.004411764705882354,0.009394912588418725,0.029411764705882353,0.008578431372549019,0.03796062125009494,0.023157894736842106,0.035875357891511354,0.17894736842105263,0.07280701754385964,68,0.35789473684210527,59868,11.724450523026286,21.692801104478132,162.79260326124145,11.727017571655507,12.590027293923889,11.70291361862752,11.688833462863979,243.91864683581676,594.8087765607901,True
381,381000,0.02944973792139784,0.017692307692307695,0.029317836650589287,0.13076923076923078,0.06307692307692307,0.023391812865497075,0.005263157894736843,0.017662651711269125,0.05263157894736842,0.023558897243107772,0.027603204615588517,0.013903743315508024,0.025765186695823252,0.10695187165775401,0.051031321619556924,57,0.3048128342245989,59868,11.720598763115264,20.59435733642312,164.70024681047857,11.675759452878243,12.631877054858354,11.675815386913424,11.726797580713377,244.72545238538038,0.0,False
382,382000,0.02419074366725161,0.018691588785046728,0.024320276186101362,0.1588785046728972,0.052369826435247,0.010869565217391304,0.002173913043478261,0.013329286799249095,0.021739130434782608,0.021739130434782608,0.02018568347971191,0.013725490196078431,0.021015795716851665,0.11764705882352941,0.04316059757236228,46,0.3006535947712418,59868,11.707644524211469,18.772378126863387,161.32717892619607,11.65959393370497,12.460735918984334,11.66409044800476,11.695378290071945,239.28700016803694,0.0,False
383,383000,0.03597056136768529,0.02149532710280374,0.02852182883578886,0.16822429906542055,0.045271473075211385,0.027777777777777776,0.006250000000000001,0.016977470288816472,0.0625,0.019965277777777776,0.033433441288230066,0.016774193548387096,0.024946801672855477,0.13548387096774195,0.0374347158218126,48,0.3096774193548387,59868,11.734491026677007,18.414073086558957,158.47149384634608,11.66003260985593,12.466698150581657,11.676492387591164,11.699957714522702,236.1232388221335,0.0,False
384,384000,0.028559461848293097,0.018584070796460177,0.032467645135986024,0.168141592920354,0.08500140469167018,0.021604938271604937,0.005555555555555557,0.010751333928327274,0.05555555555555555,0.010390946502057614,0.026310693745651415,0.014371257485029942,0.025445604386204152,0.1317365269461078,0.06087586731299306,54,0.32335329341317365,59868,11.713487974462922,22.400036519043542,174.59932525598632,11.71642931355188,12.60521533480441,11.726275786189122,11.772587882985519,256.5333580670237,0.0,False
385,385000,0.04136768202557676,0.0275,0.03796425023163068,0.2,0.06889880952380951,0.0202020202020202,0.006060606060606061,0.014283182111942417,0.06060606060606061,0.021969696969696972,0.03385728589463733,0.01989247311827957,0.029561290576257428,0.15053763440860216,0.05224654377880185,66,0.3548387096774194,59868,11.693991970707085,21.121627266695864,160.662648240939,11.668707054074412,12.580859894056884,11.664772013419977,11.721465036723666,241.1140714766169,557.5671519984227,True
386,386000,0.039876695894331966,0.028947368421052635,0.04352395338030579,0.22807017543859648,0.09267265385686438,0.02657004830917874,0.007246376811594203,0.01719532745827684,0.07246376811594203,0.02334943639291465,0.034859435329438124,0.02076502732240437,0.0335967665572457,0.16939890710382513,0.06653439153439153,69,0.3770491803278688,59868,11.775340358594066,21.7464148573876,169.70545937033955,11.658761344707225,12.572196485094445,11.698956771860614,11.701395289193117,250.85852447717664,0.0,False
387,387000,0.029321399416231325,0.020754716981132078,0.02673485910444515,0.19811320754716982,0.056296795447738836,0.013888888888888888,0.004166666666666667,0.00942725318694689,0.041666666666666664,0.013392857142857142,0.02451126626485186,0.015584415584415584,0.021340280636653483,0.14935064935064934,0.04292413935271078,48,0.3116883116883117,59868,11.722084458765103,18.544433692507802,171.74087977522845,11.665638677826884,12.435375618569111,11.666697761175682,11.69806123868522,249.47317122275825,0.0,False
388,388000,0.03185436512625452,0.02580645161290323,0.03702953397708228,0.1935483870967742,0.08664874551971326,0.01633986928104575,0.00392156862745098,0.008219903133155812,0.0392156862745098,0.008714596949891067,0.026359647847743084,0.018055555555555557,0.02682612305319165,0.1388888888888889,0.05904706790123456,51,0.3541666666666667,59868,11.741327253261824,18.93051219772901,163.73150069248777,11.662656237754199,12.456706739383261,11.67327840934096,11.771732388560219,241.96771391851723,0.0,False
389,389000,0.0334992084992085,0.024324324324324326,0.0410742929714148,0.1981981981981982,0.09687902187902186,0.009523809523809523,0.002857142857142857,0.005480701986255717,0.02857142857142857,0.0064285714285714285,0.024226954751816625,0.016022099447513812,0.02730881579483394,0.13259668508287292,0.06189818468823994,70,0.3867403314917127,59868,11.717540727373965,22.489121669466705,168.96995089329957,11.804942367410476,12.734543183373637,11.770675912486928,11.738999295879404,251.22577404929066,0.0,False
390,390000,0.03982270006860171,0.02622950819672131,0.0340556408552974,0.20491803278688525,0.06828974759302628,0.0,0.0,0.0,0.0,0.0,0.02808306016398502,0.018497109826589597,0.02401611667252187,0.14450867052023122,0.04815808789797229,51,0.2947976878612717,59868,11.789756300784049,19.770463435486718,181.06877488199837,11.686771056812484,12.601038317877622,11.676461226045598,11.736782959154146,260.330048178159,606.6570039547358,True
391,391000,0.04766992266992267,0.03166666666666666,0.04784994465981158,0.225,0.09625,0.03666666666666667,0.01,0.025707441376385552,0.08,0.033666666666666664,0.044433670904259134,0.02529411764705882,0.041337443694098044,0.18235294117647058,0.07784313725490195,50,0.29411764705882354,59868,11.823104302338683,23.3671369995192,175.87218509698687,11.687966298384866,12.527381190036158,11.69873280335021,11.775398807117865,258.75190549773384,0.0,False
392,392000,0.04680955852360992,0.024576271186440683,0.03994331621598379,0.2033898305084746,0.07242063492063493,0.008064516129032258,0.0016129032258064516,0.00988947085105578,0.016129032258064516,0.016129032258064516,0.033464043921033165,0.016666666666666666,0.029591436145841924,0.1388888888888889,0.05303130511463845,62,0.34444444444444444,59868,11.753200567565791,24.93761301944342,165.03787558178053,11.663711510873087,12.557609785968094,11.664466622207659,11.71602571384267,249.33050280168126,0.0,False
393,393000,0.05316601574379242,0.03461538461538462,0.04967048951814696,0.28846153846153844,0.09608516483516484,0.024390243902439025,0.007317073170731709,0.013083616010559808,0.07317073170731707,0.014227642276422762,0.04502941818865112,0.026896551724137935,0.03932523562979473,0.22758620689655173,0.0729392446633826,41,0.2827586206896552,59868,11.739968225094044,18.10486714651227,161.99835842600763,11.677279901228799,12.50560579932336,11.683156478980994,11.71269209884751,239.42192807599457,0.0,False
394,394000,0.033436912116917766,0.02395833333333333,0.0320723112966782,0.1875,0.06656332671957671,0.03666666666666666,0.01,0.025451109259515155,0.1,0.03819047619047619,0.034542992442174236,0.019178082191780823,0.029804776352444284,0.15753424657534246,0.05684659708632311,50,0.3424657534246575,59868,11.723447204653459,18.905681253816866,163.58299307245306,11.660508881183862,12.455215966461486,11.662629313125006,11.695155579444227,241.68563127113794,0.0,False
395,395000,0.04751347906835711,0.025203252032520326,0.03673906650646926,0.24390243902439024,0.07461285327138986,0.015350877192982454,0.003947368421052633,0.006188754604072994,0.039473684210526314,0.004422514619883041,0.03523027433203312,0.017085427135678392,0.025071610704549076,0.1658291457286432,0.04780649278136716,76,0.38190954773869346,59868,11.705083748869693,23.833475269019466,169.1660017036356,11.677474339250038,12.709458603349377,11.674945562589745,11.772667425080652,252.53910665179458,590.8506709369765,True
396,396000,0.05098639549414545,0.03495145631067961,0.05629277273050949,0.2621359223300971,0.12874479889042997,0.0625,0.016666666666666666,0.04871667593550585,0.14583333333333334,0.07473544973544974,0.05464634924435086,0.02913907284768212,0.05388447706057455,0.2251655629139073,0.11157626405970776,48,0.31788079470198677,59868,11.77257695905709,22.506657334331326,169.48624769855257,11.759473254296937,12.637966676637413,11.931645004292779,12.359077943668861,252.453644870837,0.0,False
397,397000,0.06959535470771426,0.04269662921348315,0.0662726494462884,0.3707865168539326,0.14258070269306225,0.0261437908496732,0.00784313725490196,0.026978555605317787,0.0784313725490196,0.05119825708061002,0.053766570730856444,0.030000000000000002,0.051958372404220535,0.2642857142857143,0.10929138321995464,51,0.36428571428571427,59868,11.880406881603633,20.329294231430374,187.33881180682533,11.713284967740378,12.35045869210638,11.669597847846491,11.712153101473,266.99400752902557,0.0,False
398,398000,0.033309544372871404,0.02434782608695652,0.03439076126367852,0.2,0.07503450655624568,0.014084507042253521,0.004225352112676057,0.006746849194265131,0.028169014084507043,0.004929577464788732,0.025970954854194685,0.016666666666666666,0.02383851525868739,0.13440860215053763,0.048274022870797066,71,0.3817204301075269,59868,11.71175802200386,22.58287080236787,162.66658398872426,11.660515402356353,12.597993552326825,11.663950918838761,11.708953635419794,244.5926263220377,0.0,False
399,399000,0.03279375990533524,0.025242718446601944,0.0355018905278489,0.1941747572815534,0.08029742641393127,0.0480225988700565,0.013559322033898306,0.028859264329361548,0.1016949152542373,0.030293247242399787,0.038340065454215214,0.020987654320987658,0.03308266246790598,0.16049382716049382,0.06208602782676856,59,0.36419753086419754,59868,11.718179629471859,21.38183890401657,167.97935531415175,11.68702320361592,12.491410361498145,11.678656239771934,11.726222263447328,248.6626859159735,0.0,False
400,400000,0.03633443953956774,0.019658119658119658,0.032847115122751215,0.1623931623931624,0.05966625966625966,0.0220125786163522,0.0056603773584905665,0.01399418539765677,0.05660377358490566,0.017924528301886792,0.03186938878115349,0.015294117647058824,0.02696943703198648,0.12941176470588237,0.04665266106442577,53,0.31176470588235294,59868,11.707173902281154,20.50048131060911,163.85417261313705,11.657355232008726,12.497716769227507,11.674741620476548,11.797535105245727,243.6891765529858,620.528579953844,True
401,401000,0.04781948753001384,0.035454545454545454,0.052362654579365286,0.2909090909090909,0.12583333333333332,0.04716981132075472,0.011320754716981133,0.029443838744408778,0.11320754716981132,0.03893381251871818,0.04760824311841425,0.027607361963190184,0.04491052427720151,0.2331288343558282,0.09757766092121921,53,0.32515337423312884,59868,11.709539201876229,19.826215192447762,167.33534642598968,11.673585902510775,12.484863180201033,11.663462467254027,11.709724483444095,246.4027368537236,0.0,False
402,402000,0.025202429674412434,0.017241379310344827,0.024931010002285644,0.15517241379310345,0.055706075533661734,0.0291005291005291,0.007936507936507936,0.0193551786882818,0.07936507936507936,0.027645502645502647,0.02657438645567137,0.013966480446927373,0.022968566578921164,0.12849162011173185,0.04583000798084597,63,0.35195530726256985,59868,11.739380666925259,20.915057822479266,166.37758913773393,11.724097802950917,12.875687723734597,11.723702895455324,11.765949842951207,247.1214658922305,0.0,False
403,403000,0.045811476371668824,0.022388059701492536,0.040008815151967296,0.1865671641791045,0.07416488983653162,0.0130718954248366,0.00392156862745098,0.012268724863340038,0.0392156862745098,0.022408963585434174,0.03678597027281238,0.017297297297297298,0.032361547018345725,0.14594594594594595,0.05989703989703989,51,0.2756756756756757,59868,11.813825779777298,19.620560419569834,176.47580153096197,11.676417381006887,13.016300119628177,11.674340056749832,11.716890992524709,255.9941362802187,0.0,False
404,404000,0.05849757788260462,0.02809917355371901,0.049126191051411375,0.2396694214876033,0.08393677030040665,0.015873015873015872,0.004761904761904762,0.009823661529572172,0.047619047619047616,0.012874779541446208,0.04390329849888674,0.020108695652173915,0.03566934670425991,0.17391304347826086,0.05960576259489304,63,0.3423913043478261,59868,11.71815914061125,20.327977253736805,163.54178035896118,11.66261861620943,12.638422989791342,11.675519637238674,11.711960767296636,243.2764387638453,0.0,False
405,405000,0.028858941398013146,0.02621359223300971,0.034334891197365915,0.17475728155339806,0.06861997226074895,0.0303030303030303,0.007272727272727273,0.021946925453532343,0.07272727272727272,0.031818181818181815,0.02936163057381026,0.019620253164556966,0.030022624640968155,0.13924050632911392,0.055809222423146475,55,0.34810126582278483,59868,11.753323501784152,19.739798184259527,164.54465034962396,11.709235757634273,12.467640384372647,11.70184581500422,11.788447014243753,243.70494100692255,602.3009971802828,True
406,406000,0.037000337742957086,0.030841121495327105,0.04584454957408419,0.19626168224299065,0.1019062453641893,0.054761904761904755,0.014285714285714289,0.042824019181472446,0.12857142857142856,0.05813492063492062,0.044024686281523964,0.02429378531073446,0.04464998953180836,0.1694915254237288,0.08459555196843332,70,0.3954802259887006,59868,11.711511056389234,22.478158778010958,169.07257797529886,11.682577776256364,12.480560142968944,11.663934225525363,11.719982271618523,250.80930222606824,0.0,False
407,407000,0.0375276770816541,0.023364485981308414,0.03705401199675281,0.205607476635514,0.08313677495920485,0.01944444444444444,0.005000000000000001,0.013512434752049331,0.05,0.020833333333333332,0.031030707271878174,0.016766467065868266,0.028595960292068925,0.1497005988023952,0.06075230491398155,60,0.3592814371257485,59868,11.708314533454,20.157879715848594,166.03135777343292,11.664192235971704,12.52328231018951,11.673497841729885,11.72907556556968,245.4875999761963,0.0,False
408,408000,0.02635980341537845,0.01532258064516129,0.03497114965367111,0.14516129032258066,0.0908826164874552,0.017006802721088433,0.004081632653061225,0.013937443228579732,0.04081632653061224,0.02040816326530612,0.023710687611793412,0.012138728323699423,0.029013625868529624,0.11560693641618497,0.07092164418754014,49,0.2832369942196532,59868,11.71610261796463,22.974952370469204,196.90522121576515,11.759509788628053,13.206671855892083,11.764899120969563,11.782163332196838,280.10952030188554,0.0,False
409,409000,0.02993128229852854,0.02142857142857143,0.029332951095234452,0.20535714285714285,0.07142857142857142,0.018518518518518517,0.004761904761904762,0.013882759070717086,0.047619047619047616,0.02160493827160494,0.025822687337724932,0.01542857142857143,0.0237708819664082,0.14857142857142858,0.05349206349206349,63,0.36,59868,11.866638817886743,27.036922482237546,166.00899125149283,11.669259797980613,12.497721756293823,11.660136603086624,11.699305374479607,252.43897608345776,0.0,False
410,410000,0.04128868206629746,0.023015873015873017,0.03372887917531607,0.21428571428571427,0.05952695893172083,0.010582010582010581,0.0031746031746031746,0.006942045775011019,0.031746031746031744,0.009700176366843035,0.031053124904868497,0.016402116402116404,0.024799934708547713,0.15343915343915343,0.0429180314100949,63,0.3333333333333333,59868,11.71731205651394,22.197299985426966,164.5754354568929,11.674976176434537,12.619129803270734,11.667761019934497,11.700670197872798,246.15258469634637,624.3318493547034,True
411,411000,0.0438276731881383,0.024806201550387597,0.042556522846280004,0.20930232558139536,0.09597022271440876,0.013440860215053762,0.0032258064516129032,0.005484425339047322,0.03225806451612903,0.00391705069124424,0.033963890966508765,0.01780104712041885,0.030522648262780398,0.1518324607329843,0.06608908834039723,62,0.32460732984293195,59868,11.75333908673415,21.953295094828682,167.28814047431428,11.684905626696551,12.679967742484921,11.681918471284636,11.710661972891279,248.7522284692345,0.0,False
412,412000,0.049579456535303136,0.03217391304347826,0.045776608084198256,0.25217391304347825,0.09034851621808145,0.018518518518518517,0.0049382716049382715,0.016027553848438347,0.04938271604938271,0.02812071330589849,0.03674304847734623,0.020918367346938777,0.033482356078603594,0.1683673469387755,0.06463192419825073,81,0.413265306122449,59868,11.749424056212154,23.272572700461236,166.81592941342194,11.679230073780023,12.61660766391226,11.71601644156528,11.713379703903737,249.5631600532566,0.0,False
413,413000,0.030848226212041356,0.02626262626262627,0.03337061487361543,0.18181818181818182,0.061279461279461274,0.006289308176100628,0.0018867924528301887,0.0034253168403274087,0.018867924528301886,0.0037735849056603774,0.022284919265298863,0.017763157894736842,0.02292916226990316,0.125,0.04122807017543859,53,0.34868421052631576,59868,11.714133839962892,19.774269705591372,177.43968409766887,11.747028711955876,12.769632607184667,11.722580068540545,11.827348340015531,256.9946773709197,0.0,False
414,414000,0.030062418577129674,0.02527472527472528,0.027938335424269774,0.2087912087912088,0.05172248386534101,0.0,0.0,0.0,0.0,0.0,0.022797334087656666,0.019166666666666665,0.021186571030071245,0.15833333333333333,0.0392228835978836,29,0.24166666666666667,59868,11.731472112086472,16.450425818936854,169.52946600737317,11.684878409579103,12.257891264744192,11.723311818673254,11.70781910547758,245.08526453687062,0.0,False
415,415000,0.05050496637130301,0.04059405940594059,0.0585226713842655,0.32673267326732675,0.1375923306616376,0.014619883040935672,0.0035087719298245615,0.007856852091974705,0.03508771929824561,0.007797270955165692,0.03755908187870213,0.027215189873417724,0.04024449606995806,0.22151898734177214,0.09076753064094835,57,0.36075949367088606,59868,11.764940602981833,20.33127625511444,163.74724114243122,11.661239820826008,12.469664324082919,11.677297272055798,11.692845961197573,243.3445053786898,605.7089859194953,True
416,416000,0.046871891447221585,0.030612244897959183,0.050040712161906475,0.2653061224489796,0.108426465824425,0.05092592592592592,0.012962962962962963,0.041817030029845985,0.12962962962962962,0.06311728395061729,0.04831214053834023,0.024342105263157898,0.04711914087814814,0.21710526315789475,0.09232978279030911,54,0.35526315789473684,59868,11.718732696536227,19.681946340194266,168.32184618736923,11.66241260416867,12.495653493843628,11.664630843372104,11.714333661899667,247.25955582738382,0.0,False
417,417000,0.0429078451392501,0.0256198347107438,0.03536288990518343,0.21487603305785125,0.06680440771349862,0.026881720430107524,0.0064516129032258064,0.021546805559627718,0.06451612903225806,0.030107526881720432,0.037478229117573376,0.019125683060109294,0.03068203072800062,0.16393442622950818,0.05437158469945355,62,0.33879781420765026,59868,11.744234126753739,20.291345810496964,163.68687919302016,11.6703244472105,12.640690607135241,11.670873964642059,11.69550710963807,243.39985525889674,0.0,False
418,418000,0.03116459439497192,0.018400000000000003,0.02961861559704444,0.176,0.06303174603174604,0.05459770114942528,0.015517241379310346,0.03683319202788643,0.15517241379310345,0.05289408866995074,0.038591480688733096,0.017486338797814208,0.0319052026625572,0.16939890710382513,0.05981871801543932,58,0.31693989071038253,59868,11.69438816667201,19.91091019107327,171.24208012897492,11.681440461874804,12.5540798973367,11.686958110518342,11.719451568997785,250.48930852544783,0.0,False
419,419000,0.04362706862706863,0.02612612612612613,0.03846268847373951,0.22522522522522523,0.07682325182325182,0.023809523809523805,0.006349206349206349,0.017576710392159352,0.06349206349206349,0.023696145124716555,0.03645175067588861,0.01896551724137931,0.030900523995926,0.16666666666666666,0.05758757525998905,62,0.3563218390804598,59868,11.716858878130232,20.951154272613735,192.01459316325887,11.65967203126117,12.487505184705094,11.67754345132721,11.702954248321573,272.2102812296179,0.0,False
420,420000,0.024456910981904948,0.016831683168316833,0.021551097723746655,0.12871287128712872,0.040275813295615276,0.025157232704402514,0.0056603773584905665,0.016457770936235638,0.05660377358490566,0.024109014675052408,0.02469793079549177,0.012987012987012988,0.019798199543629227,0.1038961038961039,0.03471191506905793,53,0.34415584415584416,59868,11.734045373024138,19.399550914567243,162.3548775575856,11.674665633731873,12.45743371483532,11.678971867629118,11.71160721868958,241.0111522800629,628.647728048215,True
421,421000,0.03135776739225015,0.020000000000000004,0.030311040269872504,0.18333333333333332,0.06775132275132274,0.01282051282051282,0.0038461538461538464,0.008702079864874052,0.038461538461538464,0.012362637362637362,0.025753481126376074,0.015116279069767442,0.02377809875208228,0.13953488372093023,0.051005906238464384,52,0.3023255813953488,59868,11.973535448739359,20.128612685271776,175.80677194931062,11.686506285607523,12.518630676000564,11.66715838316068,11.704490538250178,255.48570596634067,0.0,False
422,422000,0.04096181817778725,0.03235294117647059,0.04220602903790287,0.23529411764705882,0.08312713974478679,0.01633986928104575,0.00392156862745098,0.010612018811649165,0.0392156862745098,0.0130718954248366,0.03275450187887342,0.022875816993464054,0.031674692295818305,0.16993464052287582,0.059775391638136735,51,0.3333333333333333,59868,11.716241189646537,18.825487769102978,163.9347327132834,11.660928638163037,12.457568855511747,11.662968064957147,11.72566001192421,241.98358724258907,0.0,False
423,423000,0.048180807047203816,0.02538461538461539,0.03914670228651757,0.2153846153846154,0.07196581196581198,0.03571428571428571,0.008928571428571428,0.03155307037303877,0.08928571428571429,0.04917800453514739,0.04442744578568007,0.020430107526881725,0.036860447516868046,0.1774193548387097,0.06510496671786994,56,0.3010752688172043,59868,11.699069675213947,19.72728514357258,163.9259405991078,11.684227882058362,12.681531280978042,11.751083193012324,11.763423954064267,243.23256172800737,0.0,False
424,424000,0.03565868415102227,0.0226890756302521,0.036143683182683094,0.17647058823529413,0.07013138588768841,0.009615384615384616,0.0019230769230769232,0.004200143015733926,0.019230769230769232,0.003205128205128205,0.027739084292231868,0.01637426900584795,0.026429858102675164,0.1286549707602339,0.049779541446208116,52,0.30409356725146197,59868,11.815555922667365,19.316259926183132,180.83381058198177,11.677930119941005,12.572678290884154,11.688697705070084,11.763364746980587,259.66829729370806,0.0,False
425,425000,0.01872415052686817,0.01504424778761062,0.022602395711635078,0.10619469026548672,0.0516575361708105,0.007751937984496124,0.002325581395348837,0.0038874524410744712,0.023255813953488372,0.003875968992248062,0.015699758608137413,0.01153846153846154,0.01744378955372414,0.08333333333333333,0.03848697598697599,43,0.27564102564102566,59868,11.769622216273312,21.681577370480376,168.5935625059809,11.66465777563408,12.471244838940798,11.66450223627491,11.725103818666094,249.5702707622505,595.8555621533301,True
426,426000,0.02961771596030855,0.014814814814814815,0.02628949766122932,0.14814814814814814,0.055180776014109346,0.03333333333333333,0.007692307692307693,0.022224941604010742,0.07692307692307693,0.02783882783882784,0.031013757169826527,0.012138728323699423,0.024762352321811933,0.12138728323699421,0.04490778970547757,65,0.37572254335260113,59868,11.721531031738674,21.769510226615772,177.3874223838512,11.80462314614994,12.555275909015284,11.682916417760092,11.705872566158959,258.6271516812899,0.0,False
427,427000,0.040639125181220453,0.025,0.038503713578968174,0.1935483870967742,0.07820020481310803,0.022988505747126436,0.006896551724137932,0.020725988732768062,0.05172413793103448,0.03160919540229885,0.03501420250442126,0.019230769230769232,0.03283828478182748,0.14835164835164835,0.06335252049537764,57,0.3131868131868132,59868,11.699225615835473,19.974473299794184,166.6705500658894,11.664947029199624,12.566022352611395,11.660749274028381,11.69416979568405,245.9301374330425,0.0,False
428,428000,0.0385779141108337,0.025688073394495414,0.03587585121504589,0.23853211009174313,0.0830894131352847,0.027777777777777776,0.006944444444444444,0.015524606005158278,0.06944444444444445,0.018072089947089944,0.03428172728221476,0.018232044198895028,0.027780328258626506,0.1712707182320442,0.0572261685521354,71,0.39226519337016574,59868,11.712845825295748,21.610393582810474,168.5328083031734,11.655419618311624,12.53505010229139,11.66220944667784,11.713239683797116,249.4219665623576,0.0,False
429,429000,0.03420612735452307,0.01893939393939394,0.02879258401939529,0.16666666666666666,0.06066618566618567,0.024193548387096774,0.0064516129032258064,0.02052117240009724,0.06451612903225806,0.03064516129032258,0.031006230983489928,0.014948453608247425,0.026149143192609314,0.13402061855670103,0.05107183766977581,62,0.31958762886597936,59868,11.723705810012808,20.33937129933272,180.152613197343,11.999798447570598,13.03053833554002,11.829826774334418,11.844931549598314,260.9207854137319,0.0,False
430,430000,0.01881787655762569,0.015929203539823012,0.02184285146780887,0.13274336283185842,0.056465093411996056,0.03679653679653679,0.009090909090909092,0.026560552667052484,0.06493506493506493,0.0303030303030303,0.026103965180763345,0.013157894736842105,0.023754761953818124,0.10526315789473684,0.0458625730994152,77,0.4052631578947368,59868,11.812656914578223,23.29572117459877,180.687269930091,11.69929406824588,12.694723757589177,11.660755314529814,11.703011705999078,263.5534328656319,558.8932141056268,True
431,431000,0.04498138270459699,0.02589285714285714,0.04033772868521535,0.21428571428571427,0.07955994897959184,0.043209876543209874,0.011111111111111113,0.03069539550107885,0.07407407407407407,0.03518518518518518,0.04440510961595299,0.02108433734939759,0.03720106608314685,0.1686746987951807,0.06512478485370052,54,0.3253012048192771,59868,11.715995683808655,20.210394163361343,184.1045983675682,11.698637472301598,12.466782942338606,11.672907362758611,11.71080966971827,263.5801256618553,0.0,False
432,432000,0.030640797460019426,0.020175438596491225,0.02884346324348678,0.17543859649122806,0.06889445836814258,0.00641025641025641,0.0019230769230769232,0.009024590885053009,0.019230769230769232,0.019230769230769232,0.023050507492623783,0.014457831325301207,0.02263514178180873,0.12650602409638553,0.053337158156435256,52,0.3132530120481928,59868,11.709368482409888,19.571530385620317,169.06607609429304,11.657669150372252,12.437724969699415,11.657826289313,11.682491472014833,247.78268684372276,0.0,False
433,433000,0.03448310108927169,0.025862068965517244,0.03526905963883843,0.21551724137931033,0.07129173508483853,0.047619047619047616,0.01111111111111111,0.022680561182001194,0.09523809523809523,0.018121693121693122,0.03910636718634366,0.020670391061452516,0.030838470796487903,0.17318435754189945,0.052578256628535956,62,0.3463687150837989,59868,11.692333726720516,20.07740724324636,165.12635966672852,11.678770513168235,12.585535385967184,11.673991568650344,11.730006545751515,244.56440465023266,0.0,False
434,434000,0.03520421287823665,0.022935779816513763,0.026040909665668344,0.2018348623853211,0.04170307266637542,0.04263565891472868,0.009302325581395349,0.023176053494312735,0.09302325581395349,0.023348098929494278,0.03730652984908636,0.019078947368421056,0.02523045693298222,0.17105263157894737,0.036510547201336674,43,0.28289473684210525,59868,11.751640411034048,18.058332087039773,163.54849246449922,11.65863551763624,12.380974088399554,11.66388492823689,11.709336416504401,240.77129591335012,0.0,False
435,435000,0.029476310874131405,0.02035398230088496,0.030014269754845415,0.17699115044247787,0.06380811911785363,0.0,0.0,0.0,0.0,0.0,0.01936525074870261,0.013372093023255816,0.01971867722266007,0.11627906976744186,0.041920450350682904,59,0.3430232558139535,59868,11.702735698337907,20.247876036355585,179.96926310726025,11.806727915175674,12.833694173736143,11.69730443398298,11.798557103592788,260.05615846844137,594.2795931205003,True
436,436000,0.04915857583475689,0.02920353982300885,0.04219935053711339,0.22123893805309736,0.07028725944655148,0.02976190476190476,0.008928571428571428,0.020039990292944402,0.08928571428571429,0.029315476190476194,0.04273127654434435,0.022485207100591716,0.03485660394732959,0.17751479289940827,0.05671081055696441,55,0.3254437869822485,59868,11.703482831249001,20.656455791912,174.63386311342143,11.862808106166689,12.954446726831659,11.90450570431878,11.932448408247254,255.64801068214683,0.0,False
437,437000,0.05689537536426593,0.03189655172413793,0.052383825898154594,0.2672413793103448,0.09841954022988506,0.04497354497354497,0.012698412698412698,0.029671075970772478,0.12698412698412698,0.04131393298059965,0.05269942388596749,0.025139664804469275,0.04438995301868491,0.21787709497206703,0.07832091868404717,63,0.35195530726256985,59868,11.854678480915926,22.09150984877617,184.7149859591779,11.678193841457851,12.576233507338719,11.679940575853864,11.734605688595856,266.33014790211627,0.0,False
438,438000,0.032229395254605345,0.02142857142857143,0.03223401149486952,0.19047619047619047,0.06461325270849082,0.013440860215053762,0.0032258064516129032,0.006218836964263975,0.03225806451612903,0.005376344086021505,0.026033176252200033,0.015425531914893617,0.02365453904328684,0.13829787234042554,0.045077676460655185,62,0.32978723404255317,59868,11.7027413777393,21.93779273496066,167.54354105408265,11.65741313571833,12.538614393653447,11.660216016590175,11.717042842696035,248.75736155544058,0.0,False
439,439000,0.03230249133287713,0.023762376237623766,0.02981360940528227,0.19801980198019803,0.057272512965582265,0.0091324200913242,0.0027397260273972603,0.009197069486620604,0.0273972602739726,0.017123287671232876,0.022581714317742856,0.014942528735632184,0.02116414150837249,0.12643678160919541,0.04042829775588396,73,0.41954022988505746,59868,11.724634585680294,21.871625717762022,171.1875089475401,11.663894918773066,12.546640353772176,11.67489070533212,11.718008436051308,252.38720366491108,0.0,False
440,440000,0.03705486067477018,0.018461538461538463,0.029885791119549428,0.16923076923076924,0.06143162393162393,0.03571428571428571,0.008571428571428572,0.02369477810859098,0.08571428571428572,0.029897959183673464,0.036585659438600614,0.015,0.02771893656571397,0.14,0.05039484126984126,70,0.35,59868,11.775161644217436,22.250137024087955,178.54795162206005,11.701001454117455,12.776885659732118,11.676053339043646,11.816050667218247,260.5432414104769,615.0079292389088,True
441,441000,0.03403413477862007,0.025,0.03504368949372583,0.21666666666666667,0.08843253968253968,0.03787878787878787,0.011363636363636364,0.03097917238806148,0.11363636363636363,0.05075757575757576,0.03506562707378704,0.021341463414634148,0.033953209294645154,0.18902439024390244,0.0783246225319396,44,0.2682926829268293,59868,11.719126171871874,18.058435462875444,168.87466233547755,11.687539057003704,12.650877116854309,11.703534037926788,11.713468728025145,246.4076429100348,0.0,False
442,442000,0.041136661731768935,0.02710280373831776,0.038954283292707094,0.24299065420560748,0.09031300993917815,0.027272727272727268,0.007272727272727273,0.015697053204358987,0.07272727272727272,0.019444444444444445,0.03642977040308195,0.020370370370370372,0.03105831011456422,0.18518518518518517,0.06625269449343524,55,0.3395061728395062,59868,11.736327336697716,19.733065116489534,176.25031722945383,11.781694735257808,12.666889092211031,11.76999217913921,11.82622252826615,255.7645082175153,0.0,False
443,443000,0.04799225282898394,0.02735849056603774,0.04383073284406939,0.25471698113207547,0.09211964660077868,0.024193548387096774,0.0064516129032258064,0.013250262112599205,0.06451612903225806,0.014426523297491039,0.03920939761828749,0.019642857142857146,0.032545082931264915,0.18452380952380953,0.06344718442932729,62,0.36904761904761907,59868,11.769623280671881,20.31326125062627,168.00216964912852,11.6574635331268,12.494465585211056,11.663739662270967,11.70482991552646,247.60555287656192,0.0,False
444,444000,0.022892557089206383,0.018018018018018018,0.024612240872710585,0.15315315315315314,0.052198627198627195,0.017543859649122806,0.005263157894736842,0.013110243617537178,0.05263157894736842,0.019736842105263157,0.021528459755493796,0.014765100671140941,0.02167884559957911,0.12751677852348994,0.04391978267817194,38,0.2550335570469799,59868,11.702024186516224,17.219979749794057,164.24709192994214,11.66804332003446,12.3777757849719,11.662263829537167,11.700264613667688,240.57744341446363,0.0,False
445,445000,0.037279652031110465,0.022314049586776862,0.03392120032342741,0.19008264462809918,0.06923455332546241,0.02487562189054726,0.005970149253731343,0.010758417796788041,0.05970149253731343,0.008955223880597015,0.032859066821441664,0.01648936170212766,0.02566637889106126,0.14361702127659576,0.047752026342451875,67,0.35638297872340424,59868,11.723101744909314,20.787037201236423,167.7812892923458,11.828951416298361,12.672724943513236,11.749681844586135,12.019188886297494,248.56197532918677,600.9466318655788,True
446,446000,0.04326756066411238,0.027619047619047623,0.037434533042370426,0.23809523809523808,0.07594482237339381,0.02040816326530612,0.006122448979591837,0.011796197599423566,0.061224489795918366,0.014172335600907028,0.035994116037219484,0.02077922077922078,0.029276880855978238,0.18181818181818182,0.05628994021851165,49,0.3181818181818182,59868,11.724882504116074,19.69467499557398,176.69425628236147,11.69978686049733,12.51378629826827,11.682839841847814,11.776882088476714,255.78710887114167,0.0,False
447,447000,0.03929344537547056,0.02727272727272727,0.03546773092533029,0.20909090909090908,0.07003968253968254,0.030864197530864196,0.009259259259259259,0.025729830294946212,0.09259259259259259,0.04429012345679012,0.03651796132907579,0.021341463414634148,0.03226134901044772,0.17073170731707318,0.06156116918312039,53,0.3231707317073171,59868,11.772457010839066,23.805093962769863,180.95482933111472,11.667428993056284,12.55193708543656,11.675993651816263,11.733729863266928,264.1614698982997,0.0,False
448,448000,0.046749239065028536,0.024444444444444446,0.04304119291451969,0.21481481481481482,0.08602880658436213,0.030612244897959183,0.00816326530612245,0.022335490082415106,0.08163265306122448,0.03520408163265306,0.042451887357493764,0.020108695652173915,0.037527174225535316,0.1793478260869565,0.072493961352657,49,0.266304347826087,59868,11.713408700847472,19.135225806821143,170.05622372903707,11.674761892760399,12.643527624811579,11.682235313864586,11.701887926512944,248.60727099465518,0.0,False
449,449000,0.034982756994131343,0.024000000000000004,0.03302021360920697,0.18,0.056730158730158735,0.012195121951219513,0.0024390243902439024,0.014954809579645326,0.024390243902439025,0.024390243902439025,0.028356565244064783,0.01773049645390071,0.027767152863022376,0.1347517730496454,0.04732635370933243,41,0.2907801418439716,59868,11.763311031948165,17.554230170163663,168.43781161035577,11.658496956806763,12.384571256074395,11.661542052732177,11.7241614422392,245.18412452032015,0.0,False
450,450000,0.03365540233405901,0.022900763358778626,0.029306136416584395,0.183206106870229,0.05463770750030291,0.017948717948717947,0.004615384615384616,0.01882604448689298,0.046153846153846156,0.03247863247863248,0.028446552920553047,0.01683673469387755,0.025830595725615302,0.1377551020408163,0.04728903466148363,65,0.33163265306122447,59868,11.690750323034571,20.813549434312016,172.20718998067764,11.666625684081389,12.712561827638025,11.670997396101557,11.72898519508081,252.490659840926,651.711969285873,True
451,451000,0.03145323811990478,0.02074074074074074,0.028484991546953203,0.17777777777777778,0.05565549676660789,0.018518518518518517,0.005555555555555557,0.008593995152907603,0.05555555555555555,0.007818930041152264,0.027757603948080137,0.0164021164021164,0.022801849720083034,0.14285714285714285,0.041987906273620555,54,0.2857142857142857,59868,11.753237733863608,20.03873928368982,170.65365924961995,11.669476228631792,12.596865037350913,11.6762824797223,11.732355568033759,250.12061558091213,0.0,False
452,452000,0.05107716330779813,0.034653465346534656,0.0508995273368988,0.3069306930693069,0.11193226465503693,0.027777777777777773,0.007407407407407408,0.019131167040442352,0.07407407407407407,0.02546296296296296,0.04295995802637168,0.02516129032258065,0.03983184052393978,0.22580645161290322,0.08180747567844342,54,0.34838709677419355,59868,11.696599092225757,19.17173330268085,186.70812221688317,11.679959308869003,12.415535406512523,11.682565698722946,11.706179582238185,265.06069460813245,0.0,False
453,453000,0.019769792071182336,0.015238095238095238,0.020316360906947484,0.11428571428571428,0.04428571428571429,0.029239766081871343,0.008771929824561403,0.018198172245058056,0.07017543859649122,0.021198830409356724,0.023101819963832173,0.012962962962962964,0.019571072303690092,0.09876543209876543,0.03616255144032922,57,0.35185185185185186,59868,12.025021241451883,20.535997304893527,176.8908264512259,11.664784379472604,12.507286142937613,11.695650320969753,11.795557129268275,257.11512297021955,0.0,False
454,454000,0.03695658418660447,0.031,0.03854424919839136,0.23,0.0836468253968254,0.0303030303030303,0.007272727272727273,0.021485507846674592,0.07272727272727272,0.02803030303030303,0.03459564571178783,0.02258064516129032,0.03249114742842735,0.17419354838709677,0.06391193036354327,55,0.3548387096774194,59868,11.832040630960217,20.305427002931253,176.71942163005605,11.67273272428826,12.490087429567476,11.662129509454333,11.696128484450785,256.37796741170837,0.0,False
455,455000,0.043552425665101716,0.025217391304347827,0.043014847186612186,0.23478260869565218,0.09699102829537612,0.03273809523809523,0.008928571428571428,0.022612797102848775,0.08928571428571429,0.029187925170068026,0.040010890554503104,0.019883040935672516,0.03633347405976568,0.1871345029239766,0.07478650329527524,56,0.32748538011695905,59868,11.708723974407365,19.583782723181507,167.60828750755908,11.661560143483296,12.476535620531415,11.663370788866922,11.715994554045706,246.41825531207527,624.6809831486621,True
456,456000,0.04694373152432363,0.03046875,0.044039920457726464,0.2578125,0.10030071924603175,0.03273809523809523,0.008928571428571428,0.03514261092154867,0.07142857142857142,0.05803571428571429,0.04262027700242803,0.02391304347826087,0.041332043642368005,0.20108695652173914,0.08743745686680471,56,0.30434782608695654,59868,11.70009585232945,20.247633645442686,176.66793014137204,11.656199571496995,12.68534544873745,11.664314387843655,11.723353675968662,256.3448727231909,0.0,False
457,457000,0.03986622760048547,0.025862068965517244,0.03555573982271522,0.1724137931034483,0.058565955117679244,0.06802721088435375,0.014285714285714287,0.05481763477198752,0.14285714285714285,0.08197278911564626,0.04822918627266453,0.022424242424242426,0.04127593892886274,0.16363636363636364,0.06551707551707552,49,0.296969696969697,59868,11.744185187040346,18.937526113260716,171.41875961498855,11.672252425404261,12.593177063230376,11.713468047014342,11.749721208764718,249.8290896597033,0.0,False
458,458000,0.03331762612818513,0.019999999999999997,0.0323617904817702,0.16521739130434782,0.06886473429951691,0.03107344632768361,0.00847457627118644,0.018033885055260452,0.0847457627118644,0.02222222222222222,0.03255666860962427,0.01609195402298851,0.027503477722206546,0.13793103448275862,0.05304916985951468,59,0.3390804597701149,59868,11.778586478800035,21.05750686259844,181.0023807350125,11.686472000199677,12.519924761367207,11.674741152489787,11.702552061565452,261.4221640520331,0.0,False
459,459000,0.05144407003997106,0.030081300813008128,0.05099937042272266,0.2764227642276423,0.12211898309459286,0.011363636363636364,0.002272727272727273,0.013935163471942236,0.022727272727272728,0.022727272727272728,0.04088395577794275,0.022754491017964076,0.04123395062730745,0.20958083832335328,0.09593194563254442,44,0.2634730538922156,59868,11.79296678180397,17.676455350223996,168.1822366527419,11.661763222897692,12.507340192341454,11.729958340062074,11.79904722439784,245.3497677644689,0.0,False
460,460000,0.029330454892673784,0.019819819819819822,0.03853169333357483,0.18018018018018017,0.09635707135707136,0.03205128205128205,0.007692307692307693,0.0278629675209483,0.07692307692307693,0.044070512820512824,0.030198448832843294,0.015950920245398775,0.03512817344243017,0.147239263803681,0.07967669685461097,52,0.31901840490797545,59868,11.721001729164682,26.903910426673285,174.76830632631723,11.676863371223867,12.497767113150982,11.661232660109544,11.683554991842593,260.91263661848217,617.8937818395458,True
461,461000,0.02973944432688003,0.02254901960784314,0.03588226032900582,0.19607843137254902,0.08614612511671335,0.016260162601626015,0.004878048780487805,0.015261096781227852,0.04878048780487805,0.027874564459930314,0.02587475516089811,0.017482517482517484,0.029969898752370182,0.15384615384615385,0.06943889443889445,41,0.2867132867132867,59868,11.776853264644505,17.92251275953283,178.52120097425205,11.680372579953024,12.349333783634453,11.673259415617698,11.715230332887128,255.6387631105217,0.0,False
462,462000,0.03825220110892796,0.03103448275862069,0.04277721815299269,0.22413793103448276,0.09505336617405583,0.02,0.004,0.012105204881054116,0.04,0.013333333333333332,0.03275455017250388,0.022891566265060243,0.03353865993855335,0.1686746987951807,0.07043889845094664,50,0.30120481927710846,59868,11.694762187708374,19.131003660632917,169.4950458491218,11.661642027094299,12.546006172647894,11.661418603536866,11.70114128543065,247.89101978617282,0.0,False
463,463000,0.03602638582486461,0.024509803921568627,0.035160922195545515,0.21568627450980393,0.07362278244631186,0.040880503144654086,0.011320754716981131,0.025476920493465803,0.11320754716981132,0.03160377358490566,0.03768618077937327,0.020000000000000004,0.031849618387737616,0.18064516129032257,0.059254992319508454,53,0.3419354838709677,59868,11.698410862764907,20.500909291398806,176.095672814236,11.761309401475684,12.490979229590193,11.74234154330267,11.79586499683305,256.0854881396013,0.0,False
464,464000,0.0430744852409479,0.028125,0.04207722586747512,0.25,0.09810267857142857,0.031007751937984496,0.009302325581395349,0.018632800011093156,0.06976744186046512,0.019601328903654482,0.03934161090981535,0.022302158273381296,0.034824633696076385,0.19424460431654678,0.07381808838643371,43,0.30935251798561153,59868,11.785094439942245,18.133364269340426,182.87742357964154,11.663560667535267,12.400316134281164,11.662319010979916,11.734268956981042,260.25634705870164,0.0,False
465,465000,0.05301533683404069,0.033962264150943396,0.057430576919214125,0.3018867924528302,0.12921533393231507,0.01639344262295082,0.004918032786885246,0.014515735763467007,0.04918032786885246,0.02513661202185792,0.03963847727190606,0.023353293413173656,0.04175509601801308,0.20958083832335328,0.09119855527041157,61,0.3652694610778443,59868,11.731405778675486,20.97954617424902,165.5499875067856,11.66053450488147,12.448157638234036,11.656677946975114,11.687041284125232,245.71335083392597,595.0124177845905,True
466,466000,0.044122516161989846,0.024324324324324326,0.04165345335908973,0.2072072072072072,0.08266838266838268,0.005208333333333333,0.0015625,0.007332480094105569,0.015625,0.015625,0.029891043584652607,0.016,0.029101783136466948,0.13714285714285715,0.05814965986394559,64,0.3657142857142857,59868,11.715349304414202,22.491077503877797,178.0996856035333,11.67278370961533,12.510961296924306,11.67660303685869,11.718061750071174,259.88452220529484,0.0,False
467,467000,0.034379416102105174,0.021848739495798325,0.030329129493205653,0.19327731092436976,0.0618780845671602,0.02511415525114155,0.005479452054794521,0.015961919977743228,0.0547945205479452,0.019308545335942593,0.030856686716061715,0.015625,0.02486659670868088,0.140625,0.045692791005291,73,0.3802083333333333,59868,11.751101941070985,22.335250492666603,171.31830683567162,11.66777159880561,12.656083682532904,11.674143094414502,11.698489235406617,253.10114688056882,0.0,False
468,468000,0.029023812036355286,0.020588235294117647,0.03397204882105421,0.17647058823529413,0.07999533146591971,0.04248366013071895,0.00980392156862745,0.021930294964398776,0.09803921568627451,0.021755368814192346,0.03351042806780984,0.016993464052287584,0.029958130868835732,0.1503267973856209,0.060582010582010584,51,0.3333333333333333,59868,11.731417806776223,18.886597622364,168.06625893378558,11.657335187126305,12.445047526787878,11.659009304443302,11.687217726624732,246.132884107908,0.0,False
469,469000,0.03649961995654803,0.018691588785046728,0.030115091028892635,0.1588785046728972,0.05230307076101469,0.046511627906976744,0.011627906976744186,0.03375280979657686,0.09302325581395349,0.04401993355481727,0.0393697289023376,0.01666666666666667,0.031157903742295445,0.14,0.049928571428571426,43,0.2866666666666667,59868,11.686396110044406,21.143051839367377,184.16393306286415,12.153202962050802,12.546241314886908,11.866957565082048,12.105484868435434,265.66526772273113,0.0,False
470,470000,0.03336133873904877,0.022222222222222227,0.03783883460763096,0.17592592592592593,0.08461934156378602,0.02941176470588235,0.00784313725490196,0.012340045085562657,0.0784313725490196,0.009391534391534392,0.03209449423784444,0.01761006289308176,0.029659977591118485,0.14465408805031446,0.06048966756513926,51,0.32075471698113206,59868,11.908650945136046,20.557646519703265,177.75042137899155,11.674577095943661,12.450032035343783,11.68327121287005,11.720875935455899,257.74547512344424,571.5551791964368,True
471,471000,0.037204212887806634,0.01953125,0.03327924794609192,0.1796875,0.07234002976190476,0.03233830845771144,0.008955223880597015,0.021245935331623403,0.08955223880597014,0.02972636815920398,0.03553233803233803,0.015897435897435898,0.029144725150351457,0.14871794871794872,0.0576984126984127,67,0.3435897435897436,59868,11.778210188634342,21.7193230027668,185.70156880817757,11.682257330447587,12.669191066738694,11.707925130499675,11.717692150692294,266.976167677957,0.0,False
472,472000,0.06035853892024492,0.031034482758620693,0.05166074905412109,0.2413793103448276,0.09208059660645866,0.014705882352941176,0.004411764705882354,0.016774482331559714,0.04411764705882353,0.03308823529411765,0.04348690497145875,0.021195652173913046,0.03876799830882667,0.16847826086956522,0.070279071773637,67,0.3641304347826087,59868,11.705958387897564,21.313253787930144,168.99965801261962,11.750818550121389,12.604729368120848,11.676786424663632,11.726367931119697,249.77757246247285,0.0,False
473,473000,0.029711002274561596,0.017796610169491526,0.03234252853429071,0.1440677966101695,0.07166733925208502,0.016431924882629106,0.004225352112676057,0.008003166701654485,0.04225352112676056,0.007902973395931143,0.024722565793994362,0.0126984126984127,0.023199170385522605,0.10582010582010581,0.04771352985638701,71,0.37566137566137564,59868,11.72895267939622,22.205414150294757,171.82996844342102,11.675227922447462,12.58606001031115,11.683599678485868,11.699220040961578,253.40844292531807,0.0,False
474,474000,0.02386671203696644,0.01904761904761905,0.02556755559184302,0.1523809523809524,0.051281179138321996,0.0070921985815602835,0.002127659574468085,0.0028862122006903784,0.02127659574468085,0.002127659574468085,0.01867985590272901,0.013815789473684212,0.01855424546431556,0.1118421052631579,0.03608239348370927,47,0.3092105263157895,59868,11.711179581541664,19.00060948503701,170.95333839897697,11.685099557678935,12.561669877508841,11.66075212180595,11.698384320357746,249.27103334290715,0.0,False
475,475000,0.045224846606689066,0.027619047619047623,0.04192615038945398,0.23809523809523808,0.0827891156462585,0.01111111111111111,0.0033333333333333335,0.005380146089953027,0.03333333333333333,0.005185185185185185,0.032819851881024355,0.018787878787878787,0.028636694280544543,0.16363636363636364,0.054569504569504566,60,0.36363636363636365,59868,11.712360720200765,20.213507820332488,180.13619907916723,11.758236940467848,12.609695328846815,11.696760247675853,11.708076505523302,259.83483664221427,598.2531778849775,True
476,476000,0.04902044791177345,0.031481481481481485,0.05422193014547682,0.24074074074074073,0.12685920047031157,0.0303030303030303,0.007272727272727273,0.017201349521168998,0.07272727272727272,0.01987012987012987,0.04270475485360858,0.023312883435582826,0.04173032318635455,0.18404907975460122,0.0907585938260785,55,0.3374233128834356,59868,11.747591177113659,19.629330178017046,183.54420867744415,11.715649373716941,12.79268480031126,11.700431921030097,11.794053292490947,262.9239494201241,0.0,False
477,477000,0.044704903255984384,0.02627118644067797,0.0374607979917448,0.22033898305084745,0.06990180252892117,0.02482269503546099,0.006382978723404256,0.013037667448428634,0.0425531914893617,0.009574468085106383,0.039041486368926216,0.020606060606060607,0.030503906261224442,0.1696969696969697,0.05271765271765271,47,0.28484848484848485,59868,11.790597970018357,18.36829573023668,178.9244461442574,11.654551848427896,12.44127106336812,11.654263706972756,11.69853588980918,256.5319623530904,0.0,False
478,478000,0.04270692110096288,0.026356589147286825,0.038027524529802174,0.21705426356589147,0.0728559123907961,0.022435897435897433,0.00576923076923077,0.017111413641182082,0.057692307692307696,0.027243589743589744,0.036883201594977225,0.020441988950276244,0.032018476097712426,0.1712707182320442,0.05975181969657107,52,0.287292817679558,59868,11.73595346992684,19.244569201964936,173.76653742232074,11.680582638201598,12.91913638826192,11.665631576368574,11.796879170217212,252.80928986726184,0.0,False
479,479000,0.03721744605402613,0.02272727272727273,0.0351867256534514,0.2,0.07261183261183261,0.021739130434782608,0.006521739130434784,0.017666370551807243,0.06521739130434782,0.029589371980676328,0.032653327345787665,0.01794871794871795,0.030020467097838382,0.16025641025641027,0.05992572242572242,45,0.28846153846153844,59868,11.742839362088864,24.139854538057783,177.02493567250954,11.657742772314128,12.393539875948933,11.661306674543015,11.716086065954867,260.3363049614171,0.0,False
480,480000,0.03767358102464486,0.021621621621621626,0.036516622891825425,0.1891891891891892,0.06864006864006865,0.028248587570621465,0.00847457627118644,0.025403244606443748,0.06779661016949153,0.035781544256120526,0.03440255388471909,0.017058823529411765,0.03265962689866356,0.14705882352941177,0.05723622782446312,59,0.34705882352941175,59868,11.7188420432901,21.0464872169025,193.63539876762758,11.682752602854007,12.716390647177223,11.679640129047542,11.782805360210924,274.2623167671099,713.8604590688213,True
481,481000,0.026597475242861414,0.018691588785046728,0.021245994720005604,0.16822429906542055,0.03564011274291647,0.04938271604938271,0.012345679012345678,0.035707293953719695,0.12345679012345678,0.046913580246913576,0.036414520483968996,0.015957446808510637,0.027476660879212206,0.14893617021276595,0.04049729821006416,81,0.4308510638297872,59868,11.791039941755344,30.585078713452063,192.07660683531748,11.740964626361095,12.63472777196517,11.746171826448881,11.781044785608152,282.35563450090814,0.0,False
482,482000,0.05073113991359255,0.030508474576271188,0.04874595610204144,0.23728813559322035,0.10056160882432068,0.024774774774774775,0.006756756756756757,0.01328849699735371,0.05405405405405406,0.012762762762762763,0.04072712418300654,0.021354166666666664,0.03508006040544304,0.16666666666666666,0.06672247023809524,74,0.3854166666666667,59868,11.761362948808918,22.574444637102342,178.75271398987147,11.662135685208685,12.657256044518173,11.665547042988278,11.74175844079195,260.81521878928976,0.0,False
483,483000,0.019004329004329003,0.016363636363636365,0.018460605417811096,0.12727272727272726,0.03526334776334776,0.03611111111111111,0.008333333333333333,0.02278951376497488,0.08333333333333333,0.02694444444444444,0.02504201680672269,0.013529411764705884,0.019988455422692432,0.11176470588235295,0.032327264239028944,60,0.35294117647058826,59868,11.74878657339562,20.164455763888036,178.29110184072738,11.682162566195586,12.530057838466835,11.659647640577253,11.785824880511386,257.8620371037621,0.0,False
484,484000,0.045618212366985995,0.02377049180327869,0.037204475308679714,0.20491803278688525,0.06711878740567265,0.01953125,0.00625,0.01926475603018439,0.0625,0.035937500000000004,0.03664205327296931,0.017741935483870968,0.03103166867521896,0.15591397849462366,0.05638974227683905,64,0.34408602150537637,59868,11.722080529685819,20.922655416893974,176.29200392196842,11.728075975991903,13.003968828528834,11.66999481119757,11.753419525029063,257.0921990092956,0.0,False
485,485000,0.04308366274078701,0.032967032967032975,0.0484586534936545,0.25274725274725274,0.11207046921332633,0.04320987654320988,0.009259259259259259,0.04215787938130465,0.09259259259259259,0.06190476190476191,0.04313066650168932,0.02413793103448276,0.04611215830698628,0.19310344827586207,0.09338806787082649,54,0.3724137931034483,59868,11.799970833059614,23.683606170832316,189.78129972410662,11.677008812632783,12.412260483929405,11.663766402381093,11.766606247493039,272.7845186744348,629.1702828284396,True
486,486000,0.026324241411113645,0.022429906542056077,0.034632595953657294,0.18691588785046728,0.09238985313751669,0.046875,0.010937500000000001,0.028023550885622514,0.109375,0.03459201388888889,0.03401575339759742,0.018128654970760237,0.0321590352264396,0.15789473684210525,0.07075791330177295,64,0.3742690058479532,59868,11.851156263287255,26.21611798989121,195.31728646840497,11.723992988599274,12.770721916216532,11.714772251925076,11.760406210287178,281.3544540886115,0.0,False
487,487000,0.024334512351749108,0.015887850467289723,0.023262067809951277,0.14953271028037382,0.05046728971962616,0.0457516339869281,0.013725490196078431,0.034758410261683914,0.13725490196078433,0.05563336445689386,0.031247633892218275,0.015189873417721522,0.026972912525383964,0.14556962025316456,0.05213482017279485,51,0.3227848101265823,59868,11.887094752249805,20.40151120444311,184.03902056862708,11.660789131673344,12.51309613120588,11.661745687896463,11.731587621577333,263.894845097673,0.0,False
488,488000,0.03224257171591541,0.019047619047619046,0.029981028520532107,0.16666666666666666,0.06641156462585034,0.01282051282051282,0.003076923076923077,0.013988140057404978,0.03076923076923077,0.023076923076923078,0.02563297052114489,0.013612565445026176,0.024538422499049056,0.12041884816753927,0.05166417352281227,65,0.3403141361256545,59868,11.730157995798463,25.783586201727495,178.8430760546744,11.661373848059764,12.592169093383898,11.665501982116577,11.758991374538619,264.0348565502992,0.0,False
489,489000,0.03690112402217665,0.022400000000000003,0.03070263236899901,0.192,0.05718412698412699,0.017730496453900707,0.00425531914893617,0.008071204963502027,0.0425531914893617,0.007446808510638297,0.031662638582008226,0.01744186046511628,0.024518463252380645,0.1511627906976744,0.04359311554078996,47,0.27325581395348836,59868,11.814478635602255,19.69084144390343,178.38982820100878,11.764450077639266,12.738649249111056,11.764353139764872,11.786817110698289,257.94941785772795,0.0,False
490,490000,0.03031841895478259,0.018181818181818184,0.03070276877426028,0.17355371900826447,0.06671258034894399,0.028571428571428567,0.007142857142857143,0.022841928135343862,0.07142857142857142,0.03346938775510204,0.0296781606991031,0.014136125654450262,0.027821832414447977,0.13612565445026178,0.05452921133549406,70,0.36649214659685864,59868,11.888598282133733,24.259126080866665,184.63509788960164,11.6800722229915,12.683373001087794,11.670459179019543,11.805482042437365,268.62220869813825,676.0489388139279,True
491,491000,0.024503213300498487,0.01652173913043478,0.024105759124709334,0.13043478260869565,0.046266390614216696,0.015873015873015872,0.004761904761904762,0.012414781111713133,0.047619047619047616,0.02040816326530612,0.02144870522223217,0.012359550561797755,0.01996794106392978,0.10112359550561797,0.03711432138398431,63,0.3539325842696629,59868,11.751186951819426,26.403052352269583,191.80932921589178,11.683878620938337,12.756270147268323,11.751722681002663,11.908694046630641,278.06413401582074,0.0,False
492,492000,0.03885507287781114,0.022222222222222223,0.03712146088677871,0.18803418803418803,0.07448446615113281,0.03216374269005848,0.008771929824561403,0.019772177534366418,0.08771929824561403,0.024171539961013646,0.036663085402512854,0.017816091954022988,0.03143807496098848,0.15517241379310345,0.05800264550264551,57,0.3275862068965517,59868,11.80183204316232,20.55623965072084,180.0329024588543,11.663619836038697,12.593055797510688,11.684277795881437,11.707009163197668,260.0389367453659,0.0,False
493,493000,0.05133268486738245,0.0306930693069307,0.05275934622283905,0.26732673267326734,0.12516108753732516,0.01515151515151515,0.004545454545454546,0.006765754883350328,0.045454545454545456,0.005772005772005772,0.040353571298429605,0.022758620689655173,0.03880267023016662,0.2,0.08893267651888342,44,0.30344827586206896,59868,11.710354478555729,22.045198768416707,177.95347017390827,11.661271772545057,12.401724887506349,11.656911786783741,11.709727504610745,259.13865937232663,0.0,False
494,494000,0.028559502939668226,0.019008264462809916,0.02397301242592127,0.18181818181818182,0.04659910796274433,0.047619047619047616,0.014285714285714285,0.03627117887240982,0.12698412698412698,0.05423280423280423,0.0350853253027166,0.017391304347826087,0.028183797676621155,0.16304347826086957,0.049212819185645275,63,0.3423913043478261,59868,11.707871372029777,23.296097260927517,197.17193343718463,11.76944546871228,12.74446977828081,11.760444558556182,11.825323457115289,280.27558533280654,0.0,False
495,495000,0.05323906025263491,0.02735042735042735,0.03699291107267524,0.24786324786324787,0.05797720797720797,0.03571428571428571,0.008571428571428572,0.023226005789298964,0.08571428571428572,0.03071428571428571,0.04667898422223682,0.020320855614973262,0.03183952406820284,0.18716577540106952,0.04777183600713013,69,0.3689839572192513,59868,11.889476930787568,24.527163035581445,182.20282943995358,11.661389250794407,12.60187814175473,11.662021166480852,11.721971186900992,266.26672915225356,661.411953179758,True
496,496000,0.04161172710105558,0.02654867256637168,0.03597393139335362,0.24778761061946902,0.072496137097907,0.01075268817204301,0.0032258064516129032,0.0047755146929978265,0.03225806451612903,0.004032258064516129,0.030678810451919693,0.018285714285714287,0.02492077804808471,0.17142857142857143,0.04824036281179138,61,0.3485714285714286,59868,11.794453604691002,21.224124835600435,184.30093665297576,11.696923906151513,12.564645858331724,11.670625373105814,11.818217090342475,265.06992732119875,0.0,False
497,497000,0.042860759402112786,0.02631578947368421,0.034575973954440585,0.21929824561403508,0.0609370648844333,0.04006410256410257,0.011538461538461537,0.03192080866166515,0.11538461538461539,0.050854700854700854,0.04198469822394091,0.02168674698795181,0.03374423542899285,0.18674698795180722,0.057778733983553265,52,0.3132530120481928,59868,11.830010764962706,20.34549397197938,197.60762037110413,11.675683284556593,12.583000866872585,11.673648108556645,11.779201724487764,277.49465909251984,0.0,False
498,498000,0.03514353373696492,0.02857142857142857,0.0360345526373803,0.226890756302521,0.08103241296518607,0.03571428571428571,0.008928571428571428,0.02506539565152092,0.08928571428571429,0.033928571428571426,0.03532617436970757,0.022285714285714284,0.0325244224019053,0.18285714285714286,0.06595918367346938,56,0.32,59868,11.800140085116428,24.241575624195377,178.21486131944232,11.656551539562798,12.542818303623582,11.664687403489804,11.70335719838378,261.8239914738141,0.0,False
499,499000,0.03419913507084207,0.023809523809523808,0.0354449454064845,0.22857142857142856,0.08142101284958428,0.026881720430107524,0.008064516129032258,0.01898308849881595,0.06451612903225806,0.023521505376344086,0.0314824901144017,0.017964071856287425,0.02933335781202072,0.16766467065868262,0.05992538732059691,61,0.3652694610778443,59868,11.720698142897445,21.183134641555856,180.47025163331344,11.7483614966718,12.827858039632378,11.747975387721432,11.794611840809655,261.492891182602,0.0,False
500,500000,0.042081912936468076,0.025000000000000005,0.05080360233907513,0.23148148148148148,0.13084582598471486,0.03741496598639456,0.01020408163265306,0.021461467666569794,0.10204081632653061,0.025680272108843535,0.040625349875617105,0.020382165605095544,0.04164586604001296,0.1910828025477707,0.09802345566676776,49,0.31210191082802546,59868,11.815461026992713,23.139703251850996,189.16099700527766,11.664190115778794,12.481680330828082,11.665820197487298,11.739297573032381,271.66714950124793,639.8167853477465,True
501,501000,0.03177275927758088,0.01885245901639344,0.028535583888823494,0.1721311475409836,0.059845823575331775,0.005747126436781609,0.001724137931034483,0.002882076809762108,0.017241379310344827,0.0028735632183908046,0.023386722028878894,0.013333333333333336,0.020269453830014827,0.12222222222222222,0.041488095238095234,58,0.32222222222222224,59868,11.771498318102758,23.01536506135737,179.06391330616,11.692212282615744,12.590401205464508,11.66973287816675,11.729094918477845,261.53221797034496,0.0,False
502,502000,0.027743022581126847,0.022429906542056073,0.03393148539685543,0.18691588785046728,0.08150126094051328,0.0220125786163522,0.0056603773584905665,0.019966771316185766,0.05660377358490566,0.0330188679245283,0.02584481301779525,0.016875,0.0293056738576336,0.14375,0.06544146825396825,53,0.33125,59868,11.722297564492612,23.646940582655596,180.53310396951017,11.675756148132876,12.50658383927794,11.70174109818567,11.724408235491701,263.51083143774656,0.0,False
503,503000,0.0453109331816959,0.029661016949152543,0.039747448954709615,0.2627118644067797,0.08407990314769975,0.02610441767068273,0.0072289156626506035,0.020414658798478376,0.07228915662650602,0.03333333333333334,0.03737988448809344,0.020398009950248753,0.03176425699964895,0.18407960199004975,0.06312485193082208,83,0.4129353233830846,59868,11.70791624494072,29.867151127405123,192.73325638438644,11.66837143401489,12.701511854062986,11.665868116544909,11.793342724525369,282.13741788588044,0.0,False
504,504000,0.028278539753949585,0.018032786885245903,0.027152139016990137,0.16393442622950818,0.06261059068436119,0.01243781094527363,0.0029850746268656717,0.005089581175927667,0.029850746268656716,0.003790570954750059,0.022663043297963932,0.012698412698412698,0.01933102062888863,0.1164021164021164,0.04175904929873184,67,0.3544973544973545,59868,11.758408834050549,24.849499764528773,186.5352242438334,11.68079047833559,12.716623599445809,11.685508906983388,11.904215105468241,271.1302709326458,0.0,False
505,505000,0.027997233236891936,0.019672131147540982,0.03119472076850441,0.18032786885245902,0.07222222222222223,0.02525252525252525,0.006060606060606061,0.010996846954468393,0.06060606060606061,0.008922558922558922,0.027033665540252567,0.014893617021276596,0.02410397783378964,0.13829787234042554,0.049999999999999996,65,0.34574468085106386,59868,11.886002814515129,24.67338831890764,194.08822448394037,11.661559034426006,12.624461558502498,11.661095666359866,11.730455709901833,278.32518758655334,628.2155184904881,True
506,506000,0.023866922020262506,0.016814159292035398,0.018672861439966076,0.1592920353982301,0.03196727068408484,0.036231884057971016,0.008695652173913045,0.018856624063530447,0.07246376811594203,0.01896135265700483,0.02855473729829485,0.013736263736263736,0.018742529687361356,0.12637362637362637,0.02703645560788418,68,0.37362637362637363,59868,11.784671361647625,23.307725233262524,186.6941733624783,11.6963569422035,12.540407254651997,11.667392279174349,11.737889596713513,269.42861603013176,0.0,False
507,507000,0.04698982477572134,0.030088495575221242,0.03832451240949148,0.24778761061946902,0.06727770754319426,0.03401360544217687,0.00816326530612245,0.023325988080323126,0.08163265306122448,0.02891156462585034,0.04306491892792086,0.02345679012345679,0.03378792171733562,0.19753086419753085,0.05567313345091123,49,0.30246913580246915,59868,11.714709239635246,19.55190366340065,192.61125256889167,11.664043687492631,12.54254614910244,11.664755109386249,11.76128089258599,271.5104913104949,0.0,False
508,508000,0.04293364146305323,0.03063063063063063,0.04331877935879334,0.21621621621621623,0.0887208637208637,0.00505050505050505,0.0015151515151515152,0.002750633220262919,0.015151515151515152,0.0030303030303030303,0.028807726190577636,0.01977401129943503,0.028191674019002338,0.14124293785310735,0.056768451259976684,66,0.3728813559322034,59868,11.823134033889238,25.029240030394195,174.6890920079902,11.665114977882363,12.618911013367873,11.663055015348478,11.781005222394336,259.2695523012667,0.0,False
509,509000,0.03420214842628635,0.02,0.031167269681143195,0.18461538461538463,0.06601037851037851,0.0101010101010101,0.0030303030303030303,0.009165616658412184,0.030303030303030304,0.016666666666666666,0.02608645899022394,0.014285714285714287,0.023758549785733774,0.1326530612244898,0.049394638807904116,66,0.336734693877551,59868,11.743272715469821,26.030849228003696,171.84964929015112,11.658979752249277,12.6521597686724,11.664822940515851,11.691629395377268,257.2913630904394,0.0,False
510,510000,0.03813657789835497,0.02608695652173913,0.039669260086189095,0.20869565217391303,0.08421325051759836,0.040983606557377046,0.009836065573770491,0.024333675753049226,0.09836065573770492,0.026775956284153003,0.03912333214949331,0.020454545454545454,0.03435408597072584,0.17045454545454544,0.0643060064935065,61,0.3465909090909091,59868,11.699729830477734,20.484038557117003,185.36007739722305,11.743089116222905,12.573052432934828,11.727850013326657,11.801386762294586,265.38922410959674,690.1919624539288,True
511,511000,0.020449895536467297,0.016814159292035398,0.018222224522136624,0.1415929203539823,0.036283185840707964,0.025821596244131453,0.007042253521126761,0.022249106466844012,0.07042253521126761,0.038397048960429246,0.022522671353011618,0.013043478260869568,0.019776075707322625,0.11413043478260869,0.03709886128364389,70,0.3804347826086957,59868,11.714448420602208,21.913657317185198,188.33500330611707,11.71094498603198,12.663880354008006,11.680899208998952,11.748467394601114,269.7673009875445,0.0,False
512,512000,0.04010174373864035,0.02666666666666667,0.035181229751450965,0.21904761904761905,0.05946712018140589,0.020833333333333332,0.005357142857142858,0.011075129549924012,0.05357142857142857,0.011904761904761904,0.033399687945490086,0.019254658385093167,0.02679649924657202,0.16149068322981366,0.04292369121561668,56,0.34782608695652173,59868,11.739390954501605,24.723966017797807,186.9289993663148,11.663624316371468,12.511174788565338,11.665787506692782,11.771927888287737,271.00487083853153,0.0,False
513,513000,0.027706551368914877,0.020952380952380955,0.032213889111521204,0.17142857142857143,0.06921768707482993,0.05185185185185184,0.013333333333333332,0.0343768153248816,0.1111111111111111,0.0419047619047619,0.03495014151379597,0.018666666666666668,0.03286276697552932,0.15333333333333332,0.06102380952380952,45,0.3,59868,11.740306198299022,21.680792554684693,177.50316972364732,11.679007014209208,12.497894621016359,11.682189714645741,11.73604362386671,258.51940345036905,0.0,False
514,514000,0.04093593520966772,0.024509803921568627,0.040805624462784136,0.22549019607843138,0.08865157173980703,0.02333333333333333,0.006000000000000001,0.012603205867130339,0.06,0.012857142857142855,0.035145605645084045,0.018421052631578946,0.03152851308263485,0.17105263157894737,0.06371919381787802,50,0.32894736842105265,59868,11.73740256402156,18.864618647418396,170.10747243662027,11.657190235825343,12.435998083953903,11.661936469259393,11.70470791095335,248.1693263480522,0.0,False
515,515000,0.040189318526588774,0.029473684210526322,0.040377535396886446,0.22105263157894736,0.08672096908939013,0.042553191489361694,0.010638297872340425,0.02257641310800592,0.10638297872340426,0.02423167848699764,0.04097172718328122,0.02323943661971831,0.03448561463929922,0.18309859154929578,0.06603789403085177,47,0.33098591549295775,59868,11.717563435292844,18.76720681229238,179.59387154106722,11.675629026985934,12.376374269346124,11.701687820359075,11.744702322680212,257.57703522802376,626.2321012096561,True
516,516000,0.038584614385529716,0.023931623931623933,0.040917578306585614,0.19658119658119658,0.0908662325328992,0.022388059701492533,0.005970149253731343,0.017212277221058867,0.05970149253731343,0.023773987206823027,0.032686955886450965,0.017391304347826087,0.032285756715660106,0.14673913043478262,0.06643590407177365,67,0.3641304347826087,59868,11.713637265403642,21.664878445099014,177.20490361225472,11.673953542373772,12.577451391382333,11.681056803242162,11.730041219404352,258.24592227916,0.0,False
517,517000,0.04551037863457471,0.037864077669902914,0.05016720873801559,0.2621359223300971,0.09677145939281863,0.0303030303030303,0.00681818181818182,0.02879549126290416,0.045454545454545456,0.045454545454545456,0.0409585192700308,0.028571428571428577,0.043770232078798564,0.19727891156462585,0.08141129467660081,44,0.29931972789115646,59868,11.782532361087616,18.269824902050757,185.7454655808388,11.661731744827541,12.444565295116616,11.665688688933251,11.699860812064422,263.269669384919,0.0,False
518,518000,0.03290889428915567,0.022033898305084745,0.026743936879918658,0.19491525423728814,0.04891377454936777,0.017543859649122806,0.005263157894736843,0.009075592227187412,0.05263157894736842,0.009502923976608187,0.027904283006402113,0.01657142857142857,0.020989104621600477,0.14857142857142858,0.03607709750566893,57,0.32571428571428573,59868,11.688124010394985,19.984314203108646,176.90227731387287,11.677884115324222,12.545371460226384,11.679202039011072,11.743833030125606,256.22100617206377,0.0,False
519,519000,0.033421686338353004,0.01965811965811966,0.0354723526984054,0.18803418803418803,0.07795414462081128,0.005952380952380952,0.0017857142857142859,0.0036090597589383496,0.017857142857142856,0.004464285714285714,0.024529888063125057,0.013872832369942197,0.025158223191988318,0.1329479768786127,0.054165519772456185,56,0.3236994219653179,59868,11.742314300705603,20.552907607301883,172.70549940254233,11.670605882779794,12.555493738714008,11.680635994798516,11.707096186502897,252.614553113345,0.0,False
520,520000,0.05064055708242342,0.03,0.047812608831156206,0.24,0.0899126984126984,0.01694915254237288,0.005084745762711865,0.01005377883931375,0.05084745762711865,0.012308313155770783,0.03813871514617825,0.020754716981132078,0.03380147065808259,0.16981132075471697,0.061116102625536586,59,0.3710691823899371,59868,11.72304076174635,19.926823222188304,170.17466012983485,11.65866208363564,12.472366711119287,11.673290557567828,11.7075902519026,249.33643371799488,635.9392260690544,True
521,521000,0.036400160685874976,0.023809523809523808,0.03773209566982195,0.19047619047619047,0.0839909297052154,0.05555555555555555,0.015000000000000001,0.034229411691672075,0.15,0.041706349206349205,0.04336575882030427,0.020606060606060607,0.03645839240504017,0.17575757575757575,0.0686147186147186,60,0.36363636363636365,59868,11.688373746571168,20.351335530993666,173.54828831162018,11.660638085969621,12.452946469843074,11.678109211238352,11.73471429785633,253.11440565409242,0.0,False
522,522000,0.0592545928330242,0.03247863247863249,0.04684127411710976,0.26495726495726496,0.08375390042056709,0.01694915254237288,0.005084745762711865,0.01276223143962944,0.05084745762711865,0.020762711864406782,0.04507265546286268,0.023295454545454543,0.0354170495831817,0.19318181818181818,0.06263753607503607,59,0.3352272727272727,59868,11.716564958574871,20.015252098382064,176.15319890471048,11.712411443265403,12.718446557147267,11.695290523805468,11.71359607574085,255.7247605616264,0.0,False
523,523000,0.05674356124791854,0.03185185185185186,0.058748446447874095,0.22962962962962963,0.11887419165196941,0.019774011299435026,0.005084745762711865,0.010961837984184776,0.05084745762711865,0.012005649717514123,0.045500244511008606,0.023711340206185566,0.04421540572953558,0.17525773195876287,0.08637293405334642,59,0.30412371134020616,59868,11.73706487017645,20.363471538137333,182.90000111484406,11.664393960525432,12.60403093400475,11.66113349088116,11.708047359698659,262.63814326826787,0.0,False
524,524000,0.05759398088151958,0.035576923076923075,0.05944840617248591,0.2692307692307692,0.12064636752136752,0.0261437908496732,0.00784313725490196,0.026281515098492025,0.0784313725490196,0.049019607843137254,0.047245853838783027,0.026451612903225803,0.04853542910942985,0.2064516129032258,0.097078853046595,51,0.32903225806451614,59868,11.716472500200581,19.40894445548458,175.50436574856332,11.665879061512063,12.403094865637287,11.686174108460623,11.73214747487994,254.1170782147384,0.0,False
525,525000,0.05200270809751007,0.025423728813559324,0.046258991307484836,0.2033898305084746,0.0841337099811676,0.028205128205128206,0.007692307692307693,0.02559043528961527,0.06153846153846154,0.04153846153846154,0.04355001578600832,0.01912568306010929,0.03891770091862406,0.15300546448087432,0.06900425015179112,65,0.3551912568306011,59868,11.705950935442244,21.638480070279577,175.82702381424565,11.654453515030916,12.55071675665409,11.65745067796542,11.703847839550363,256.73792360916826,617.3879419021921,True
526,526000,0.04447120195207318,0.027358490566037737,0.03550125337624998,0.25471698113207547,0.06580937406409104,0.018115942028985504,0.004347826086956522,0.009613599343808194,0.043478260869565216,0.009420289855072464,0.03649526802798085,0.020394736842105268,0.027666831761168915,0.19078947368421054,0.048744256474519625,46,0.3026315789473684,59868,11.741357643646477,19.060663617009865,181.66937640126667,11.657321221214545,12.406296129224836,11.65542622333371,11.73213774821602,259.92257898391216,0.0,False
527,527000,0.041227222821518736,0.026829268292682926,0.03580821599885235,0.2601626016260163,0.0737159633501097,0.005747126436781609,0.001724137931034483,0.003130030905816425,0.017241379310344827,0.003448275862068966,0.02985791016784607,0.018784530386740335,0.02533675337235465,0.18232044198895028,0.051199245812505484,58,0.32044198895027626,59868,11.729401613785884,20.15044065317717,173.06735541514072,11.671125978385266,12.536073253410773,11.683636301579314,11.705134103368042,252.54316731884717,0.0,False
528,528000,0.032995806929563734,0.018965517241379314,0.028382371616001288,0.16379310344827586,0.05301724137931035,0.03954802259887005,0.01016949152542373,0.026047681724372246,0.1016949152542373,0.03681732580037665,0.035204839640929866,0.016,0.027595247595394928,0.14285714285714285,0.04755555555555556,59,0.33714285714285713,59868,11.710152374555527,19.912928596876878,175.0819777709689,11.658376535050863,12.564072996962272,11.662095410758244,11.725028659814729,254.31463234498744,0.0,False
529,529000,0.02570284653617987,0.017094017094017096,0.023363694656261452,0.1452991452991453,0.051003934337267666,0.0,0.0,0.0,0.0,0.0,0.017282948532948535,0.011494252873563218,0.01571007054472753,0.09770114942528736,0.03429574895092136,56,0.3218390804597701,59868,11.702569117144623,19.994622354663207,185.71894700536438,11.67134136681458,12.608040086736771,11.686511562136737,11.761895019613,265.1439265124733,0.0,False
530,530000,0.03528091868799833,0.023893805309734516,0.03257430398960964,0.18584070796460178,0.06288804607388677,0.01126126126126126,0.002702702702702703,0.006495373077640992,0.02702702702702703,0.00825825825825826,0.025775813610038206,0.015508021390374334,0.022254299243696915,0.12299465240641712,0.041269841269841276,74,0.39572192513368987,59868,11.752204547632594,26.01304455557285,180.18034067215916,11.664974528730054,12.630545315639452,11.67571904864273,11.738635402658293,265.6554640710351,627.7950015592115,True
531,531000,0.033315370903606194,0.02,0.036223098481888816,0.168,0.08417460317460317,0.014124293785310733,0.0033898305084745766,0.007590518122755223,0.03389830508474576,0.007532956685499058,0.027161710305891894,0.01467391304347826,0.02704199934499272,0.125,0.059599292615596954,59,0.32065217391304346,59868,11.750939165083851,20.885984230528678,187.0220711033266,11.663322099175755,12.690118958297303,11.664320506421522,11.713118041656312,267.38987410449,0.0,False
532,532000,0.02617651923268118,0.018584070796460177,0.027305200011574396,0.1504424778761062,0.05233178817249613,0.040540540540540536,0.010810810810810811,0.026669986617192127,0.0945945945945946,0.03471685971685971,0.03186067739728862,0.015508021390374334,0.02705383214427874,0.12834224598930483,0.04536117477293948,73,0.39037433155080214,59868,11.711403229419659,22.75481756411346,179.92206731556882,11.658261698799244,12.567520943362886,11.66041523728567,11.710477620247017,261.98496360879676,0.0,False
533,533000,0.030620035687517786,0.026881720430107527,0.04403746692607832,0.20430107526881722,0.1082863969960744,0.013333333333333332,0.004,0.006089343949810362,0.04,0.005357142857142857,0.024575734165075667,0.01888111888111888,0.030768892458851765,0.14685314685314685,0.07229714729714729,50,0.34965034965034963,59868,11.698115020553068,18.872243061296423,175.28419121357052,11.681046761108371,12.36217300240594,11.673281208601782,11.71833548668788,253.289385754224,0.0,False
534,534000,0.05570702540689393,0.03333333333333333,0.060185451301136145,0.26666666666666666,0.12822373393801964,0.017006802721088433,0.004081632653061225,0.012019594974185494,0.04081632653061224,0.015306122448979591,0.04339331818868308,0.024025974025974027,0.04485995156074276,0.19480519480519481,0.09229540300968872,49,0.3181818181818182,59868,11.710609093218416,18.62518983114514,173.9240825918975,11.655736896709623,12.413026628410595,11.659774508898657,11.70158617505579,251.6900057253357,0.0,False
535,535000,0.031972553548707434,0.023214285714285715,0.02743761334450045,0.21428571428571427,0.05436153628117914,0.024590163934426226,0.006557377049180328,0.014279326945379619,0.06557377049180328,0.01721311475409836,0.029369514436157408,0.017341040462427744,0.022797986348278655,0.16184971098265896,0.0412629599045784,61,0.35260115606936415,59868,11.695748973306053,20.88662588806134,178.83893234862947,11.683705021081625,12.70238485259756,11.736815873936157,11.786327203888725,259.33054016150095,661.9354857561322,True
536,536000,0.05808590483800759,0.029245283018867925,0.050228533990076644,0.25471698113207547,0.10194669062593592,0.05797101449275362,0.015217391304347827,0.04505540606990202,0.13043478260869565,0.06431159420289854,0.05805113539141757,0.025,0.04866298211949748,0.21710526315789475,0.09055712197159566,46,0.3026315789473684,59868,11.72390490589148,18.418898337868583,179.68087905956276,11.665572260455281,12.655473377448656,11.73706508886263,11.82443856515003,257.70623159523944,0.0,False
537,537000,0.019161855726931142,0.012844036697247707,0.01809289107945496,0.11009174311926606,0.03935488568516091,0.04519774011299435,0.011864406779661016,0.034752410848970926,0.11864406779661017,0.053974979822437444,0.028305410362512863,0.0125,0.02394355576041592,0.1130952380952381,0.04448932350718065,59,0.35119047619047616,59868,11.799443993043557,20.856316520240227,181.63673748991528,11.677215306649114,12.461678723013625,11.678650150087622,11.702812785785444,261.8128549687349,0.0,False
538,538000,0.04203595339348028,0.02788461538461539,0.04274776940195378,0.23076923076923078,0.09233058608058609,0.019736842105263157,0.005263157894736842,0.014006644047600103,0.05263157894736842,0.02138157894736842,0.0326207730717886,0.018333333333333333,0.030612627585671116,0.15555555555555556,0.062374338624338624,76,0.4222222222222222,59868,11.708067758964269,22.699813456095175,177.65195745109153,11.665918502823391,12.557882336394766,11.668343025322825,11.706736480487923,259.65871901117987,0.0,False
539,539000,0.0252292663476874,0.013157894736842105,0.024582406818426026,0.12280701754385964,0.06026872737399053,0.014925373134328358,0.0029850746268656717,0.009314186865728923,0.029850746268656716,0.01044776119402985,0.02141511803114013,0.009392265193370167,0.01893063479173704,0.08839779005524862,0.041826712268701216,67,0.3701657458563536,59868,11.715840373821562,21.185935830669855,176.73026107770107,11.663639881753785,12.592274202027909,11.662900437692247,11.71120884127519,257.26206064494164,0.0,False
